timestamp,current,voltage,temperature,vibration,fault
2026-03-06 14:26:43.359309,2.58,21.34,-31.8,0,1
2026-03-06 14:26:48.359309,2.44,5.89,70.57,0,1
2026-03-06 14:26:53.359309,1.19,15.43,57.06,0,1
2026-03-06 14:26:58.359309,1.61,10.48,53.14,0,1
2026-03-06 14:27:03.359309,0.56,7.15,28.56,0,1
2026-03-06 14:27:08.359309,1.71,14.98,-92.27,0,1
2026-03-06 14:27:13.359309,2.78,22.64,116.04,0,1
2026-03-06 14:27:18.359309,0.82,18.65,8.08,0,1
2026-03-06 14:27:23.359309,0.81,9.3,65.23,0,1
2026-03-06 14:27:28.359309,1.13,17.37,43.67,0,1
2026-03-06 14:27:33.359309,2.64,8.58,94.43,0,1
2026-03-06 14:27:38.359309,0.54,24.63,84.68,0,1
2026-03-06 14:27:43.359309,2.9,16.49,71.88,0,1
2026-03-06 14:27:48.359309,2.14,18.75,12.94,0,1
2026-03-06 14:27:53.359309,0.29,19.14,0.13,0,1
2026-03-06 14:27:58.359309,1.07,7.86,-71.54,0,1
2026-03-06 14:28:03.359309,0.83,5.59,125.31,0,1
2026-03-06 14:28:08.359309,0.21,17.47,32.93,0,1
2026-03-06 14:28:13.359309,0.46,10.05,110.74,0,1
2026-03-06 14:28:18.359309,0.08,24.16,-107.11,0,1
2026-03-06 14:28:23.359309,1.54,11.54,-43.8,0,1
2026-03-06 14:28:28.359309,0.83,20.32,-39.24,0,1
2026-03-06 14:28:33.359309,1.5,11.97,83.91,1,1
2026-03-06 14:28:38.359309,1.12,6.31,-97.28,0,1
2026-03-06 14:28:43.359309,0.41,21.85,34.77,0,1
2026-03-06 14:28:48.359309,2.36,18.19,-76.52,1,1
2026-03-06 14:28:53.359309,2.43,8.16,-69.14,0,1
2026-03-06 14:28:58.359309,2.39,7.34,124.72,1,1
2026-03-06 14:29:03.359309,0.47,6.37,-74.45,0,1
2026-03-06 14:29:08.359309,1.68,18.37,35.91,0,1
2026-03-06 14:29:13.359309,2.63,22.1,58.07,0,1
2026-03-06 14:29:18.359309,2.66,15.6,-15.69,0,1
2026-03-06 14:29:23.359309,0.76,5.44,52.65,0,1
2026-03-06 14:29:28.359309,2.56,14.73,83.8,0,1
2026-03-06 14:29:33.359309,0.61,15.93,-49.24,0,1
2026-03-06 14:29:38.359309,0.55,5.85,-22.82,0,1
2026-03-06 14:29:43.359309,0.3,5.29,-60.58,0,1
2026-03-06 14:29:48.359309,1.6,10.11,-11.05,1,1
2026-03-06 14:29:53.359309,0.55,21.06,108.07,0,1
2026-03-06 14:29:58.359309,1.23,13.72,-23.26,0,1
2026-03-06 14:30:03.359309,1.76,9.2,8.33,0,1
2026-03-06 14:30:08.359309,0.7,5.49,-83.49,0,1
2026-03-06 14:30:13.359309,2.96,14.14,-39.42,0,1
2026-03-06 14:30:18.359309,0.23,15.2,93.59,0,1
2026-03-06 14:30:23.359309,2.97,24.63,-4.83,0,1
2026-03-06 14:30:28.359309,2.08,7.79,-1.27,0,1
2026-03-06 14:30:33.359309,0.64,10.5,47.46,0,1
2026-03-06 14:30:38.359309,1.86,24.04,-5.79,0,1
2026-03-06 14:30:43.359309,0.98,19.6,106.25,0,1
2026-03-06 14:30:48.359309,0.31,20.54,41.28,0,1
2026-03-06 14:30:53.359309,2.26,8.69,-64.1,0,1
2026-03-06 14:30:58.359309,1.88,22.2,-86.0,1,1
2026-03-06 14:31:03.359309,1.56,18.19,-57.66,0,1
2026-03-06 14:31:08.359309,2.16,15.92,86.42,0,1
2026-03-06 14:31:13.359309,0.71,15.49,-88.09,0,1
2026-03-06 14:31:18.359309,2.77,17.99,3.65,0,1
2026-03-06 14:31:23.359309,2.78,10.63,115.74,0,1
2026-03-06 14:31:28.359309,0.6,14.11,119.78,0,1
2026-03-06 14:31:33.359309,2.73,16.45,44.04,0,1
2026-03-06 14:31:38.359309,2.05,11.52,116.93,0,1
2026-03-06 14:31:43.359309,1.76,24.11,66.06,0,1
2026-03-06 14:31:48.359309,1.59,9.92,-39.94,0,1
2026-03-06 14:31:53.359309,1.25,16.93,79.35,0,1
2026-03-06 14:31:58.359309,0.12,22.01,-94.6,0,1
2026-03-06 14:32:03.359309,0.02,15.12,113.63,0,1
2026-03-06 14:32:08.359309,0.42,23.15,-124.47,0,1
2026-03-06 14:32:13.359309,2.25,8.7,11.13,0,1
2026-03-06 14:32:18.359309,1.76,19.18,-102.48,0,1
2026-03-06 14:32:23.359309,1.77,5.44,40.78,0,1
2026-03-06 14:32:28.359309,1.03,6.71,78.86,0,1
2026-03-06 14:32:33.359309,1.97,24.19,42.98,0,1
2026-03-06 14:32:38.359309,1.93,21.7,-118.55,0,1
2026-03-06 14:32:43.359309,1.24,16.27,-61.1,0,1
2026-03-06 14:32:48.359309,2.62,14.51,106.81,0,1
2026-03-06 14:32:53.359309,0.89,16.7,70.28,0,1
2026-03-06 14:32:58.359309,0.26,19.6,16.92,0,1
2026-03-06 14:33:03.359309,1.15,13.05,79.99,0,1
2026-03-06 14:33:08.359309,2.27,15.58,-11.81,0,1
2026-03-06 14:33:13.359309,2.03,11.07,2.98,0,1
2026-03-06 14:33:18.359309,0.04,19.96,33.46,0,1
2026-03-06 14:33:23.359309,2.69,16.81,91.0,0,1
2026-03-06 14:33:28.359309,2.7,20.46,12.52,0,1
2026-03-06 14:33:33.359309,2.77,5.67,-124.27,0,1
2026-03-06 14:33:38.359309,0.28,19.88,-4.12,0,1
2026-03-06 14:33:43.359309,2.23,24.87,126.11,0,1
2026-03-06 14:33:48.359309,1.94,12.22,93.47,0,1
2026-03-06 14:33:53.359309,0.12,11.82,-43.12,0,1
2026-03-06 14:33:58.359309,1.04,5.48,-121.76,1,1
2026-03-06 14:34:03.359309,0.75,9.17,3.06,0,1
2026-03-06 14:34:08.359309,1.03,13.95,-108.8,0,1
2026-03-06 14:34:13.359309,2.82,14.13,100.55,0,1
2026-03-06 14:34:18.359309,0.91,14.59,-19.37,0,1
2026-03-06 14:34:23.359309,0.42,6.38,57.68,0,1
2026-03-06 14:34:28.359309,0.5,5.05,7.5,0,1
2026-03-06 14:34:33.359309,2.46,22.11,-82.0,0,1
2026-03-06 14:34:38.359309,1.65,8.0,-61.48,0,1
2026-03-06 14:34:43.359309,2.03,15.53,-27.77,0,1
2026-03-06 14:34:48.359309,0.51,7.46,-47.19,0,1
2026-03-06 14:34:53.359309,1.35,24.53,57.83,0,1
2026-03-06 14:34:58.359309,0.96,5.98,47.77,0,1
2026-03-06 14:35:03.359309,2.93,9.63,-44.32,1,1
2026-03-06 14:35:08.359309,1.11,10.28,-90.87,0,1
2026-03-06 14:35:13.359309,1.81,5.75,57.93,0,1
2026-03-06 14:35:18.359309,0.23,10.65,-90.28,0,1
2026-03-06 14:35:23.359309,0.9,22.35,-55.18,0,1
2026-03-06 14:35:28.359309,1.07,5.39,-67.76,1,1
2026-03-06 14:35:33.359309,1.42,21.57,108.17,0,1
2026-03-06 14:35:38.359309,0.62,9.78,-37.28,0,1
2026-03-06 14:35:43.359309,2.62,23.93,81.33,0,1
2026-03-06 14:35:48.359309,2.22,11.54,-82.03,0,1
2026-03-06 14:35:53.359309,0.61,8.36,111.74,1,1
2026-03-06 14:35:58.359309,0.32,22.49,-2.19,0,1
2026-03-06 14:36:03.359309,2.08,8.88,-3.86,0,1
2026-03-06 14:36:08.359309,2.56,16.39,51.79,0,1
2026-03-06 14:36:13.359309,1.99,11.07,-8.15,0,1
2026-03-06 14:36:18.359309,0.58,5.83,-54.92,0,1
2026-03-06 14:36:23.359309,2.44,7.16,-107.36,0,1
2026-03-06 14:36:28.359309,1.55,20.54,-47.61,0,1
2026-03-06 14:36:33.359309,2.45,23.45,-105.91,0,1
2026-03-06 14:36:38.359309,2.53,7.66,72.91,0,1
2026-03-06 14:36:43.359309,0.63,17.39,53.78,0,1
2026-03-06 14:36:48.359309,2.3,24.57,98.69,0,1
2026-03-06 14:36:53.359309,1.22,23.67,-14.01,0,1
2026-03-06 14:36:58.359309,0.22,24.81,108.29,0,1
2026-03-06 14:37:03.359309,0.81,9.37,18.57,0,1
2026-03-06 14:37:08.359309,0.77,12.88,-52.47,0,1
2026-03-06 14:37:13.359309,1.34,19.86,97.08,0,1
2026-03-06 14:37:18.359309,2.97,9.8,-64.56,0,1
2026-03-06 14:37:23.359309,0.6,12.05,47.07,0,1
2026-03-06 14:37:28.359309,0.12,14.72,1.82,0,1
2026-03-06 14:37:33.359309,0.6,6.64,-120.58,1,1
2026-03-06 14:37:38.359309,1.74,5.33,-66.41,0,1
2026-03-06 14:37:43.359309,1.16,18.35,98.3,0,1
2026-03-06 14:37:48.359309,1.08,11.41,-14.77,0,1
2026-03-06 14:37:53.359309,0.77,20.93,-82.1,1,1
2026-03-06 14:37:58.359309,1.75,8.29,-75.57,0,1
2026-03-06 14:38:03.359309,1.2,10.17,-34.62,0,1
2026-03-06 14:38:08.359309,0.87,14.78,-87.52,0,1
2026-03-06 14:38:13.359309,0.59,16.52,1.07,0,1
2026-03-06 14:38:18.359309,1.24,11.44,-111.83,0,1
2026-03-06 14:38:23.359309,0.78,18.92,-2.84,0,1
2026-03-06 14:38:28.359309,0.58,16.51,-37.81,0,1
2026-03-06 14:38:33.359309,1.32,17.59,44.47,0,1
2026-03-06 14:38:38.359309,2.1,14.58,-61.22,0,1
2026-03-06 14:38:43.359309,0.65,6.01,36.99,0,1
2026-03-06 14:38:48.359309,1.82,8.74,-125.47,1,1
2026-03-06 14:38:53.359309,2.94,15.75,-19.32,0,1
2026-03-06 14:38:58.359309,0.77,6.61,-126.81,0,1
2026-03-06 14:39:03.359309,1.75,12.54,112.49,0,1
2026-03-06 14:39:08.359309,1.15,24.78,76.1,0,1
2026-03-06 14:39:13.359309,1.08,14.68,-92.76,0,1
2026-03-06 14:39:18.359309,1.67,10.06,-16.36,0,1
2026-03-06 14:39:23.359309,1.96,21.91,66.12,0,1
2026-03-06 14:39:28.359309,0.36,15.55,10.03,0,1
2026-03-06 14:39:33.359309,2.65,20.07,-39.81,0,1
2026-03-06 14:39:38.359309,2.0,24.26,-16.27,1,1
2026-03-06 14:39:43.359309,0.12,14.35,-90.4,0,1
2026-03-06 14:39:48.359309,2.54,19.62,93.1,0,1
2026-03-06 14:39:53.359309,0.99,14.64,-60.57,0,1
2026-03-06 14:39:58.359309,2.47,6.8,-102.25,0,1
2026-03-06 14:40:03.359309,0.86,12.57,101.75,0,1
2026-03-06 14:40:08.359309,1.06,14.96,-49.99,0,1
2026-03-06 14:40:13.359309,1.89,16.74,70.46,0,1
2026-03-06 14:40:18.359309,1.5,18.05,-80.09,0,1
2026-03-06 14:40:23.359309,1.44,12.59,125.31,1,1
2026-03-06 14:40:28.359309,1.46,10.35,-125.06,1,1
2026-03-06 14:40:33.359309,2.73,22.56,-65.81,0,1
2026-03-06 14:40:38.359309,2.11,11.58,-0.21,0,1
2026-03-06 14:40:43.359309,0.7,15.7,52.4,1,1
2026-03-06 14:40:48.359309,2.1,10.88,44.92,0,1
2026-03-06 14:40:53.359309,0.4,10.84,-99.01,1,1
2026-03-06 14:40:58.359309,1.22,21.0,51.32,1,1
2026-03-06 14:41:03.359309,0.79,9.97,65.81,0,1
2026-03-06 14:41:08.359309,1.06,5.39,-51.73,0,1
2026-03-06 14:41:13.359309,1.18,7.53,-99.29,1,1
2026-03-06 14:41:18.359309,1.14,22.11,-111.25,0,1
2026-03-06 14:41:23.359309,0.87,15.41,85.63,0,1
2026-03-06 14:41:28.359309,0.92,5.74,-82.78,0,1
2026-03-06 14:41:33.359309,1.5,14.01,57.33,1,1
2026-03-06 14:41:38.359309,2.9,21.95,-95.02,0,1
2026-03-06 14:41:43.359309,1.74,20.45,84.15,0,1
2026-03-06 14:41:48.359309,2.64,11.39,-114.53,0,1
2026-03-06 14:41:53.359309,1.97,11.1,106.3,0,1
2026-03-06 14:41:58.359309,2.98,12.99,-45.81,0,1
2026-03-06 14:42:03.359309,1.33,20.87,-115.65,0,1
2026-03-06 14:42:08.359309,0.56,11.27,-83.84,0,1
2026-03-06 14:42:13.359309,1.29,19.11,62.8,0,1
2026-03-06 14:42:18.359309,2.08,22.44,-64.86,1,1
2026-03-06 14:42:23.359309,0.03,19.11,14.72,0,1
2026-03-06 14:42:28.359309,0.3,13.14,87.77,0,1
2026-03-06 14:42:33.359309,1.79,9.73,1.63,0,1
2026-03-06 14:42:38.359309,0.15,16.75,-47.13,0,1
2026-03-06 14:42:43.359309,2.33,21.66,102.79,0,1
2026-03-06 14:42:48.359309,1.05,7.74,70.51,1,1
2026-03-06 14:42:53.359309,0.6,13.94,126.25,0,1
2026-03-06 14:42:58.359309,2.54,8.53,67.69,0,1
2026-03-06 14:43:03.359309,2.83,12.99,-51.86,0,1
2026-03-06 14:43:08.359309,2.46,12.54,58.19,0,1
2026-03-06 14:43:13.359309,1.71,11.11,-20.23,0,1
2026-03-06 14:43:18.359309,0.21,11.4,55.62,0,1
2026-03-06 14:43:23.359309,0.59,17.91,103.24,0,1
2026-03-06 14:43:28.359309,2.95,11.69,9.63,0,1
2026-03-06 14:43:33.359309,2.63,21.45,-59.02,0,1
2026-03-06 14:43:38.359309,0.32,13.3,67.11,0,1
2026-03-06 14:43:43.359309,1.5,13.65,-33.52,0,1
2026-03-06 14:43:48.359309,1.87,21.79,-75.02,0,1
2026-03-06 14:43:53.359309,2.03,23.01,-97.21,0,1
2026-03-06 14:43:58.359309,2.07,22.17,30.72,0,1
2026-03-06 14:44:03.359309,2.53,20.73,-60.4,0,1
2026-03-06 14:44:08.359309,2.45,6.03,27.15,0,1
2026-03-06 14:44:13.359309,0.99,10.62,14.18,0,1
2026-03-06 14:44:18.359309,2.1,14.24,79.7,0,1
2026-03-06 14:44:23.359309,1.77,24.53,11.54,0,1
2026-03-06 14:44:28.359309,1.56,14.51,68.67,0,1
2026-03-06 14:44:33.359309,1.29,19.38,53.61,0,1
2026-03-06 14:44:38.359309,2.72,17.46,-114.1,0,1
2026-03-06 14:44:43.359309,0.05,13.66,23.19,0,1
2026-03-06 14:44:48.359309,2.4,7.64,9.61,0,1
2026-03-06 14:44:53.359309,1.12,11.2,122.71,0,1
2026-03-06 14:44:58.359309,1.16,5.38,2.13,0,1
2026-03-06 14:45:03.359309,2.69,14.05,-60.98,0,1
2026-03-06 14:45:08.359309,1.97,8.24,-120.84,1,1
2026-03-06 14:45:13.359309,1.65,5.13,32.85,0,1
2026-03-06 14:45:18.359309,0.36,8.4,53.95,0,1
2026-03-06 14:45:23.359309,2.27,6.69,-113.11,0,1
2026-03-06 14:45:28.359309,2.43,7.95,76.51,0,1
2026-03-06 14:45:33.359309,1.57,11.14,-31.61,0,1
2026-03-06 14:45:38.359309,1.89,8.29,16.89,0,1
2026-03-06 14:45:43.359309,1.48,12.1,-45.03,0,1
2026-03-06 14:45:48.359309,1.31,14.53,-14.46,0,1
2026-03-06 14:45:53.359309,1.99,15.6,85.81,0,1
2026-03-06 14:45:58.359309,2.13,15.08,-74.16,0,1
2026-03-06 14:46:03.359309,1.18,8.79,39.68,0,0
2026-03-06 14:46:08.359309,1.8,9.43,-50.83,0,1
2026-03-06 14:46:13.359309,0.21,8.15,-115.03,0,1
2026-03-06 14:46:18.359309,2.52,18.7,69.41,1,1
2026-03-06 14:46:23.359309,1.58,6.64,30.2,0,1
2026-03-06 14:46:28.359309,2.52,23.52,8.17,0,1
2026-03-06 14:46:33.359309,1.46,15.52,-60.88,0,1
2026-03-06 14:46:38.359309,2.65,17.91,103.39,0,1
2026-03-06 14:46:43.359309,0.54,7.5,3.85,0,1
2026-03-06 14:46:48.359309,0.48,20.45,-38.67,1,1
2026-03-06 14:46:53.359309,1.39,9.17,117.57,0,1
2026-03-06 14:46:58.359309,2.73,10.04,8.27,1,1
2026-03-06 14:47:03.359309,2.45,8.97,-118.74,0,1
2026-03-06 14:47:08.359309,1.15,22.75,13.27,0,1
2026-03-06 14:47:13.359309,0.03,19.45,126.2,0,1
2026-03-06 14:47:18.359309,1.56,21.4,-0.83,0,1
2026-03-06 14:47:23.359309,0.95,14.19,-96.01,0,1
2026-03-06 14:47:28.359309,3.0,11.4,97.22,0,1
2026-03-06 14:47:33.359309,0.93,21.48,-65.45,1,1
2026-03-06 14:47:38.359309,2.1,16.85,60.57,0,1
2026-03-06 14:47:43.359309,0.05,6.54,-56.75,0,1
2026-03-06 14:47:48.359309,2.56,7.31,-88.57,0,1
2026-03-06 14:47:53.359309,0.59,10.96,94.01,0,1
2026-03-06 14:47:58.359309,2.88,6.65,-102.85,0,1
2026-03-06 14:48:03.359309,2.91,11.09,-117.45,0,1
2026-03-06 14:48:08.359309,1.43,8.95,-3.43,1,1
2026-03-06 14:48:13.359309,2.64,19.15,70.71,0,1
2026-03-06 14:48:18.359309,1.35,22.64,56.83,0,1
2026-03-06 14:48:23.359309,0.22,17.62,-26.2,0,1
2026-03-06 14:48:28.359309,1.71,17.4,109.18,0,1
2026-03-06 14:48:33.359309,2.62,19.11,-122.63,0,1
2026-03-06 14:48:38.359309,2.22,14.58,63.1,0,1
2026-03-06 14:48:43.359309,1.16,9.65,119.34,0,1
2026-03-06 14:48:48.359309,1.38,11.5,115.08,1,1
2026-03-06 14:48:53.359309,2.7,24.31,-37.66,0,1
2026-03-06 14:48:58.359309,1.17,11.86,55.37,0,1
2026-03-06 14:49:03.359309,2.35,18.56,4.91,0,1
2026-03-06 14:49:08.359309,0.11,21.63,36.59,0,1
2026-03-06 14:49:13.359309,0.19,23.72,87.34,0,1
2026-03-06 14:49:18.359309,0.99,18.0,96.36,0,1
2026-03-06 14:49:23.359309,2.25,21.68,4.58,0,1
2026-03-06 14:49:28.359309,2.0,10.4,50.93,0,1
2026-03-06 14:49:33.359309,1.04,21.64,-66.84,0,1
2026-03-06 14:49:38.359309,1.51,14.21,-33.15,1,1
2026-03-06 14:49:43.359309,0.92,17.54,91.26,0,1
2026-03-06 14:49:48.359309,2.75,22.57,46.0,0,1
2026-03-06 14:49:53.359309,0.09,15.33,52.2,0,1
2026-03-06 14:49:58.359309,2.75,16.64,67.95,0,1
2026-03-06 14:50:03.359309,0.96,11.59,119.14,0,1
2026-03-06 14:50:08.359309,1.61,20.3,101.85,0,1
2026-03-06 14:50:13.359309,2.33,10.95,-97.13,0,1
2026-03-06 14:50:18.359309,1.66,23.98,-2.1,0,1
2026-03-06 14:50:23.359309,1.08,9.6,63.14,0,1
2026-03-06 14:50:28.359309,2.85,24.81,-83.98,0,1
2026-03-06 14:50:33.359309,1.24,10.4,-40.33,0,1
2026-03-06 14:50:38.359309,0.48,8.51,-30.36,1,1
2026-03-06 14:50:43.359309,1.09,20.28,-41.63,0,1
2026-03-06 14:50:48.359309,2.94,23.97,103.33,0,1
2026-03-06 14:50:53.359309,2.53,7.91,13.2,0,1
2026-03-06 14:50:58.359309,1.02,5.8,78.46,0,1
2026-03-06 14:51:03.359309,2.02,22.1,29.12,0,1
2026-03-06 14:51:08.359309,0.44,15.68,47.4,0,1
2026-03-06 14:51:13.359309,2.33,9.48,-67.64,0,1
2026-03-06 14:51:18.359309,1.81,17.2,7.93,0,1
2026-03-06 14:51:23.359309,2.08,23.05,-77.91,0,1
2026-03-06 14:51:28.359309,2.13,12.94,25.43,1,1
2026-03-06 14:51:33.359309,2.36,21.88,-115.89,0,1
2026-03-06 14:51:38.359309,0.78,14.31,-44.36,0,1
2026-03-06 14:51:43.359309,0.03,16.01,4.81,0,1
2026-03-06 14:51:48.359309,1.16,7.5,4.87,0,1
2026-03-06 14:51:53.359309,0.29,24.98,101.92,1,1
2026-03-06 14:51:58.359309,0.29,11.95,-65.39,1,1
2026-03-06 14:52:03.359309,2.17,8.24,11.81,0,1
2026-03-06 14:52:08.359309,2.29,7.06,-46.7,0,1
2026-03-06 14:52:13.359309,2.33,15.71,17.19,0,1
2026-03-06 14:52:18.359309,1.47,21.58,-44.86,0,1
2026-03-06 14:52:23.359309,2.02,18.39,-112.56,0,1
2026-03-06 14:52:28.359309,1.87,5.04,99.43,1,1
2026-03-06 14:52:33.359309,2.38,5.82,-83.26,0,1
2026-03-06 14:52:38.359309,0.56,23.07,105.3,0,1
2026-03-06 14:52:43.359309,2.23,9.63,-19.04,0,1
2026-03-06 14:52:48.359309,2.71,13.47,2.6,0,1
2026-03-06 14:52:53.359309,1.9,18.17,16.15,0,1
2026-03-06 14:52:58.359309,1.34,11.73,23.83,0,1
2026-03-06 14:53:03.359309,2.94,7.15,-73.79,0,1
2026-03-06 14:53:08.359309,1.58,14.55,-102.44,0,1
2026-03-06 14:53:13.359309,0.01,12.38,-74.01,0,1
2026-03-06 14:53:18.359309,1.66,12.08,42.54,0,1
2026-03-06 14:53:23.359309,0.03,19.87,105.44,1,1
2026-03-06 14:53:28.359309,0.35,10.31,-105.98,1,1
2026-03-06 14:53:33.359309,1.7,24.0,-64.72,0,1
2026-03-06 14:53:38.359309,1.28,13.82,63.73,0,1
2026-03-06 14:53:43.359309,1.92,13.58,-74.92,0,1
2026-03-06 14:53:48.359309,1.64,11.15,-106.69,0,1
2026-03-06 14:53:53.359309,2.21,7.82,-24.86,0,1
2026-03-06 14:53:58.359309,2.55,11.34,-25.56,0,1
2026-03-06 14:54:03.359309,2.67,9.48,105.0,0,1
2026-03-06 14:54:08.359309,0.08,21.34,-1.74,0,1
2026-03-06 14:54:13.359309,0.07,17.32,-62.36,1,1
2026-03-06 14:54:18.359309,0.41,17.02,5.32,0,1
2026-03-06 14:54:23.359309,1.31,8.6,61.41,0,1
2026-03-06 14:54:28.359309,1.38,7.12,56.35,0,1
2026-03-06 14:54:33.359309,0.43,17.56,-110.86,0,1
2026-03-06 14:54:38.359309,0.95,11.53,95.16,0,1
2026-03-06 14:54:43.359309,0.04,24.43,-115.73,0,1
2026-03-06 14:54:48.359309,2.26,20.44,-121.94,0,1
2026-03-06 14:54:53.359309,2.48,11.0,39.78,0,1
2026-03-06 14:54:58.359309,2.83,8.14,65.11,0,1
2026-03-06 14:55:03.359309,2.83,8.46,-113.03,0,1
2026-03-06 14:55:08.359309,1.19,16.35,46.02,1,1
2026-03-06 14:55:13.359309,0.89,14.68,-20.08,0,1
2026-03-06 14:55:18.359309,1.21,14.12,87.43,0,1
2026-03-06 14:55:23.359309,2.18,17.33,-9.4,0,1
2026-03-06 14:55:28.359309,2.81,5.47,-36.61,0,1
2026-03-06 14:55:33.359309,0.19,20.08,40.25,0,1
2026-03-06 14:55:38.359309,1.15,9.41,-87.87,0,1
2026-03-06 14:55:43.359309,1.06,8.03,125.58,0,1
2026-03-06 14:55:48.359309,1.28,9.29,2.82,0,1
2026-03-06 14:55:53.359309,0.86,23.1,-62.52,1,1
2026-03-06 14:55:58.359309,1.11,18.85,-88.52,0,1
2026-03-06 14:56:03.359309,2.12,23.93,-109.24,0,1
2026-03-06 14:56:08.359309,1.7,6.88,35.58,0,1
2026-03-06 14:56:13.359309,2.84,10.04,32.53,0,1
2026-03-06 14:56:18.359309,2.5,11.69,-83.65,0,1
2026-03-06 14:56:23.359309,2.7,10.03,-74.6,0,1
2026-03-06 14:56:28.359309,2.01,12.16,123.99,0,1
2026-03-06 14:56:33.359309,0.65,10.57,27.32,1,1
2026-03-06 14:56:38.359309,1.0,19.64,-90.97,0,1
2026-03-06 14:56:43.359309,1.18,16.68,-79.9,0,1
2026-03-06 14:56:48.359309,2.26,11.9,36.1,0,1
2026-03-06 14:56:53.359309,1.2,8.51,-67.09,0,1
2026-03-06 14:56:58.359309,0.02,12.98,69.66,0,1
2026-03-06 14:57:03.359309,0.61,23.4,-2.16,0,1
2026-03-06 14:57:08.359309,1.78,12.54,101.57,0,1
2026-03-06 14:57:13.359309,2.54,23.43,59.48,0,1
2026-03-06 14:57:18.359309,2.82,10.39,81.02,0,1
2026-03-06 14:57:23.359309,1.13,8.71,-2.58,0,1
2026-03-06 14:57:28.359309,0.34,17.01,-71.57,0,1
2026-03-06 14:57:33.359309,0.8,20.74,-101.24,0,1
2026-03-06 14:57:38.359309,2.46,15.49,71.1,0,1
2026-03-06 14:57:43.359309,1.23,18.41,-1.45,0,1
2026-03-06 14:57:48.359309,1.08,24.74,-7.94,0,1
2026-03-06 14:57:53.359309,0.7,10.63,91.68,0,1
2026-03-06 14:57:58.359309,1.58,17.72,-39.15,0,1
2026-03-06 14:58:03.359309,2.2,12.72,-67.11,1,1
2026-03-06 14:58:08.359309,2.0,23.25,-25.38,0,1
2026-03-06 14:58:13.359309,0.07,12.53,16.64,0,1
2026-03-06 14:58:18.359309,1.83,8.1,-102.68,0,1
2026-03-06 14:58:23.359309,0.41,23.21,4.2,0,1
2026-03-06 14:58:28.359309,0.97,11.02,-92.33,0,1
2026-03-06 14:58:33.359309,1.47,6.43,-31.44,0,1
2026-03-06 14:58:38.359309,0.71,9.45,-86.45,0,1
2026-03-06 14:58:43.359309,1.36,22.01,-93.36,0,1
2026-03-06 14:58:48.359309,0.39,10.3,119.71,0,1
2026-03-06 14:58:53.359309,0.43,20.97,95.67,1,1
2026-03-06 14:58:58.359309,0.76,13.52,56.79,0,1
2026-03-06 14:59:03.359309,2.01,17.03,-75.3,0,1
2026-03-06 14:59:08.359309,2.67,6.43,118.67,0,1
2026-03-06 14:59:13.359309,2.15,11.91,-86.13,0,1
2026-03-06 14:59:18.359309,0.72,20.77,104.25,0,1
2026-03-06 14:59:23.359309,1.06,7.91,30.86,0,0
2026-03-06 14:59:28.359309,0.9,5.74,-89.28,0,1
2026-03-06 14:59:33.359309,2.41,10.78,43.44,0,1
2026-03-06 14:59:38.359309,1.56,21.08,-25.71,0,1
2026-03-06 14:59:43.359309,2.13,11.31,65.76,0,1
2026-03-06 14:59:48.359309,0.55,7.03,-88.14,0,1
2026-03-06 14:59:53.359309,1.9,13.2,-78.95,1,1
2026-03-06 14:59:58.359309,2.53,16.26,-79.25,0,1
2026-03-06 15:00:03.359309,1.58,13.71,-124.33,1,1
2026-03-06 15:00:08.359309,0.09,8.4,-73.2,0,1
2026-03-06 15:00:13.359309,0.26,9.19,11.67,0,1
2026-03-06 15:00:18.359309,0.61,24.74,111.46,0,1
2026-03-06 15:00:23.359309,0.93,17.74,-29.96,0,1
2026-03-06 15:00:28.359309,2.52,14.6,-23.36,0,1
2026-03-06 15:00:33.359309,1.81,10.87,74.35,0,1
2026-03-06 15:00:38.359309,1.88,14.47,17.08,0,1
2026-03-06 15:00:43.359309,0.39,22.82,-60.71,0,1
2026-03-06 15:00:48.359309,1.01,9.85,57.98,0,1
2026-03-06 15:00:53.359309,1.99,10.41,-110.16,0,1
2026-03-06 15:00:58.359309,2.3,18.51,-73.89,0,1
2026-03-06 15:01:03.359309,0.38,7.76,-33.42,0,1
2026-03-06 15:01:08.359309,1.25,11.23,-89.6,1,1
2026-03-06 15:01:13.359309,1.97,10.35,44.64,1,1
2026-03-06 15:01:18.359309,1.82,8.29,-21.31,0,1
2026-03-06 15:01:23.359309,0.71,20.78,-19.09,0,1
2026-03-06 15:01:28.359309,1.96,17.58,86.65,0,1
2026-03-06 15:01:33.359309,1.92,13.36,-91.49,0,1
2026-03-06 15:01:38.359309,2.81,16.09,78.0,0,1
2026-03-06 15:01:43.359309,2.33,15.57,-30.19,0,1
2026-03-06 15:01:48.359309,2.22,23.12,105.96,0,1
2026-03-06 15:01:53.359309,1.68,9.07,35.32,1,1
2026-03-06 15:01:58.359309,2.08,10.74,-108.55,0,1
2026-03-06 15:02:03.359309,0.17,16.2,-92.98,0,1
2026-03-06 15:02:08.359309,1.21,7.91,-22.73,1,1
2026-03-06 15:02:13.359309,2.53,7.76,-33.85,0,1
2026-03-06 15:02:18.359309,1.26,22.51,-108.71,0,1
2026-03-06 15:02:23.359309,2.29,10.12,-106.68,0,1
2026-03-06 15:02:28.359309,0.1,21.69,109.49,0,1
2026-03-06 15:02:33.359309,1.28,24.63,-105.99,0,1
2026-03-06 15:02:38.359309,2.6,15.5,-46.14,0,1
2026-03-06 15:02:43.359309,2.22,15.52,-109.36,0,1
2026-03-06 15:02:48.359309,2.1,15.15,50.17,0,1
2026-03-06 15:02:53.359309,1.76,15.41,39.33,0,1
2026-03-06 15:02:58.359309,2.12,5.99,-23.07,0,1
2026-03-06 15:03:03.359309,1.04,24.56,-123.54,0,1
2026-03-06 15:03:08.359309,1.82,6.28,-11.58,0,1
2026-03-06 15:03:13.359309,0.35,18.57,-114.31,1,1
2026-03-06 15:03:18.359309,1.1,5.58,22.09,0,1
2026-03-06 15:03:23.359309,0.39,18.0,39.55,0,1
2026-03-06 15:03:28.359309,0.5,6.31,2.02,0,1
2026-03-06 15:03:33.359309,2.99,21.05,-19.71,0,1
2026-03-06 15:03:38.359309,1.45,16.35,-62.39,0,1
2026-03-06 15:03:43.359309,0.2,20.91,-69.14,0,1
2026-03-06 15:03:48.359309,1.48,9.62,-67.66,0,1
2026-03-06 15:03:53.359309,0.8,22.15,114.88,0,1
2026-03-06 15:03:58.359309,2.83,11.89,69.56,0,1
2026-03-06 15:04:03.359309,2.39,12.5,70.57,0,1
2026-03-06 15:04:08.359309,1.02,7.78,30.43,0,0
2026-03-06 15:04:13.359309,2.1,14.01,79.46,0,1
2026-03-06 15:04:18.359309,0.89,6.81,-94.81,0,1
2026-03-06 15:04:23.359309,1.97,19.11,25.45,0,1
2026-03-06 15:04:28.359309,1.57,15.51,-96.98,0,1
2026-03-06 15:04:33.359309,1.59,8.77,90.09,0,1
2026-03-06 15:04:38.359309,1.31,18.41,-53.02,0,1
2026-03-06 15:04:43.359309,0.63,17.06,-12.72,0,1
2026-03-06 15:04:48.359309,2.73,14.97,0.1,0,1
2026-03-06 15:04:53.359309,0.54,18.97,-36.17,1,1
2026-03-06 15:04:58.359309,0.76,23.36,71.23,0,1
2026-03-06 15:05:03.359309,1.03,8.88,36.61,0,0
2026-03-06 15:05:08.359309,1.57,12.08,106.55,0,1
2026-03-06 15:05:13.359309,0.7,6.62,-67.58,0,1
2026-03-06 15:05:18.359309,0.42,24.69,65.92,1,1
2026-03-06 15:05:23.359309,1.44,22.04,-65.12,0,1
2026-03-06 15:05:28.359309,1.88,5.98,124.76,1,1
2026-03-06 15:05:33.359309,1.36,24.15,57.74,0,1
2026-03-06 15:05:38.359309,0.56,23.22,57.57,0,1
2026-03-06 15:05:43.359309,2.66,18.83,81.37,0,1
2026-03-06 15:05:48.359309,2.99,24.54,-119.95,0,1
2026-03-06 15:05:53.359309,0.44,16.6,45.48,0,1
2026-03-06 15:05:58.359309,0.1,18.76,-116.48,1,1
2026-03-06 15:06:03.359309,1.54,7.05,63.91,0,1
2026-03-06 15:06:08.359309,1.46,19.54,-38.13,0,1
2026-03-06 15:06:13.359309,1.76,16.21,-40.66,0,1
2026-03-06 15:06:18.359309,0.71,22.7,47.61,0,1
2026-03-06 15:06:23.359309,1.21,20.62,-36.84,0,1
2026-03-06 15:06:28.359309,2.79,7.95,117.85,0,1
2026-03-06 15:06:33.359309,0.79,24.22,-120.51,0,1
2026-03-06 15:06:38.359309,1.61,8.62,33.93,0,1
2026-03-06 15:06:43.359309,1.5,5.17,74.11,1,1
2026-03-06 15:06:48.359309,2.93,15.82,101.11,1,1
2026-03-06 15:06:53.359309,1.76,13.64,65.79,0,1
2026-03-06 15:06:58.359309,2.39,7.36,-10.34,0,1
2026-03-06 15:07:03.359309,2.59,24.44,-126.12,0,1
2026-03-06 15:07:08.359309,1.41,16.04,-87.3,0,1
2026-03-06 15:07:13.359309,0.8,10.44,-76.72,0,1
2026-03-06 15:07:18.359309,1.88,22.63,65.34,0,1
2026-03-06 15:07:23.359309,0.28,9.47,-17.09,1,1
2026-03-06 15:07:28.359309,1.88,10.54,112.71,0,1
2026-03-06 15:07:33.359309,0.69,6.72,84.89,0,1
2026-03-06 15:07:38.359309,1.77,13.65,90.69,0,1
2026-03-06 15:07:43.359309,2.36,16.52,-75.18,0,1
2026-03-06 15:07:48.359309,2.1,7.19,19.05,0,1
2026-03-06 15:07:53.359309,1.05,17.95,-67.86,0,1
2026-03-06 15:07:58.359309,1.42,20.04,-4.12,0,1
2026-03-06 15:08:03.359309,1.21,18.59,70.04,0,1
2026-03-06 15:08:08.359309,2.72,18.77,99.85,0,1
2026-03-06 15:08:13.359309,0.19,17.58,-71.22,0,1
2026-03-06 15:08:18.359309,0.66,5.18,-112.27,0,1
2026-03-06 15:08:23.359309,0.47,16.48,8.42,0,1
2026-03-06 15:08:28.359309,2.02,12.28,85.09,0,1
2026-03-06 15:08:33.359309,2.23,13.24,-83.96,0,1
2026-03-06 15:08:38.359309,1.22,15.89,-39.98,0,1
2026-03-06 15:08:43.359309,2.07,7.53,6.89,0,1
2026-03-06 15:08:48.359309,0.59,12.49,-39.66,0,1
2026-03-06 15:08:53.359309,0.82,10.39,120.11,0,1
2026-03-06 15:08:58.359309,1.67,11.07,12.7,0,1
2026-03-06 15:09:03.359309,2.24,22.83,-48.94,0,1
2026-03-06 15:09:08.359309,1.06,18.35,79.63,1,1
2026-03-06 15:09:13.359309,0.46,20.02,-96.16,0,1
2026-03-06 15:09:18.359309,2.76,21.36,96.53,0,1
2026-03-06 15:09:23.359309,0.96,15.55,-40.97,0,1
2026-03-06 15:09:28.359309,3.0,19.57,-120.74,0,1
2026-03-06 15:09:33.359309,2.77,8.73,-48.8,0,1
2026-03-06 15:09:38.359309,2.85,21.51,16.69,1,1
2026-03-06 15:09:43.359309,2.18,7.94,76.12,0,1
2026-03-06 15:09:48.359309,2.54,12.96,37.09,0,1
2026-03-06 15:09:53.359309,2.12,13.69,-36.75,0,1
2026-03-06 15:09:58.359309,0.69,13.46,-107.25,0,1
2026-03-06 15:10:03.359309,1.48,12.5,-59.04,0,1
2026-03-06 15:10:08.359309,1.36,13.78,24.0,0,1
2026-03-06 15:10:13.359309,2.96,11.4,-15.03,0,1
2026-03-06 15:10:18.359309,2.76,5.73,-56.86,0,1
2026-03-06 15:10:23.359309,2.22,6.57,-28.58,0,1
2026-03-06 15:10:28.359309,0.37,23.4,112.49,0,1
2026-03-06 15:10:33.359309,2.23,19.55,11.71,0,1
2026-03-06 15:10:38.359309,1.61,19.84,110.42,0,1
2026-03-06 15:10:43.359309,1.59,8.85,-50.38,0,1
2026-03-06 15:10:48.359309,0.78,17.25,50.8,0,1
2026-03-06 15:10:53.359309,1.4,14.16,26.12,0,1
2026-03-06 15:10:58.359309,1.51,13.51,-75.83,0,1
2026-03-06 15:11:03.359309,2.95,19.3,106.9,0,1
2026-03-06 15:11:08.359309,2.09,12.3,20.02,0,1
2026-03-06 15:11:13.359309,1.35,20.59,-96.7,0,1
2026-03-06 15:11:18.359309,2.63,7.99,-45.17,0,1
2026-03-06 15:11:23.359309,1.59,8.01,119.93,0,1
2026-03-06 15:11:28.359309,1.93,21.31,-49.0,0,1
2026-03-06 15:11:33.359309,1.32,19.98,35.7,0,1
2026-03-06 15:11:38.359309,1.07,11.83,-42.5,0,1
2026-03-06 15:11:43.359309,2.12,12.71,120.46,0,1
2026-03-06 15:11:48.359309,2.84,11.78,62.33,0,1
2026-03-06 15:11:53.359309,2.85,12.33,38.13,0,1
2026-03-06 15:11:58.359309,0.04,15.86,96.47,0,1
2026-03-06 15:12:03.359309,2.36,22.18,-13.79,0,1
2026-03-06 15:12:08.359309,0.12,13.67,-75.24,1,1
2026-03-06 15:12:13.359309,0.93,10.03,117.77,0,1
2026-03-06 15:12:18.359309,2.51,6.39,95.82,0,1
2026-03-06 15:12:23.359309,1.84,22.44,-77.01,0,1
2026-03-06 15:12:28.359309,0.52,6.06,-6.31,0,1
2026-03-06 15:12:33.359309,0.92,21.47,114.19,0,1
2026-03-06 15:12:38.359309,2.72,23.46,106.91,0,1
2026-03-06 15:12:43.359309,1.73,17.98,106.96,0,1
2026-03-06 15:12:48.359309,0.53,5.38,42.99,0,1
2026-03-06 15:12:53.359309,0.35,6.37,5.64,0,1
2026-03-06 15:12:58.359309,0.8,7.29,75.83,0,1
2026-03-06 15:13:03.359309,0.86,20.06,109.06,0,1
2026-03-06 15:13:08.359309,0.65,12.74,46.26,0,1
2026-03-06 15:13:13.359309,2.0,24.49,-89.01,0,1
2026-03-06 15:13:18.359309,0.14,14.34,100.46,0,1
2026-03-06 15:13:23.359309,0.37,11.24,19.44,0,1
2026-03-06 15:13:28.359309,0.92,14.15,9.1,0,1
2026-03-06 15:13:33.359309,2.36,24.72,30.79,1,1
2026-03-06 15:13:38.359309,2.91,20.91,37.37,0,1
2026-03-06 15:13:43.359309,1.38,19.67,-96.41,0,1
2026-03-06 15:13:48.359309,1.61,18.06,-83.28,0,1
2026-03-06 15:13:53.359309,0.14,18.75,54.83,0,1
2026-03-06 15:13:58.359309,1.45,6.1,-110.34,0,1
2026-03-06 15:14:03.359309,0.44,24.64,18.75,0,1
2026-03-06 15:14:08.359309,1.52,20.82,67.54,0,1
2026-03-06 15:14:13.359309,0.36,15.91,46.78,1,1
2026-03-06 15:14:18.359309,0.87,7.05,121.92,0,1
2026-03-06 15:14:23.359309,2.51,19.43,92.55,0,1
2026-03-06 15:14:28.359309,1.27,10.71,29.78,0,0
2026-03-06 15:14:33.359309,1.09,8.87,99.97,0,1
2026-03-06 15:14:38.359309,1.15,5.47,83.65,0,1
2026-03-06 15:14:43.359309,0.19,7.1,-97.12,0,1
2026-03-06 15:14:48.359309,2.0,12.72,42.38,0,1
2026-03-06 15:14:53.359309,1.59,10.91,70.05,0,1
2026-03-06 15:14:58.359309,0.84,21.05,-53.08,0,1
2026-03-06 15:15:03.359309,0.06,11.62,-51.41,0,1
2026-03-06 15:15:08.359309,0.12,22.4,8.42,1,1
2026-03-06 15:15:13.359309,2.03,9.03,117.15,0,1
2026-03-06 15:15:18.359309,0.07,14.65,-108.69,0,1
2026-03-06 15:15:23.359309,0.65,17.02,-80.93,0,1
2026-03-06 15:15:28.359309,0.28,10.93,73.3,0,1
2026-03-06 15:15:33.359309,0.12,15.48,54.55,0,1
2026-03-06 15:15:38.359309,1.45,16.09,-53.25,0,1
2026-03-06 15:15:43.359309,1.34,16.61,-52.76,0,1
2026-03-06 15:15:48.359309,2.22,11.97,-106.87,0,1
2026-03-06 15:15:53.359309,1.35,9.55,-21.87,0,1
2026-03-06 15:15:58.359309,1.07,17.82,-58.59,1,1
2026-03-06 15:16:03.359309,0.52,17.95,-48.31,0,1
2026-03-06 15:16:08.359309,0.95,6.71,43.68,1,1
2026-03-06 15:16:13.359309,0.24,12.83,-109.09,0,1
2026-03-06 15:16:18.359309,0.6,19.13,-50.77,0,1
2026-03-06 15:16:23.359309,0.66,13.18,34.58,0,1
2026-03-06 15:16:28.359309,1.95,11.16,-62.76,0,1
2026-03-06 15:16:33.359309,1.1,20.62,41.56,0,1
2026-03-06 15:16:38.359309,0.97,6.97,41.44,0,1
2026-03-06 15:16:43.359309,2.88,10.71,12.72,0,1
2026-03-06 15:16:48.359309,0.96,11.84,82.36,0,1
2026-03-06 15:16:53.359309,0.56,21.82,78.9,0,1
2026-03-06 15:16:58.359309,0.0,9.68,-101.19,0,1
2026-03-06 15:17:03.359309,1.46,9.8,89.86,0,1
2026-03-06 15:17:08.359309,1.9,11.58,-102.59,0,1
2026-03-06 15:17:13.359309,1.57,13.01,113.0,0,1
2026-03-06 15:17:18.359309,0.07,8.56,-12.21,0,1
2026-03-06 15:17:23.359309,0.55,22.94,-77.57,0,1
2026-03-06 15:17:28.359309,0.54,24.52,116.6,0,1
2026-03-06 15:17:33.359309,1.49,11.65,93.82,1,1
2026-03-06 15:17:38.359309,2.22,18.01,67.12,0,1
2026-03-06 15:17:43.359309,0.83,15.22,96.13,0,1
2026-03-06 15:17:48.359309,1.22,16.11,102.2,0,1
2026-03-06 15:17:53.359309,1.43,14.83,120.05,0,1
2026-03-06 15:17:58.359309,1.44,18.38,-61.02,0,1
2026-03-06 15:18:03.359309,0.53,16.8,60.69,0,1
2026-03-06 15:18:08.359309,1.85,19.91,69.91,0,1
2026-03-06 15:18:13.359309,2.51,23.05,-60.04,0,1
2026-03-06 15:18:18.359309,2.18,22.69,-47.32,0,1
2026-03-06 15:18:23.359309,2.27,5.87,-77.0,0,1
2026-03-06 15:18:28.359309,2.84,22.62,-112.45,0,1
2026-03-06 15:18:33.359309,1.05,13.16,50.64,1,1
2026-03-06 15:18:38.359309,2.91,20.85,64.47,0,1
2026-03-06 15:18:43.359309,2.65,18.45,-100.6,0,1
2026-03-06 15:18:48.359309,0.01,15.08,-52.1,0,1
2026-03-06 15:18:53.359309,0.56,15.92,84.46,0,1
2026-03-06 15:18:58.359309,2.07,5.99,69.23,0,1
2026-03-06 15:19:03.359309,1.55,12.09,-105.05,0,1
2026-03-06 15:19:08.359309,0.24,21.88,91.98,0,1
2026-03-06 15:19:13.359309,2.84,21.1,96.27,0,1
2026-03-06 15:19:18.359309,2.26,15.26,32.56,0,1
2026-03-06 15:19:23.359309,1.84,9.45,86.68,0,1
2026-03-06 15:19:28.359309,2.28,7.77,-59.37,0,1
2026-03-06 15:19:33.359309,0.16,18.08,88.9,0,1
2026-03-06 15:19:38.359309,1.31,8.75,0.08,0,1
2026-03-06 15:19:43.359309,2.52,16.73,93.1,0,1
2026-03-06 15:19:48.359309,1.84,19.42,66.92,0,1
2026-03-06 15:19:53.359309,0.94,6.54,-112.96,0,1
2026-03-06 15:19:58.359309,1.51,13.95,-78.88,0,1
2026-03-06 15:20:03.359309,0.02,8.89,-96.32,1,1
2026-03-06 15:20:08.359309,0.21,12.75,-102.68,0,1
2026-03-06 15:20:13.359309,2.03,13.37,-57.21,1,1
2026-03-06 15:20:18.359309,1.59,14.14,-119.52,0,1
2026-03-06 15:20:23.359309,1.82,17.64,-21.4,0,1
2026-03-06 15:20:28.359309,1.03,24.77,83.12,0,1
2026-03-06 15:20:33.359309,2.57,15.79,-15.62,0,1
2026-03-06 15:20:38.359309,2.96,16.35,120.93,0,1
2026-03-06 15:20:43.359309,1.38,21.81,30.34,0,1
2026-03-06 15:20:48.359309,1.64,7.6,79.12,1,1
2026-03-06 15:20:53.359309,0.97,20.11,-50.13,0,1
2026-03-06 15:20:58.359309,0.43,21.95,44.43,0,1
2026-03-06 15:21:03.359309,0.89,10.01,-104.23,0,1
2026-03-06 15:21:08.359309,2.74,24.08,14.02,0,1
2026-03-06 15:21:13.359309,1.87,12.88,60.79,0,1
2026-03-06 15:21:18.359309,1.74,18.0,-27.7,0,1
2026-03-06 15:21:23.359309,2.28,12.71,26.12,0,1
2026-03-06 15:21:28.359309,0.84,21.35,-87.74,0,1
2026-03-06 15:21:33.359309,0.48,11.29,-92.69,0,1
2026-03-06 15:21:38.359309,1.43,23.99,75.72,0,1
2026-03-06 15:21:43.359309,0.2,9.51,-85.52,0,1
2026-03-06 15:21:48.359309,2.56,17.92,-111.55,0,1
2026-03-06 15:21:53.359309,2.37,21.72,28.27,0,1
2026-03-06 15:21:58.359309,2.84,9.29,74.95,0,1
2026-03-06 15:22:03.359309,0.58,10.1,120.9,1,1
2026-03-06 15:22:08.359309,1.94,21.37,75.85,0,1
2026-03-06 15:22:13.359309,1.75,12.74,-24.93,1,1
2026-03-06 15:22:18.359309,1.43,14.97,-53.44,0,1
2026-03-06 15:22:23.359309,0.59,5.77,92.08,0,1
2026-03-06 15:22:28.359309,0.15,21.82,-26.79,0,1
2026-03-06 15:22:33.359309,1.58,11.28,98.8,0,1
2026-03-06 15:22:38.359309,0.3,6.04,101.88,0,1
2026-03-06 15:22:43.359309,2.3,7.55,-61.04,0,1
2026-03-06 15:22:48.359309,0.76,14.52,0.38,0,1
2026-03-06 15:22:53.359309,1.64,23.03,-87.5,1,1
2026-03-06 15:22:58.359309,0.75,15.61,79.74,0,1
2026-03-06 15:23:03.359309,2.39,24.0,-25.54,0,1
2026-03-06 15:23:08.359309,1.6,22.51,10.41,0,1
2026-03-06 15:23:13.359309,2.44,16.74,-27.94,0,1
2026-03-06 15:23:18.359309,0.91,18.83,-81.96,0,1
2026-03-06 15:23:23.359309,1.96,16.36,-58.42,0,1
2026-03-06 15:23:28.359309,2.84,21.26,-58.73,1,1
2026-03-06 15:23:33.359309,0.49,11.25,1.31,0,1
2026-03-06 15:23:38.359309,1.24,20.23,32.03,0,1
2026-03-06 15:23:43.359309,0.76,22.25,24.11,0,1
2026-03-06 15:23:48.359309,0.0,8.68,-58.74,0,1
2026-03-06 15:23:53.359309,2.84,6.53,-72.62,0,1
2026-03-06 15:23:58.359309,1.42,15.17,-1.24,1,1
2026-03-06 15:24:03.359309,2.28,17.22,12.03,0,1
2026-03-06 15:24:08.359309,1.79,17.25,18.41,1,1
2026-03-06 15:24:13.359309,0.93,24.91,-21.45,1,1
2026-03-06 15:24:18.359309,0.79,10.77,15.98,0,1
2026-03-06 15:24:23.359309,0.97,9.47,19.11,0,1
2026-03-06 15:24:28.359309,1.98,10.62,119.73,0,1
2026-03-06 15:24:33.359309,1.47,19.07,-22.02,0,1
2026-03-06 15:24:38.359309,2.63,20.11,69.9,0,1
2026-03-06 15:24:43.359309,1.86,13.17,-58.9,0,1
2026-03-06 15:24:48.359309,1.0,13.41,-105.17,0,1
2026-03-06 15:24:53.359309,2.39,21.81,112.6,0,1
2026-03-06 15:24:58.359309,2.5,15.0,99.42,0,1
2026-03-06 15:25:03.359309,1.55,15.89,-88.7,0,1
2026-03-06 15:25:08.359309,2.27,15.0,-106.35,0,1
2026-03-06 15:25:13.359309,0.1,17.73,-123.16,0,1
2026-03-06 15:25:18.359309,1.41,23.76,-52.45,1,1
2026-03-06 15:25:23.359309,1.25,18.56,-76.39,0,1
2026-03-06 15:25:28.359309,0.78,14.82,-93.05,0,1
2026-03-06 15:25:33.359309,0.44,21.45,-123.62,0,1
2026-03-06 15:25:38.359309,1.1,6.9,-84.94,0,1
2026-03-06 15:25:43.359309,2.74,22.22,-102.86,0,1
2026-03-06 15:25:48.359309,2.38,10.58,-43.42,0,1
2026-03-06 15:25:53.359309,1.14,12.6,58.95,0,1
2026-03-06 15:25:58.359309,1.56,10.56,-90.48,0,1
2026-03-06 15:26:03.359309,0.15,17.31,73.23,0,1
2026-03-06 15:26:08.359309,0.41,5.11,100.79,0,1
2026-03-06 15:26:13.359309,1.46,7.16,-39.68,0,1
2026-03-06 15:26:18.359309,2.06,16.27,-36.97,0,1
2026-03-06 15:26:23.359309,1.83,22.88,33.77,0,1
2026-03-06 15:26:28.359309,2.1,18.54,108.89,0,1
2026-03-06 15:26:33.359309,0.26,22.82,-65.44,0,1
2026-03-06 15:26:38.359309,1.44,17.54,-49.14,0,1
2026-03-06 15:26:43.359309,0.83,21.63,-32.31,0,1
2026-03-06 15:26:48.359309,2.55,13.99,-23.2,0,1
2026-03-06 15:26:53.359309,2.66,17.86,-104.73,0,1
2026-03-06 15:26:58.359309,2.51,17.55,110.59,1,1
2026-03-06 15:27:03.359309,0.11,19.56,47.12,0,1
2026-03-06 15:27:08.359309,0.64,6.96,7.26,0,1
2026-03-06 15:27:13.359309,2.64,21.62,107.7,0,1
2026-03-06 15:27:18.359309,2.63,16.18,125.46,0,1
2026-03-06 15:27:23.359309,2.11,15.19,112.31,0,1
2026-03-06 15:27:28.359309,2.14,9.55,-16.42,0,1
2026-03-06 15:27:33.359309,1.24,14.16,74.04,0,1
2026-03-06 15:27:38.359309,2.19,12.46,-2.2,0,1
2026-03-06 15:27:43.359309,2.24,14.65,-61.19,0,1
2026-03-06 15:27:48.359309,0.17,14.95,-52.52,0,1
2026-03-06 15:27:53.359309,1.19,7.02,115.47,0,1
2026-03-06 15:27:58.359309,0.74,18.2,65.83,0,1
2026-03-06 15:28:03.359309,0.22,18.26,117.74,0,1
2026-03-06 15:28:08.359309,1.93,16.81,59.44,1,1
2026-03-06 15:28:13.359309,1.96,11.71,21.77,0,1
2026-03-06 15:28:18.359309,1.42,10.3,63.77,0,1
2026-03-06 15:28:23.359309,1.41,13.82,-12.51,1,1
2026-03-06 15:28:28.359309,1.66,10.74,83.21,0,1
2026-03-06 15:28:33.359309,1.78,20.73,8.85,0,1
2026-03-06 15:28:38.359309,1.04,8.12,7.51,0,1
2026-03-06 15:28:43.359309,1.75,19.75,-3.93,0,1
2026-03-06 15:28:48.359309,2.55,20.51,112.87,0,1
2026-03-06 15:28:53.359309,0.25,6.71,-2.35,0,1
2026-03-06 15:28:58.359309,1.26,18.71,30.57,0,1
2026-03-06 15:29:03.359309,2.34,6.93,94.08,0,1
2026-03-06 15:29:08.359309,0.19,9.53,25.24,0,1
2026-03-06 15:29:13.359309,2.24,21.07,56.3,0,1
2026-03-06 15:29:18.359309,1.56,21.08,-6.51,0,1
2026-03-06 15:29:23.359309,1.14,13.51,62.55,0,1
2026-03-06 15:29:28.359309,1.94,23.08,112.69,0,1
2026-03-06 15:29:33.359309,1.82,16.2,85.89,1,1
2026-03-06 15:29:38.359309,0.75,14.18,53.19,0,1
2026-03-06 15:29:43.359309,0.76,21.46,51.04,0,1
2026-03-06 15:29:48.359309,1.88,14.82,-44.18,0,1
2026-03-06 15:29:53.359309,1.07,21.52,-51.22,0,1
2026-03-06 15:29:58.359309,2.87,10.61,76.34,0,1
2026-03-06 15:30:03.359309,2.74,16.61,25.01,0,1
2026-03-06 15:30:08.359309,2.95,10.38,63.86,0,1
2026-03-06 15:30:13.359309,0.35,13.67,37.09,0,1
2026-03-06 15:30:18.359309,1.9,5.83,-39.56,0,1
2026-03-06 15:30:23.359309,2.95,15.39,96.36,0,1
2026-03-06 15:30:28.359309,1.11,18.58,-41.19,0,1
2026-03-06 15:30:33.359309,2.47,22.63,-116.28,0,1
2026-03-06 15:30:38.359309,0.74,24.16,-62.61,1,1
2026-03-06 15:30:43.359309,1.58,16.17,-121.29,1,1
2026-03-06 15:30:48.359309,2.54,24.67,-60.68,0,1
2026-03-06 15:30:53.359309,2.32,16.43,-30.84,0,1
2026-03-06 15:30:58.359309,2.59,22.18,-16.29,0,1
2026-03-06 15:31:03.359309,1.56,18.61,125.4,0,1
2026-03-06 15:31:08.359309,1.37,18.87,-68.01,0,1
2026-03-06 15:31:13.359309,1.14,5.81,-11.4,0,1
2026-03-06 15:31:18.359309,1.14,19.44,-70.86,0,1
2026-03-06 15:31:23.359309,1.69,14.19,14.57,0,1
2026-03-06 15:31:28.359309,1.41,24.65,-104.44,0,1
2026-03-06 15:31:33.359309,0.21,13.16,30.79,0,1
2026-03-06 15:31:38.359309,2.82,21.8,-84.6,0,1
2026-03-06 15:31:43.359309,2.65,9.21,-92.77,0,1
2026-03-06 15:31:48.359309,2.02,9.71,-116.24,0,1
2026-03-06 15:31:53.359309,0.48,8.1,110.38,0,1
2026-03-06 15:31:58.359309,0.05,14.76,-89.23,0,1
2026-03-06 15:32:03.359309,1.58,22.91,-30.31,0,1
2026-03-06 15:32:08.359309,2.34,20.39,-1.05,0,1
2026-03-06 15:32:13.359309,0.02,14.69,-117.21,0,1
2026-03-06 15:32:18.359309,0.1,13.54,-119.91,0,1
2026-03-06 15:32:23.359309,2.73,12.18,96.77,0,1
2026-03-06 15:32:28.359309,0.09,8.08,-88.48,0,1
2026-03-06 15:32:33.359309,0.91,22.32,119.88,0,1
2026-03-06 15:32:38.359309,1.81,15.06,120.82,0,1
2026-03-06 15:32:43.359309,0.12,17.97,53.93,0,1
2026-03-06 15:32:48.359309,2.36,21.58,15.32,1,1
2026-03-06 15:32:53.359309,2.95,18.95,-95.41,0,1
2026-03-06 15:32:58.359309,1.3,23.59,109.95,0,1
2026-03-06 15:33:03.359309,0.27,11.55,-22.43,0,1
2026-03-06 15:33:08.359309,2.84,24.46,-3.64,1,1
2026-03-06 15:33:13.359309,0.13,14.06,-53.46,0,1
2026-03-06 15:33:18.359309,0.62,6.8,100.27,0,1
2026-03-06 15:33:23.359309,1.89,12.65,-10.97,0,1
2026-03-06 15:33:28.359309,0.16,17.46,62.24,0,1
2026-03-06 15:33:33.359309,0.31,6.02,-73.07,0,1
2026-03-06 15:33:38.359309,2.51,14.78,-108.04,0,1
2026-03-06 15:33:43.359309,1.12,11.31,-41.17,0,1
2026-03-06 15:33:48.359309,2.03,11.9,92.59,0,1
2026-03-06 15:33:53.359309,1.47,22.7,21.09,0,1
2026-03-06 15:33:58.359309,0.41,24.59,-71.99,0,1
2026-03-06 15:34:03.359309,1.74,21.26,82.74,0,1
2026-03-06 15:34:08.359309,2.18,7.17,-59.47,1,1
2026-03-06 15:34:13.359309,2.59,23.23,72.99,0,1
2026-03-06 15:34:18.359309,1.13,11.73,89.87,0,1
2026-03-06 15:34:23.359309,0.17,8.88,25.18,0,1
2026-03-06 15:34:28.359309,2.79,22.99,38.36,0,1
2026-03-06 15:34:33.359309,2.31,21.98,24.47,0,1
2026-03-06 15:34:38.359309,0.16,9.79,-33.38,0,1
2026-03-06 15:34:43.359309,1.12,13.86,91.01,0,1
2026-03-06 15:34:48.359309,2.87,6.88,4.61,0,1
2026-03-06 15:34:53.359309,0.85,17.88,-103.75,0,1
2026-03-06 15:34:58.359309,2.38,16.18,-33.07,0,1
2026-03-06 15:35:03.359309,1.49,6.13,-5.17,0,1
2026-03-06 15:35:08.359309,1.19,19.35,-2.9,0,1
2026-03-06 15:35:13.359309,0.0,21.97,117.83,0,1
2026-03-06 15:35:18.359309,1.14,12.7,119.37,0,1
2026-03-06 15:35:23.359309,2.88,22.09,20.13,0,1
2026-03-06 15:35:28.359309,2.5,24.93,30.63,0,1
2026-03-06 15:35:33.359309,2.76,24.65,58.21,0,1
2026-03-06 15:35:38.359309,2.41,9.28,-55.55,0,1
2026-03-06 15:35:43.359309,1.68,7.5,-72.71,0,1
2026-03-06 15:35:48.359309,1.5,20.62,50.81,0,1
2026-03-06 15:35:53.359309,2.98,17.02,25.68,0,1
2026-03-06 15:35:58.359309,1.11,6.31,-123.28,0,1
2026-03-06 15:36:03.359309,1.81,6.48,-114.08,0,1
2026-03-06 15:36:08.359309,1.0,11.16,-94.12,0,1
2026-03-06 15:36:13.359309,1.87,14.81,1.99,0,1
2026-03-06 15:36:18.359309,0.68,24.34,90.4,0,1
2026-03-06 15:36:23.359309,2.42,5.06,62.5,0,1
2026-03-06 15:36:28.359309,1.21,17.73,113.61,0,1
2026-03-06 15:36:33.359309,2.44,22.93,-26.11,0,1
2026-03-06 15:36:38.359309,2.24,11.6,-19.96,0,1
2026-03-06 15:36:43.359309,0.79,11.17,-87.84,0,1
2026-03-06 15:36:48.359309,2.44,22.38,-125.99,0,1
2026-03-06 15:36:53.359309,0.32,7.89,66.81,0,1
2026-03-06 15:36:58.359309,2.61,18.37,16.89,0,1
2026-03-06 15:37:03.359309,0.11,23.33,65.91,0,1
2026-03-06 15:37:08.359309,1.56,8.5,32.25,0,1
2026-03-06 15:37:13.359309,0.5,19.5,-68.25,0,1
2026-03-06 15:37:18.359309,0.82,22.0,-72.68,0,1
2026-03-06 15:37:23.359309,2.42,23.27,-25.77,0,1
2026-03-06 15:37:28.359309,0.12,6.92,70.89,0,1
2026-03-06 15:37:33.359309,2.67,19.35,61.98,0,1
2026-03-06 15:37:38.359309,2.65,7.17,76.44,0,1
2026-03-06 15:37:43.359309,2.62,6.57,6.54,1,1
2026-03-06 15:37:48.359309,2.94,14.27,17.57,0,1
2026-03-06 15:37:53.359309,1.79,17.41,-121.36,0,1
2026-03-06 15:37:58.359309,0.22,5.76,121.95,0,1
2026-03-06 15:38:03.359309,0.39,8.8,-90.52,0,1
2026-03-06 15:38:08.359309,0.35,24.51,-105.58,0,1
2026-03-06 15:38:13.359309,0.97,14.33,-114.6,0,1
2026-03-06 15:38:18.359309,0.0,20.48,-42.49,1,1
2026-03-06 15:38:23.359309,2.63,14.87,-121.72,0,1
2026-03-06 15:38:28.359309,0.36,17.48,-37.92,0,1
2026-03-06 15:38:33.359309,0.32,11.27,121.53,1,1
2026-03-06 15:38:38.359309,0.69,18.17,-2.98,0,1
2026-03-06 15:38:43.359309,0.2,5.99,-48.5,0,1
2026-03-06 15:38:48.359309,0.31,15.67,73.96,0,1
2026-03-06 15:38:53.359309,1.59,17.2,52.89,0,1
2026-03-06 15:38:58.359309,2.95,22.31,5.44,0,1
2026-03-06 15:39:03.359309,1.85,5.47,-82.89,0,1
2026-03-06 15:39:08.359309,0.84,7.95,-87.54,0,1
2026-03-06 15:39:13.359309,2.61,5.0,14.17,0,1
2026-03-06 15:39:18.359309,1.18,24.48,79.83,0,1
2026-03-06 15:39:23.359309,0.07,20.36,19.24,1,1
2026-03-06 15:39:28.359309,1.77,19.46,13.82,0,1
2026-03-06 15:39:33.359309,1.91,19.89,123.48,0,1
2026-03-06 15:39:38.359309,0.17,11.18,23.83,0,1
2026-03-06 15:39:43.359309,0.36,23.45,109.95,0,1
2026-03-06 15:39:48.359309,2.0,22.49,-60.5,0,1
2026-03-06 15:39:53.359309,0.8,22.5,117.63,1,1
2026-03-06 15:39:58.359309,0.15,23.38,-2.26,0,1
2026-03-06 15:40:03.359309,2.94,11.1,-9.74,1,1
2026-03-06 15:40:08.359309,2.17,20.13,-21.94,0,1
2026-03-06 15:40:13.359309,0.07,18.03,-30.46,0,1
2026-03-06 15:40:18.359309,2.99,23.62,13.86,0,1
2026-03-06 15:40:23.359309,2.68,16.67,77.56,0,1
2026-03-06 15:40:28.359309,2.28,24.32,3.9,0,1
2026-03-06 15:40:33.359309,0.3,6.49,66.91,0,1
2026-03-06 15:40:38.359309,0.81,14.29,-0.9,0,1
2026-03-06 15:40:43.359309,0.35,8.98,-9.14,0,1
2026-03-06 15:40:48.359309,1.45,19.56,-83.55,0,1
2026-03-06 15:40:53.359309,1.67,8.42,41.24,0,1
2026-03-06 15:40:58.359309,1.59,7.37,27.87,0,1
2026-03-06 15:41:03.359309,0.44,10.14,11.91,0,1
2026-03-06 15:41:08.359309,2.52,11.67,-123.01,0,1
2026-03-06 15:41:13.359309,0.47,19.37,113.44,0,1
2026-03-06 15:41:18.359309,1.42,23.87,-74.74,0,1
2026-03-06 15:41:23.359309,2.59,14.69,83.8,0,1
2026-03-06 15:41:28.359309,0.67,23.01,-15.64,0,1
2026-03-06 15:41:33.359309,1.66,14.58,87.53,1,1
2026-03-06 15:41:38.359309,1.29,24.8,-104.46,0,1
2026-03-06 15:41:43.359309,1.91,5.09,-121.31,0,1
2026-03-06 15:41:48.359309,0.8,22.31,4.67,0,1
2026-03-06 15:41:53.359309,1.64,23.1,-82.5,0,1
2026-03-06 15:41:58.359309,0.43,12.52,56.6,0,1
2026-03-06 15:42:03.359309,0.97,17.52,75.23,0,1
2026-03-06 15:42:08.359309,2.69,24.1,-64.62,0,1
2026-03-06 15:42:13.359309,2.42,11.88,-89.38,0,1
2026-03-06 15:42:18.359309,0.77,20.96,26.9,0,1
2026-03-06 15:42:23.359309,0.47,12.69,7.24,0,1
2026-03-06 15:42:28.359309,0.36,5.0,1.12,0,1
2026-03-06 15:42:33.359309,2.47,15.47,-83.96,0,1
2026-03-06 15:42:38.359309,2.58,17.68,-75.71,1,1
2026-03-06 15:42:43.359309,1.65,6.53,116.56,0,1
2026-03-06 15:42:48.359309,1.68,10.99,75.08,0,1
2026-03-06 15:42:53.359309,0.46,16.42,-27.14,0,1
2026-03-06 15:42:58.359309,0.45,21.94,-43.41,0,1
2026-03-06 15:43:03.359309,1.71,19.87,31.26,0,1
2026-03-06 15:43:08.359309,0.99,20.81,-66.95,1,1
2026-03-06 15:43:13.359309,1.08,24.66,-34.54,0,1
2026-03-06 15:43:18.359309,0.15,5.29,104.49,0,1
2026-03-06 15:43:23.359309,0.08,24.59,-33.18,0,1
2026-03-06 15:43:28.359309,0.86,11.87,-37.84,0,1
2026-03-06 15:43:33.359309,2.03,24.42,41.83,0,1
2026-03-06 15:43:38.359309,0.56,21.75,118.96,0,1
2026-03-06 15:43:43.359309,0.59,22.37,-81.57,1,1
2026-03-06 15:43:48.359309,0.88,21.48,-49.94,0,1
2026-03-06 15:43:53.359309,2.14,22.01,106.36,0,1
2026-03-06 15:43:58.359309,1.17,7.21,106.63,0,1
2026-03-06 15:44:03.359309,1.32,12.43,-103.65,0,1
2026-03-06 15:44:08.359309,2.85,19.66,87.49,0,1
2026-03-06 15:44:13.359309,1.56,12.06,-95.17,1,1
2026-03-06 15:44:18.359309,1.02,23.17,-124.01,0,1
2026-03-06 15:44:23.359309,1.94,21.71,-2.12,0,1
2026-03-06 15:44:28.359309,0.84,5.47,-106.61,0,1
2026-03-06 15:44:33.359309,2.28,22.44,-43.4,0,1
2026-03-06 15:44:38.359309,1.99,19.1,85.79,0,1
2026-03-06 15:44:43.359309,2.11,23.45,9.76,0,1
2026-03-06 15:44:48.359309,1.47,10.16,5.62,0,1
2026-03-06 15:44:53.359309,0.92,21.59,-125.87,0,1
2026-03-06 15:44:58.359309,1.62,12.2,-120.79,0,1
2026-03-06 15:45:03.359309,2.19,23.54,-15.14,0,1
2026-03-06 15:45:08.359309,0.53,14.41,-121.8,1,1
2026-03-06 15:45:13.359309,0.45,18.91,-13.07,0,1
2026-03-06 15:45:18.359309,0.52,15.28,35.03,0,1
2026-03-06 15:45:23.359309,1.48,11.79,-30.51,1,1
2026-03-06 15:45:28.359309,2.69,12.87,-11.0,0,1
2026-03-06 15:45:33.359309,0.76,11.8,32.77,0,1
2026-03-06 15:45:38.359309,0.82,10.77,82.7,0,1
2026-03-06 15:45:43.359309,2.29,24.53,123.08,0,1
2026-03-06 15:45:48.359309,0.5,6.43,6.03,0,1
2026-03-06 15:45:53.359309,1.74,9.51,56.26,0,1
2026-03-06 15:45:58.359309,2.02,22.95,53.85,0,1
2026-03-06 15:46:03.359309,0.54,6.41,118.43,0,1
2026-03-06 15:46:08.359309,0.32,14.59,26.41,0,1
2026-03-06 15:46:13.359309,2.81,17.42,-23.81,0,1
2026-03-06 15:46:18.359309,1.71,9.78,107.65,0,1
2026-03-06 15:46:23.359309,0.51,14.2,-60.17,0,1
2026-03-06 15:46:28.359309,2.2,7.75,-103.77,0,1
2026-03-06 15:46:33.359309,2.24,21.47,114.93,0,1
2026-03-06 15:46:38.359309,2.46,22.16,-72.95,0,1
2026-03-06 15:46:43.359309,2.92,21.23,26.57,0,1
2026-03-06 15:46:48.359309,2.44,22.92,57.79,0,1
2026-03-06 15:46:53.359309,1.32,18.91,36.64,0,1
2026-03-06 15:46:58.359309,1.88,9.09,68.14,0,1
2026-03-06 15:47:03.359309,2.4,6.84,-73.01,0,1
2026-03-06 15:47:08.359309,0.65,24.93,56.9,0,1
2026-03-06 15:47:13.359309,2.16,21.03,-7.57,1,1
2026-03-06 15:47:18.359309,1.03,21.43,64.23,0,1
2026-03-06 15:47:23.359309,2.35,7.82,-1.91,0,1
2026-03-06 15:47:28.359309,1.67,18.23,-88.03,0,1
2026-03-06 15:47:33.359309,1.19,22.23,49.71,0,1
2026-03-06 15:47:38.359309,2.13,11.87,-80.23,0,1
2026-03-06 15:47:43.359309,0.5,8.97,31.82,0,1
2026-03-06 15:47:48.359309,2.41,21.86,-68.54,0,1
2026-03-06 15:47:53.359309,2.17,9.77,103.94,0,1
2026-03-06 15:47:58.359309,0.43,16.69,-111.74,0,1
2026-03-06 15:48:03.359309,0.68,15.41,-101.02,0,1
2026-03-06 15:48:08.359309,0.59,16.19,-75.15,0,1
2026-03-06 15:48:13.359309,2.66,22.03,-69.11,0,1
2026-03-06 15:48:18.359309,2.48,14.65,42.43,0,1
2026-03-06 15:48:23.359309,1.79,24.66,99.77,0,1
2026-03-06 15:48:28.359309,0.65,15.24,53.64,0,1
2026-03-06 15:48:33.359309,1.53,15.99,-90.18,0,1
2026-03-06 15:48:38.359309,0.94,7.48,53.34,0,1
2026-03-06 15:48:43.359309,1.01,9.81,-121.15,0,1
2026-03-06 15:48:48.359309,1.85,10.93,46.4,0,1
2026-03-06 15:48:53.359309,1.14,16.55,114.76,0,1
2026-03-06 15:48:58.359309,1.34,21.55,12.16,0,1
2026-03-06 15:49:03.359309,0.33,22.84,-50.55,0,1
2026-03-06 15:49:08.359309,1.81,17.86,-72.46,0,1
2026-03-06 15:49:13.359309,0.14,11.55,77.77,0,1
2026-03-06 15:49:18.359309,1.29,20.39,85.18,0,1
2026-03-06 15:49:23.359309,2.6,16.25,-95.88,0,1
2026-03-06 15:49:28.359309,0.33,7.09,43.99,0,1
2026-03-06 15:49:33.359309,2.98,17.69,-5.78,0,1
2026-03-06 15:49:38.359309,2.49,17.31,-55.31,0,1
2026-03-06 15:49:43.359309,1.6,6.93,-73.56,1,1
2026-03-06 15:49:48.359309,1.66,24.68,-115.63,0,1
2026-03-06 15:49:53.359309,2.49,16.48,-94.92,0,1
2026-03-06 15:49:58.359309,2.91,10.23,-96.87,0,1
2026-03-06 15:50:03.359309,0.33,19.32,39.4,1,1
2026-03-06 15:50:08.359309,2.46,14.67,-15.41,0,1
2026-03-06 15:50:13.359309,0.71,24.97,-7.16,1,1
2026-03-06 15:50:18.359309,1.41,5.99,-78.11,0,1
2026-03-06 15:50:23.359309,1.4,23.41,-56.27,0,1
2026-03-06 15:50:28.359309,2.6,7.99,112.37,0,1
2026-03-06 15:50:33.359309,2.47,12.04,-24.77,0,1
2026-03-06 15:50:38.359309,0.92,13.04,-32.66,0,1
2026-03-06 15:50:43.359309,0.05,6.06,-126.54,0,1
2026-03-06 15:50:48.359309,2.2,22.62,-79.76,0,1
2026-03-06 15:50:53.359309,0.69,20.8,61.3,0,1
2026-03-06 15:50:58.359309,1.37,5.49,2.52,0,1
2026-03-06 15:51:03.359309,0.62,15.83,8.21,0,1
2026-03-06 15:51:08.359309,0.1,23.4,-20.65,0,1
2026-03-06 15:51:13.359309,1.87,18.65,-123.58,1,1
2026-03-06 15:51:18.359309,0.11,22.02,73.06,0,1
2026-03-06 15:51:23.359309,2.83,18.8,-46.87,0,1
2026-03-06 15:51:28.359309,2.88,23.39,-100.86,0,1
2026-03-06 15:51:33.359309,0.71,13.69,71.76,0,1
2026-03-06 15:51:38.359309,0.27,18.7,-31.11,1,1
2026-03-06 15:51:43.359309,2.16,14.83,87.78,0,1
2026-03-06 15:51:48.359309,1.1,13.7,91.89,0,1
2026-03-06 15:51:53.359309,2.1,7.83,5.73,0,1
2026-03-06 15:51:58.359309,0.96,11.36,70.6,0,1
2026-03-06 15:52:03.359309,2.03,17.2,-41.1,0,1
2026-03-06 15:52:08.359309,1.87,6.33,86.86,0,1
2026-03-06 15:52:13.359309,2.47,8.29,43.08,0,1
2026-03-06 15:52:18.359309,1.83,12.26,-39.23,0,1
2026-03-06 15:52:23.359309,1.89,15.24,-55.85,0,1
2026-03-06 15:52:28.359309,0.43,8.39,39.41,0,1
2026-03-06 15:52:33.359309,1.24,18.56,59.02,0,1
2026-03-06 15:52:38.359309,0.49,10.31,-10.4,0,1
2026-03-06 15:52:43.359309,2.54,7.18,18.54,0,1
2026-03-06 15:52:48.359309,1.48,19.08,15.27,0,1
2026-03-06 15:52:53.359309,1.05,9.84,-26.72,0,1
2026-03-06 15:52:58.359309,0.61,20.16,2.99,0,1
2026-03-06 15:53:03.359309,2.04,6.93,35.69,0,1
2026-03-06 15:53:08.359309,2.85,22.15,11.93,0,1
2026-03-06 15:53:13.359309,0.96,14.97,97.53,0,1
2026-03-06 15:53:18.359309,0.14,12.32,45.33,0,1
2026-03-06 15:53:23.359309,2.59,23.86,-76.99,0,1
2026-03-06 15:53:28.359309,1.7,11.54,-19.15,0,1
2026-03-06 15:53:33.359309,0.77,17.96,-27.68,0,1
2026-03-06 15:53:38.359309,1.49,13.94,-43.18,0,1
2026-03-06 15:53:43.359309,1.37,16.46,29.71,1,1
2026-03-06 15:53:48.359309,1.14,16.7,13.07,0,1
2026-03-06 15:53:53.359309,1.24,9.5,19.48,0,1
2026-03-06 15:53:58.359309,2.37,12.83,112.4,0,1
2026-03-06 15:54:03.359309,2.79,5.69,89.76,0,1
2026-03-06 15:54:08.359309,1.31,9.58,-119.57,0,1
2026-03-06 15:54:13.359309,1.19,9.64,-54.97,0,1
2026-03-06 15:54:18.359309,1.25,8.38,-47.23,0,1
2026-03-06 15:54:23.359309,1.66,21.59,-31.95,0,1
2026-03-06 15:54:28.359309,0.76,15.48,-94.22,0,1
2026-03-06 15:54:33.359309,2.3,7.22,126.54,0,1
2026-03-06 15:54:38.359309,0.29,11.63,104.2,0,1
2026-03-06 15:54:43.359309,1.8,18.68,10.39,0,1
2026-03-06 15:54:48.359309,0.41,16.41,73.01,0,1
2026-03-06 15:54:53.359309,2.05,7.46,-101.61,0,1
2026-03-06 15:54:58.359309,2.72,15.99,-76.13,0,1
2026-03-06 15:55:03.359309,2.22,21.79,90.04,0,1
2026-03-06 15:55:08.359309,2.29,10.79,116.99,0,1
2026-03-06 15:55:13.359309,1.4,6.91,-105.77,0,1
2026-03-06 15:55:18.359309,1.88,9.87,-14.85,0,1
2026-03-06 15:55:23.359309,2.95,22.72,107.56,0,1
2026-03-06 15:55:28.359309,1.28,16.05,-60.01,0,1
2026-03-06 15:55:33.359309,0.81,19.6,-31.45,0,1
2026-03-06 15:55:38.359309,0.36,17.82,-88.22,0,1
2026-03-06 15:55:43.359309,1.1,23.59,-104.03,1,1
2026-03-06 15:55:48.359309,1.94,15.28,16.03,0,1
2026-03-06 15:55:53.359309,1.49,15.87,78.89,0,1
2026-03-06 15:55:58.359309,1.91,15.53,69.31,0,1
2026-03-06 15:56:03.359309,1.14,16.77,-45.4,0,1
2026-03-06 15:56:08.359309,2.69,19.2,-122.32,0,1
2026-03-06 15:56:13.359309,2.28,24.73,-28.6,0,1
2026-03-06 15:56:18.359309,1.54,14.36,-40.61,1,1
2026-03-06 15:56:23.359309,0.51,15.8,42.06,0,1
2026-03-06 15:56:28.359309,1.91,23.08,-85.43,0,1
2026-03-06 15:56:33.359309,0.95,12.43,22.57,0,1
2026-03-06 15:56:38.359309,1.88,10.02,-90.0,0,1
2026-03-06 15:56:43.359309,1.09,7.85,96.88,0,1
2026-03-06 15:56:48.359309,0.3,19.02,42.29,0,1
2026-03-06 15:56:53.359309,2.63,12.99,95.67,0,1
2026-03-06 15:56:58.359309,1.47,22.78,123.52,1,1
2026-03-06 15:57:03.359309,0.43,6.78,73.29,0,1
2026-03-06 15:57:08.359309,0.87,11.2,34.44,0,0
2026-03-06 15:57:13.359309,1.44,15.71,88.38,0,1
2026-03-06 15:57:18.359309,2.17,8.83,-91.5,0,1
2026-03-06 15:57:23.359309,0.38,12.72,-28.94,0,1
2026-03-06 15:57:28.359309,0.99,11.82,0.13,0,1
2026-03-06 15:57:33.359309,2.49,8.03,20.7,0,1
2026-03-06 15:57:38.359309,2.1,22.81,-111.27,0,1
2026-03-06 15:57:43.359309,2.81,14.55,75.85,0,1
2026-03-06 15:57:48.359309,1.07,18.18,-83.07,0,1
2026-03-06 15:57:53.359309,1.13,11.35,38.75,0,0
2026-03-06 15:57:58.359309,1.33,23.03,-91.67,0,1
2026-03-06 15:58:03.359309,0.29,14.06,-56.03,0,1
2026-03-06 15:58:08.359309,0.86,15.38,23.45,0,1
2026-03-06 15:58:13.359309,2.47,14.96,58.42,1,1
2026-03-06 15:58:18.359309,0.93,16.77,44.75,0,1
2026-03-06 15:58:23.359309,0.0,22.12,125.51,0,1
2026-03-06 15:58:28.359309,0.73,18.33,4.61,0,1
2026-03-06 15:58:33.359309,2.56,18.93,-95.4,0,1
2026-03-06 15:58:38.359309,1.3,23.99,20.09,0,1
2026-03-06 15:58:43.359309,0.03,10.54,38.34,0,1
2026-03-06 15:58:48.359309,1.73,12.49,-72.57,0,1
2026-03-06 15:58:53.359309,1.05,6.91,57.63,0,1
2026-03-06 15:58:58.359309,1.11,17.7,91.96,1,1
2026-03-06 15:59:03.359309,0.23,13.48,113.01,0,1
2026-03-06 15:59:08.359309,0.34,7.98,104.98,0,1
2026-03-06 15:59:13.359309,0.26,22.71,-38.88,0,1
2026-03-06 15:59:18.359309,1.36,20.17,109.95,1,1
2026-03-06 15:59:23.359309,1.75,22.33,62.48,0,1
2026-03-06 15:59:28.359309,2.34,9.36,80.26,0,1
2026-03-06 15:59:33.359309,1.02,7.28,22.58,0,1
2026-03-06 15:59:38.359309,2.25,16.29,6.2,0,1
2026-03-06 15:59:43.359309,0.96,10.77,42.01,0,1
2026-03-06 15:59:48.359309,0.54,13.88,-56.52,0,1
2026-03-06 15:59:53.359309,1.34,22.59,-64.02,0,1
2026-03-06 15:59:58.359309,0.53,7.93,-104.85,0,1
2026-03-06 16:00:03.359309,1.87,16.43,-44.62,0,1
2026-03-06 16:00:08.359309,0.51,6.45,44.96,0,1
2026-03-06 16:00:13.359309,2.01,18.92,-77.17,0,1
2026-03-06 16:00:18.359309,2.45,14.74,20.48,0,1
2026-03-06 16:00:23.359309,0.17,17.73,-14.06,0,1
2026-03-06 16:00:28.359309,1.49,18.26,100.55,0,1
2026-03-06 16:00:33.359309,2.04,20.22,-79.51,0,1
2026-03-06 16:00:38.359309,1.33,17.66,-113.11,0,1
2026-03-06 16:00:43.359309,2.69,12.28,11.83,0,1
2026-03-06 16:00:48.359309,1.96,5.84,50.75,0,1
2026-03-06 16:00:53.359309,2.88,18.75,-33.19,0,1
2026-03-06 16:00:58.359309,0.29,6.71,-79.67,0,1
2026-03-06 16:01:03.359309,0.78,13.45,34.29,0,1
2026-03-06 16:01:08.359309,2.86,15.16,49.91,0,1
2026-03-06 16:01:13.359309,2.71,7.77,17.79,0,1
2026-03-06 16:01:18.359309,1.95,17.63,-38.34,0,1
2026-03-06 16:01:23.359309,2.13,24.51,14.44,0,1
2026-03-06 16:01:28.359309,2.74,11.08,-4.28,0,1
2026-03-06 16:01:33.359309,0.06,19.61,114.88,0,1
2026-03-06 16:01:38.359309,2.31,9.02,-119.52,0,1
2026-03-06 16:01:43.359309,2.91,11.23,-25.27,0,1
2026-03-06 16:01:48.359309,0.5,5.58,-119.35,0,1
2026-03-06 16:01:53.359309,0.6,5.68,109.07,1,1
2026-03-06 16:01:58.359309,2.13,12.69,38.69,0,1
2026-03-06 16:02:03.359309,1.4,20.35,5.26,0,1
2026-03-06 16:02:08.359309,2.15,22.25,67.64,0,1
2026-03-06 16:02:13.359309,0.4,6.68,-96.21,0,1
2026-03-06 16:02:18.359309,1.07,21.9,-82.69,0,1
2026-03-06 16:02:23.359309,0.15,11.81,27.69,0,1
2026-03-06 16:02:28.359309,0.8,21.28,-40.35,0,1
2026-03-06 16:02:33.359309,1.09,17.1,-47.12,0,1
2026-03-06 16:02:38.359309,0.25,15.11,63.63,0,1
2026-03-06 16:02:43.359309,1.98,23.4,93.8,0,1
2026-03-06 16:02:48.359309,0.08,7.93,69.66,0,1
2026-03-06 16:02:53.359309,2.46,22.54,-120.47,0,1
2026-03-06 16:02:58.359309,0.33,17.55,-97.55,0,1
2026-03-06 16:03:03.359309,0.6,22.34,102.86,0,1
2026-03-06 16:03:08.359309,0.11,21.2,79.49,0,1
2026-03-06 16:03:13.359309,2.99,8.53,2.91,1,1
2026-03-06 16:03:18.359309,2.13,23.16,-62.1,0,1
2026-03-06 16:03:23.359309,1.49,8.37,-121.91,0,1
2026-03-06 16:03:28.359309,2.93,11.91,-73.97,1,1
2026-03-06 16:03:33.359309,0.46,12.21,55.53,0,1
2026-03-06 16:03:38.359309,0.86,12.9,64.49,0,1
2026-03-06 16:03:43.359309,0.98,10.19,34.42,0,0
2026-03-06 16:03:48.359309,2.33,24.72,102.63,0,1
2026-03-06 16:03:53.359309,2.14,18.62,-58.28,0,1
2026-03-06 16:03:58.359309,0.61,19.57,-3.78,1,1
2026-03-06 16:04:03.359309,2.88,7.98,32.45,0,1
2026-03-06 16:04:08.359309,1.2,19.82,-45.61,0,1
2026-03-06 16:04:13.359309,2.97,24.1,96.42,0,1
2026-03-06 16:04:18.359309,2.33,17.33,-24.65,0,1
2026-03-06 16:04:23.359309,2.45,19.92,-115.98,0,1
2026-03-06 16:04:28.359309,2.46,6.57,4.63,0,1
2026-03-06 16:04:33.359309,1.26,17.61,125.25,0,1
2026-03-06 16:04:38.359309,0.87,13.5,-93.17,0,1
2026-03-06 16:04:43.359309,0.9,11.06,11.32,0,1
2026-03-06 16:04:48.359309,2.96,5.39,-120.9,0,1
2026-03-06 16:04:53.359309,0.81,16.5,93.64,0,1
2026-03-06 16:04:58.359309,0.92,20.53,-60.83,0,1
2026-03-06 16:05:03.359309,0.29,14.81,36.3,0,1
2026-03-06 16:05:08.359309,2.24,8.35,22.21,0,1
2026-03-06 16:05:13.359309,0.5,17.49,83.8,1,1
2026-03-06 16:05:18.359309,2.48,12.51,-33.91,0,1
2026-03-06 16:05:23.359309,2.94,6.76,103.18,0,1
2026-03-06 16:05:28.359309,2.43,13.72,8.73,0,1
2026-03-06 16:05:33.359309,1.54,12.99,119.2,1,1
2026-03-06 16:05:38.359309,1.52,8.82,125.15,0,1
2026-03-06 16:05:43.359309,2.03,8.82,104.57,0,1
2026-03-06 16:05:48.359309,0.18,6.09,95.71,0,1
2026-03-06 16:05:53.359309,2.18,13.07,22.78,0,1
2026-03-06 16:05:58.359309,1.71,9.97,-53.77,1,1
2026-03-06 16:06:03.359309,2.06,19.52,104.62,0,1
2026-03-06 16:06:08.359309,0.84,6.97,15.5,0,1
2026-03-06 16:06:13.359309,1.27,6.71,-60.85,0,1
2026-03-06 16:06:18.359309,2.38,22.84,-63.33,0,1
2026-03-06 16:06:23.359309,0.26,7.42,-88.52,0,1
2026-03-06 16:06:28.359309,0.49,24.5,-34.83,0,1
2026-03-06 16:06:33.359309,1.07,20.62,47.82,0,1
2026-03-06 16:06:38.359309,2.94,8.43,103.38,1,1
2026-03-06 16:06:43.359309,0.14,19.44,65.39,0,1
2026-03-06 16:06:48.359309,0.81,20.48,-115.99,1,1
2026-03-06 16:06:53.359309,2.06,14.18,21.99,0,1
2026-03-06 16:06:58.359309,2.21,19.1,-93.35,0,1
2026-03-06 16:07:03.359309,1.06,11.86,1.61,0,1
2026-03-06 16:07:08.359309,0.42,22.76,-76.58,0,1
2026-03-06 16:07:13.359309,0.23,11.15,7.19,0,1
2026-03-06 16:07:18.359309,1.83,19.62,-94.46,0,1
2026-03-06 16:07:23.359309,0.98,17.82,-90.29,0,1
2026-03-06 16:07:28.359309,2.7,21.45,-108.08,0,1
2026-03-06 16:07:33.359309,0.23,9.17,-13.31,0,1
2026-03-06 16:07:38.359309,1.74,13.24,55.96,0,1
2026-03-06 16:07:43.359309,2.06,13.12,-71.14,0,1
2026-03-06 16:07:48.359309,1.16,6.88,124.5,1,1
2026-03-06 16:07:53.359309,1.29,16.21,-51.79,0,1
2026-03-06 16:07:58.359309,1.67,11.28,30.27,0,1
2026-03-06 16:08:03.359309,0.21,21.81,90.18,0,1
2026-03-06 16:08:08.359309,0.76,17.78,-97.54,0,1
2026-03-06 16:08:13.359309,0.94,14.02,-77.41,1,1
2026-03-06 16:08:18.359309,0.41,16.84,94.58,0,1
2026-03-06 16:08:23.359309,2.14,20.92,-57.64,0,1
2026-03-06 16:08:28.359309,1.84,23.39,1.45,0,1
2026-03-06 16:08:33.359309,0.74,6.06,76.86,0,1
2026-03-06 16:08:38.359309,1.77,12.32,-68.06,0,1
2026-03-06 16:08:43.359309,0.99,15.38,-42.22,0,1
2026-03-06 16:08:48.359309,1.53,19.03,19.69,0,1
2026-03-06 16:08:53.359309,2.57,18.4,-95.81,0,1
2026-03-06 16:08:58.359309,1.47,6.41,-42.16,0,1
2026-03-06 16:09:03.359309,1.26,23.64,57.72,0,1
2026-03-06 16:09:08.359309,2.03,18.55,-61.07,0,1
2026-03-06 16:09:13.359309,2.42,15.16,-10.24,0,1
2026-03-06 16:09:18.359309,1.06,15.66,120.61,0,1
2026-03-06 16:09:23.359309,2.67,23.37,105.53,0,1
2026-03-06 16:09:28.359309,0.2,23.29,-84.87,0,1
2026-03-06 16:09:33.359309,0.95,8.64,-35.74,0,1
2026-03-06 16:09:38.359309,0.49,13.4,13.76,0,1
2026-03-06 16:09:43.359309,0.17,22.46,111.29,1,1
2026-03-06 16:09:48.359309,0.63,17.96,-43.47,0,1
2026-03-06 16:09:53.359309,0.89,16.98,104.47,0,1
2026-03-06 16:09:58.359309,2.46,24.52,-23.33,0,1
2026-03-06 16:10:03.359309,0.13,5.59,-8.41,0,1
2026-03-06 16:10:08.359309,2.37,24.13,-5.22,0,1
2026-03-06 16:10:13.359309,0.48,16.96,31.47,0,1
2026-03-06 16:10:18.359309,0.6,20.17,49.07,0,1
2026-03-06 16:10:23.359309,1.01,12.79,9.18,0,1
2026-03-06 16:10:28.359309,1.57,14.01,-56.75,0,1
2026-03-06 16:10:33.359309,1.87,17.35,97.7,0,1
2026-03-06 16:10:38.359309,2.33,24.7,-37.96,0,1
2026-03-06 16:10:43.359309,2.35,19.06,-53.43,0,1
2026-03-06 16:10:48.359309,0.35,19.88,-73.57,1,1
2026-03-06 16:10:53.359309,1.34,11.4,-100.84,0,1
2026-03-06 16:10:58.359309,2.64,10.53,-44.81,0,1
2026-03-06 16:11:03.359309,2.74,20.34,-121.95,0,1
2026-03-06 16:11:08.359309,1.83,19.1,-69.52,0,1
2026-03-06 16:11:13.359309,0.18,14.16,-30.55,1,1
2026-03-06 16:11:18.359309,1.07,14.51,107.04,1,1
2026-03-06 16:11:23.359309,2.17,17.9,-17.92,0,1
2026-03-06 16:11:28.359309,2.07,12.71,-29.61,0,1
2026-03-06 16:11:33.359309,1.54,16.73,0.83,0,1
2026-03-06 16:11:38.359309,1.99,20.11,57.43,1,1
2026-03-06 16:11:43.359309,2.81,12.26,-24.77,0,1
2026-03-06 16:11:48.359309,2.25,17.17,73.5,0,1
2026-03-06 16:11:53.359309,1.93,20.57,-101.52,0,1
2026-03-06 16:11:58.359309,0.85,16.79,-17.29,0,1
2026-03-06 16:12:03.359309,1.48,13.43,-86.39,0,1
2026-03-06 16:12:08.359309,1.82,19.49,-52.56,0,1
2026-03-06 16:12:13.359309,1.15,23.46,-122.28,0,1
2026-03-06 16:12:18.359309,0.94,10.38,-27.68,0,1
2026-03-06 16:12:23.359309,1.87,23.47,-58.03,1,1
2026-03-06 16:12:28.359309,2.52,14.76,79.66,0,1
2026-03-06 16:12:33.359309,0.36,9.48,63.34,0,1
2026-03-06 16:12:38.359309,1.64,6.53,-26.69,1,1
2026-03-06 16:12:43.359309,0.03,22.73,-114.74,0,1
2026-03-06 16:12:48.359309,1.27,10.16,-48.11,1,1
2026-03-06 16:12:53.359309,2.28,16.15,-68.83,1,1
2026-03-06 16:12:58.359309,1.46,21.27,-27.17,0,1
2026-03-06 16:13:03.359309,0.56,9.16,26.56,0,1
2026-03-06 16:13:08.359309,0.35,24.54,39.9,0,1
2026-03-06 16:13:13.359309,1.38,17.09,-35.45,0,1
2026-03-06 16:13:18.359309,1.67,17.51,-31.81,0,1
2026-03-06 16:13:23.359309,0.86,7.89,-27.3,0,1
2026-03-06 16:13:28.359309,2.93,15.31,78.72,0,1
2026-03-06 16:13:33.359309,2.34,7.31,41.6,0,1
2026-03-06 16:13:38.359309,0.79,24.08,95.76,0,1
2026-03-06 16:13:43.359309,2.02,19.09,-34.63,0,1
2026-03-06 16:13:48.359309,2.76,14.75,-99.14,0,1
2026-03-06 16:13:53.359309,2.94,18.19,100.45,0,1
2026-03-06 16:13:58.359309,1.82,9.37,16.56,0,1
2026-03-06 16:14:03.359309,2.74,10.48,-85.68,0,1
2026-03-06 16:14:08.359309,1.94,8.25,-112.42,1,1
2026-03-06 16:14:13.359309,0.2,17.65,12.28,0,1
2026-03-06 16:14:18.359309,0.07,18.01,-97.59,1,1
2026-03-06 16:14:23.359309,2.51,13.15,82.96,0,1
2026-03-06 16:14:28.359309,1.03,7.26,28.62,0,0
2026-03-06 16:14:33.359309,2.38,21.06,-35.05,0,1
2026-03-06 16:14:38.359309,1.76,17.86,-37.24,0,1
2026-03-06 16:14:43.359309,0.13,16.85,46.23,1,1
2026-03-06 16:14:48.359309,1.7,13.44,88.45,0,1
2026-03-06 16:14:53.359309,0.62,24.87,93.64,0,1
2026-03-06 16:14:58.359309,1.82,12.99,-43.93,0,1
2026-03-06 16:15:03.359309,2.65,11.92,76.92,1,1
2026-03-06 16:15:08.359309,0.24,20.42,103.34,0,1
2026-03-06 16:15:13.359309,0.46,22.0,-70.27,0,1
2026-03-06 16:15:18.359309,0.25,17.61,29.2,1,1
2026-03-06 16:15:23.359309,1.37,7.24,-43.33,0,1
2026-03-06 16:15:28.359309,0.67,7.06,-101.11,0,1
2026-03-06 16:15:33.359309,2.73,15.12,-60.82,0,1
2026-03-06 16:15:38.359309,0.23,12.72,-124.5,0,1
2026-03-06 16:15:43.359309,0.39,6.02,-91.55,0,1
2026-03-06 16:15:48.359309,2.32,10.23,111.98,0,1
2026-03-06 16:15:53.359309,0.39,20.64,-78.86,0,1
2026-03-06 16:15:58.359309,0.55,19.35,-38.87,0,1
2026-03-06 16:16:03.359309,1.74,9.26,-69.97,0,1
2026-03-06 16:16:08.359309,1.83,6.44,112.41,1,1
2026-03-06 16:16:13.359309,2.39,23.14,77.93,0,1
2026-03-06 16:16:18.359309,1.81,7.12,-93.29,0,1
2026-03-06 16:16:23.359309,2.51,8.66,13.25,0,1
2026-03-06 16:16:28.359309,0.18,16.51,-81.05,1,1
2026-03-06 16:16:33.359309,1.04,7.7,9.92,0,1
2026-03-06 16:16:38.359309,1.42,8.77,-12.23,1,1
2026-03-06 16:16:43.359309,0.07,18.02,112.59,0,1
2026-03-06 16:16:48.359309,0.76,13.43,84.46,0,1
2026-03-06 16:16:53.359309,2.86,5.25,-104.19,1,1
2026-03-06 16:16:58.359309,0.16,18.71,-29.38,0,1
2026-03-06 16:17:03.359309,2.14,15.35,111.68,0,1
2026-03-06 16:17:08.359309,2.5,8.17,-38.06,0,1
2026-03-06 16:17:13.359309,0.7,22.62,-0.35,0,1
2026-03-06 16:17:18.359309,0.25,17.16,100.21,1,1
2026-03-06 16:17:23.359309,0.91,14.32,79.18,0,1
2026-03-06 16:17:28.359309,1.86,13.25,-113.93,0,1
2026-03-06 16:17:33.359309,2.86,9.35,-62.2,0,1
2026-03-06 16:17:38.359309,0.82,22.83,91.84,0,1
2026-03-06 16:17:43.359309,1.28,10.08,-115.64,0,1
2026-03-06 16:17:48.359309,2.91,16.41,75.25,0,1
2026-03-06 16:17:53.359309,1.49,17.05,96.34,0,1
2026-03-06 16:17:58.359309,0.78,9.42,57.07,0,1
2026-03-06 16:18:03.359309,1.88,20.47,-30.09,0,1
2026-03-06 16:18:08.359309,0.4,16.14,-118.78,0,1
2026-03-06 16:18:13.359309,1.15,19.5,1.34,0,1
2026-03-06 16:18:18.359309,0.96,17.21,-92.14,0,1
2026-03-06 16:18:23.359309,1.21,18.41,80.59,0,1
2026-03-06 16:18:28.359309,2.01,22.47,-65.95,0,1
2026-03-06 16:18:33.359309,2.99,21.13,-85.01,0,1
2026-03-06 16:18:38.359309,0.95,24.5,65.88,0,1
2026-03-06 16:18:43.359309,1.79,17.74,32.45,0,1
2026-03-06 16:18:48.359309,0.97,24.99,-81.07,0,1
2026-03-06 16:18:53.359309,0.6,10.46,-57.98,0,1
2026-03-06 16:18:58.359309,1.3,16.41,-6.36,1,1
2026-03-06 16:19:03.359309,2.24,10.59,-42.12,0,1
2026-03-06 16:19:08.359309,1.69,7.78,125.66,0,1
2026-03-06 16:19:13.359309,2.71,11.81,-113.46,0,1
2026-03-06 16:19:18.359309,1.74,24.49,87.56,0,1
2026-03-06 16:19:23.359309,2.53,24.3,-112.91,1,1
2026-03-06 16:19:28.359309,2.0,12.02,88.73,0,1
2026-03-06 16:19:33.359309,2.78,24.11,32.97,0,1
2026-03-06 16:19:38.359309,2.39,23.43,81.63,0,1
2026-03-06 16:19:43.359309,0.77,15.29,11.92,0,1
2026-03-06 16:19:48.359309,1.25,20.33,-52.94,0,1
2026-03-06 16:19:53.359309,0.46,22.35,-90.47,0,1
2026-03-06 16:19:58.359309,2.76,13.68,106.45,0,1
2026-03-06 16:20:03.359309,2.5,18.95,-66.03,0,1
2026-03-06 16:20:08.359309,1.03,21.5,58.34,0,1
2026-03-06 16:20:13.359309,1.33,8.74,59.72,0,1
2026-03-06 16:20:18.359309,0.2,7.82,125.9,0,1
2026-03-06 16:20:23.359309,1.11,12.79,56.1,0,1
2026-03-06 16:20:28.359309,2.11,9.12,-13.8,0,1
2026-03-06 16:20:33.359309,2.42,22.59,-112.21,1,1
2026-03-06 16:20:38.359309,2.15,16.08,17.36,0,1
2026-03-06 16:20:43.359309,2.64,21.99,125.3,0,1
2026-03-06 16:20:48.359309,0.44,23.64,44.1,0,1
2026-03-06 16:20:53.359309,0.38,6.65,16.43,0,1
2026-03-06 16:20:58.359309,1.66,14.55,-51.75,0,1
2026-03-06 16:21:03.359309,2.88,16.34,-4.19,0,1
2026-03-06 16:21:08.359309,2.25,14.24,-47.3,0,1
2026-03-06 16:21:13.359309,2.19,18.48,114.96,0,1
2026-03-06 16:21:18.359309,2.4,24.79,-114.1,0,1
2026-03-06 16:21:23.359309,0.1,17.34,-100.9,0,1
2026-03-06 16:21:28.359309,1.98,6.75,-121.33,0,1
2026-03-06 16:21:33.359309,0.11,16.08,5.96,0,1
2026-03-06 16:21:38.359309,2.31,15.98,-88.03,0,1
2026-03-06 16:21:43.359309,2.06,23.53,9.09,0,1
2026-03-06 16:21:48.359309,2.2,8.14,-55.87,0,1
2026-03-06 16:21:53.359309,0.87,9.71,-84.82,0,1
2026-03-06 16:21:58.359309,2.84,23.91,100.1,0,1
2026-03-06 16:22:03.359309,1.0,16.58,111.32,0,1
2026-03-06 16:22:08.359309,1.45,16.77,80.73,0,1
2026-03-06 16:22:13.359309,0.81,24.53,-93.79,1,1
2026-03-06 16:22:18.359309,1.16,9.82,-24.83,0,1
2026-03-06 16:22:23.359309,1.44,20.5,-82.44,0,1
2026-03-06 16:22:28.359309,1.81,9.1,-29.61,0,1
2026-03-06 16:22:33.359309,0.02,18.49,-100.28,0,1
2026-03-06 16:22:38.359309,2.36,24.33,105.49,1,1
2026-03-06 16:22:43.359309,0.23,22.92,-71.03,0,1
2026-03-06 16:22:48.359309,1.44,19.52,-42.99,0,1
2026-03-06 16:22:53.359309,2.54,18.47,53.68,0,1
2026-03-06 16:22:58.359309,1.32,13.62,90.68,0,1
2026-03-06 16:23:03.359309,2.09,14.36,121.59,0,1
2026-03-06 16:23:08.359309,0.34,5.93,88.4,0,1
2026-03-06 16:23:13.359309,1.54,19.73,-126.71,0,1
2026-03-06 16:23:18.359309,0.3,14.94,-57.13,0,1
2026-03-06 16:23:23.359309,0.87,20.68,17.68,0,1
2026-03-06 16:23:28.359309,0.37,21.67,46.87,0,1
2026-03-06 16:23:33.359309,2.81,14.19,-60.73,0,1
2026-03-06 16:23:38.359309,0.74,9.28,-27.95,1,1
2026-03-06 16:23:43.359309,1.71,23.53,-102.62,0,1
2026-03-06 16:23:48.359309,0.37,17.4,78.36,1,1
2026-03-06 16:23:53.359309,1.55,19.7,51.76,0,1
2026-03-06 16:23:58.359309,2.55,16.64,-88.18,0,1
2026-03-06 16:24:03.359309,0.23,16.54,-42.05,0,1
2026-03-06 16:24:08.359309,1.71,14.58,103.57,0,1
2026-03-06 16:24:13.359309,2.16,8.22,-32.95,0,1
2026-03-06 16:24:18.359309,1.17,24.24,100.51,0,1
2026-03-06 16:24:23.359309,1.45,24.7,50.63,0,1
2026-03-06 16:24:28.359309,2.38,13.7,123.93,1,1
2026-03-06 16:24:33.359309,1.96,14.78,58.36,0,1
2026-03-06 16:24:38.359309,2.52,12.46,-79.56,0,1
2026-03-06 16:24:43.359309,2.32,19.29,64.96,0,1
2026-03-06 16:24:48.359309,1.45,19.78,-97.17,0,1
2026-03-06 16:24:53.359309,1.72,5.81,-30.52,0,1
2026-03-06 16:24:58.359309,0.08,21.68,74.4,0,1
2026-03-06 16:25:03.359309,0.16,23.56,-10.51,0,1
2026-03-06 16:25:08.359309,1.29,8.85,-40.07,0,1
2026-03-06 16:25:13.359309,1.26,19.6,-90.59,0,1
2026-03-06 16:25:18.359309,2.49,18.02,-43.39,0,1
2026-03-06 16:25:23.359309,2.67,24.95,-10.05,0,1
2026-03-06 16:25:28.359309,0.74,23.97,-69.4,0,1
2026-03-06 16:25:33.359309,2.54,20.36,89.66,0,1
2026-03-06 16:25:38.359309,0.35,24.53,-117.73,0,1
2026-03-06 16:25:43.359309,0.46,14.6,101.16,0,1
2026-03-06 16:25:48.359309,2.7,16.59,-71.91,0,1
2026-03-06 16:25:53.359309,1.39,22.21,19.25,0,1
2026-03-06 16:25:58.359309,0.98,12.18,-58.82,0,1
2026-03-06 16:26:03.359309,1.58,16.96,-116.17,0,1
2026-03-06 16:26:08.359309,2.73,14.78,73.68,0,1
2026-03-06 16:26:13.359309,1.33,10.15,-75.39,0,1
2026-03-06 16:26:18.359309,2.96,10.99,30.72,0,1
2026-03-06 16:26:23.359309,0.99,20.57,-96.75,0,1
2026-03-06 16:26:28.359309,0.21,23.66,1.45,0,1
2026-03-06 16:26:33.359309,2.37,21.15,32.18,0,1
2026-03-06 16:26:38.359309,2.14,17.89,-38.03,0,1
2026-03-06 16:26:43.359309,0.86,23.43,-65.21,0,1
2026-03-06 16:26:48.359309,0.22,18.98,-111.67,0,1
2026-03-06 16:26:53.359309,2.39,21.01,126.16,0,1
2026-03-06 16:26:58.359309,1.51,16.1,89.06,0,1
2026-03-06 16:27:03.359309,0.4,9.75,121.48,0,1
2026-03-06 16:27:08.359309,1.78,16.76,-120.55,0,1
2026-03-06 16:27:13.359309,0.43,21.97,16.74,0,1
2026-03-06 16:27:18.359309,2.76,10.95,-78.89,0,1
2026-03-06 16:27:23.359309,0.61,13.29,69.15,0,1
2026-03-06 16:27:28.359309,1.38,19.86,-102.5,0,1
2026-03-06 16:27:33.359309,2.46,17.1,-20.04,0,1
2026-03-06 16:27:38.359309,2.27,20.85,48.38,0,1
2026-03-06 16:27:43.359309,0.11,12.51,-74.64,0,1
2026-03-06 16:27:48.359309,0.54,17.33,-114.21,0,1
2026-03-06 16:27:53.359309,1.58,13.19,27.39,0,1
2026-03-06 16:27:58.359309,2.2,11.23,38.7,0,1
2026-03-06 16:28:03.359309,2.69,22.69,-81.31,0,1
2026-03-06 16:28:08.359309,0.6,21.81,-50.48,0,1
2026-03-06 16:28:13.359309,2.15,20.11,11.8,0,1
2026-03-06 16:28:18.359309,2.3,7.3,119.87,0,1
2026-03-06 16:28:23.359309,2.36,11.46,-20.43,0,1
2026-03-06 16:28:28.359309,2.76,23.33,-1.0,0,1
2026-03-06 16:28:33.359309,0.85,8.54,-2.9,0,1
2026-03-06 16:28:38.359309,1.17,11.82,95.79,0,1
2026-03-06 16:28:43.359309,0.51,13.11,124.45,0,1
2026-03-06 16:28:48.359309,1.88,19.31,63.04,0,1
2026-03-06 16:28:53.359309,0.41,13.14,80.38,0,1
2026-03-06 16:28:58.359309,0.35,13.56,-26.82,0,1
2026-03-06 16:29:03.359309,2.09,7.22,-64.45,0,1
2026-03-06 16:29:08.359309,0.31,15.66,56.88,0,1
2026-03-06 16:29:13.359309,1.73,21.27,71.29,0,1
2026-03-06 16:29:18.359309,0.03,10.78,-114.56,1,1
2026-03-06 16:29:23.359309,0.01,10.4,-109.95,0,1
2026-03-06 16:29:28.359309,1.22,22.8,74.58,0,1
2026-03-06 16:29:33.359309,1.02,15.08,-94.63,0,1
2026-03-06 16:29:38.359309,0.9,6.54,-30.6,0,1
2026-03-06 16:29:43.359309,1.69,10.44,-6.37,1,1
2026-03-06 16:29:48.359309,1.09,8.79,-27.7,0,1
2026-03-06 16:29:53.359309,1.98,13.7,123.79,0,1
2026-03-06 16:29:58.359309,0.84,18.52,40.25,0,1
2026-03-06 16:30:03.359309,2.28,21.56,-92.59,0,1
2026-03-06 16:30:08.359309,0.54,11.59,8.35,0,1
2026-03-06 16:30:13.359309,2.08,8.76,80.2,0,1
2026-03-06 16:30:18.359309,2.2,8.49,-34.23,0,1
2026-03-06 16:30:23.359309,0.51,23.47,68.07,1,1
2026-03-06 16:30:28.359309,0.71,11.14,111.71,0,1
2026-03-06 16:30:33.359309,2.47,22.66,-87.33,0,1
2026-03-06 16:30:38.359309,2.91,12.31,-69.38,0,1
2026-03-06 16:30:43.359309,1.78,18.17,15.84,0,1
2026-03-06 16:30:48.359309,0.9,5.56,-85.84,0,1
2026-03-06 16:30:53.359309,1.99,9.98,104.63,0,1
2026-03-06 16:30:58.359309,1.24,20.31,27.73,0,1
2026-03-06 16:31:03.359309,1.79,11.06,-48.84,0,1
2026-03-06 16:31:08.359309,1.11,6.65,-50.02,1,1
2026-03-06 16:31:13.359309,2.42,5.49,-31.28,0,1
2026-03-06 16:31:18.359309,0.24,16.59,44.25,0,1
2026-03-06 16:31:23.359309,0.74,12.75,-69.69,0,1
2026-03-06 16:31:28.359309,0.49,22.82,-87.99,1,1
2026-03-06 16:31:33.359309,0.31,19.17,65.82,0,1
2026-03-06 16:31:38.359309,2.82,6.5,65.63,0,1
2026-03-06 16:31:43.359309,2.37,16.71,-62.23,1,1
2026-03-06 16:31:48.359309,2.63,13.36,24.73,0,1
2026-03-06 16:31:53.359309,2.9,17.49,85.59,0,1
2026-03-06 16:31:58.359309,1.98,14.38,-90.94,0,1
2026-03-06 16:32:03.359309,0.13,13.79,45.5,0,1
2026-03-06 16:32:08.359309,1.98,24.72,73.25,0,1
2026-03-06 16:32:13.359309,1.45,24.31,16.34,0,1
2026-03-06 16:32:18.359309,0.99,21.85,66.11,0,1
2026-03-06 16:32:23.359309,2.06,16.49,110.97,0,1
2026-03-06 16:32:28.359309,1.47,9.95,-50.48,0,1
2026-03-06 16:32:33.359309,2.96,24.11,-53.35,0,1
2026-03-06 16:32:38.359309,1.23,13.59,-1.73,0,1
2026-03-06 16:32:43.359309,1.71,16.92,40.43,0,1
2026-03-06 16:32:48.359309,1.65,19.23,23.09,0,1
2026-03-06 16:32:53.359309,0.82,15.69,-99.41,0,1
2026-03-06 16:32:58.359309,0.53,8.12,-41.87,0,1
2026-03-06 16:33:03.359309,2.76,11.01,-106.9,1,1
2026-03-06 16:33:08.359309,1.85,23.44,-18.18,0,1
2026-03-06 16:33:13.359309,2.71,23.95,-13.23,1,1
2026-03-06 16:33:18.359309,2.99,19.07,-17.5,0,1
2026-03-06 16:33:23.359309,0.41,16.17,25.23,0,1
2026-03-06 16:33:28.359309,1.91,9.6,82.68,1,1
2026-03-06 16:33:33.359309,2.23,24.3,-0.99,0,1
2026-03-06 16:33:38.359309,1.36,15.14,78.75,0,1
2026-03-06 16:33:43.359309,0.18,6.97,-82.73,0,1
2026-03-06 16:33:48.359309,2.15,16.65,16.73,0,1
2026-03-06 16:33:53.359309,1.31,22.39,-81.2,1,1
2026-03-06 16:33:58.359309,2.53,11.78,15.73,0,1
2026-03-06 16:34:03.359309,2.92,9.27,14.7,0,1
2026-03-06 16:34:08.359309,1.06,22.39,-31.73,0,1
2026-03-06 16:34:13.359309,1.89,22.7,88.67,0,1
2026-03-06 16:34:18.359309,0.36,7.85,-111.34,0,1
2026-03-06 16:34:23.359309,2.67,23.45,-32.97,0,1
2026-03-06 16:34:28.359309,2.59,12.55,-53.42,1,1
2026-03-06 16:34:33.359309,1.04,23.43,-53.6,0,1
2026-03-06 16:34:38.359309,1.78,13.31,-84.67,0,1
2026-03-06 16:34:43.359309,2.94,23.11,-90.45,0,1
2026-03-06 16:34:48.359309,2.42,5.02,51.42,0,1
2026-03-06 16:34:53.359309,2.06,9.51,-124.32,0,1
2026-03-06 16:34:58.359309,1.09,19.51,-51.48,0,1
2026-03-06 16:35:03.359309,2.17,19.31,19.46,0,1
2026-03-06 16:35:08.359309,1.82,18.38,66.85,0,1
2026-03-06 16:35:13.359309,2.44,15.07,111.58,0,1
2026-03-06 16:35:18.359309,2.7,9.39,-2.91,0,1
2026-03-06 16:35:23.359309,0.15,9.29,113.24,0,1
2026-03-06 16:35:28.359309,0.18,24.37,-78.15,0,1
2026-03-06 16:35:33.359309,2.12,16.37,35.51,0,1
2026-03-06 16:35:38.359309,0.91,17.57,-43.51,0,1
2026-03-06 16:35:43.359309,1.95,23.01,-74.69,0,1
2026-03-06 16:35:48.359309,1.16,13.37,10.6,0,1
2026-03-06 16:35:53.359309,1.15,6.05,81.47,0,1
2026-03-06 16:35:58.359309,0.88,13.67,39.47,0,0
2026-03-06 16:36:03.359309,0.55,10.72,-29.25,1,1
2026-03-06 16:36:08.359309,2.67,9.0,54.49,0,1
2026-03-06 16:36:13.359309,1.38,12.98,10.93,0,1
2026-03-06 16:36:18.359309,1.27,12.46,65.91,0,1
2026-03-06 16:36:23.359309,1.35,23.36,56.24,1,1
2026-03-06 16:36:28.359309,0.15,16.62,29.42,0,1
2026-03-06 16:36:33.359309,1.25,16.31,-72.82,0,1
2026-03-06 16:36:38.359309,2.34,24.39,-2.28,0,1
2026-03-06 16:36:43.359309,2.84,20.01,-33.93,0,1
2026-03-06 16:36:48.359309,1.61,22.31,71.41,0,1
2026-03-06 16:36:53.359309,0.68,5.49,37.18,0,1
2026-03-06 16:36:58.359309,0.77,18.74,36.8,0,1
2026-03-06 16:37:03.359309,0.43,6.47,-0.81,0,1
2026-03-06 16:37:08.359309,2.95,22.27,80.68,0,1
2026-03-06 16:37:13.359309,2.35,15.04,46.09,0,1
2026-03-06 16:37:18.359309,1.59,12.24,-114.49,0,1
2026-03-06 16:37:23.359309,1.41,6.96,48.41,0,1
2026-03-06 16:37:28.359309,1.61,19.73,-121.83,0,1
2026-03-06 16:37:33.359309,2.22,8.19,104.06,1,1
2026-03-06 16:37:38.359309,0.74,24.15,-37.82,0,1
2026-03-06 16:37:43.359309,2.31,11.85,-29.57,0,1
2026-03-06 16:37:48.359309,0.85,22.66,58.67,0,1
2026-03-06 16:37:53.359309,2.3,20.72,-112.47,0,1
2026-03-06 16:37:58.359309,2.62,9.56,35.47,0,1
2026-03-06 16:38:03.359309,0.42,14.73,59.74,1,1
2026-03-06 16:38:08.359309,2.12,11.72,-20.24,0,1
2026-03-06 16:38:13.359309,2.84,15.13,-19.77,0,1
2026-03-06 16:38:18.359309,2.63,11.41,-24.9,0,1
2026-03-06 16:38:23.359309,1.08,16.22,-96.91,0,1
2026-03-06 16:38:28.359309,0.5,14.69,31.03,0,1
2026-03-06 16:38:33.359309,0.01,13.76,92.78,0,1
2026-03-06 16:38:38.359309,0.92,8.39,20.42,0,1
2026-03-06 16:38:43.359309,1.51,19.25,-91.66,0,1
2026-03-06 16:38:48.359309,0.58,21.1,-122.96,0,1
2026-03-06 16:38:53.359309,1.3,22.82,99.27,1,1
2026-03-06 16:38:58.359309,2.12,18.36,75.91,0,1
2026-03-06 16:39:03.359309,0.85,15.9,-46.12,0,1
2026-03-06 16:39:08.359309,1.2,5.12,31.11,1,1
2026-03-06 16:39:13.359309,2.85,24.78,116.16,0,1
2026-03-06 16:39:18.359309,2.86,22.15,-97.02,0,1
2026-03-06 16:39:23.359309,0.95,21.99,102.34,0,1
2026-03-06 16:39:28.359309,0.97,16.51,75.53,0,1
2026-03-06 16:39:33.359309,1.29,13.49,-8.85,0,1
2026-03-06 16:39:38.359309,0.04,22.15,-124.04,1,1
2026-03-06 16:39:43.359309,0.38,5.56,-50.7,0,1
2026-03-06 16:39:48.359309,1.77,13.6,123.94,0,1
2026-03-06 16:39:53.359309,1.98,17.24,9.24,0,1
2026-03-06 16:39:58.359309,0.11,6.91,22.78,0,1
2026-03-06 16:40:03.359309,2.68,13.83,19.62,0,1
2026-03-06 16:40:08.359309,2.99,18.87,53.13,0,1
2026-03-06 16:40:13.359309,0.15,13.79,69.88,0,1
2026-03-06 16:40:18.359309,0.8,22.67,-99.6,0,1
2026-03-06 16:40:23.359309,2.27,9.12,-72.72,0,1
2026-03-06 16:40:28.359309,2.01,22.09,94.98,0,1
2026-03-06 16:40:33.359309,2.13,18.22,54.5,0,1
2026-03-06 16:40:38.359309,2.61,7.99,80.86,0,1
2026-03-06 16:40:43.359309,1.05,7.62,65.71,0,1
2026-03-06 16:40:48.359309,0.19,7.5,54.38,0,1
2026-03-06 16:40:53.359309,1.07,6.03,-75.97,0,1
2026-03-06 16:40:58.359309,1.23,7.73,-34.54,0,1
2026-03-06 16:41:03.359309,0.7,7.02,97.4,1,1
2026-03-06 16:41:08.359309,0.49,21.35,-124.71,1,1
2026-03-06 16:41:13.359309,1.51,24.36,73.81,0,1
2026-03-06 16:41:18.359309,0.97,15.68,-35.48,0,1
2026-03-06 16:41:23.359309,1.4,14.67,-87.98,0,1
2026-03-06 16:41:28.359309,2.35,15.04,90.77,0,1
2026-03-06 16:41:33.359309,2.96,14.42,102.85,0,1
2026-03-06 16:41:38.359309,0.89,21.38,16.58,0,1
2026-03-06 16:41:43.359309,2.96,13.19,74.46,0,1
2026-03-06 16:41:48.359309,2.55,15.01,10.6,0,1
2026-03-06 16:41:53.359309,2.88,18.62,118.58,0,1
2026-03-06 16:41:58.359309,2.96,8.53,-110.58,0,1
2026-03-06 16:42:03.359309,0.46,16.1,32.92,0,1
2026-03-06 16:42:08.359309,2.8,20.09,106.03,0,1
2026-03-06 16:42:13.359309,0.91,16.71,51.01,0,1
2026-03-06 16:42:18.359309,1.69,24.88,-40.09,0,1
2026-03-06 16:42:23.359309,2.71,5.45,16.23,0,1
2026-03-06 16:42:28.359309,0.99,22.75,32.83,0,1
2026-03-06 16:42:33.359309,1.79,24.5,-115.65,0,1
2026-03-06 16:42:38.359309,1.11,5.45,-11.03,0,1
2026-03-06 16:42:43.359309,1.86,13.97,-56.51,1,1
2026-03-06 16:42:48.359309,1.69,18.71,81.36,0,1
2026-03-06 16:42:53.359309,2.56,22.59,61.28,0,1
2026-03-06 16:42:58.359309,1.34,19.18,5.84,0,1
2026-03-06 16:43:03.359309,2.88,15.06,-121.96,0,1
2026-03-06 16:43:08.359309,0.55,13.44,-27.64,0,1
2026-03-06 16:43:13.359309,0.44,17.53,-103.11,0,1
2026-03-06 16:43:18.359309,1.94,11.33,-53.14,0,1
2026-03-06 16:43:23.359309,2.39,21.74,-36.89,0,1
2026-03-06 16:43:28.359309,0.23,16.37,74.29,0,1
2026-03-06 16:43:33.359309,2.98,22.03,-48.88,0,1
2026-03-06 16:43:38.359309,0.66,21.79,76.37,0,1
2026-03-06 16:43:43.359309,0.7,18.93,32.28,1,1
2026-03-06 16:43:48.359309,2.37,13.83,10.56,0,1
2026-03-06 16:43:53.359309,2.05,14.79,71.91,1,1
2026-03-06 16:43:58.359309,1.78,6.35,18.8,0,1
2026-03-06 16:44:03.359309,0.24,17.84,67.38,0,1
2026-03-06 16:44:08.359309,0.57,23.35,-98.1,0,1
2026-03-06 16:44:13.359309,2.88,14.37,-26.14,1,1
2026-03-06 16:44:18.359309,2.58,10.08,48.96,0,1
2026-03-06 16:44:23.359309,2.87,23.03,33.42,0,1
2026-03-06 16:44:28.359309,1.66,13.91,-28.63,1,1
2026-03-06 16:44:33.359309,0.41,14.3,61.23,0,1
2026-03-06 16:44:38.359309,2.37,11.79,106.39,0,1
2026-03-06 16:44:43.359309,2.29,15.68,24.32,0,1
2026-03-06 16:44:48.359309,1.51,12.11,-72.17,0,1
2026-03-06 16:44:53.359309,2.72,8.47,26.1,0,1
2026-03-06 16:44:58.359309,2.29,23.28,-17.7,0,1
2026-03-06 16:45:03.359309,2.65,22.02,103.82,0,1
2026-03-06 16:45:08.359309,1.07,14.2,-123.34,0,1
2026-03-06 16:45:13.359309,0.35,13.81,124.46,0,1
2026-03-06 16:45:18.359309,1.1,20.92,34.41,0,1
2026-03-06 16:45:23.359309,2.85,17.6,-106.77,0,1
2026-03-06 16:45:28.359309,2.99,23.26,53.76,1,1
2026-03-06 16:45:33.359309,2.44,10.58,29.97,0,1
2026-03-06 16:45:38.359309,2.93,14.15,-40.99,0,1
2026-03-06 16:45:43.359309,0.54,18.15,-116.93,0,1
2026-03-06 16:45:48.359309,2.92,9.86,-40.25,0,1
2026-03-06 16:45:53.359309,0.66,6.52,22.88,0,1
2026-03-06 16:45:58.359309,2.98,15.92,-55.5,0,1
2026-03-06 16:46:03.359309,1.72,19.16,9.75,0,1
2026-03-06 16:46:08.359309,1.75,8.6,-68.25,0,1
2026-03-06 16:46:13.359309,2.9,5.13,-36.51,0,1
2026-03-06 16:46:18.359309,1.96,23.35,-120.61,0,1
2026-03-06 16:46:23.359309,2.85,18.18,103.23,0,1
2026-03-06 16:46:28.359309,0.48,11.33,-117.15,0,1
2026-03-06 16:46:33.359309,2.05,6.77,113.92,0,1
2026-03-06 16:46:38.359309,0.88,23.35,19.22,0,1
2026-03-06 16:46:43.359309,0.76,12.75,3.6,0,1
2026-03-06 16:46:48.359309,0.21,14.82,124.7,0,1
2026-03-06 16:46:53.359309,0.73,13.66,-89.64,0,1
2026-03-06 16:46:58.359309,0.87,18.95,12.28,0,1
2026-03-06 16:47:03.359309,0.07,16.21,-59.36,0,1
2026-03-06 16:47:08.359309,1.16,21.49,29.76,0,1
2026-03-06 16:47:13.359309,2.11,9.07,-34.32,0,1
2026-03-06 16:47:18.359309,2.04,8.18,-56.85,0,1
2026-03-06 16:47:23.359309,2.92,24.87,-54.19,0,1
2026-03-06 16:47:28.359309,2.24,18.95,-44.3,0,1
2026-03-06 16:47:33.359309,0.33,9.83,-27.6,1,1
2026-03-06 16:47:38.359309,2.68,5.74,94.06,0,1
2026-03-06 16:47:43.359309,1.41,18.84,-3.57,0,1
2026-03-06 16:47:48.359309,1.71,16.28,-22.64,0,1
2026-03-06 16:47:53.359309,0.8,16.12,36.92,0,1
2026-03-06 16:47:58.359309,1.77,5.98,-54.45,0,1
2026-03-06 16:48:03.359309,2.79,16.55,88.57,0,1
2026-03-06 16:48:08.359309,0.86,11.35,34.55,0,0
2026-03-06 16:48:13.359309,1.38,15.55,-50.63,0,1
2026-03-06 16:48:18.359309,2.04,20.27,47.36,0,1
2026-03-06 16:48:23.359309,2.52,23.02,100.13,0,1
2026-03-06 16:48:28.359309,2.25,13.86,24.41,0,1
2026-03-06 16:48:33.359309,2.28,15.57,50.03,0,1
2026-03-06 16:48:38.359309,2.14,22.14,-108.59,1,1
2026-03-06 16:48:43.359309,2.28,11.79,46.56,0,1
2026-03-06 16:48:48.359309,2.44,16.68,-125.61,1,1
2026-03-06 16:48:53.359309,1.86,11.2,90.69,0,1
2026-03-06 16:48:58.359309,1.62,7.97,24.9,0,1
2026-03-06 16:49:03.359309,0.57,17.41,96.71,1,1
2026-03-06 16:49:08.359309,1.69,19.8,-10.6,0,1
2026-03-06 16:49:13.359309,2.71,20.67,0.72,0,1
2026-03-06 16:49:18.359309,0.59,22.5,-3.8,0,1
2026-03-06 16:49:23.359309,2.48,7.3,14.16,0,1
2026-03-06 16:49:28.359309,1.55,23.37,-116.07,0,1
2026-03-06 16:49:33.359309,2.27,15.81,-33.88,0,1
2026-03-06 16:49:38.359309,2.85,6.55,-43.33,0,1
2026-03-06 16:49:43.359309,0.23,16.65,-107.44,0,1
2026-03-06 16:49:48.359309,0.66,17.97,58.49,0,1
2026-03-06 16:49:53.359309,0.22,5.92,12.3,0,1
2026-03-06 16:49:58.359309,2.44,10.66,-68.77,1,1
2026-03-06 16:50:03.359309,0.3,22.93,21.52,0,1
2026-03-06 16:50:08.359309,0.37,23.62,-50.81,0,1
2026-03-06 16:50:13.359309,0.85,21.95,-105.84,0,1
2026-03-06 16:50:18.359309,2.4,19.26,111.06,0,1
2026-03-06 16:50:23.359309,0.05,16.84,105.79,0,1
2026-03-06 16:50:28.359309,1.14,24.46,-56.43,0,1
2026-03-06 16:50:33.359309,0.49,15.41,3.45,0,1
2026-03-06 16:50:38.359309,0.78,9.26,78.37,0,1
2026-03-06 16:50:43.359309,0.57,17.23,-70.82,0,1
2026-03-06 16:50:48.359309,0.26,16.14,-124.71,0,1
2026-03-06 16:50:53.359309,1.96,12.48,-34.87,0,1
2026-03-06 16:50:58.359309,1.44,20.69,-126.07,0,1
2026-03-06 16:51:03.359309,1.41,11.88,124.9,0,1
2026-03-06 16:51:08.359309,0.19,21.05,-38.99,0,1
2026-03-06 16:51:13.359309,0.01,13.61,-65.9,0,1
2026-03-06 16:51:18.359309,2.61,22.03,-33.19,0,1
2026-03-06 16:51:23.359309,2.01,18.37,37.52,0,1
2026-03-06 16:51:28.359309,2.71,10.68,91.62,0,1
2026-03-06 16:51:33.359309,1.3,6.82,-18.79,0,1
2026-03-06 16:51:38.359309,2.17,14.83,49.43,0,1
2026-03-06 16:51:43.359309,1.29,8.72,0.41,0,1
2026-03-06 16:51:48.359309,0.75,18.45,-91.03,0,1
2026-03-06 16:51:53.359309,1.51,13.65,-104.58,0,1
2026-03-06 16:51:58.359309,1.57,10.96,-17.18,1,1
2026-03-06 16:52:03.359309,1.75,5.05,-80.83,0,1
2026-03-06 16:52:08.359309,2.7,18.5,-56.57,0,1
2026-03-06 16:52:13.359309,2.32,11.5,-64.59,0,1
2026-03-06 16:52:18.359309,2.47,13.21,44.12,1,1
2026-03-06 16:52:23.359309,2.87,15.03,-119.93,0,1
2026-03-06 16:52:28.359309,2.0,19.61,31.16,0,1
2026-03-06 16:52:33.359309,1.01,15.79,-79.48,0,1
2026-03-06 16:52:38.359309,1.91,6.04,-76.08,0,1
2026-03-06 16:52:43.359309,0.38,12.96,84.82,0,1
2026-03-06 16:52:48.359309,2.5,15.6,111.8,0,1
2026-03-06 16:52:53.359309,1.51,24.04,2.84,0,1
2026-03-06 16:52:58.359309,1.24,7.29,-10.82,0,1
2026-03-06 16:53:03.359309,1.47,23.1,85.2,0,1
2026-03-06 16:53:08.359309,0.23,10.68,11.86,0,1
2026-03-06 16:53:13.359309,1.62,7.56,89.59,0,1
2026-03-06 16:53:18.359309,2.81,19.04,12.73,0,1
2026-03-06 16:53:23.359309,1.27,13.63,-52.98,1,1
2026-03-06 16:53:28.359309,1.16,12.47,83.9,0,1
2026-03-06 16:53:33.359309,2.53,20.56,-78.06,0,1
2026-03-06 16:53:38.359309,1.41,21.73,107.79,0,1
2026-03-06 16:53:43.359309,1.77,19.24,-21.13,0,1
2026-03-06 16:53:48.359309,1.78,22.86,-4.8,0,1
2026-03-06 16:53:53.359309,0.66,11.62,126.25,0,1
2026-03-06 16:53:58.359309,2.24,24.9,-114.28,0,1
2026-03-06 16:54:03.359309,1.99,22.65,9.26,0,1
2026-03-06 16:54:08.359309,2.51,11.41,-38.48,0,1
2026-03-06 16:54:13.359309,2.69,17.35,-58.4,0,1
2026-03-06 16:54:18.359309,0.12,10.89,34.77,0,1
2026-03-06 16:54:23.359309,1.55,10.46,-43.57,0,1
2026-03-06 16:54:28.359309,0.42,19.95,-102.69,0,1
2026-03-06 16:54:33.359309,0.27,23.22,-61.37,0,1
2026-03-06 16:54:38.359309,0.98,7.46,-97.24,0,1
2026-03-06 16:54:43.359309,2.8,5.8,87.44,0,1
2026-03-06 16:54:48.359309,2.2,13.22,-36.01,0,1
2026-03-06 16:54:53.359309,0.66,12.26,26.25,0,1
2026-03-06 16:54:58.359309,2.82,20.42,-43.29,0,1
2026-03-06 16:55:03.359309,0.13,9.73,-47.49,0,1
2026-03-06 16:55:08.359309,2.72,16.55,121.76,0,1
2026-03-06 16:55:13.359309,2.85,15.61,-71.35,0,1
2026-03-06 16:55:18.359309,2.63,6.57,115.13,0,1
2026-03-06 16:55:23.359309,0.81,7.82,-14.11,0,1
2026-03-06 16:55:28.359309,0.99,7.97,75.5,0,1
2026-03-06 16:55:33.359309,2.81,11.93,-113.41,0,1
2026-03-06 16:55:38.359309,1.04,17.18,114.95,0,1
2026-03-06 16:55:43.359309,0.47,11.85,-115.8,0,1
2026-03-06 16:55:48.359309,0.83,13.04,27.81,0,0
2026-03-06 16:55:53.359309,0.3,13.8,-65.58,0,1
2026-03-06 16:55:58.359309,0.16,17.24,-81.64,0,1
2026-03-06 16:56:03.359309,2.54,24.83,-103.23,0,1
2026-03-06 16:56:08.359309,2.49,15.85,-49.84,0,1
2026-03-06 16:56:13.359309,2.72,13.1,90.66,0,1
2026-03-06 16:56:18.359309,2.42,18.04,-102.53,0,1
2026-03-06 16:56:23.359309,1.28,5.14,105.16,0,1
2026-03-06 16:56:28.359309,2.32,21.42,-58.71,0,1
2026-03-06 16:56:33.359309,0.9,22.3,96.58,0,1
2026-03-06 16:56:38.359309,2.65,20.86,-118.6,0,1
2026-03-06 16:56:43.359309,0.28,9.61,-67.72,0,1
2026-03-06 16:56:48.359309,0.52,17.68,-85.82,0,1
2026-03-06 16:56:53.359309,2.33,13.82,-85.54,0,1
2026-03-06 16:56:58.359309,2.74,14.73,-97.69,0,1
2026-03-06 16:57:03.359309,0.99,18.57,27.05,0,1
2026-03-06 16:57:08.359309,2.56,9.94,-70.15,1,1
2026-03-06 16:57:13.359309,2.59,5.57,87.29,0,1
2026-03-06 16:57:18.359309,1.5,9.27,44.03,0,1
2026-03-06 16:57:23.359309,0.27,23.15,33.79,0,1
2026-03-06 16:57:28.359309,0.7,12.29,107.16,0,1
2026-03-06 16:57:33.359309,2.91,17.91,108.31,0,1
2026-03-06 16:57:38.359309,0.68,21.43,-4.22,0,1
2026-03-06 16:57:43.359309,0.21,22.32,50.02,0,1
2026-03-06 16:57:48.359309,1.74,9.25,-72.49,0,1
2026-03-06 16:57:53.359309,0.87,14.05,47.51,0,1
2026-03-06 16:57:58.359309,0.68,13.05,-53.62,0,1
2026-03-06 16:58:03.359309,0.29,7.83,-33.02,0,1
2026-03-06 16:58:08.359309,2.46,17.61,43.73,0,1
2026-03-06 16:58:13.359309,2.4,21.08,-87.71,0,1
2026-03-06 16:58:18.359309,1.03,8.96,-99.66,0,1
2026-03-06 16:58:23.359309,1.0,7.0,-48.84,0,1
2026-03-06 16:58:28.359309,1.09,6.1,-62.68,0,1
2026-03-06 16:58:33.359309,1.85,14.4,59.77,0,1
2026-03-06 16:58:38.359309,1.48,16.01,79.55,0,1
2026-03-06 16:58:43.359309,0.69,21.04,7.66,1,1
2026-03-06 16:58:48.359309,0.04,17.28,-107.03,0,1
2026-03-06 16:58:53.359309,2.5,8.28,15.44,0,1
2026-03-06 16:58:58.359309,1.31,12.68,69.03,0,1
2026-03-06 16:59:03.359309,0.75,7.87,-68.91,0,1
2026-03-06 16:59:08.359309,1.5,6.18,-53.66,0,1
2026-03-06 16:59:13.359309,2.22,8.95,-69.23,0,1
2026-03-06 16:59:18.359309,1.34,12.4,49.19,0,1
2026-03-06 16:59:23.359309,0.43,13.72,-62.15,0,1
2026-03-06 16:59:28.359309,1.23,7.39,-98.74,1,1
2026-03-06 16:59:33.359309,2.78,9.93,62.43,0,1
2026-03-06 16:59:38.359309,0.83,9.28,87.09,1,1
2026-03-06 16:59:43.359309,1.86,16.18,-99.08,0,1
2026-03-06 16:59:48.359309,2.09,9.54,-82.42,1,1
2026-03-06 16:59:53.359309,2.97,21.76,-92.22,0,1
2026-03-06 16:59:58.359309,2.14,24.05,-9.37,0,1
2026-03-06 17:00:03.359309,0.37,16.49,71.43,0,1
2026-03-06 17:00:08.359309,2.72,6.77,-106.08,0,1
2026-03-06 17:00:13.359309,1.32,19.2,55.44,0,1
2026-03-06 17:00:18.359309,2.14,14.52,-44.02,0,1
2026-03-06 17:00:23.359309,1.05,10.12,-116.86,0,1
2026-03-06 17:00:28.359309,0.19,21.57,-21.48,0,1
2026-03-06 17:00:33.359309,1.18,21.44,-55.24,0,1
2026-03-06 17:00:38.359309,2.99,17.57,98.47,0,1
2026-03-06 17:00:43.359309,1.13,8.47,55.37,0,1
2026-03-06 17:00:48.359309,0.76,12.16,-126.2,0,1
2026-03-06 17:00:53.359309,0.87,22.62,107.45,0,1
2026-03-06 17:00:58.359309,1.78,21.93,-105.42,0,1
2026-03-06 17:01:03.359309,2.22,10.53,-8.87,0,1
2026-03-06 17:01:08.359309,2.11,12.0,79.17,0,1
2026-03-06 17:01:13.359309,2.4,12.67,-91.38,0,1
2026-03-06 17:01:18.359309,1.34,15.68,-54.0,0,1
2026-03-06 17:01:23.359309,2.08,20.6,-126.78,0,1
2026-03-06 17:01:28.359309,1.32,8.8,-74.9,0,1
2026-03-06 17:01:33.359309,2.47,5.61,112.75,1,1
2026-03-06 17:01:38.359309,2.98,17.69,-19.75,0,1
2026-03-06 17:01:43.359309,2.95,21.47,105.89,0,1
2026-03-06 17:01:48.359309,2.94,22.48,-16.31,0,1
2026-03-06 17:01:53.359309,2.81,24.68,64.17,0,1
2026-03-06 17:01:58.359309,0.47,15.76,-118.47,0,1
2026-03-06 17:02:03.359309,0.54,13.4,-72.87,0,1
2026-03-06 17:02:08.359309,0.45,5.53,75.42,0,1
2026-03-06 17:02:13.359309,1.2,15.16,104.78,0,1
2026-03-06 17:02:18.359309,2.48,14.01,126.87,0,1
2026-03-06 17:02:23.359309,2.28,12.83,19.41,0,1
2026-03-06 17:02:28.359309,1.81,11.76,5.59,0,1
2026-03-06 17:02:33.359309,1.45,15.43,67.5,0,1
2026-03-06 17:02:38.359309,2.18,10.31,-57.66,0,1
2026-03-06 17:02:43.359309,1.7,13.83,-35.03,0,1
2026-03-06 17:02:48.359309,2.71,16.94,-113.69,0,1
2026-03-06 17:02:53.359309,1.43,13.62,53.38,0,1
2026-03-06 17:02:58.359309,1.1,13.38,23.21,0,1
2026-03-06 17:03:03.359309,0.81,23.28,-1.42,0,1
2026-03-06 17:03:08.359309,0.17,6.73,-71.88,0,1
2026-03-06 17:03:13.359309,1.46,9.08,104.45,0,1
2026-03-06 17:03:18.359309,1.75,19.95,-56.15,0,1
2026-03-06 17:03:23.359309,1.77,11.31,35.61,0,1
2026-03-06 17:03:28.359309,2.92,17.56,44.82,0,1
2026-03-06 17:03:33.359309,2.72,23.1,-77.27,0,1
2026-03-06 17:03:38.359309,1.79,14.91,69.16,0,1
2026-03-06 17:03:43.359309,1.66,20.01,106.37,0,1
2026-03-06 17:03:48.359309,1.82,20.73,-26.27,0,1
2026-03-06 17:03:53.359309,0.86,20.39,-94.0,0,1
2026-03-06 17:03:58.359309,1.21,7.63,126.97,0,1
2026-03-06 17:04:03.359309,0.57,7.84,-15.23,0,1
2026-03-06 17:04:08.359309,0.09,14.8,80.26,0,1
2026-03-06 17:04:13.359309,2.17,12.18,124.33,0,1
2026-03-06 17:04:18.359309,0.21,23.86,7.73,0,1
2026-03-06 17:04:23.359309,0.6,7.97,28.02,1,1
2026-03-06 17:04:28.359309,0.74,18.79,34.86,1,1
2026-03-06 17:04:33.359309,2.68,12.58,10.34,0,1
2026-03-06 17:04:38.359309,0.92,23.22,34.25,0,1
2026-03-06 17:04:43.359309,0.71,21.4,-16.88,0,1
2026-03-06 17:04:48.359309,0.27,11.57,-79.36,0,1
2026-03-06 17:04:53.359309,0.43,5.46,-79.32,0,1
2026-03-06 17:04:58.359309,2.54,8.39,86.33,0,1
2026-03-06 17:05:03.359309,2.61,12.19,31.16,0,1
2026-03-06 17:05:08.359309,2.41,11.21,-75.5,0,1
2026-03-06 17:05:13.359309,1.34,13.99,-7.06,0,1
2026-03-06 17:05:18.359309,1.15,23.51,120.22,0,1
2026-03-06 17:05:23.359309,1.54,8.15,-6.02,0,1
2026-03-06 17:05:28.359309,0.53,7.88,-118.23,0,1
2026-03-06 17:05:33.359309,2.51,6.84,-98.25,0,1
2026-03-06 17:05:38.359309,2.79,14.22,68.77,0,1
2026-03-06 17:05:43.359309,0.96,8.54,-73.98,0,1
2026-03-06 17:05:48.359309,0.44,21.3,41.35,0,1
2026-03-06 17:05:53.359309,0.19,19.23,92.61,0,1
2026-03-06 17:05:58.359309,0.55,14.82,14.75,1,1
2026-03-06 17:06:03.359309,0.19,19.62,-104.45,0,1
2026-03-06 17:06:08.359309,0.44,9.74,-106.39,0,1
2026-03-06 17:06:13.359309,0.89,8.04,84.26,0,1
2026-03-06 17:06:18.359309,2.72,9.71,-5.94,0,1
2026-03-06 17:06:23.359309,1.37,21.19,-70.92,0,1
2026-03-06 17:06:28.359309,0.43,8.85,26.24,0,1
2026-03-06 17:06:33.359309,0.1,12.29,-23.48,0,1
2026-03-06 17:06:38.359309,2.66,5.15,101.25,0,1
2026-03-06 17:06:43.359309,2.27,5.83,81.52,0,1
2026-03-06 17:06:48.359309,1.34,19.01,57.27,0,1
2026-03-06 17:06:53.359309,1.67,12.16,-23.51,0,1
2026-03-06 17:06:58.359309,1.09,19.33,-33.27,0,1
2026-03-06 17:07:03.359309,0.26,6.34,126.15,0,1
2026-03-06 17:07:08.359309,1.63,23.6,-5.76,0,1
2026-03-06 17:07:13.359309,2.86,8.28,81.77,0,1
2026-03-06 17:07:18.359309,1.31,7.6,19.38,0,1
2026-03-06 17:07:23.359309,1.86,24.82,-11.96,1,1
2026-03-06 17:07:28.359309,1.89,14.42,93.81,0,1
2026-03-06 17:07:33.359309,2.26,9.91,-22.55,0,1
2026-03-06 17:07:38.359309,0.53,24.18,-39.36,0,1
2026-03-06 17:07:43.359309,1.2,19.69,108.32,0,1
2026-03-06 17:07:48.359309,2.44,9.19,69.38,1,1
2026-03-06 17:07:53.359309,0.25,14.92,33.65,1,1
2026-03-06 17:07:58.359309,2.02,14.41,10.48,0,1
2026-03-06 17:08:03.359309,1.77,21.19,48.66,0,1
2026-03-06 17:08:08.359309,0.26,5.61,-56.5,0,1
2026-03-06 17:08:13.359309,0.11,25.0,62.47,0,1
2026-03-06 17:08:18.359309,0.79,16.65,-10.45,1,1
2026-03-06 17:08:23.359309,2.92,24.63,-81.29,0,1
2026-03-06 17:08:28.359309,0.1,13.27,-41.1,0,1
2026-03-06 17:08:33.359309,2.26,17.77,-82.52,0,1
2026-03-06 17:08:38.359309,1.41,6.53,80.4,0,1
2026-03-06 17:08:43.359309,1.63,18.99,-49.05,0,1
2026-03-06 17:08:48.359309,2.48,21.91,88.63,0,1
2026-03-06 17:08:53.359309,0.54,7.09,-55.05,0,1
2026-03-06 17:08:58.359309,0.72,19.11,92.27,0,1
2026-03-06 17:09:03.359309,0.71,18.22,98.23,1,1
2026-03-06 17:09:08.359309,2.45,10.43,-75.01,0,1
2026-03-06 17:09:13.359309,2.82,7.36,44.89,0,1
2026-03-06 17:09:18.359309,0.42,17.07,51.44,0,1
2026-03-06 17:09:23.359309,1.25,8.61,43.52,0,1
2026-03-06 17:09:28.359309,0.77,16.26,-6.05,0,1
2026-03-06 17:09:33.359309,0.94,6.78,83.41,0,1
2026-03-06 17:09:38.359309,2.99,18.11,115.62,0,1
2026-03-06 17:09:43.359309,1.54,15.86,86.93,0,1
2026-03-06 17:09:48.359309,1.21,19.06,-108.55,1,1
2026-03-06 17:09:53.359309,1.94,13.63,-74.54,0,1
2026-03-06 17:09:58.359309,0.24,14.47,-76.76,0,1
2026-03-06 17:10:03.359309,1.64,17.51,-106.28,0,1
2026-03-06 17:10:08.359309,1.99,21.17,-37.53,0,1
2026-03-06 17:10:13.359309,1.73,21.06,96.23,0,1
2026-03-06 17:10:18.359309,0.61,15.8,21.8,1,1
2026-03-06 17:10:23.359309,0.69,23.88,50.8,0,1
2026-03-06 17:10:28.359309,2.69,11.95,14.86,0,1
2026-03-06 17:10:33.359309,0.66,13.53,101.27,0,1
2026-03-06 17:10:38.359309,0.47,6.2,61.94,0,1
2026-03-06 17:10:43.359309,1.82,12.37,-33.16,0,1
2026-03-06 17:10:48.359309,0.28,16.25,111.7,0,1
2026-03-06 17:10:53.359309,2.99,22.41,80.39,0,1
2026-03-06 17:10:58.359309,2.37,6.23,38.99,0,1
2026-03-06 17:11:03.359309,1.91,16.04,-25.74,0,1
2026-03-06 17:11:08.359309,1.86,6.23,20.88,0,1
2026-03-06 17:11:13.359309,2.19,5.58,91.48,0,1
2026-03-06 17:11:18.359309,1.0,10.19,-63.78,0,1
2026-03-06 17:11:23.359309,2.69,7.73,22.9,0,1
2026-03-06 17:11:28.359309,2.82,12.35,56.69,0,1
2026-03-06 17:11:33.359309,2.88,23.78,-63.41,0,1
2026-03-06 17:11:38.359309,0.41,18.01,-80.66,0,1
2026-03-06 17:11:43.359309,1.36,18.62,66.38,1,1
2026-03-06 17:11:48.359309,1.7,16.11,123.48,0,1
2026-03-06 17:11:53.359309,0.09,21.04,-55.37,0,1
2026-03-06 17:11:58.359309,2.0,22.88,77.82,0,1
2026-03-06 17:12:03.359309,2.82,12.25,87.5,0,1
2026-03-06 17:12:08.359309,2.57,11.16,-101.0,0,1
2026-03-06 17:12:13.359309,0.15,6.55,26.12,0,1
2026-03-06 17:12:18.359309,0.3,14.34,-98.48,0,1
2026-03-06 17:12:23.359309,0.52,19.36,-44.88,0,1
2026-03-06 17:12:28.359309,2.26,15.57,29.55,0,1
2026-03-06 17:12:33.359309,0.09,24.28,59.48,0,1
2026-03-06 17:12:38.359309,2.0,24.07,76.66,1,1
2026-03-06 17:12:43.359309,2.99,9.43,-120.49,0,1
2026-03-06 17:12:48.359309,2.4,18.49,1.65,0,1
2026-03-06 17:12:53.359309,1.9,9.92,55.56,0,1
2026-03-06 17:12:58.359309,1.26,15.3,-10.98,0,1
2026-03-06 17:13:03.359309,0.65,7.27,11.55,0,1
2026-03-06 17:13:08.359309,1.67,8.02,126.19,0,1
2026-03-06 17:13:13.359309,2.43,18.37,81.45,0,1
2026-03-06 17:13:18.359309,0.76,12.63,-9.07,0,1
2026-03-06 17:13:23.359309,1.2,15.42,-40.52,0,1
2026-03-06 17:13:28.359309,1.17,17.35,-38.07,0,1
2026-03-06 17:13:33.359309,0.56,16.91,85.75,0,1
2026-03-06 17:13:38.359309,1.06,9.14,-64.79,0,1
2026-03-06 17:13:43.359309,1.42,10.36,-16.8,0,1
2026-03-06 17:13:48.359309,1.86,22.03,-4.18,0,1
2026-03-06 17:13:53.359309,0.13,7.82,-57.94,0,1
2026-03-06 17:13:58.359309,1.58,16.18,-109.85,1,1
2026-03-06 17:14:03.359309,1.49,16.11,124.48,0,1
2026-03-06 17:14:08.359309,2.41,17.02,-126.68,0,1
2026-03-06 17:14:13.359309,0.42,15.15,92.59,0,1
2026-03-06 17:14:18.359309,1.7,19.68,27.8,0,1
2026-03-06 17:14:23.359309,0.36,5.54,-42.38,0,1
2026-03-06 17:14:28.359309,1.04,16.46,-47.58,0,1
2026-03-06 17:14:33.359309,1.74,9.51,92.94,0,1
2026-03-06 17:14:38.359309,1.15,18.2,-24.18,0,1
2026-03-06 17:14:43.359309,2.76,14.33,53.58,0,1
2026-03-06 17:14:48.359309,0.81,24.12,-35.24,0,1
2026-03-06 17:14:53.359309,0.85,22.05,-15.45,1,1
2026-03-06 17:14:58.359309,2.01,19.82,43.28,0,1
2026-03-06 17:15:03.359309,1.36,7.67,-117.87,0,1
2026-03-06 17:15:08.359309,2.38,16.89,66.74,1,1
2026-03-06 17:15:13.359309,1.61,15.27,-94.67,0,1
2026-03-06 17:15:18.359309,2.49,8.39,-45.6,0,1
2026-03-06 17:15:23.359309,1.78,5.83,62.23,0,1
2026-03-06 17:15:28.359309,0.6,24.21,21.06,1,1
2026-03-06 17:15:33.359309,1.88,8.55,-82.33,0,1
2026-03-06 17:15:38.359309,2.44,19.61,-35.4,0,1
2026-03-06 17:15:43.359309,0.82,9.05,116.0,0,1
2026-03-06 17:15:48.359309,1.38,10.63,-8.95,0,1
2026-03-06 17:15:53.359309,2.03,21.67,82.27,0,1
2026-03-06 17:15:58.359309,0.43,9.53,-98.34,0,1
2026-03-06 17:16:03.359309,0.86,5.78,-28.32,0,1
2026-03-06 17:16:08.359309,1.28,13.36,-67.85,0,1
2026-03-06 17:16:13.359309,1.03,17.12,-84.49,0,1
2026-03-06 17:16:18.359309,2.88,24.16,-41.29,0,1
2026-03-06 17:16:23.359309,1.03,9.41,121.28,0,1
2026-03-06 17:16:28.359309,0.28,19.1,-11.58,0,1
2026-03-06 17:16:33.359309,2.28,21.11,5.44,0,1
2026-03-06 17:16:38.359309,0.9,21.91,4.0,0,1
2026-03-06 17:16:43.359309,0.11,5.01,-51.1,0,1
2026-03-06 17:16:48.359309,1.26,8.97,75.0,0,1
2026-03-06 17:16:53.359309,2.92,16.55,-110.94,0,1
2026-03-06 17:16:58.359309,1.53,23.33,-36.11,0,1
2026-03-06 17:17:03.359309,0.38,21.64,37.57,0,1
2026-03-06 17:17:08.359309,2.12,16.53,114.85,0,1
2026-03-06 17:17:13.359309,1.85,13.46,-46.37,0,1
2026-03-06 17:17:18.359309,1.53,8.96,39.76,0,1
2026-03-06 17:17:23.359309,2.4,20.37,33.12,0,1
2026-03-06 17:17:28.359309,0.97,21.51,-14.47,0,1
2026-03-06 17:17:33.359309,1.54,16.58,32.09,0,1
2026-03-06 17:17:38.359309,0.87,15.95,10.28,0,1
2026-03-06 17:17:43.359309,0.6,8.96,19.5,0,1
2026-03-06 17:17:48.359309,0.73,8.86,103.22,0,1
2026-03-06 17:17:53.359309,2.44,22.32,91.31,0,1
2026-03-06 17:17:58.359309,2.43,21.5,-96.16,1,1
2026-03-06 17:18:03.359309,1.76,12.49,-53.59,0,1
2026-03-06 17:18:08.359309,0.07,5.1,41.45,0,1
2026-03-06 17:18:13.359309,1.06,21.46,83.88,1,1
2026-03-06 17:18:18.359309,2.76,23.07,45.6,0,1
2026-03-06 17:18:23.359309,2.4,8.96,74.11,0,1
2026-03-06 17:18:28.359309,2.58,8.04,36.47,0,1
2026-03-06 17:18:33.359309,2.37,6.05,-73.99,0,1
2026-03-06 17:18:38.359309,2.28,23.33,15.07,1,1
2026-03-06 17:18:43.359309,0.25,6.15,-105.1,0,1
2026-03-06 17:18:48.359309,0.82,21.75,-35.97,0,1
2026-03-06 17:18:53.359309,2.07,10.93,-11.62,0,1
2026-03-06 17:18:58.359309,0.57,15.43,0.76,0,1
2026-03-06 17:19:03.359309,2.78,22.83,51.68,0,1
2026-03-06 17:19:08.359309,1.74,12.71,-54.7,0,1
2026-03-06 17:19:13.359309,1.3,20.79,69.68,1,1
2026-03-06 17:19:18.359309,0.06,17.46,-16.19,0,1
2026-03-06 17:19:23.359309,0.45,10.76,-58.18,0,1
2026-03-06 17:19:28.359309,2.13,10.19,-61.88,0,1
2026-03-06 17:19:33.359309,0.92,5.18,-1.42,0,1
2026-03-06 17:19:38.359309,1.25,19.69,43.72,0,1
2026-03-06 17:19:43.359309,2.41,8.31,70.63,0,1
2026-03-06 17:19:48.359309,0.84,19.24,77.04,0,1
2026-03-06 17:19:53.359309,2.93,23.01,122.76,0,1
2026-03-06 17:19:58.359309,0.24,13.53,-60.81,0,1
2026-03-06 17:20:03.359309,0.68,23.14,8.28,1,1
2026-03-06 17:20:08.359309,1.73,8.83,-28.72,0,1
2026-03-06 17:20:13.359309,2.32,21.26,70.26,0,1
2026-03-06 17:20:18.359309,1.39,12.55,-118.53,0,1
2026-03-06 17:20:23.359309,2.42,9.47,-15.7,0,1
2026-03-06 17:20:28.359309,2.26,13.89,37.18,0,1
2026-03-06 17:20:33.359309,0.72,15.55,18.98,0,1
2026-03-06 17:20:38.359309,1.88,8.86,-13.75,0,1
2026-03-06 17:20:43.359309,2.43,15.81,74.04,0,1
2026-03-06 17:20:48.359309,1.84,13.27,-61.75,0,1
2026-03-06 17:20:53.359309,1.44,20.36,-118.27,0,1
2026-03-06 17:20:58.359309,1.78,12.86,34.74,0,1
2026-03-06 17:21:03.359309,2.89,23.14,-61.93,0,1
2026-03-06 17:21:08.359309,1.82,15.21,68.66,0,1
2026-03-06 17:21:13.359309,0.75,20.62,-33.5,0,1
2026-03-06 17:21:18.359309,0.59,18.8,-55.84,0,1
2026-03-06 17:21:23.359309,1.86,23.93,-107.18,0,1
2026-03-06 17:21:28.359309,2.8,9.37,79.58,0,1
2026-03-06 17:21:33.359309,2.17,9.2,74.61,0,1
2026-03-06 17:21:38.359309,2.1,7.44,123.38,0,1
2026-03-06 17:21:43.359309,0.43,24.15,-38.2,0,1
2026-03-06 17:21:48.359309,0.65,21.24,56.6,0,1
2026-03-06 17:21:53.359309,2.9,19.03,-38.41,0,1
2026-03-06 17:21:58.359309,2.71,23.22,41.67,0,1
2026-03-06 17:22:03.359309,1.74,16.63,72.96,0,1
2026-03-06 17:22:08.359309,1.69,7.98,-74.0,0,1
2026-03-06 17:22:13.359309,1.05,13.67,-41.91,0,1
2026-03-06 17:22:18.359309,0.89,12.11,109.46,0,1
2026-03-06 17:22:23.359309,2.48,14.71,0.77,0,1
2026-03-06 17:22:28.359309,1.14,22.09,-72.73,0,1
2026-03-06 17:22:33.359309,2.55,18.18,-126.68,0,1
2026-03-06 17:22:38.359309,2.44,18.47,-50.47,0,1
2026-03-06 17:22:43.359309,2.06,23.45,-46.28,1,1
2026-03-06 17:22:48.359309,2.72,17.59,9.15,0,1
2026-03-06 17:22:53.359309,1.41,22.51,104.09,0,1
2026-03-06 17:22:58.359309,0.97,15.76,-26.8,0,1
2026-03-06 17:23:03.359309,0.38,20.62,53.3,0,1
2026-03-06 17:23:08.359309,0.44,15.49,40.56,0,1
2026-03-06 17:23:13.359309,2.28,20.19,-80.38,0,1
2026-03-06 17:23:18.359309,1.19,16.46,-58.18,0,1
2026-03-06 17:23:23.359309,2.21,23.42,-92.72,0,1
2026-03-06 17:23:28.359309,1.24,22.66,46.74,0,1
2026-03-06 17:23:33.359309,1.58,5.37,-18.53,0,1
2026-03-06 17:23:38.359309,0.4,17.62,63.52,0,1
2026-03-06 17:23:43.359309,2.9,21.76,-126.15,0,1
2026-03-06 17:23:48.359309,0.88,17.3,-64.72,0,1
2026-03-06 17:23:53.359309,1.38,10.6,-100.14,0,1
2026-03-06 17:23:58.359309,2.49,9.19,-65.71,0,1
2026-03-06 17:24:03.359309,2.47,7.93,-99.6,0,1
2026-03-06 17:24:08.359309,0.74,10.07,-32.05,0,1
2026-03-06 17:24:13.359309,0.32,8.3,102.43,0,1
2026-03-06 17:24:18.359309,2.04,13.71,89.79,0,1
2026-03-06 17:24:23.359309,1.14,22.66,92.05,0,1
2026-03-06 17:24:28.359309,2.79,14.67,3.67,0,1
2026-03-06 17:24:33.359309,0.31,10.94,-88.93,0,1
2026-03-06 17:24:38.359309,2.43,17.02,44.3,0,1
2026-03-06 17:24:43.359309,1.9,18.05,-73.51,0,1
2026-03-06 17:24:48.359309,0.23,14.13,52.61,0,1
2026-03-06 17:24:53.359309,1.69,23.91,95.73,0,1
2026-03-06 17:24:58.359309,2.73,16.76,79.25,0,1
2026-03-06 17:25:03.359309,2.79,7.16,-81.23,1,1
2026-03-06 17:25:08.359309,2.14,24.55,52.13,0,1
2026-03-06 17:25:13.359309,2.51,19.48,16.56,0,1
2026-03-06 17:25:18.359309,1.16,5.59,-121.45,0,1
2026-03-06 17:25:23.359309,0.17,20.56,-52.2,0,1
2026-03-06 17:25:28.359309,0.72,13.45,-33.94,0,1
2026-03-06 17:25:33.359309,2.63,9.26,-62.9,0,1
2026-03-06 17:25:38.359309,0.08,8.02,94.03,0,1
2026-03-06 17:25:43.359309,2.12,19.21,-62.32,0,1
2026-03-06 17:25:48.359309,2.53,7.73,117.56,0,1
2026-03-06 17:25:53.359309,2.01,24.41,57.72,0,1
2026-03-06 17:25:58.359309,2.73,23.23,-54.7,0,1
2026-03-06 17:26:03.359309,2.11,15.18,-94.05,0,1
2026-03-06 17:26:08.359309,1.99,14.85,-30.05,0,1
2026-03-06 17:26:13.359309,0.56,22.0,-46.46,1,1
2026-03-06 17:26:18.359309,2.69,17.01,-48.48,0,1
2026-03-06 17:26:23.359309,1.11,12.45,95.56,1,1
2026-03-06 17:26:28.359309,1.42,24.23,-102.7,0,1
2026-03-06 17:26:33.359309,0.89,11.17,122.22,0,1
2026-03-06 17:26:38.359309,2.44,12.05,107.87,0,1
2026-03-06 17:26:43.359309,2.81,10.51,-100.58,0,1
2026-03-06 17:26:48.359309,0.75,21.0,111.95,0,1
2026-03-06 17:26:53.359309,2.64,6.72,20.31,0,1
2026-03-06 17:26:58.359309,2.67,24.9,37.13,0,1
2026-03-06 17:27:03.359309,0.06,24.27,53.3,0,1
2026-03-06 17:27:08.359309,1.76,11.93,-53.67,0,1
2026-03-06 17:27:13.359309,1.66,6.56,-44.2,1,1
2026-03-06 17:27:18.359309,1.18,18.55,104.35,0,1
2026-03-06 17:27:23.359309,1.18,10.32,15.6,0,1
2026-03-06 17:27:28.359309,1.18,21.47,110.68,0,1
2026-03-06 17:27:33.359309,1.49,17.59,9.73,0,1
2026-03-06 17:27:38.359309,1.55,18.79,-88.33,1,1
2026-03-06 17:27:43.359309,2.72,12.63,-60.85,0,1
2026-03-06 17:27:48.359309,1.98,12.18,126.29,1,1
2026-03-06 17:27:53.359309,0.78,24.25,102.86,1,1
2026-03-06 17:27:58.359309,0.51,14.52,-92.65,0,1
2026-03-06 17:28:03.359309,2.36,17.09,44.02,0,1
2026-03-06 17:28:08.359309,1.64,19.51,-118.06,0,1
2026-03-06 17:28:13.359309,2.63,16.76,61.75,0,1
2026-03-06 17:28:18.359309,1.64,6.32,-29.74,0,1
2026-03-06 17:28:23.359309,3.0,23.12,108.45,0,1
2026-03-06 17:28:28.359309,2.47,9.2,-76.78,0,1
2026-03-06 17:28:33.359309,0.73,19.7,-45.45,0,1
2026-03-06 17:28:38.359309,1.18,8.2,-17.46,0,1
2026-03-06 17:28:43.359309,0.2,11.69,-73.62,0,1
2026-03-06 17:28:48.359309,1.7,5.24,-63.73,0,1
2026-03-06 17:28:53.359309,1.4,23.68,119.73,0,1
2026-03-06 17:28:58.359309,0.69,17.03,-13.46,0,1
2026-03-06 17:29:03.359309,0.09,11.4,62.61,1,1
2026-03-06 17:29:08.359309,0.09,18.05,-4.61,0,1
2026-03-06 17:29:13.359309,0.36,7.15,-120.55,0,1
2026-03-06 17:29:18.359309,2.35,21.57,81.56,0,1
2026-03-06 17:29:23.359309,1.86,6.98,-109.85,0,1
2026-03-06 17:29:28.359309,2.0,10.01,-91.63,0,1
2026-03-06 17:29:33.359309,1.31,11.37,92.36,1,1
2026-03-06 17:29:38.359309,0.13,14.1,-65.64,0,1
2026-03-06 17:29:43.359309,2.36,21.75,68.77,0,1
2026-03-06 17:29:48.359309,1.04,10.45,16.32,0,1
2026-03-06 17:29:53.359309,2.93,20.78,111.88,0,1
2026-03-06 17:29:58.359309,1.0,21.26,-63.11,0,1
2026-03-06 17:30:03.359309,2.06,8.74,75.59,0,1
2026-03-06 17:30:08.359309,1.22,21.29,-12.06,0,1
2026-03-06 17:30:13.359309,0.68,5.76,121.46,0,1
2026-03-06 17:30:18.359309,1.43,23.72,46.47,0,1
2026-03-06 17:30:23.359309,1.71,10.24,-54.24,0,1
2026-03-06 17:30:28.359309,0.25,8.9,-51.8,0,1
2026-03-06 17:30:33.359309,0.04,15.97,28.99,0,1
2026-03-06 17:30:38.359309,2.56,12.26,-79.44,1,1
2026-03-06 17:30:43.359309,2.15,21.55,65.48,0,1
2026-03-06 17:30:48.359309,2.49,11.06,72.71,0,1
2026-03-06 17:30:53.359309,2.55,10.97,-109.45,0,1
2026-03-06 17:30:58.359309,0.43,6.19,29.42,0,1
2026-03-06 17:31:03.359309,0.65,9.67,-98.64,0,1
2026-03-06 17:31:08.359309,1.16,18.8,102.56,0,1
2026-03-06 17:31:13.359309,0.47,6.1,-50.42,0,1
2026-03-06 17:31:18.359309,2.76,21.83,-93.18,0,1
2026-03-06 17:31:23.359309,0.23,23.96,-106.67,0,1
2026-03-06 17:31:28.359309,1.13,15.93,98.44,0,1
2026-03-06 17:31:33.359309,1.17,11.29,-14.53,0,1
2026-03-06 17:31:38.359309,0.05,11.39,-122.43,0,1
2026-03-06 17:31:43.359309,0.43,13.92,-63.24,0,1
2026-03-06 17:31:48.359309,0.92,19.48,-59.04,0,1
2026-03-06 17:31:53.359309,2.72,20.66,72.12,0,1
2026-03-06 17:31:58.359309,2.59,24.66,-59.95,0,1
2026-03-06 17:32:03.359309,1.1,10.44,-80.11,0,1
2026-03-06 17:32:08.359309,1.8,15.62,-34.39,1,1
2026-03-06 17:32:13.359309,2.16,24.62,87.86,0,1
2026-03-06 17:32:18.359309,0.36,18.55,-62.92,0,1
2026-03-06 17:32:23.359309,0.08,15.99,-87.29,0,1
2026-03-06 17:32:28.359309,2.6,11.45,-66.87,0,1
2026-03-06 17:32:33.359309,0.4,7.67,-42.19,0,1
2026-03-06 17:32:38.359309,2.73,5.36,-71.2,0,1
2026-03-06 17:32:43.359309,2.69,15.68,1.26,0,1
2026-03-06 17:32:48.359309,2.9,19.06,123.76,0,1
2026-03-06 17:32:53.359309,1.93,19.45,24.32,0,1
2026-03-06 17:32:58.359309,1.57,17.66,50.55,0,1
2026-03-06 17:33:03.359309,2.18,6.9,31.79,0,1
2026-03-06 17:33:08.359309,2.17,16.95,-80.8,0,1
2026-03-06 17:33:13.359309,2.77,15.06,103.71,0,1
2026-03-06 17:33:18.359309,1.28,23.14,-82.99,0,1
2026-03-06 17:33:23.359309,1.05,8.75,110.85,0,1
2026-03-06 17:33:28.359309,2.33,22.97,64.43,0,1
2026-03-06 17:33:33.359309,0.97,9.7,68.4,0,1
2026-03-06 17:33:38.359309,0.32,16.21,-121.2,0,1
2026-03-06 17:33:43.359309,1.78,12.03,77.94,0,1
2026-03-06 17:33:48.359309,0.93,9.53,-116.0,0,1
2026-03-06 17:33:53.359309,1.0,6.64,-107.15,0,1
2026-03-06 17:33:58.359309,2.75,23.29,28.63,0,1
2026-03-06 17:34:03.359309,0.41,15.52,-5.09,0,1
2026-03-06 17:34:08.359309,0.43,23.03,-37.27,0,1
2026-03-06 17:34:13.359309,1.53,5.93,22.96,0,1
2026-03-06 17:34:18.359309,2.28,14.27,106.83,0,1
2026-03-06 17:34:23.359309,1.8,9.77,-27.75,0,1
2026-03-06 17:34:28.359309,1.37,12.91,-115.37,0,1
2026-03-06 17:34:33.359309,0.44,13.58,-90.39,0,1
2026-03-06 17:34:38.359309,0.4,19.41,103.83,0,1
2026-03-06 17:34:43.359309,2.74,8.72,85.79,0,1
2026-03-06 17:34:48.359309,2.05,23.62,-47.92,0,1
2026-03-06 17:34:53.359309,1.8,8.3,53.5,0,1
2026-03-06 17:34:58.359309,0.56,16.31,3.14,0,1
2026-03-06 17:35:03.359309,0.25,13.46,-123.84,0,1
2026-03-06 17:35:08.359309,1.08,11.22,66.61,0,1
2026-03-06 17:35:13.359309,2.83,17.93,29.09,0,1
2026-03-06 17:35:18.359309,0.43,24.07,-1.73,0,1
2026-03-06 17:35:23.359309,0.21,13.12,-56.21,0,1
2026-03-06 17:35:28.359309,0.17,14.99,93.12,0,1
2026-03-06 17:35:33.359309,1.57,23.91,-92.43,1,1
2026-03-06 17:35:38.359309,0.91,15.84,-122.79,0,1
2026-03-06 17:35:43.359309,0.08,23.48,-110.81,0,1
2026-03-06 17:35:48.359309,2.48,5.18,79.11,0,1
2026-03-06 17:35:53.359309,0.44,7.24,99.97,0,1
2026-03-06 17:35:58.359309,1.15,19.67,0.75,0,1
2026-03-06 17:36:03.359309,2.48,12.27,-109.69,0,1
2026-03-06 17:36:08.359309,0.08,23.61,-22.89,0,1
2026-03-06 17:36:13.359309,1.59,7.81,83.55,0,1
2026-03-06 17:36:18.359309,2.29,16.3,-37.58,0,1
2026-03-06 17:36:23.359309,1.35,14.23,63.07,1,1
2026-03-06 17:36:28.359309,2.77,13.93,-31.79,0,1
2026-03-06 17:36:33.359309,0.82,6.3,113.1,0,1
2026-03-06 17:36:38.359309,0.32,8.92,73.31,0,1
2026-03-06 17:36:43.359309,2.69,22.4,-54.48,0,1
2026-03-06 17:36:48.359309,2.36,6.56,-101.5,0,1
2026-03-06 17:36:53.359309,2.91,19.17,-18.45,1,1
2026-03-06 17:36:58.359309,2.11,18.75,-92.27,0,1
2026-03-06 17:37:03.359309,0.53,22.29,102.61,0,1
2026-03-06 17:37:08.359309,2.37,8.21,-80.71,0,1
2026-03-06 17:37:13.359309,2.55,20.93,98.39,0,1
2026-03-06 17:37:18.359309,1.24,23.04,45.94,0,1
2026-03-06 17:37:23.359309,1.73,14.02,112.6,0,1
2026-03-06 17:37:28.359309,1.22,10.96,-111.02,0,1
2026-03-06 17:37:33.359309,1.56,8.17,48.51,0,1
2026-03-06 17:37:38.359309,2.35,5.31,-6.8,0,1
2026-03-06 17:37:43.359309,1.44,10.91,-51.41,0,1
2026-03-06 17:37:48.359309,1.56,22.25,23.08,0,1
2026-03-06 17:37:53.359309,1.59,17.63,-84.63,0,1
2026-03-06 17:37:58.359309,2.34,12.76,107.75,0,1
2026-03-06 17:38:03.359309,2.46,7.9,-87.43,0,1
2026-03-06 17:38:08.359309,0.94,5.02,87.87,0,1
2026-03-06 17:38:13.359309,1.4,9.66,58.23,0,1
2026-03-06 17:38:18.359309,2.31,19.27,74.86,0,1
2026-03-06 17:38:23.359309,0.1,23.02,-79.36,0,1
2026-03-06 17:38:28.359309,1.99,14.0,-67.45,0,1
2026-03-06 17:38:33.359309,0.2,8.37,44.74,0,1
2026-03-06 17:38:38.359309,0.76,6.45,27.45,0,1
2026-03-06 17:38:43.359309,1.86,24.25,38.95,0,1
2026-03-06 17:38:48.359309,0.79,18.3,-37.17,0,1
2026-03-06 17:38:53.359309,2.73,6.51,-16.19,0,1
2026-03-06 17:38:58.359309,1.12,5.87,122.89,0,1
2026-03-06 17:39:03.359309,1.0,6.88,47.87,0,1
2026-03-06 17:39:08.359309,1.96,11.68,124.15,0,1
2026-03-06 17:39:13.359309,1.8,18.57,-57.98,0,1
2026-03-06 17:39:18.359309,0.54,13.44,-20.05,0,1
2026-03-06 17:39:23.359309,1.52,13.7,66.0,0,1
2026-03-06 17:39:28.359309,0.62,8.53,82.9,0,1
2026-03-06 17:39:33.359309,0.86,7.32,-46.64,0,1
2026-03-06 17:39:38.359309,1.39,16.31,60.43,0,1
2026-03-06 17:39:43.359309,0.07,20.13,60.75,0,1
2026-03-06 17:39:48.359309,2.15,17.11,-56.06,0,1
2026-03-06 17:39:53.359309,0.01,22.83,-31.98,0,1
2026-03-06 17:39:58.359309,1.64,9.25,118.27,0,1
2026-03-06 17:40:03.359309,0.97,17.94,-37.43,0,1
2026-03-06 17:40:08.359309,1.17,14.45,4.14,1,1
2026-03-06 17:40:13.359309,0.54,13.67,115.54,1,1
2026-03-06 17:40:18.359309,0.95,10.27,-106.09,0,1
2026-03-06 17:40:23.359309,2.81,19.09,-126.04,0,1
2026-03-06 17:40:28.359309,2.39,15.86,48.9,0,1
2026-03-06 17:40:33.359309,1.81,7.8,-110.64,0,1
2026-03-06 17:40:38.359309,1.93,6.96,-60.96,0,1
2026-03-06 17:40:43.359309,0.81,10.19,-108.36,0,1
2026-03-06 17:40:48.359309,2.19,5.41,0.61,0,1
2026-03-06 17:40:53.359309,1.72,24.06,-42.36,0,1
2026-03-06 17:40:58.359309,0.39,7.04,-70.62,0,1
2026-03-06 17:41:03.359309,0.88,22.25,47.07,1,1
2026-03-06 17:41:08.359309,1.39,14.09,-115.79,0,1
2026-03-06 17:41:13.359309,0.3,5.62,-28.82,0,1
2026-03-06 17:41:18.359309,0.16,13.42,66.18,0,1
2026-03-06 17:41:23.359309,1.78,5.39,-75.02,1,1
2026-03-06 17:41:28.359309,2.88,19.83,14.57,0,1
2026-03-06 17:41:33.359309,1.22,19.09,-16.9,0,1
2026-03-06 17:41:38.359309,2.35,17.51,-69.96,0,1
2026-03-06 17:41:43.359309,0.64,17.36,-70.62,0,1
2026-03-06 17:41:48.359309,2.36,14.87,53.86,0,1
2026-03-06 17:41:53.359309,1.55,23.41,-85.37,0,1
2026-03-06 17:41:58.359309,2.17,21.93,117.08,0,1
2026-03-06 17:42:03.359309,0.78,12.21,-55.95,0,1
2026-03-06 17:42:08.359309,2.1,12.28,23.76,0,1
2026-03-06 17:42:13.359309,2.02,8.15,8.38,0,1
2026-03-06 17:42:18.359309,0.29,17.7,-115.01,0,1
2026-03-06 17:42:23.359309,2.1,6.84,-10.77,0,1
2026-03-06 17:42:28.359309,1.18,14.44,-80.46,0,1
2026-03-06 17:42:33.359309,0.44,8.01,-10.07,0,1
2026-03-06 17:42:38.359309,2.14,8.84,74.61,0,1
2026-03-06 17:42:43.359309,0.93,18.29,13.14,1,1
2026-03-06 17:42:48.359309,0.39,10.36,12.72,0,1
2026-03-06 17:42:53.359309,2.81,17.65,17.85,0,1
2026-03-06 17:42:58.359309,1.49,23.57,-44.13,0,1
2026-03-06 17:43:03.359309,0.45,10.55,-16.19,0,1
2026-03-06 17:43:08.359309,1.3,15.5,29.81,0,1
2026-03-06 17:43:13.359309,1.51,13.08,20.05,1,1
2026-03-06 17:43:18.359309,2.39,8.25,12.07,0,1
2026-03-06 17:43:23.359309,0.22,7.38,-5.49,0,1
2026-03-06 17:43:28.359309,2.77,18.04,-41.05,0,1
2026-03-06 17:43:33.359309,1.44,21.54,49.81,0,1
2026-03-06 17:43:38.359309,2.23,10.61,-74.54,0,1
2026-03-06 17:43:43.359309,2.8,20.56,66.53,0,1
2026-03-06 17:43:48.359309,1.04,11.66,-122.31,0,1
2026-03-06 17:43:53.359309,1.09,21.02,38.16,0,1
2026-03-06 17:43:58.359309,2.37,8.09,-72.79,0,1
2026-03-06 17:44:03.359309,2.54,21.23,-17.95,0,1
2026-03-06 17:44:08.359309,0.86,12.64,-13.38,0,1
2026-03-06 17:44:13.359309,1.08,23.92,-96.88,0,1
2026-03-06 17:44:18.359309,2.93,19.87,-98.91,0,1
2026-03-06 17:44:23.359309,2.89,21.99,113.18,0,1
2026-03-06 17:44:28.359309,2.02,19.66,12.3,0,1
2026-03-06 17:44:33.359309,2.97,10.14,-104.48,0,1
2026-03-06 17:44:38.359309,2.01,17.98,20.36,0,1
2026-03-06 17:44:43.359309,1.81,17.3,93.35,0,1
2026-03-06 17:44:48.359309,0.55,7.43,116.9,0,1
2026-03-06 17:44:53.359309,1.62,13.03,-50.61,0,1
2026-03-06 17:44:58.359309,2.02,5.56,-19.33,0,1
2026-03-06 17:45:03.359309,1.15,22.67,46.48,0,1
2026-03-06 17:45:08.359309,1.46,8.57,-12.31,0,1
2026-03-06 17:45:13.359309,2.63,21.73,-120.21,0,1
2026-03-06 17:45:18.359309,1.18,21.22,6.32,0,1
2026-03-06 17:45:23.359309,2.77,13.9,-65.04,0,1
2026-03-06 17:45:28.359309,0.12,14.14,-20.11,0,1
2026-03-06 17:45:33.359309,0.06,22.89,60.91,0,1
2026-03-06 17:45:38.359309,2.93,5.41,-61.5,0,1
2026-03-06 17:45:43.359309,2.97,19.72,94.32,0,1
2026-03-06 17:45:48.359309,2.3,17.67,-36.61,0,1
2026-03-06 17:45:53.359309,0.48,19.17,55.2,0,1
2026-03-06 17:45:58.359309,2.93,9.37,-3.68,0,1
2026-03-06 17:46:03.359309,1.66,9.38,55.87,0,1
2026-03-06 17:46:08.359309,0.77,13.95,20.07,0,1
2026-03-06 17:46:13.359309,1.61,20.59,-86.06,0,1
2026-03-06 17:46:18.359309,2.22,15.92,-117.61,1,1
2026-03-06 17:46:23.359309,0.85,22.63,74.02,0,1
2026-03-06 17:46:28.359309,2.5,20.2,-50.8,0,1
2026-03-06 17:46:33.359309,2.63,10.41,74.47,0,1
2026-03-06 17:46:38.359309,0.25,24.67,-124.02,0,1
2026-03-06 17:46:43.359309,1.54,17.28,54.73,0,1
2026-03-06 17:46:48.359309,0.45,24.66,67.01,0,1
2026-03-06 17:46:53.359309,2.45,16.65,-34.23,0,1
2026-03-06 17:46:58.359309,1.31,21.66,-24.6,0,1
2026-03-06 17:47:03.359309,1.36,7.27,109.69,0,1
2026-03-06 17:47:08.359309,2.36,9.5,110.97,0,1
2026-03-06 17:47:13.359309,1.51,13.7,-106.74,0,1
2026-03-06 17:47:18.359309,1.72,23.69,34.83,0,1
2026-03-06 17:47:23.359309,2.16,7.92,-120.56,0,1
2026-03-06 17:47:28.359309,0.93,21.42,-88.38,0,1
2026-03-06 17:47:33.359309,0.98,9.87,-111.86,0,1
2026-03-06 17:47:38.359309,2.6,11.56,52.81,0,1
2026-03-06 17:47:43.359309,1.75,14.74,-36.66,1,1
2026-03-06 17:47:48.359309,1.77,9.53,-113.97,0,1
2026-03-06 17:47:53.359309,0.48,10.7,124.92,1,1
2026-03-06 17:47:58.359309,0.44,18.1,91.18,0,1
2026-03-06 17:48:03.359309,1.51,14.73,85.82,0,1
2026-03-06 17:48:08.359309,1.96,21.42,-87.58,0,1
2026-03-06 17:48:13.359309,0.62,21.19,-99.24,0,1
2026-03-06 17:48:18.359309,1.01,18.95,123.15,1,1
2026-03-06 17:48:23.359309,1.46,10.94,24.15,0,1
2026-03-06 17:48:28.359309,2.78,9.04,-69.75,0,1
2026-03-06 17:48:33.359309,1.88,17.73,43.27,0,1
2026-03-06 17:48:38.359309,1.79,13.91,-91.26,0,1
2026-03-06 17:48:43.359309,0.04,15.18,-60.55,0,1
2026-03-06 17:48:48.359309,1.89,8.62,-89.55,0,1
2026-03-06 17:48:53.359309,2.96,20.32,86.02,0,1
2026-03-06 17:48:58.359309,0.79,21.73,106.85,0,1
2026-03-06 17:49:03.359309,0.47,24.84,-15.36,0,1
2026-03-06 17:49:08.359309,1.64,13.81,-63.72,0,1
2026-03-06 17:49:13.359309,1.94,17.03,111.45,0,1
2026-03-06 17:49:18.359309,0.75,13.03,77.67,1,1
2026-03-06 17:49:23.359309,0.38,6.4,-76.48,0,1
2026-03-06 17:49:28.359309,1.69,21.01,-39.6,0,1
2026-03-06 17:49:33.359309,1.98,24.87,38.65,0,1
2026-03-06 17:49:38.359309,0.37,24.45,-18.97,1,1
2026-03-06 17:49:43.359309,0.07,19.29,117.52,0,1
2026-03-06 17:49:48.359309,0.47,6.62,3.85,0,1
2026-03-06 17:49:53.359309,0.02,13.28,26.1,0,1
2026-03-06 17:49:58.359309,0.46,20.43,75.47,0,1
2026-03-06 17:50:03.359309,1.43,21.23,-24.07,0,1
2026-03-06 17:50:08.359309,0.53,21.14,-43.29,0,1
2026-03-06 17:50:13.359309,1.83,9.19,122.95,0,1
2026-03-06 17:50:18.359309,1.81,5.86,-96.52,0,1
2026-03-06 17:50:23.359309,2.71,18.95,101.41,0,1
2026-03-06 17:50:28.359309,2.44,16.5,112.38,1,1
2026-03-06 17:50:33.359309,2.23,23.77,-72.24,0,1
2026-03-06 17:50:38.359309,1.31,15.78,-113.0,1,1
2026-03-06 17:50:43.359309,1.91,12.49,70.71,1,1
2026-03-06 17:50:48.359309,1.19,11.53,0.5,0,1
2026-03-06 17:50:53.359309,2.85,23.05,38.88,0,1
2026-03-06 17:50:58.359309,1.01,11.82,22.28,0,1
2026-03-06 17:51:03.359309,1.43,17.84,101.52,0,1
2026-03-06 17:51:08.359309,0.92,13.41,-60.11,0,1
2026-03-06 17:51:13.359309,0.19,23.99,42.97,0,1
2026-03-06 17:51:18.359309,0.88,11.64,-37.88,0,1
2026-03-06 17:51:23.359309,1.27,8.55,-24.24,0,1
2026-03-06 17:51:28.359309,2.17,8.77,-42.96,0,1
2026-03-06 17:51:33.359309,2.25,8.07,58.15,0,1
2026-03-06 17:51:38.359309,2.6,24.35,-6.46,0,1
2026-03-06 17:51:43.359309,0.45,6.99,-113.61,1,1
2026-03-06 17:51:48.359309,1.46,8.84,-39.38,0,1
2026-03-06 17:51:53.359309,2.45,5.31,-95.33,0,1
2026-03-06 17:51:58.359309,2.92,8.57,41.89,0,1
2026-03-06 17:52:03.359309,0.31,17.89,-112.66,0,1
2026-03-06 17:52:08.359309,2.73,15.57,113.61,0,1
2026-03-06 17:52:13.359309,1.51,17.53,96.25,0,1
2026-03-06 17:52:18.359309,0.12,21.57,112.35,0,1
2026-03-06 17:52:23.359309,2.82,6.04,-119.66,0,1
2026-03-06 17:52:28.359309,2.1,13.81,-117.3,1,1
2026-03-06 17:52:33.359309,2.1,6.61,-4.78,0,1
2026-03-06 17:52:38.359309,1.77,19.91,60.16,0,1
2026-03-06 17:52:43.359309,1.32,6.36,97.07,0,1
2026-03-06 17:52:48.359309,0.13,13.91,-93.0,0,1
2026-03-06 17:52:53.359309,1.26,17.48,-24.06,0,1
2026-03-06 17:52:58.359309,2.02,15.95,-89.07,0,1
2026-03-06 17:53:03.359309,1.43,22.3,-5.9,0,1
2026-03-06 17:53:08.359309,2.04,22.37,-6.05,0,1
2026-03-06 17:53:13.359309,1.97,12.35,-70.18,0,1
2026-03-06 17:53:18.359309,2.3,16.55,40.81,0,1
2026-03-06 17:53:23.359309,0.57,23.0,-88.78,0,1
2026-03-06 17:53:28.359309,0.53,8.06,-33.97,0,1
2026-03-06 17:53:33.359309,2.83,12.34,114.16,0,1
2026-03-06 17:53:38.359309,0.21,17.13,-55.67,0,1
2026-03-06 17:53:43.359309,0.47,7.8,27.51,0,1
2026-03-06 17:53:48.359309,2.63,23.38,-98.78,1,1
2026-03-06 17:53:53.359309,1.48,22.53,-102.43,0,1
2026-03-06 17:53:58.359309,1.87,7.87,36.0,0,1
2026-03-06 17:54:03.359309,1.94,10.86,-86.96,0,1
2026-03-06 17:54:08.359309,0.51,10.1,0.12,0,1
2026-03-06 17:54:13.359309,2.57,12.15,66.24,0,1
2026-03-06 17:54:18.359309,2.54,13.82,-73.24,0,1
2026-03-06 17:54:23.359309,1.79,9.95,67.29,0,1
2026-03-06 17:54:28.359309,0.31,17.48,46.38,0,1
2026-03-06 17:54:33.359309,0.78,24.16,-92.46,0,1
2026-03-06 17:54:38.359309,0.57,15.83,51.5,0,1
2026-03-06 17:54:43.359309,0.0,24.34,58.48,0,1
2026-03-06 17:54:48.359309,1.2,6.87,-117.41,0,1
2026-03-06 17:54:53.359309,1.39,7.35,-83.86,0,1
2026-03-06 17:54:58.359309,2.23,22.14,-23.16,0,1
2026-03-06 17:55:03.359309,1.93,8.52,-74.56,0,1
2026-03-06 17:55:08.359309,2.99,5.16,-14.51,1,1
2026-03-06 17:55:13.359309,2.21,14.42,-121.22,0,1
2026-03-06 17:55:18.359309,1.51,24.15,-40.97,0,1
2026-03-06 17:55:23.359309,2.18,19.78,94.36,0,1
2026-03-06 17:55:28.359309,1.84,7.76,-44.29,0,1
2026-03-06 17:55:33.359309,0.86,17.02,124.49,0,1
2026-03-06 17:55:38.359309,2.21,8.38,-32.48,0,1
2026-03-06 17:55:43.359309,2.87,17.48,61.71,0,1
2026-03-06 17:55:48.359309,1.78,7.26,49.35,0,1
2026-03-06 17:55:53.359309,1.22,9.95,-126.46,0,1
2026-03-06 17:55:58.359309,2.37,5.91,-112.18,0,1
2026-03-06 17:56:03.359309,0.02,12.29,102.09,0,1
2026-03-06 17:56:08.359309,0.02,14.65,-122.15,0,1
2026-03-06 17:56:13.359309,0.72,11.56,-16.02,0,1
2026-03-06 17:56:18.359309,2.06,6.49,-22.86,0,1
2026-03-06 17:56:23.359309,0.95,6.78,15.73,0,1
2026-03-06 17:56:28.359309,1.32,15.72,110.03,0,1
2026-03-06 17:56:33.359309,1.25,22.97,-72.08,0,1
2026-03-06 17:56:38.359309,2.13,6.96,54.16,0,1
2026-03-06 17:56:43.359309,2.5,8.35,-123.85,0,1
2026-03-06 17:56:48.359309,2.24,17.16,-61.66,0,1
2026-03-06 17:56:53.359309,0.31,13.49,105.08,0,1
2026-03-06 17:56:58.359309,1.77,24.58,-26.16,0,1
2026-03-06 17:57:03.359309,0.72,14.09,-116.08,0,1
2026-03-06 17:57:08.359309,0.26,21.35,-75.63,0,1
2026-03-06 17:57:13.359309,1.16,21.0,-96.95,0,1
2026-03-06 17:57:18.359309,0.15,20.27,123.69,0,1
2026-03-06 17:57:23.359309,0.17,21.93,-22.65,0,1
2026-03-06 17:57:28.359309,1.27,20.73,-49.05,0,1
2026-03-06 17:57:33.359309,2.3,18.75,33.01,0,1
2026-03-06 17:57:38.359309,1.85,13.62,61.02,0,1
2026-03-06 17:57:43.359309,1.86,8.41,81.45,0,1
2026-03-06 17:57:48.359309,1.24,19.88,-87.22,0,1
2026-03-06 17:57:53.359309,1.39,23.77,24.29,0,1
2026-03-06 17:57:58.359309,2.21,20.94,99.48,0,1
2026-03-06 17:58:03.359309,2.44,18.63,54.79,0,1
2026-03-06 17:58:08.359309,1.7,6.31,26.9,0,1
2026-03-06 17:58:13.359309,0.09,10.69,12.0,0,1
2026-03-06 17:58:18.359309,1.3,11.33,-3.63,0,1
2026-03-06 17:58:23.359309,1.27,16.94,12.93,0,1
2026-03-06 17:58:28.359309,1.3,6.91,-52.53,0,1
2026-03-06 17:58:33.359309,0.11,10.33,-72.65,0,1
2026-03-06 17:58:38.359309,2.75,17.68,106.05,1,1
2026-03-06 17:58:43.359309,2.72,10.84,113.04,0,1
2026-03-06 17:58:48.359309,1.83,7.16,71.67,0,1
2026-03-06 17:58:53.359309,1.38,7.41,-12.38,0,1
2026-03-06 17:58:58.359309,1.42,8.3,24.71,0,1
2026-03-06 17:59:03.359309,1.02,5.94,16.87,0,1
2026-03-06 17:59:08.359309,0.79,10.99,114.64,0,1
2026-03-06 17:59:13.359309,0.81,10.19,-110.71,0,1
2026-03-06 17:59:18.359309,0.7,19.53,55.97,0,1
2026-03-06 17:59:23.359309,1.11,14.6,122.37,1,1
2026-03-06 17:59:28.359309,0.94,10.59,24.68,1,1
2026-03-06 17:59:33.359309,2.41,15.47,48.62,0,1
2026-03-06 17:59:38.359309,1.78,9.13,52.65,0,1
2026-03-06 17:59:43.359309,0.49,22.54,99.9,0,1
2026-03-06 17:59:48.359309,0.36,7.97,-71.14,0,1
2026-03-06 17:59:53.359309,1.54,18.7,107.87,1,1
2026-03-06 17:59:58.359309,1.54,23.18,-105.51,0,1
2026-03-06 18:00:03.359309,2.65,17.3,32.52,0,1
2026-03-06 18:00:08.359309,0.45,5.41,39.67,0,1
2026-03-06 18:00:13.359309,1.41,10.85,-27.92,0,1
2026-03-06 18:00:18.359309,2.17,11.96,103.33,0,1
2026-03-06 18:00:23.359309,1.9,24.33,-9.07,0,1
2026-03-06 18:00:28.359309,0.83,14.77,-51.83,0,1
2026-03-06 18:00:33.359309,1.45,21.91,98.56,0,1
2026-03-06 18:00:38.359309,2.13,6.59,87.27,0,1
2026-03-06 18:00:43.359309,0.82,11.54,-80.09,0,1
2026-03-06 18:00:48.359309,0.3,11.49,-98.13,0,1
2026-03-06 18:00:53.359309,1.86,21.23,-61.03,0,1
2026-03-06 18:00:58.359309,2.11,19.27,-34.75,0,1
2026-03-06 18:01:03.359309,0.33,12.43,-32.15,0,1
2026-03-06 18:01:08.359309,0.36,24.45,-12.45,0,1
2026-03-06 18:01:13.359309,1.92,17.46,-37.34,0,1
2026-03-06 18:01:18.359309,0.99,7.98,31.47,1,1
2026-03-06 18:01:23.359309,0.54,16.44,-42.7,0,1
2026-03-06 18:01:28.359309,2.33,23.23,97.1,0,1
2026-03-06 18:01:33.359309,1.07,18.05,-18.31,0,1
2026-03-06 18:01:38.359309,0.68,21.45,-102.21,0,1
2026-03-06 18:01:43.359309,2.5,7.81,-11.86,0,1
2026-03-06 18:01:48.359309,1.67,17.91,97.85,0,1
2026-03-06 18:01:53.359309,1.62,23.67,-96.2,0,1
2026-03-06 18:01:58.359309,2.28,21.31,-5.88,1,1
2026-03-06 18:02:03.359309,1.49,19.9,-65.17,1,1
2026-03-06 18:02:08.359309,1.67,6.15,1.24,0,1
2026-03-06 18:02:13.359309,2.54,21.32,17.02,0,1
2026-03-06 18:02:18.359309,0.28,11.35,-51.78,0,1
2026-03-06 18:02:23.359309,0.19,19.65,14.55,0,1
2026-03-06 18:02:28.359309,2.89,10.18,72.33,0,1
2026-03-06 18:02:33.359309,0.91,14.39,-40.98,0,1
2026-03-06 18:02:38.359309,2.67,22.96,122.84,0,1
2026-03-06 18:02:43.359309,1.12,18.2,-93.07,0,1
2026-03-06 18:02:48.359309,0.13,9.25,19.33,0,1
2026-03-06 18:02:53.359309,0.83,9.96,40.54,0,1
2026-03-06 18:02:58.359309,1.14,7.72,83.41,0,1
2026-03-06 18:03:03.359309,2.18,24.78,39.37,1,1
2026-03-06 18:03:08.359309,1.52,5.6,-86.05,1,1
2026-03-06 18:03:13.359309,1.71,5.71,9.31,0,1
2026-03-06 18:03:18.359309,1.69,18.55,60.15,0,1
2026-03-06 18:03:23.359309,2.78,21.35,-121.03,0,1
2026-03-06 18:03:28.359309,2.33,21.88,-81.16,0,1
2026-03-06 18:03:33.359309,0.99,10.82,40.71,0,1
2026-03-06 18:03:38.359309,2.1,22.98,46.85,0,1
2026-03-06 18:03:43.359309,0.34,12.47,-101.26,0,1
2026-03-06 18:03:48.359309,0.36,15.0,-39.68,0,1
2026-03-06 18:03:53.359309,2.45,16.18,-114.58,1,1
2026-03-06 18:03:58.359309,1.76,15.98,33.79,0,1
2026-03-06 18:04:03.359309,1.1,16.33,20.3,0,1
2026-03-06 18:04:08.359309,2.28,13.73,3.24,0,1
2026-03-06 18:04:13.359309,0.02,6.84,107.98,0,1
2026-03-06 18:04:18.359309,0.7,12.0,34.0,0,1
2026-03-06 18:04:23.359309,0.16,11.69,-41.46,0,1
2026-03-06 18:04:28.359309,2.64,12.05,106.35,0,1
2026-03-06 18:04:33.359309,1.87,9.05,-125.26,1,1
2026-03-06 18:04:38.359309,0.14,13.99,-3.84,0,1
2026-03-06 18:04:43.359309,1.18,21.2,28.35,0,1
2026-03-06 18:04:48.359309,2.8,20.23,34.14,0,1
2026-03-06 18:04:53.359309,0.5,11.56,72.33,0,1
2026-03-06 18:04:58.359309,1.94,15.7,72.61,0,1
2026-03-06 18:05:03.359309,1.61,14.34,-27.17,0,1
2026-03-06 18:05:08.359309,0.95,20.81,107.55,1,1
2026-03-06 18:05:13.359309,2.38,17.36,3.63,0,1
2026-03-06 18:05:18.359309,1.56,8.57,-117.4,0,1
2026-03-06 18:05:23.359309,2.36,5.51,-14.76,0,1
2026-03-06 18:05:28.359309,0.29,19.56,9.53,0,1
2026-03-06 18:05:33.359309,2.81,11.05,59.65,0,1
2026-03-06 18:05:38.359309,1.85,21.85,-5.49,0,1
2026-03-06 18:05:43.359309,2.83,8.86,-78.06,0,1
2026-03-06 18:05:48.359309,0.4,19.53,91.12,1,1
2026-03-06 18:05:53.359309,1.03,6.69,48.07,0,1
2026-03-06 18:05:58.359309,2.97,23.39,-8.19,1,1
2026-03-06 18:06:03.359309,1.51,18.44,92.25,0,1
2026-03-06 18:06:08.359309,0.3,6.63,45.26,0,1
2026-03-06 18:06:13.359309,2.71,9.06,87.93,0,1
2026-03-06 18:06:18.359309,1.42,9.85,123.01,0,1
2026-03-06 18:06:23.359309,1.09,23.3,59.71,0,1
2026-03-06 18:06:28.359309,1.81,17.2,-101.51,0,1
2026-03-06 18:06:33.359309,2.66,23.39,-34.46,0,1
2026-03-06 18:06:38.359309,2.93,10.42,-60.97,0,1
2026-03-06 18:06:43.359309,1.09,6.42,18.26,1,1
2026-03-06 18:06:48.359309,1.18,11.37,125.42,0,1
2026-03-06 18:06:53.359309,2.39,17.06,-73.29,0,1
2026-03-06 18:06:58.359309,1.61,12.36,-125.12,0,1
2026-03-06 18:07:03.359309,0.09,13.66,27.68,0,1
2026-03-06 18:07:08.359309,0.59,7.52,38.61,0,1
2026-03-06 18:07:13.359309,2.35,16.1,35.61,0,1
2026-03-06 18:07:18.359309,0.12,24.26,55.84,0,1
2026-03-06 18:07:23.359309,0.97,17.77,-112.01,0,1
2026-03-06 18:07:28.359309,1.47,15.41,-20.1,0,1
2026-03-06 18:07:33.359309,1.06,13.69,-117.93,0,1
2026-03-06 18:07:38.359309,2.85,21.49,-57.29,0,1
2026-03-06 18:07:43.359309,0.22,10.03,63.08,0,1
2026-03-06 18:07:48.359309,2.16,11.86,-102.25,0,1
2026-03-06 18:07:53.359309,0.31,16.4,50.47,0,1
2026-03-06 18:07:58.359309,0.24,14.26,93.26,0,1
2026-03-06 18:08:03.359309,2.86,20.58,-90.0,0,1
2026-03-06 18:08:08.359309,1.47,8.89,122.53,0,1
2026-03-06 18:08:13.359309,1.22,8.08,37.26,0,0
2026-03-06 18:08:18.359309,0.66,11.27,-77.51,0,1
2026-03-06 18:08:23.359309,0.51,15.99,4.5,0,1
2026-03-06 18:08:28.359309,2.88,17.91,-5.27,0,1
2026-03-06 18:08:33.359309,2.92,20.87,-102.56,0,1
2026-03-06 18:08:38.359309,1.03,5.05,31.1,0,1
2026-03-06 18:08:43.359309,0.93,19.26,72.76,0,1
2026-03-06 18:08:48.359309,0.51,15.13,-54.39,0,1
2026-03-06 18:08:53.359309,0.46,16.03,58.12,0,1
2026-03-06 18:08:58.359309,0.67,16.97,-36.6,0,1
2026-03-06 18:09:03.359309,1.01,21.34,18.1,0,1
2026-03-06 18:09:08.359309,0.57,10.98,-30.18,0,1
2026-03-06 18:09:13.359309,0.94,13.14,101.71,0,1
2026-03-06 18:09:18.359309,0.63,12.53,64.55,0,1
2026-03-06 18:09:23.359309,1.56,5.83,102.49,1,1
2026-03-06 18:09:28.359309,1.54,14.17,-71.7,0,1
2026-03-06 18:09:33.359309,0.32,7.75,88.84,0,1
2026-03-06 18:09:38.359309,0.9,19.55,-43.4,0,1
2026-03-06 18:09:43.359309,1.84,5.81,-9.01,0,1
2026-03-06 18:09:48.359309,2.56,15.7,16.87,0,1
2026-03-06 18:09:53.359309,1.57,13.42,-6.08,0,1
2026-03-06 18:09:58.359309,1.6,23.6,70.3,0,1
2026-03-06 18:10:03.359309,1.52,10.72,-59.67,0,1
2026-03-06 18:10:08.359309,1.32,12.84,-40.35,0,1
2026-03-06 18:10:13.359309,0.89,24.12,-84.25,0,1
2026-03-06 18:10:18.359309,0.14,6.53,-64.58,0,1
2026-03-06 18:10:23.359309,0.49,21.26,-43.67,0,1
2026-03-06 18:10:28.359309,2.7,18.06,-49.99,0,1
2026-03-06 18:10:33.359309,1.14,16.69,102.06,0,1
2026-03-06 18:10:38.359309,2.47,14.73,-19.72,0,1
2026-03-06 18:10:43.359309,0.9,20.31,104.32,0,1
2026-03-06 18:10:48.359309,0.88,8.52,30.56,0,0
2026-03-06 18:10:53.359309,1.93,11.36,-44.26,0,1
2026-03-06 18:10:58.359309,0.47,18.91,-14.12,0,1
2026-03-06 18:11:03.359309,1.87,23.25,-20.74,0,1
2026-03-06 18:11:08.359309,0.04,22.23,-95.53,1,1
2026-03-06 18:11:13.359309,2.96,24.44,-122.36,0,1
2026-03-06 18:11:18.359309,1.49,20.62,88.3,0,1
2026-03-06 18:11:23.359309,1.35,14.09,-36.0,0,1
2026-03-06 18:11:28.359309,1.91,20.78,119.43,0,1
2026-03-06 18:11:33.359309,0.35,12.25,-51.53,0,1
2026-03-06 18:11:38.359309,2.22,22.51,-97.54,0,1
2026-03-06 18:11:43.359309,1.71,17.09,1.02,0,1
2026-03-06 18:11:48.359309,0.44,15.34,21.12,1,1
2026-03-06 18:11:53.359309,0.8,11.8,-85.4,0,1
2026-03-06 18:11:58.359309,0.45,20.45,-75.37,0,1
2026-03-06 18:12:03.359309,0.27,22.46,107.72,0,1
2026-03-06 18:12:08.359309,2.42,18.6,111.95,0,1
2026-03-06 18:12:13.359309,2.87,5.85,-117.82,0,1
2026-03-06 18:12:18.359309,1.88,12.41,-81.68,0,1
2026-03-06 18:12:23.359309,2.63,20.56,45.76,0,1
2026-03-06 18:12:28.359309,1.63,22.57,-101.33,1,1
2026-03-06 18:12:33.359309,0.73,8.76,78.39,0,1
2026-03-06 18:12:38.359309,2.68,8.45,94.53,0,1
2026-03-06 18:12:43.359309,1.74,16.31,108.59,0,1
2026-03-06 18:12:48.359309,0.16,21.74,-12.78,0,1
2026-03-06 18:12:53.359309,0.54,13.17,-104.87,0,1
2026-03-06 18:12:58.359309,0.86,24.42,-101.15,0,1
2026-03-06 18:13:03.359309,2.92,16.72,-71.96,0,1
2026-03-06 18:13:08.359309,1.26,17.84,12.44,0,1
2026-03-06 18:13:13.359309,2.02,24.88,-120.08,0,1
2026-03-06 18:13:18.359309,2.31,20.33,112.31,0,1
2026-03-06 18:13:23.359309,0.19,17.13,66.4,0,1
2026-03-06 18:13:28.359309,1.76,6.8,-92.42,0,1
2026-03-06 18:13:33.359309,1.13,17.74,53.04,0,1
2026-03-06 18:13:38.359309,2.77,19.99,-15.31,0,1
2026-03-06 18:13:43.359309,2.45,23.39,-48.59,0,1
2026-03-06 18:13:48.359309,1.58,23.66,89.99,0,1
2026-03-06 18:13:53.359309,0.77,8.89,-123.62,0,1
2026-03-06 18:13:58.359309,2.94,6.05,-25.04,0,1
2026-03-06 18:14:03.359309,1.57,20.45,-65.9,1,1
2026-03-06 18:14:08.359309,1.93,18.51,67.55,0,1
2026-03-06 18:14:13.359309,1.68,11.8,-111.63,0,1
2026-03-06 18:14:18.359309,1.31,7.66,85.07,0,1
2026-03-06 18:14:23.359309,2.03,10.33,-101.12,0,1
2026-03-06 18:14:28.359309,0.43,8.98,125.72,0,1
2026-03-06 18:14:33.359309,1.14,11.17,6.52,0,1
2026-03-06 18:14:38.359309,0.22,19.5,-51.26,0,1
2026-03-06 18:14:43.359309,1.93,13.4,102.96,0,1
2026-03-06 18:14:48.359309,1.82,18.09,-30.76,0,1
2026-03-06 18:14:53.359309,0.42,16.26,-32.48,0,1
2026-03-06 18:14:58.359309,2.01,16.51,-15.26,0,1
2026-03-06 18:15:03.359309,1.08,16.72,-75.31,0,1
2026-03-06 18:15:08.359309,1.39,9.92,4.26,1,1
2026-03-06 18:15:13.359309,0.35,21.69,43.85,0,1
2026-03-06 18:15:18.359309,2.94,20.56,-109.82,1,1
2026-03-06 18:15:23.359309,1.73,7.39,111.76,0,1
2026-03-06 18:15:28.359309,1.14,12.44,80.55,0,1
2026-03-06 18:15:33.359309,2.74,17.42,59.47,0,1
2026-03-06 18:15:38.359309,0.25,7.32,103.61,0,1
2026-03-06 18:15:43.359309,0.47,18.38,54.01,0,1
2026-03-06 18:15:48.359309,2.99,13.09,39.25,0,1
2026-03-06 18:15:53.359309,1.98,9.92,71.63,0,1
2026-03-06 18:15:58.359309,1.62,19.1,105.62,0,1
2026-03-06 18:16:03.359309,0.93,24.3,-12.61,0,1
2026-03-06 18:16:08.359309,2.22,19.69,102.79,0,1
2026-03-06 18:16:13.359309,2.8,14.05,125.15,0,1
2026-03-06 18:16:18.359309,2.29,19.42,99.22,0,1
2026-03-06 18:16:23.359309,0.16,20.49,8.59,0,1
2026-03-06 18:16:28.359309,1.72,5.46,31.71,0,1
2026-03-06 18:16:33.359309,1.69,20.25,-44.28,1,1
2026-03-06 18:16:38.359309,1.25,24.87,-88.72,0,1
2026-03-06 18:16:43.359309,2.4,8.81,-37.9,0,1
2026-03-06 18:16:48.359309,0.82,10.66,36.95,0,0
2026-03-06 18:16:53.359309,0.44,6.09,75.62,0,1
2026-03-06 18:16:58.359309,0.99,16.11,74.03,0,1
2026-03-06 18:17:03.359309,2.74,7.35,45.52,0,1
2026-03-06 18:17:08.359309,2.45,9.24,8.57,0,1
2026-03-06 18:17:13.359309,1.44,20.54,79.23,0,1
2026-03-06 18:17:18.359309,0.01,19.11,112.14,0,1
2026-03-06 18:17:23.359309,1.45,18.91,-32.35,0,1
2026-03-06 18:17:28.359309,2.73,22.77,36.77,0,1
2026-03-06 18:17:33.359309,2.75,5.43,-30.16,0,1
2026-03-06 18:17:38.359309,0.32,19.3,-58.12,0,1
2026-03-06 18:17:43.359309,0.72,19.87,109.17,1,1
2026-03-06 18:17:48.359309,1.5,18.96,-6.54,0,1
2026-03-06 18:17:53.359309,2.79,10.01,-41.8,0,1
2026-03-06 18:17:58.359309,0.09,22.58,-109.8,0,1
2026-03-06 18:18:03.359309,0.16,22.8,125.42,0,1
2026-03-06 18:18:08.359309,1.07,6.23,-77.93,0,1
2026-03-06 18:18:13.359309,0.72,16.38,-19.38,0,1
2026-03-06 18:18:18.359309,2.61,7.37,108.25,0,1
2026-03-06 18:18:23.359309,0.36,22.24,-55.26,0,1
2026-03-06 18:18:28.359309,1.33,12.36,-113.12,0,1
2026-03-06 18:18:33.359309,0.15,7.99,17.88,1,1
2026-03-06 18:18:38.359309,2.17,5.69,46.15,0,1
2026-03-06 18:18:43.359309,0.93,14.61,-84.13,0,1
2026-03-06 18:18:48.359309,0.06,17.21,-110.83,0,1
2026-03-06 18:18:53.359309,2.96,24.07,-107.82,0,1
2026-03-06 18:18:58.359309,1.74,9.95,93.86,1,1
2026-03-06 18:19:03.359309,2.33,14.84,-9.87,0,1
2026-03-06 18:19:08.359309,0.68,21.13,-9.73,0,1
2026-03-06 18:19:13.359309,1.21,7.86,34.83,0,0
2026-03-06 18:19:18.359309,0.04,6.37,-28.74,1,1
2026-03-06 18:19:23.359309,1.22,17.85,-64.68,0,1
2026-03-06 18:19:28.359309,2.24,19.19,-19.38,0,1
2026-03-06 18:19:33.359309,1.96,11.1,112.56,0,1
2026-03-06 18:19:38.359309,0.77,12.61,-58.58,0,1
2026-03-06 18:19:43.359309,1.75,16.52,-115.32,0,1
2026-03-06 18:19:48.359309,1.14,23.42,83.95,0,1
2026-03-06 18:19:53.359309,2.36,18.7,-17.57,0,1
2026-03-06 18:19:58.359309,1.26,6.98,-59.44,1,1
2026-03-06 18:20:03.359309,1.69,19.77,90.42,0,1
2026-03-06 18:20:08.359309,0.19,14.64,115.27,1,1
2026-03-06 18:20:13.359309,0.92,13.32,-47.18,0,1
2026-03-06 18:20:18.359309,1.81,16.71,24.08,0,1
2026-03-06 18:20:23.359309,1.64,9.89,-73.56,0,1
2026-03-06 18:20:28.359309,2.9,12.27,12.57,0,1
2026-03-06 18:20:33.359309,2.97,5.17,-92.06,0,1
2026-03-06 18:20:38.359309,2.16,19.15,67.07,0,1
2026-03-06 18:20:43.359309,1.45,16.01,42.57,0,1
2026-03-06 18:20:48.359309,2.44,20.54,4.59,0,1
2026-03-06 18:20:53.359309,0.15,23.05,72.7,0,1
2026-03-06 18:20:58.359309,0.3,8.47,92.46,1,1
2026-03-06 18:21:03.359309,0.45,17.68,-6.8,0,1
2026-03-06 18:21:08.359309,2.07,14.82,-2.07,0,1
2026-03-06 18:21:13.359309,1.8,15.78,-106.81,1,1
2026-03-06 18:21:18.359309,2.79,11.58,31.57,1,1
2026-03-06 18:21:23.359309,1.13,8.7,26.76,0,0
2026-03-06 18:21:28.359309,1.03,8.74,-90.46,0,1
2026-03-06 18:21:33.359309,0.0,15.91,-44.66,0,1
2026-03-06 18:21:38.359309,2.24,7.96,68.76,0,1
2026-03-06 18:21:43.359309,2.63,19.34,28.43,0,1
2026-03-06 18:21:48.359309,2.18,7.15,53.91,0,1
2026-03-06 18:21:53.359309,2.52,5.87,27.97,0,1
2026-03-06 18:21:58.359309,1.07,14.41,-43.36,0,1
2026-03-06 18:22:03.359309,0.11,11.31,-16.69,0,1
2026-03-06 18:22:08.359309,0.67,8.63,-10.54,0,1
2026-03-06 18:22:13.359309,1.01,8.33,-125.47,0,1
2026-03-06 18:22:18.359309,0.57,14.24,97.31,0,1
2026-03-06 18:22:23.359309,2.81,7.43,-5.45,0,1
2026-03-06 18:22:28.359309,2.41,10.84,11.03,0,1
2026-03-06 18:22:33.359309,0.11,18.17,20.14,0,1
2026-03-06 18:22:38.359309,0.4,7.09,-116.13,0,1
2026-03-06 18:22:43.359309,1.22,22.27,106.02,0,1
2026-03-06 18:22:48.359309,2.95,13.8,75.37,0,1
2026-03-06 18:22:53.359309,2.08,21.63,-31.67,0,1
2026-03-06 18:22:58.359309,0.02,7.17,18.49,0,1
2026-03-06 18:23:03.359309,0.34,11.62,59.48,0,1
2026-03-06 18:23:08.359309,1.99,21.03,-47.72,0,1
2026-03-06 18:23:13.359309,0.35,10.42,120.16,0,1
2026-03-06 18:23:18.359309,2.64,8.72,-119.24,0,1
2026-03-06 18:23:23.359309,0.78,19.0,-28.72,0,1
2026-03-06 18:23:28.359309,2.89,21.23,-121.72,0,1
2026-03-06 18:23:33.359309,1.86,14.85,-19.23,0,1
2026-03-06 18:23:38.359309,1.72,24.03,53.99,0,1
2026-03-06 18:23:43.359309,0.11,14.05,1.64,0,1
2026-03-06 18:23:48.359309,2.05,5.02,-35.76,0,1
2026-03-06 18:23:53.359309,2.92,10.55,-20.33,0,1
2026-03-06 18:23:58.359309,1.2,14.21,-76.37,0,1
2026-03-06 18:24:03.359309,0.62,10.04,77.44,0,1
2026-03-06 18:24:08.359309,2.15,16.26,25.8,0,1
2026-03-06 18:24:13.359309,2.37,17.0,92.93,0,1
2026-03-06 18:24:18.359309,0.46,17.45,13.87,0,1
2026-03-06 18:24:23.359309,2.09,21.3,-98.74,0,1
2026-03-06 18:24:28.359309,2.39,7.66,-91.88,0,1
2026-03-06 18:24:33.359309,1.19,24.11,73.59,0,1
2026-03-06 18:24:38.359309,0.13,12.09,24.01,0,1
2026-03-06 18:24:43.359309,0.68,13.1,-21.42,0,1
2026-03-06 18:24:48.359309,1.42,10.05,88.98,0,1
2026-03-06 18:24:53.359309,0.07,6.32,66.28,0,1
2026-03-06 18:24:58.359309,0.34,7.22,9.74,1,1
2026-03-06 18:25:03.359309,2.66,21.85,87.41,0,1
2026-03-06 18:25:08.359309,0.3,13.04,-100.77,0,1
2026-03-06 18:25:13.359309,0.83,14.49,32.91,1,1
2026-03-06 18:25:18.359309,2.09,17.56,116.45,0,1
2026-03-06 18:25:23.359309,2.87,23.18,57.82,0,1
2026-03-06 18:25:28.359309,0.45,11.29,53.57,0,1
2026-03-06 18:25:33.359309,1.48,15.06,44.71,0,1
2026-03-06 18:25:38.359309,0.61,17.24,-56.24,1,1
2026-03-06 18:25:43.359309,1.07,18.25,18.66,1,1
2026-03-06 18:25:48.359309,1.95,13.8,78.68,0,1
2026-03-06 18:25:53.359309,1.76,22.09,98.85,1,1
2026-03-06 18:25:58.359309,2.56,5.54,9.31,0,1
2026-03-06 18:26:03.359309,2.48,11.49,-54.91,0,1
2026-03-06 18:26:08.359309,2.32,19.54,-46.3,0,1
2026-03-06 18:26:13.359309,2.53,14.99,-111.21,0,1
2026-03-06 18:26:18.359309,2.18,6.86,22.12,0,1
2026-03-06 18:26:23.359309,0.16,16.68,-3.73,0,1
2026-03-06 18:26:28.359309,1.64,19.52,-98.19,0,1
2026-03-06 18:26:33.359309,2.71,14.11,126.74,0,1
2026-03-06 18:26:38.359309,1.01,19.25,-77.94,0,1
2026-03-06 18:26:43.359309,2.12,15.32,-21.37,0,1
2026-03-06 18:26:48.359309,1.03,24.36,-53.55,1,1
2026-03-06 18:26:53.359309,1.32,13.41,-90.24,0,1
2026-03-06 18:26:58.359309,2.54,9.55,68.32,0,1
2026-03-06 18:27:03.359309,2.57,24.19,6.91,0,1
2026-03-06 18:27:08.359309,0.75,15.02,1.88,0,1
2026-03-06 18:27:13.359309,2.2,15.55,-1.37,0,1
2026-03-06 18:27:18.359309,0.25,22.37,-62.73,1,1
2026-03-06 18:27:23.359309,2.34,19.2,-3.25,0,1
2026-03-06 18:27:28.359309,0.99,20.33,-16.66,1,1
2026-03-06 18:27:33.359309,0.26,23.75,-85.82,0,1
2026-03-06 18:27:38.359309,1.95,22.26,99.6,0,1
2026-03-06 18:27:43.359309,0.57,22.98,-8.84,0,1
2026-03-06 18:27:48.359309,0.69,17.39,-52.01,0,1
2026-03-06 18:27:53.359309,1.35,20.92,-100.34,0,1
2026-03-06 18:27:58.359309,1.68,10.33,-66.79,0,1
2026-03-06 18:28:03.359309,0.87,12.97,62.33,0,1
2026-03-06 18:28:08.359309,0.15,10.52,-47.7,1,1
2026-03-06 18:28:13.359309,1.42,5.34,-117.05,0,1
2026-03-06 18:28:18.359309,2.37,13.41,-90.49,0,1
2026-03-06 18:28:23.359309,0.06,13.5,-26.02,1,1
2026-03-06 18:28:28.359309,0.14,13.87,-63.74,0,1
2026-03-06 18:28:33.359309,2.27,11.07,96.32,0,1
2026-03-06 18:28:38.359309,1.18,19.87,-11.28,0,1
2026-03-06 18:28:43.359309,0.69,17.73,11.5,1,1
2026-03-06 18:28:48.359309,2.61,17.81,12.22,0,1
2026-03-06 18:28:53.359309,2.06,24.72,-13.46,0,1
2026-03-06 18:28:58.359309,0.32,7.17,-119.68,1,1
2026-03-06 18:29:03.359309,0.54,22.68,101.97,1,1
2026-03-06 18:29:08.359309,1.7,7.98,-55.66,0,1
2026-03-06 18:29:13.359309,1.6,17.49,-121.75,0,1
2026-03-06 18:29:18.359309,2.54,20.53,98.19,0,1
2026-03-06 18:29:23.359309,0.45,22.89,123.39,0,1
2026-03-06 18:29:28.359309,1.48,19.09,38.09,0,1
2026-03-06 18:29:33.359309,2.41,13.96,-83.4,0,1
2026-03-06 18:29:38.359309,0.27,20.08,-85.67,0,1
2026-03-06 18:29:43.359309,1.16,18.54,86.47,0,1
2026-03-06 18:29:48.359309,0.78,21.04,87.03,1,1
2026-03-06 18:29:53.359309,0.58,15.13,-81.09,0,1
2026-03-06 18:29:58.359309,0.12,21.25,-30.51,0,1
2026-03-06 18:30:03.359309,0.21,23.71,113.85,0,1
2026-03-06 18:30:08.359309,1.98,18.64,91.6,0,1
2026-03-06 18:30:13.359309,2.36,15.41,32.66,0,1
2026-03-06 18:30:18.359309,2.71,17.47,-39.42,1,1
2026-03-06 18:30:23.359309,2.53,16.42,70.85,1,1
2026-03-06 18:30:28.359309,2.96,17.25,23.61,0,1
2026-03-06 18:30:33.359309,2.08,5.98,-71.84,0,1
2026-03-06 18:30:38.359309,0.37,13.37,119.51,0,1
2026-03-06 18:30:43.359309,2.72,16.06,118.3,0,1
2026-03-06 18:30:48.359309,2.84,22.73,119.96,0,1
2026-03-06 18:30:53.359309,2.87,23.97,-25.87,0,1
2026-03-06 18:30:58.359309,1.38,9.74,-40.21,0,1
2026-03-06 18:31:03.359309,2.05,5.11,-81.24,1,1
2026-03-06 18:31:08.359309,1.43,14.87,53.01,0,1
2026-03-06 18:31:13.359309,1.63,9.55,58.16,0,1
2026-03-06 18:31:18.359309,1.11,12.28,-58.68,0,1
2026-03-06 18:31:23.359309,2.23,24.26,-30.67,0,1
2026-03-06 18:31:28.359309,0.36,17.53,-39.47,0,1
2026-03-06 18:31:33.359309,2.56,15.93,40.31,0,1
2026-03-06 18:31:38.359309,2.59,15.87,45.95,0,1
2026-03-06 18:31:43.359309,1.0,5.38,-105.62,0,1
2026-03-06 18:31:48.359309,1.26,16.84,-95.17,1,1
2026-03-06 18:31:53.359309,0.73,13.99,93.49,0,1
2026-03-06 18:31:58.359309,1.77,7.81,118.19,0,1
2026-03-06 18:32:03.359309,0.4,14.67,6.36,0,1
2026-03-06 18:32:08.359309,0.0,13.79,-116.0,0,1
2026-03-06 18:32:13.359309,2.31,11.71,65.75,0,1
2026-03-06 18:32:18.359309,0.19,14.4,-60.21,0,1
2026-03-06 18:32:23.359309,0.43,8.54,94.86,0,1
2026-03-06 18:32:28.359309,2.38,23.15,-98.02,0,1
2026-03-06 18:32:33.359309,1.55,6.42,-13.48,0,1
2026-03-06 18:32:38.359309,0.03,18.92,10.94,0,1
2026-03-06 18:32:43.359309,1.84,24.78,-65.61,0,1
2026-03-06 18:32:48.359309,0.87,6.81,-0.91,0,1
2026-03-06 18:32:53.359309,0.43,8.72,52.84,0,1
2026-03-06 18:32:58.359309,2.42,11.84,-40.29,1,1
2026-03-06 18:33:03.359309,2.06,24.67,33.54,0,1
2026-03-06 18:33:08.359309,1.57,11.74,87.85,0,1
2026-03-06 18:33:13.359309,0.86,13.12,10.82,0,1
2026-03-06 18:33:18.359309,2.55,22.47,-122.2,0,1
2026-03-06 18:33:23.359309,1.56,17.26,90.94,0,1
2026-03-06 18:33:28.359309,2.44,20.03,9.67,0,1
2026-03-06 18:33:33.359309,1.93,7.49,-24.43,0,1
2026-03-06 18:33:38.359309,0.04,21.91,-17.79,1,1
2026-03-06 18:33:43.359309,1.39,13.52,-90.9,0,1
2026-03-06 18:33:48.359309,2.52,8.24,84.27,0,1
2026-03-06 18:33:53.359309,2.08,6.21,91.65,0,1
2026-03-06 18:33:58.359309,0.49,8.53,-21.52,0,1
2026-03-06 18:34:03.359309,2.52,22.38,-23.76,0,1
2026-03-06 18:34:08.359309,0.23,18.05,32.83,0,1
2026-03-06 18:34:13.359309,2.99,14.04,-57.21,1,1
2026-03-06 18:34:18.359309,0.48,17.5,125.29,0,1
2026-03-06 18:34:23.359309,2.24,18.17,-43.23,0,1
2026-03-06 18:34:28.359309,1.77,19.42,-49.51,0,1
2026-03-06 18:34:33.359309,2.58,16.55,84.89,0,1
2026-03-06 18:34:38.359309,0.03,10.71,13.12,1,1
2026-03-06 18:34:43.359309,0.26,13.0,122.71,0,1
2026-03-06 18:34:48.359309,1.99,18.13,-50.58,0,1
2026-03-06 18:34:53.359309,0.93,13.56,108.1,0,1
2026-03-06 18:34:58.359309,0.79,24.41,97.77,0,1
2026-03-06 18:35:03.359309,0.22,5.94,25.52,0,1
2026-03-06 18:35:08.359309,1.85,5.25,-83.64,0,1
2026-03-06 18:35:13.359309,0.46,17.24,-92.03,0,1
2026-03-06 18:35:18.359309,1.66,22.79,2.8,0,1
2026-03-06 18:35:23.359309,1.29,20.91,-107.09,0,1
2026-03-06 18:35:28.359309,1.77,5.07,-56.27,0,1
2026-03-06 18:35:33.359309,1.88,14.8,-10.86,0,1
2026-03-06 18:35:38.359309,2.53,14.82,79.48,0,1
2026-03-06 18:35:43.359309,2.24,11.25,32.68,0,1
2026-03-06 18:35:48.359309,2.25,16.76,41.22,0,1
2026-03-06 18:35:53.359309,1.95,22.62,71.19,0,1
2026-03-06 18:35:58.359309,0.16,21.98,-90.43,0,1
2026-03-06 18:36:03.359309,0.19,10.03,81.91,0,1
2026-03-06 18:36:08.359309,1.4,16.24,-92.39,0,1
2026-03-06 18:36:13.359309,0.62,23.49,101.71,0,1
2026-03-06 18:36:18.359309,2.68,11.36,-37.84,0,1
2026-03-06 18:36:23.359309,0.64,8.91,81.02,0,1
2026-03-06 18:36:28.359309,1.43,12.29,83.79,0,1
2026-03-06 18:36:33.359309,1.86,7.28,93.26,0,1
2026-03-06 18:36:38.359309,1.22,14.83,-52.49,0,1
2026-03-06 18:36:43.359309,0.15,12.99,-76.94,0,1
2026-03-06 18:36:48.359309,1.14,22.13,32.23,0,1
2026-03-06 18:36:53.359309,2.51,24.45,-104.45,0,1
2026-03-06 18:36:58.359309,2.9,22.32,49.83,0,1
2026-03-06 18:37:03.359309,0.23,5.94,45.01,0,1
2026-03-06 18:37:08.359309,0.51,13.28,-120.06,0,1
2026-03-06 18:37:13.359309,1.96,6.09,-90.5,0,1
2026-03-06 18:37:18.359309,0.08,17.11,-88.85,0,1
2026-03-06 18:37:23.359309,2.1,9.87,115.83,0,1
2026-03-06 18:37:28.359309,2.49,18.47,-12.51,1,1
2026-03-06 18:37:33.359309,0.74,8.33,-120.87,0,1
2026-03-06 18:37:38.359309,2.77,5.68,93.6,1,1
2026-03-06 18:37:43.359309,0.65,8.84,60.32,1,1
2026-03-06 18:37:48.359309,1.33,23.38,111.16,0,1
2026-03-06 18:37:53.359309,1.75,13.83,69.07,0,1
2026-03-06 18:37:58.359309,2.44,24.34,-64.23,0,1
2026-03-06 18:38:03.359309,0.1,7.46,73.2,0,1
2026-03-06 18:38:08.359309,1.53,10.94,-6.98,1,1
2026-03-06 18:38:13.359309,2.75,20.93,110.13,0,1
2026-03-06 18:38:18.359309,1.62,15.49,17.9,0,1
2026-03-06 18:38:23.359309,0.88,11.0,-70.5,0,1
2026-03-06 18:38:28.359309,1.55,10.66,-1.54,0,1
2026-03-06 18:38:33.359309,0.97,6.84,-123.59,0,1
2026-03-06 18:38:38.359309,2.65,16.58,-41.53,0,1
2026-03-06 18:38:43.359309,0.22,19.34,-12.6,0,1
2026-03-06 18:38:48.359309,2.59,7.67,-36.67,0,1
2026-03-06 18:38:53.359309,0.75,15.83,-110.69,0,1
2026-03-06 18:38:58.359309,1.05,9.83,74.38,0,1
2026-03-06 18:39:03.359309,1.21,11.46,92.2,0,1
2026-03-06 18:39:08.359309,1.17,9.5,68.76,0,1
2026-03-06 18:39:13.359309,2.78,15.98,79.1,0,1
2026-03-06 18:39:18.359309,2.7,24.18,-43.47,0,1
2026-03-06 18:39:23.359309,1.42,8.31,93.34,0,1
2026-03-06 18:39:28.359309,1.47,5.34,37.71,0,1
2026-03-06 18:39:33.359309,2.3,12.44,68.5,0,1
2026-03-06 18:39:38.359309,1.61,8.22,82.19,1,1
2026-03-06 18:39:43.359309,0.11,8.24,-126.3,0,1
2026-03-06 18:39:48.359309,0.08,17.79,-77.63,0,1
2026-03-06 18:39:53.359309,1.28,23.49,73.9,0,1
2026-03-06 18:39:58.359309,1.06,20.38,-118.71,0,1
2026-03-06 18:40:03.359309,0.61,16.04,-27.08,0,1
2026-03-06 18:40:08.359309,2.11,21.53,-117.41,0,1
2026-03-06 18:40:13.359309,1.15,12.57,57.36,0,1
2026-03-06 18:40:18.359309,0.75,11.12,93.84,0,1
2026-03-06 18:40:23.359309,2.66,5.36,109.63,0,1
2026-03-06 18:40:28.359309,0.63,18.83,-104.81,0,1
2026-03-06 18:40:33.359309,0.95,21.45,-42.58,0,1
2026-03-06 18:40:38.359309,2.94,16.24,-100.5,0,1
2026-03-06 18:40:43.359309,0.21,16.71,103.74,0,1
2026-03-06 18:40:48.359309,1.45,17.45,-44.65,0,1
2026-03-06 18:40:53.359309,1.1,6.48,18.57,0,1
2026-03-06 18:40:58.359309,0.47,18.22,-3.43,1,1
2026-03-06 18:41:03.359309,2.79,11.23,-87.67,0,1
2026-03-06 18:41:08.359309,2.65,7.15,-95.31,0,1
2026-03-06 18:41:13.359309,1.2,5.48,51.82,0,1
2026-03-06 18:41:18.359309,2.77,18.01,107.03,0,1
2026-03-06 18:41:23.359309,2.53,16.71,13.6,0,1
2026-03-06 18:41:28.359309,0.13,15.81,-105.37,0,1
2026-03-06 18:41:33.359309,1.26,19.47,72.8,0,1
2026-03-06 18:41:38.359309,0.61,15.67,-124.89,0,1
2026-03-06 18:41:43.359309,1.22,10.13,121.37,1,1
2026-03-06 18:41:48.359309,2.89,10.73,44.7,0,1
2026-03-06 18:41:53.359309,2.42,11.65,-65.11,0,1
2026-03-06 18:41:58.359309,2.48,22.56,-62.88,0,1
2026-03-06 18:42:03.359309,1.05,10.27,-121.04,0,1
2026-03-06 18:42:08.359309,1.95,5.75,-99.96,0,1
2026-03-06 18:42:13.359309,0.71,24.78,-33.92,0,1
2026-03-06 18:42:18.359309,0.42,23.36,-103.18,0,1
2026-03-06 18:42:23.359309,0.28,6.68,-41.07,0,1
2026-03-06 18:42:28.359309,0.24,9.56,-49.97,0,1
2026-03-06 18:42:33.359309,0.65,21.86,102.61,0,1
2026-03-06 18:42:38.359309,1.22,5.12,90.76,0,1
2026-03-06 18:42:43.359309,0.71,20.19,-87.68,0,1
2026-03-06 18:42:48.359309,2.44,22.41,-38.75,0,1
2026-03-06 18:42:53.359309,0.82,8.66,82.74,0,1
2026-03-06 18:42:58.359309,1.02,9.34,66.94,0,1
2026-03-06 18:43:03.359309,0.82,8.07,-101.87,1,1
2026-03-06 18:43:08.359309,0.13,10.93,72.28,0,1
2026-03-06 18:43:13.359309,2.21,23.11,-68.93,0,1
2026-03-06 18:43:18.359309,1.49,19.68,-0.65,0,1
2026-03-06 18:43:23.359309,0.81,19.44,3.54,0,1
2026-03-06 18:43:28.359309,1.56,11.76,96.47,0,1
2026-03-06 18:43:33.359309,1.02,7.25,118.53,0,1
2026-03-06 18:43:38.359309,0.99,17.84,-119.55,0,1
2026-03-06 18:43:43.359309,1.79,20.9,52.39,0,1
2026-03-06 18:43:48.359309,2.88,11.41,-78.78,0,1
2026-03-06 18:43:53.359309,2.72,10.21,94.74,0,1
2026-03-06 18:43:58.359309,2.36,5.53,-124.58,0,1
2026-03-06 18:44:03.359309,2.11,17.69,26.78,0,1
2026-03-06 18:44:08.359309,2.38,9.87,-115.16,0,1
2026-03-06 18:44:13.359309,2.47,21.38,-100.25,0,1
2026-03-06 18:44:18.359309,0.0,15.33,-11.05,0,1
2026-03-06 18:44:23.359309,1.57,22.84,-37.47,1,1
2026-03-06 18:44:28.359309,0.26,13.52,25.22,0,1
2026-03-06 18:44:33.359309,0.2,10.13,116.24,0,1
2026-03-06 18:44:38.359309,2.69,10.66,87.87,0,1
2026-03-06 18:44:43.359309,0.81,8.43,-96.66,1,1
2026-03-06 18:44:48.359309,1.36,19.33,-61.48,0,1
2026-03-06 18:44:53.359309,0.27,22.35,63.4,0,1
2026-03-06 18:44:58.359309,1.95,20.74,44.56,0,1
2026-03-06 18:45:03.359309,1.04,16.12,28.29,0,1
2026-03-06 18:45:08.359309,1.14,18.85,63.1,0,1
2026-03-06 18:45:13.359309,2.35,6.23,112.26,0,1
2026-03-06 18:45:18.359309,1.74,8.45,-45.32,1,1
2026-03-06 18:45:23.359309,0.72,22.86,118.53,0,1
2026-03-06 18:45:28.359309,2.6,10.24,-91.2,0,1
2026-03-06 18:45:33.359309,2.0,7.66,48.0,0,1
2026-03-06 18:45:38.359309,2.52,9.82,49.65,0,1
2026-03-06 18:45:43.359309,2.37,24.25,-79.92,1,1
2026-03-06 18:45:48.359309,2.81,15.96,-20.12,0,1
2026-03-06 18:45:53.359309,1.52,11.32,111.78,0,1
2026-03-06 18:45:58.359309,0.63,23.15,-95.35,0,1
2026-03-06 18:46:03.359309,2.32,14.69,45.9,0,1
2026-03-06 18:46:08.359309,0.81,10.82,104.8,1,1
2026-03-06 18:46:13.359309,2.87,12.87,-121.53,0,1
2026-03-06 18:46:18.359309,1.92,10.45,-72.92,0,1
2026-03-06 18:46:23.359309,1.63,22.03,-8.96,0,1
2026-03-06 18:46:28.359309,2.1,18.23,74.63,0,1
2026-03-06 18:46:33.359309,2.88,5.93,121.09,0,1
2026-03-06 18:46:38.359309,1.18,20.31,73.57,0,1
2026-03-06 18:46:43.359309,1.86,14.13,-107.7,0,1
2026-03-06 18:46:48.359309,1.38,21.6,-113.87,0,1
2026-03-06 18:46:53.359309,2.03,17.9,-58.07,0,1
2026-03-06 18:46:58.359309,2.69,21.89,-13.27,0,1
2026-03-06 18:47:03.359309,1.11,10.84,-48.06,0,1
2026-03-06 18:47:08.359309,2.5,11.48,-26.41,0,1
2026-03-06 18:47:13.359309,2.42,11.58,2.58,0,1
2026-03-06 18:47:18.359309,2.57,21.05,-98.17,1,1
2026-03-06 18:47:23.359309,1.81,13.15,114.23,0,1
2026-03-06 18:47:28.359309,1.55,15.02,-39.22,0,1
2026-03-06 18:47:33.359309,0.62,22.33,106.62,0,1
2026-03-06 18:47:38.359309,2.3,12.11,-30.49,0,1
2026-03-06 18:47:43.359309,1.61,22.71,123.5,0,1
2026-03-06 18:47:48.359309,0.15,10.94,-96.65,0,1
2026-03-06 18:47:53.359309,1.55,7.88,-92.33,0,1
2026-03-06 18:47:58.359309,0.11,10.99,-92.51,0,1
2026-03-06 18:48:03.359309,0.46,19.1,-82.83,0,1
2026-03-06 18:48:08.359309,0.5,20.59,-115.11,0,1
2026-03-06 18:48:13.359309,1.21,13.0,-57.83,0,1
2026-03-06 18:48:18.359309,2.58,7.02,-37.97,0,1
2026-03-06 18:48:23.359309,2.85,14.76,-28.77,0,1
2026-03-06 18:48:28.359309,1.17,14.73,-5.42,0,1
2026-03-06 18:48:33.359309,0.77,23.94,-106.05,1,1
2026-03-06 18:48:38.359309,1.76,5.64,62.54,0,1
2026-03-06 18:48:43.359309,2.09,10.61,-1.0,0,1
2026-03-06 18:48:48.359309,1.33,5.75,-3.38,0,1
2026-03-06 18:48:53.359309,0.87,19.06,-16.17,0,1
2026-03-06 18:48:58.359309,2.19,19.27,91.39,0,1
2026-03-06 18:49:03.359309,2.88,21.85,-84.77,0,1
2026-03-06 18:49:08.359309,1.1,18.23,-116.7,0,1
2026-03-06 18:49:13.359309,1.23,8.04,57.83,0,1
2026-03-06 18:49:18.359309,2.29,22.42,120.32,0,1
2026-03-06 18:49:23.359309,1.75,9.02,-32.96,0,1
2026-03-06 18:49:28.359309,2.6,15.22,72.99,0,1
2026-03-06 18:49:33.359309,2.82,20.87,-38.68,0,1
2026-03-06 18:49:38.359309,1.74,15.34,23.52,1,1
2026-03-06 18:49:43.359309,1.33,13.11,-87.42,0,1
2026-03-06 18:49:48.359309,0.82,19.49,120.36,0,1
2026-03-06 18:49:53.359309,2.88,16.57,-36.83,0,1
2026-03-06 18:49:58.359309,1.93,22.57,38.77,0,1
2026-03-06 18:50:03.359309,0.67,13.3,42.74,0,1
2026-03-06 18:50:08.359309,1.89,21.82,-63.76,1,1
2026-03-06 18:50:13.359309,1.53,15.4,-2.62,0,1
2026-03-06 18:50:18.359309,0.25,19.29,126.56,1,1
2026-03-06 18:50:23.359309,1.7,16.55,-120.31,0,1
2026-03-06 18:50:28.359309,1.62,13.91,-82.23,0,1
2026-03-06 18:50:33.359309,2.14,10.51,13.38,0,1
2026-03-06 18:50:38.359309,2.21,15.32,-36.09,0,1
2026-03-06 18:50:43.359309,0.36,22.93,72.71,0,1
2026-03-06 18:50:48.359309,2.08,6.05,73.92,0,1
2026-03-06 18:50:53.359309,1.95,16.31,120.08,0,1
2026-03-06 18:50:58.359309,0.72,6.61,94.13,0,1
2026-03-06 18:51:03.359309,0.32,23.54,117.44,0,1
2026-03-06 18:51:08.359309,1.63,18.89,45.89,0,1
2026-03-06 18:51:13.359309,0.4,20.06,-57.16,1,1
2026-03-06 18:51:18.359309,0.89,23.5,37.76,0,1
2026-03-06 18:51:23.359309,0.14,22.8,89.96,0,1
2026-03-06 18:51:28.359309,1.85,23.19,108.11,0,1
2026-03-06 18:51:33.359309,1.36,16.73,83.12,0,1
2026-03-06 18:51:38.359309,1.0,11.23,0.37,0,1
2026-03-06 18:51:43.359309,0.24,8.59,19.01,0,1
2026-03-06 18:51:48.359309,0.35,20.83,-52.25,0,1
2026-03-06 18:51:53.359309,1.1,9.78,-9.44,0,1
2026-03-06 18:51:58.359309,0.44,12.14,6.25,0,1
2026-03-06 18:52:03.359309,0.67,16.1,27.13,0,1
2026-03-06 18:52:08.359309,1.73,12.59,41.03,0,1
2026-03-06 18:52:13.359309,1.35,18.35,14.32,0,1
2026-03-06 18:52:18.359309,1.15,14.45,-12.0,0,1
2026-03-06 18:52:23.359309,1.47,20.84,8.09,0,1
2026-03-06 18:52:28.359309,0.64,19.17,-15.51,0,1
2026-03-06 18:52:33.359309,2.08,8.75,41.39,0,1
2026-03-06 18:52:38.359309,2.17,10.52,2.29,0,1
2026-03-06 18:52:43.359309,1.82,12.54,-48.12,0,1
2026-03-06 18:52:48.359309,0.82,6.66,97.3,0,1
2026-03-06 18:52:53.359309,1.44,17.96,-114.9,0,1
2026-03-06 18:52:58.359309,0.92,14.91,49.44,0,1
2026-03-06 18:53:03.359309,0.94,7.95,-52.83,0,1
2026-03-06 18:53:08.359309,0.98,11.29,69.76,1,1
2026-03-06 18:53:13.359309,0.27,17.26,58.82,0,1
2026-03-06 18:53:18.359309,1.1,13.48,14.8,0,1
2026-03-06 18:53:23.359309,1.59,16.78,-8.74,1,1
2026-03-06 18:53:28.359309,2.17,16.62,-120.25,0,1
2026-03-06 18:53:33.359309,1.54,19.3,119.07,0,1
2026-03-06 18:53:38.359309,2.08,8.74,-116.51,0,1
2026-03-06 18:53:43.359309,0.73,6.05,-123.03,0,1
2026-03-06 18:53:48.359309,2.07,23.86,38.87,0,1
2026-03-06 18:53:53.359309,2.31,9.44,98.65,0,1
2026-03-06 18:53:58.359309,0.73,12.77,-55.76,0,1
2026-03-06 18:54:03.359309,1.32,8.33,-90.52,0,1
2026-03-06 18:54:08.359309,2.1,17.62,71.16,0,1
2026-03-06 18:54:13.359309,1.4,6.56,95.0,0,1
2026-03-06 18:54:18.359309,2.39,6.77,-68.0,0,1
2026-03-06 18:54:23.359309,0.72,11.58,-36.79,0,1
2026-03-06 18:54:28.359309,1.83,6.16,9.88,0,1
2026-03-06 18:54:33.359309,1.81,7.02,-13.68,0,1
2026-03-06 18:54:38.359309,2.38,17.18,24.0,1,1
2026-03-06 18:54:43.359309,2.3,17.56,-109.01,0,1
2026-03-06 18:54:48.359309,1.42,18.95,57.13,1,1
2026-03-06 18:54:53.359309,0.54,23.49,-22.05,0,1
2026-03-06 18:54:58.359309,0.47,14.24,76.06,0,1
2026-03-06 18:55:03.359309,1.7,8.31,-107.31,0,1
2026-03-06 18:55:08.359309,2.26,24.96,-53.54,0,1
2026-03-06 18:55:13.359309,0.61,11.95,17.66,0,1
2026-03-06 18:55:18.359309,1.25,20.15,-64.19,0,1
2026-03-06 18:55:23.359309,1.4,5.91,-75.04,0,1
2026-03-06 18:55:28.359309,2.02,17.56,-75.41,0,1
2026-03-06 18:55:33.359309,0.95,22.97,73.96,0,1
2026-03-06 18:55:38.359309,1.26,9.38,-5.4,0,1
2026-03-06 18:55:43.359309,1.66,19.55,-60.08,0,1
2026-03-06 18:55:48.359309,0.77,22.44,16.66,0,1
2026-03-06 18:55:53.359309,1.98,8.94,-52.03,0,1
2026-03-06 18:55:58.359309,0.43,16.37,71.73,0,1
2026-03-06 18:56:03.359309,1.0,5.02,105.23,0,1
2026-03-06 18:56:08.359309,2.02,6.92,-45.05,0,1
2026-03-06 18:56:13.359309,2.58,20.65,69.55,0,1
2026-03-06 18:56:18.359309,0.06,20.65,-3.12,0,1
2026-03-06 18:56:23.359309,1.4,15.25,101.07,0,1
2026-03-06 18:56:28.359309,2.54,11.56,-114.47,0,1
2026-03-06 18:56:33.359309,1.72,16.32,125.14,0,1
2026-03-06 18:56:38.359309,0.83,15.34,105.83,0,1
2026-03-06 18:56:43.359309,2.42,21.06,-126.05,0,1
2026-03-06 18:56:48.359309,0.14,13.21,60.5,0,1
2026-03-06 18:56:53.359309,0.73,24.17,-80.31,0,1
2026-03-06 18:56:58.359309,2.96,11.69,37.67,0,1
2026-03-06 18:57:03.359309,1.82,17.97,-69.88,0,1
2026-03-06 18:57:08.359309,0.37,10.31,28.81,0,1
2026-03-06 18:57:13.359309,1.46,20.95,-0.5,0,1
2026-03-06 18:57:18.359309,1.05,19.11,104.81,0,1
2026-03-06 18:57:23.359309,0.24,24.59,-118.63,0,1
2026-03-06 18:57:28.359309,1.65,10.69,80.76,0,1
2026-03-06 18:57:33.359309,1.61,5.98,-93.93,0,1
2026-03-06 18:57:38.359309,2.52,19.54,-51.99,0,1
2026-03-06 18:57:43.359309,2.14,24.78,11.67,1,1
2026-03-06 18:57:48.359309,2.8,10.22,-110.19,0,1
2026-03-06 18:57:53.359309,0.05,15.18,-96.8,0,1
2026-03-06 18:57:58.359309,1.16,18.77,-78.97,0,1
2026-03-06 18:58:03.359309,1.42,15.71,100.52,0,1
2026-03-06 18:58:08.359309,0.88,24.21,-21.28,0,1
2026-03-06 18:58:13.359309,0.96,15.78,36.9,0,1
2026-03-06 18:58:18.359309,2.0,11.93,-122.64,0,1
2026-03-06 18:58:23.359309,2.56,24.3,-55.7,0,1
2026-03-06 18:58:28.359309,2.52,11.4,29.44,0,1
2026-03-06 18:58:33.359309,2.77,23.02,-58.15,0,1
2026-03-06 18:58:38.359309,2.04,11.45,89.34,0,1
2026-03-06 18:58:43.359309,2.15,21.01,-116.9,0,1
2026-03-06 18:58:48.359309,2.65,13.3,41.67,0,1
2026-03-06 18:58:53.359309,1.6,14.31,-74.83,0,1
2026-03-06 18:58:58.359309,2.44,15.09,-46.2,0,1
2026-03-06 18:59:03.359309,1.29,22.31,40.27,0,1
2026-03-06 18:59:08.359309,1.82,20.57,-59.3,0,1
2026-03-06 18:59:13.359309,1.07,24.27,16.48,0,1
2026-03-06 18:59:18.359309,2.5,17.73,43.85,0,1
2026-03-06 18:59:23.359309,2.59,16.89,-52.94,0,1
2026-03-06 18:59:28.359309,0.91,7.7,-45.21,0,1
2026-03-06 18:59:33.359309,0.84,13.7,12.29,0,1
2026-03-06 18:59:38.359309,1.44,16.49,-81.86,0,1
2026-03-06 18:59:43.359309,0.81,19.29,-9.95,1,1
2026-03-06 18:59:48.359309,0.6,23.87,1.77,0,1
2026-03-06 18:59:53.359309,0.69,14.26,0.93,0,1
2026-03-06 18:59:58.359309,0.72,24.9,-6.43,1,1
2026-03-06 19:00:03.359309,1.49,17.53,20.84,0,1
2026-03-06 19:00:08.359309,2.02,20.26,18.06,0,1
2026-03-06 19:00:13.359309,1.36,17.71,-71.13,0,1
2026-03-06 19:00:18.359309,1.89,15.47,-60.09,0,1
2026-03-06 19:00:23.359309,0.84,15.36,39.24,0,1
2026-03-06 19:00:28.359309,1.8,16.11,-96.56,0,1
2026-03-06 19:00:33.359309,2.54,10.87,47.66,0,1
2026-03-06 19:00:38.359309,2.45,17.99,55.12,0,1
2026-03-06 19:00:43.359309,2.25,20.19,-119.08,1,1
2026-03-06 19:00:48.359309,1.77,10.98,109.26,0,1
2026-03-06 19:00:53.359309,2.75,24.25,40.7,1,1
2026-03-06 19:00:58.359309,2.32,9.56,58.29,0,1
2026-03-06 19:01:03.359309,0.7,11.72,1.39,0,1
2026-03-06 19:01:08.359309,1.48,19.89,-17.63,0,1
2026-03-06 19:01:13.359309,2.48,15.11,-5.79,0,1
2026-03-06 19:01:18.359309,1.98,9.87,-74.27,0,1
2026-03-06 19:01:23.359309,1.11,8.54,-76.79,0,1
2026-03-06 19:01:28.359309,2.55,24.6,14.47,0,1
2026-03-06 19:01:33.359309,2.0,10.44,-13.8,0,1
2026-03-06 19:01:38.359309,1.03,10.75,12.95,0,1
2026-03-06 19:01:43.359309,1.66,6.32,10.58,0,1
2026-03-06 19:01:48.359309,0.35,5.63,67.41,0,1
2026-03-06 19:01:53.359309,2.38,9.66,62.93,0,1
2026-03-06 19:01:58.359309,0.57,7.26,29.54,0,1
2026-03-06 19:02:03.359309,1.01,16.33,39.9,0,1
2026-03-06 19:02:08.359309,2.62,21.76,-91.23,0,1
2026-03-06 19:02:13.359309,1.01,18.29,14.52,0,1
2026-03-06 19:02:18.359309,1.16,9.53,125.95,0,1
2026-03-06 19:02:23.359309,2.98,12.91,33.51,0,1
2026-03-06 19:02:28.359309,0.84,20.49,-9.2,0,1
2026-03-06 19:02:33.359309,1.95,21.2,-6.59,0,1
2026-03-06 19:02:38.359309,1.96,11.99,-91.18,0,1
2026-03-06 19:02:43.359309,2.23,22.35,-83.84,0,1
2026-03-06 19:02:48.359309,2.03,15.64,-7.99,0,1
2026-03-06 19:02:53.359309,1.94,6.97,47.82,0,1
2026-03-06 19:02:58.359309,1.91,10.08,-95.83,0,1
2026-03-06 19:03:03.359309,0.36,11.72,33.81,1,1
2026-03-06 19:03:08.359309,1.42,19.44,56.29,0,1
2026-03-06 19:03:13.359309,2.52,14.65,-65.72,0,1
2026-03-06 19:03:18.359309,1.52,23.08,78.49,0,1
2026-03-06 19:03:23.359309,2.31,7.12,-117.92,0,1
2026-03-06 19:03:28.359309,1.1,15.95,-70.55,1,1
2026-03-06 19:03:33.359309,2.87,13.24,-64.51,0,1
2026-03-06 19:03:38.359309,0.03,6.68,21.31,1,1
2026-03-06 19:03:43.359309,2.76,23.86,110.58,1,1
2026-03-06 19:03:48.359309,0.18,5.73,-112.17,0,1
2026-03-06 19:03:53.359309,0.19,19.31,11.8,0,1
2026-03-06 19:03:58.359309,0.26,5.36,19.94,0,1
2026-03-06 19:04:03.359309,0.19,17.32,39.06,0,1
2026-03-06 19:04:08.359309,1.62,7.38,95.09,1,1
2026-03-06 19:04:13.359309,0.73,17.19,-90.02,0,1
2026-03-06 19:04:18.359309,0.24,13.08,106.73,0,1
2026-03-06 19:04:23.359309,0.05,7.67,61.21,0,1
2026-03-06 19:04:28.359309,0.03,17.54,-95.83,0,1
2026-03-06 19:04:33.359309,1.93,13.33,118.05,0,1
2026-03-06 19:04:38.359309,1.56,18.1,103.17,0,1
2026-03-06 19:04:43.359309,0.78,21.43,-106.92,0,1
2026-03-06 19:04:48.359309,2.73,22.31,-26.66,0,1
2026-03-06 19:04:53.359309,2.88,14.94,123.05,0,1
2026-03-06 19:04:58.359309,1.03,5.16,115.0,1,1
2026-03-06 19:05:03.359309,1.56,13.38,65.98,0,1
2026-03-06 19:05:08.359309,1.62,11.95,-9.36,0,1
2026-03-06 19:05:13.359309,0.59,15.37,125.41,0,1
2026-03-06 19:05:18.359309,2.19,22.65,-11.24,0,1
2026-03-06 19:05:23.359309,2.32,15.2,-34.63,0,1
2026-03-06 19:05:28.359309,0.9,22.74,40.42,0,1
2026-03-06 19:05:33.359309,1.78,13.42,79.34,1,1
2026-03-06 19:05:38.359309,2.23,6.43,56.35,0,1
2026-03-06 19:05:43.359309,2.0,24.67,43.03,0,1
2026-03-06 19:05:48.359309,0.04,13.52,78.01,0,1
2026-03-06 19:05:53.359309,2.42,10.71,25.28,0,1
2026-03-06 19:05:58.359309,2.7,7.23,-77.49,0,1
2026-03-06 19:06:03.359309,2.17,12.32,-38.99,0,1
2026-03-06 19:06:08.359309,1.63,16.38,92.15,0,1
2026-03-06 19:06:13.359309,0.05,7.79,-25.75,0,1
2026-03-06 19:06:18.359309,2.94,20.46,41.54,0,1
2026-03-06 19:06:23.359309,0.93,11.85,-11.39,0,1
2026-03-06 19:06:28.359309,2.87,6.08,11.16,0,1
2026-03-06 19:06:33.359309,1.02,10.12,-40.46,0,1
2026-03-06 19:06:38.359309,0.1,18.28,-69.93,0,1
2026-03-06 19:06:43.359309,0.57,22.49,-85.93,0,1
2026-03-06 19:06:48.359309,2.16,21.77,73.65,0,1
2026-03-06 19:06:53.359309,2.37,6.8,-115.47,0,1
2026-03-06 19:06:58.359309,1.32,8.15,-69.69,0,1
2026-03-06 19:07:03.359309,1.06,20.21,98.14,0,1
2026-03-06 19:07:08.359309,0.14,5.46,-73.08,0,1
2026-03-06 19:07:13.359309,1.61,5.31,-88.76,0,1
2026-03-06 19:07:18.359309,1.77,14.53,114.42,0,1
2026-03-06 19:07:23.359309,1.84,21.74,-35.79,0,1
2026-03-06 19:07:28.359309,0.67,24.51,-9.72,0,1
2026-03-06 19:07:33.359309,0.3,16.78,-29.57,0,1
2026-03-06 19:07:38.359309,1.81,17.09,-54.95,0,1
2026-03-06 19:07:43.359309,1.43,14.35,53.94,0,1
2026-03-06 19:07:48.359309,1.07,17.27,-95.61,0,1
2026-03-06 19:07:53.359309,0.41,15.85,-42.29,0,1
2026-03-06 19:07:58.359309,1.07,7.51,35.04,1,1
2026-03-06 19:08:03.359309,1.33,7.55,-86.9,0,1
2026-03-06 19:08:08.359309,0.55,19.51,-89.51,1,1
2026-03-06 19:08:13.359309,2.34,17.49,0.23,0,1
2026-03-06 19:08:18.359309,0.42,8.52,-17.77,0,1
2026-03-06 19:08:23.359309,2.8,7.53,31.64,1,1
2026-03-06 19:08:28.359309,1.64,18.26,-36.03,0,1
2026-03-06 19:08:33.359309,1.87,15.53,80.4,0,1
2026-03-06 19:08:38.359309,1.03,17.93,-46.06,0,1
2026-03-06 19:08:43.359309,2.38,11.93,-82.92,0,1
2026-03-06 19:08:48.359309,0.38,11.01,60.35,0,1
2026-03-06 19:08:53.359309,1.5,13.42,72.49,0,1
2026-03-06 19:08:58.359309,1.35,8.25,-43.87,0,1
2026-03-06 19:09:03.359309,0.86,13.2,-118.66,1,1
2026-03-06 19:09:08.359309,2.83,13.28,29.59,0,1
2026-03-06 19:09:13.359309,2.27,22.67,-13.66,0,1
2026-03-06 19:09:18.359309,2.75,18.58,17.74,0,1
2026-03-06 19:09:23.359309,1.09,14.65,105.98,1,1
2026-03-06 19:09:28.359309,2.41,8.34,72.28,1,1
2026-03-06 19:09:33.359309,1.73,5.27,-103.95,0,1
2026-03-06 19:09:38.359309,0.21,6.64,110.08,0,1
2026-03-06 19:09:43.359309,0.44,12.15,-58.78,0,1
2026-03-06 19:09:48.359309,2.31,18.78,5.9,0,1
2026-03-06 19:09:53.359309,0.98,22.42,99.42,1,1
2026-03-06 19:09:58.359309,2.01,16.99,-105.12,0,1
2026-03-06 19:10:03.359309,0.54,5.29,6.28,0,1
2026-03-06 19:10:08.359309,0.15,9.85,20.85,1,1
2026-03-06 19:10:13.359309,2.92,16.18,88.16,0,1
2026-03-06 19:10:18.359309,2.87,21.23,-88.0,0,1
2026-03-06 19:10:23.359309,1.25,14.42,114.24,0,1
2026-03-06 19:10:28.359309,1.18,13.94,-123.14,0,1
2026-03-06 19:10:33.359309,3.0,12.35,-125.51,1,1
2026-03-06 19:10:38.359309,1.6,17.91,57.73,0,1
2026-03-06 19:10:43.359309,0.57,23.38,-21.1,0,1
2026-03-06 19:10:48.359309,0.65,23.19,109.16,1,1
2026-03-06 19:10:53.359309,1.89,13.87,-75.64,0,1
2026-03-06 19:10:58.359309,1.47,24.17,-43.55,0,1
2026-03-06 19:11:03.359309,2.44,18.74,-54.31,0,1
2026-03-06 19:11:08.359309,2.45,10.78,72.3,0,1
2026-03-06 19:11:13.359309,2.88,18.5,-58.52,0,1
2026-03-06 19:11:18.359309,2.25,22.84,83.76,0,1
2026-03-06 19:11:23.359309,2.71,13.82,9.29,0,1
2026-03-06 19:11:28.359309,0.23,23.22,69.97,0,1
2026-03-06 19:11:33.359309,2.41,10.45,-6.62,0,1
2026-03-06 19:11:38.359309,0.29,22.98,34.96,0,1
2026-03-06 19:11:43.359309,2.81,10.38,63.99,1,1
2026-03-06 19:11:48.359309,2.83,21.5,-86.64,0,1
2026-03-06 19:11:53.359309,2.21,16.45,61.24,0,1
2026-03-06 19:11:58.359309,1.86,22.47,-116.33,0,1
2026-03-06 19:12:03.359309,2.04,19.15,-11.88,1,1
2026-03-06 19:12:08.359309,0.02,15.44,-108.48,0,1
2026-03-06 19:12:13.359309,0.67,11.04,100.43,1,1
2026-03-06 19:12:18.359309,1.48,12.06,33.9,0,1
2026-03-06 19:12:23.359309,1.52,22.81,39.07,0,1
2026-03-06 19:12:28.359309,1.81,9.03,116.53,0,1
2026-03-06 19:12:33.359309,2.09,14.06,-116.63,0,1
2026-03-06 19:12:38.359309,2.39,19.72,90.9,0,1
2026-03-06 19:12:43.359309,0.37,5.61,32.57,0,1
2026-03-06 19:12:48.359309,0.03,8.23,-98.15,0,1
2026-03-06 19:12:53.359309,1.26,9.83,4.63,0,1
2026-03-06 19:12:58.359309,0.84,14.37,56.93,0,1
2026-03-06 19:13:03.359309,2.96,5.6,123.98,0,1
2026-03-06 19:13:08.359309,0.42,7.2,10.98,0,1
2026-03-06 19:13:13.359309,0.76,22.5,104.86,1,1
2026-03-06 19:13:18.359309,1.08,23.67,27.55,0,1
2026-03-06 19:13:23.359309,2.81,13.05,-86.31,1,1
2026-03-06 19:13:28.359309,2.46,22.72,15.41,0,1
2026-03-06 19:13:33.359309,2.03,21.75,14.63,0,1
2026-03-06 19:13:38.359309,0.73,8.41,57.84,0,1
2026-03-06 19:13:43.359309,0.94,9.61,42.34,0,1
2026-03-06 19:13:48.359309,1.97,12.79,-41.62,0,1
2026-03-06 19:13:53.359309,2.45,24.16,108.77,0,1
2026-03-06 19:13:58.359309,0.18,21.15,19.3,0,1
2026-03-06 19:14:03.359309,0.01,11.97,60.15,0,1
2026-03-06 19:14:08.359309,1.5,15.01,99.62,0,1
2026-03-06 19:14:13.359309,0.59,10.62,20.88,0,1
2026-03-06 19:14:18.359309,0.27,20.66,31.43,0,1
2026-03-06 19:14:23.359309,0.97,7.72,106.91,0,1
2026-03-06 19:14:28.359309,0.71,13.55,-72.13,0,1
2026-03-06 19:14:33.359309,0.98,8.56,-51.69,0,1
2026-03-06 19:14:38.359309,0.63,17.1,86.63,0,1
2026-03-06 19:14:43.359309,0.27,7.32,-103.81,1,1
2026-03-06 19:14:48.359309,2.91,22.25,-16.01,0,1
2026-03-06 19:14:53.359309,2.7,22.77,-50.85,0,1
2026-03-06 19:14:58.359309,2.49,24.31,-110.28,0,1
2026-03-06 19:15:03.359309,1.25,11.69,-12.47,0,1
2026-03-06 19:15:08.359309,2.27,19.03,-69.92,0,1
2026-03-06 19:15:13.359309,0.1,15.77,-35.47,0,1
2026-03-06 19:15:18.359309,0.67,21.37,-76.5,0,1
2026-03-06 19:15:23.359309,1.51,18.1,-48.12,0,1
2026-03-06 19:15:28.359309,0.22,11.86,20.17,0,1
2026-03-06 19:15:33.359309,1.28,23.71,-20.6,0,1
2026-03-06 19:15:38.359309,2.22,14.42,28.7,0,1
2026-03-06 19:15:43.359309,0.41,21.78,13.93,0,1
2026-03-06 19:15:48.359309,1.67,15.05,29.95,0,1
2026-03-06 19:15:53.359309,2.9,5.9,-22.38,0,1
2026-03-06 19:15:58.359309,2.88,10.76,50.56,0,1
2026-03-06 19:16:03.359309,0.23,17.91,12.75,0,1
2026-03-06 19:16:08.359309,0.04,5.55,-102.77,0,1
2026-03-06 19:16:13.359309,2.17,14.65,-84.34,0,1
2026-03-06 19:16:18.359309,1.45,14.63,15.92,0,1
2026-03-06 19:16:23.359309,1.72,21.09,-7.5,1,1
2026-03-06 19:16:28.359309,2.29,16.43,1.59,1,1
2026-03-06 19:16:33.359309,1.61,10.9,13.95,0,1
2026-03-06 19:16:38.359309,0.52,18.67,122.62,0,1
2026-03-06 19:16:43.359309,1.64,24.99,-60.93,0,1
2026-03-06 19:16:48.359309,1.91,23.46,72.87,0,1
2026-03-06 19:16:53.359309,1.03,5.84,67.56,0,1
2026-03-06 19:16:58.359309,0.44,14.27,-103.9,0,1
2026-03-06 19:17:03.359309,2.21,9.03,64.13,0,1
2026-03-06 19:17:08.359309,2.76,7.35,-123.72,0,1
2026-03-06 19:17:13.359309,0.22,23.89,-65.12,0,1
2026-03-06 19:17:18.359309,1.65,19.44,-20.68,0,1
2026-03-06 19:17:23.359309,1.43,20.9,30.65,0,1
2026-03-06 19:17:28.359309,1.37,6.47,74.91,1,1
2026-03-06 19:17:33.359309,1.68,16.85,-35.59,0,1
2026-03-06 19:17:38.359309,1.91,23.08,-98.06,0,1
2026-03-06 19:17:43.359309,2.23,19.75,85.58,0,1
2026-03-06 19:17:48.359309,0.57,18.97,50.61,0,1
2026-03-06 19:17:53.359309,1.12,17.9,-27.24,1,1
2026-03-06 19:17:58.359309,2.32,8.32,108.56,0,1
2026-03-06 19:18:03.359309,1.85,6.78,47.96,0,1
2026-03-06 19:18:08.359309,2.7,21.95,59.19,0,1
2026-03-06 19:18:13.359309,0.54,5.37,-5.67,0,1
2026-03-06 19:18:18.359309,2.8,21.27,-32.85,0,1
2026-03-06 19:18:23.359309,2.74,23.58,25.58,0,1
2026-03-06 19:18:28.359309,1.28,22.82,108.83,0,1
2026-03-06 19:18:33.359309,0.24,19.79,-49.27,0,1
2026-03-06 19:18:38.359309,0.98,7.65,119.32,1,1
2026-03-06 19:18:43.359309,0.4,14.15,-63.5,0,1
2026-03-06 19:18:48.359309,2.48,10.29,-96.42,0,1
2026-03-06 19:18:53.359309,1.69,24.64,23.26,0,1
2026-03-06 19:18:58.359309,1.06,7.86,45.17,0,1
2026-03-06 19:19:03.359309,0.87,7.17,-88.65,0,1
2026-03-06 19:19:08.359309,2.2,15.83,-75.28,0,1
2026-03-06 19:19:13.359309,0.38,22.27,48.6,0,1
2026-03-06 19:19:18.359309,1.68,10.49,79.32,0,1
2026-03-06 19:19:23.359309,1.28,9.41,-1.51,0,1
2026-03-06 19:19:28.359309,2.72,9.65,119.67,0,1
2026-03-06 19:19:33.359309,0.91,7.56,90.5,0,1
2026-03-06 19:19:38.359309,2.41,14.86,-48.81,0,1
2026-03-06 19:19:43.359309,0.12,19.24,13.46,0,1
2026-03-06 19:19:48.359309,1.17,20.75,-91.85,0,1
2026-03-06 19:19:53.359309,1.55,23.26,-95.94,0,1
2026-03-06 19:19:58.359309,1.42,10.6,84.34,0,1
2026-03-06 19:20:03.359309,0.53,8.98,-7.99,0,1
2026-03-06 19:20:08.359309,0.48,6.87,-11.54,0,1
2026-03-06 19:20:13.359309,1.26,21.25,89.07,0,1
2026-03-06 19:20:18.359309,2.64,23.2,-81.11,0,1
2026-03-06 19:20:23.359309,2.4,9.83,7.22,0,1
2026-03-06 19:20:28.359309,0.77,15.99,-43.21,0,1
2026-03-06 19:20:33.359309,1.45,13.08,-4.19,0,1
2026-03-06 19:20:38.359309,0.77,16.29,93.76,0,1
2026-03-06 19:20:43.359309,2.6,12.65,97.3,0,1
2026-03-06 19:20:48.359309,2.86,10.28,8.5,0,1
2026-03-06 19:20:53.359309,0.64,5.74,46.67,0,1
2026-03-06 19:20:58.359309,2.22,15.88,111.19,0,1
2026-03-06 19:21:03.359309,1.59,5.27,-81.72,0,1
2026-03-06 19:21:08.359309,2.45,14.99,61.09,0,1
2026-03-06 19:21:13.359309,2.71,9.36,-40.35,0,1
2026-03-06 19:21:18.359309,2.58,10.35,36.52,0,1
2026-03-06 19:21:23.359309,2.45,18.44,57.35,0,1
2026-03-06 19:21:28.359309,0.5,18.49,-4.18,1,1
2026-03-06 19:21:33.359309,2.84,15.28,-25.13,0,1
2026-03-06 19:21:38.359309,1.88,15.14,124.1,0,1
2026-03-06 19:21:43.359309,1.21,21.71,-33.68,0,1
2026-03-06 19:21:48.359309,0.15,17.63,-39.2,0,1
2026-03-06 19:21:53.359309,0.49,10.1,-8.64,1,1
2026-03-06 19:21:58.359309,2.57,21.73,39.93,0,1
2026-03-06 19:22:03.359309,0.82,5.14,118.71,0,1
2026-03-06 19:22:08.359309,2.39,12.04,-122.36,0,1
2026-03-06 19:22:13.359309,2.69,22.29,111.06,0,1
2026-03-06 19:22:18.359309,0.58,19.05,117.13,0,1
2026-03-06 19:22:23.359309,2.49,14.88,116.43,0,1
2026-03-06 19:22:28.359309,1.65,19.24,-114.47,0,1
2026-03-06 19:22:33.359309,0.83,5.66,-85.39,0,1
2026-03-06 19:22:38.359309,0.25,20.49,68.75,0,1
2026-03-06 19:22:43.359309,1.15,22.62,21.37,0,1
2026-03-06 19:22:48.359309,0.6,24.4,126.19,0,1
2026-03-06 19:22:53.359309,0.98,22.67,107.57,0,1
2026-03-06 19:22:58.359309,0.05,14.59,18.79,0,1
2026-03-06 19:23:03.359309,1.83,21.62,-117.56,0,1
2026-03-06 19:23:08.359309,1.02,13.73,84.19,0,1
2026-03-06 19:23:13.359309,2.65,15.58,47.73,0,1
2026-03-06 19:23:18.359309,2.81,8.97,61.89,0,1
2026-03-06 19:23:23.359309,2.27,16.51,37.97,0,1
2026-03-06 19:23:28.359309,1.83,13.77,-126.69,0,1
2026-03-06 19:23:33.359309,0.75,19.02,-16.77,0,1
2026-03-06 19:23:38.359309,2.66,16.25,-42.1,0,1
2026-03-06 19:23:43.359309,2.78,7.92,98.35,0,1
2026-03-06 19:23:48.359309,2.33,20.04,104.53,0,1
2026-03-06 19:23:53.359309,2.81,20.64,61.3,0,1
2026-03-06 19:23:58.359309,1.08,14.04,-41.21,0,1
2026-03-06 19:24:03.359309,2.89,10.29,112.87,0,1
2026-03-06 19:24:08.359309,1.2,6.0,66.78,0,1
2026-03-06 19:24:13.359309,0.02,13.74,-45.05,0,1
2026-03-06 19:24:18.359309,2.63,6.25,111.24,0,1
2026-03-06 19:24:23.359309,0.11,8.86,34.56,0,1
2026-03-06 19:24:28.359309,2.71,9.62,-84.47,0,1
2026-03-06 19:24:33.359309,0.45,22.66,-71.61,0,1
2026-03-06 19:24:38.359309,1.74,13.41,89.16,0,1
2026-03-06 19:24:43.359309,0.17,18.53,112.37,0,1
2026-03-06 19:24:48.359309,0.12,22.45,-54.68,0,1
2026-03-06 19:24:53.359309,2.41,16.92,99.53,0,1
2026-03-06 19:24:58.359309,0.04,19.43,104.8,0,1
2026-03-06 19:25:03.359309,2.51,19.49,-33.88,0,1
2026-03-06 19:25:08.359309,2.62,23.01,-46.58,0,1
2026-03-06 19:25:13.359309,0.61,16.93,-46.95,0,1
2026-03-06 19:25:18.359309,1.04,24.58,-43.88,0,1
2026-03-06 19:25:23.359309,2.76,18.57,124.66,0,1
2026-03-06 19:25:28.359309,2.21,22.14,-61.61,0,1
2026-03-06 19:25:33.359309,0.84,21.32,-110.93,0,1
2026-03-06 19:25:38.359309,1.34,12.23,-26.12,0,1
2026-03-06 19:25:43.359309,2.89,11.12,-5.39,0,1
2026-03-06 19:25:48.359309,2.87,22.56,96.18,0,1
2026-03-06 19:25:53.359309,2.16,21.59,-124.81,0,1
2026-03-06 19:25:58.359309,2.85,19.23,-116.33,0,1
2026-03-06 19:26:03.359309,0.9,17.55,-30.98,0,1
2026-03-06 19:26:08.359309,1.5,13.56,99.01,0,1
2026-03-06 19:26:13.359309,2.07,23.06,65.44,0,1
2026-03-06 19:26:18.359309,0.37,10.58,-121.77,0,1
2026-03-06 19:26:23.359309,1.49,18.81,37.34,0,1
2026-03-06 19:26:28.359309,1.96,9.12,-126.06,0,1
2026-03-06 19:26:33.359309,0.2,10.59,15.43,0,1
2026-03-06 19:26:38.359309,2.96,7.1,50.86,0,1
2026-03-06 19:26:43.359309,1.89,19.96,-95.92,1,1
2026-03-06 19:26:48.359309,1.29,16.44,-119.23,0,1
2026-03-06 19:26:53.359309,2.26,22.02,-28.97,0,1
2026-03-06 19:26:58.359309,1.54,21.55,22.3,0,1
2026-03-06 19:27:03.359309,2.74,24.38,-5.6,0,1
2026-03-06 19:27:08.359309,2.06,12.49,78.55,0,1
2026-03-06 19:27:13.359309,0.17,5.95,90.5,0,1
2026-03-06 19:27:18.359309,1.5,21.84,-38.86,0,1
2026-03-06 19:27:23.359309,0.09,21.99,118.89,0,1
2026-03-06 19:27:28.359309,2.56,13.96,-119.58,0,1
2026-03-06 19:27:33.359309,0.87,16.22,-22.97,0,1
2026-03-06 19:27:38.359309,0.47,15.85,-31.44,0,1
2026-03-06 19:27:43.359309,1.49,20.08,29.84,1,1
2026-03-06 19:27:48.359309,1.13,18.12,-124.44,0,1
2026-03-06 19:27:53.359309,2.57,9.24,78.46,0,1
2026-03-06 19:27:58.359309,0.96,18.27,116.47,0,1
2026-03-06 19:28:03.359309,1.82,13.97,-48.88,0,1
2026-03-06 19:28:08.359309,1.38,24.52,99.67,1,1
2026-03-06 19:28:13.359309,1.74,22.58,-57.23,0,1
2026-03-06 19:28:18.359309,1.8,24.27,-89.41,0,1
2026-03-06 19:28:23.359309,2.99,20.15,109.41,0,1
2026-03-06 19:28:28.359309,0.82,6.94,2.04,0,1
2026-03-06 19:28:33.359309,0.64,13.83,23.91,0,1
2026-03-06 19:28:38.359309,0.18,19.83,83.75,0,1
2026-03-06 19:28:43.359309,0.9,18.27,-108.89,1,1
2026-03-06 19:28:48.359309,0.33,23.31,97.93,0,1
2026-03-06 19:28:53.359309,0.67,16.29,-113.57,0,1
2026-03-06 19:28:58.359309,0.45,11.42,-59.36,0,1
2026-03-06 19:29:03.359309,1.04,8.78,19.66,0,1
2026-03-06 19:29:08.359309,1.06,5.26,-17.51,0,1
2026-03-06 19:29:13.359309,0.16,7.8,-10.11,0,1
2026-03-06 19:29:18.359309,2.88,23.45,-113.83,0,1
2026-03-06 19:29:23.359309,2.78,13.15,106.06,0,1
2026-03-06 19:29:28.359309,2.3,19.57,69.3,0,1
2026-03-06 19:29:33.359309,2.45,10.23,-47.94,0,1
2026-03-06 19:29:38.359309,0.91,5.0,-111.01,0,1
2026-03-06 19:29:43.359309,1.06,22.51,54.28,0,1
2026-03-06 19:29:48.359309,0.86,12.99,-98.67,0,1
2026-03-06 19:29:53.359309,1.21,9.27,50.19,0,1
2026-03-06 19:29:58.359309,1.96,17.02,-111.83,0,1
2026-03-06 19:30:03.359309,1.35,10.5,-75.42,0,1
2026-03-06 19:30:08.359309,0.87,20.69,49.94,0,1
2026-03-06 19:30:13.359309,0.24,9.05,107.86,0,1
2026-03-06 19:30:18.359309,0.83,16.66,-69.07,0,1
2026-03-06 19:30:23.359309,2.27,10.07,-91.76,0,1
2026-03-06 19:30:28.359309,1.19,22.57,78.72,0,1
2026-03-06 19:30:33.359309,0.1,20.64,65.92,0,1
2026-03-06 19:30:38.359309,0.99,11.73,110.79,0,1
2026-03-06 19:30:43.359309,2.94,21.89,26.8,0,1
2026-03-06 19:30:48.359309,1.56,13.88,-95.3,0,1
2026-03-06 19:30:53.359309,1.29,17.06,97.78,0,1
2026-03-06 19:30:58.359309,0.2,22.45,-99.71,0,1
2026-03-06 19:31:03.359309,1.51,19.64,110.25,1,1
2026-03-06 19:31:08.359309,1.5,7.06,68.64,0,1
2026-03-06 19:31:13.359309,1.8,9.75,54.9,0,1
2026-03-06 19:31:18.359309,0.6,22.01,-68.19,0,1
2026-03-06 19:31:23.359309,1.57,21.11,-81.6,0,1
2026-03-06 19:31:28.359309,2.26,10.31,16.12,0,1
2026-03-06 19:31:33.359309,1.2,22.86,-120.54,0,1
2026-03-06 19:31:38.359309,2.43,18.08,-80.61,0,1
2026-03-06 19:31:43.359309,0.58,18.62,106.72,1,1
2026-03-06 19:31:48.359309,1.19,22.62,-13.22,0,1
2026-03-06 19:31:53.359309,1.53,12.76,-10.43,0,1
2026-03-06 19:31:58.359309,2.78,6.37,-98.68,1,1
2026-03-06 19:32:03.359309,2.74,7.64,24.61,0,1
2026-03-06 19:32:08.359309,0.98,11.49,8.44,0,1
2026-03-06 19:32:13.359309,2.74,20.48,96.85,0,1
2026-03-06 19:32:18.359309,1.89,12.66,115.29,0,1
2026-03-06 19:32:23.359309,1.0,24.82,-110.88,1,1
2026-03-06 19:32:28.359309,2.64,24.24,-71.32,0,1
2026-03-06 19:32:33.359309,2.11,13.12,69.67,0,1
2026-03-06 19:32:38.359309,1.18,22.23,-66.09,1,1
2026-03-06 19:32:43.359309,0.97,22.17,-79.36,0,1
2026-03-06 19:32:48.359309,1.18,11.38,-118.77,0,1
2026-03-06 19:32:53.359309,1.7,15.23,29.19,0,1
2026-03-06 19:32:58.359309,0.54,14.77,16.84,0,1
2026-03-06 19:33:03.359309,0.22,14.07,18.55,0,1
2026-03-06 19:33:08.359309,2.13,8.24,-5.92,0,1
2026-03-06 19:33:13.359309,2.23,10.47,60.95,1,1
2026-03-06 19:33:18.359309,0.76,20.15,-21.33,0,1
2026-03-06 19:33:23.359309,2.08,16.06,53.02,0,1
2026-03-06 19:33:28.359309,1.06,6.84,-10.16,0,1
2026-03-06 19:33:33.359309,2.19,24.88,-31.29,0,1
2026-03-06 19:33:38.359309,0.49,12.27,19.04,0,1
2026-03-06 19:33:43.359309,1.95,7.85,19.55,0,1
2026-03-06 19:33:48.359309,1.51,18.44,-16.69,0,1
2026-03-06 19:33:53.359309,1.17,17.64,23.87,0,1
2026-03-06 19:33:58.359309,0.45,6.55,27.34,0,1
2026-03-06 19:34:03.359309,2.1,23.13,34.85,0,1
2026-03-06 19:34:08.359309,2.38,19.46,-101.67,0,1
2026-03-06 19:34:13.359309,2.26,21.3,41.01,0,1
2026-03-06 19:34:18.359309,0.07,13.97,41.94,0,1
2026-03-06 19:34:23.359309,1.58,5.39,113.41,0,1
2026-03-06 19:34:28.359309,2.1,16.92,-12.99,0,1
2026-03-06 19:34:33.359309,2.27,11.25,-8.08,0,1
2026-03-06 19:34:38.359309,2.78,9.94,32.1,0,1
2026-03-06 19:34:43.359309,1.84,12.88,-23.11,0,1
2026-03-06 19:34:48.359309,2.29,14.82,-83.15,1,1
2026-03-06 19:34:53.359309,0.6,19.77,-5.11,0,1
2026-03-06 19:34:58.359309,2.04,10.42,36.99,0,1
2026-03-06 19:35:03.359309,1.57,10.77,87.97,0,1
2026-03-06 19:35:08.359309,2.09,6.22,-85.75,0,1
2026-03-06 19:35:13.359309,0.86,19.46,-64.83,0,1
2026-03-06 19:35:18.359309,1.06,5.83,-23.14,0,1
2026-03-06 19:35:23.359309,0.92,9.61,107.45,0,1
2026-03-06 19:35:28.359309,2.79,22.21,-72.08,0,1
2026-03-06 19:35:33.359309,0.43,15.99,-69.06,0,1
2026-03-06 19:35:38.359309,0.51,21.72,-116.34,0,1
2026-03-06 19:35:43.359309,0.14,20.54,8.19,0,1
2026-03-06 19:35:48.359309,1.81,16.56,-28.44,0,1
2026-03-06 19:35:53.359309,2.85,11.77,47.99,1,1
2026-03-06 19:35:58.359309,1.45,22.61,-86.2,0,1
2026-03-06 19:36:03.359309,0.93,13.95,122.26,0,1
2026-03-06 19:36:08.359309,1.65,20.27,52.27,0,1
2026-03-06 19:36:13.359309,2.18,8.04,29.98,0,1
2026-03-06 19:36:18.359309,1.23,8.42,-2.23,0,1
2026-03-06 19:36:23.359309,0.41,24.77,-5.93,0,1
2026-03-06 19:36:28.359309,1.26,22.03,37.44,0,1
2026-03-06 19:36:33.359309,2.55,6.99,121.84,0,1
2026-03-06 19:36:38.359309,0.07,21.92,122.05,0,1
2026-03-06 19:36:43.359309,1.98,8.38,45.97,0,1
2026-03-06 19:36:48.359309,0.45,14.12,36.48,1,1
2026-03-06 19:36:53.359309,2.48,19.72,54.82,0,1
2026-03-06 19:36:58.359309,1.56,15.68,7.38,0,1
2026-03-06 19:37:03.359309,1.97,13.93,87.56,1,1
2026-03-06 19:37:08.359309,1.67,9.67,30.89,0,1
2026-03-06 19:37:13.359309,0.22,7.5,-32.22,0,1
2026-03-06 19:37:18.359309,1.34,15.33,-11.84,0,1
2026-03-06 19:37:23.359309,1.09,20.38,65.07,0,1
2026-03-06 19:37:28.359309,1.92,15.7,9.66,0,1
2026-03-06 19:37:33.359309,0.57,23.93,-59.57,0,1
2026-03-06 19:37:38.359309,1.59,14.86,70.17,0,1
2026-03-06 19:37:43.359309,0.05,19.6,-39.67,1,1
2026-03-06 19:37:48.359309,1.68,15.51,50.28,0,1
2026-03-06 19:37:53.359309,1.43,20.69,18.28,0,1
2026-03-06 19:37:58.359309,0.45,19.09,22.68,0,1
2026-03-06 19:38:03.359309,2.1,16.13,77.68,1,1
2026-03-06 19:38:08.359309,1.51,24.74,101.19,0,1
2026-03-06 19:38:13.359309,1.11,15.79,-64.2,0,1
2026-03-06 19:38:18.359309,1.58,10.36,-113.01,0,1
2026-03-06 19:38:23.359309,1.08,10.94,-90.22,0,1
2026-03-06 19:38:28.359309,0.48,22.51,30.63,0,1
2026-03-06 19:38:33.359309,0.74,8.81,-55.79,0,1
2026-03-06 19:38:38.359309,2.8,11.18,-68.6,0,1
2026-03-06 19:38:43.359309,1.02,23.52,-120.75,0,1
2026-03-06 19:38:48.359309,0.59,16.04,91.08,0,1
2026-03-06 19:38:53.359309,1.01,11.38,-85.58,0,1
2026-03-06 19:38:58.359309,0.94,5.99,78.59,0,1
2026-03-06 19:39:03.359309,1.42,21.94,-45.64,0,1
2026-03-06 19:39:08.359309,2.08,12.0,-25.15,0,1
2026-03-06 19:39:13.359309,1.58,22.89,-93.99,0,1
2026-03-06 19:39:18.359309,2.69,16.57,7.47,0,1
2026-03-06 19:39:23.359309,0.82,16.59,-89.82,0,1
2026-03-06 19:39:28.359309,0.26,8.88,-54.88,0,1
2026-03-06 19:39:33.359309,0.93,13.31,36.85,0,0
2026-03-06 19:39:38.359309,1.67,13.54,-112.45,0,1
2026-03-06 19:39:43.359309,1.55,22.89,19.9,0,1
2026-03-06 19:39:48.359309,1.98,7.36,48.62,0,1
2026-03-06 19:39:53.359309,1.46,20.4,89.72,0,1
2026-03-06 19:39:58.359309,0.56,21.83,56.2,0,1
2026-03-06 19:40:03.359309,0.93,16.87,-63.81,0,1
2026-03-06 19:40:08.359309,0.2,22.82,-95.95,0,1
2026-03-06 19:40:13.359309,1.44,24.27,-72.36,0,1
2026-03-06 19:40:18.359309,1.74,19.97,-31.71,0,1
2026-03-06 19:40:23.359309,0.85,5.5,-66.21,0,1
2026-03-06 19:40:28.359309,1.3,7.9,38.66,0,0
2026-03-06 19:40:33.359309,1.02,17.92,-69.4,0,1
2026-03-06 19:40:38.359309,1.51,14.73,-37.42,0,1
2026-03-06 19:40:43.359309,1.69,11.08,32.96,0,1
2026-03-06 19:40:48.359309,1.31,13.4,3.99,0,1
2026-03-06 19:40:53.359309,0.2,24.55,21.49,0,1
2026-03-06 19:40:58.359309,2.05,7.14,29.17,0,1
2026-03-06 19:41:03.359309,2.52,24.17,-28.32,0,1
2026-03-06 19:41:08.359309,0.51,24.81,-90.92,0,1
2026-03-06 19:41:13.359309,0.68,5.91,112.1,0,1
2026-03-06 19:41:18.359309,2.5,12.81,14.12,0,1
2026-03-06 19:41:23.359309,1.68,17.08,28.22,1,1
2026-03-06 19:41:28.359309,2.35,10.83,19.71,0,1
2026-03-06 19:41:33.359309,0.99,17.84,27.46,1,1
2026-03-06 19:41:38.359309,2.73,19.9,-5.99,0,1
2026-03-06 19:41:43.359309,2.43,15.03,111.85,0,1
2026-03-06 19:41:48.359309,2.5,10.11,-75.9,0,1
2026-03-06 19:41:53.359309,1.74,12.47,-60.1,0,1
2026-03-06 19:41:58.359309,1.32,23.22,8.35,0,1
2026-03-06 19:42:03.359309,2.27,14.02,87.1,0,1
2026-03-06 19:42:08.359309,1.42,15.79,-44.58,0,1
2026-03-06 19:42:13.359309,0.77,20.25,-45.75,1,1
2026-03-06 19:42:18.359309,1.14,18.08,57.89,1,1
2026-03-06 19:42:23.359309,2.96,11.91,-121.27,0,1
2026-03-06 19:42:28.359309,1.17,12.78,-45.64,0,1
2026-03-06 19:42:33.359309,1.58,7.24,122.79,0,1
2026-03-06 19:42:38.359309,0.31,22.12,35.77,0,1
2026-03-06 19:42:43.359309,0.08,21.57,92.92,0,1
2026-03-06 19:42:48.359309,0.59,22.8,64.89,0,1
2026-03-06 19:42:53.359309,1.1,5.71,44.81,0,1
2026-03-06 19:42:58.359309,2.31,22.4,89.56,0,1
2026-03-06 19:43:03.359309,0.36,17.92,-59.23,0,1
2026-03-06 19:43:08.359309,1.28,12.27,-49.47,1,1
2026-03-06 19:43:13.359309,2.39,15.21,80.43,0,1
2026-03-06 19:43:18.359309,1.45,9.35,-105.02,0,1
2026-03-06 19:43:23.359309,1.25,14.5,-104.89,0,1
2026-03-06 19:43:28.359309,0.32,5.02,-39.19,0,1
2026-03-06 19:43:33.359309,0.3,18.61,35.25,0,1
2026-03-06 19:43:38.359309,0.6,17.9,-36.17,0,1
2026-03-06 19:43:43.359309,1.22,18.6,52.27,0,1
2026-03-06 19:43:48.359309,1.98,12.43,-79.73,0,1
2026-03-06 19:43:53.359309,1.9,23.01,96.22,0,1
2026-03-06 19:43:58.359309,0.37,21.42,16.92,0,1
2026-03-06 19:44:03.359309,1.26,9.31,-88.66,0,1
2026-03-06 19:44:08.359309,0.25,18.84,19.06,0,1
2026-03-06 19:44:13.359309,2.5,8.88,59.51,0,1
2026-03-06 19:44:18.359309,1.12,21.54,-113.75,1,1
2026-03-06 19:44:23.359309,1.24,8.43,70.32,0,1
2026-03-06 19:44:28.359309,2.06,10.36,9.53,0,1
2026-03-06 19:44:33.359309,0.11,21.77,-113.53,0,1
2026-03-06 19:44:38.359309,2.04,14.81,-111.57,0,1
2026-03-06 19:44:43.359309,0.81,22.42,120.49,0,1
2026-03-06 19:44:48.359309,1.57,11.75,-58.61,1,1
2026-03-06 19:44:53.359309,1.92,11.42,125.86,0,1
2026-03-06 19:44:58.359309,0.16,17.36,111.09,0,1
2026-03-06 19:45:03.359309,0.33,20.37,-45.05,0,1
2026-03-06 19:45:08.359309,2.78,24.77,25.43,0,1
2026-03-06 19:45:13.359309,1.0,17.24,-51.0,0,1
2026-03-06 19:45:18.359309,0.15,15.21,-44.36,0,1
2026-03-06 19:45:23.359309,1.02,16.27,-20.93,0,1
2026-03-06 19:45:28.359309,2.93,22.96,-24.47,0,1
2026-03-06 19:45:33.359309,1.75,5.92,-41.31,0,1
2026-03-06 19:45:38.359309,2.42,5.96,114.65,0,1
2026-03-06 19:45:43.359309,0.12,9.65,65.7,1,1
2026-03-06 19:45:48.359309,1.84,12.49,73.19,0,1
2026-03-06 19:45:53.359309,2.81,17.23,-87.92,0,1
2026-03-06 19:45:58.359309,1.76,14.36,-105.55,0,1
2026-03-06 19:46:03.359309,0.11,10.75,87.43,0,1
2026-03-06 19:46:08.359309,2.4,22.08,-74.92,0,1
2026-03-06 19:46:13.359309,1.37,16.54,24.86,0,1
2026-03-06 19:46:18.359309,2.21,7.52,-23.09,0,1
2026-03-06 19:46:23.359309,0.65,15.41,49.18,1,1
2026-03-06 19:46:28.359309,2.62,14.46,-25.97,0,1
2026-03-06 19:46:33.359309,1.06,8.88,-52.85,0,1
2026-03-06 19:46:38.359309,2.54,12.91,-78.42,0,1
2026-03-06 19:46:43.359309,1.2,23.76,31.99,0,1
2026-03-06 19:46:48.359309,0.44,13.35,-61.89,0,1
2026-03-06 19:46:53.359309,2.66,22.33,-18.36,0,1
2026-03-06 19:46:58.359309,2.5,24.19,52.64,0,1
2026-03-06 19:47:03.359309,2.68,11.65,65.96,0,1
2026-03-06 19:47:08.359309,2.04,11.6,106.49,0,1
2026-03-06 19:47:13.359309,1.61,7.92,16.93,0,1
2026-03-06 19:47:18.359309,0.23,19.26,-11.31,0,1
2026-03-06 19:47:23.359309,1.24,18.44,59.94,0,1
2026-03-06 19:47:28.359309,0.49,17.76,117.47,0,1
2026-03-06 19:47:33.359309,0.81,19.77,-11.26,0,1
2026-03-06 19:47:38.359309,0.78,5.64,32.81,0,1
2026-03-06 19:47:43.359309,1.97,10.95,38.77,0,1
2026-03-06 19:47:48.359309,0.41,23.32,22.02,0,1
2026-03-06 19:47:53.359309,1.16,14.59,84.84,0,1
2026-03-06 19:47:58.359309,2.67,5.66,-55.51,0,1
2026-03-06 19:48:03.359309,2.37,21.5,-33.96,1,1
2026-03-06 19:48:08.359309,2.32,11.87,-100.97,0,1
2026-03-06 19:48:13.359309,1.14,8.23,-107.79,0,1
2026-03-06 19:48:18.359309,1.15,16.54,3.61,0,1
2026-03-06 19:48:23.359309,2.67,5.91,-74.61,0,1
2026-03-06 19:48:28.359309,2.15,19.39,-31.51,0,1
2026-03-06 19:48:33.359309,1.61,5.13,-67.05,0,1
2026-03-06 19:48:38.359309,2.8,20.76,-49.72,0,1
2026-03-06 19:48:43.359309,0.36,21.32,36.47,0,1
2026-03-06 19:48:48.359309,0.38,20.53,28.42,0,1
2026-03-06 19:48:53.359309,0.71,18.74,63.42,0,1
2026-03-06 19:48:58.359309,1.84,6.95,-35.49,0,1
2026-03-06 19:49:03.359309,1.65,13.81,-46.59,0,1
2026-03-06 19:49:08.359309,2.38,19.57,-86.5,0,1
2026-03-06 19:49:13.359309,2.84,19.87,-0.37,0,1
2026-03-06 19:49:18.359309,1.39,5.76,-122.61,0,1
2026-03-06 19:49:23.359309,1.58,10.24,35.28,0,1
2026-03-06 19:49:28.359309,1.02,14.49,-73.65,0,1
2026-03-06 19:49:33.359309,0.03,16.03,-119.39,1,1
2026-03-06 19:49:38.359309,0.57,19.32,62.14,0,1
2026-03-06 19:49:43.359309,1.98,13.35,-11.66,0,1
2026-03-06 19:49:48.359309,0.31,12.5,11.93,0,1
2026-03-06 19:49:53.359309,1.25,13.41,-73.78,1,1
2026-03-06 19:49:58.359309,2.1,15.53,-52.87,0,1
2026-03-06 19:50:03.359309,0.7,9.28,-31.62,0,1
2026-03-06 19:50:08.359309,0.44,20.06,-115.06,0,1
2026-03-06 19:50:13.359309,0.87,16.35,-51.69,0,1
2026-03-06 19:50:18.359309,1.79,12.12,69.2,0,1
2026-03-06 19:50:23.359309,1.82,23.68,-109.41,0,1
2026-03-06 19:50:28.359309,2.11,24.34,-102.91,0,1
2026-03-06 19:50:33.359309,0.37,12.94,-112.15,0,1
2026-03-06 19:50:38.359309,1.72,18.5,-35.01,0,1
2026-03-06 19:50:43.359309,2.7,21.96,24.81,0,1
2026-03-06 19:50:48.359309,0.21,10.87,39.61,0,1
2026-03-06 19:50:53.359309,1.72,7.82,22.93,0,1
2026-03-06 19:50:58.359309,2.86,21.02,18.91,0,1
2026-03-06 19:51:03.359309,1.31,9.44,1.22,0,1
2026-03-06 19:51:08.359309,2.11,23.88,-37.36,0,1
2026-03-06 19:51:13.359309,0.19,18.81,-51.78,0,1
2026-03-06 19:51:18.359309,2.64,21.29,-42.35,1,1
2026-03-06 19:51:23.359309,2.66,6.53,-54.4,1,1
2026-03-06 19:51:28.359309,1.24,5.04,-90.34,0,1
2026-03-06 19:51:33.359309,2.32,5.72,-69.18,0,1
2026-03-06 19:51:38.359309,2.12,14.93,-61.9,0,1
2026-03-06 19:51:43.359309,1.25,12.34,99.16,0,1
2026-03-06 19:51:48.359309,1.94,6.65,91.89,0,1
2026-03-06 19:51:53.359309,1.15,12.28,-25.88,0,1
2026-03-06 19:51:58.359309,1.63,18.49,-1.35,0,1
2026-03-06 19:52:03.359309,1.48,24.38,53.99,0,1
2026-03-06 19:52:08.359309,0.28,17.68,61.1,0,1
2026-03-06 19:52:13.359309,1.18,24.06,57.98,0,1
2026-03-06 19:52:18.359309,2.18,9.12,86.69,0,1
2026-03-06 19:52:23.359309,1.61,13.33,29.8,0,1
2026-03-06 19:52:28.359309,1.2,5.53,78.34,0,1
2026-03-06 19:52:33.359309,1.26,14.91,43.27,0,1
2026-03-06 19:52:38.359309,1.66,15.71,-71.01,0,1
2026-03-06 19:52:43.359309,1.05,21.52,-106.41,0,1
2026-03-06 19:52:48.359309,2.6,15.96,-73.05,1,1
2026-03-06 19:52:53.359309,1.16,18.59,-122.03,0,1
2026-03-06 19:52:58.359309,0.11,18.42,-35.75,0,1
2026-03-06 19:53:03.359309,2.02,8.71,-83.19,1,1
2026-03-06 19:53:08.359309,1.6,21.93,47.63,0,1
2026-03-06 19:53:13.359309,1.37,6.33,-64.62,1,1
2026-03-06 19:53:18.359309,1.24,5.18,56.81,0,1
2026-03-06 19:53:23.359309,1.35,17.12,-68.02,0,1
2026-03-06 19:53:28.359309,0.02,8.5,57.62,0,1
2026-03-06 19:53:33.359309,0.41,9.98,-28.59,0,1
2026-03-06 19:53:38.359309,0.96,12.02,-56.3,1,1
2026-03-06 19:53:43.359309,0.83,15.1,-2.96,0,1
2026-03-06 19:53:48.359309,0.99,12.55,-52.13,0,1
2026-03-06 19:53:53.359309,0.13,12.03,-74.1,0,1
2026-03-06 19:53:58.359309,1.62,22.84,51.07,0,1
2026-03-06 19:54:03.359309,2.44,15.86,-80.99,0,1
2026-03-06 19:54:08.359309,2.66,17.31,-110.29,0,1
2026-03-06 19:54:13.359309,2.57,17.03,-46.7,0,1
2026-03-06 19:54:18.359309,1.83,10.0,98.94,0,1
2026-03-06 19:54:23.359309,1.75,11.04,33.06,1,1
2026-03-06 19:54:28.359309,2.29,18.51,29.42,0,1
2026-03-06 19:54:33.359309,0.82,7.64,-117.84,1,1
2026-03-06 19:54:38.359309,1.38,19.42,-46.53,0,1
2026-03-06 19:54:43.359309,1.86,14.44,105.68,0,1
2026-03-06 19:54:48.359309,1.52,16.94,-80.91,1,1
2026-03-06 19:54:53.359309,0.07,14.93,14.08,0,1
2026-03-06 19:54:58.359309,1.23,5.51,-56.81,0,1
2026-03-06 19:55:03.359309,2.85,21.21,-16.63,1,1
2026-03-06 19:55:08.359309,0.81,14.19,98.01,0,1
2026-03-06 19:55:13.359309,1.88,23.64,-11.78,0,1
2026-03-06 19:55:18.359309,1.45,12.43,-6.43,0,1
2026-03-06 19:55:23.359309,1.66,21.88,103.67,0,1
2026-03-06 19:55:28.359309,0.56,13.45,43.3,0,1
2026-03-06 19:55:33.359309,0.91,11.81,-13.01,0,1
2026-03-06 19:55:38.359309,1.33,7.85,57.92,0,1
2026-03-06 19:55:43.359309,2.26,18.09,34.92,0,1
2026-03-06 19:55:48.359309,1.12,8.47,36.78,0,0
2026-03-06 19:55:53.359309,0.94,7.72,93.14,0,1
2026-03-06 19:55:58.359309,0.37,23.13,-79.93,0,1
2026-03-06 19:56:03.359309,2.02,23.81,-123.37,0,1
2026-03-06 19:56:08.359309,2.69,8.56,109.46,0,1
2026-03-06 19:56:13.359309,2.52,8.27,-34.36,0,1
2026-03-06 19:56:18.359309,2.21,9.92,1.21,0,1
2026-03-06 19:56:23.359309,1.89,15.53,83.56,0,1
2026-03-06 19:56:28.359309,1.33,20.77,-62.64,0,1
2026-03-06 19:56:33.359309,1.22,24.41,-124.96,0,1
2026-03-06 19:56:38.359309,1.21,23.0,33.61,1,1
2026-03-06 19:56:43.359309,2.18,15.9,-77.26,0,1
2026-03-06 19:56:48.359309,1.36,10.8,28.53,0,1
2026-03-06 19:56:53.359309,1.0,12.29,-110.02,0,1
2026-03-06 19:56:58.359309,1.61,8.68,-97.49,0,1
2026-03-06 19:57:03.359309,2.09,7.88,-64.95,0,1
2026-03-06 19:57:08.359309,1.16,22.68,-16.56,0,1
2026-03-06 19:57:13.359309,0.65,24.8,43.63,0,1
2026-03-06 19:57:18.359309,1.63,19.61,119.51,0,1
2026-03-06 19:57:23.359309,0.39,19.52,-10.32,0,1
2026-03-06 19:57:28.359309,0.94,21.54,-30.5,0,1
2026-03-06 19:57:33.359309,0.22,18.33,96.75,0,1
2026-03-06 19:57:38.359309,0.36,19.68,75.73,0,1
2026-03-06 19:57:43.359309,2.66,24.37,83.89,0,1
2026-03-06 19:57:48.359309,2.54,10.32,-20.46,0,1
2026-03-06 19:57:53.359309,0.96,24.1,2.04,1,1
2026-03-06 19:57:58.359309,0.27,20.08,123.28,0,1
2026-03-06 19:58:03.359309,0.73,18.36,38.93,0,1
2026-03-06 19:58:08.359309,2.55,8.75,-88.37,0,1
2026-03-06 19:58:13.359309,1.84,7.6,96.88,0,1
2026-03-06 19:58:18.359309,0.8,5.92,99.43,0,1
2026-03-06 19:58:23.359309,2.22,22.16,-79.86,0,1
2026-03-06 19:58:28.359309,1.36,13.55,1.85,0,1
2026-03-06 19:58:33.359309,1.32,6.29,-118.72,0,1
2026-03-06 19:58:38.359309,1.38,15.01,20.64,0,1
2026-03-06 19:58:43.359309,1.69,15.59,-62.71,0,1
2026-03-06 19:58:48.359309,0.77,8.35,-48.23,0,1
2026-03-06 19:58:53.359309,1.84,5.32,15.19,0,1
2026-03-06 19:58:58.359309,2.22,6.33,-72.83,0,1
2026-03-06 19:59:03.359309,1.72,9.19,-119.33,0,1
2026-03-06 19:59:08.359309,0.05,12.65,-73.24,0,1
2026-03-06 19:59:13.359309,1.45,20.86,62.12,0,1
2026-03-06 19:59:18.359309,1.75,24.23,121.73,0,1
2026-03-06 19:59:23.359309,2.08,20.21,67.8,0,1
2026-03-06 19:59:28.359309,1.06,6.6,-50.28,0,1
2026-03-06 19:59:33.359309,0.09,7.63,-121.78,0,1
2026-03-06 19:59:38.359309,1.15,5.77,10.75,0,1
2026-03-06 19:59:43.359309,0.71,17.33,101.52,0,1
2026-03-06 19:59:48.359309,0.37,24.01,-83.63,0,1
2026-03-06 19:59:53.359309,0.4,15.08,-75.99,0,1
2026-03-06 19:59:58.359309,1.95,13.97,-5.21,0,1
2026-03-06 20:00:03.359309,2.88,16.95,-68.52,1,1
2026-03-06 20:00:08.359309,1.94,7.62,-42.35,0,1
2026-03-06 20:00:13.359309,0.97,24.53,-19.18,0,1
2026-03-06 20:00:18.359309,2.98,20.55,57.1,0,1
2026-03-06 20:00:23.359309,2.13,17.29,50.94,0,1
2026-03-06 20:00:28.359309,2.56,22.69,-92.57,0,1
2026-03-06 20:00:33.359309,0.32,14.29,-41.76,0,1
2026-03-06 20:00:38.359309,1.93,17.8,78.44,0,1
2026-03-06 20:00:43.359309,1.73,9.0,-123.68,1,1
2026-03-06 20:00:48.359309,1.65,13.46,115.81,0,1
2026-03-06 20:00:53.359309,1.9,10.41,108.93,0,1
2026-03-06 20:00:58.359309,0.78,15.05,0.4,0,1
2026-03-06 20:01:03.359309,1.08,23.43,-28.3,0,1
2026-03-06 20:01:08.359309,0.81,19.69,-1.78,0,1
2026-03-06 20:01:13.359309,1.14,13.48,-95.36,0,1
2026-03-06 20:01:18.359309,0.29,17.6,49.96,0,1
2026-03-06 20:01:23.359309,0.6,11.57,-71.3,0,1
2026-03-06 20:01:28.359309,0.36,7.43,-77.38,1,1
2026-03-06 20:01:33.359309,1.53,17.37,-18.46,1,1
2026-03-06 20:01:38.359309,2.84,9.49,13.17,1,1
2026-03-06 20:01:43.359309,2.98,21.12,-69.61,0,1
2026-03-06 20:01:48.359309,0.51,18.15,-42.23,0,1
2026-03-06 20:01:53.359309,0.83,9.75,-17.01,0,1
2026-03-06 20:01:58.359309,1.64,23.05,98.96,0,1
2026-03-06 20:02:03.359309,0.66,12.17,12.55,0,1
2026-03-06 20:02:08.359309,1.11,17.48,88.2,0,1
2026-03-06 20:02:13.359309,2.63,20.11,-106.92,0,1
2026-03-06 20:02:18.359309,1.69,21.91,-104.75,0,1
2026-03-06 20:02:23.359309,2.44,17.82,107.02,0,1
2026-03-06 20:02:28.359309,0.42,16.68,46.08,1,1
2026-03-06 20:02:33.359309,2.73,11.04,99.95,0,1
2026-03-06 20:02:38.359309,1.1,21.19,51.15,0,1
2026-03-06 20:02:43.359309,1.08,16.07,-56.75,0,1
2026-03-06 20:02:48.359309,1.27,16.1,-19.62,1,1
2026-03-06 20:02:53.359309,0.34,21.47,0.16,0,1
2026-03-06 20:02:58.359309,2.62,16.94,-111.8,0,1
2026-03-06 20:03:03.359309,0.79,6.63,67.59,0,1
2026-03-06 20:03:08.359309,2.72,16.51,-108.86,0,1
2026-03-06 20:03:13.359309,1.67,20.36,13.0,0,1
2026-03-06 20:03:18.359309,1.36,18.22,104.37,1,1
2026-03-06 20:03:23.359309,2.53,20.98,32.68,0,1
2026-03-06 20:03:28.359309,1.05,19.0,48.78,0,1
2026-03-06 20:03:33.359309,2.69,8.06,-76.37,0,1
2026-03-06 20:03:38.359309,0.94,10.11,110.08,0,1
2026-03-06 20:03:43.359309,2.39,11.49,-67.1,0,1
2026-03-06 20:03:48.359309,0.03,18.43,46.56,0,1
2026-03-06 20:03:53.359309,2.89,8.52,94.61,0,1
2026-03-06 20:03:58.359309,1.08,14.55,-32.01,0,1
2026-03-06 20:04:03.359309,0.31,14.94,-4.46,0,1
2026-03-06 20:04:08.359309,2.8,17.84,-121.16,0,1
2026-03-06 20:04:13.359309,0.8,7.12,54.68,0,1
2026-03-06 20:04:18.359309,2.28,24.61,48.92,0,1
2026-03-06 20:04:23.359309,1.11,7.59,86.24,0,1
2026-03-06 20:04:28.359309,2.56,14.33,-7.46,0,1
2026-03-06 20:04:33.359309,0.8,11.69,78.63,0,1
2026-03-06 20:04:38.359309,2.73,18.33,42.11,1,1
2026-03-06 20:04:43.359309,1.41,19.13,-33.02,0,1
2026-03-06 20:04:48.359309,2.6,19.53,-126.28,0,1
2026-03-06 20:04:53.359309,1.48,6.44,86.79,0,1
2026-03-06 20:04:58.359309,1.57,20.35,-30.52,0,1
2026-03-06 20:05:03.359309,2.49,15.59,16.13,0,1
2026-03-06 20:05:08.359309,2.97,5.57,51.58,0,1
2026-03-06 20:05:13.359309,1.9,16.61,-46.1,0,1
2026-03-06 20:05:18.359309,0.45,7.58,-121.88,0,1
2026-03-06 20:05:23.359309,2.39,12.69,74.46,0,1
2026-03-06 20:05:28.359309,2.04,14.92,-103.62,0,1
2026-03-06 20:05:33.359309,2.12,13.54,95.26,1,1
2026-03-06 20:05:38.359309,2.48,14.3,-78.91,1,1
2026-03-06 20:05:43.359309,0.09,6.68,76.89,0,1
2026-03-06 20:05:48.359309,0.24,13.56,27.47,0,1
2026-03-06 20:05:53.359309,2.59,23.21,-11.18,0,1
2026-03-06 20:05:58.359309,2.08,16.33,121.19,0,1
2026-03-06 20:06:03.359309,2.39,17.97,-44.98,0,1
2026-03-06 20:06:08.359309,1.85,22.09,-31.26,0,1
2026-03-06 20:06:13.359309,0.96,20.04,-87.78,0,1
2026-03-06 20:06:18.359309,1.38,13.63,96.57,0,1
2026-03-06 20:06:23.359309,2.95,19.92,-110.04,0,1
2026-03-06 20:06:28.359309,0.78,12.56,42.39,0,1
2026-03-06 20:06:33.359309,2.04,11.45,41.51,0,1
2026-03-06 20:06:38.359309,1.16,9.89,75.83,0,1
2026-03-06 20:06:43.359309,0.65,24.93,1.56,0,1
2026-03-06 20:06:48.359309,2.33,23.67,31.56,0,1
2026-03-06 20:06:53.359309,2.54,20.96,80.84,0,1
2026-03-06 20:06:58.359309,1.81,17.03,51.68,0,1
2026-03-06 20:07:03.359309,0.57,21.49,124.8,0,1
2026-03-06 20:07:08.359309,1.22,7.4,62.03,0,1
2026-03-06 20:07:13.359309,1.92,12.06,-63.81,0,1
2026-03-06 20:07:18.359309,0.36,14.23,1.81,0,1
2026-03-06 20:07:23.359309,2.31,8.48,-10.65,1,1
2026-03-06 20:07:28.359309,1.89,16.48,-69.62,0,1
2026-03-06 20:07:33.359309,1.06,16.6,104.95,1,1
2026-03-06 20:07:38.359309,0.95,18.38,3.86,0,1
2026-03-06 20:07:43.359309,2.45,11.74,30.64,0,1
2026-03-06 20:07:48.359309,1.13,21.96,-121.81,0,1
2026-03-06 20:07:53.359309,2.66,15.09,-125.87,0,1
2026-03-06 20:07:58.359309,0.14,7.94,72.72,0,1
2026-03-06 20:08:03.359309,1.21,20.64,69.07,1,1
2026-03-06 20:08:08.359309,1.25,6.68,0.88,0,1
2026-03-06 20:08:13.359309,2.97,23.32,6.7,0,1
2026-03-06 20:08:18.359309,0.61,18.66,-115.92,0,1
2026-03-06 20:08:23.359309,1.38,6.0,118.29,0,1
2026-03-06 20:08:28.359309,2.87,19.54,77.27,0,1
2026-03-06 20:08:33.359309,2.52,15.03,-121.11,0,1
2026-03-06 20:08:38.359309,0.8,14.6,12.11,0,1
2026-03-06 20:08:43.359309,0.35,7.47,28.55,0,1
2026-03-06 20:08:48.359309,2.34,8.96,35.85,0,1
2026-03-06 20:08:53.359309,1.59,9.68,-19.08,1,1
2026-03-06 20:08:58.359309,0.23,13.6,-28.0,0,1
2026-03-06 20:09:03.359309,2.92,18.92,-114.29,1,1
2026-03-06 20:09:08.359309,2.03,12.45,74.0,1,1
2026-03-06 20:09:13.359309,2.09,15.08,54.99,0,1
2026-03-06 20:09:18.359309,0.99,8.15,-123.98,0,1
2026-03-06 20:09:23.359309,1.19,22.86,-2.64,0,1
2026-03-06 20:09:28.359309,0.84,18.42,-93.45,0,1
2026-03-06 20:09:33.359309,1.24,22.52,-20.63,0,1
2026-03-06 20:09:38.359309,0.51,18.7,102.42,0,1
2026-03-06 20:09:43.359309,1.06,15.32,-105.28,0,1
2026-03-06 20:09:48.359309,2.29,20.75,-17.29,0,1
2026-03-06 20:09:53.359309,2.85,14.54,-107.78,1,1
2026-03-06 20:09:58.359309,1.14,23.76,112.17,0,1
2026-03-06 20:10:03.359309,0.23,18.82,101.89,1,1
2026-03-06 20:10:08.359309,2.23,8.57,82.75,0,1
2026-03-06 20:10:13.359309,0.09,21.97,77.72,0,1
2026-03-06 20:10:18.359309,2.58,19.03,47.64,0,1
2026-03-06 20:10:23.359309,0.06,23.01,50.6,0,1
2026-03-06 20:10:28.359309,0.54,8.36,-54.53,0,1
2026-03-06 20:10:33.359309,0.88,8.63,3.89,0,1
2026-03-06 20:10:38.359309,2.55,20.88,-96.01,0,1
2026-03-06 20:10:43.359309,1.37,10.44,122.65,0,1
2026-03-06 20:10:48.359309,0.18,5.85,50.61,0,1
2026-03-06 20:10:53.359309,1.37,20.27,-93.9,0,1
2026-03-06 20:10:58.359309,2.1,13.48,-52.89,0,1
2026-03-06 20:11:03.359309,0.03,17.4,105.2,1,1
2026-03-06 20:11:08.359309,2.07,24.83,-40.24,0,1
2026-03-06 20:11:13.359309,0.51,20.11,117.61,0,1
2026-03-06 20:11:18.359309,1.79,6.22,-24.75,1,1
2026-03-06 20:11:23.359309,2.64,6.02,-65.69,0,1
2026-03-06 20:11:28.359309,1.5,10.47,54.55,1,1
2026-03-06 20:11:33.359309,0.96,22.98,83.38,0,1
2026-03-06 20:11:38.359309,1.45,8.34,-42.64,0,1
2026-03-06 20:11:43.359309,0.65,17.77,-5.05,0,1
2026-03-06 20:11:48.359309,1.36,8.79,51.71,0,1
2026-03-06 20:11:53.359309,2.16,7.68,66.62,0,1
2026-03-06 20:11:58.359309,1.0,10.57,47.23,0,1
2026-03-06 20:12:03.359309,0.24,17.73,72.11,1,1
2026-03-06 20:12:08.359309,2.03,13.92,84.22,0,1
2026-03-06 20:12:13.359309,1.42,14.05,27.7,0,1
2026-03-06 20:12:18.359309,1.87,8.61,80.83,1,1
2026-03-06 20:12:23.359309,2.15,17.19,-43.78,1,1
2026-03-06 20:12:28.359309,2.56,7.43,-0.98,0,1
2026-03-06 20:12:33.359309,1.27,16.66,8.66,0,1
2026-03-06 20:12:38.359309,1.67,6.49,104.81,0,1
2026-03-06 20:12:43.359309,0.15,16.82,76.59,0,1
2026-03-06 20:12:48.359309,0.16,5.19,124.85,0,1
2026-03-06 20:12:53.359309,0.43,6.58,56.99,0,1
2026-03-06 20:12:58.359309,0.98,9.86,-67.12,1,1
2026-03-06 20:13:03.359309,0.76,23.71,56.39,0,1
2026-03-06 20:13:08.359309,1.39,20.78,-58.39,0,1
2026-03-06 20:13:13.359309,0.34,12.71,76.14,1,1
2026-03-06 20:13:18.359309,2.61,21.35,85.08,0,1
2026-03-06 20:13:23.359309,0.09,18.96,-73.45,0,1
2026-03-06 20:13:28.359309,2.59,15.86,-96.98,0,1
2026-03-06 20:13:33.359309,2.38,17.32,124.06,0,1
2026-03-06 20:13:38.359309,0.06,8.33,-112.96,0,1
2026-03-06 20:13:43.359309,0.87,12.26,-107.14,0,1
2026-03-06 20:13:48.359309,1.23,24.18,25.53,0,1
2026-03-06 20:13:53.359309,0.46,13.06,98.54,0,1
2026-03-06 20:13:58.359309,0.69,5.6,-76.63,0,1
2026-03-06 20:14:03.359309,1.36,13.5,-85.32,0,1
2026-03-06 20:14:08.359309,0.83,7.91,78.45,0,1
2026-03-06 20:14:13.359309,1.61,5.47,122.9,1,1
2026-03-06 20:14:18.359309,1.34,10.65,14.7,0,1
2026-03-06 20:14:23.359309,0.49,15.48,-50.04,0,1
2026-03-06 20:14:28.359309,2.34,18.59,114.27,1,1
2026-03-06 20:14:33.359309,0.78,22.96,-2.58,0,1
2026-03-06 20:14:38.359309,3.0,12.26,13.37,0,1
2026-03-06 20:14:43.359309,2.0,16.41,-21.74,0,1
2026-03-06 20:14:48.359309,0.74,18.78,-96.2,0,1
2026-03-06 20:14:53.359309,2.72,23.62,71.38,0,1
2026-03-06 20:14:58.359309,2.73,23.06,-22.53,0,1
2026-03-06 20:15:03.359309,0.94,8.05,86.53,0,1
2026-03-06 20:15:08.359309,1.16,17.18,-9.76,0,1
2026-03-06 20:15:13.359309,2.61,23.78,116.34,0,1
2026-03-06 20:15:18.359309,0.8,14.13,-5.7,0,1
2026-03-06 20:15:23.359309,1.17,5.28,44.66,0,1
2026-03-06 20:15:28.359309,1.94,15.92,73.04,0,1
2026-03-06 20:15:33.359309,0.52,23.16,-13.93,0,1
2026-03-06 20:15:38.359309,2.58,11.07,39.47,0,1
2026-03-06 20:15:43.359309,2.35,24.49,-3.24,0,1
2026-03-06 20:15:48.359309,1.3,17.93,-64.38,0,1
2026-03-06 20:15:53.359309,0.99,19.31,31.76,0,1
2026-03-06 20:15:58.359309,0.57,15.69,25.88,0,1
2026-03-06 20:16:03.359309,0.2,13.25,-46.68,0,1
2026-03-06 20:16:08.359309,2.05,23.63,-123.74,0,1
2026-03-06 20:16:13.359309,2.29,5.23,-50.94,0,1
2026-03-06 20:16:18.359309,2.74,22.02,-107.76,0,1
2026-03-06 20:16:23.359309,0.53,11.12,72.74,0,1
2026-03-06 20:16:28.359309,2.5,9.99,-18.03,0,1
2026-03-06 20:16:33.359309,2.07,10.69,75.4,0,1
2026-03-06 20:16:38.359309,0.59,13.57,50.98,0,1
2026-03-06 20:16:43.359309,2.31,13.55,-72.94,0,1
2026-03-06 20:16:48.359309,0.3,7.3,50.49,0,1
2026-03-06 20:16:53.359309,0.05,22.07,-83.16,0,1
2026-03-06 20:16:58.359309,1.26,8.58,105.0,0,1
2026-03-06 20:17:03.359309,2.18,12.87,93.62,0,1
2026-03-06 20:17:08.359309,1.01,23.68,-72.98,0,1
2026-03-06 20:17:13.359309,0.16,12.15,84.56,0,1
2026-03-06 20:17:18.359309,2.19,22.46,-88.55,0,1
2026-03-06 20:17:23.359309,1.67,5.52,-8.82,0,1
2026-03-06 20:17:28.359309,1.93,7.29,101.66,0,1
2026-03-06 20:17:33.359309,1.82,5.72,-102.39,0,1
2026-03-06 20:17:38.359309,1.18,13.68,-17.21,0,1
2026-03-06 20:17:43.359309,1.43,15.1,-88.42,0,1
2026-03-06 20:17:48.359309,2.56,19.91,13.67,0,1
2026-03-06 20:17:53.359309,0.99,24.46,53.72,0,1
2026-03-06 20:17:58.359309,0.41,19.82,117.44,1,1
2026-03-06 20:18:03.359309,2.17,8.62,126.58,0,1
2026-03-06 20:18:08.359309,0.73,6.34,62.12,0,1
2026-03-06 20:18:13.359309,1.81,15.44,-122.57,0,1
2026-03-06 20:18:18.359309,1.08,14.67,62.37,1,1
2026-03-06 20:18:23.359309,2.81,19.79,-93.91,0,1
2026-03-06 20:18:28.359309,0.19,8.49,-50.09,0,1
2026-03-06 20:18:33.359309,1.93,10.79,-67.54,0,1
2026-03-06 20:18:38.359309,2.12,13.81,55.89,0,1
2026-03-06 20:18:43.359309,1.43,8.83,-120.04,0,1
2026-03-06 20:18:48.359309,0.6,12.06,-22.6,0,1
2026-03-06 20:18:53.359309,0.13,13.7,-67.54,0,1
2026-03-06 20:18:58.359309,0.25,8.55,-72.32,0,1
2026-03-06 20:19:03.359309,1.81,16.2,-65.61,0,1
2026-03-06 20:19:08.359309,1.33,6.49,84.13,0,1
2026-03-06 20:19:13.359309,2.99,16.73,-40.17,0,1
2026-03-06 20:19:18.359309,2.5,11.62,-80.69,1,1
2026-03-06 20:19:23.359309,2.02,14.96,-92.73,1,1
2026-03-06 20:19:28.359309,1.4,9.57,-75.04,0,1
2026-03-06 20:19:33.359309,2.5,20.65,-93.86,0,1
2026-03-06 20:19:38.359309,1.53,10.66,117.62,1,1
2026-03-06 20:19:43.359309,0.59,16.53,109.38,0,1
2026-03-06 20:19:48.359309,2.29,7.63,91.94,0,1
2026-03-06 20:19:53.359309,0.25,12.0,11.57,0,1
2026-03-06 20:19:58.359309,1.59,10.42,32.23,0,1
2026-03-06 20:20:03.359309,1.52,15.54,38.62,0,1
2026-03-06 20:20:08.359309,0.37,23.39,87.64,0,1
2026-03-06 20:20:13.359309,1.2,14.91,-85.97,0,1
2026-03-06 20:20:18.359309,2.21,17.78,85.95,0,1
2026-03-06 20:20:23.359309,1.94,22.01,-29.62,0,1
2026-03-06 20:20:28.359309,2.78,10.42,46.23,0,1
2026-03-06 20:20:33.359309,0.45,12.11,88.41,0,1
2026-03-06 20:20:38.359309,0.13,10.75,11.39,0,1
2026-03-06 20:20:43.359309,2.41,11.24,26.26,0,1
2026-03-06 20:20:48.359309,2.33,24.64,-73.75,1,1
2026-03-06 20:20:53.359309,1.39,13.29,-20.55,0,1
2026-03-06 20:20:58.359309,2.95,24.1,118.08,0,1
2026-03-06 20:21:03.359309,2.35,6.21,103.24,0,1
2026-03-06 20:21:08.359309,2.15,24.43,-79.53,0,1
2026-03-06 20:21:13.359309,1.76,18.53,-98.63,0,1
2026-03-06 20:21:18.359309,1.26,8.58,63.03,0,1
2026-03-06 20:21:23.359309,0.83,12.3,10.74,0,1
2026-03-06 20:21:28.359309,2.09,18.91,114.43,0,1
2026-03-06 20:21:33.359309,2.76,14.15,-95.98,0,1
2026-03-06 20:21:38.359309,2.04,15.32,61.11,0,1
2026-03-06 20:21:43.359309,2.87,19.57,-114.24,1,1
2026-03-06 20:21:48.359309,2.58,16.79,-123.18,0,1
2026-03-06 20:21:53.359309,2.67,5.56,-50.27,0,1
2026-03-06 20:21:58.359309,1.97,7.45,-110.92,0,1
2026-03-06 20:22:03.359309,2.75,7.37,100.17,0,1
2026-03-06 20:22:08.359309,0.12,18.73,-12.29,0,1
2026-03-06 20:22:13.359309,0.41,15.45,-111.03,0,1
2026-03-06 20:22:18.359309,1.03,8.67,30.97,0,0
2026-03-06 20:22:23.359309,0.81,15.26,-5.26,0,1
2026-03-06 20:22:28.359309,0.98,5.59,56.78,0,1
2026-03-06 20:22:33.359309,2.11,19.68,35.74,0,1
2026-03-06 20:22:38.359309,1.51,12.96,101.74,0,1
2026-03-06 20:22:43.359309,1.12,20.86,-81.05,0,1
2026-03-06 20:22:48.359309,0.85,20.02,48.36,0,1
2026-03-06 20:22:53.359309,0.77,16.74,-67.4,0,1
2026-03-06 20:22:58.359309,3.0,7.93,65.61,0,1
2026-03-06 20:23:03.359309,1.69,19.41,7.45,0,1
2026-03-06 20:23:08.359309,2.58,19.22,-68.63,0,1
2026-03-06 20:23:13.359309,0.09,12.3,-123.99,0,1
2026-03-06 20:23:18.359309,0.93,13.69,42.76,0,1
2026-03-06 20:23:23.359309,0.35,22.13,76.69,0,1
2026-03-06 20:23:28.359309,1.25,23.38,70.24,0,1
2026-03-06 20:23:33.359309,2.45,12.12,73.3,0,1
2026-03-06 20:23:38.359309,2.27,9.82,113.31,0,1
2026-03-06 20:23:43.359309,0.52,17.35,117.77,0,1
2026-03-06 20:23:48.359309,0.6,12.37,81.31,0,1
2026-03-06 20:23:53.359309,0.96,5.77,57.53,0,1
2026-03-06 20:23:58.359309,1.98,17.93,-95.05,1,1
2026-03-06 20:24:03.359309,0.02,12.58,-16.41,0,1
2026-03-06 20:24:08.359309,2.67,14.52,118.14,0,1
2026-03-06 20:24:13.359309,1.62,21.35,25.73,0,1
2026-03-06 20:24:18.359309,2.7,21.47,2.97,0,1
2026-03-06 20:24:23.359309,2.74,21.03,-0.33,0,1
2026-03-06 20:24:28.359309,0.71,7.29,83.25,1,1
2026-03-06 20:24:33.359309,0.16,6.92,41.88,0,1
2026-03-06 20:24:38.359309,0.69,6.08,-86.82,1,1
2026-03-06 20:24:43.359309,0.74,8.13,2.65,0,1
2026-03-06 20:24:48.359309,0.47,8.2,-103.14,0,1
2026-03-06 20:24:53.359309,2.5,19.01,-68.36,0,1
2026-03-06 20:24:58.359309,1.81,16.71,-48.61,0,1
2026-03-06 20:25:03.359309,1.66,16.03,67.52,0,1
2026-03-06 20:25:08.359309,1.68,13.39,-10.21,0,1
2026-03-06 20:25:13.359309,0.5,5.0,-117.35,0,1
2026-03-06 20:25:18.359309,1.95,6.8,25.08,0,1
2026-03-06 20:25:23.359309,2.93,5.76,10.29,0,1
2026-03-06 20:25:28.359309,0.46,10.6,16.26,0,1
2026-03-06 20:25:33.359309,2.45,16.67,-48.12,1,1
2026-03-06 20:25:38.359309,0.28,5.43,94.78,0,1
2026-03-06 20:25:43.359309,1.57,13.82,-40.01,0,1
2026-03-06 20:25:48.359309,2.17,11.69,32.96,0,1
2026-03-06 20:25:53.359309,2.14,23.94,34.07,1,1
2026-03-06 20:25:58.359309,1.09,5.8,-82.75,0,1
2026-03-06 20:26:03.359309,2.61,17.65,50.51,0,1
2026-03-06 20:26:08.359309,1.16,5.65,37.39,0,1
2026-03-06 20:26:13.359309,1.04,12.45,-109.81,0,1
2026-03-06 20:26:18.359309,1.46,20.99,67.06,0,1
2026-03-06 20:26:23.359309,2.45,21.44,-52.75,0,1
2026-03-06 20:26:28.359309,1.77,23.54,120.2,1,1
2026-03-06 20:26:33.359309,2.29,17.09,49.31,0,1
2026-03-06 20:26:38.359309,0.36,23.34,24.69,0,1
2026-03-06 20:26:43.359309,1.23,23.09,-103.48,0,1
2026-03-06 20:26:48.359309,1.89,12.15,-41.17,1,1
2026-03-06 20:26:53.359309,1.42,10.75,90.19,0,1
2026-03-06 20:26:58.359309,1.28,5.77,-33.52,0,1
2026-03-06 20:27:03.359309,2.82,5.46,-120.14,0,1
2026-03-06 20:27:08.359309,0.91,9.85,126.41,0,1
2026-03-06 20:27:13.359309,1.97,22.12,16.61,0,1
2026-03-06 20:27:18.359309,1.31,22.62,-65.2,0,1
2026-03-06 20:27:23.359309,1.79,18.52,103.33,1,1
2026-03-06 20:27:28.359309,1.87,10.11,125.71,0,1
2026-03-06 20:27:33.359309,0.42,8.84,-104.33,0,1
2026-03-06 20:27:38.359309,2.81,21.31,-5.74,0,1
2026-03-06 20:27:43.359309,2.61,12.96,-18.82,0,1
2026-03-06 20:27:48.359309,2.62,12.41,-61.77,0,1
2026-03-06 20:27:53.359309,0.12,10.64,71.58,0,1
2026-03-06 20:27:58.359309,0.46,19.08,-124.2,0,1
2026-03-06 20:28:03.359309,0.99,8.76,-4.7,0,1
2026-03-06 20:28:08.359309,1.55,20.89,-120.43,1,1
2026-03-06 20:28:13.359309,1.32,17.52,-109.68,0,1
2026-03-06 20:28:18.359309,2.79,10.05,-10.28,0,1
2026-03-06 20:28:23.359309,1.55,15.03,20.52,0,1
2026-03-06 20:28:28.359309,0.67,20.72,-2.63,0,1
2026-03-06 20:28:33.359309,0.61,5.22,-120.66,0,1
2026-03-06 20:28:38.359309,1.83,24.21,45.01,0,1
2026-03-06 20:28:43.359309,0.89,19.23,-111.61,0,1
2026-03-06 20:28:48.359309,0.73,13.53,73.26,0,1
2026-03-06 20:28:53.359309,0.6,19.95,26.22,0,1
2026-03-06 20:28:58.359309,0.18,11.59,-71.83,0,1
2026-03-06 20:29:03.359309,2.26,23.87,-47.39,1,1
2026-03-06 20:29:08.359309,0.36,17.61,107.46,0,1
2026-03-06 20:29:13.359309,2.79,17.15,115.8,0,1
2026-03-06 20:29:18.359309,2.57,12.05,-67.75,0,1
2026-03-06 20:29:23.359309,0.89,21.3,-89.36,0,1
2026-03-06 20:29:28.359309,0.78,16.1,91.93,0,1
2026-03-06 20:29:33.359309,2.82,19.64,-121.92,0,1
2026-03-06 20:29:38.359309,2.48,23.26,-94.23,1,1
2026-03-06 20:29:43.359309,2.07,5.41,-62.5,0,1
2026-03-06 20:29:48.359309,0.24,15.02,73.61,0,1
2026-03-06 20:29:53.359309,2.94,11.17,-4.4,0,1
2026-03-06 20:29:58.359309,0.5,6.33,84.45,0,1
2026-03-06 20:30:03.359309,0.71,20.5,-123.35,0,1
2026-03-06 20:30:08.359309,1.72,15.05,75.23,0,1
2026-03-06 20:30:13.359309,1.43,16.65,-27.02,0,1
2026-03-06 20:30:18.359309,2.17,17.11,-62.28,0,1
2026-03-06 20:30:23.359309,1.43,19.69,2.85,0,1
2026-03-06 20:30:28.359309,1.91,17.32,-83.28,0,1
2026-03-06 20:30:33.359309,0.22,7.79,2.59,0,1
2026-03-06 20:30:38.359309,1.18,17.54,50.44,0,1
2026-03-06 20:30:43.359309,0.47,5.56,-96.59,0,1
2026-03-06 20:30:48.359309,2.13,24.11,-34.7,0,1
2026-03-06 20:30:53.359309,0.35,17.81,36.13,0,1
2026-03-06 20:30:58.359309,1.63,21.49,-40.69,1,1
2026-03-06 20:31:03.359309,0.11,16.19,-33.35,0,1
2026-03-06 20:31:08.359309,2.67,21.78,-56.08,0,1
2026-03-06 20:31:13.359309,2.6,13.73,63.15,0,1
2026-03-06 20:31:18.359309,0.4,24.68,-125.88,0,1
2026-03-06 20:31:23.359309,1.61,6.05,-10.32,0,1
2026-03-06 20:31:28.359309,1.3,10.75,19.43,0,1
2026-03-06 20:31:33.359309,2.67,7.35,108.49,0,1
2026-03-06 20:31:38.359309,0.05,9.73,119.5,0,1
2026-03-06 20:31:43.359309,2.01,7.64,-92.73,0,1
2026-03-06 20:31:48.359309,0.87,12.28,117.54,0,1
2026-03-06 20:31:53.359309,2.06,15.88,-126.21,0,1
2026-03-06 20:31:58.359309,0.59,8.96,125.12,0,1
2026-03-06 20:32:03.359309,1.84,6.73,-79.95,0,1
2026-03-06 20:32:08.359309,1.65,20.03,29.48,0,1
2026-03-06 20:32:13.359309,1.95,20.21,-53.58,0,1
2026-03-06 20:32:18.359309,0.85,13.92,-47.82,0,1
2026-03-06 20:32:23.359309,1.04,21.4,-6.58,0,1
2026-03-06 20:32:28.359309,1.99,15.76,-69.87,0,1
2026-03-06 20:32:33.359309,0.11,10.99,54.45,0,1
2026-03-06 20:32:38.359309,0.34,12.14,95.3,0,1
2026-03-06 20:32:43.359309,0.47,11.63,-97.81,0,1
2026-03-06 20:32:48.359309,1.73,12.76,-90.67,0,1
2026-03-06 20:32:53.359309,0.84,7.23,14.78,0,1
2026-03-06 20:32:58.359309,0.05,15.47,-73.46,0,1
2026-03-06 20:33:03.359309,1.36,22.28,103.81,0,1
2026-03-06 20:33:08.359309,0.86,11.84,-100.28,1,1
2026-03-06 20:33:13.359309,0.79,16.19,-98.02,0,1
2026-03-06 20:33:18.359309,0.35,8.52,36.32,0,1
2026-03-06 20:33:23.359309,1.24,18.43,10.23,0,1
2026-03-06 20:33:28.359309,2.04,12.31,-85.03,0,1
2026-03-06 20:33:33.359309,2.35,19.65,-115.79,1,1
2026-03-06 20:33:38.359309,0.99,15.39,-5.71,0,1
2026-03-06 20:33:43.359309,1.78,8.34,49.81,0,1
2026-03-06 20:33:48.359309,2.66,18.4,30.44,0,1
2026-03-06 20:33:53.359309,2.12,8.46,-100.7,0,1
2026-03-06 20:33:58.359309,1.03,8.2,74.29,0,1
2026-03-06 20:34:03.359309,2.76,18.71,19.0,0,1
2026-03-06 20:34:08.359309,1.85,23.21,-10.12,0,1
2026-03-06 20:34:13.359309,2.12,22.24,8.63,0,1
2026-03-06 20:34:18.359309,2.86,6.49,100.2,0,1
2026-03-06 20:34:23.359309,1.47,23.35,-118.52,0,1
2026-03-06 20:34:28.359309,1.75,19.67,-41.71,0,1
2026-03-06 20:34:33.359309,2.12,15.56,95.98,0,1
2026-03-06 20:34:38.359309,2.56,14.83,110.73,0,1
2026-03-06 20:34:43.359309,2.55,8.48,2.41,0,1
2026-03-06 20:34:48.359309,1.45,13.39,-93.72,0,1
2026-03-06 20:34:53.359309,1.88,10.11,110.99,1,1
2026-03-06 20:34:58.359309,1.42,22.2,-45.12,1,1
2026-03-06 20:35:03.359309,1.88,10.97,-113.15,1,1
2026-03-06 20:35:08.359309,1.11,20.42,72.54,0,1
2026-03-06 20:35:13.359309,2.37,20.46,-96.59,0,1
2026-03-06 20:35:18.359309,1.05,9.73,-66.57,0,1
2026-03-06 20:35:23.359309,1.15,17.04,-66.97,0,1
2026-03-06 20:35:28.359309,0.04,22.82,51.74,0,1
2026-03-06 20:35:33.359309,2.53,7.68,112.63,0,1
2026-03-06 20:35:38.359309,2.41,9.99,117.78,0,1
2026-03-06 20:35:43.359309,2.4,12.21,-99.29,0,1
2026-03-06 20:35:48.359309,2.06,8.18,67.33,0,1
2026-03-06 20:35:53.359309,1.71,21.74,43.54,0,1
2026-03-06 20:35:58.359309,2.66,17.77,42.67,0,1
2026-03-06 20:36:03.359309,1.47,17.92,77.46,0,1
2026-03-06 20:36:08.359309,1.33,18.47,-15.6,1,1
2026-03-06 20:36:13.359309,0.47,6.29,-70.52,1,1
2026-03-06 20:36:18.359309,2.13,10.03,60.88,0,1
2026-03-06 20:36:23.359309,2.99,12.73,-67.7,0,1
2026-03-06 20:36:28.359309,0.24,21.55,15.05,0,1
2026-03-06 20:36:33.359309,0.38,10.04,102.28,1,1
2026-03-06 20:36:38.359309,1.16,6.99,-102.97,0,1
2026-03-06 20:36:43.359309,0.67,13.95,-48.93,0,1
2026-03-06 20:36:48.359309,1.89,16.48,1.66,0,1
2026-03-06 20:36:53.359309,2.15,6.37,38.54,0,1
2026-03-06 20:36:58.359309,2.61,22.79,-38.31,0,1
2026-03-06 20:37:03.359309,1.33,7.3,3.6,0,1
2026-03-06 20:37:08.359309,1.3,9.33,-79.73,0,1
2026-03-06 20:37:13.359309,2.1,21.14,114.24,0,1
2026-03-06 20:37:18.359309,2.33,20.12,17.39,0,1
2026-03-06 20:37:23.359309,0.9,17.54,-20.05,0,1
2026-03-06 20:37:28.359309,2.71,21.12,105.51,0,1
2026-03-06 20:37:33.359309,2.7,24.55,1.66,1,1
2026-03-06 20:37:38.359309,1.84,11.85,-115.48,0,1
2026-03-06 20:37:43.359309,0.1,13.39,69.1,0,1
2026-03-06 20:37:48.359309,0.35,22.16,126.4,0,1
2026-03-06 20:37:53.359309,2.5,5.84,-30.66,1,1
2026-03-06 20:37:58.359309,2.53,18.62,-103.49,0,1
2026-03-06 20:38:03.359309,0.6,13.39,-102.14,0,1
2026-03-06 20:38:08.359309,2.13,11.17,55.97,0,1
2026-03-06 20:38:13.359309,2.03,20.61,-39.19,0,1
2026-03-06 20:38:18.359309,2.37,16.88,-43.88,0,1
2026-03-06 20:38:23.359309,0.28,15.79,122.74,0,1
2026-03-06 20:38:28.359309,1.19,7.08,21.26,0,1
2026-03-06 20:38:33.359309,1.09,21.21,32.31,0,1
2026-03-06 20:38:38.359309,2.9,14.37,11.82,0,1
2026-03-06 20:38:43.359309,2.63,8.56,-80.83,0,1
2026-03-06 20:38:48.359309,1.96,15.11,-115.2,0,1
2026-03-06 20:38:53.359309,1.05,21.45,61.84,1,1
2026-03-06 20:38:58.359309,0.98,16.44,-104.07,0,1
2026-03-06 20:39:03.359309,0.91,6.62,-75.14,0,1
2026-03-06 20:39:08.359309,1.02,17.56,-94.45,0,1
2026-03-06 20:39:13.359309,1.25,21.26,107.34,0,1
2026-03-06 20:39:18.359309,1.91,20.68,64.33,0,1
2026-03-06 20:39:23.359309,1.7,20.46,-53.08,0,1
2026-03-06 20:39:28.359309,0.54,11.85,103.12,0,1
2026-03-06 20:39:33.359309,0.12,21.56,22.34,0,1
2026-03-06 20:39:38.359309,1.56,7.87,-43.14,0,1
2026-03-06 20:39:43.359309,1.46,8.35,-27.27,0,1
2026-03-06 20:39:48.359309,0.13,10.0,-39.17,0,1
2026-03-06 20:39:53.359309,0.33,10.37,100.26,0,1
2026-03-06 20:39:58.359309,1.33,13.64,111.9,0,1
2026-03-06 20:40:03.359309,2.82,20.88,-74.89,0,1
2026-03-06 20:40:08.359309,0.51,21.83,58.05,0,1
2026-03-06 20:40:13.359309,2.33,7.77,-28.18,0,1
2026-03-06 20:40:18.359309,1.97,10.85,-121.82,0,1
2026-03-06 20:40:23.359309,1.93,8.84,30.4,0,1
2026-03-06 20:40:28.359309,2.16,21.37,-64.41,0,1
2026-03-06 20:40:33.359309,0.54,17.77,12.29,0,1
2026-03-06 20:40:38.359309,2.89,6.03,-32.13,0,1
2026-03-06 20:40:43.359309,0.9,9.28,-47.3,0,1
2026-03-06 20:40:48.359309,2.88,18.4,-41.92,0,1
2026-03-06 20:40:53.359309,2.89,17.46,47.06,0,1
2026-03-06 20:40:58.359309,1.76,15.07,12.32,0,1
2026-03-06 20:41:03.359309,1.98,16.52,-118.83,0,1
2026-03-06 20:41:08.359309,1.38,9.83,44.03,0,1
2026-03-06 20:41:13.359309,2.6,14.65,91.71,0,1
2026-03-06 20:41:18.359309,0.59,7.41,-94.46,0,1
2026-03-06 20:41:23.359309,2.12,14.62,110.33,0,1
2026-03-06 20:41:28.359309,0.28,19.01,116.83,0,1
2026-03-06 20:41:33.359309,0.2,8.4,-71.41,0,1
2026-03-06 20:41:38.359309,1.25,8.9,-31.55,0,1
2026-03-06 20:41:43.359309,2.57,14.67,83.84,0,1
2026-03-06 20:41:48.359309,1.95,11.55,76.24,0,1
2026-03-06 20:41:53.359309,2.89,6.14,12.29,0,1
2026-03-06 20:41:58.359309,1.09,18.71,82.17,0,1
2026-03-06 20:42:03.359309,2.87,10.18,107.85,0,1
2026-03-06 20:42:08.359309,0.2,8.47,61.34,0,1
2026-03-06 20:42:13.359309,0.3,9.08,104.69,0,1
2026-03-06 20:42:18.359309,0.26,7.22,101.48,1,1
2026-03-06 20:42:23.359309,2.29,10.26,2.91,0,1
2026-03-06 20:42:28.359309,0.58,10.84,-27.92,0,1
2026-03-06 20:42:33.359309,0.86,14.61,32.25,0,1
2026-03-06 20:42:38.359309,2.44,8.33,74.58,1,1
2026-03-06 20:42:43.359309,1.15,6.11,-5.52,0,1
2026-03-06 20:42:48.359309,2.3,23.85,35.24,1,1
2026-03-06 20:42:53.359309,0.79,13.93,83.17,0,1
2026-03-06 20:42:58.359309,2.41,24.53,-86.4,0,1
2026-03-06 20:43:03.359309,0.55,20.49,33.61,0,1
2026-03-06 20:43:08.359309,2.41,19.66,65.4,0,1
2026-03-06 20:43:13.359309,1.32,11.85,30.75,0,1
2026-03-06 20:43:18.359309,1.41,19.17,113.35,0,1
2026-03-06 20:43:23.359309,2.29,14.0,-69.96,0,1
2026-03-06 20:43:28.359309,0.2,14.84,88.56,0,1
2026-03-06 20:43:33.359309,1.76,20.58,-66.74,0,1
2026-03-06 20:43:38.359309,2.59,7.75,-25.33,0,1
2026-03-06 20:43:43.359309,0.19,15.83,104.15,0,1
2026-03-06 20:43:48.359309,1.66,8.18,-100.17,0,1
2026-03-06 20:43:53.359309,1.82,18.55,126.03,0,1
2026-03-06 20:43:58.359309,1.24,17.44,-81.89,0,1
2026-03-06 20:44:03.359309,0.23,7.66,-83.5,0,1
2026-03-06 20:44:08.359309,2.4,19.71,-48.91,0,1
2026-03-06 20:44:13.359309,0.43,22.84,120.32,0,1
2026-03-06 20:44:18.359309,2.59,7.0,-125.4,0,1
2026-03-06 20:44:23.359309,2.08,23.32,64.08,0,1
2026-03-06 20:44:28.359309,2.56,10.92,-9.58,0,1
2026-03-06 20:44:33.359309,2.63,22.94,21.0,0,1
2026-03-06 20:44:38.359309,2.04,11.3,-92.63,0,1
2026-03-06 20:44:43.359309,0.19,24.08,-35.09,0,1
2026-03-06 20:44:48.359309,0.83,16.36,70.73,0,1
2026-03-06 20:44:53.359309,1.67,7.89,-34.66,0,1
2026-03-06 20:44:58.359309,0.8,6.49,-94.99,0,1
2026-03-06 20:45:03.359309,0.6,23.55,49.19,0,1
2026-03-06 20:45:08.359309,1.18,13.99,-76.27,0,1
2026-03-06 20:45:13.359309,1.3,23.43,25.37,1,1
2026-03-06 20:45:18.359309,1.07,13.93,12.76,0,1
2026-03-06 20:45:23.359309,2.49,9.73,-116.17,0,1
2026-03-06 20:45:28.359309,2.28,8.67,55.05,0,1
2026-03-06 20:45:33.359309,2.88,11.29,-48.87,0,1
2026-03-06 20:45:38.359309,2.76,15.78,14.82,0,1
2026-03-06 20:45:43.359309,1.14,20.89,80.57,0,1
2026-03-06 20:45:48.359309,0.15,15.92,-105.55,1,1
2026-03-06 20:45:53.359309,1.1,8.52,36.82,0,0
2026-03-06 20:45:58.359309,2.26,23.65,-29.39,0,1
2026-03-06 20:46:03.359309,2.17,18.51,109.1,0,1
2026-03-06 20:46:08.359309,1.91,20.18,-34.38,0,1
2026-03-06 20:46:13.359309,2.82,8.0,0.4,0,1
2026-03-06 20:46:18.359309,0.78,13.87,54.95,0,1
2026-03-06 20:46:23.359309,0.03,11.69,-122.45,0,1
2026-03-06 20:46:28.359309,1.06,17.08,-49.28,1,1
2026-03-06 20:46:33.359309,1.31,11.37,55.88,0,1
2026-03-06 20:46:38.359309,1.77,12.87,-123.26,0,1
2026-03-06 20:46:43.359309,2.41,12.38,-69.78,0,1
2026-03-06 20:46:48.359309,0.55,10.15,100.16,0,1
2026-03-06 20:46:53.359309,0.82,8.93,84.56,0,1
2026-03-06 20:46:58.359309,2.31,21.21,-109.7,0,1
2026-03-06 20:47:03.359309,2.48,20.5,-86.84,1,1
2026-03-06 20:47:08.359309,1.14,13.16,40.42,0,1
2026-03-06 20:47:13.359309,0.22,11.36,-107.03,0,1
2026-03-06 20:47:18.359309,0.71,12.73,82.87,0,1
2026-03-06 20:47:23.359309,1.89,6.34,26.93,0,1
2026-03-06 20:47:28.359309,0.86,15.47,-98.2,0,1
2026-03-06 20:47:33.359309,1.89,21.67,-30.91,0,1
2026-03-06 20:47:38.359309,1.1,10.45,108.7,0,1
2026-03-06 20:47:43.359309,0.72,10.04,-105.61,0,1
2026-03-06 20:47:48.359309,0.72,9.94,-24.29,1,1
2026-03-06 20:47:53.359309,0.54,16.3,-68.07,0,1
2026-03-06 20:47:58.359309,2.49,19.71,89.87,0,1
2026-03-06 20:48:03.359309,0.19,14.94,110.12,0,1
2026-03-06 20:48:08.359309,0.58,18.97,-113.36,0,1
2026-03-06 20:48:13.359309,2.81,24.99,-12.18,0,1
2026-03-06 20:48:18.359309,1.75,23.8,11.3,0,1
2026-03-06 20:48:23.359309,0.31,18.14,3.82,0,1
2026-03-06 20:48:28.359309,0.87,10.59,4.34,0,1
2026-03-06 20:48:33.359309,1.28,16.44,-60.71,0,1
2026-03-06 20:48:38.359309,0.41,19.77,-1.54,0,1
2026-03-06 20:48:43.359309,1.95,24.62,-92.48,0,1
2026-03-06 20:48:48.359309,0.32,23.92,-22.96,0,1
2026-03-06 20:48:53.359309,2.41,15.76,-73.0,0,1
2026-03-06 20:48:58.359309,2.15,19.99,66.14,0,1
2026-03-06 20:49:03.359309,1.48,14.21,97.82,0,1
2026-03-06 20:49:08.359309,1.66,19.85,-22.39,0,1
2026-03-06 20:49:13.359309,2.96,22.8,116.37,1,1
2026-03-06 20:49:18.359309,2.94,11.34,-88.01,0,1
2026-03-06 20:49:23.359309,0.61,18.56,-58.17,0,1
2026-03-06 20:49:28.359309,0.55,16.1,-56.11,0,1
2026-03-06 20:49:33.359309,2.8,16.26,-109.3,0,1
2026-03-06 20:49:38.359309,1.43,16.91,103.19,0,1
2026-03-06 20:49:43.359309,2.2,17.97,63.04,0,1
2026-03-06 20:49:48.359309,0.29,20.04,100.7,0,1
2026-03-06 20:49:53.359309,1.75,15.04,-47.77,0,1
2026-03-06 20:49:58.359309,0.74,11.03,-17.14,0,1
2026-03-06 20:50:03.359309,1.05,9.77,-49.75,0,1
2026-03-06 20:50:08.359309,0.3,22.21,-24.27,0,1
2026-03-06 20:50:13.359309,0.43,24.13,-98.56,0,1
2026-03-06 20:50:18.359309,1.54,16.19,41.61,0,1
2026-03-06 20:50:23.359309,0.02,18.52,17.97,0,1
2026-03-06 20:50:28.359309,1.67,12.68,58.46,0,1
2026-03-06 20:50:33.359309,2.59,21.34,97.44,1,1
2026-03-06 20:50:38.359309,2.75,12.26,47.63,0,1
2026-03-06 20:50:43.359309,1.2,14.06,2.99,0,1
2026-03-06 20:50:48.359309,1.15,24.73,55.92,0,1
2026-03-06 20:50:53.359309,1.69,22.49,66.89,0,1
2026-03-06 20:50:58.359309,2.67,23.88,42.22,0,1
2026-03-06 20:51:03.359309,0.72,22.55,-74.77,0,1
2026-03-06 20:51:08.359309,0.15,11.61,117.94,0,1
2026-03-06 20:51:13.359309,2.7,16.25,-71.98,1,1
2026-03-06 20:51:18.359309,1.4,9.15,54.1,0,1
2026-03-06 20:51:23.359309,0.22,19.93,26.66,0,1
2026-03-06 20:51:28.359309,2.85,18.95,31.45,0,1
2026-03-06 20:51:33.359309,2.66,8.25,117.79,0,1
2026-03-06 20:51:38.359309,2.84,21.33,-2.34,0,1
2026-03-06 20:51:43.359309,2.8,12.06,26.03,0,1
2026-03-06 20:51:48.359309,2.94,5.34,76.28,0,1
2026-03-06 20:51:53.359309,2.89,13.96,7.04,0,1
2026-03-06 20:51:58.359309,2.94,23.94,-101.39,0,1
2026-03-06 20:52:03.359309,2.38,16.07,-58.58,0,1
2026-03-06 20:52:08.359309,0.83,9.74,-119.26,1,1
2026-03-06 20:52:13.359309,1.15,20.26,107.81,0,1
2026-03-06 20:52:18.359309,2.5,14.48,39.58,0,1
2026-03-06 20:52:23.359309,0.45,7.2,24.36,0,1
2026-03-06 20:52:28.359309,1.36,17.61,-78.36,0,1
2026-03-06 20:52:33.359309,0.04,16.47,116.9,0,1
2026-03-06 20:52:38.359309,0.63,5.11,-14.89,0,1
2026-03-06 20:52:43.359309,1.34,16.95,-36.15,0,1
2026-03-06 20:52:48.359309,2.12,20.77,114.47,0,1
2026-03-06 20:52:53.359309,2.76,18.86,113.77,0,1
2026-03-06 20:52:58.359309,0.88,19.98,72.41,0,1
2026-03-06 20:53:03.359309,0.99,7.89,43.15,0,1
2026-03-06 20:53:08.359309,2.1,19.51,55.62,0,1
2026-03-06 20:53:13.359309,1.85,21.73,58.98,0,1
2026-03-06 20:53:18.359309,0.98,12.23,81.38,0,1
2026-03-06 20:53:23.359309,2.6,16.49,-59.1,0,1
2026-03-06 20:53:28.359309,1.96,24.36,18.23,0,1
2026-03-06 20:53:33.359309,2.59,13.02,107.36,0,1
2026-03-06 20:53:38.359309,1.51,24.76,-46.95,0,1
2026-03-06 20:53:43.359309,2.37,13.4,-36.16,0,1
2026-03-06 20:53:48.359309,1.34,11.86,21.96,0,1
2026-03-06 20:53:53.359309,0.43,21.16,64.94,0,1
2026-03-06 20:53:58.359309,0.65,16.08,70.62,0,1
2026-03-06 20:54:03.359309,2.9,7.99,80.14,0,1
2026-03-06 20:54:08.359309,1.43,6.64,72.82,0,1
2026-03-06 20:54:13.359309,1.35,6.63,-108.3,0,1
2026-03-06 20:54:18.359309,1.4,9.89,116.38,0,1
2026-03-06 20:54:23.359309,1.99,18.34,65.51,0,1
2026-03-06 20:54:28.359309,2.67,16.44,-102.81,0,1
2026-03-06 20:54:33.359309,1.69,9.59,31.01,0,1
2026-03-06 20:54:38.359309,0.92,5.29,42.63,0,1
2026-03-06 20:54:43.359309,2.44,20.82,-35.33,0,1
2026-03-06 20:54:48.359309,2.34,23.94,-38.6,0,1
2026-03-06 20:54:53.359309,0.75,6.12,109.0,0,1
2026-03-06 20:54:58.359309,2.6,15.65,56.06,0,1
2026-03-06 20:55:03.359309,2.78,21.68,58.31,0,1
2026-03-06 20:55:08.359309,0.7,22.76,1.63,1,1
2026-03-06 20:55:13.359309,2.76,16.59,82.6,0,1
2026-03-06 20:55:18.359309,0.24,12.18,58.64,0,1
2026-03-06 20:55:23.359309,1.88,8.68,12.68,0,1
2026-03-06 20:55:28.359309,0.95,22.26,-82.16,0,1
2026-03-06 20:55:33.359309,1.51,22.67,-30.03,0,1
2026-03-06 20:55:38.359309,0.01,16.58,56.71,0,1
2026-03-06 20:55:43.359309,1.65,8.74,-123.23,0,1
2026-03-06 20:55:48.359309,2.93,20.37,59.47,0,1
2026-03-06 20:55:53.359309,0.65,12.71,56.87,0,1
2026-03-06 20:55:58.359309,2.52,15.69,-28.65,0,1
2026-03-06 20:56:03.359309,0.8,5.67,-43.93,0,1
2026-03-06 20:56:08.359309,2.38,21.51,124.68,0,1
2026-03-06 20:56:13.359309,1.21,10.62,86.54,0,1
2026-03-06 20:56:18.359309,0.71,22.49,-26.32,0,1
2026-03-06 20:56:23.359309,0.76,17.95,71.29,0,1
2026-03-06 20:56:28.359309,0.82,20.4,66.61,0,1
2026-03-06 20:56:33.359309,1.69,16.2,23.77,0,1
2026-03-06 20:56:38.359309,2.58,13.72,66.64,0,1
2026-03-06 20:56:43.359309,1.43,13.17,-83.55,0,1
2026-03-06 20:56:48.359309,2.32,11.8,83.17,0,1
2026-03-06 20:56:53.359309,0.7,22.44,106.58,0,1
2026-03-06 20:56:58.359309,2.55,9.73,84.01,0,1
2026-03-06 20:57:03.359309,0.96,16.48,60.1,0,1
2026-03-06 20:57:08.359309,1.17,16.18,22.77,0,1
2026-03-06 20:57:13.359309,2.39,9.53,-35.83,0,1
2026-03-06 20:57:18.359309,0.64,23.86,-38.87,0,1
2026-03-06 20:57:23.359309,1.03,6.61,-96.75,0,1
2026-03-06 20:57:28.359309,2.37,17.48,-56.77,0,1
2026-03-06 20:57:33.359309,1.86,13.8,-64.63,0,1
2026-03-06 20:57:38.359309,2.83,9.63,123.37,0,1
2026-03-06 20:57:43.359309,1.19,21.2,103.83,0,1
2026-03-06 20:57:48.359309,2.63,7.36,-98.52,0,1
2026-03-06 20:57:53.359309,1.65,6.9,46.77,0,1
2026-03-06 20:57:58.359309,0.35,13.39,-86.87,0,1
2026-03-06 20:58:03.359309,0.48,10.54,-57.96,1,1
2026-03-06 20:58:08.359309,0.02,22.78,-59.35,0,1
2026-03-06 20:58:13.359309,1.29,8.95,-60.72,0,1
2026-03-06 20:58:18.359309,2.11,7.65,-114.26,0,1
2026-03-06 20:58:23.359309,1.5,20.77,-84.25,0,1
2026-03-06 20:58:28.359309,2.83,18.64,-21.33,0,1
2026-03-06 20:58:33.359309,2.78,19.32,29.05,0,1
2026-03-06 20:58:38.359309,1.15,7.77,51.49,0,1
2026-03-06 20:58:43.359309,0.9,9.0,5.88,0,1
2026-03-06 20:58:48.359309,0.12,13.75,-66.63,0,1
2026-03-06 20:58:53.359309,1.78,18.07,78.66,0,1
2026-03-06 20:58:58.359309,2.58,21.73,45.85,1,1
2026-03-06 20:59:03.359309,0.73,22.59,82.34,0,1
2026-03-06 20:59:08.359309,0.37,8.36,-76.23,0,1
2026-03-06 20:59:13.359309,1.4,14.55,-8.92,0,1
2026-03-06 20:59:18.359309,1.59,16.6,94.84,0,1
2026-03-06 20:59:23.359309,1.6,14.24,82.27,0,1
2026-03-06 20:59:28.359309,2.25,10.85,-11.72,0,1
2026-03-06 20:59:33.359309,2.8,18.07,63.98,0,1
2026-03-06 20:59:38.359309,1.04,20.0,84.85,1,1
2026-03-06 20:59:43.359309,2.96,13.25,-124.96,0,1
2026-03-06 20:59:48.359309,2.72,15.63,123.63,0,1
2026-03-06 20:59:53.359309,0.61,8.32,66.32,0,1
2026-03-06 20:59:58.359309,0.5,23.65,-13.74,0,1
2026-03-06 21:00:03.359309,0.01,15.32,-83.85,0,1
2026-03-06 21:00:08.359309,2.51,8.78,-96.85,0,1
2026-03-06 21:00:13.359309,1.76,12.19,31.58,0,1
2026-03-06 21:00:18.359309,0.27,5.23,77.24,1,1
2026-03-06 21:00:23.359309,2.97,14.11,-34.28,0,1
2026-03-06 21:00:28.359309,1.37,6.81,17.26,0,1
2026-03-06 21:00:33.359309,0.49,5.38,-111.79,0,1
2026-03-06 21:00:38.359309,2.75,7.75,-88.64,0,1
2026-03-06 21:00:43.359309,2.18,15.53,-87.39,1,1
2026-03-06 21:00:48.359309,2.9,14.14,84.79,0,1
2026-03-06 21:00:53.359309,0.18,24.78,67.12,0,1
2026-03-06 21:00:58.359309,2.84,10.5,-126.15,0,1
2026-03-06 21:01:03.359309,0.97,6.68,16.75,0,1
2026-03-06 21:01:08.359309,1.8,10.09,-121.66,0,1
2026-03-06 21:01:13.359309,2.01,5.76,-114.67,0,1
2026-03-06 21:01:18.359309,0.74,9.3,125.93,0,1
2026-03-06 21:01:23.359309,0.75,12.59,38.8,0,1
2026-03-06 21:01:28.359309,1.01,10.64,-37.01,0,1
2026-03-06 21:01:33.359309,1.1,11.01,-19.31,0,1
2026-03-06 21:01:38.359309,0.06,18.69,15.04,0,1
2026-03-06 21:01:43.359309,2.47,24.82,-10.92,0,1
2026-03-06 21:01:48.359309,1.25,22.69,102.03,0,1
2026-03-06 21:01:53.359309,2.07,8.45,28.19,0,1
2026-03-06 21:01:58.359309,2.03,19.27,-93.35,0,1
2026-03-06 21:02:03.359309,2.74,10.79,19.2,0,1
2026-03-06 21:02:08.359309,1.32,6.21,-56.47,0,1
2026-03-06 21:02:13.359309,2.65,6.56,54.31,0,1
2026-03-06 21:02:18.359309,2.97,15.7,-65.13,0,1
2026-03-06 21:02:23.359309,2.81,22.3,-99.76,0,1
2026-03-06 21:02:28.359309,0.75,22.6,-104.43,1,1
2026-03-06 21:02:33.359309,0.16,8.16,-33.39,1,1
2026-03-06 21:02:38.359309,1.92,22.67,-30.12,0,1
2026-03-06 21:02:43.359309,2.44,8.18,105.39,0,1
2026-03-06 21:02:48.359309,1.28,5.99,65.95,0,1
2026-03-06 21:02:53.359309,1.22,18.4,7.35,0,1
2026-03-06 21:02:58.359309,2.59,14.27,57.13,1,1
2026-03-06 21:03:03.359309,2.51,22.88,104.89,0,1
2026-03-06 21:03:08.359309,1.09,16.28,126.67,0,1
2026-03-06 21:03:13.359309,1.03,5.1,50.83,0,1
2026-03-06 21:03:18.359309,1.89,5.61,-116.2,1,1
2026-03-06 21:03:23.359309,0.7,8.45,106.25,0,1
2026-03-06 21:03:28.359309,0.21,22.65,-78.82,0,1
2026-03-06 21:03:33.359309,0.59,23.85,58.81,0,1
2026-03-06 21:03:38.359309,2.0,13.18,37.61,0,1
2026-03-06 21:03:43.359309,2.81,22.49,88.13,0,1
2026-03-06 21:03:48.359309,2.24,16.39,-111.98,0,1
2026-03-06 21:03:53.359309,1.22,18.29,112.87,0,1
2026-03-06 21:03:58.359309,2.11,18.89,71.65,0,1
2026-03-06 21:04:03.359309,1.96,7.77,-97.22,0,1
2026-03-06 21:04:08.359309,2.16,20.86,-109.26,0,1
2026-03-06 21:04:13.359309,1.85,6.68,86.94,0,1
2026-03-06 21:04:18.359309,1.12,10.63,-96.41,0,1
2026-03-06 21:04:23.359309,1.46,11.59,94.56,0,1
2026-03-06 21:04:28.359309,2.02,7.18,12.63,0,1
2026-03-06 21:04:33.359309,1.85,24.53,1.96,0,1
2026-03-06 21:04:38.359309,2.17,9.0,-48.98,0,1
2026-03-06 21:04:43.359309,1.66,20.0,15.13,0,1
2026-03-06 21:04:48.359309,0.73,24.98,-64.94,0,1
2026-03-06 21:04:53.359309,0.57,10.29,102.62,0,1
2026-03-06 21:04:58.359309,1.38,6.15,47.09,0,1
2026-03-06 21:05:03.359309,2.47,21.44,109.58,0,1
2026-03-06 21:05:08.359309,2.86,21.8,112.84,0,1
2026-03-06 21:05:13.359309,1.08,18.99,50.67,0,1
2026-03-06 21:05:18.359309,1.98,8.65,-126.77,0,1
2026-03-06 21:05:23.359309,2.32,9.08,-1.88,0,1
2026-03-06 21:05:28.359309,2.14,17.19,-57.34,0,1
2026-03-06 21:05:33.359309,0.35,15.11,8.01,1,1
2026-03-06 21:05:38.359309,1.15,12.9,14.04,0,1
2026-03-06 21:05:43.359309,0.18,19.56,81.56,0,1
2026-03-06 21:05:48.359309,0.26,7.96,89.41,0,1
2026-03-06 21:05:53.359309,0.25,9.46,96.24,0,1
2026-03-06 21:05:58.359309,2.42,17.54,79.89,0,1
2026-03-06 21:06:03.359309,0.6,10.76,6.47,0,1
2026-03-06 21:06:08.359309,2.28,8.08,40.26,0,1
2026-03-06 21:06:13.359309,2.34,6.03,73.73,0,1
2026-03-06 21:06:18.359309,1.4,8.0,-18.64,0,1
2026-03-06 21:06:23.359309,2.35,12.95,-22.21,0,1
2026-03-06 21:06:28.359309,1.5,12.87,119.56,1,1
2026-03-06 21:06:33.359309,2.97,18.81,28.45,0,1
2026-03-06 21:06:38.359309,0.97,8.78,68.27,1,1
2026-03-06 21:06:43.359309,2.17,10.88,110.66,0,1
2026-03-06 21:06:48.359309,2.18,22.82,-107.77,1,1
2026-03-06 21:06:53.359309,0.99,7.88,-16.92,0,1
2026-03-06 21:06:58.359309,1.01,16.86,38.42,0,1
2026-03-06 21:07:03.359309,0.39,22.44,-18.44,0,1
2026-03-06 21:07:08.359309,0.36,14.3,58.62,0,1
2026-03-06 21:07:13.359309,2.27,7.59,-62.57,0,1
2026-03-06 21:07:18.359309,1.77,8.84,-59.94,1,1
2026-03-06 21:07:23.359309,2.16,14.55,32.73,0,1
2026-03-06 21:07:28.359309,1.9,23.98,-115.4,0,1
2026-03-06 21:07:33.359309,2.92,20.99,-124.87,0,1
2026-03-06 21:07:38.359309,0.4,24.01,97.42,0,1
2026-03-06 21:07:43.359309,2.3,22.62,-48.12,0,1
2026-03-06 21:07:48.359309,1.22,20.68,4.02,1,1
2026-03-06 21:07:53.359309,1.67,8.45,98.9,0,1
2026-03-06 21:07:58.359309,0.63,21.18,37.73,0,1
2026-03-06 21:08:03.359309,1.55,24.23,63.48,0,1
2026-03-06 21:08:08.359309,1.04,7.17,54.42,0,1
2026-03-06 21:08:13.359309,1.62,8.4,-95.46,0,1
2026-03-06 21:08:18.359309,2.34,23.5,39.3,0,1
2026-03-06 21:08:23.359309,2.27,20.1,-62.37,0,1
2026-03-06 21:08:28.359309,2.36,14.07,-115.36,0,1
2026-03-06 21:08:33.359309,0.14,14.27,-66.29,0,1
2026-03-06 21:08:38.359309,2.14,7.54,94.41,0,1
2026-03-06 21:08:43.359309,1.83,14.28,-93.36,0,1
2026-03-06 21:08:48.359309,2.01,21.63,-94.59,0,1
2026-03-06 21:08:53.359309,1.16,9.76,-31.32,0,1
2026-03-06 21:08:58.359309,0.83,20.33,67.79,0,1
2026-03-06 21:09:03.359309,2.94,13.03,-42.93,1,1
2026-03-06 21:09:08.359309,1.74,13.86,-116.89,0,1
2026-03-06 21:09:13.359309,0.12,24.34,-31.73,0,1
2026-03-06 21:09:18.359309,1.05,8.46,85.77,0,1
2026-03-06 21:09:23.359309,1.22,14.94,44.85,0,1
2026-03-06 21:09:28.359309,1.91,17.16,64.11,0,1
2026-03-06 21:09:33.359309,0.48,16.83,-63.31,0,1
2026-03-06 21:09:38.359309,2.14,10.9,-15.31,0,1
2026-03-06 21:09:43.359309,1.44,20.9,-95.7,0,1
2026-03-06 21:09:48.359309,0.3,10.73,-58.17,0,1
2026-03-06 21:09:53.359309,0.57,11.38,103.94,1,1
2026-03-06 21:09:58.359309,1.83,15.22,114.46,0,1
2026-03-06 21:10:03.359309,0.06,24.1,36.99,0,1
2026-03-06 21:10:08.359309,0.67,8.05,-66.56,0,1
2026-03-06 21:10:13.359309,1.53,17.84,-1.58,0,1
2026-03-06 21:10:18.359309,0.73,13.45,-6.79,0,1
2026-03-06 21:10:23.359309,0.75,19.16,-18.59,0,1
2026-03-06 21:10:28.359309,1.41,24.56,8.41,0,1
2026-03-06 21:10:33.359309,0.91,16.13,50.48,0,1
2026-03-06 21:10:38.359309,1.73,18.3,-28.1,0,1
2026-03-06 21:10:43.359309,2.33,20.26,42.92,0,1
2026-03-06 21:10:48.359309,2.79,10.9,21.89,0,1
2026-03-06 21:10:53.359309,1.72,13.66,-9.49,0,1
2026-03-06 21:10:58.359309,2.3,18.63,101.96,0,1
2026-03-06 21:11:03.359309,2.82,6.35,5.66,1,1
2026-03-06 21:11:08.359309,1.71,20.48,-54.35,0,1
2026-03-06 21:11:13.359309,0.49,10.88,6.65,0,1
2026-03-06 21:11:18.359309,2.75,21.82,54.64,0,1
2026-03-06 21:11:23.359309,0.35,20.8,-107.26,0,1
2026-03-06 21:11:28.359309,2.2,11.56,-124.56,0,1
2026-03-06 21:11:33.359309,1.34,13.98,0.67,0,1
2026-03-06 21:11:38.359309,0.84,15.27,-63.45,0,1
2026-03-06 21:11:43.359309,0.07,10.16,34.27,0,1
2026-03-06 21:11:48.359309,0.86,22.8,77.06,0,1
2026-03-06 21:11:53.359309,2.25,13.95,50.23,0,1
2026-03-06 21:11:58.359309,1.94,15.81,-62.62,0,1
2026-03-06 21:12:03.359309,2.38,14.34,105.12,0,1
2026-03-06 21:12:08.359309,0.21,19.22,114.15,0,1
2026-03-06 21:12:13.359309,2.72,8.38,-61.66,0,1
2026-03-06 21:12:18.359309,1.95,6.18,-26.78,0,1
2026-03-06 21:12:23.359309,2.76,10.66,-39.71,0,1
2026-03-06 21:12:28.359309,0.23,22.73,-75.03,0,1
2026-03-06 21:12:33.359309,1.38,10.48,-61.52,0,1
2026-03-06 21:12:38.359309,1.93,13.85,-23.09,0,1
2026-03-06 21:12:43.359309,1.02,11.25,76.14,1,1
2026-03-06 21:12:48.359309,0.64,14.87,-100.62,0,1
2026-03-06 21:12:53.359309,0.19,11.63,60.19,0,1
2026-03-06 21:12:58.359309,2.75,24.63,-67.78,0,1
2026-03-06 21:13:03.359309,2.45,16.99,18.86,0,1
2026-03-06 21:13:08.359309,1.38,24.35,73.92,1,1
2026-03-06 21:13:13.359309,2.24,10.51,31.09,1,1
2026-03-06 21:13:18.359309,2.34,24.67,-55.55,0,1
2026-03-06 21:13:23.359309,0.63,13.46,-116.27,0,1
2026-03-06 21:13:28.359309,1.22,22.79,-41.48,0,1
2026-03-06 21:13:33.359309,2.17,9.87,-101.86,0,1
2026-03-06 21:13:38.359309,1.64,16.3,-29.35,0,1
2026-03-06 21:13:43.359309,0.57,9.85,-76.19,0,1
2026-03-06 21:13:48.359309,1.18,24.24,118.9,0,1
2026-03-06 21:13:53.359309,1.53,22.36,68.12,0,1
2026-03-06 21:13:58.359309,2.51,23.62,80.62,0,1
2026-03-06 21:14:03.359309,0.75,17.02,12.42,0,1
2026-03-06 21:14:08.359309,0.62,7.39,13.02,0,1
2026-03-06 21:14:13.359309,2.8,13.62,-35.58,0,1
2026-03-06 21:14:18.359309,2.49,22.65,107.37,0,1
2026-03-06 21:14:23.359309,0.13,18.56,-77.23,0,1
2026-03-06 21:14:28.359309,0.36,21.69,-75.71,0,1
2026-03-06 21:14:33.359309,2.82,7.22,-48.12,0,1
2026-03-06 21:14:38.359309,1.34,23.79,-117.88,0,1
2026-03-06 21:14:43.359309,2.17,8.98,14.43,0,1
2026-03-06 21:14:48.359309,2.08,22.28,-113.7,0,1
2026-03-06 21:14:53.359309,1.03,16.87,-110.28,0,1
2026-03-06 21:14:58.359309,2.83,14.26,-72.94,0,1
2026-03-06 21:15:03.359309,0.85,11.4,85.33,0,1
2026-03-06 21:15:08.359309,2.55,11.39,65.29,0,1
2026-03-06 21:15:13.359309,1.6,5.93,-51.57,0,1
2026-03-06 21:15:18.359309,0.4,23.0,64.91,0,1
2026-03-06 21:15:23.359309,0.8,8.44,-72.51,0,1
2026-03-06 21:15:28.359309,0.07,14.04,21.23,1,1
2026-03-06 21:15:33.359309,2.66,10.8,-76.59,0,1
2026-03-06 21:15:38.359309,1.02,6.16,-103.03,0,1
2026-03-06 21:15:43.359309,2.12,21.85,28.05,0,1
2026-03-06 21:15:48.359309,1.0,20.72,26.7,1,1
2026-03-06 21:15:53.359309,0.88,24.96,-72.06,1,1
2026-03-06 21:15:58.359309,2.36,10.26,-25.67,0,1
2026-03-06 21:16:03.359309,2.52,23.69,15.21,0,1
2026-03-06 21:16:08.359309,2.21,18.54,38.79,1,1
2026-03-06 21:16:13.359309,1.2,19.41,21.03,0,1
2026-03-06 21:16:18.359309,2.08,11.11,53.04,0,1
2026-03-06 21:16:23.359309,2.12,14.79,51.94,1,1
2026-03-06 21:16:28.359309,0.73,17.48,-117.26,0,1
2026-03-06 21:16:33.359309,0.54,6.72,-64.43,0,1
2026-03-06 21:16:38.359309,0.45,18.06,125.5,0,1
2026-03-06 21:16:43.359309,1.64,23.46,-107.09,0,1
2026-03-06 21:16:48.359309,1.23,20.83,-11.96,1,1
2026-03-06 21:16:53.359309,2.21,19.27,-22.23,0,1
2026-03-06 21:16:58.359309,1.88,19.7,-49.85,0,1
2026-03-06 21:17:03.359309,1.06,23.12,9.0,0,1
2026-03-06 21:17:08.359309,1.53,19.3,49.02,0,1
2026-03-06 21:17:13.359309,2.62,22.27,-111.95,0,1
2026-03-06 21:17:18.359309,1.2,6.64,-19.0,0,1
2026-03-06 21:17:23.359309,2.98,10.64,110.56,0,1
2026-03-06 21:17:28.359309,2.45,20.64,-67.11,0,1
2026-03-06 21:17:33.359309,2.95,20.69,126.87,0,1
2026-03-06 21:17:38.359309,2.71,7.37,119.73,0,1
2026-03-06 21:17:43.359309,2.5,6.01,74.23,0,1
2026-03-06 21:17:48.359309,0.42,12.67,39.3,0,1
2026-03-06 21:17:53.359309,0.09,21.2,125.62,1,1
2026-03-06 21:17:58.359309,1.58,22.19,93.37,0,1
2026-03-06 21:18:03.359309,2.26,22.63,-126.64,0,1
2026-03-06 21:18:08.359309,0.69,10.74,38.16,1,1
2026-03-06 21:18:13.359309,2.79,8.48,-15.13,0,1
2026-03-06 21:18:18.359309,1.24,15.2,-19.43,0,1
2026-03-06 21:18:23.359309,2.67,13.58,41.78,0,1
2026-03-06 21:18:28.359309,2.24,21.33,-15.04,0,1
2026-03-06 21:18:33.359309,0.89,18.01,-26.45,1,1
2026-03-06 21:18:38.359309,1.64,15.82,-54.98,0,1
2026-03-06 21:18:43.359309,0.94,9.26,-36.7,0,1
2026-03-06 21:18:48.359309,0.22,9.77,-107.78,0,1
2026-03-06 21:18:53.359309,0.23,22.84,90.04,0,1
2026-03-06 21:18:58.359309,0.48,8.22,-88.56,0,1
2026-03-06 21:19:03.359309,0.35,17.71,-116.53,0,1
2026-03-06 21:19:08.359309,2.5,6.54,79.83,0,1
2026-03-06 21:19:13.359309,2.56,6.64,112.49,0,1
2026-03-06 21:19:18.359309,1.46,15.54,13.44,0,1
2026-03-06 21:19:23.359309,0.59,12.78,29.48,0,1
2026-03-06 21:19:28.359309,0.23,11.16,104.56,0,1
2026-03-06 21:19:33.359309,2.64,19.74,-99.66,0,1
2026-03-06 21:19:38.359309,0.44,9.5,27.24,0,1
2026-03-06 21:19:43.359309,2.89,13.4,-18.75,1,1
2026-03-06 21:19:48.359309,2.47,12.3,97.8,0,1
2026-03-06 21:19:53.359309,2.88,11.95,-31.18,0,1
2026-03-06 21:19:58.359309,0.69,16.65,-115.9,0,1
2026-03-06 21:20:03.359309,0.04,17.43,-14.77,0,1
2026-03-06 21:20:08.359309,0.7,24.14,-97.89,0,1
2026-03-06 21:20:13.359309,2.77,17.37,90.05,0,1
2026-03-06 21:20:18.359309,2.21,10.7,-113.15,0,1
2026-03-06 21:20:23.359309,2.82,12.62,-67.05,0,1
2026-03-06 21:20:28.359309,2.45,23.19,-46.94,0,1
2026-03-06 21:20:33.359309,0.7,15.79,-105.93,0,1
2026-03-06 21:20:38.359309,1.52,14.9,-94.8,0,1
2026-03-06 21:20:43.359309,2.22,15.82,107.71,0,1
2026-03-06 21:20:48.359309,1.53,21.42,33.99,0,1
2026-03-06 21:20:53.359309,1.72,13.21,4.7,0,1
2026-03-06 21:20:58.359309,2.33,20.06,-35.44,0,1
2026-03-06 21:21:03.359309,2.81,24.63,69.01,0,1
2026-03-06 21:21:08.359309,1.24,16.52,-57.72,0,1
2026-03-06 21:21:13.359309,2.95,8.3,-8.04,0,1
2026-03-06 21:21:18.359309,1.07,7.0,-41.58,0,1
2026-03-06 21:21:23.359309,2.95,22.78,-37.28,0,1
2026-03-06 21:21:28.359309,2.01,18.01,-101.72,1,1
2026-03-06 21:21:33.359309,1.94,9.14,-50.78,0,1
2026-03-06 21:21:38.359309,0.29,19.34,-31.44,0,1
2026-03-06 21:21:43.359309,1.03,18.3,-106.63,0,1
2026-03-06 21:21:48.359309,1.88,18.25,14.88,0,1
2026-03-06 21:21:53.359309,0.65,8.18,-121.55,0,1
2026-03-06 21:21:58.359309,2.62,17.31,-6.95,0,1
2026-03-06 21:22:03.359309,2.32,18.78,-15.66,0,1
2026-03-06 21:22:08.359309,1.47,19.74,89.98,0,1
2026-03-06 21:22:13.359309,0.26,18.69,118.53,1,1
2026-03-06 21:22:18.359309,1.76,16.41,91.56,0,1
2026-03-06 21:22:23.359309,0.68,18.12,39.64,0,1
2026-03-06 21:22:28.359309,1.02,6.24,-64.28,0,1
2026-03-06 21:22:33.359309,1.21,8.43,123.37,1,1
2026-03-06 21:22:38.359309,0.34,22.7,-33.64,0,1
2026-03-06 21:22:43.359309,2.33,6.8,-58.08,0,1
2026-03-06 21:22:48.359309,1.65,22.86,77.86,0,1
2026-03-06 21:22:53.359309,1.12,17.46,114.91,0,1
2026-03-06 21:22:58.359309,2.34,23.25,45.65,0,1
2026-03-06 21:23:03.359309,2.39,11.07,-111.57,0,1
2026-03-06 21:23:08.359309,0.53,14.91,61.0,0,1
2026-03-06 21:23:13.359309,2.59,24.46,-1.13,0,1
2026-03-06 21:23:18.359309,0.04,22.0,-65.64,0,1
