timestamp,current,voltage,temperature,vibration,fault
2026-03-06 14:26:29.485447,0.73,10.22,-14.07,0,1
2026-03-06 14:26:34.485447,1.72,22.45,-27.57,0,1
2026-03-06 14:26:39.485447,0.86,5.47,-117.16,0,1
2026-03-06 14:26:44.485447,0.68,15.32,-3.81,0,1
2026-03-06 14:26:49.485447,2.81,20.33,48.48,0,1
2026-03-06 14:26:54.485447,0.47,23.95,88.81,0,1
2026-03-06 14:26:59.485447,0.42,14.1,42.15,0,1
2026-03-06 14:27:04.485447,2.53,24.35,64.27,0,1
2026-03-06 14:27:09.485447,1.16,14.35,88.82,0,1
2026-03-06 14:27:14.485447,2.74,15.64,-106.17,1,1
2026-03-06 14:27:19.485447,2.9,21.5,-120.79,0,1
2026-03-06 14:27:24.485447,2.89,18.8,67.92,0,1
2026-03-06 14:27:29.485447,0.28,13.43,-48.26,0,1
2026-03-06 14:27:34.485447,1.64,22.14,-96.58,0,1
2026-03-06 14:27:39.485447,1.17,12.43,-76.56,0,1
2026-03-06 14:27:44.485447,2.51,6.43,10.41,0,1
2026-03-06 14:27:49.485447,1.47,16.25,33.31,0,1
2026-03-06 14:27:54.485447,0.39,9.94,-7.76,1,1
2026-03-06 14:27:59.485447,1.71,12.55,19.22,0,1
2026-03-06 14:28:04.485447,2.91,11.61,-34.64,0,1
2026-03-06 14:28:09.485447,2.23,17.85,0.23,0,1
2026-03-06 14:28:14.485447,1.99,16.56,-11.63,0,1
2026-03-06 14:28:19.485447,0.46,19.48,38.45,0,1
2026-03-06 14:28:24.485447,2.99,18.57,-109.73,0,1
2026-03-06 14:28:29.485447,0.41,14.61,6.61,0,1
2026-03-06 14:28:34.485447,2.48,5.56,-63.1,0,1
2026-03-06 14:28:39.485447,1.58,15.55,56.99,0,1
2026-03-06 14:28:44.485447,0.05,17.86,32.85,0,1
2026-03-06 14:28:49.485447,0.46,18.84,-96.45,0,1
2026-03-06 14:28:54.485447,1.95,24.75,98.84,0,1
2026-03-06 14:28:59.485447,2.71,23.06,60.28,0,1
2026-03-06 14:29:04.485447,2.41,24.15,98.94,0,1
2026-03-06 14:29:09.485447,1.4,20.92,-16.43,0,1
2026-03-06 14:29:14.485447,2.56,21.77,-23.58,0,1
2026-03-06 14:29:19.485447,1.86,5.1,-107.48,0,1
2026-03-06 14:29:24.485447,1.27,12.03,112.89,0,1
2026-03-06 14:29:29.485447,1.6,18.86,80.65,0,1
2026-03-06 14:29:34.485447,0.94,21.19,-59.03,0,1
2026-03-06 14:29:39.485447,0.13,10.95,100.13,0,1
2026-03-06 14:29:44.485447,2.0,20.78,-47.66,0,1
2026-03-06 14:29:49.485447,2.34,10.71,53.58,0,1
2026-03-06 14:29:54.485447,1.64,11.19,15.18,0,1
2026-03-06 14:29:59.485447,0.14,5.46,-118.68,0,1
2026-03-06 14:30:04.485447,1.62,5.41,5.41,0,1
2026-03-06 14:30:09.485447,2.45,18.76,-40.56,0,1
2026-03-06 14:30:14.485447,2.93,17.22,-7.62,0,1
2026-03-06 14:30:19.485447,2.23,5.59,-8.63,0,1
2026-03-06 14:30:24.485447,2.98,16.66,-106.29,0,1
2026-03-06 14:30:29.485447,2.45,8.16,64.11,0,1
2026-03-06 14:30:34.485447,0.45,24.44,-111.16,0,1
2026-03-06 14:30:39.485447,0.52,8.35,106.68,0,1
2026-03-06 14:30:44.485447,0.2,9.39,83.5,0,1
2026-03-06 14:30:49.485447,0.22,14.71,98.98,0,1
2026-03-06 14:30:54.485447,2.09,10.79,-0.19,0,1
2026-03-06 14:30:59.485447,0.96,15.59,110.26,0,1
2026-03-06 14:31:04.485447,2.16,13.42,-62.05,0,1
2026-03-06 14:31:09.485447,2.7,7.59,-50.16,0,1
2026-03-06 14:31:14.485447,1.82,21.82,118.31,0,1
2026-03-06 14:31:19.485447,2.79,8.82,22.29,1,1
2026-03-06 14:31:24.485447,1.2,14.76,-25.76,0,1
2026-03-06 14:31:29.485447,1.72,21.17,-46.75,0,1
2026-03-06 14:31:34.485447,0.51,18.11,8.64,0,1
2026-03-06 14:31:39.485447,1.91,24.92,-106.58,1,1
2026-03-06 14:31:44.485447,1.86,19.3,65.35,0,1
2026-03-06 14:31:49.485447,2.22,20.96,121.94,0,1
2026-03-06 14:31:54.485447,1.29,6.06,31.81,0,1
2026-03-06 14:31:59.485447,0.42,14.33,89.69,0,1
2026-03-06 14:32:04.485447,1.8,21.13,71.06,0,1
2026-03-06 14:32:09.485447,0.25,6.72,-122.31,1,1
2026-03-06 14:32:14.485447,0.63,23.43,-18.22,1,1
2026-03-06 14:32:19.485447,2.98,20.25,5.11,0,1
2026-03-06 14:32:24.485447,0.22,19.94,-58.99,0,1
2026-03-06 14:32:29.485447,1.7,13.49,122.79,1,1
2026-03-06 14:32:34.485447,1.3,16.43,99.21,1,1
2026-03-06 14:32:39.485447,2.4,10.71,11.19,0,1
2026-03-06 14:32:44.485447,0.48,14.71,75.47,0,1
2026-03-06 14:32:49.485447,2.64,17.16,12.31,0,1
2026-03-06 14:32:54.485447,2.73,9.28,21.84,0,1
2026-03-06 14:32:59.485447,2.4,7.75,46.04,0,1
2026-03-06 14:33:04.485447,1.46,13.61,118.82,0,1
2026-03-06 14:33:09.485447,1.05,12.55,112.15,0,1
2026-03-06 14:33:14.485447,0.16,13.75,-124.73,0,1
2026-03-06 14:33:19.485447,1.37,21.95,-22.87,0,1
2026-03-06 14:33:24.485447,0.08,12.49,83.14,0,1
2026-03-06 14:33:29.485447,0.13,19.33,3.88,0,1
2026-03-06 14:33:34.485447,0.15,18.6,-8.17,0,1
2026-03-06 14:33:39.485447,1.97,20.5,-25.34,0,1
2026-03-06 14:33:44.485447,2.95,20.01,-65.41,0,1
2026-03-06 14:33:49.485447,1.65,10.61,-33.2,0,1
2026-03-06 14:33:54.485447,1.33,15.87,107.53,1,1
2026-03-06 14:33:59.485447,2.09,15.99,108.92,0,1
2026-03-06 14:34:04.485447,0.95,10.78,21.54,0,1
2026-03-06 14:34:09.485447,0.8,14.21,-56.49,0,1
2026-03-06 14:34:14.485447,2.49,20.73,71.47,0,1
2026-03-06 14:34:19.485447,0.56,11.9,-39.2,0,1
2026-03-06 14:34:24.485447,1.47,18.62,101.58,0,1
2026-03-06 14:34:29.485447,1.83,8.42,-59.49,0,1
2026-03-06 14:34:34.485447,0.51,20.73,-126.92,0,1
2026-03-06 14:34:39.485447,1.61,20.62,32.7,0,1
2026-03-06 14:34:44.485447,0.51,24.92,124.05,0,1
2026-03-06 14:34:49.485447,2.75,14.12,91.26,0,1
2026-03-06 14:34:54.485447,2.53,9.03,32.28,0,1
2026-03-06 14:34:59.485447,0.7,22.48,-67.13,0,1
2026-03-06 14:35:04.485447,1.9,18.18,-98.58,0,1
2026-03-06 14:35:09.485447,0.23,6.62,90.04,0,1
2026-03-06 14:35:14.485447,2.63,23.96,-58.28,0,1
2026-03-06 14:35:19.485447,2.4,10.29,-115.43,0,1
2026-03-06 14:35:24.485447,2.73,23.48,0.3,0,1
2026-03-06 14:35:29.485447,2.19,7.68,117.52,0,1
2026-03-06 14:35:34.485447,1.98,20.15,109.22,0,1
2026-03-06 14:35:39.485447,2.96,16.18,34.2,1,1
2026-03-06 14:35:44.485447,2.95,12.95,-15.84,1,1
2026-03-06 14:35:49.485447,2.31,11.46,-66.23,1,1
2026-03-06 14:35:54.485447,2.36,19.21,26.77,0,1
2026-03-06 14:35:59.485447,2.3,15.14,59.01,0,1
2026-03-06 14:36:04.485447,1.62,6.84,1.18,1,1
2026-03-06 14:36:09.485447,0.68,22.03,109.03,0,1
2026-03-06 14:36:14.485447,2.57,24.31,-2.54,0,1
2026-03-06 14:36:19.485447,2.93,10.58,59.63,0,1
2026-03-06 14:36:24.485447,1.54,13.78,-115.88,0,1
2026-03-06 14:36:29.485447,2.1,14.0,-30.83,0,1
2026-03-06 14:36:34.485447,1.67,14.06,-92.16,0,1
2026-03-06 14:36:39.485447,0.04,7.39,-86.92,0,1
2026-03-06 14:36:44.485447,2.99,11.42,-50.91,0,1
2026-03-06 14:36:49.485447,1.94,17.24,42.21,0,1
2026-03-06 14:36:54.485447,2.92,19.97,86.01,0,1
2026-03-06 14:36:59.485447,2.05,12.32,20.92,0,1
2026-03-06 14:37:04.485447,0.48,17.54,-79.2,0,1
2026-03-06 14:37:09.485447,2.41,13.61,-95.44,0,1
2026-03-06 14:37:14.485447,1.59,12.21,-68.12,0,1
2026-03-06 14:37:19.485447,1.1,6.09,-117.01,0,1
2026-03-06 14:37:24.485447,2.13,6.62,41.1,0,1
2026-03-06 14:37:29.485447,2.56,12.54,-27.84,0,1
2026-03-06 14:37:34.485447,0.0,16.47,-89.39,1,1
2026-03-06 14:37:39.485447,1.55,17.6,-4.04,0,1
2026-03-06 14:37:44.485447,0.39,16.92,-83.31,0,1
2026-03-06 14:37:49.485447,1.15,22.58,37.61,0,1
2026-03-06 14:37:54.485447,0.94,16.01,-60.47,0,1
2026-03-06 14:37:59.485447,0.37,19.05,15.65,0,1
2026-03-06 14:38:04.485447,2.19,22.71,67.44,0,1
2026-03-06 14:38:09.485447,0.93,16.59,37.96,0,1
2026-03-06 14:38:14.485447,1.88,21.87,98.57,0,1
2026-03-06 14:38:19.485447,0.94,10.82,-9.15,0,1
2026-03-06 14:38:24.485447,0.17,20.12,112.06,0,1
2026-03-06 14:38:29.485447,0.64,23.81,87.74,0,1
2026-03-06 14:38:34.485447,2.64,10.87,86.68,0,1
2026-03-06 14:38:39.485447,0.38,14.69,6.1,0,1
2026-03-06 14:38:44.485447,1.47,22.76,-110.77,0,1
2026-03-06 14:38:49.485447,2.05,6.83,69.07,1,1
2026-03-06 14:38:54.485447,0.81,14.46,95.36,0,1
2026-03-06 14:38:59.485447,1.71,18.25,56.57,0,1
2026-03-06 14:39:04.485447,1.91,16.91,-94.76,0,1
2026-03-06 14:39:09.485447,2.36,21.29,26.88,0,1
2026-03-06 14:39:14.485447,0.81,9.82,-50.77,0,1
2026-03-06 14:39:19.485447,1.75,19.69,21.4,0,1
2026-03-06 14:39:24.485447,1.0,7.78,54.98,1,1
2026-03-06 14:39:29.485447,0.85,22.55,-16.84,0,1
2026-03-06 14:39:34.485447,1.09,7.84,-47.04,0,1
2026-03-06 14:39:39.485447,0.46,10.59,-63.6,0,1
2026-03-06 14:39:44.485447,1.15,7.82,-31.06,0,1
2026-03-06 14:39:49.485447,0.07,22.2,75.92,0,1
2026-03-06 14:39:54.485447,1.3,13.67,-93.8,0,1
2026-03-06 14:39:59.485447,1.11,19.92,-45.74,1,1
2026-03-06 14:40:04.485447,0.99,12.68,-28.52,0,1
2026-03-06 14:40:09.485447,2.96,18.52,-59.44,0,1
2026-03-06 14:40:14.485447,1.8,9.55,-13.61,0,1
2026-03-06 14:40:19.485447,2.74,8.34,-118.32,0,1
2026-03-06 14:40:24.485447,0.96,11.79,125.53,0,1
2026-03-06 14:40:29.485447,0.46,15.62,0.52,0,1
2026-03-06 14:40:34.485447,0.52,19.89,-114.27,0,1
2026-03-06 14:40:39.485447,1.64,8.23,51.9,0,1
2026-03-06 14:40:44.485447,2.06,10.52,22.38,0,1
2026-03-06 14:40:49.485447,1.52,20.21,-73.14,0,1
2026-03-06 14:40:54.485447,0.32,24.22,-70.66,0,1
2026-03-06 14:40:59.485447,1.62,7.27,94.18,0,1
2026-03-06 14:41:04.485447,2.23,24.19,41.06,0,1
2026-03-06 14:41:09.485447,1.98,8.6,118.13,0,1
2026-03-06 14:41:14.485447,2.38,7.34,37.25,0,1
2026-03-06 14:41:19.485447,0.18,22.86,-8.81,0,1
2026-03-06 14:41:24.485447,1.85,12.82,73.1,0,1
2026-03-06 14:41:29.485447,2.32,20.59,71.93,0,1
2026-03-06 14:41:34.485447,2.46,22.17,-103.66,0,1
2026-03-06 14:41:39.485447,1.97,7.48,-32.64,1,1
2026-03-06 14:41:44.485447,0.53,18.6,-42.68,1,1
2026-03-06 14:41:49.485447,0.51,24.94,-72.46,0,1
2026-03-06 14:41:54.485447,2.41,14.39,60.94,0,1
2026-03-06 14:41:59.485447,1.64,22.89,8.19,0,1
2026-03-06 14:42:04.485447,2.37,19.86,-96.7,0,1
2026-03-06 14:42:09.485447,1.84,19.71,-117.26,0,1
2026-03-06 14:42:14.485447,0.43,17.5,69.87,0,1
2026-03-06 14:42:19.485447,2.9,24.67,-27.93,0,1
2026-03-06 14:42:24.485447,0.22,12.94,19.83,0,1
2026-03-06 14:42:29.485447,2.18,6.06,-30.4,0,1
2026-03-06 14:42:34.485447,0.39,17.36,107.87,1,1
2026-03-06 14:42:39.485447,1.4,24.18,82.18,0,1
2026-03-06 14:42:44.485447,2.74,23.44,-62.24,0,1
2026-03-06 14:42:49.485447,0.03,8.75,-82.26,0,1
2026-03-06 14:42:54.485447,1.03,19.69,-79.13,0,1
2026-03-06 14:42:59.485447,0.33,21.3,-87.16,0,1
2026-03-06 14:43:04.485447,0.12,14.64,123.85,0,1
2026-03-06 14:43:09.485447,0.58,24.93,-98.41,0,1
2026-03-06 14:43:14.485447,0.93,14.31,55.37,0,1
2026-03-06 14:43:19.485447,2.85,22.27,95.38,0,1
2026-03-06 14:43:24.485447,1.03,5.63,-89.0,0,1
2026-03-06 14:43:29.485447,1.12,15.34,48.97,0,1
2026-03-06 14:43:34.485447,0.29,24.88,99.14,0,1
2026-03-06 14:43:39.485447,2.08,12.58,-47.92,0,1
2026-03-06 14:43:44.485447,0.06,16.9,-29.48,0,1
2026-03-06 14:43:49.485447,0.2,14.44,-108.42,0,1
2026-03-06 14:43:54.485447,0.07,17.78,105.15,0,1
2026-03-06 14:43:59.485447,0.77,18.95,86.07,0,1
2026-03-06 14:44:04.485447,0.47,8.9,-71.94,0,1
2026-03-06 14:44:09.485447,0.07,15.42,-49.78,0,1
2026-03-06 14:44:14.485447,0.51,12.36,81.21,0,1
2026-03-06 14:44:19.485447,2.16,5.54,-12.53,0,1
2026-03-06 14:44:24.485447,0.74,15.38,85.93,0,1
2026-03-06 14:44:29.485447,2.46,9.03,40.58,0,1
2026-03-06 14:44:34.485447,0.95,22.17,-40.62,0,1
2026-03-06 14:44:39.485447,0.51,18.44,102.27,0,1
2026-03-06 14:44:44.485447,1.67,12.2,-100.59,0,1
2026-03-06 14:44:49.485447,0.62,20.47,109.57,0,1
2026-03-06 14:44:54.485447,1.1,10.25,-0.11,0,1
2026-03-06 14:44:59.485447,2.04,21.56,68.92,0,1
2026-03-06 14:45:04.485447,0.37,17.78,100.02,0,1
2026-03-06 14:45:09.485447,0.44,12.55,14.81,0,1
2026-03-06 14:45:14.485447,0.6,16.9,65.7,0,1
2026-03-06 14:45:19.485447,2.5,21.53,94.57,0,1
2026-03-06 14:45:24.485447,1.55,5.66,-103.69,1,1
2026-03-06 14:45:29.485447,0.18,24.6,-68.93,0,1
2026-03-06 14:45:34.485447,1.74,19.54,1.89,0,1
2026-03-06 14:45:39.485447,2.27,17.49,-54.79,0,1
2026-03-06 14:45:44.485447,0.43,11.35,-16.84,0,1
2026-03-06 14:45:49.485447,1.27,15.88,66.27,0,1
2026-03-06 14:45:54.485447,2.76,8.59,94.37,0,1
2026-03-06 14:45:59.485447,2.12,19.75,97.47,0,1
2026-03-06 14:46:04.485447,1.66,10.18,106.75,1,1
2026-03-06 14:46:09.485447,0.31,14.95,8.26,0,1
2026-03-06 14:46:14.485447,0.46,24.47,120.12,0,1
2026-03-06 14:46:19.485447,0.45,13.08,55.41,0,1
2026-03-06 14:46:24.485447,0.99,5.05,100.16,0,1
2026-03-06 14:46:29.485447,0.02,20.04,-36.05,0,1
2026-03-06 14:46:34.485447,1.48,10.12,33.47,0,1
2026-03-06 14:46:39.485447,0.04,12.55,10.0,0,1
2026-03-06 14:46:44.485447,0.38,11.77,-120.04,0,1
2026-03-06 14:46:49.485447,2.67,18.99,-73.05,0,1
2026-03-06 14:46:54.485447,0.32,12.43,119.37,0,1
2026-03-06 14:46:59.485447,0.97,23.95,101.22,0,1
2026-03-06 14:47:04.485447,0.55,14.48,-113.19,0,1
2026-03-06 14:47:09.485447,0.02,18.85,23.57,0,1
2026-03-06 14:47:14.485447,0.38,9.25,-92.64,0,1
2026-03-06 14:47:19.485447,0.73,7.81,39.67,0,1
2026-03-06 14:47:24.485447,0.61,13.9,0.14,0,1
2026-03-06 14:47:29.485447,2.85,21.41,124.1,0,1
2026-03-06 14:47:34.485447,1.41,8.24,126.85,0,1
2026-03-06 14:47:39.485447,2.03,14.03,-86.92,0,1
2026-03-06 14:47:44.485447,1.6,16.2,-118.41,0,1
2026-03-06 14:47:49.485447,1.64,10.86,-111.39,0,1
2026-03-06 14:47:54.485447,2.17,19.82,51.18,1,1
2026-03-06 14:47:59.485447,2.36,22.66,26.77,0,1
2026-03-06 14:48:04.485447,1.99,12.39,-79.88,0,1
2026-03-06 14:48:09.485447,1.35,23.07,114.27,0,1
2026-03-06 14:48:14.485447,0.14,9.43,125.56,0,1
2026-03-06 14:48:19.485447,2.16,16.69,118.39,0,1
2026-03-06 14:48:24.485447,0.15,11.0,73.54,0,1
2026-03-06 14:48:29.485447,1.43,14.8,-27.19,0,1
2026-03-06 14:48:34.485447,0.62,14.07,-126.96,0,1
2026-03-06 14:48:39.485447,1.45,8.7,-115.39,0,1
2026-03-06 14:48:44.485447,0.4,22.43,110.01,0,1
2026-03-06 14:48:49.485447,1.21,7.86,-37.68,0,1
2026-03-06 14:48:54.485447,1.11,23.75,86.02,0,1
2026-03-06 14:48:59.485447,1.9,18.12,71.27,0,1
2026-03-06 14:49:04.485447,1.17,6.35,-77.46,0,1
2026-03-06 14:49:09.485447,2.68,22.61,-95.01,0,1
2026-03-06 14:49:14.485447,1.95,11.92,99.25,0,1
2026-03-06 14:49:19.485447,1.86,9.66,-24.13,0,1
2026-03-06 14:49:24.485447,2.53,9.61,96.06,0,1
2026-03-06 14:49:29.485447,0.4,24.94,57.55,0,1
2026-03-06 14:49:34.485447,2.02,23.8,65.78,0,1
2026-03-06 14:49:39.485447,2.02,14.77,118.09,0,1
2026-03-06 14:49:44.485447,0.8,5.05,55.66,0,1
2026-03-06 14:49:49.485447,0.81,21.96,32.38,0,1
2026-03-06 14:49:54.485447,2.16,19.33,-23.39,0,1
2026-03-06 14:49:59.485447,3.0,5.82,92.61,0,1
2026-03-06 14:50:04.485447,2.56,9.32,92.64,0,1
2026-03-06 14:50:09.485447,0.46,8.72,121.9,0,1
2026-03-06 14:50:14.485447,2.24,17.23,54.82,0,1
2026-03-06 14:50:19.485447,1.96,22.19,92.19,0,1
2026-03-06 14:50:24.485447,2.7,20.42,91.15,0,1
2026-03-06 14:50:29.485447,2.27,10.97,-28.32,0,1
2026-03-06 14:50:34.485447,2.57,15.17,-55.51,0,1
2026-03-06 14:50:39.485447,0.06,5.38,-57.43,0,1
2026-03-06 14:50:44.485447,1.77,23.78,-47.65,0,1
2026-03-06 14:50:49.485447,0.17,23.38,109.92,0,1
2026-03-06 14:50:54.485447,2.91,10.13,-46.68,1,1
2026-03-06 14:50:59.485447,2.54,17.08,68.3,0,1
2026-03-06 14:51:04.485447,1.67,10.6,3.89,0,1
2026-03-06 14:51:09.485447,2.55,24.37,7.69,0,1
2026-03-06 14:51:14.485447,0.35,21.84,16.47,0,1
2026-03-06 14:51:19.485447,0.04,13.65,31.01,0,1
2026-03-06 14:51:24.485447,0.7,22.61,64.6,0,1
2026-03-06 14:51:29.485447,1.4,23.95,-73.31,0,1
2026-03-06 14:51:34.485447,1.37,13.3,-69.71,0,1
2026-03-06 14:51:39.485447,0.7,20.58,-77.73,0,1
2026-03-06 14:51:44.485447,0.58,13.29,-122.23,0,1
2026-03-06 14:51:49.485447,3.0,7.65,-39.17,1,1
2026-03-06 14:51:54.485447,2.77,6.57,-123.37,0,1
2026-03-06 14:51:59.485447,1.53,12.23,14.7,0,1
2026-03-06 14:52:04.485447,2.75,18.06,10.04,0,1
2026-03-06 14:52:09.485447,0.11,22.52,-84.25,0,1
2026-03-06 14:52:14.485447,2.9,22.18,-56.83,0,1
2026-03-06 14:52:19.485447,0.66,23.53,47.07,0,1
2026-03-06 14:52:24.485447,0.38,9.78,-52.16,0,1
2026-03-06 14:52:29.485447,2.89,18.67,-89.89,0,1
2026-03-06 14:52:34.485447,0.31,19.16,-50.64,0,1
2026-03-06 14:52:39.485447,0.49,10.27,-52.06,0,1
2026-03-06 14:52:44.485447,2.92,24.49,29.98,0,1
2026-03-06 14:52:49.485447,2.09,8.85,-59.9,0,1
2026-03-06 14:52:54.485447,1.72,13.22,-24.42,0,1
2026-03-06 14:52:59.485447,1.51,9.47,29.9,1,1
2026-03-06 14:53:04.485447,0.97,5.75,-64.19,1,1
2026-03-06 14:53:09.485447,2.38,5.62,-68.14,0,1
2026-03-06 14:53:14.485447,1.98,12.97,40.24,0,1
2026-03-06 14:53:19.485447,1.63,16.54,-13.01,0,1
2026-03-06 14:53:24.485447,1.8,7.63,111.08,0,1
2026-03-06 14:53:29.485447,1.9,10.57,49.35,1,1
2026-03-06 14:53:34.485447,1.09,17.76,123.49,0,1
2026-03-06 14:53:39.485447,1.28,13.07,-81.98,0,1
2026-03-06 14:53:44.485447,2.63,13.98,-61.7,1,1
2026-03-06 14:53:49.485447,2.82,8.72,-30.81,0,1
2026-03-06 14:53:54.485447,2.26,18.35,-66.1,0,1
2026-03-06 14:53:59.485447,1.89,22.62,119.86,0,1
2026-03-06 14:54:04.485447,1.43,16.52,-109.55,1,1
2026-03-06 14:54:09.485447,2.88,18.47,52.66,0,1
2026-03-06 14:54:14.485447,1.31,11.37,-123.29,0,1
2026-03-06 14:54:19.485447,2.28,22.47,-2.39,0,1
2026-03-06 14:54:24.485447,0.54,24.73,97.97,0,1
2026-03-06 14:54:29.485447,1.84,9.7,19.05,0,1
2026-03-06 14:54:34.485447,2.48,22.0,-42.21,0,1
2026-03-06 14:54:39.485447,0.49,15.83,94.31,0,1
2026-03-06 14:54:44.485447,2.19,11.88,118.95,0,1
2026-03-06 14:54:49.485447,0.35,14.7,33.86,0,1
2026-03-06 14:54:54.485447,0.99,21.23,84.53,0,1
2026-03-06 14:54:59.485447,2.91,17.83,-71.45,0,1
2026-03-06 14:55:04.485447,0.99,12.97,-121.79,0,1
2026-03-06 14:55:09.485447,1.57,22.45,14.67,0,1
2026-03-06 14:55:14.485447,0.6,18.83,-90.84,0,1
2026-03-06 14:55:19.485447,1.07,11.11,-11.59,0,1
2026-03-06 14:55:24.485447,0.06,24.71,67.21,0,1
2026-03-06 14:55:29.485447,2.1,23.97,52.73,0,1
2026-03-06 14:55:34.485447,2.75,6.52,8.45,0,1
2026-03-06 14:55:39.485447,0.72,12.98,-69.89,0,1
2026-03-06 14:55:44.485447,2.5,9.78,108.22,1,1
2026-03-06 14:55:49.485447,0.32,6.34,-93.44,0,1
2026-03-06 14:55:54.485447,2.79,17.2,-20.86,0,1
2026-03-06 14:55:59.485447,2.12,22.35,-67.04,1,1
2026-03-06 14:56:04.485447,1.64,10.34,-110.21,0,1
2026-03-06 14:56:09.485447,2.41,18.35,-69.01,0,1
2026-03-06 14:56:14.485447,1.95,5.55,-93.23,0,1
2026-03-06 14:56:19.485447,1.15,7.22,-74.84,0,1
2026-03-06 14:56:24.485447,1.1,5.18,83.13,0,1
2026-03-06 14:56:29.485447,1.67,8.47,-108.38,0,1
2026-03-06 14:56:34.485447,0.18,12.77,34.4,0,1
2026-03-06 14:56:39.485447,1.18,15.25,93.25,0,1
2026-03-06 14:56:44.485447,1.81,14.9,109.07,0,1
2026-03-06 14:56:49.485447,0.34,24.28,-80.69,0,1
2026-03-06 14:56:54.485447,1.72,16.22,-109.53,0,1
2026-03-06 14:56:59.485447,0.72,9.35,98.54,0,1
2026-03-06 14:57:04.485447,0.63,10.63,-110.98,1,1
2026-03-06 14:57:09.485447,1.09,8.41,-115.84,0,1
2026-03-06 14:57:14.485447,1.74,12.59,-69.08,0,1
2026-03-06 14:57:19.485447,1.46,19.98,-119.41,0,1
2026-03-06 14:57:24.485447,2.54,24.36,-117.4,1,1
2026-03-06 14:57:29.485447,2.73,15.83,-115.94,0,1
2026-03-06 14:57:34.485447,1.12,7.4,-31.42,0,1
2026-03-06 14:57:39.485447,2.71,12.54,-97.46,0,1
2026-03-06 14:57:44.485447,2.36,13.57,-48.81,1,1
2026-03-06 14:57:49.485447,0.39,9.32,43.95,0,1
2026-03-06 14:57:54.485447,2.08,7.04,-98.71,0,1
2026-03-06 14:57:59.485447,1.15,12.79,83.58,0,1
2026-03-06 14:58:04.485447,1.94,5.73,5.58,0,1
2026-03-06 14:58:09.485447,2.12,14.82,122.74,0,1
2026-03-06 14:58:14.485447,2.1,6.06,-6.02,0,1
2026-03-06 14:58:19.485447,1.77,17.31,110.09,0,1
2026-03-06 14:58:24.485447,0.86,24.93,101.45,0,1
2026-03-06 14:58:29.485447,2.04,11.9,27.37,0,1
2026-03-06 14:58:34.485447,0.34,12.6,-124.72,0,1
2026-03-06 14:58:39.485447,1.12,17.21,29.87,0,1
2026-03-06 14:58:44.485447,2.72,21.92,108.0,0,1
2026-03-06 14:58:49.485447,0.57,20.27,-87.21,0,1
2026-03-06 14:58:54.485447,0.1,6.75,38.8,0,1
2026-03-06 14:58:59.485447,0.42,7.9,-124.58,0,1
2026-03-06 14:59:04.485447,2.77,8.43,-24.83,0,1
2026-03-06 14:59:09.485447,2.54,15.06,76.36,0,1
2026-03-06 14:59:14.485447,0.21,8.66,-66.75,0,1
2026-03-06 14:59:19.485447,1.41,24.73,-114.05,0,1
2026-03-06 14:59:24.485447,0.04,9.47,76.7,0,1
2026-03-06 14:59:29.485447,2.39,13.2,-17.63,0,1
2026-03-06 14:59:34.485447,1.87,17.97,104.16,0,1
2026-03-06 14:59:39.485447,2.76,21.74,-108.52,0,1
2026-03-06 14:59:44.485447,0.94,8.41,-123.91,0,1
2026-03-06 14:59:49.485447,2.91,9.13,101.34,0,1
2026-03-06 14:59:54.485447,2.97,8.29,55.82,0,1
2026-03-06 14:59:59.485447,1.76,15.24,-60.02,0,1
2026-03-06 15:00:04.485447,0.92,5.88,45.54,1,1
2026-03-06 15:00:09.485447,0.71,21.21,60.69,0,1
2026-03-06 15:00:14.485447,2.19,12.51,-90.01,0,1
2026-03-06 15:00:19.485447,2.03,5.9,111.38,0,1
2026-03-06 15:00:24.485447,1.23,6.85,-32.11,0,1
2026-03-06 15:00:29.485447,2.7,19.34,102.55,0,1
2026-03-06 15:00:34.485447,1.07,22.68,67.3,0,1
2026-03-06 15:00:39.485447,1.61,7.56,116.07,0,1
2026-03-06 15:00:44.485447,1.11,10.14,-2.65,0,1
2026-03-06 15:00:49.485447,0.21,14.53,-54.94,0,1
2026-03-06 15:00:54.485447,2.52,23.88,-71.1,0,1
2026-03-06 15:00:59.485447,2.12,5.01,-40.56,0,1
2026-03-06 15:01:04.485447,1.04,19.67,-68.83,0,1
2026-03-06 15:01:09.485447,1.14,12.02,-31.29,0,1
2026-03-06 15:01:14.485447,2.57,12.57,-17.39,0,1
2026-03-06 15:01:19.485447,0.2,8.06,-49.82,1,1
2026-03-06 15:01:24.485447,1.76,19.23,-51.87,0,1
2026-03-06 15:01:29.485447,0.64,5.53,-29.01,0,1
2026-03-06 15:01:34.485447,1.97,22.03,-11.05,0,1
2026-03-06 15:01:39.485447,1.29,19.73,66.36,0,1
2026-03-06 15:01:44.485447,1.02,9.21,49.93,0,1
2026-03-06 15:01:49.485447,0.07,13.57,-79.09,0,1
2026-03-06 15:01:54.485447,0.87,16.05,73.76,0,1
2026-03-06 15:01:59.485447,0.65,17.48,6.86,0,1
2026-03-06 15:02:04.485447,1.5,17.06,-57.1,1,1
2026-03-06 15:02:09.485447,2.97,7.42,-48.17,0,1
2026-03-06 15:02:14.485447,1.14,15.0,92.48,0,1
2026-03-06 15:02:19.485447,0.3,10.68,-73.18,0,1
2026-03-06 15:02:24.485447,1.89,21.49,-126.69,0,1
2026-03-06 15:02:29.485447,0.67,10.54,-59.76,0,1
2026-03-06 15:02:34.485447,0.62,6.15,69.87,0,1
2026-03-06 15:02:39.485447,2.07,11.18,-84.35,0,1
2026-03-06 15:02:44.485447,0.04,7.79,86.31,0,1
2026-03-06 15:02:49.485447,1.47,13.38,-75.76,0,1
2026-03-06 15:02:54.485447,0.03,8.79,111.19,0,1
2026-03-06 15:02:59.485447,1.4,20.25,-103.11,0,1
2026-03-06 15:03:04.485447,2.9,17.7,-35.91,0,1
2026-03-06 15:03:09.485447,1.26,9.12,58.79,0,1
2026-03-06 15:03:14.485447,2.97,19.15,77.53,0,1
2026-03-06 15:03:19.485447,1.44,8.82,57.46,0,1
2026-03-06 15:03:24.485447,1.06,14.57,-53.54,0,1
2026-03-06 15:03:29.485447,0.81,14.58,-71.48,0,1
2026-03-06 15:03:34.485447,0.11,19.99,50.83,0,1
2026-03-06 15:03:39.485447,0.92,12.92,115.31,0,1
2026-03-06 15:03:44.485447,1.75,22.51,-87.25,0,1
2026-03-06 15:03:49.485447,1.04,5.01,81.17,1,1
2026-03-06 15:03:54.485447,1.31,23.89,-3.56,0,1
2026-03-06 15:03:59.485447,0.35,8.0,-113.07,1,1
2026-03-06 15:04:04.485447,2.14,9.0,3.65,0,1
2026-03-06 15:04:09.485447,1.45,20.19,28.36,0,1
2026-03-06 15:04:14.485447,1.98,11.85,34.46,0,1
2026-03-06 15:04:19.485447,2.84,11.22,88.22,0,1
2026-03-06 15:04:24.485447,1.79,6.94,2.27,0,1
2026-03-06 15:04:29.485447,0.97,9.76,56.97,0,1
2026-03-06 15:04:34.485447,1.45,17.44,-79.28,0,1
2026-03-06 15:04:39.485447,0.72,12.61,-30.91,0,1
2026-03-06 15:04:44.485447,1.91,22.22,23.16,0,1
2026-03-06 15:04:49.485447,0.02,10.22,-10.45,0,1
2026-03-06 15:04:54.485447,1.61,18.68,11.7,0,1
2026-03-06 15:04:59.485447,2.71,24.33,-56.25,0,1
2026-03-06 15:05:04.485447,1.43,15.53,-60.52,0,1
2026-03-06 15:05:09.485447,2.89,8.84,-113.16,0,1
2026-03-06 15:05:14.485447,0.62,7.99,44.77,0,1
2026-03-06 15:05:19.485447,1.27,5.14,125.98,0,1
2026-03-06 15:05:24.485447,0.58,8.8,97.21,0,1
2026-03-06 15:05:29.485447,1.12,13.54,2.77,1,1
2026-03-06 15:05:34.485447,0.13,22.09,11.27,0,1
2026-03-06 15:05:39.485447,2.89,19.79,52.05,0,1
2026-03-06 15:05:44.485447,1.32,11.6,109.64,0,1
2026-03-06 15:05:49.485447,0.6,15.14,105.64,0,1
2026-03-06 15:05:54.485447,1.56,19.11,85.27,0,1
2026-03-06 15:05:59.485447,1.13,18.48,15.23,0,1
2026-03-06 15:06:04.485447,1.33,22.86,113.18,0,1
2026-03-06 15:06:09.485447,0.03,18.41,112.38,0,1
2026-03-06 15:06:14.485447,0.61,7.87,76.89,0,1
2026-03-06 15:06:19.485447,2.35,11.56,-103.54,0,1
2026-03-06 15:06:24.485447,1.11,14.49,-30.83,0,1
2026-03-06 15:06:29.485447,1.57,6.37,-121.95,0,1
2026-03-06 15:06:34.485447,1.84,24.18,-82.44,0,1
2026-03-06 15:06:39.485447,2.51,8.52,-102.37,0,1
2026-03-06 15:06:44.485447,2.85,16.11,44.72,0,1
2026-03-06 15:06:49.485447,0.62,24.73,103.33,0,1
2026-03-06 15:06:54.485447,2.09,17.44,2.82,0,1
2026-03-06 15:06:59.485447,1.58,23.31,66.61,0,1
2026-03-06 15:07:04.485447,2.1,8.16,-23.56,0,1
2026-03-06 15:07:09.485447,0.99,17.25,73.78,0,1
2026-03-06 15:07:14.485447,1.6,22.02,-88.85,0,1
2026-03-06 15:07:19.485447,1.46,9.81,-28.26,1,1
2026-03-06 15:07:24.485447,0.72,7.38,-15.64,0,1
2026-03-06 15:07:29.485447,2.24,11.98,83.26,0,1
2026-03-06 15:07:34.485447,1.71,19.09,111.26,0,1
2026-03-06 15:07:39.485447,2.13,18.18,-94.91,1,1
2026-03-06 15:07:44.485447,0.84,20.05,76.29,0,1
2026-03-06 15:07:49.485447,0.26,9.45,-48.45,0,1
2026-03-06 15:07:54.485447,1.79,8.58,-72.52,0,1
2026-03-06 15:07:59.485447,0.39,10.14,-58.71,0,1
2026-03-06 15:08:04.485447,1.46,9.89,-15.45,0,1
2026-03-06 15:08:09.485447,1.09,15.98,-117.42,0,1
2026-03-06 15:08:14.485447,0.08,16.87,44.8,0,1
2026-03-06 15:08:19.485447,2.47,19.02,49.19,0,1
2026-03-06 15:08:24.485447,1.84,14.77,-75.71,0,1
2026-03-06 15:08:29.485447,0.57,9.7,-79.27,0,1
2026-03-06 15:08:34.485447,1.19,15.13,-10.15,0,1
2026-03-06 15:08:39.485447,2.17,24.66,-10.78,0,1
2026-03-06 15:08:44.485447,0.7,17.14,-107.25,0,1
2026-03-06 15:08:49.485447,1.89,14.43,-10.58,0,1
2026-03-06 15:08:54.485447,2.5,15.02,-101.86,0,1
2026-03-06 15:08:59.485447,0.84,19.21,-43.39,0,1
2026-03-06 15:09:04.485447,2.12,12.73,82.2,0,1
2026-03-06 15:09:09.485447,1.69,14.3,79.21,0,1
2026-03-06 15:09:14.485447,1.02,12.55,92.21,0,1
2026-03-06 15:09:19.485447,1.47,6.83,-48.27,0,1
2026-03-06 15:09:24.485447,2.03,11.07,-120.71,0,1
2026-03-06 15:09:29.485447,1.68,12.18,-35.96,0,1
2026-03-06 15:09:34.485447,0.16,21.7,24.38,0,1
2026-03-06 15:09:39.485447,1.39,13.11,31.6,1,1
2026-03-06 15:09:44.485447,0.05,6.47,86.4,0,1
2026-03-06 15:09:49.485447,0.61,18.36,-64.51,0,1
2026-03-06 15:09:54.485447,2.67,21.54,-0.4,0,1
2026-03-06 15:09:59.485447,2.41,21.73,-80.79,0,1
2026-03-06 15:10:04.485447,0.46,9.75,-73.39,0,1
2026-03-06 15:10:09.485447,1.26,23.5,-25.76,0,1
2026-03-06 15:10:14.485447,0.98,16.83,89.94,0,1
2026-03-06 15:10:19.485447,2.59,17.45,-112.05,1,1
2026-03-06 15:10:24.485447,0.12,6.69,-42.82,1,1
2026-03-06 15:10:29.485447,0.55,7.93,-124.07,0,1
2026-03-06 15:10:34.485447,2.69,5.25,21.66,0,1
2026-03-06 15:10:39.485447,1.07,10.87,-60.43,1,1
2026-03-06 15:10:44.485447,2.31,16.08,86.17,0,1
2026-03-06 15:10:49.485447,2.77,16.32,-24.79,0,1
2026-03-06 15:10:54.485447,0.37,12.95,-52.15,0,1
2026-03-06 15:10:59.485447,2.65,23.01,115.05,0,1
2026-03-06 15:11:04.485447,0.67,7.3,-74.66,0,1
2026-03-06 15:11:09.485447,1.12,15.65,-56.87,0,1
2026-03-06 15:11:14.485447,1.94,8.82,-87.66,0,1
2026-03-06 15:11:19.485447,0.53,19.12,-89.98,1,1
2026-03-06 15:11:24.485447,2.28,11.6,-125.8,0,1
2026-03-06 15:11:29.485447,0.89,22.23,16.96,1,1
2026-03-06 15:11:34.485447,1.74,11.2,103.07,0,1
2026-03-06 15:11:39.485447,0.14,18.58,-36.01,0,1
2026-03-06 15:11:44.485447,2.68,17.95,-16.19,1,1
2026-03-06 15:11:49.485447,0.9,12.32,59.3,0,1
2026-03-06 15:11:54.485447,0.62,14.81,-15.36,0,1
2026-03-06 15:11:59.485447,1.03,19.92,122.52,0,1
2026-03-06 15:12:04.485447,0.83,9.38,84.69,0,1
2026-03-06 15:12:09.485447,0.47,18.51,-49.35,0,1
2026-03-06 15:12:14.485447,0.31,8.34,-62.59,1,1
2026-03-06 15:12:19.485447,1.01,7.42,-53.45,0,1
2026-03-06 15:12:24.485447,1.58,6.11,89.55,0,1
2026-03-06 15:12:29.485447,0.34,10.12,-96.56,0,1
2026-03-06 15:12:34.485447,2.3,6.44,-40.7,0,1
2026-03-06 15:12:39.485447,2.3,14.97,12.5,0,1
2026-03-06 15:12:44.485447,0.84,16.01,-0.25,0,1
2026-03-06 15:12:49.485447,1.15,20.97,112.02,0,1
2026-03-06 15:12:54.485447,1.03,5.41,102.19,0,1
2026-03-06 15:12:59.485447,2.44,8.7,67.79,0,1
2026-03-06 15:13:04.485447,1.0,6.74,35.53,0,1
2026-03-06 15:13:09.485447,0.37,6.24,-2.06,0,1
2026-03-06 15:13:14.485447,1.98,15.14,-90.62,0,1
2026-03-06 15:13:19.485447,0.71,8.11,-91.71,0,1
2026-03-06 15:13:24.485447,2.72,6.59,111.96,0,1
2026-03-06 15:13:29.485447,2.56,11.86,33.93,0,1
2026-03-06 15:13:34.485447,1.01,23.17,-15.06,0,1
2026-03-06 15:13:39.485447,1.22,14.61,-25.45,0,1
2026-03-06 15:13:44.485447,0.07,12.33,25.99,0,1
2026-03-06 15:13:49.485447,0.23,16.46,-43.59,0,1
2026-03-06 15:13:54.485447,2.54,18.71,-69.79,0,1
2026-03-06 15:13:59.485447,1.74,19.71,92.32,0,1
2026-03-06 15:14:04.485447,1.7,11.51,-55.34,0,1
2026-03-06 15:14:09.485447,0.21,9.77,-63.3,0,1
2026-03-06 15:14:14.485447,0.48,20.66,100.84,0,1
2026-03-06 15:14:19.485447,1.51,19.74,-45.79,0,1
2026-03-06 15:14:24.485447,2.07,14.78,-36.77,0,1
2026-03-06 15:14:29.485447,2.35,22.7,-77.3,0,1
2026-03-06 15:14:34.485447,0.89,7.88,5.23,0,1
2026-03-06 15:14:39.485447,0.79,12.22,-5.48,0,1
2026-03-06 15:14:44.485447,2.91,8.29,-19.42,0,1
2026-03-06 15:14:49.485447,2.52,21.67,115.42,0,1
2026-03-06 15:14:54.485447,0.11,10.78,101.59,0,1
2026-03-06 15:14:59.485447,2.4,15.63,-75.83,0,1
2026-03-06 15:15:04.485447,2.28,9.64,-14.01,0,1
2026-03-06 15:15:09.485447,1.21,13.37,31.66,0,0
2026-03-06 15:15:14.485447,0.35,22.85,-53.92,0,1
2026-03-06 15:15:19.485447,1.86,16.57,42.6,0,1
2026-03-06 15:15:24.485447,2.57,6.26,38.24,0,1
2026-03-06 15:15:29.485447,0.43,17.89,-23.99,0,1
2026-03-06 15:15:34.485447,0.97,14.88,52.42,0,1
2026-03-06 15:15:39.485447,2.82,18.96,-0.1,0,1
2026-03-06 15:15:44.485447,0.3,13.53,-104.05,0,1
2026-03-06 15:15:49.485447,2.66,11.8,81.83,0,1
2026-03-06 15:15:54.485447,0.02,8.49,65.15,0,1
2026-03-06 15:15:59.485447,2.01,17.39,-99.83,0,1
2026-03-06 15:16:04.485447,0.86,7.43,36.67,0,0
2026-03-06 15:16:09.485447,0.17,19.04,86.47,0,1
2026-03-06 15:16:14.485447,0.39,5.09,4.26,0,1
2026-03-06 15:16:19.485447,2.47,9.84,-104.38,0,1
2026-03-06 15:16:24.485447,0.88,19.16,-72.59,0,1
2026-03-06 15:16:29.485447,1.09,20.0,100.04,0,1
2026-03-06 15:16:34.485447,2.14,7.78,48.58,0,1
2026-03-06 15:16:39.485447,1.1,13.97,-14.46,0,1
2026-03-06 15:16:44.485447,2.03,8.92,-67.49,0,1
2026-03-06 15:16:49.485447,1.88,24.84,24.78,0,1
2026-03-06 15:16:54.485447,2.48,16.71,-36.39,0,1
2026-03-06 15:16:59.485447,1.25,22.59,34.3,0,1
2026-03-06 15:17:04.485447,0.02,13.89,-114.17,0,1
2026-03-06 15:17:09.485447,1.57,12.33,110.99,0,1
2026-03-06 15:17:14.485447,2.22,17.47,29.79,0,1
2026-03-06 15:17:19.485447,0.11,13.26,-75.01,0,1
2026-03-06 15:17:24.485447,1.51,18.98,-62.9,1,1
2026-03-06 15:17:29.485447,1.94,6.61,-65.01,1,1
2026-03-06 15:17:34.485447,2.94,24.27,96.0,0,1
2026-03-06 15:17:39.485447,0.94,22.53,-62.44,1,1
2026-03-06 15:17:44.485447,2.11,9.05,-22.28,0,1
2026-03-06 15:17:49.485447,2.83,6.39,-69.2,1,1
2026-03-06 15:17:54.485447,1.31,8.69,29.9,0,1
2026-03-06 15:17:59.485447,1.0,13.25,102.53,1,1
2026-03-06 15:18:04.485447,0.06,22.87,-34.25,1,1
2026-03-06 15:18:09.485447,0.02,14.8,74.02,0,1
2026-03-06 15:18:14.485447,1.04,5.39,51.21,0,1
2026-03-06 15:18:19.485447,2.3,8.64,25.73,0,1
2026-03-06 15:18:24.485447,2.1,8.71,92.27,0,1
2026-03-06 15:18:29.485447,0.02,8.6,77.41,0,1
2026-03-06 15:18:34.485447,2.82,15.31,90.22,1,1
2026-03-06 15:18:39.485447,1.63,24.39,-108.61,1,1
2026-03-06 15:18:44.485447,2.81,10.35,-67.13,0,1
2026-03-06 15:18:49.485447,0.14,23.64,16.16,0,1
2026-03-06 15:18:54.485447,0.41,9.67,-107.96,0,1
2026-03-06 15:18:59.485447,1.09,19.96,22.91,1,1
2026-03-06 15:19:04.485447,0.25,7.37,108.42,0,1
2026-03-06 15:19:09.485447,1.35,20.33,47.36,0,1
2026-03-06 15:19:14.485447,2.55,6.52,104.06,0,1
2026-03-06 15:19:19.485447,2.82,5.26,-85.85,0,1
2026-03-06 15:19:24.485447,0.73,23.17,-18.82,0,1
2026-03-06 15:19:29.485447,2.99,16.2,-5.19,0,1
2026-03-06 15:19:34.485447,0.41,14.63,-50.22,0,1
2026-03-06 15:19:39.485447,2.23,15.17,70.05,0,1
2026-03-06 15:19:44.485447,0.4,5.82,113.33,1,1
2026-03-06 15:19:49.485447,2.3,8.88,94.97,0,1
2026-03-06 15:19:54.485447,0.84,21.63,-23.18,0,1
2026-03-06 15:19:59.485447,2.01,6.57,108.53,0,1
2026-03-06 15:20:04.485447,1.7,14.63,-6.64,1,1
2026-03-06 15:20:09.485447,2.9,7.08,-112.36,0,1
2026-03-06 15:20:14.485447,1.12,13.5,-111.21,0,1
2026-03-06 15:20:19.485447,1.24,17.29,51.31,0,1
2026-03-06 15:20:24.485447,0.31,11.43,-83.68,0,1
2026-03-06 15:20:29.485447,2.66,12.15,-78.43,0,1
2026-03-06 15:20:34.485447,1.62,24.5,49.19,0,1
2026-03-06 15:20:39.485447,1.09,10.67,-126.82,0,1
2026-03-06 15:20:44.485447,0.55,6.56,-85.67,0,1
2026-03-06 15:20:49.485447,0.8,7.78,41.62,0,1
2026-03-06 15:20:54.485447,2.21,13.24,40.13,0,1
2026-03-06 15:20:59.485447,1.91,23.83,-52.89,0,1
2026-03-06 15:21:04.485447,0.07,19.94,-117.05,0,1
2026-03-06 15:21:09.485447,2.98,21.85,-63.72,0,1
2026-03-06 15:21:14.485447,0.77,20.35,21.1,0,1
2026-03-06 15:21:19.485447,0.66,24.92,12.46,0,1
2026-03-06 15:21:24.485447,2.9,18.76,99.33,0,1
2026-03-06 15:21:29.485447,0.38,5.37,-56.99,0,1
2026-03-06 15:21:34.485447,2.98,8.74,58.55,0,1
2026-03-06 15:21:39.485447,2.7,6.65,-121.6,0,1
2026-03-06 15:21:44.485447,1.7,10.96,-74.71,0,1
2026-03-06 15:21:49.485447,0.55,10.78,111.44,0,1
2026-03-06 15:21:54.485447,2.09,16.99,-77.29,0,1
2026-03-06 15:21:59.485447,2.68,16.21,63.0,0,1
2026-03-06 15:22:04.485447,2.62,22.78,-80.31,0,1
2026-03-06 15:22:09.485447,1.77,7.23,116.91,0,1
2026-03-06 15:22:14.485447,1.94,17.27,65.53,0,1
2026-03-06 15:22:19.485447,2.85,23.44,0.17,0,1
2026-03-06 15:22:24.485447,2.5,21.35,-47.01,0,1
2026-03-06 15:22:29.485447,1.02,14.91,-24.92,0,1
2026-03-06 15:22:34.485447,1.5,22.23,-43.59,0,1
2026-03-06 15:22:39.485447,0.28,5.83,-82.37,0,1
2026-03-06 15:22:44.485447,1.88,24.46,125.92,0,1
2026-03-06 15:22:49.485447,0.6,23.43,-65.94,0,1
2026-03-06 15:22:54.485447,0.01,13.09,-21.7,0,1
2026-03-06 15:22:59.485447,2.7,6.98,-62.61,0,1
2026-03-06 15:23:04.485447,2.84,12.77,69.98,0,1
2026-03-06 15:23:09.485447,0.58,15.21,48.57,0,1
2026-03-06 15:23:14.485447,0.09,6.18,-0.71,0,1
2026-03-06 15:23:19.485447,0.22,24.79,-90.13,0,1
2026-03-06 15:23:24.485447,1.39,9.75,-108.25,0,1
2026-03-06 15:23:29.485447,2.94,15.31,122.87,0,1
2026-03-06 15:23:34.485447,2.99,7.41,54.02,0,1
2026-03-06 15:23:39.485447,1.25,7.73,102.48,0,1
2026-03-06 15:23:44.485447,1.97,11.77,-9.75,0,1
2026-03-06 15:23:49.485447,1.08,12.03,52.69,0,1
2026-03-06 15:23:54.485447,2.88,23.24,-92.34,0,1
2026-03-06 15:23:59.485447,2.83,14.17,76.95,0,1
2026-03-06 15:24:04.485447,2.18,16.86,-12.64,0,1
2026-03-06 15:24:09.485447,0.66,20.92,-55.84,0,1
2026-03-06 15:24:14.485447,2.5,24.07,93.35,0,1
2026-03-06 15:24:19.485447,1.61,10.93,78.12,0,1
2026-03-06 15:24:24.485447,1.71,17.68,124.14,0,1
2026-03-06 15:24:29.485447,2.86,5.45,-22.73,0,1
2026-03-06 15:24:34.485447,3.0,22.59,-61.56,0,1
2026-03-06 15:24:39.485447,2.23,18.22,84.92,0,1
2026-03-06 15:24:44.485447,1.26,16.79,-91.34,0,1
2026-03-06 15:24:49.485447,2.9,11.43,29.01,0,1
2026-03-06 15:24:54.485447,1.69,11.57,-34.79,0,1
2026-03-06 15:24:59.485447,1.93,7.45,121.72,0,1
2026-03-06 15:25:04.485447,0.11,7.45,-10.55,0,1
2026-03-06 15:25:09.485447,2.5,5.75,125.12,0,1
2026-03-06 15:25:14.485447,2.8,13.94,89.5,0,1
2026-03-06 15:25:19.485447,1.45,17.91,81.67,0,1
2026-03-06 15:25:24.485447,0.99,21.31,23.25,1,1
2026-03-06 15:25:29.485447,1.78,12.34,-107.36,0,1
2026-03-06 15:25:34.485447,0.78,9.7,68.17,1,1
2026-03-06 15:25:39.485447,1.93,11.68,-105.02,0,1
2026-03-06 15:25:44.485447,0.34,22.19,-53.78,0,1
2026-03-06 15:25:49.485447,1.12,18.54,-103.31,1,1
2026-03-06 15:25:54.485447,1.4,16.59,-84.46,0,1
2026-03-06 15:25:59.485447,1.08,6.7,-25.34,0,1
2026-03-06 15:26:04.485447,1.15,12.46,6.83,0,1
2026-03-06 15:26:09.485447,1.3,16.13,53.74,0,1
2026-03-06 15:26:14.485447,2.53,15.49,109.03,0,1
2026-03-06 15:26:19.485447,0.84,14.96,83.14,0,1
2026-03-06 15:26:24.485447,2.84,11.91,-75.0,0,1
2026-03-06 15:26:29.485447,0.33,12.56,122.77,0,1
2026-03-06 15:26:34.485447,2.9,11.47,-30.35,0,1
2026-03-06 15:26:39.485447,2.06,16.73,-47.11,0,1
2026-03-06 15:26:44.485447,1.65,24.74,44.1,0,1
2026-03-06 15:26:49.485447,2.52,17.27,88.52,1,1
2026-03-06 15:26:54.485447,1.28,21.4,-34.74,0,1
2026-03-06 15:26:59.485447,0.86,15.97,-38.11,0,1
2026-03-06 15:27:04.485447,2.2,19.85,48.66,0,1
2026-03-06 15:27:09.485447,0.2,24.23,-26.23,0,1
2026-03-06 15:27:14.485447,2.72,18.7,-76.31,0,1
2026-03-06 15:27:19.485447,2.46,14.68,-32.54,1,1
2026-03-06 15:27:24.485447,1.82,19.77,-58.75,1,1
2026-03-06 15:27:29.485447,2.57,24.63,-122.6,1,1
2026-03-06 15:27:34.485447,1.21,15.36,-14.08,0,1
2026-03-06 15:27:39.485447,1.83,14.72,50.48,0,1
2026-03-06 15:27:44.485447,1.26,6.36,37.35,0,1
2026-03-06 15:27:49.485447,0.81,21.68,-73.24,0,1
2026-03-06 15:27:54.485447,0.4,19.03,-97.56,0,1
2026-03-06 15:27:59.485447,2.31,18.73,-45.89,0,1
2026-03-06 15:28:04.485447,0.51,23.49,29.74,0,1
2026-03-06 15:28:09.485447,2.06,9.53,110.32,0,1
2026-03-06 15:28:14.485447,0.31,11.81,103.87,0,1
2026-03-06 15:28:19.485447,2.01,16.25,89.05,0,1
2026-03-06 15:28:24.485447,0.72,19.48,-20.6,0,1
2026-03-06 15:28:29.485447,1.64,19.29,15.38,0,1
2026-03-06 15:28:34.485447,0.34,7.6,34.1,1,1
2026-03-06 15:28:39.485447,1.72,14.58,55.54,0,1
2026-03-06 15:28:44.485447,1.71,13.84,112.93,0,1
2026-03-06 15:28:49.485447,0.51,24.03,-84.8,0,1
2026-03-06 15:28:54.485447,2.18,11.15,-30.65,0,1
2026-03-06 15:28:59.485447,2.47,15.85,45.61,1,1
2026-03-06 15:29:04.485447,2.32,6.38,-120.38,0,1
2026-03-06 15:29:09.485447,0.99,10.07,-69.55,0,1
2026-03-06 15:29:14.485447,0.52,12.13,-77.94,0,1
2026-03-06 15:29:19.485447,0.2,20.65,-70.66,0,1
2026-03-06 15:29:24.485447,0.3,15.62,35.05,0,1
2026-03-06 15:29:29.485447,2.31,20.7,-50.83,0,1
2026-03-06 15:29:34.485447,0.69,5.21,-20.37,1,1
2026-03-06 15:29:39.485447,0.16,23.91,-1.64,1,1
2026-03-06 15:29:44.485447,1.4,23.98,62.49,0,1
2026-03-06 15:29:49.485447,0.12,17.15,-48.65,0,1
2026-03-06 15:29:54.485447,0.36,13.75,-73.38,0,1
2026-03-06 15:29:59.485447,1.32,9.51,-104.12,0,1
2026-03-06 15:30:04.485447,1.84,15.62,26.51,0,1
2026-03-06 15:30:09.485447,0.22,22.31,100.36,0,1
2026-03-06 15:30:14.485447,0.81,22.52,120.81,0,1
2026-03-06 15:30:19.485447,2.72,21.61,43.95,0,1
2026-03-06 15:30:24.485447,2.24,20.74,-96.41,0,1
2026-03-06 15:30:29.485447,0.55,5.0,-46.5,0,1
2026-03-06 15:30:34.485447,0.84,20.51,-110.49,0,1
2026-03-06 15:30:39.485447,2.33,13.59,-74.42,0,1
2026-03-06 15:30:44.485447,1.7,5.36,-121.79,0,1
2026-03-06 15:30:49.485447,0.29,11.27,-76.93,0,1
2026-03-06 15:30:54.485447,0.3,7.39,18.36,0,1
2026-03-06 15:30:59.485447,2.26,17.89,-47.17,0,1
2026-03-06 15:31:04.485447,1.91,5.88,99.41,0,1
2026-03-06 15:31:09.485447,0.17,6.92,3.02,0,1
2026-03-06 15:31:14.485447,2.42,15.93,64.04,0,1
2026-03-06 15:31:19.485447,2.65,8.97,37.22,1,1
2026-03-06 15:31:24.485447,2.85,16.25,-74.6,0,1
2026-03-06 15:31:29.485447,2.26,24.47,1.89,1,1
2026-03-06 15:31:34.485447,1.47,5.66,83.6,0,1
2026-03-06 15:31:39.485447,1.2,24.41,-108.65,0,1
2026-03-06 15:31:44.485447,2.84,12.74,39.25,0,1
2026-03-06 15:31:49.485447,2.95,22.89,-122.87,0,1
2026-03-06 15:31:54.485447,2.45,16.77,-25.1,0,1
2026-03-06 15:31:59.485447,1.32,5.82,-38.34,1,1
2026-03-06 15:32:04.485447,1.31,11.76,-86.05,0,1
2026-03-06 15:32:09.485447,2.48,10.58,101.55,0,1
2026-03-06 15:32:14.485447,1.59,16.95,46.76,0,1
2026-03-06 15:32:19.485447,2.17,17.41,-80.28,0,1
2026-03-06 15:32:24.485447,1.65,19.25,-54.85,0,1
2026-03-06 15:32:29.485447,1.16,18.84,-52.53,1,1
2026-03-06 15:32:34.485447,2.46,11.02,88.54,0,1
2026-03-06 15:32:39.485447,1.33,15.53,-115.22,0,1
2026-03-06 15:32:44.485447,0.55,5.76,-36.77,1,1
2026-03-06 15:32:49.485447,2.86,24.91,-46.85,0,1
2026-03-06 15:32:54.485447,1.55,12.22,-86.93,0,1
2026-03-06 15:32:59.485447,1.36,14.18,-90.91,0,1
2026-03-06 15:33:04.485447,1.9,17.03,-88.99,0,1
2026-03-06 15:33:09.485447,2.48,5.49,125.65,0,1
2026-03-06 15:33:14.485447,2.93,5.99,16.59,0,1
2026-03-06 15:33:19.485447,1.92,11.15,-12.82,0,1
2026-03-06 15:33:24.485447,1.04,13.97,122.22,0,1
2026-03-06 15:33:29.485447,2.87,14.8,-0.14,0,1
2026-03-06 15:33:34.485447,1.39,16.27,26.14,0,1
2026-03-06 15:33:39.485447,2.9,11.68,105.48,0,1
2026-03-06 15:33:44.485447,1.36,24.92,-40.09,0,1
2026-03-06 15:33:49.485447,2.27,22.21,89.35,0,1
2026-03-06 15:33:54.485447,2.35,6.93,50.79,0,1
2026-03-06 15:33:59.485447,1.68,13.27,94.92,0,1
2026-03-06 15:34:04.485447,1.75,13.02,93.14,0,1
2026-03-06 15:34:09.485447,0.08,17.42,49.56,0,1
2026-03-06 15:34:14.485447,2.1,19.11,-34.07,1,1
2026-03-06 15:34:19.485447,0.01,19.34,47.89,0,1
2026-03-06 15:34:24.485447,2.33,8.76,-56.4,0,1
2026-03-06 15:34:29.485447,0.1,18.25,-90.71,0,1
2026-03-06 15:34:34.485447,2.05,24.34,-12.86,0,1
2026-03-06 15:34:39.485447,1.59,9.3,-52.81,0,1
2026-03-06 15:34:44.485447,0.46,12.14,-98.34,0,1
2026-03-06 15:34:49.485447,1.2,7.34,35.09,0,0
2026-03-06 15:34:54.485447,2.61,9.71,-35.5,0,1
2026-03-06 15:34:59.485447,1.5,10.46,17.24,0,1
2026-03-06 15:35:04.485447,2.03,18.9,-30.85,0,1
2026-03-06 15:35:09.485447,2.36,21.13,-49.32,0,1
2026-03-06 15:35:14.485447,2.35,24.65,-7.58,0,1
2026-03-06 15:35:19.485447,1.07,9.37,111.49,0,1
2026-03-06 15:35:24.485447,0.75,6.62,59.53,0,1
2026-03-06 15:35:29.485447,1.96,14.8,-100.24,0,1
2026-03-06 15:35:34.485447,2.96,10.99,52.25,0,1
2026-03-06 15:35:39.485447,2.87,21.6,-97.38,0,1
2026-03-06 15:35:44.485447,0.89,22.93,-15.82,0,1
2026-03-06 15:35:49.485447,1.79,8.92,8.79,0,1
2026-03-06 15:35:54.485447,0.36,11.4,-74.28,0,1
2026-03-06 15:35:59.485447,1.86,23.02,-73.07,0,1
2026-03-06 15:36:04.485447,1.96,14.05,20.63,0,1
2026-03-06 15:36:09.485447,1.65,11.62,99.66,1,1
2026-03-06 15:36:14.485447,1.59,18.33,118.34,0,1
2026-03-06 15:36:19.485447,1.64,9.22,-25.23,0,1
2026-03-06 15:36:24.485447,0.82,18.79,-0.98,0,1
2026-03-06 15:36:29.485447,0.99,23.68,-99.49,0,1
2026-03-06 15:36:34.485447,0.44,6.97,125.45,0,1
2026-03-06 15:36:39.485447,0.8,7.43,3.57,0,1
2026-03-06 15:36:44.485447,1.52,11.34,-26.68,0,1
2026-03-06 15:36:49.485447,0.94,21.81,115.67,1,1
2026-03-06 15:36:54.485447,0.03,24.48,-83.06,0,1
2026-03-06 15:36:59.485447,2.3,15.2,75.77,0,1
2026-03-06 15:37:04.485447,2.53,22.73,87.71,0,1
2026-03-06 15:37:09.485447,2.85,17.48,126.57,0,1
2026-03-06 15:37:14.485447,0.75,21.78,-123.87,1,1
2026-03-06 15:37:19.485447,2.64,20.32,111.69,0,1
2026-03-06 15:37:24.485447,0.24,20.75,33.99,0,1
2026-03-06 15:37:29.485447,2.91,11.72,-28.15,1,1
2026-03-06 15:37:34.485447,0.43,11.15,57.33,1,1
2026-03-06 15:37:39.485447,2.39,14.86,10.58,0,1
2026-03-06 15:37:44.485447,0.3,20.0,-48.02,0,1
2026-03-06 15:37:49.485447,0.23,8.05,-114.36,0,1
2026-03-06 15:37:54.485447,0.75,11.27,48.14,0,1
2026-03-06 15:37:59.485447,0.76,13.36,7.57,0,1
2026-03-06 15:38:04.485447,2.18,11.28,69.83,1,1
2026-03-06 15:38:09.485447,1.12,18.55,-24.36,0,1
2026-03-06 15:38:14.485447,0.87,15.93,42.82,0,1
2026-03-06 15:38:19.485447,2.56,9.1,-85.85,0,1
2026-03-06 15:38:24.485447,1.89,11.77,-32.53,0,1
2026-03-06 15:38:29.485447,2.53,16.59,115.52,0,1
2026-03-06 15:38:34.485447,1.9,6.43,90.65,0,1
2026-03-06 15:38:39.485447,1.27,11.93,42.95,0,1
2026-03-06 15:38:44.485447,2.58,6.98,-57.03,0,1
2026-03-06 15:38:49.485447,2.3,13.63,45.24,1,1
2026-03-06 15:38:54.485447,1.16,22.56,-26.99,0,1
2026-03-06 15:38:59.485447,0.72,19.16,77.15,0,1
2026-03-06 15:39:04.485447,1.13,13.82,-113.2,1,1
2026-03-06 15:39:09.485447,1.98,17.04,-114.8,1,1
2026-03-06 15:39:14.485447,1.46,11.6,44.5,0,1
2026-03-06 15:39:19.485447,2.41,15.49,122.18,0,1
2026-03-06 15:39:24.485447,0.19,15.38,51.56,0,1
2026-03-06 15:39:29.485447,1.1,23.12,-18.28,0,1
2026-03-06 15:39:34.485447,0.16,9.87,83.2,0,1
2026-03-06 15:39:39.485447,1.57,18.85,-76.82,0,1
2026-03-06 15:39:44.485447,0.75,19.5,25.37,1,1
2026-03-06 15:39:49.485447,1.46,11.28,54.23,0,1
2026-03-06 15:39:54.485447,2.44,11.2,-66.86,0,1
2026-03-06 15:39:59.485447,2.05,6.67,-28.78,1,1
2026-03-06 15:40:04.485447,2.59,8.04,-59.04,0,1
2026-03-06 15:40:09.485447,1.87,6.84,-52.2,0,1
2026-03-06 15:40:14.485447,2.46,24.39,85.48,0,1
2026-03-06 15:40:19.485447,2.84,5.79,-29.14,0,1
2026-03-06 15:40:24.485447,2.93,20.91,13.9,0,1
2026-03-06 15:40:29.485447,1.11,23.69,2.92,0,1
2026-03-06 15:40:34.485447,2.99,6.54,104.47,0,1
2026-03-06 15:40:39.485447,1.87,11.02,18.1,0,1
2026-03-06 15:40:44.485447,1.42,5.52,-6.57,0,1
2026-03-06 15:40:49.485447,0.48,7.6,21.5,0,1
2026-03-06 15:40:54.485447,2.43,18.42,-121.7,0,1
2026-03-06 15:40:59.485447,0.21,17.62,-24.81,0,1
2026-03-06 15:41:04.485447,2.81,6.56,-125.22,0,1
2026-03-06 15:41:09.485447,0.87,19.0,52.79,0,1
2026-03-06 15:41:14.485447,2.36,22.35,-66.57,0,1
2026-03-06 15:41:19.485447,2.15,13.0,-75.34,0,1
2026-03-06 15:41:24.485447,1.29,14.29,-85.54,1,1
2026-03-06 15:41:29.485447,2.56,20.21,31.68,0,1
2026-03-06 15:41:34.485447,2.93,9.13,-17.37,0,1
2026-03-06 15:41:39.485447,2.49,5.32,71.1,0,1
2026-03-06 15:41:44.485447,2.51,7.57,-71.61,0,1
2026-03-06 15:41:49.485447,1.87,7.58,8.12,0,1
2026-03-06 15:41:54.485447,1.13,12.06,-48.57,0,1
2026-03-06 15:41:59.485447,2.87,10.18,-44.93,0,1
2026-03-06 15:42:04.485447,0.75,14.63,-119.06,0,1
2026-03-06 15:42:09.485447,0.63,24.41,28.35,0,1
2026-03-06 15:42:14.485447,1.0,6.23,-3.78,1,1
2026-03-06 15:42:19.485447,1.24,7.75,65.46,0,1
2026-03-06 15:42:24.485447,1.59,8.52,-60.15,1,1
2026-03-06 15:42:29.485447,0.49,22.69,-117.74,0,1
2026-03-06 15:42:34.485447,1.36,12.63,-20.89,1,1
2026-03-06 15:42:39.485447,0.71,6.42,-59.76,0,1
2026-03-06 15:42:44.485447,1.44,7.97,-100.27,0,1
2026-03-06 15:42:49.485447,0.22,24.93,110.18,0,1
2026-03-06 15:42:54.485447,0.27,16.46,36.85,0,1
2026-03-06 15:42:59.485447,0.28,6.5,29.35,0,1
2026-03-06 15:43:04.485447,0.28,20.92,98.81,0,1
2026-03-06 15:43:09.485447,2.38,7.28,106.5,0,1
2026-03-06 15:43:14.485447,0.88,22.55,39.13,0,1
2026-03-06 15:43:19.485447,1.36,15.16,-63.38,0,1
2026-03-06 15:43:24.485447,2.89,18.29,-92.85,0,1
2026-03-06 15:43:29.485447,1.12,17.06,123.63,1,1
2026-03-06 15:43:34.485447,2.83,21.8,-47.46,0,1
2026-03-06 15:43:39.485447,2.13,10.63,-12.31,0,1
2026-03-06 15:43:44.485447,2.46,11.95,14.45,0,1
2026-03-06 15:43:49.485447,1.51,21.51,34.65,0,1
2026-03-06 15:43:54.485447,0.71,7.58,-119.32,1,1
2026-03-06 15:43:59.485447,1.08,9.55,112.08,0,1
2026-03-06 15:44:04.485447,1.71,11.38,15.51,0,1
2026-03-06 15:44:09.485447,1.05,14.98,67.95,1,1
2026-03-06 15:44:14.485447,2.96,8.46,12.32,0,1
2026-03-06 15:44:19.485447,2.39,12.57,-33.23,0,1
2026-03-06 15:44:24.485447,1.72,12.61,-53.45,0,1
2026-03-06 15:44:29.485447,2.15,24.81,83.48,0,1
2026-03-06 15:44:34.485447,2.87,5.69,-19.94,1,1
2026-03-06 15:44:39.485447,0.02,14.36,51.88,0,1
2026-03-06 15:44:44.485447,2.61,10.3,-26.92,0,1
2026-03-06 15:44:49.485447,2.83,9.45,-47.0,0,1
2026-03-06 15:44:54.485447,2.33,16.23,36.89,0,1
2026-03-06 15:44:59.485447,1.45,6.02,29.13,0,1
2026-03-06 15:45:04.485447,2.04,13.8,-85.6,0,1
2026-03-06 15:45:09.485447,1.36,13.89,56.97,0,1
2026-03-06 15:45:14.485447,2.85,8.44,94.08,0,1
2026-03-06 15:45:19.485447,2.63,20.43,-1.98,1,1
2026-03-06 15:45:24.485447,1.28,22.63,-112.87,1,1
2026-03-06 15:45:29.485447,2.23,19.45,-102.2,0,1
2026-03-06 15:45:34.485447,0.08,5.28,13.02,0,1
2026-03-06 15:45:39.485447,2.15,21.97,-118.94,0,1
2026-03-06 15:45:44.485447,0.13,5.97,104.59,0,1
2026-03-06 15:45:49.485447,0.21,5.91,-70.51,0,1
2026-03-06 15:45:54.485447,1.13,13.29,15.6,1,1
2026-03-06 15:45:59.485447,2.61,7.5,-96.98,0,1
2026-03-06 15:46:04.485447,0.74,12.08,27.17,0,1
2026-03-06 15:46:09.485447,1.9,18.08,-99.35,1,1
2026-03-06 15:46:14.485447,1.24,5.15,61.05,0,1
2026-03-06 15:46:19.485447,1.88,24.96,-117.81,0,1
2026-03-06 15:46:24.485447,2.55,11.6,-9.5,0,1
2026-03-06 15:46:29.485447,1.96,11.34,-69.16,0,1
2026-03-06 15:46:34.485447,0.41,16.49,-71.24,0,1
2026-03-06 15:46:39.485447,1.76,23.89,-122.0,0,1
2026-03-06 15:46:44.485447,2.99,16.88,93.89,0,1
2026-03-06 15:46:49.485447,1.66,8.04,18.93,0,1
2026-03-06 15:46:54.485447,1.23,14.76,-117.86,1,1
2026-03-06 15:46:59.485447,2.85,13.11,-114.88,1,1
2026-03-06 15:47:04.485447,2.75,10.1,-12.93,0,1
2026-03-06 15:47:09.485447,1.59,18.75,85.41,0,1
2026-03-06 15:47:14.485447,0.39,11.19,-31.43,0,1
2026-03-06 15:47:19.485447,0.38,23.95,-6.29,0,1
2026-03-06 15:47:24.485447,0.52,8.24,-60.68,0,1
2026-03-06 15:47:29.485447,1.32,21.58,0.04,0,1
2026-03-06 15:47:34.485447,2.8,5.47,77.79,0,1
2026-03-06 15:47:39.485447,2.1,21.5,-13.07,1,1
2026-03-06 15:47:44.485447,2.71,5.61,-106.3,0,1
2026-03-06 15:47:49.485447,2.04,7.97,42.21,0,1
2026-03-06 15:47:54.485447,1.47,12.83,-43.01,0,1
2026-03-06 15:47:59.485447,2.59,5.34,-94.57,0,1
2026-03-06 15:48:04.485447,2.8,13.72,-13.76,0,1
2026-03-06 15:48:09.485447,0.18,7.1,-76.06,0,1
2026-03-06 15:48:14.485447,2.09,8.74,-35.62,0,1
2026-03-06 15:48:19.485447,2.13,8.85,-32.37,0,1
2026-03-06 15:48:24.485447,2.38,19.17,7.31,0,1
2026-03-06 15:48:29.485447,0.04,23.03,117.01,1,1
2026-03-06 15:48:34.485447,0.17,20.83,-75.35,0,1
2026-03-06 15:48:39.485447,0.09,9.72,-30.48,0,1
2026-03-06 15:48:44.485447,2.22,8.76,-111.87,1,1
2026-03-06 15:48:49.485447,1.05,12.55,-42.23,0,1
2026-03-06 15:48:54.485447,0.37,10.71,12.5,0,1
2026-03-06 15:48:59.485447,2.82,8.66,-116.15,0,1
2026-03-06 15:49:04.485447,0.28,12.2,-118.27,0,1
2026-03-06 15:49:09.485447,2.94,22.16,106.53,0,1
2026-03-06 15:49:14.485447,2.99,21.62,100.57,0,1
2026-03-06 15:49:19.485447,1.91,7.93,-79.33,0,1
2026-03-06 15:49:24.485447,0.58,16.57,-68.02,0,1
2026-03-06 15:49:29.485447,1.81,5.86,-114.35,0,1
2026-03-06 15:49:34.485447,1.86,14.94,122.04,0,1
2026-03-06 15:49:39.485447,1.61,24.93,-100.12,0,1
2026-03-06 15:49:44.485447,0.81,12.62,-19.41,0,1
2026-03-06 15:49:49.485447,1.59,17.24,-54.8,0,1
2026-03-06 15:49:54.485447,1.49,13.4,-46.66,0,1
2026-03-06 15:49:59.485447,0.99,8.56,39.7,0,0
2026-03-06 15:50:04.485447,0.93,16.12,-22.94,0,1
2026-03-06 15:50:09.485447,2.46,7.15,-16.52,0,1
2026-03-06 15:50:14.485447,0.07,19.43,104.56,1,1
2026-03-06 15:50:19.485447,0.68,11.63,-16.27,0,1
2026-03-06 15:50:24.485447,1.3,22.95,13.96,0,1
2026-03-06 15:50:29.485447,0.51,8.72,-28.35,0,1
2026-03-06 15:50:34.485447,1.36,5.28,45.07,0,1
2026-03-06 15:50:39.485447,2.16,17.89,38.79,1,1
2026-03-06 15:50:44.485447,0.71,6.79,47.41,0,1
2026-03-06 15:50:49.485447,1.54,15.66,-55.66,0,1
2026-03-06 15:50:54.485447,1.99,22.78,-48.81,0,1
2026-03-06 15:50:59.485447,0.22,6.12,-85.54,0,1
2026-03-06 15:51:04.485447,0.82,24.65,59.23,0,1
2026-03-06 15:51:09.485447,2.05,22.83,-117.94,0,1
2026-03-06 15:51:14.485447,0.9,21.14,-49.64,0,1
2026-03-06 15:51:19.485447,0.67,20.75,69.77,0,1
2026-03-06 15:51:24.485447,1.42,11.84,-110.63,0,1
2026-03-06 15:51:29.485447,2.4,21.03,25.19,0,1
2026-03-06 15:51:34.485447,0.96,16.12,-93.91,0,1
2026-03-06 15:51:39.485447,2.63,15.07,68.28,0,1
2026-03-06 15:51:44.485447,0.71,13.98,-113.97,0,1
2026-03-06 15:51:49.485447,2.2,16.11,-62.97,0,1
2026-03-06 15:51:54.485447,1.63,5.53,121.68,0,1
2026-03-06 15:51:59.485447,0.72,7.48,-76.3,1,1
2026-03-06 15:52:04.485447,2.47,24.86,-30.16,1,1
2026-03-06 15:52:09.485447,2.54,12.54,-4.73,0,1
2026-03-06 15:52:14.485447,2.04,21.88,94.76,0,1
2026-03-06 15:52:19.485447,2.49,12.54,52.68,0,1
2026-03-06 15:52:24.485447,2.74,9.11,-106.71,1,1
2026-03-06 15:52:29.485447,1.45,11.31,68.29,0,1
2026-03-06 15:52:34.485447,2.78,20.21,-71.99,0,1
2026-03-06 15:52:39.485447,0.41,13.04,99.79,0,1
2026-03-06 15:52:44.485447,1.0,8.11,3.57,0,1
2026-03-06 15:52:49.485447,0.22,8.4,2.85,0,1
2026-03-06 15:52:54.485447,0.69,24.56,8.56,0,1
2026-03-06 15:52:59.485447,0.3,24.72,113.65,1,1
2026-03-06 15:53:04.485447,0.85,21.47,104.64,0,1
2026-03-06 15:53:09.485447,1.62,22.05,97.73,0,1
2026-03-06 15:53:14.485447,0.86,5.3,82.2,0,1
2026-03-06 15:53:19.485447,1.59,23.25,-117.58,0,1
2026-03-06 15:53:24.485447,0.97,24.92,54.25,0,1
2026-03-06 15:53:29.485447,1.68,21.93,-64.13,1,1
2026-03-06 15:53:34.485447,2.45,16.23,-29.79,0,1
2026-03-06 15:53:39.485447,1.22,16.31,-27.5,0,1
2026-03-06 15:53:44.485447,2.76,12.5,59.52,0,1
2026-03-06 15:53:49.485447,0.29,23.5,42.02,0,1
2026-03-06 15:53:54.485447,0.51,15.58,-80.37,1,1
2026-03-06 15:53:59.485447,0.68,13.23,58.98,0,1
2026-03-06 15:54:04.485447,1.59,17.71,-23.7,1,1
2026-03-06 15:54:09.485447,2.99,11.38,109.65,0,1
2026-03-06 15:54:14.485447,2.31,15.55,-115.81,0,1
2026-03-06 15:54:19.485447,0.29,18.6,120.27,0,1
2026-03-06 15:54:24.485447,0.63,19.0,-67.39,0,1
2026-03-06 15:54:29.485447,2.73,9.46,116.16,0,1
2026-03-06 15:54:34.485447,2.12,24.68,5.81,0,1
2026-03-06 15:54:39.485447,1.2,15.1,-82.79,0,1
2026-03-06 15:54:44.485447,1.62,11.76,123.06,0,1
2026-03-06 15:54:49.485447,0.98,7.05,-38.65,0,1
2026-03-06 15:54:54.485447,2.72,17.6,-69.39,0,1
2026-03-06 15:54:59.485447,0.17,17.61,54.4,0,1
2026-03-06 15:55:04.485447,2.46,22.64,-112.78,1,1
2026-03-06 15:55:09.485447,2.35,8.43,19.19,1,1
2026-03-06 15:55:14.485447,0.71,15.77,6.37,0,1
2026-03-06 15:55:19.485447,2.73,15.78,116.73,0,1
2026-03-06 15:55:24.485447,1.29,9.94,87.25,0,1
2026-03-06 15:55:29.485447,1.65,9.57,97.68,0,1
2026-03-06 15:55:34.485447,0.83,9.42,-20.95,0,1
2026-03-06 15:55:39.485447,0.05,5.59,57.6,0,1
2026-03-06 15:55:44.485447,2.24,19.11,124.44,0,1
2026-03-06 15:55:49.485447,1.92,10.74,-37.62,1,1
2026-03-06 15:55:54.485447,1.66,7.44,-41.61,0,1
2026-03-06 15:55:59.485447,1.96,6.27,37.33,0,1
2026-03-06 15:56:04.485447,2.4,23.25,29.74,0,1
2026-03-06 15:56:09.485447,2.26,7.0,125.75,0,1
2026-03-06 15:56:14.485447,1.86,11.4,-31.73,0,1
2026-03-06 15:56:19.485447,1.27,13.8,85.57,0,1
2026-03-06 15:56:24.485447,2.87,12.23,-34.67,0,1
2026-03-06 15:56:29.485447,2.32,6.03,116.49,0,1
2026-03-06 15:56:34.485447,0.07,22.13,-8.08,0,1
2026-03-06 15:56:39.485447,1.1,13.49,47.68,0,1
2026-03-06 15:56:44.485447,0.85,23.16,-94.65,0,1
2026-03-06 15:56:49.485447,1.19,9.11,83.27,0,1
2026-03-06 15:56:54.485447,2.94,20.83,-17.66,0,1
2026-03-06 15:56:59.485447,0.77,6.5,-29.04,0,1
2026-03-06 15:57:04.485447,2.14,22.55,98.68,0,1
2026-03-06 15:57:09.485447,0.81,14.56,74.89,0,1
2026-03-06 15:57:14.485447,2.52,10.49,16.91,0,1
2026-03-06 15:57:19.485447,0.55,22.67,54.4,0,1
2026-03-06 15:57:24.485447,1.42,7.04,-27.17,0,1
2026-03-06 15:57:29.485447,1.71,8.32,108.66,0,1
2026-03-06 15:57:34.485447,0.83,23.2,67.89,0,1
2026-03-06 15:57:39.485447,0.92,8.87,120.29,0,1
2026-03-06 15:57:44.485447,0.84,24.48,123.37,0,1
2026-03-06 15:57:49.485447,0.01,9.39,83.23,0,1
2026-03-06 15:57:54.485447,1.47,17.99,-30.4,1,1
2026-03-06 15:57:59.485447,2.66,19.68,121.06,0,1
2026-03-06 15:58:04.485447,0.97,21.29,-16.42,0,1
2026-03-06 15:58:09.485447,1.42,10.17,32.48,0,1
2026-03-06 15:58:14.485447,0.54,22.79,-49.26,0,1
2026-03-06 15:58:19.485447,2.75,14.83,46.49,0,1
2026-03-06 15:58:24.485447,1.16,10.8,-105.58,0,1
2026-03-06 15:58:29.485447,2.09,23.02,-26.26,0,1
2026-03-06 15:58:34.485447,2.86,12.35,-78.6,1,1
2026-03-06 15:58:39.485447,0.81,6.4,-8.97,0,1
2026-03-06 15:58:44.485447,1.63,6.16,-89.17,0,1
2026-03-06 15:58:49.485447,0.34,9.92,-122.53,0,1
2026-03-06 15:58:54.485447,2.97,15.08,54.01,0,1
2026-03-06 15:58:59.485447,2.6,15.11,-27.14,0,1
2026-03-06 15:59:04.485447,0.45,20.76,-78.43,1,1
2026-03-06 15:59:09.485447,2.05,22.27,74.83,0,1
2026-03-06 15:59:14.485447,2.44,12.07,6.65,0,1
2026-03-06 15:59:19.485447,0.35,12.83,53.02,0,1
2026-03-06 15:59:24.485447,1.25,15.97,-42.9,1,1
2026-03-06 15:59:29.485447,1.62,21.39,-105.43,0,1
2026-03-06 15:59:34.485447,0.33,23.58,89.75,0,1
2026-03-06 15:59:39.485447,2.29,15.67,90.28,0,1
2026-03-06 15:59:44.485447,0.89,12.91,44.55,0,1
2026-03-06 15:59:49.485447,2.37,9.14,-94.63,0,1
2026-03-06 15:59:54.485447,0.98,8.68,-63.1,0,1
2026-03-06 15:59:59.485447,0.84,24.78,109.22,0,1
2026-03-06 16:00:04.485447,2.0,22.17,46.0,1,1
2026-03-06 16:00:09.485447,2.4,21.72,-42.99,0,1
2026-03-06 16:00:14.485447,2.89,21.14,73.46,0,1
2026-03-06 16:00:19.485447,0.36,6.35,-56.1,0,1
2026-03-06 16:00:24.485447,1.48,19.92,-32.74,0,1
2026-03-06 16:00:29.485447,0.61,10.02,30.8,0,1
2026-03-06 16:00:34.485447,2.44,22.88,35.25,0,1
2026-03-06 16:00:39.485447,0.52,9.95,24.46,0,1
2026-03-06 16:00:44.485447,0.32,15.06,-29.91,1,1
2026-03-06 16:00:49.485447,2.04,5.29,82.96,0,1
2026-03-06 16:00:54.485447,1.41,12.9,-72.1,0,1
2026-03-06 16:00:59.485447,1.87,11.69,-121.52,0,1
2026-03-06 16:01:04.485447,0.85,23.64,126.38,0,1
2026-03-06 16:01:09.485447,2.05,16.89,-39.72,0,1
2026-03-06 16:01:14.485447,2.46,7.43,61.99,0,1
2026-03-06 16:01:19.485447,0.82,14.49,121.32,0,1
2026-03-06 16:01:24.485447,1.21,22.07,-103.07,0,1
2026-03-06 16:01:29.485447,2.12,13.81,52.78,0,1
2026-03-06 16:01:34.485447,2.75,11.6,46.51,0,1
2026-03-06 16:01:39.485447,2.77,24.14,78.59,0,1
2026-03-06 16:01:44.485447,0.62,13.79,-41.6,0,1
2026-03-06 16:01:49.485447,1.66,18.85,27.62,0,1
2026-03-06 16:01:54.485447,0.31,12.87,6.62,0,1
2026-03-06 16:01:59.485447,0.67,11.49,-60.47,0,1
2026-03-06 16:02:04.485447,0.72,16.75,77.72,0,1
2026-03-06 16:02:09.485447,2.19,17.72,-16.63,1,1
2026-03-06 16:02:14.485447,0.32,20.21,-74.07,0,1
2026-03-06 16:02:19.485447,1.93,19.03,-37.8,0,1
2026-03-06 16:02:24.485447,1.78,16.38,49.35,1,1
2026-03-06 16:02:29.485447,0.04,20.77,1.63,0,1
2026-03-06 16:02:34.485447,2.5,5.22,87.84,0,1
2026-03-06 16:02:39.485447,2.15,10.78,-107.5,1,1
2026-03-06 16:02:44.485447,0.04,10.95,125.58,0,1
2026-03-06 16:02:49.485447,1.29,16.93,52.83,0,1
2026-03-06 16:02:54.485447,0.32,20.18,-16.38,0,1
2026-03-06 16:02:59.485447,0.51,19.61,116.73,0,1
2026-03-06 16:03:04.485447,0.2,10.98,4.15,0,1
2026-03-06 16:03:09.485447,0.98,16.05,-92.35,0,1
2026-03-06 16:03:14.485447,1.58,24.43,-3.21,0,1
2026-03-06 16:03:19.485447,2.8,14.83,-126.25,0,1
2026-03-06 16:03:24.485447,2.39,20.98,7.45,0,1
2026-03-06 16:03:29.485447,0.25,21.1,-12.12,0,1
2026-03-06 16:03:34.485447,2.98,15.63,-121.43,1,1
2026-03-06 16:03:39.485447,2.8,9.46,8.38,0,1
2026-03-06 16:03:44.485447,2.91,7.31,91.26,0,1
2026-03-06 16:03:49.485447,0.56,13.38,-52.22,0,1
2026-03-06 16:03:54.485447,1.69,17.66,6.13,0,1
2026-03-06 16:03:59.485447,2.16,7.96,-30.48,1,1
2026-03-06 16:04:04.485447,2.33,20.36,99.59,0,1
2026-03-06 16:04:09.485447,0.27,24.72,124.67,0,1
2026-03-06 16:04:14.485447,1.33,11.87,78.32,0,1
2026-03-06 16:04:19.485447,0.61,6.66,-22.68,0,1
2026-03-06 16:04:24.485447,1.23,12.15,70.84,0,1
2026-03-06 16:04:29.485447,2.86,14.2,-18.77,0,1
2026-03-06 16:04:34.485447,2.64,18.25,-91.24,0,1
2026-03-06 16:04:39.485447,0.74,17.11,-118.88,0,1
2026-03-06 16:04:44.485447,2.53,16.83,-90.55,0,1
2026-03-06 16:04:49.485447,2.29,21.13,-80.31,0,1
2026-03-06 16:04:54.485447,2.91,18.13,124.46,0,1
2026-03-06 16:04:59.485447,2.9,24.67,97.89,0,1
2026-03-06 16:05:04.485447,0.7,11.16,124.69,0,1
2026-03-06 16:05:09.485447,0.95,15.05,79.89,0,1
2026-03-06 16:05:14.485447,2.57,11.7,55.84,0,1
2026-03-06 16:05:19.485447,2.0,20.2,126.72,0,1
2026-03-06 16:05:24.485447,1.51,10.76,94.94,0,1
2026-03-06 16:05:29.485447,0.14,11.27,-115.54,0,1
2026-03-06 16:05:34.485447,0.06,15.75,-120.91,0,1
2026-03-06 16:05:39.485447,1.56,17.77,28.07,0,1
2026-03-06 16:05:44.485447,1.38,10.51,-116.96,0,1
2026-03-06 16:05:49.485447,2.66,19.48,-119.33,0,1
2026-03-06 16:05:54.485447,0.29,24.59,-5.2,0,1
2026-03-06 16:05:59.485447,2.61,19.84,16.15,0,1
2026-03-06 16:06:04.485447,2.8,16.93,47.79,0,1
2026-03-06 16:06:09.485447,2.33,5.6,10.81,0,1
2026-03-06 16:06:14.485447,1.51,7.42,-76.75,0,1
2026-03-06 16:06:19.485447,0.44,13.65,-85.26,0,1
2026-03-06 16:06:24.485447,0.7,9.33,-49.86,0,1
2026-03-06 16:06:29.485447,1.29,15.96,-82.34,0,1
2026-03-06 16:06:34.485447,1.82,16.96,116.42,0,1
2026-03-06 16:06:39.485447,1.88,11.2,111.54,0,1
2026-03-06 16:06:44.485447,0.68,23.87,33.01,0,1
2026-03-06 16:06:49.485447,1.86,24.44,78.88,0,1
2026-03-06 16:06:54.485447,2.05,19.45,56.12,0,1
2026-03-06 16:06:59.485447,2.8,9.57,-82.24,0,1
2026-03-06 16:07:04.485447,0.3,21.29,87.31,0,1
2026-03-06 16:07:09.485447,1.79,23.41,-106.61,0,1
2026-03-06 16:07:14.485447,2.67,5.19,-28.24,0,1
2026-03-06 16:07:19.485447,1.69,22.86,-6.24,0,1
2026-03-06 16:07:24.485447,2.27,22.51,79.91,0,1
2026-03-06 16:07:29.485447,1.92,12.81,40.99,0,1
2026-03-06 16:07:34.485447,2.4,23.07,-26.26,0,1
2026-03-06 16:07:39.485447,2.92,6.93,-56.58,0,1
2026-03-06 16:07:44.485447,2.68,9.51,-95.2,0,1
2026-03-06 16:07:49.485447,0.89,13.42,-58.93,0,1
2026-03-06 16:07:54.485447,0.09,15.19,68.32,0,1
2026-03-06 16:07:59.485447,0.15,14.72,107.07,0,1
2026-03-06 16:08:04.485447,2.39,13.53,25.37,0,1
2026-03-06 16:08:09.485447,0.42,13.69,84.24,0,1
2026-03-06 16:08:14.485447,2.18,11.72,121.0,0,1
2026-03-06 16:08:19.485447,1.6,20.38,-116.18,0,1
2026-03-06 16:08:24.485447,0.54,20.61,82.2,0,1
2026-03-06 16:08:29.485447,1.62,24.36,-113.68,0,1
2026-03-06 16:08:34.485447,2.86,16.62,-27.6,0,1
2026-03-06 16:08:39.485447,0.63,23.49,35.79,0,1
2026-03-06 16:08:44.485447,1.19,5.83,46.2,0,1
2026-03-06 16:08:49.485447,0.36,24.35,13.43,1,1
2026-03-06 16:08:54.485447,1.89,20.49,-42.93,0,1
2026-03-06 16:08:59.485447,0.61,9.99,126.74,1,1
2026-03-06 16:09:04.485447,1.63,23.71,-36.41,0,1
2026-03-06 16:09:09.485447,2.11,18.26,-2.32,0,1
2026-03-06 16:09:14.485447,0.23,9.62,-32.08,0,1
2026-03-06 16:09:19.485447,2.46,13.18,-62.03,0,1
2026-03-06 16:09:24.485447,0.27,24.35,-100.92,0,1
2026-03-06 16:09:29.485447,2.05,5.82,58.71,0,1
2026-03-06 16:09:34.485447,1.58,9.65,76.33,0,1
2026-03-06 16:09:39.485447,2.46,20.45,64.01,0,1
2026-03-06 16:09:44.485447,1.87,23.99,50.26,0,1
2026-03-06 16:09:49.485447,0.95,11.64,-95.26,0,1
2026-03-06 16:09:54.485447,1.42,5.07,120.73,1,1
2026-03-06 16:09:59.485447,2.35,8.59,-73.01,0,1
2026-03-06 16:10:04.485447,1.5,15.44,-96.74,0,1
2026-03-06 16:10:09.485447,0.29,22.21,56.22,0,1
2026-03-06 16:10:14.485447,2.26,9.27,-6.07,0,1
2026-03-06 16:10:19.485447,0.87,22.65,-102.59,0,1
2026-03-06 16:10:24.485447,0.87,15.75,-63.0,1,1
2026-03-06 16:10:29.485447,2.28,17.2,-5.73,0,1
2026-03-06 16:10:34.485447,2.54,20.31,-66.67,0,1
2026-03-06 16:10:39.485447,2.15,17.86,-1.92,0,1
2026-03-06 16:10:44.485447,2.79,6.58,23.23,0,1
2026-03-06 16:10:49.485447,2.14,5.89,-46.14,1,1
2026-03-06 16:10:54.485447,2.04,16.49,86.54,0,1
2026-03-06 16:10:59.485447,2.91,12.87,63.54,0,1
2026-03-06 16:11:04.485447,1.38,10.48,-63.74,0,1
2026-03-06 16:11:09.485447,2.29,16.98,86.28,1,1
2026-03-06 16:11:14.485447,0.32,13.66,-61.52,0,1
2026-03-06 16:11:19.485447,2.44,5.62,-109.37,0,1
2026-03-06 16:11:24.485447,0.14,10.14,86.69,0,1
2026-03-06 16:11:29.485447,0.8,12.6,-60.15,1,1
2026-03-06 16:11:34.485447,1.53,23.65,-120.1,0,1
2026-03-06 16:11:39.485447,2.21,14.3,71.56,0,1
2026-03-06 16:11:44.485447,0.84,16.63,-28.52,0,1
2026-03-06 16:11:49.485447,1.51,10.01,33.06,0,1
2026-03-06 16:11:54.485447,2.04,13.97,30.09,0,1
2026-03-06 16:11:59.485447,2.9,6.36,-51.62,0,1
2026-03-06 16:12:04.485447,0.53,22.59,65.41,0,1
2026-03-06 16:12:09.485447,0.48,12.14,-15.4,0,1
2026-03-06 16:12:14.485447,2.47,5.18,123.19,0,1
2026-03-06 16:12:19.485447,1.02,22.73,-63.38,0,1
2026-03-06 16:12:24.485447,1.08,22.73,37.49,0,1
2026-03-06 16:12:29.485447,2.79,24.74,75.46,0,1
2026-03-06 16:12:34.485447,2.02,13.39,-115.72,0,1
2026-03-06 16:12:39.485447,0.19,13.64,-43.52,1,1
2026-03-06 16:12:44.485447,1.49,23.97,88.76,0,1
2026-03-06 16:12:49.485447,0.31,8.4,100.8,1,1
2026-03-06 16:12:54.485447,2.84,7.44,105.75,0,1
2026-03-06 16:12:59.485447,2.68,21.72,14.37,0,1
2026-03-06 16:13:04.485447,1.42,24.63,17.03,0,1
2026-03-06 16:13:09.485447,1.0,12.66,-69.11,0,1
2026-03-06 16:13:14.485447,0.19,18.77,-61.49,0,1
2026-03-06 16:13:19.485447,2.32,17.84,31.96,0,1
2026-03-06 16:13:24.485447,0.32,20.1,13.99,0,1
2026-03-06 16:13:29.485447,2.52,24.65,59.59,0,1
2026-03-06 16:13:34.485447,0.73,17.32,3.23,0,1
2026-03-06 16:13:39.485447,0.72,9.74,77.12,0,1
2026-03-06 16:13:44.485447,0.38,11.92,20.93,0,1
2026-03-06 16:13:49.485447,2.61,9.49,117.1,1,1
2026-03-06 16:13:54.485447,0.27,13.86,-16.67,0,1
2026-03-06 16:13:59.485447,2.84,22.13,101.05,0,1
2026-03-06 16:14:04.485447,2.22,23.95,79.39,0,1
2026-03-06 16:14:09.485447,0.71,8.46,90.59,0,1
2026-03-06 16:14:14.485447,1.93,20.92,-122.06,0,1
2026-03-06 16:14:19.485447,0.5,5.71,75.86,0,1
2026-03-06 16:14:24.485447,1.06,12.38,35.53,0,0
2026-03-06 16:14:29.485447,0.79,22.07,45.81,0,1
2026-03-06 16:14:34.485447,1.37,15.86,11.42,0,1
2026-03-06 16:14:39.485447,1.43,5.5,-43.03,1,1
2026-03-06 16:14:44.485447,1.05,20.96,69.66,0,1
2026-03-06 16:14:49.485447,1.72,23.79,-31.18,0,1
2026-03-06 16:14:54.485447,0.66,24.36,78.54,0,1
2026-03-06 16:14:59.485447,1.88,9.41,-95.8,0,1
2026-03-06 16:15:04.485447,0.62,14.54,124.06,0,1
2026-03-06 16:15:09.485447,1.48,23.87,122.91,0,1
2026-03-06 16:15:14.485447,2.55,18.37,39.15,0,1
2026-03-06 16:15:19.485447,0.86,22.28,64.76,0,1
2026-03-06 16:15:24.485447,2.12,15.56,72.53,1,1
2026-03-06 16:15:29.485447,2.69,14.64,67.51,0,1
2026-03-06 16:15:34.485447,2.55,9.22,63.02,0,1
2026-03-06 16:15:39.485447,0.49,8.88,55.08,0,1
2026-03-06 16:15:44.485447,0.08,11.31,-107.25,0,1
2026-03-06 16:15:49.485447,2.02,23.06,-118.51,0,1
2026-03-06 16:15:54.485447,0.9,7.14,-101.47,0,1
2026-03-06 16:15:59.485447,2.1,10.31,118.31,0,1
2026-03-06 16:16:04.485447,0.74,21.52,-21.51,0,1
2026-03-06 16:16:09.485447,1.43,16.92,-19.03,0,1
2026-03-06 16:16:14.485447,2.09,24.5,36.37,0,1
2026-03-06 16:16:19.485447,2.33,12.32,-112.94,0,1
2026-03-06 16:16:24.485447,1.04,16.48,81.7,1,1
2026-03-06 16:16:29.485447,0.87,21.6,-104.76,0,1
2026-03-06 16:16:34.485447,1.22,19.15,11.96,0,1
2026-03-06 16:16:39.485447,2.17,6.05,55.63,0,1
2026-03-06 16:16:44.485447,0.36,10.47,19.44,1,1
2026-03-06 16:16:49.485447,2.8,21.57,28.27,0,1
2026-03-06 16:16:54.485447,0.15,9.66,-43.13,0,1
2026-03-06 16:16:59.485447,0.1,12.62,69.51,0,1
2026-03-06 16:17:04.485447,1.51,24.13,18.81,0,1
2026-03-06 16:17:09.485447,1.72,9.6,-23.57,0,1
2026-03-06 16:17:14.485447,1.3,6.81,-31.83,0,1
2026-03-06 16:17:19.485447,2.55,6.34,27.19,0,1
2026-03-06 16:17:24.485447,2.33,10.23,52.29,0,1
2026-03-06 16:17:29.485447,1.03,11.75,-91.34,0,1
2026-03-06 16:17:34.485447,0.42,15.72,43.34,0,1
2026-03-06 16:17:39.485447,2.09,12.33,115.4,0,1
2026-03-06 16:17:44.485447,0.72,7.76,-9.09,0,1
2026-03-06 16:17:49.485447,1.99,20.7,94.1,0,1
2026-03-06 16:17:54.485447,1.42,7.71,-37.31,0,1
2026-03-06 16:17:59.485447,1.62,24.87,4.47,0,1
2026-03-06 16:18:04.485447,2.58,9.44,41.51,1,1
2026-03-06 16:18:09.485447,1.02,6.09,44.18,0,1
2026-03-06 16:18:14.485447,1.23,15.25,-29.15,0,1
2026-03-06 16:18:19.485447,2.79,5.28,30.9,0,1
2026-03-06 16:18:24.485447,1.51,24.81,-100.18,0,1
2026-03-06 16:18:29.485447,2.97,11.22,-105.64,0,1
2026-03-06 16:18:34.485447,0.01,20.57,-41.42,0,1
2026-03-06 16:18:39.485447,1.05,11.67,47.86,0,1
2026-03-06 16:18:44.485447,0.82,18.57,-76.5,0,1
2026-03-06 16:18:49.485447,1.63,22.73,-83.89,0,1
2026-03-06 16:18:54.485447,0.78,6.97,-95.0,0,1
2026-03-06 16:18:59.485447,0.78,18.4,14.08,0,1
2026-03-06 16:19:04.485447,2.82,16.84,8.15,0,1
2026-03-06 16:19:09.485447,1.91,12.27,-72.61,0,1
2026-03-06 16:19:14.485447,1.5,12.17,67.25,0,1
2026-03-06 16:19:19.485447,0.03,20.11,-95.95,0,1
2026-03-06 16:19:24.485447,0.62,18.97,21.88,0,1
2026-03-06 16:19:29.485447,0.5,15.25,-125.46,0,1
2026-03-06 16:19:34.485447,0.89,22.0,-11.67,0,1
2026-03-06 16:19:39.485447,0.48,22.81,-12.3,0,1
2026-03-06 16:19:44.485447,2.18,8.5,8.75,0,1
2026-03-06 16:19:49.485447,2.71,8.5,0.57,0,1
2026-03-06 16:19:54.485447,2.93,16.38,55.96,0,1
2026-03-06 16:19:59.485447,1.43,5.63,38.47,0,1
2026-03-06 16:20:04.485447,2.34,12.63,67.71,0,1
2026-03-06 16:20:09.485447,1.32,20.33,-78.6,0,1
2026-03-06 16:20:14.485447,2.34,6.64,32.46,0,1
2026-03-06 16:20:19.485447,0.19,9.75,14.97,0,1
2026-03-06 16:20:24.485447,1.28,22.75,96.8,0,1
2026-03-06 16:20:29.485447,1.19,14.51,36.74,0,1
2026-03-06 16:20:34.485447,2.58,6.03,88.27,0,1
2026-03-06 16:20:39.485447,2.23,17.31,-126.45,0,1
2026-03-06 16:20:44.485447,2.06,16.61,50.79,0,1
2026-03-06 16:20:49.485447,2.96,23.93,-87.29,0,1
2026-03-06 16:20:54.485447,2.94,16.15,86.61,0,1
2026-03-06 16:20:59.485447,1.64,9.58,-1.51,0,1
2026-03-06 16:21:04.485447,1.66,20.03,-98.91,0,1
2026-03-06 16:21:09.485447,2.33,12.62,111.78,1,1
2026-03-06 16:21:14.485447,1.32,17.94,-83.25,0,1
2026-03-06 16:21:19.485447,1.68,7.46,-29.57,0,1
2026-03-06 16:21:24.485447,1.53,5.24,-59.53,0,1
2026-03-06 16:21:29.485447,1.95,5.62,-62.44,0,1
2026-03-06 16:21:34.485447,0.69,6.66,-111.42,0,1
2026-03-06 16:21:39.485447,0.0,24.43,112.14,0,1
2026-03-06 16:21:44.485447,2.58,23.19,103.57,1,1
2026-03-06 16:21:49.485447,2.94,5.64,-91.74,0,1
2026-03-06 16:21:54.485447,1.78,21.76,41.01,0,1
2026-03-06 16:21:59.485447,1.14,17.17,11.44,0,1
2026-03-06 16:22:04.485447,0.2,24.7,92.0,0,1
2026-03-06 16:22:09.485447,1.85,14.2,-16.2,0,1
2026-03-06 16:22:14.485447,2.99,15.64,12.76,0,1
2026-03-06 16:22:19.485447,2.1,9.2,11.66,0,1
2026-03-06 16:22:24.485447,2.05,21.18,64.01,0,1
2026-03-06 16:22:29.485447,1.67,10.68,21.09,0,1
2026-03-06 16:22:34.485447,0.48,7.96,104.37,0,1
2026-03-06 16:22:39.485447,2.24,23.36,100.75,0,1
2026-03-06 16:22:44.485447,0.74,23.91,108.01,1,1
2026-03-06 16:22:49.485447,2.72,5.07,-104.53,0,1
2026-03-06 16:22:54.485447,0.31,8.21,-60.22,0,1
2026-03-06 16:22:59.485447,2.93,9.45,-79.84,1,1
2026-03-06 16:23:04.485447,1.18,17.21,28.13,0,1
2026-03-06 16:23:09.485447,2.55,9.95,-49.43,0,1
2026-03-06 16:23:14.485447,2.87,6.92,28.85,0,1
2026-03-06 16:23:19.485447,2.74,15.02,-0.21,0,1
2026-03-06 16:23:24.485447,1.03,24.37,-69.9,0,1
2026-03-06 16:23:29.485447,2.5,15.84,111.47,0,1
2026-03-06 16:23:34.485447,0.87,21.44,116.77,0,1
2026-03-06 16:23:39.485447,2.29,21.28,-40.35,0,1
2026-03-06 16:23:44.485447,1.05,13.99,93.42,0,1
2026-03-06 16:23:49.485447,1.24,5.94,-105.51,0,1
2026-03-06 16:23:54.485447,0.65,8.78,20.02,0,1
2026-03-06 16:23:59.485447,1.37,18.45,-88.41,0,1
2026-03-06 16:24:04.485447,0.19,8.57,121.97,0,1
2026-03-06 16:24:09.485447,1.12,8.28,90.17,0,1
2026-03-06 16:24:14.485447,1.28,15.73,-67.75,1,1
2026-03-06 16:24:19.485447,0.29,15.04,-91.3,0,1
2026-03-06 16:24:24.485447,2.47,24.8,-79.7,0,1
2026-03-06 16:24:29.485447,0.86,16.69,-18.64,0,1
2026-03-06 16:24:34.485447,0.62,16.69,-56.62,0,1
2026-03-06 16:24:39.485447,2.85,24.38,59.48,0,1
2026-03-06 16:24:44.485447,1.17,13.31,-100.46,0,1
2026-03-06 16:24:49.485447,0.64,15.11,-36.74,0,1
2026-03-06 16:24:54.485447,2.21,16.46,40.75,0,1
2026-03-06 16:24:59.485447,1.23,11.5,-60.6,0,1
2026-03-06 16:25:04.485447,0.46,24.27,-6.54,1,1
2026-03-06 16:25:09.485447,1.55,21.66,-12.08,0,1
2026-03-06 16:25:14.485447,0.33,17.66,-0.84,0,1
2026-03-06 16:25:19.485447,2.31,15.77,74.77,0,1
2026-03-06 16:25:24.485447,0.79,9.55,58.26,0,1
2026-03-06 16:25:29.485447,0.01,19.41,-101.57,0,1
2026-03-06 16:25:34.485447,2.63,12.4,13.57,0,1
2026-03-06 16:25:39.485447,2.36,11.49,-98.09,0,1
2026-03-06 16:25:44.485447,2.99,21.77,-46.27,0,1
2026-03-06 16:25:49.485447,0.9,16.89,90.25,0,1
2026-03-06 16:25:54.485447,1.94,15.27,-68.36,0,1
2026-03-06 16:25:59.485447,0.98,20.77,-92.38,0,1
2026-03-06 16:26:04.485447,0.55,23.34,97.56,0,1
2026-03-06 16:26:09.485447,0.43,12.53,46.14,0,1
2026-03-06 16:26:14.485447,1.2,9.23,-12.77,1,1
2026-03-06 16:26:19.485447,2.95,22.52,33.61,0,1
2026-03-06 16:26:24.485447,1.47,18.75,109.12,0,1
2026-03-06 16:26:29.485447,1.74,11.96,110.2,0,1
2026-03-06 16:26:34.485447,1.02,8.85,-101.52,0,1
2026-03-06 16:26:39.485447,1.72,9.09,-56.7,0,1
2026-03-06 16:26:44.485447,2.22,6.02,-54.47,0,1
2026-03-06 16:26:49.485447,2.17,18.58,-36.09,0,1
2026-03-06 16:26:54.485447,2.05,18.04,12.46,0,1
2026-03-06 16:26:59.485447,2.77,20.32,80.98,0,1
2026-03-06 16:27:04.485447,2.57,20.06,-30.98,0,1
2026-03-06 16:27:09.485447,2.04,10.64,-85.03,0,1
2026-03-06 16:27:14.485447,1.85,23.57,-84.07,0,1
2026-03-06 16:27:19.485447,0.82,14.01,73.47,0,1
2026-03-06 16:27:24.485447,0.14,12.82,-106.26,0,1
2026-03-06 16:27:29.485447,1.31,13.92,-7.07,0,1
2026-03-06 16:27:34.485447,1.28,12.17,-99.7,0,1
2026-03-06 16:27:39.485447,1.68,9.94,103.77,0,1
2026-03-06 16:27:44.485447,1.67,5.49,39.51,0,1
2026-03-06 16:27:49.485447,0.28,18.36,119.75,0,1
2026-03-06 16:27:54.485447,2.26,11.22,-85.47,0,1
2026-03-06 16:27:59.485447,0.54,12.73,-77.37,0,1
2026-03-06 16:28:04.485447,0.74,23.5,-88.28,0,1
2026-03-06 16:28:09.485447,2.51,10.02,37.79,1,1
2026-03-06 16:28:14.485447,1.88,11.45,-100.56,0,1
2026-03-06 16:28:19.485447,2.48,6.75,-64.94,0,1
2026-03-06 16:28:24.485447,2.61,10.06,-2.29,0,1
2026-03-06 16:28:29.485447,0.03,5.05,59.06,0,1
2026-03-06 16:28:34.485447,2.61,12.88,-55.09,0,1
2026-03-06 16:28:39.485447,2.86,20.06,90.7,0,1
2026-03-06 16:28:44.485447,0.6,8.48,58.22,0,1
2026-03-06 16:28:49.485447,1.52,6.58,-15.46,0,1
2026-03-06 16:28:54.485447,1.2,8.18,-63.12,0,1
2026-03-06 16:28:59.485447,2.37,10.98,70.15,0,1
2026-03-06 16:29:04.485447,1.56,14.27,-9.77,0,1
2026-03-06 16:29:09.485447,0.51,6.24,17.19,1,1
2026-03-06 16:29:14.485447,1.85,24.6,74.52,1,1
2026-03-06 16:29:19.485447,1.15,8.97,119.3,0,1
2026-03-06 16:29:24.485447,1.83,23.59,-30.43,0,1
2026-03-06 16:29:29.485447,0.07,10.35,-60.7,0,1
2026-03-06 16:29:34.485447,1.69,14.99,-86.65,0,1
2026-03-06 16:29:39.485447,2.8,20.28,-85.27,0,1
2026-03-06 16:29:44.485447,0.9,11.93,-44.98,0,1
2026-03-06 16:29:49.485447,0.93,24.89,86.04,0,1
2026-03-06 16:29:54.485447,1.44,21.23,-115.3,1,1
2026-03-06 16:29:59.485447,0.53,14.78,-97.34,0,1
2026-03-06 16:30:04.485447,1.83,11.63,-59.79,0,1
2026-03-06 16:30:09.485447,0.53,11.06,98.16,0,1
2026-03-06 16:30:14.485447,1.06,17.71,33.4,0,1
2026-03-06 16:30:19.485447,0.7,24.73,-104.04,0,1
2026-03-06 16:30:24.485447,0.51,5.18,108.76,0,1
2026-03-06 16:30:29.485447,2.49,23.15,-42.29,0,1
2026-03-06 16:30:34.485447,0.79,14.58,-37.11,0,1
2026-03-06 16:30:39.485447,0.93,23.27,86.63,0,1
2026-03-06 16:30:44.485447,0.61,8.3,68.22,0,1
2026-03-06 16:30:49.485447,2.26,17.2,106.11,0,1
2026-03-06 16:30:54.485447,2.72,6.47,-82.3,0,1
2026-03-06 16:30:59.485447,2.42,14.41,126.47,0,1
2026-03-06 16:31:04.485447,2.7,11.8,123.57,1,1
2026-03-06 16:31:09.485447,0.74,21.49,96.77,0,1
2026-03-06 16:31:14.485447,2.22,22.73,-37.58,0,1
2026-03-06 16:31:19.485447,1.77,16.32,117.12,0,1
2026-03-06 16:31:24.485447,2.73,24.62,-80.44,0,1
2026-03-06 16:31:29.485447,0.15,20.17,118.89,0,1
2026-03-06 16:31:34.485447,1.15,6.77,122.68,0,1
2026-03-06 16:31:39.485447,0.2,22.23,-32.08,0,1
2026-03-06 16:31:44.485447,2.01,5.37,-7.34,0,1
2026-03-06 16:31:49.485447,0.77,18.8,-85.65,0,1
2026-03-06 16:31:54.485447,0.24,19.58,28.48,0,1
2026-03-06 16:31:59.485447,1.55,5.64,102.01,0,1
2026-03-06 16:32:04.485447,2.37,22.94,-71.33,0,1
2026-03-06 16:32:09.485447,0.64,21.67,94.34,0,1
2026-03-06 16:32:14.485447,0.13,17.29,-8.27,0,1
2026-03-06 16:32:19.485447,0.52,14.63,-119.51,0,1
2026-03-06 16:32:24.485447,2.55,19.4,-3.03,0,1
2026-03-06 16:32:29.485447,0.85,21.91,16.99,0,1
2026-03-06 16:32:34.485447,0.22,10.43,57.17,0,1
2026-03-06 16:32:39.485447,2.53,10.51,121.12,0,1
2026-03-06 16:32:44.485447,0.85,16.98,-114.66,0,1
2026-03-06 16:32:49.485447,2.72,10.56,-11.83,1,1
2026-03-06 16:32:54.485447,0.46,7.27,68.19,0,1
2026-03-06 16:32:59.485447,0.17,5.06,59.2,0,1
2026-03-06 16:33:04.485447,2.81,16.33,110.67,1,1
2026-03-06 16:33:09.485447,2.72,22.87,98.86,0,1
2026-03-06 16:33:14.485447,1.72,9.1,-15.25,0,1
2026-03-06 16:33:19.485447,1.94,16.19,110.46,0,1
2026-03-06 16:33:24.485447,1.95,15.74,-86.7,0,1
2026-03-06 16:33:29.485447,0.24,5.93,-83.23,0,1
2026-03-06 16:33:34.485447,2.22,12.84,-20.29,0,1
2026-03-06 16:33:39.485447,2.61,17.09,91.82,0,1
2026-03-06 16:33:44.485447,0.34,6.91,-83.78,0,1
2026-03-06 16:33:49.485447,0.56,18.89,-52.64,0,1
2026-03-06 16:33:54.485447,0.94,17.88,90.06,0,1
2026-03-06 16:33:59.485447,2.56,5.56,12.98,0,1
2026-03-06 16:34:04.485447,2.95,14.55,-44.0,0,1
2026-03-06 16:34:09.485447,1.77,12.12,-33.57,1,1
2026-03-06 16:34:14.485447,0.2,9.67,53.17,0,1
2026-03-06 16:34:19.485447,1.16,7.62,-18.13,0,1
2026-03-06 16:34:24.485447,2.29,24.31,-66.9,0,1
2026-03-06 16:34:29.485447,2.46,24.25,30.92,0,1
2026-03-06 16:34:34.485447,2.98,9.23,63.44,0,1
2026-03-06 16:34:39.485447,2.56,9.97,-121.54,0,1
2026-03-06 16:34:44.485447,2.02,16.21,81.86,0,1
2026-03-06 16:34:49.485447,1.3,6.32,81.52,0,1
2026-03-06 16:34:54.485447,1.06,19.16,71.58,0,1
2026-03-06 16:34:59.485447,2.58,7.29,13.66,0,1
2026-03-06 16:35:04.485447,2.1,11.53,-89.64,1,1
2026-03-06 16:35:09.485447,1.36,22.19,-31.22,0,1
2026-03-06 16:35:14.485447,1.88,5.21,-27.25,0,1
2026-03-06 16:35:19.485447,0.3,18.08,-113.88,0,1
2026-03-06 16:35:24.485447,1.73,23.57,94.46,0,1
2026-03-06 16:35:29.485447,0.21,18.36,69.74,0,1
2026-03-06 16:35:34.485447,1.26,8.49,-23.6,0,1
2026-03-06 16:35:39.485447,0.46,22.55,55.98,1,1
2026-03-06 16:35:44.485447,1.86,16.45,-79.06,0,1
2026-03-06 16:35:49.485447,1.65,9.39,112.6,0,1
2026-03-06 16:35:54.485447,0.48,11.68,-82.08,0,1
2026-03-06 16:35:59.485447,2.65,6.3,51.16,0,1
2026-03-06 16:36:04.485447,2.91,19.45,-66.16,0,1
2026-03-06 16:36:09.485447,0.64,22.16,32.87,0,1
2026-03-06 16:36:14.485447,2.36,9.09,-8.92,1,1
2026-03-06 16:36:19.485447,1.72,23.32,108.84,1,1
2026-03-06 16:36:24.485447,0.02,5.3,88.81,0,1
2026-03-06 16:36:29.485447,0.49,5.31,41.38,0,1
2026-03-06 16:36:34.485447,2.35,5.26,60.29,0,1
2026-03-06 16:36:39.485447,1.75,24.92,124.82,0,1
2026-03-06 16:36:44.485447,0.77,11.2,26.82,1,1
2026-03-06 16:36:49.485447,0.4,8.13,-56.5,0,1
2026-03-06 16:36:54.485447,2.41,6.27,-20.81,0,1
2026-03-06 16:36:59.485447,2.79,22.6,-120.3,1,1
2026-03-06 16:37:04.485447,0.48,7.33,37.04,0,1
2026-03-06 16:37:09.485447,1.87,20.49,72.7,0,1
2026-03-06 16:37:14.485447,1.09,9.19,41.08,1,1
2026-03-06 16:37:19.485447,1.7,13.2,104.95,0,1
2026-03-06 16:37:24.485447,0.41,13.19,122.14,1,1
2026-03-06 16:37:29.485447,1.66,18.51,48.55,0,1
2026-03-06 16:37:34.485447,2.68,8.84,-22.13,0,1
2026-03-06 16:37:39.485447,0.35,22.15,95.24,0,1
2026-03-06 16:37:44.485447,0.16,23.2,-10.01,0,1
2026-03-06 16:37:49.485447,2.26,16.92,21.87,0,1
2026-03-06 16:37:54.485447,2.68,11.36,-108.46,1,1
2026-03-06 16:37:59.485447,0.57,15.95,-95.05,0,1
2026-03-06 16:38:04.485447,0.92,17.76,64.15,0,1
2026-03-06 16:38:09.485447,2.53,10.99,-22.84,0,1
2026-03-06 16:38:14.485447,1.12,8.98,-36.95,0,1
2026-03-06 16:38:19.485447,1.08,15.29,100.84,0,1
2026-03-06 16:38:24.485447,1.36,8.33,-3.55,0,1
2026-03-06 16:38:29.485447,3.0,24.46,84.82,0,1
2026-03-06 16:38:34.485447,0.49,22.83,-11.49,0,1
2026-03-06 16:38:39.485447,1.96,21.82,66.74,1,1
2026-03-06 16:38:44.485447,2.58,9.72,-7.71,0,1
2026-03-06 16:38:49.485447,0.19,6.32,82.52,0,1
2026-03-06 16:38:54.485447,0.61,9.79,75.02,0,1
2026-03-06 16:38:59.485447,2.61,10.59,119.31,1,1
2026-03-06 16:39:04.485447,2.39,18.0,111.24,0,1
2026-03-06 16:39:09.485447,2.9,6.38,-123.25,1,1
2026-03-06 16:39:14.485447,1.85,13.23,87.92,0,1
2026-03-06 16:39:19.485447,2.74,5.48,96.08,0,1
2026-03-06 16:39:24.485447,1.37,10.37,17.48,0,1
2026-03-06 16:39:29.485447,0.74,17.75,-46.72,0,1
2026-03-06 16:39:34.485447,2.43,12.35,-53.83,0,1
2026-03-06 16:39:39.485447,0.24,9.09,-15.56,0,1
2026-03-06 16:39:44.485447,2.88,24.65,58.51,0,1
2026-03-06 16:39:49.485447,2.16,9.32,7.7,0,1
2026-03-06 16:39:54.485447,1.45,12.79,71.66,0,1
2026-03-06 16:39:59.485447,2.34,21.75,-123.49,0,1
2026-03-06 16:40:04.485447,2.07,15.04,-43.69,0,1
2026-03-06 16:40:09.485447,1.12,7.46,42.7,1,1
2026-03-06 16:40:14.485447,2.51,15.66,53.97,0,1
2026-03-06 16:40:19.485447,1.62,22.85,79.76,0,1
2026-03-06 16:40:24.485447,1.07,11.48,-43.34,0,1
2026-03-06 16:40:29.485447,0.68,9.92,110.26,0,1
2026-03-06 16:40:34.485447,1.36,9.2,-113.4,0,1
2026-03-06 16:40:39.485447,2.5,12.9,-36.69,0,1
2026-03-06 16:40:44.485447,1.13,15.18,-86.81,0,1
2026-03-06 16:40:49.485447,1.57,15.43,74.92,0,1
2026-03-06 16:40:54.485447,0.04,7.94,59.47,0,1
2026-03-06 16:40:59.485447,1.04,21.08,8.53,0,1
2026-03-06 16:41:04.485447,1.23,16.6,-83.69,0,1
2026-03-06 16:41:09.485447,2.59,21.22,20.69,0,1
2026-03-06 16:41:14.485447,2.86,8.86,-57.02,0,1
2026-03-06 16:41:19.485447,2.56,13.14,53.87,1,1
2026-03-06 16:41:24.485447,1.27,12.82,117.37,0,1
2026-03-06 16:41:29.485447,0.49,14.35,100.2,0,1
2026-03-06 16:41:34.485447,1.48,7.42,4.01,0,1
2026-03-06 16:41:39.485447,1.93,8.15,-13.22,0,1
2026-03-06 16:41:44.485447,0.36,22.64,-56.29,0,1
2026-03-06 16:41:49.485447,2.09,10.63,-5.83,0,1
2026-03-06 16:41:54.485447,1.94,24.23,-42.42,0,1
2026-03-06 16:41:59.485447,2.68,7.64,33.59,0,1
2026-03-06 16:42:04.485447,0.74,22.89,-105.58,0,1
2026-03-06 16:42:09.485447,2.04,22.63,37.5,0,1
2026-03-06 16:42:14.485447,2.66,20.58,-13.58,0,1
2026-03-06 16:42:19.485447,0.49,14.69,-5.46,0,1
2026-03-06 16:42:24.485447,1.8,24.33,-113.73,0,1
2026-03-06 16:42:29.485447,0.72,20.44,-36.94,0,1
2026-03-06 16:42:34.485447,2.06,17.12,-89.19,0,1
2026-03-06 16:42:39.485447,2.34,11.49,-82.68,0,1
2026-03-06 16:42:44.485447,2.98,17.79,104.96,0,1
2026-03-06 16:42:49.485447,2.73,18.46,55.89,0,1
2026-03-06 16:42:54.485447,2.19,17.04,-118.72,0,1
2026-03-06 16:42:59.485447,0.25,18.22,71.62,0,1
2026-03-06 16:43:04.485447,2.26,14.47,-62.01,0,1
2026-03-06 16:43:09.485447,2.97,7.7,59.58,0,1
2026-03-06 16:43:14.485447,0.33,18.61,120.24,0,1
2026-03-06 16:43:19.485447,1.11,12.42,105.76,0,1
2026-03-06 16:43:24.485447,0.04,22.6,57.62,0,1
2026-03-06 16:43:29.485447,0.35,10.72,100.99,0,1
2026-03-06 16:43:34.485447,1.51,14.1,-98.43,0,1
2026-03-06 16:43:39.485447,0.23,6.4,120.38,1,1
2026-03-06 16:43:44.485447,2.12,23.3,-108.65,0,1
2026-03-06 16:43:49.485447,1.76,13.94,71.0,0,1
2026-03-06 16:43:54.485447,2.07,20.63,60.25,0,1
2026-03-06 16:43:59.485447,2.94,22.29,-52.52,0,1
2026-03-06 16:44:04.485447,2.24,15.32,94.96,0,1
2026-03-06 16:44:09.485447,1.27,13.5,-54.23,0,1
2026-03-06 16:44:14.485447,0.98,9.03,-98.61,0,1
2026-03-06 16:44:19.485447,0.12,21.2,119.26,0,1
2026-03-06 16:44:24.485447,0.29,18.67,-39.99,0,1
2026-03-06 16:44:29.485447,1.28,23.93,-27.67,0,1
2026-03-06 16:44:34.485447,0.62,21.22,-34.68,0,1
2026-03-06 16:44:39.485447,1.66,15.69,-110.64,0,1
2026-03-06 16:44:44.485447,0.55,7.68,-74.24,0,1
2026-03-06 16:44:49.485447,0.38,21.59,-71.92,0,1
2026-03-06 16:44:54.485447,0.95,14.28,13.19,0,1
2026-03-06 16:44:59.485447,2.23,15.03,44.52,0,1
2026-03-06 16:45:04.485447,2.82,12.2,-79.84,0,1
2026-03-06 16:45:09.485447,1.17,12.36,-72.22,0,1
2026-03-06 16:45:14.485447,2.05,5.33,-122.4,1,1
2026-03-06 16:45:19.485447,2.2,20.54,59.84,0,1
2026-03-06 16:45:24.485447,1.9,14.52,-68.22,0,1
2026-03-06 16:45:29.485447,2.19,5.08,44.14,0,1
2026-03-06 16:45:34.485447,2.07,18.36,56.0,0,1
2026-03-06 16:45:39.485447,0.46,17.98,100.73,1,1
2026-03-06 16:45:44.485447,1.7,16.15,4.51,0,1
2026-03-06 16:45:49.485447,0.48,11.44,-92.1,0,1
2026-03-06 16:45:54.485447,2.84,11.19,-6.45,0,1
2026-03-06 16:45:59.485447,0.11,17.99,-81.8,0,1
2026-03-06 16:46:04.485447,1.19,7.84,-107.71,0,1
2026-03-06 16:46:09.485447,0.64,8.39,106.88,0,1
2026-03-06 16:46:14.485447,0.31,23.98,-37.48,1,1
2026-03-06 16:46:19.485447,0.34,10.92,-115.53,0,1
2026-03-06 16:46:24.485447,1.37,18.7,66.84,0,1
2026-03-06 16:46:29.485447,2.92,24.96,-96.11,0,1
2026-03-06 16:46:34.485447,2.54,8.46,29.94,0,1
2026-03-06 16:46:39.485447,0.79,9.92,63.81,0,1
2026-03-06 16:46:44.485447,2.42,7.32,93.02,0,1
2026-03-06 16:46:49.485447,2.77,23.61,7.78,0,1
2026-03-06 16:46:54.485447,2.67,5.59,112.4,0,1
2026-03-06 16:46:59.485447,2.86,12.07,118.22,0,1
2026-03-06 16:47:04.485447,0.32,23.9,-34.94,1,1
2026-03-06 16:47:09.485447,2.08,8.15,55.45,0,1
2026-03-06 16:47:14.485447,1.14,19.24,81.72,0,1
2026-03-06 16:47:19.485447,1.08,23.02,32.97,0,1
2026-03-06 16:47:24.485447,2.8,5.19,-113.43,0,1
2026-03-06 16:47:29.485447,0.85,19.12,-15.5,0,1
2026-03-06 16:47:34.485447,0.09,19.67,-77.69,0,1
2026-03-06 16:47:39.485447,1.47,12.03,41.2,0,1
2026-03-06 16:47:44.485447,2.55,8.74,-6.04,0,1
2026-03-06 16:47:49.485447,2.79,25.0,20.23,0,1
2026-03-06 16:47:54.485447,1.99,19.84,-102.59,0,1
2026-03-06 16:47:59.485447,1.71,15.21,108.95,0,1
2026-03-06 16:48:04.485447,1.93,21.24,-81.06,0,1
2026-03-06 16:48:09.485447,0.48,6.06,51.67,0,1
2026-03-06 16:48:14.485447,1.2,15.1,115.66,0,1
2026-03-06 16:48:19.485447,0.9,7.44,-100.22,0,1
2026-03-06 16:48:24.485447,1.49,17.26,-57.23,0,1
2026-03-06 16:48:29.485447,0.92,23.92,30.11,0,1
2026-03-06 16:48:34.485447,0.36,20.98,0.14,1,1
2026-03-06 16:48:39.485447,1.89,24.81,77.85,0,1
2026-03-06 16:48:44.485447,0.01,13.62,97.84,0,1
2026-03-06 16:48:49.485447,0.65,12.08,93.06,0,1
2026-03-06 16:48:54.485447,0.6,12.8,-121.43,0,1
2026-03-06 16:48:59.485447,2.03,13.03,-23.93,0,1
2026-03-06 16:49:04.485447,2.44,10.85,112.44,0,1
2026-03-06 16:49:09.485447,1.85,18.27,47.13,0,1
2026-03-06 16:49:14.485447,2.2,24.32,102.17,0,1
2026-03-06 16:49:19.485447,2.25,11.46,15.13,0,1
2026-03-06 16:49:24.485447,0.54,22.74,-113.15,0,1
2026-03-06 16:49:29.485447,1.2,6.87,39.08,1,1
2026-03-06 16:49:34.485447,0.63,18.8,91.62,0,1
2026-03-06 16:49:39.485447,2.85,23.1,24.86,0,1
2026-03-06 16:49:44.485447,2.87,14.54,95.6,0,1
2026-03-06 16:49:49.485447,0.44,23.14,101.45,0,1
2026-03-06 16:49:54.485447,2.96,12.14,52.09,1,1
2026-03-06 16:49:59.485447,2.89,13.84,27.33,0,1
2026-03-06 16:50:04.485447,1.59,9.89,-117.71,0,1
2026-03-06 16:50:09.485447,1.28,16.6,-33.12,0,1
2026-03-06 16:50:14.485447,2.29,5.31,-80.13,0,1
2026-03-06 16:50:19.485447,1.78,5.62,-125.87,0,1
2026-03-06 16:50:24.485447,1.22,9.56,125.29,0,1
2026-03-06 16:50:29.485447,0.51,13.21,-16.67,0,1
2026-03-06 16:50:34.485447,2.33,6.91,-94.15,0,1
2026-03-06 16:50:39.485447,0.81,16.16,-90.64,0,1
2026-03-06 16:50:44.485447,1.87,7.38,103.76,0,1
2026-03-06 16:50:49.485447,2.57,6.0,80.81,0,1
2026-03-06 16:50:54.485447,2.94,22.63,-15.01,0,1
2026-03-06 16:50:59.485447,0.17,22.28,51.14,1,1
2026-03-06 16:51:04.485447,0.3,20.08,112.86,0,1
2026-03-06 16:51:09.485447,1.14,12.37,-119.99,0,1
2026-03-06 16:51:14.485447,1.53,9.57,-75.37,0,1
2026-03-06 16:51:19.485447,0.6,9.06,18.57,0,1
2026-03-06 16:51:24.485447,2.82,11.4,67.4,0,1
2026-03-06 16:51:29.485447,1.19,11.6,87.14,0,1
2026-03-06 16:51:34.485447,0.25,8.79,0.33,0,1
2026-03-06 16:51:39.485447,0.55,6.54,77.73,0,1
2026-03-06 16:51:44.485447,1.27,9.88,51.7,0,1
2026-03-06 16:51:49.485447,0.13,19.92,-61.36,0,1
2026-03-06 16:51:54.485447,1.53,5.73,-9.31,0,1
2026-03-06 16:51:59.485447,2.06,21.89,-102.98,0,1
2026-03-06 16:52:04.485447,1.71,20.32,6.38,0,1
2026-03-06 16:52:09.485447,0.06,9.73,36.65,0,1
2026-03-06 16:52:14.485447,1.52,12.52,-74.21,1,1
2026-03-06 16:52:19.485447,0.38,22.48,-112.31,0,1
2026-03-06 16:52:24.485447,0.04,12.1,79.39,0,1
2026-03-06 16:52:29.485447,1.64,19.58,108.09,0,1
2026-03-06 16:52:34.485447,2.07,19.72,-51.32,1,1
2026-03-06 16:52:39.485447,1.64,11.56,-36.03,0,1
2026-03-06 16:52:44.485447,2.04,7.49,-23.63,0,1
2026-03-06 16:52:49.485447,1.87,17.11,-0.21,0,1
2026-03-06 16:52:54.485447,0.96,10.06,-28.73,0,1
2026-03-06 16:52:59.485447,2.17,10.56,-112.23,0,1
2026-03-06 16:53:04.485447,1.4,7.2,-26.28,0,1
2026-03-06 16:53:09.485447,2.77,5.98,-7.61,0,1
2026-03-06 16:53:14.485447,1.6,6.31,99.79,0,1
2026-03-06 16:53:19.485447,2.27,15.23,30.71,1,1
2026-03-06 16:53:24.485447,0.56,18.11,76.77,0,1
2026-03-06 16:53:29.485447,2.67,19.1,-122.2,0,1
2026-03-06 16:53:34.485447,1.31,19.13,-24.3,0,1
2026-03-06 16:53:39.485447,1.16,12.97,-67.09,0,1
2026-03-06 16:53:44.485447,2.28,14.61,-69.9,0,1
2026-03-06 16:53:49.485447,0.21,6.53,-2.69,0,1
2026-03-06 16:53:54.485447,2.3,24.27,-34.7,0,1
2026-03-06 16:53:59.485447,0.66,10.01,15.26,0,1
2026-03-06 16:54:04.485447,1.04,20.09,-58.22,0,1
2026-03-06 16:54:09.485447,1.2,7.23,-30.06,0,1
2026-03-06 16:54:14.485447,2.3,10.14,83.34,0,1
2026-03-06 16:54:19.485447,2.2,10.33,38.16,0,1
2026-03-06 16:54:24.485447,2.12,10.14,-63.54,0,1
2026-03-06 16:54:29.485447,0.16,21.01,-42.1,0,1
2026-03-06 16:54:34.485447,2.44,14.46,-53.31,0,1
2026-03-06 16:54:39.485447,2.99,8.29,-121.33,0,1
2026-03-06 16:54:44.485447,0.69,12.62,-115.03,0,1
2026-03-06 16:54:49.485447,2.91,24.85,101.34,0,1
2026-03-06 16:54:54.485447,0.25,16.86,22.54,0,1
2026-03-06 16:54:59.485447,2.51,17.85,122.86,0,1
2026-03-06 16:55:04.485447,0.3,24.11,1.98,0,1
2026-03-06 16:55:09.485447,0.34,15.26,123.53,0,1
2026-03-06 16:55:14.485447,1.03,19.8,-11.45,0,1
2026-03-06 16:55:19.485447,1.93,18.6,-65.95,0,1
2026-03-06 16:55:24.485447,1.43,10.49,-15.79,0,1
2026-03-06 16:55:29.485447,1.52,14.59,-9.11,1,1
2026-03-06 16:55:34.485447,1.51,8.04,84.78,0,1
2026-03-06 16:55:39.485447,2.33,8.24,-103.8,0,1
2026-03-06 16:55:44.485447,1.92,8.04,95.04,1,1
2026-03-06 16:55:49.485447,2.69,20.91,43.45,1,1
2026-03-06 16:55:54.485447,2.99,16.87,-8.68,0,1
2026-03-06 16:55:59.485447,0.09,15.56,68.25,0,1
2026-03-06 16:56:04.485447,0.91,13.62,-104.74,1,1
2026-03-06 16:56:09.485447,0.96,22.62,-96.97,0,1
2026-03-06 16:56:14.485447,1.29,19.53,61.05,1,1
2026-03-06 16:56:19.485447,2.4,8.9,-92.15,0,1
2026-03-06 16:56:24.485447,2.18,9.83,-90.86,0,1
2026-03-06 16:56:29.485447,0.34,11.03,26.93,0,1
2026-03-06 16:56:34.485447,2.98,11.55,20.97,0,1
2026-03-06 16:56:39.485447,0.22,24.6,-25.25,0,1
2026-03-06 16:56:44.485447,1.94,6.3,54.85,0,1
2026-03-06 16:56:49.485447,2.66,5.86,-23.82,0,1
2026-03-06 16:56:54.485447,2.4,19.13,-89.51,0,1
2026-03-06 16:56:59.485447,0.87,7.04,73.62,0,1
2026-03-06 16:57:04.485447,2.74,18.25,0.41,0,1
2026-03-06 16:57:09.485447,0.99,22.16,63.82,0,1
2026-03-06 16:57:14.485447,0.63,22.95,-65.82,0,1
2026-03-06 16:57:19.485447,1.37,22.38,87.14,0,1
2026-03-06 16:57:24.485447,0.85,5.27,-36.11,0,1
2026-03-06 16:57:29.485447,2.48,6.23,59.7,1,1
2026-03-06 16:57:34.485447,2.6,20.11,123.25,0,1
2026-03-06 16:57:39.485447,1.11,5.37,-98.37,1,1
2026-03-06 16:57:44.485447,1.16,21.04,-77.8,0,1
2026-03-06 16:57:49.485447,1.59,9.53,81.55,1,1
2026-03-06 16:57:54.485447,1.34,19.18,7.65,0,1
2026-03-06 16:57:59.485447,1.85,14.61,-70.04,0,1
2026-03-06 16:58:04.485447,2.24,24.74,-87.04,0,1
2026-03-06 16:58:09.485447,2.74,23.64,-19.71,0,1
2026-03-06 16:58:14.485447,0.15,15.57,-43.33,0,1
2026-03-06 16:58:19.485447,0.87,6.68,38.84,0,1
2026-03-06 16:58:24.485447,0.35,24.04,121.63,0,1
2026-03-06 16:58:29.485447,2.99,23.78,28.26,0,1
2026-03-06 16:58:34.485447,2.87,18.21,-41.26,1,1
2026-03-06 16:58:39.485447,1.78,8.43,-23.42,1,1
2026-03-06 16:58:44.485447,1.35,20.81,-67.48,0,1
2026-03-06 16:58:49.485447,0.38,7.01,68.23,1,1
2026-03-06 16:58:54.485447,2.53,23.96,-83.17,1,1
2026-03-06 16:58:59.485447,2.81,15.7,-78.66,0,1
2026-03-06 16:59:04.485447,2.61,16.66,78.78,0,1
2026-03-06 16:59:09.485447,1.21,16.15,95.9,0,1
2026-03-06 16:59:14.485447,0.63,22.86,110.7,0,1
2026-03-06 16:59:19.485447,0.8,23.24,-59.74,0,1
2026-03-06 16:59:24.485447,2.35,19.1,24.72,0,1
2026-03-06 16:59:29.485447,2.11,14.05,43.01,0,1
2026-03-06 16:59:34.485447,2.21,6.95,32.13,0,1
2026-03-06 16:59:39.485447,0.11,10.75,10.79,0,1
2026-03-06 16:59:44.485447,1.2,11.13,1.19,0,1
2026-03-06 16:59:49.485447,1.57,14.14,3.22,0,1
2026-03-06 16:59:54.485447,2.88,21.28,37.71,0,1
2026-03-06 16:59:59.485447,0.61,14.57,49.48,0,1
2026-03-06 17:00:04.485447,1.12,10.48,-74.9,0,1
2026-03-06 17:00:09.485447,0.5,21.92,7.43,0,1
2026-03-06 17:00:14.485447,2.46,7.86,101.02,0,1
2026-03-06 17:00:19.485447,1.47,8.43,-95.05,0,1
2026-03-06 17:00:24.485447,1.82,22.81,113.35,0,1
2026-03-06 17:00:29.485447,2.14,8.95,-108.62,0,1
2026-03-06 17:00:34.485447,0.58,21.05,-38.5,0,1
2026-03-06 17:00:39.485447,1.94,7.91,42.87,0,1
2026-03-06 17:00:44.485447,2.27,19.58,35.58,0,1
2026-03-06 17:00:49.485447,0.73,8.95,-1.29,0,1
2026-03-06 17:00:54.485447,1.16,18.55,51.94,0,1
2026-03-06 17:00:59.485447,2.6,24.68,-45.62,0,1
2026-03-06 17:01:04.485447,0.93,14.11,-13.89,0,1
2026-03-06 17:01:09.485447,2.24,20.08,2.15,1,1
2026-03-06 17:01:14.485447,2.45,11.79,20.2,0,1
2026-03-06 17:01:19.485447,2.46,22.61,78.7,0,1
2026-03-06 17:01:24.485447,1.28,20.45,108.38,0,1
2026-03-06 17:01:29.485447,0.23,19.24,-79.42,0,1
2026-03-06 17:01:34.485447,1.11,14.09,0.29,0,1
2026-03-06 17:01:39.485447,2.03,6.35,81.47,1,1
2026-03-06 17:01:44.485447,2.58,19.45,-4.37,0,1
2026-03-06 17:01:49.485447,2.7,25.0,-80.78,0,1
2026-03-06 17:01:54.485447,0.98,14.15,63.48,0,1
2026-03-06 17:01:59.485447,2.58,14.89,40.67,0,1
2026-03-06 17:02:04.485447,1.96,11.32,-14.83,0,1
2026-03-06 17:02:09.485447,0.93,10.59,51.2,0,1
2026-03-06 17:02:14.485447,1.63,11.95,57.69,1,1
2026-03-06 17:02:19.485447,0.74,19.78,119.72,0,1
2026-03-06 17:02:24.485447,0.83,22.82,-50.3,0,1
2026-03-06 17:02:29.485447,0.15,21.96,11.17,0,1
2026-03-06 17:02:34.485447,1.06,6.28,-23.09,0,1
2026-03-06 17:02:39.485447,1.09,5.33,-43.37,0,1
2026-03-06 17:02:44.485447,1.03,7.8,43.27,0,1
2026-03-06 17:02:49.485447,0.22,11.74,-16.44,0,1
2026-03-06 17:02:54.485447,2.34,17.55,-100.96,1,1
2026-03-06 17:02:59.485447,2.48,17.75,13.97,0,1
2026-03-06 17:03:04.485447,0.43,18.97,83.68,1,1
2026-03-06 17:03:09.485447,0.02,14.21,117.04,0,1
2026-03-06 17:03:14.485447,1.63,18.27,-121.89,1,1
2026-03-06 17:03:19.485447,0.78,11.06,-96.99,0,1
2026-03-06 17:03:24.485447,2.84,5.76,100.33,0,1
2026-03-06 17:03:29.485447,2.51,11.44,74.32,0,1
2026-03-06 17:03:34.485447,2.83,17.99,111.87,0,1
2026-03-06 17:03:39.485447,2.81,21.49,-88.9,0,1
2026-03-06 17:03:44.485447,0.01,9.26,40.36,0,1
2026-03-06 17:03:49.485447,1.85,18.27,-71.14,1,1
2026-03-06 17:03:54.485447,0.37,7.95,46.03,0,1
2026-03-06 17:03:59.485447,2.38,17.3,56.28,1,1
2026-03-06 17:04:04.485447,0.07,15.91,-41.66,0,1
2026-03-06 17:04:09.485447,2.22,18.76,-34.91,0,1
2026-03-06 17:04:14.485447,2.53,13.91,9.06,0,1
2026-03-06 17:04:19.485447,0.44,21.23,-116.27,0,1
2026-03-06 17:04:24.485447,2.29,12.22,28.0,1,1
2026-03-06 17:04:29.485447,1.02,24.96,109.71,0,1
2026-03-06 17:04:34.485447,2.67,16.12,23.17,0,1
2026-03-06 17:04:39.485447,1.61,24.45,97.12,0,1
2026-03-06 17:04:44.485447,2.48,11.33,-11.08,1,1
2026-03-06 17:04:49.485447,2.09,14.12,107.94,0,1
2026-03-06 17:04:54.485447,1.55,13.65,97.77,1,1
2026-03-06 17:04:59.485447,0.01,7.33,18.38,1,1
2026-03-06 17:05:04.485447,1.41,20.03,-10.54,1,1
2026-03-06 17:05:09.485447,1.57,15.78,-1.24,0,1
2026-03-06 17:05:14.485447,2.55,22.29,35.07,0,1
2026-03-06 17:05:19.485447,1.03,19.24,74.31,0,1
2026-03-06 17:05:24.485447,0.36,11.27,-92.23,0,1
2026-03-06 17:05:29.485447,0.29,7.16,-16.61,0,1
2026-03-06 17:05:34.485447,1.64,8.77,78.72,0,1
2026-03-06 17:05:39.485447,2.33,9.04,-46.02,0,1
2026-03-06 17:05:44.485447,0.72,20.37,-116.54,0,1
2026-03-06 17:05:49.485447,1.5,22.18,-2.55,0,1
2026-03-06 17:05:54.485447,1.1,17.52,45.93,0,1
2026-03-06 17:05:59.485447,1.21,23.85,86.38,0,1
2026-03-06 17:06:04.485447,1.32,18.83,-15.97,0,1
2026-03-06 17:06:09.485447,2.09,18.94,-8.87,0,1
2026-03-06 17:06:14.485447,1.32,24.29,97.15,0,1
2026-03-06 17:06:19.485447,1.45,7.97,-54.8,0,1
2026-03-06 17:06:24.485447,1.48,16.69,45.57,0,1
2026-03-06 17:06:29.485447,0.57,20.06,-7.4,0,1
2026-03-06 17:06:34.485447,2.37,7.4,67.83,0,1
2026-03-06 17:06:39.485447,1.17,16.32,5.56,0,1
2026-03-06 17:06:44.485447,1.64,6.83,60.29,0,1
2026-03-06 17:06:49.485447,2.16,19.91,-55.36,0,1
2026-03-06 17:06:54.485447,1.34,14.39,85.62,0,1
2026-03-06 17:06:59.485447,1.07,21.14,59.06,0,1
2026-03-06 17:07:04.485447,0.02,22.42,94.54,0,1
2026-03-06 17:07:09.485447,0.7,20.37,50.54,1,1
2026-03-06 17:07:14.485447,1.76,14.82,-11.58,0,1
2026-03-06 17:07:19.485447,1.86,18.49,-46.48,0,1
2026-03-06 17:07:24.485447,0.56,20.95,0.16,0,1
2026-03-06 17:07:29.485447,1.77,14.44,-42.35,0,1
2026-03-06 17:07:34.485447,2.23,16.46,99.27,0,1
2026-03-06 17:07:39.485447,2.32,6.13,-69.07,0,1
2026-03-06 17:07:44.485447,0.34,6.49,-86.93,0,1
2026-03-06 17:07:49.485447,0.34,12.88,51.61,0,1
2026-03-06 17:07:54.485447,2.63,22.68,125.33,0,1
2026-03-06 17:07:59.485447,2.55,9.62,83.63,0,1
2026-03-06 17:08:04.485447,1.29,16.51,-107.4,0,1
2026-03-06 17:08:09.485447,2.55,22.08,-107.71,0,1
2026-03-06 17:08:14.485447,2.32,8.68,-121.74,1,1
2026-03-06 17:08:19.485447,0.17,14.92,95.98,0,1
2026-03-06 17:08:24.485447,1.81,23.42,-26.74,0,1
2026-03-06 17:08:29.485447,2.16,13.47,-116.83,0,1
2026-03-06 17:08:34.485447,2.3,7.38,-84.92,0,1
2026-03-06 17:08:39.485447,0.68,10.51,54.3,0,1
2026-03-06 17:08:44.485447,2.52,8.35,123.73,0,1
2026-03-06 17:08:49.485447,0.35,8.24,123.97,0,1
2026-03-06 17:08:54.485447,2.12,9.27,-91.25,0,1
2026-03-06 17:08:59.485447,0.07,10.97,98.64,1,1
2026-03-06 17:09:04.485447,1.92,9.37,-10.44,0,1
2026-03-06 17:09:09.485447,0.77,23.04,17.45,0,1
2026-03-06 17:09:14.485447,1.34,6.64,-1.4,0,1
2026-03-06 17:09:19.485447,0.87,16.18,54.82,0,1
2026-03-06 17:09:24.485447,2.49,14.13,20.62,0,1
2026-03-06 17:09:29.485447,0.96,23.19,-76.63,0,1
2026-03-06 17:09:34.485447,2.9,17.72,21.01,1,1
2026-03-06 17:09:39.485447,1.82,6.85,-98.08,0,1
2026-03-06 17:09:44.485447,1.22,19.02,-39.48,0,1
2026-03-06 17:09:49.485447,0.64,9.31,34.2,0,1
2026-03-06 17:09:54.485447,1.45,13.82,8.5,0,1
2026-03-06 17:09:59.485447,0.76,9.33,-103.95,0,1
2026-03-06 17:10:04.485447,0.78,6.45,-53.7,0,1
2026-03-06 17:10:09.485447,2.98,19.21,-109.42,0,1
2026-03-06 17:10:14.485447,0.95,5.83,90.83,0,1
2026-03-06 17:10:19.485447,2.96,5.18,117.83,0,1
2026-03-06 17:10:24.485447,1.17,12.49,-29.4,0,1
2026-03-06 17:10:29.485447,2.11,14.94,113.96,0,1
2026-03-06 17:10:34.485447,2.93,12.04,-15.32,0,1
2026-03-06 17:10:39.485447,1.84,17.3,41.53,0,1
2026-03-06 17:10:44.485447,1.74,12.09,29.55,0,1
2026-03-06 17:10:49.485447,1.88,18.53,-38.1,0,1
2026-03-06 17:10:54.485447,0.97,23.94,67.74,0,1
2026-03-06 17:10:59.485447,2.32,10.47,9.65,0,1
2026-03-06 17:11:04.485447,1.52,18.24,-11.82,0,1
2026-03-06 17:11:09.485447,1.84,18.56,74.79,0,1
2026-03-06 17:11:14.485447,2.41,19.2,41.74,0,1
2026-03-06 17:11:19.485447,0.96,23.55,35.86,0,1
2026-03-06 17:11:24.485447,0.22,12.31,21.21,0,1
2026-03-06 17:11:29.485447,1.16,15.05,40.35,0,1
2026-03-06 17:11:34.485447,2.88,23.46,-109.88,0,1
2026-03-06 17:11:39.485447,1.67,15.53,-99.31,0,1
2026-03-06 17:11:44.485447,1.89,7.78,-16.86,0,1
2026-03-06 17:11:49.485447,0.03,23.29,-122.96,0,1
2026-03-06 17:11:54.485447,2.32,17.75,86.51,0,1
2026-03-06 17:11:59.485447,0.24,22.91,-14.65,0,1
2026-03-06 17:12:04.485447,0.22,7.06,-67.38,0,1
2026-03-06 17:12:09.485447,0.04,8.07,-33.94,0,1
2026-03-06 17:12:14.485447,2.69,10.97,-93.44,0,1
2026-03-06 17:12:19.485447,0.61,20.0,-104.69,0,1
2026-03-06 17:12:24.485447,0.42,22.01,89.88,0,1
2026-03-06 17:12:29.485447,2.03,13.89,119.89,0,1
2026-03-06 17:12:34.485447,0.78,20.58,-0.26,0,1
2026-03-06 17:12:39.485447,2.36,19.78,5.26,0,1
2026-03-06 17:12:44.485447,0.08,7.25,5.19,0,1
2026-03-06 17:12:49.485447,1.75,20.25,110.58,0,1
2026-03-06 17:12:54.485447,0.84,21.57,-17.46,1,1
2026-03-06 17:12:59.485447,2.15,19.45,98.65,0,1
2026-03-06 17:13:04.485447,1.63,24.69,-5.26,0,1
2026-03-06 17:13:09.485447,0.12,8.99,34.96,0,1
2026-03-06 17:13:14.485447,0.74,10.0,-4.34,0,1
2026-03-06 17:13:19.485447,1.02,5.81,91.95,0,1
2026-03-06 17:13:24.485447,1.91,6.59,-90.55,0,1
2026-03-06 17:13:29.485447,2.72,20.01,-17.5,0,1
2026-03-06 17:13:34.485447,2.22,17.93,110.46,0,1
2026-03-06 17:13:39.485447,0.38,21.99,91.92,1,1
2026-03-06 17:13:44.485447,0.61,17.61,-102.36,0,1
2026-03-06 17:13:49.485447,2.51,20.31,-39.91,0,1
2026-03-06 17:13:54.485447,1.32,7.88,97.65,1,1
2026-03-06 17:13:59.485447,2.32,11.4,-51.12,0,1
2026-03-06 17:14:04.485447,2.86,22.35,114.74,0,1
2026-03-06 17:14:09.485447,1.4,14.33,69.09,0,1
2026-03-06 17:14:14.485447,1.72,10.2,-35.87,0,1
2026-03-06 17:14:19.485447,1.15,24.15,-80.06,0,1
2026-03-06 17:14:24.485447,0.74,10.42,-126.99,1,1
2026-03-06 17:14:29.485447,1.45,9.52,81.88,0,1
2026-03-06 17:14:34.485447,1.72,19.08,-33.86,0,1
2026-03-06 17:14:39.485447,0.52,13.14,-110.61,0,1
2026-03-06 17:14:44.485447,1.09,14.18,18.61,0,1
2026-03-06 17:14:49.485447,0.67,18.33,31.41,0,1
2026-03-06 17:14:54.485447,1.07,16.79,-126.93,0,1
2026-03-06 17:14:59.485447,1.82,12.31,96.25,0,1
2026-03-06 17:15:04.485447,2.4,17.19,-94.04,0,1
2026-03-06 17:15:09.485447,0.87,20.27,48.47,0,1
2026-03-06 17:15:14.485447,2.35,6.59,86.87,0,1
2026-03-06 17:15:19.485447,1.81,24.95,73.19,0,1
2026-03-06 17:15:24.485447,1.81,13.38,-25.92,0,1
2026-03-06 17:15:29.485447,2.46,15.38,60.2,0,1
2026-03-06 17:15:34.485447,2.32,17.53,2.75,0,1
2026-03-06 17:15:39.485447,2.39,11.0,114.6,0,1
2026-03-06 17:15:44.485447,1.8,12.74,-3.17,0,1
2026-03-06 17:15:49.485447,2.79,16.75,85.83,0,1
2026-03-06 17:15:54.485447,1.83,10.63,-33.08,0,1
2026-03-06 17:15:59.485447,1.65,22.17,-42.94,0,1
2026-03-06 17:16:04.485447,2.12,12.43,-97.11,1,1
2026-03-06 17:16:09.485447,0.82,13.7,71.16,0,1
2026-03-06 17:16:14.485447,0.63,17.85,61.38,0,1
2026-03-06 17:16:19.485447,2.84,13.87,106.2,0,1
2026-03-06 17:16:24.485447,1.88,5.74,114.24,0,1
2026-03-06 17:16:29.485447,0.23,19.73,15.41,0,1
2026-03-06 17:16:34.485447,1.13,10.18,-120.29,1,1
2026-03-06 17:16:39.485447,0.84,21.54,79.74,0,1
2026-03-06 17:16:44.485447,1.23,12.02,10.64,1,1
2026-03-06 17:16:49.485447,1.73,24.87,90.45,0,1
2026-03-06 17:16:54.485447,2.7,6.48,19.92,0,1
2026-03-06 17:16:59.485447,1.42,22.83,98.48,0,1
2026-03-06 17:17:04.485447,2.67,13.33,-119.09,0,1
2026-03-06 17:17:09.485447,0.36,19.24,-12.33,0,1
2026-03-06 17:17:14.485447,1.37,12.97,53.26,0,1
2026-03-06 17:17:19.485447,1.38,12.08,47.64,0,1
2026-03-06 17:17:24.485447,1.37,12.34,80.79,0,1
2026-03-06 17:17:29.485447,1.16,11.08,-66.09,0,1
2026-03-06 17:17:34.485447,0.65,8.93,-109.06,0,1
2026-03-06 17:17:39.485447,1.53,11.21,-107.11,0,1
2026-03-06 17:17:44.485447,0.07,12.83,-74.05,0,1
2026-03-06 17:17:49.485447,2.83,18.48,25.26,0,1
2026-03-06 17:17:54.485447,1.12,18.07,-13.63,0,1
2026-03-06 17:17:59.485447,1.52,15.66,-29.38,0,1
2026-03-06 17:18:04.485447,0.62,9.78,41.84,0,1
2026-03-06 17:18:09.485447,2.18,24.96,125.98,0,1
2026-03-06 17:18:14.485447,2.1,14.93,-119.93,0,1
2026-03-06 17:18:19.485447,0.64,16.52,121.07,1,1
2026-03-06 17:18:24.485447,1.46,9.54,-48.45,0,1
2026-03-06 17:18:29.485447,0.39,11.78,-33.72,0,1
2026-03-06 17:18:34.485447,2.43,23.04,-109.1,0,1
2026-03-06 17:18:39.485447,1.49,19.54,-54.62,0,1
2026-03-06 17:18:44.485447,1.18,6.76,71.91,0,1
2026-03-06 17:18:49.485447,1.77,15.52,92.73,0,1
2026-03-06 17:18:54.485447,2.51,11.04,100.45,0,1
2026-03-06 17:18:59.485447,1.33,21.19,-79.84,0,1
2026-03-06 17:19:04.485447,2.76,15.18,-86.82,0,1
2026-03-06 17:19:09.485447,1.67,9.74,-56.07,0,1
2026-03-06 17:19:14.485447,1.31,21.9,-60.2,0,1
2026-03-06 17:19:19.485447,2.83,13.35,35.63,0,1
2026-03-06 17:19:24.485447,2.35,19.85,-1.8,0,1
2026-03-06 17:19:29.485447,2.83,15.23,-74.34,0,1
2026-03-06 17:19:34.485447,0.32,10.43,-81.86,0,1
2026-03-06 17:19:39.485447,1.35,22.41,-111.16,0,1
2026-03-06 17:19:44.485447,0.22,24.54,80.42,0,1
2026-03-06 17:19:49.485447,0.6,16.05,-64.16,0,1
2026-03-06 17:19:54.485447,2.77,14.34,-114.36,0,1
2026-03-06 17:19:59.485447,1.35,21.59,23.45,0,1
2026-03-06 17:20:04.485447,2.89,12.83,2.94,0,1
2026-03-06 17:20:09.485447,2.1,23.69,-1.04,0,1
2026-03-06 17:20:14.485447,0.75,10.24,38.03,0,1
2026-03-06 17:20:19.485447,0.05,19.88,-47.54,0,1
2026-03-06 17:20:24.485447,2.44,15.91,-81.77,0,1
2026-03-06 17:20:29.485447,0.75,24.59,70.65,0,1
2026-03-06 17:20:34.485447,0.31,17.68,-17.08,0,1
2026-03-06 17:20:39.485447,2.4,17.25,-125.03,0,1
2026-03-06 17:20:44.485447,0.32,10.81,-29.81,0,1
2026-03-06 17:20:49.485447,2.9,6.54,-60.91,0,1
2026-03-06 17:20:54.485447,2.84,8.63,124.69,0,1
2026-03-06 17:20:59.485447,2.0,19.08,18.57,0,1
2026-03-06 17:21:04.485447,0.54,6.43,32.45,0,1
2026-03-06 17:21:09.485447,2.44,14.96,125.65,0,1
2026-03-06 17:21:14.485447,0.5,21.37,-46.53,0,1
2026-03-06 17:21:19.485447,1.05,19.41,-15.27,1,1
2026-03-06 17:21:24.485447,2.22,9.04,-71.23,0,1
2026-03-06 17:21:29.485447,0.78,12.4,31.39,0,1
2026-03-06 17:21:34.485447,2.77,6.22,-123.83,0,1
2026-03-06 17:21:39.485447,2.11,19.56,-57.52,0,1
2026-03-06 17:21:44.485447,0.18,16.24,-13.04,0,1
2026-03-06 17:21:49.485447,2.97,5.81,-61.0,0,1
2026-03-06 17:21:54.485447,1.22,8.05,-123.75,0,1
2026-03-06 17:21:59.485447,2.6,16.0,50.9,0,1
2026-03-06 17:22:04.485447,2.51,11.54,-49.83,1,1
2026-03-06 17:22:09.485447,0.91,20.99,35.78,0,1
2026-03-06 17:22:14.485447,2.57,10.1,6.5,0,1
2026-03-06 17:22:19.485447,1.58,23.57,9.35,1,1
2026-03-06 17:22:24.485447,2.75,24.01,74.0,1,1
2026-03-06 17:22:29.485447,1.88,7.68,28.59,0,1
2026-03-06 17:22:34.485447,1.19,12.6,42.0,0,1
2026-03-06 17:22:39.485447,0.74,9.71,-55.05,0,1
2026-03-06 17:22:44.485447,2.62,14.29,-13.65,0,1
2026-03-06 17:22:49.485447,2.15,21.0,-125.63,0,1
2026-03-06 17:22:54.485447,2.98,11.84,-49.22,0,1
2026-03-06 17:22:59.485447,0.7,21.67,37.37,0,1
2026-03-06 17:23:04.485447,1.32,10.53,-25.54,0,1
2026-03-06 17:23:09.485447,2.25,12.8,-35.35,0,1
2026-03-06 17:23:14.485447,1.28,16.95,94.58,1,1
2026-03-06 17:23:19.485447,1.24,16.28,101.31,0,1
2026-03-06 17:23:24.485447,0.33,10.64,10.14,0,1
2026-03-06 17:23:29.485447,2.91,8.96,30.1,0,1
2026-03-06 17:23:34.485447,0.38,5.42,-83.16,0,1
2026-03-06 17:23:39.485447,2.71,15.84,-47.36,0,1
2026-03-06 17:23:44.485447,1.26,15.83,-77.66,1,1
2026-03-06 17:23:49.485447,2.97,7.54,-62.06,0,1
2026-03-06 17:23:54.485447,0.34,9.21,-66.06,0,1
2026-03-06 17:23:59.485447,1.18,18.23,106.7,0,1
2026-03-06 17:24:04.485447,1.11,9.6,62.6,0,1
2026-03-06 17:24:09.485447,0.11,10.75,45.54,0,1
2026-03-06 17:24:14.485447,2.56,17.78,72.56,0,1
2026-03-06 17:24:19.485447,2.16,8.26,20.09,0,1
2026-03-06 17:24:24.485447,1.37,22.32,112.84,0,1
2026-03-06 17:24:29.485447,2.12,22.06,46.09,0,1
2026-03-06 17:24:34.485447,1.46,20.02,65.76,0,1
2026-03-06 17:24:39.485447,0.86,11.7,-120.37,0,1
2026-03-06 17:24:44.485447,1.83,13.24,15.62,0,1
2026-03-06 17:24:49.485447,2.42,23.51,-118.54,1,1
2026-03-06 17:24:54.485447,1.9,18.95,119.6,0,1
2026-03-06 17:24:59.485447,2.22,19.91,100.02,0,1
2026-03-06 17:25:04.485447,1.82,24.63,-115.46,0,1
2026-03-06 17:25:09.485447,0.57,16.77,114.07,0,1
2026-03-06 17:25:14.485447,0.39,13.21,-25.94,0,1
2026-03-06 17:25:19.485447,0.34,18.82,0.33,0,1
2026-03-06 17:25:24.485447,0.29,13.34,-41.27,0,1
2026-03-06 17:25:29.485447,0.59,5.38,-23.32,0,1
2026-03-06 17:25:34.485447,2.74,19.75,-68.75,0,1
2026-03-06 17:25:39.485447,0.32,5.48,77.67,0,1
2026-03-06 17:25:44.485447,0.51,7.14,-125.74,0,1
2026-03-06 17:25:49.485447,0.68,14.05,-103.37,0,1
2026-03-06 17:25:54.485447,0.11,18.29,11.84,0,1
2026-03-06 17:25:59.485447,2.98,7.23,-51.29,1,1
2026-03-06 17:26:04.485447,2.36,23.13,113.48,0,1
2026-03-06 17:26:09.485447,1.42,9.54,101.39,0,1
2026-03-06 17:26:14.485447,2.14,20.11,-77.56,0,1
2026-03-06 17:26:19.485447,1.95,24.86,94.64,0,1
2026-03-06 17:26:24.485447,0.01,15.96,-86.51,0,1
2026-03-06 17:26:29.485447,2.37,11.44,5.63,0,1
2026-03-06 17:26:34.485447,0.59,19.71,-117.17,0,1
2026-03-06 17:26:39.485447,1.58,21.59,74.01,1,1
2026-03-06 17:26:44.485447,1.43,9.39,-104.17,1,1
2026-03-06 17:26:49.485447,0.7,16.76,118.68,0,1
2026-03-06 17:26:54.485447,1.79,10.69,-73.56,1,1
2026-03-06 17:26:59.485447,1.46,6.12,-30.7,0,1
2026-03-06 17:27:04.485447,0.16,19.51,74.91,0,1
2026-03-06 17:27:09.485447,1.42,15.24,-119.38,0,1
2026-03-06 17:27:14.485447,1.37,24.52,51.97,0,1
2026-03-06 17:27:19.485447,0.92,11.22,44.81,1,1
2026-03-06 17:27:24.485447,0.45,10.7,-6.26,1,1
2026-03-06 17:27:29.485447,1.96,6.05,-66.39,1,1
2026-03-06 17:27:34.485447,1.02,19.31,99.18,0,1
2026-03-06 17:27:39.485447,1.96,15.19,-111.62,0,1
2026-03-06 17:27:44.485447,1.77,15.65,39.87,0,1
2026-03-06 17:27:49.485447,2.44,8.2,68.03,0,1
2026-03-06 17:27:54.485447,0.12,13.62,-96.35,0,1
2026-03-06 17:27:59.485447,0.76,21.86,47.11,0,1
2026-03-06 17:28:04.485447,1.4,7.04,-100.78,0,1
2026-03-06 17:28:09.485447,2.05,8.95,-27.63,0,1
2026-03-06 17:28:14.485447,2.68,13.9,-24.15,0,1
2026-03-06 17:28:19.485447,2.51,9.91,118.74,0,1
2026-03-06 17:28:24.485447,1.95,17.14,102.35,0,1
2026-03-06 17:28:29.485447,1.04,6.25,89.3,0,1
2026-03-06 17:28:34.485447,2.13,16.71,14.44,0,1
2026-03-06 17:28:39.485447,0.09,7.58,39.32,0,1
2026-03-06 17:28:44.485447,1.56,12.09,93.5,0,1
2026-03-06 17:28:49.485447,0.47,7.31,-7.91,1,1
2026-03-06 17:28:54.485447,1.47,24.14,-108.09,0,1
2026-03-06 17:28:59.485447,0.19,8.23,3.53,0,1
2026-03-06 17:29:04.485447,0.64,11.39,88.36,0,1
2026-03-06 17:29:09.485447,0.57,13.31,47.08,0,1
2026-03-06 17:29:14.485447,2.34,21.0,-117.72,0,1
2026-03-06 17:29:19.485447,1.33,22.03,120.07,0,1
2026-03-06 17:29:24.485447,0.46,21.12,-38.74,0,1
2026-03-06 17:29:29.485447,0.93,21.86,62.54,0,1
2026-03-06 17:29:34.485447,1.24,6.3,8.23,0,1
2026-03-06 17:29:39.485447,2.45,18.22,16.41,0,1
2026-03-06 17:29:44.485447,1.08,10.68,93.54,0,1
2026-03-06 17:29:49.485447,0.47,18.37,-81.77,0,1
2026-03-06 17:29:54.485447,2.0,14.3,15.1,1,1
2026-03-06 17:29:59.485447,2.81,22.62,-75.67,0,1
2026-03-06 17:30:04.485447,0.5,15.6,-83.42,0,1
2026-03-06 17:30:09.485447,0.14,22.15,16.34,0,1
2026-03-06 17:30:14.485447,1.74,17.66,-88.68,0,1
2026-03-06 17:30:19.485447,3.0,19.96,28.97,0,1
2026-03-06 17:30:24.485447,2.48,13.62,37.96,0,1
2026-03-06 17:30:29.485447,1.32,13.97,-69.36,0,1
2026-03-06 17:30:34.485447,0.18,12.99,-102.13,0,1
2026-03-06 17:30:39.485447,1.26,16.57,-76.28,0,1
2026-03-06 17:30:44.485447,1.12,7.48,100.44,0,1
2026-03-06 17:30:49.485447,2.01,10.24,-46.98,0,1
2026-03-06 17:30:54.485447,1.71,13.3,52.35,0,1
2026-03-06 17:30:59.485447,2.65,21.27,-49.13,0,1
2026-03-06 17:31:04.485447,2.99,20.52,32.61,1,1
2026-03-06 17:31:09.485447,1.94,21.35,101.3,1,1
2026-03-06 17:31:14.485447,0.19,5.67,124.94,0,1
2026-03-06 17:31:19.485447,0.91,19.97,91.44,0,1
2026-03-06 17:31:24.485447,1.47,21.59,-37.41,0,1
2026-03-06 17:31:29.485447,2.94,15.06,-50.92,0,1
2026-03-06 17:31:34.485447,1.9,14.03,80.37,0,1
2026-03-06 17:31:39.485447,2.8,24.89,15.21,1,1
2026-03-06 17:31:44.485447,2.87,18.54,-36.67,0,1
2026-03-06 17:31:49.485447,2.86,10.5,126.2,0,1
2026-03-06 17:31:54.485447,1.45,17.54,-124.63,0,1
2026-03-06 17:31:59.485447,0.1,19.79,73.61,0,1
2026-03-06 17:32:04.485447,1.75,10.96,-29.39,0,1
2026-03-06 17:32:09.485447,0.86,10.56,-54.18,0,1
2026-03-06 17:32:14.485447,0.55,9.5,12.3,0,1
2026-03-06 17:32:19.485447,2.83,15.81,-38.77,0,1
2026-03-06 17:32:24.485447,0.7,7.05,13.49,0,1
2026-03-06 17:32:29.485447,1.52,15.27,-2.91,0,1
2026-03-06 17:32:34.485447,1.2,20.85,29.02,0,1
2026-03-06 17:32:39.485447,1.81,13.56,-100.37,0,1
2026-03-06 17:32:44.485447,0.35,10.45,-69.1,0,1
2026-03-06 17:32:49.485447,0.66,7.13,59.26,0,1
2026-03-06 17:32:54.485447,0.18,7.69,-112.05,0,1
2026-03-06 17:32:59.485447,0.25,14.31,-101.69,0,1
2026-03-06 17:33:04.485447,1.96,20.62,64.88,1,1
2026-03-06 17:33:09.485447,1.91,13.69,56.55,0,1
2026-03-06 17:33:14.485447,1.94,11.1,103.62,1,1
2026-03-06 17:33:19.485447,0.19,11.12,56.14,0,1
2026-03-06 17:33:24.485447,2.8,12.84,15.16,0,1
2026-03-06 17:33:29.485447,1.62,23.2,75.0,0,1
2026-03-06 17:33:34.485447,2.2,21.62,76.06,1,1
2026-03-06 17:33:39.485447,2.42,7.34,101.18,0,1
2026-03-06 17:33:44.485447,1.2,16.9,-81.61,0,1
2026-03-06 17:33:49.485447,2.41,16.44,56.25,0,1
2026-03-06 17:33:54.485447,1.73,24.21,-25.95,0,1
2026-03-06 17:33:59.485447,2.42,20.37,-69.83,0,1
2026-03-06 17:34:04.485447,2.55,22.64,50.99,0,1
2026-03-06 17:34:09.485447,0.48,17.51,-85.56,0,1
2026-03-06 17:34:14.485447,0.32,17.93,27.67,0,1
2026-03-06 17:34:19.485447,2.62,15.05,89.81,0,1
2026-03-06 17:34:24.485447,2.03,11.57,4.37,0,1
2026-03-06 17:34:29.485447,2.45,18.56,73.57,1,1
2026-03-06 17:34:34.485447,0.02,12.99,-19.24,0,1
2026-03-06 17:34:39.485447,0.18,21.45,-111.26,0,1
2026-03-06 17:34:44.485447,2.22,10.94,107.44,0,1
2026-03-06 17:34:49.485447,2.91,22.63,-22.86,1,1
2026-03-06 17:34:54.485447,1.34,19.11,-22.02,0,1
2026-03-06 17:34:59.485447,2.25,11.53,-51.18,0,1
2026-03-06 17:35:04.485447,0.64,18.98,109.69,0,1
2026-03-06 17:35:09.485447,2.96,20.36,-54.81,1,1
2026-03-06 17:35:14.485447,0.51,19.42,-17.3,0,1
2026-03-06 17:35:19.485447,1.25,12.41,-48.98,0,1
2026-03-06 17:35:24.485447,0.94,10.38,81.98,0,1
2026-03-06 17:35:29.485447,0.84,24.19,50.52,0,1
2026-03-06 17:35:34.485447,2.15,18.77,-6.17,1,1
2026-03-06 17:35:39.485447,0.74,16.01,48.19,1,1
2026-03-06 17:35:44.485447,1.56,10.1,-45.62,0,1
2026-03-06 17:35:49.485447,1.03,18.43,-34.81,0,1
2026-03-06 17:35:54.485447,2.38,6.16,-64.95,0,1
2026-03-06 17:35:59.485447,1.14,12.72,2.41,0,1
2026-03-06 17:36:04.485447,0.86,12.48,-49.62,0,1
2026-03-06 17:36:09.485447,2.39,22.74,-63.38,0,1
2026-03-06 17:36:14.485447,1.43,23.03,-25.88,0,1
2026-03-06 17:36:19.485447,1.3,20.03,-16.53,0,1
2026-03-06 17:36:24.485447,2.38,23.42,63.52,0,1
2026-03-06 17:36:29.485447,1.13,9.91,119.32,0,1
2026-03-06 17:36:34.485447,2.5,17.59,100.69,0,1
2026-03-06 17:36:39.485447,0.66,16.98,13.8,0,1
2026-03-06 17:36:44.485447,2.15,11.83,-110.43,1,1
2026-03-06 17:36:49.485447,2.15,21.43,112.43,0,1
2026-03-06 17:36:54.485447,2.93,8.46,49.26,0,1
2026-03-06 17:36:59.485447,1.67,24.27,20.44,0,1
2026-03-06 17:37:04.485447,1.22,20.23,33.11,1,1
2026-03-06 17:37:09.485447,0.56,15.79,60.57,0,1
2026-03-06 17:37:14.485447,2.01,18.47,109.07,0,1
2026-03-06 17:37:19.485447,0.21,15.57,-55.81,0,1
2026-03-06 17:37:24.485447,0.26,22.24,-32.34,0,1
2026-03-06 17:37:29.485447,2.93,6.95,4.98,0,1
2026-03-06 17:37:34.485447,2.88,22.12,-85.86,0,1
2026-03-06 17:37:39.485447,1.92,7.81,-21.81,0,1
2026-03-06 17:37:44.485447,0.51,9.93,60.04,0,1
2026-03-06 17:37:49.485447,0.68,14.83,49.48,0,1
2026-03-06 17:37:54.485447,0.29,17.97,77.21,0,1
2026-03-06 17:37:59.485447,1.57,14.97,-20.42,0,1
2026-03-06 17:38:04.485447,1.84,5.76,73.46,0,1
2026-03-06 17:38:09.485447,2.52,15.14,110.95,0,1
2026-03-06 17:38:14.485447,2.54,20.95,26.59,0,1
2026-03-06 17:38:19.485447,0.07,22.13,-96.27,0,1
2026-03-06 17:38:24.485447,0.02,8.49,28.1,0,1
2026-03-06 17:38:29.485447,0.5,23.48,-115.51,0,1
2026-03-06 17:38:34.485447,0.67,12.69,8.92,0,1
2026-03-06 17:38:39.485447,2.31,23.72,-86.43,0,1
2026-03-06 17:38:44.485447,2.35,19.19,-17.57,0,1
2026-03-06 17:38:49.485447,0.91,17.84,-37.15,0,1
2026-03-06 17:38:54.485447,0.1,21.59,70.86,1,1
2026-03-06 17:38:59.485447,2.34,13.77,119.43,0,1
2026-03-06 17:39:04.485447,0.42,7.16,120.1,0,1
2026-03-06 17:39:09.485447,0.69,12.79,-9.19,0,1
2026-03-06 17:39:14.485447,2.9,23.99,-119.82,0,1
2026-03-06 17:39:19.485447,2.07,19.16,24.57,0,1
2026-03-06 17:39:24.485447,2.95,13.88,-80.6,0,1
2026-03-06 17:39:29.485447,0.82,6.76,-26.03,0,1
2026-03-06 17:39:34.485447,0.39,13.57,-46.44,0,1
2026-03-06 17:39:39.485447,2.51,22.43,34.42,0,1
2026-03-06 17:39:44.485447,0.57,18.78,81.07,0,1
2026-03-06 17:39:49.485447,0.81,11.62,-36.12,0,1
2026-03-06 17:39:54.485447,0.12,23.05,-99.6,0,1
2026-03-06 17:39:59.485447,0.39,10.49,90.2,0,1
2026-03-06 17:40:04.485447,1.44,24.56,-85.23,0,1
2026-03-06 17:40:09.485447,1.23,23.51,-67.0,1,1
2026-03-06 17:40:14.485447,2.41,6.59,-6.28,0,1
2026-03-06 17:40:19.485447,1.15,8.86,115.1,0,1
2026-03-06 17:40:24.485447,1.74,20.48,-124.06,0,1
2026-03-06 17:40:29.485447,0.51,22.97,56.01,0,1
2026-03-06 17:40:34.485447,0.56,11.12,44.17,0,1
2026-03-06 17:40:39.485447,1.73,17.99,-16.15,0,1
2026-03-06 17:40:44.485447,0.89,9.97,-49.56,0,1
2026-03-06 17:40:49.485447,1.34,15.06,10.74,0,1
2026-03-06 17:40:54.485447,2.15,22.11,-101.8,1,1
2026-03-06 17:40:59.485447,2.28,14.75,57.54,0,1
2026-03-06 17:41:04.485447,2.09,21.19,-37.06,0,1
2026-03-06 17:41:09.485447,2.95,20.82,9.12,0,1
2026-03-06 17:41:14.485447,2.06,11.69,-44.97,0,1
2026-03-06 17:41:19.485447,0.04,22.42,-110.19,0,1
2026-03-06 17:41:24.485447,1.45,8.06,-82.35,0,1
2026-03-06 17:41:29.485447,1.63,13.95,-122.14,0,1
2026-03-06 17:41:34.485447,1.06,14.13,-20.81,0,1
2026-03-06 17:41:39.485447,0.87,16.46,45.09,0,1
2026-03-06 17:41:44.485447,1.83,15.41,-20.64,0,1
2026-03-06 17:41:49.485447,2.59,22.46,106.31,0,1
2026-03-06 17:41:54.485447,2.03,9.97,-111.52,0,1
2026-03-06 17:41:59.485447,1.82,22.06,-17.46,0,1
2026-03-06 17:42:04.485447,2.59,13.43,111.51,0,1
2026-03-06 17:42:09.485447,1.41,10.16,68.84,0,1
2026-03-06 17:42:14.485447,1.8,23.19,-8.87,1,1
2026-03-06 17:42:19.485447,0.92,23.41,-47.48,1,1
2026-03-06 17:42:24.485447,0.36,7.56,56.57,0,1
2026-03-06 17:42:29.485447,2.69,11.45,38.2,0,1
2026-03-06 17:42:34.485447,0.92,7.15,71.93,0,1
2026-03-06 17:42:39.485447,0.74,9.8,124.93,0,1
2026-03-06 17:42:44.485447,2.74,17.92,-4.03,0,1
2026-03-06 17:42:49.485447,1.02,8.52,112.83,0,1
2026-03-06 17:42:54.485447,0.85,8.63,116.68,0,1
2026-03-06 17:42:59.485447,1.12,11.41,-120.31,0,1
2026-03-06 17:43:04.485447,0.35,21.89,71.24,0,1
2026-03-06 17:43:09.485447,2.71,18.3,16.12,0,1
2026-03-06 17:43:14.485447,1.91,8.87,-64.34,0,1
2026-03-06 17:43:19.485447,1.4,22.78,55.97,0,1
2026-03-06 17:43:24.485447,2.06,18.67,118.8,0,1
2026-03-06 17:43:29.485447,0.3,12.36,-61.51,0,1
2026-03-06 17:43:34.485447,1.19,15.75,81.82,0,1
2026-03-06 17:43:39.485447,0.47,13.54,109.58,0,1
2026-03-06 17:43:44.485447,0.71,24.2,58.46,0,1
2026-03-06 17:43:49.485447,0.89,6.02,-101.37,0,1
2026-03-06 17:43:54.485447,0.17,6.93,-40.95,0,1
2026-03-06 17:43:59.485447,1.77,17.61,-77.59,0,1
2026-03-06 17:44:04.485447,2.16,9.9,64.33,0,1
2026-03-06 17:44:09.485447,1.49,5.21,50.68,0,1
2026-03-06 17:44:14.485447,2.67,6.31,93.62,0,1
2026-03-06 17:44:19.485447,0.76,24.77,59.88,0,1
2026-03-06 17:44:24.485447,1.95,20.38,-114.26,0,1
2026-03-06 17:44:29.485447,2.83,7.02,75.11,0,1
2026-03-06 17:44:34.485447,2.25,9.18,91.04,0,1
2026-03-06 17:44:39.485447,1.61,14.44,107.21,0,1
2026-03-06 17:44:44.485447,1.49,11.2,30.38,0,1
2026-03-06 17:44:49.485447,2.02,11.51,84.15,0,1
2026-03-06 17:44:54.485447,0.81,7.21,34.12,0,0
2026-03-06 17:44:59.485447,0.25,9.57,116.51,0,1
2026-03-06 17:45:04.485447,2.19,10.3,15.13,0,1
2026-03-06 17:45:09.485447,0.42,8.68,-51.64,1,1
2026-03-06 17:45:14.485447,2.96,22.45,-113.67,0,1
2026-03-06 17:45:19.485447,0.49,6.95,-58.79,1,1
2026-03-06 17:45:24.485447,2.03,13.39,21.58,0,1
2026-03-06 17:45:29.485447,0.5,23.18,75.88,0,1
2026-03-06 17:45:34.485447,1.58,22.84,-29.88,0,1
2026-03-06 17:45:39.485447,2.69,22.93,112.5,0,1
2026-03-06 17:45:44.485447,0.96,24.75,-7.36,0,1
2026-03-06 17:45:49.485447,0.85,5.01,-123.38,0,1
2026-03-06 17:45:54.485447,2.93,6.97,-51.04,0,1
2026-03-06 17:45:59.485447,0.53,16.17,-37.49,0,1
2026-03-06 17:46:04.485447,0.66,8.89,69.82,0,1
2026-03-06 17:46:09.485447,2.34,24.44,-84.48,0,1
2026-03-06 17:46:14.485447,0.85,16.07,56.98,0,1
2026-03-06 17:46:19.485447,2.64,14.65,53.65,0,1
2026-03-06 17:46:24.485447,2.98,18.92,55.35,0,1
2026-03-06 17:46:29.485447,1.8,16.67,41.84,0,1
2026-03-06 17:46:34.485447,1.45,14.51,-106.22,0,1
2026-03-06 17:46:39.485447,2.08,9.19,92.97,0,1
2026-03-06 17:46:44.485447,2.96,16.15,-111.71,0,1
2026-03-06 17:46:49.485447,0.49,18.55,-33.9,0,1
2026-03-06 17:46:54.485447,1.03,21.44,-118.39,0,1
2026-03-06 17:46:59.485447,1.33,19.16,106.98,0,1
2026-03-06 17:47:04.485447,0.54,21.44,-60.57,0,1
2026-03-06 17:47:09.485447,2.33,24.87,47.16,0,1
2026-03-06 17:47:14.485447,2.94,15.59,-67.51,0,1
2026-03-06 17:47:19.485447,0.89,9.55,-93.58,0,1
2026-03-06 17:47:24.485447,1.16,17.4,-98.21,0,1
2026-03-06 17:47:29.485447,0.01,8.71,-72.9,0,1
2026-03-06 17:47:34.485447,0.21,22.37,-38.7,0,1
2026-03-06 17:47:39.485447,1.12,11.83,94.33,0,1
2026-03-06 17:47:44.485447,2.76,9.54,109.33,0,1
2026-03-06 17:47:49.485447,1.24,14.83,-112.67,0,1
2026-03-06 17:47:54.485447,0.27,6.42,27.84,0,1
2026-03-06 17:47:59.485447,0.38,18.34,-8.56,0,1
2026-03-06 17:48:04.485447,2.33,16.47,92.23,0,1
2026-03-06 17:48:09.485447,1.6,9.55,-123.73,0,1
2026-03-06 17:48:14.485447,2.81,24.09,60.57,0,1
2026-03-06 17:48:19.485447,2.31,20.65,-114.72,0,1
2026-03-06 17:48:24.485447,1.86,13.54,-21.84,0,1
2026-03-06 17:48:29.485447,1.24,13.53,-43.71,1,1
2026-03-06 17:48:34.485447,0.98,22.56,-77.28,0,1
2026-03-06 17:48:39.485447,2.25,9.73,98.59,0,1
2026-03-06 17:48:44.485447,1.88,8.86,89.62,0,1
2026-03-06 17:48:49.485447,2.77,7.15,-71.59,0,1
2026-03-06 17:48:54.485447,2.75,16.72,108.13,0,1
2026-03-06 17:48:59.485447,0.26,10.54,6.83,0,1
2026-03-06 17:49:04.485447,0.47,8.61,-44.38,0,1
2026-03-06 17:49:09.485447,0.07,16.07,45.79,0,1
2026-03-06 17:49:14.485447,1.72,7.26,-115.36,0,1
2026-03-06 17:49:19.485447,2.7,15.11,-105.29,0,1
2026-03-06 17:49:24.485447,0.4,14.76,5.18,0,1
2026-03-06 17:49:29.485447,1.53,11.4,-114.29,0,1
2026-03-06 17:49:34.485447,1.99,10.48,-94.79,0,1
2026-03-06 17:49:39.485447,0.5,16.61,91.29,0,1
2026-03-06 17:49:44.485447,1.21,7.47,-120.53,0,1
2026-03-06 17:49:49.485447,2.84,17.31,85.8,0,1
2026-03-06 17:49:54.485447,1.57,18.38,1.64,0,1
2026-03-06 17:49:59.485447,0.59,11.5,58.26,0,1
2026-03-06 17:50:04.485447,1.06,8.5,-57.92,0,1
2026-03-06 17:50:09.485447,0.68,18.53,6.56,0,1
2026-03-06 17:50:14.485447,2.27,7.9,37.65,0,1
2026-03-06 17:50:19.485447,1.69,16.5,-33.59,0,1
2026-03-06 17:50:24.485447,2.37,19.27,-112.7,0,1
2026-03-06 17:50:29.485447,0.83,12.9,107.65,1,1
2026-03-06 17:50:34.485447,2.88,19.06,-72.58,0,1
2026-03-06 17:50:39.485447,0.02,7.83,20.38,0,1
2026-03-06 17:50:44.485447,0.36,9.15,2.3,0,1
2026-03-06 17:50:49.485447,0.91,17.5,-121.77,0,1
2026-03-06 17:50:54.485447,2.41,15.53,-116.51,0,1
2026-03-06 17:50:59.485447,0.88,7.83,57.37,0,1
2026-03-06 17:51:04.485447,2.85,17.04,30.36,0,1
2026-03-06 17:51:09.485447,0.63,7.62,99.91,0,1
2026-03-06 17:51:14.485447,2.03,23.41,16.73,0,1
2026-03-06 17:51:19.485447,1.03,17.84,-116.98,0,1
2026-03-06 17:51:24.485447,1.42,6.89,-99.1,1,1
2026-03-06 17:51:29.485447,2.75,18.28,76.28,1,1
2026-03-06 17:51:34.485447,0.47,18.09,102.45,0,1
2026-03-06 17:51:39.485447,2.35,13.63,33.36,1,1
2026-03-06 17:51:44.485447,1.74,22.77,-97.63,0,1
2026-03-06 17:51:49.485447,0.47,12.06,-22.52,0,1
2026-03-06 17:51:54.485447,0.84,14.61,-20.23,0,1
2026-03-06 17:51:59.485447,2.9,17.07,47.41,0,1
2026-03-06 17:52:04.485447,1.25,11.2,7.17,0,1
2026-03-06 17:52:09.485447,2.06,22.7,106.64,0,1
2026-03-06 17:52:14.485447,2.02,11.65,-120.52,0,1
2026-03-06 17:52:19.485447,2.93,15.2,61.39,0,1
2026-03-06 17:52:24.485447,2.04,21.15,85.81,0,1
2026-03-06 17:52:29.485447,0.93,5.21,-73.25,0,1
2026-03-06 17:52:34.485447,1.8,9.95,43.08,0,1
2026-03-06 17:52:39.485447,1.06,6.54,-73.37,0,1
2026-03-06 17:52:44.485447,1.57,15.14,-67.13,0,1
2026-03-06 17:52:49.485447,2.48,10.94,47.69,0,1
2026-03-06 17:52:54.485447,1.49,12.44,42.45,0,1
2026-03-06 17:52:59.485447,1.26,9.3,-84.01,0,1
2026-03-06 17:53:04.485447,1.51,17.66,-123.4,0,1
2026-03-06 17:53:09.485447,1.99,16.11,-112.86,0,1
2026-03-06 17:53:14.485447,2.19,20.53,-54.01,0,1
2026-03-06 17:53:19.485447,0.31,9.24,-91.18,0,1
2026-03-06 17:53:24.485447,2.64,22.13,42.66,0,1
2026-03-06 17:53:29.485447,1.95,10.03,100.35,0,1
2026-03-06 17:53:34.485447,0.57,22.08,121.76,0,1
2026-03-06 17:53:39.485447,1.54,5.77,26.08,0,1
2026-03-06 17:53:44.485447,0.27,5.95,-26.01,0,1
2026-03-06 17:53:49.485447,0.26,6.44,59.39,0,1
2026-03-06 17:53:54.485447,0.49,18.82,44.54,0,1
2026-03-06 17:53:59.485447,1.22,22.42,25.93,0,1
2026-03-06 17:54:04.485447,1.73,10.26,-54.09,0,1
2026-03-06 17:54:09.485447,2.48,11.74,-36.57,0,1
2026-03-06 17:54:14.485447,1.76,23.46,-90.86,0,1
2026-03-06 17:54:19.485447,2.37,6.31,102.97,0,1
2026-03-06 17:54:24.485447,1.11,22.95,-82.42,0,1
2026-03-06 17:54:29.485447,0.69,19.13,19.6,0,1
2026-03-06 17:54:34.485447,0.58,17.26,-92.47,0,1
2026-03-06 17:54:39.485447,1.97,21.05,8.25,0,1
2026-03-06 17:54:44.485447,0.69,5.55,-53.89,0,1
2026-03-06 17:54:49.485447,1.03,14.22,-46.1,0,1
2026-03-06 17:54:54.485447,0.33,19.2,-46.58,0,1
2026-03-06 17:54:59.485447,1.93,15.17,-33.32,0,1
2026-03-06 17:55:04.485447,0.51,12.11,-86.16,0,1
2026-03-06 17:55:09.485447,2.61,19.81,-13.43,1,1
2026-03-06 17:55:14.485447,0.11,16.7,-18.26,0,1
2026-03-06 17:55:19.485447,2.96,17.23,-91.99,0,1
2026-03-06 17:55:24.485447,1.21,20.75,122.06,0,1
2026-03-06 17:55:29.485447,1.13,18.43,121.2,0,1
2026-03-06 17:55:34.485447,1.03,7.31,52.77,0,1
2026-03-06 17:55:39.485447,1.45,10.52,2.21,0,1
2026-03-06 17:55:44.485447,2.36,21.39,62.81,0,1
2026-03-06 17:55:49.485447,2.54,11.87,51.24,0,1
2026-03-06 17:55:54.485447,2.99,21.61,-78.42,0,1
2026-03-06 17:55:59.485447,2.28,20.44,-9.26,0,1
2026-03-06 17:56:04.485447,2.74,12.38,110.89,0,1
2026-03-06 17:56:09.485447,0.4,22.6,-88.16,0,1
2026-03-06 17:56:14.485447,0.37,23.72,121.42,0,1
2026-03-06 17:56:19.485447,1.78,20.04,92.19,1,1
2026-03-06 17:56:24.485447,2.96,13.51,-119.27,0,1
2026-03-06 17:56:29.485447,0.26,12.82,48.09,0,1
2026-03-06 17:56:34.485447,1.88,7.56,92.65,0,1
2026-03-06 17:56:39.485447,0.29,17.86,113.75,0,1
2026-03-06 17:56:44.485447,0.63,5.79,58.86,0,1
2026-03-06 17:56:49.485447,2.79,20.82,-117.56,0,1
2026-03-06 17:56:54.485447,0.98,18.3,-106.6,0,1
2026-03-06 17:56:59.485447,2.39,20.52,-15.0,0,1
2026-03-06 17:57:04.485447,2.28,17.16,103.85,1,1
2026-03-06 17:57:09.485447,0.74,17.78,-67.75,0,1
2026-03-06 17:57:14.485447,0.44,9.96,-33.9,0,1
2026-03-06 17:57:19.485447,1.32,6.74,-70.67,0,1
2026-03-06 17:57:24.485447,2.65,24.0,-74.49,0,1
2026-03-06 17:57:29.485447,1.37,15.37,113.08,0,1
2026-03-06 17:57:34.485447,2.86,9.73,75.24,0,1
2026-03-06 17:57:39.485447,2.73,8.44,-123.36,0,1
2026-03-06 17:57:44.485447,2.53,11.52,-89.6,0,1
2026-03-06 17:57:49.485447,2.41,6.92,85.06,1,1
2026-03-06 17:57:54.485447,0.76,9.44,121.12,0,1
2026-03-06 17:57:59.485447,0.01,11.64,-117.49,0,1
2026-03-06 17:58:04.485447,0.77,12.74,74.59,0,1
2026-03-06 17:58:09.485447,0.48,9.76,-37.4,0,1
2026-03-06 17:58:14.485447,0.42,11.75,-123.21,0,1
2026-03-06 17:58:19.485447,0.47,5.51,81.55,0,1
2026-03-06 17:58:24.485447,1.16,15.57,94.49,0,1
2026-03-06 17:58:29.485447,2.55,7.21,82.24,0,1
2026-03-06 17:58:34.485447,0.33,22.87,-83.0,0,1
2026-03-06 17:58:39.485447,0.01,22.35,110.84,0,1
2026-03-06 17:58:44.485447,1.58,23.76,44.56,0,1
2026-03-06 17:58:49.485447,1.83,9.74,-71.92,0,1
2026-03-06 17:58:54.485447,1.3,5.98,-24.66,0,1
2026-03-06 17:58:59.485447,2.74,10.35,-15.27,0,1
2026-03-06 17:59:04.485447,0.6,22.22,61.83,0,1
2026-03-06 17:59:09.485447,2.31,19.61,-65.08,0,1
2026-03-06 17:59:14.485447,0.51,9.11,90.59,0,1
2026-03-06 17:59:19.485447,0.29,22.53,33.87,0,1
2026-03-06 17:59:24.485447,0.73,6.37,-75.58,0,1
2026-03-06 17:59:29.485447,0.8,20.53,-38.66,0,1
2026-03-06 17:59:34.485447,0.9,18.61,103.49,1,1
2026-03-06 17:59:39.485447,1.4,8.0,-64.66,0,1
2026-03-06 17:59:44.485447,2.32,24.86,-109.59,0,1
2026-03-06 17:59:49.485447,0.65,12.35,-60.34,0,1
2026-03-06 17:59:54.485447,1.94,6.53,-1.41,0,1
2026-03-06 17:59:59.485447,1.86,13.81,-38.2,0,1
2026-03-06 18:00:04.485447,2.24,23.82,31.34,1,1
2026-03-06 18:00:09.485447,2.9,21.31,81.24,0,1
2026-03-06 18:00:14.485447,2.33,12.05,65.95,0,1
2026-03-06 18:00:19.485447,1.93,15.17,60.0,0,1
2026-03-06 18:00:24.485447,2.42,10.89,-119.72,0,1
2026-03-06 18:00:29.485447,2.16,20.36,34.63,0,1
2026-03-06 18:00:34.485447,0.95,24.69,91.58,0,1
2026-03-06 18:00:39.485447,0.48,19.54,102.73,0,1
2026-03-06 18:00:44.485447,1.98,16.59,-87.25,0,1
2026-03-06 18:00:49.485447,2.79,18.14,-77.55,0,1
2026-03-06 18:00:54.485447,1.96,9.59,97.85,0,1
2026-03-06 18:00:59.485447,1.79,6.25,-62.82,0,1
2026-03-06 18:01:04.485447,1.87,5.02,-20.77,0,1
2026-03-06 18:01:09.485447,2.2,8.96,44.86,0,1
2026-03-06 18:01:14.485447,1.55,9.62,79.56,1,1
2026-03-06 18:01:19.485447,1.02,10.51,24.39,1,1
2026-03-06 18:01:24.485447,1.78,11.76,77.32,1,1
2026-03-06 18:01:29.485447,0.64,24.72,43.58,0,1
2026-03-06 18:01:34.485447,0.21,5.96,63.31,0,1
2026-03-06 18:01:39.485447,2.34,6.79,70.75,0,1
2026-03-06 18:01:44.485447,0.56,8.72,39.22,0,1
2026-03-06 18:01:49.485447,1.93,6.25,-15.46,0,1
2026-03-06 18:01:54.485447,2.16,6.73,101.68,0,1
2026-03-06 18:01:59.485447,1.32,7.75,-57.41,0,1
2026-03-06 18:02:04.485447,1.13,24.29,-34.88,0,1
2026-03-06 18:02:09.485447,1.91,6.89,50.54,0,1
2026-03-06 18:02:14.485447,0.1,8.09,2.08,0,1
2026-03-06 18:02:19.485447,0.25,5.25,-20.05,0,1
2026-03-06 18:02:24.485447,2.63,10.2,-105.66,0,1
2026-03-06 18:02:29.485447,2.35,13.83,-30.98,0,1
2026-03-06 18:02:34.485447,0.47,5.0,-21.77,0,1
2026-03-06 18:02:39.485447,2.3,9.98,-68.88,0,1
2026-03-06 18:02:44.485447,1.7,7.05,-8.98,0,1
2026-03-06 18:02:49.485447,2.33,21.19,-15.57,0,1
2026-03-06 18:02:54.485447,0.68,21.81,-35.77,1,1
2026-03-06 18:02:59.485447,1.27,13.88,-49.88,0,1
2026-03-06 18:03:04.485447,0.92,6.09,97.49,0,1
2026-03-06 18:03:09.485447,0.99,15.42,-89.24,0,1
2026-03-06 18:03:14.485447,0.32,13.1,-65.81,0,1
2026-03-06 18:03:19.485447,0.02,5.13,85.88,0,1
2026-03-06 18:03:24.485447,1.87,8.85,-31.34,0,1
2026-03-06 18:03:29.485447,1.0,8.36,23.8,0,1
2026-03-06 18:03:34.485447,2.55,7.13,-84.43,0,1
2026-03-06 18:03:39.485447,0.79,12.27,-31.12,0,1
2026-03-06 18:03:44.485447,1.25,16.73,-48.73,0,1
2026-03-06 18:03:49.485447,1.73,6.5,1.58,0,1
2026-03-06 18:03:54.485447,0.69,10.4,19.3,0,1
2026-03-06 18:03:59.485447,2.12,9.2,-17.77,0,1
2026-03-06 18:04:04.485447,0.16,9.78,54.7,1,1
2026-03-06 18:04:09.485447,2.66,19.91,-73.91,0,1
2026-03-06 18:04:14.485447,1.89,8.78,62.34,0,1
2026-03-06 18:04:19.485447,1.14,16.65,-34.69,0,1
2026-03-06 18:04:24.485447,1.1,9.54,-12.3,0,1
2026-03-06 18:04:29.485447,0.72,17.28,-15.52,1,1
2026-03-06 18:04:34.485447,0.16,7.1,8.02,0,1
2026-03-06 18:04:39.485447,0.15,16.79,-41.07,0,1
2026-03-06 18:04:44.485447,0.54,13.45,-49.0,0,1
2026-03-06 18:04:49.485447,2.78,11.6,85.88,0,1
2026-03-06 18:04:54.485447,0.1,18.5,10.0,0,1
2026-03-06 18:04:59.485447,1.25,20.64,70.79,0,1
2026-03-06 18:05:04.485447,1.06,15.77,-104.58,0,1
2026-03-06 18:05:09.485447,1.85,18.56,33.98,1,1
2026-03-06 18:05:14.485447,1.84,19.73,-76.93,0,1
2026-03-06 18:05:19.485447,0.82,9.49,37.57,0,0
2026-03-06 18:05:24.485447,2.68,5.81,-12.06,0,1
2026-03-06 18:05:29.485447,2.65,21.4,-40.39,0,1
2026-03-06 18:05:34.485447,1.31,13.17,26.43,0,1
2026-03-06 18:05:39.485447,0.72,16.7,61.38,0,1
2026-03-06 18:05:44.485447,2.41,7.73,63.26,0,1
2026-03-06 18:05:49.485447,2.67,9.95,63.74,1,1
2026-03-06 18:05:54.485447,0.81,20.37,83.48,0,1
2026-03-06 18:05:59.485447,2.52,20.02,-10.08,0,1
2026-03-06 18:06:04.485447,0.88,7.22,-65.16,0,1
2026-03-06 18:06:09.485447,0.99,12.77,119.1,0,1
2026-03-06 18:06:14.485447,2.09,15.06,92.43,0,1
2026-03-06 18:06:19.485447,0.32,15.02,41.73,0,1
2026-03-06 18:06:24.485447,1.38,17.98,-12.65,0,1
2026-03-06 18:06:29.485447,0.96,13.96,-114.75,0,1
2026-03-06 18:06:34.485447,0.4,24.52,-38.65,0,1
2026-03-06 18:06:39.485447,1.59,18.86,30.14,0,1
2026-03-06 18:06:44.485447,1.33,22.86,-117.25,0,1
2026-03-06 18:06:49.485447,0.64,19.03,-56.21,0,1
2026-03-06 18:06:54.485447,1.36,12.02,-59.0,0,1
2026-03-06 18:06:59.485447,0.76,21.86,24.78,0,1
2026-03-06 18:07:04.485447,0.76,15.48,125.7,0,1
2026-03-06 18:07:09.485447,0.06,15.62,122.59,0,1
2026-03-06 18:07:14.485447,1.76,10.61,109.57,0,1
2026-03-06 18:07:19.485447,1.85,24.22,84.49,0,1
2026-03-06 18:07:24.485447,0.68,17.72,-103.53,0,1
2026-03-06 18:07:29.485447,0.2,5.83,55.99,0,1
2026-03-06 18:07:34.485447,0.23,12.36,-20.98,0,1
2026-03-06 18:07:39.485447,2.69,5.47,71.57,0,1
2026-03-06 18:07:44.485447,2.76,13.22,-52.55,1,1
2026-03-06 18:07:49.485447,2.19,20.38,120.6,0,1
2026-03-06 18:07:54.485447,1.17,17.77,69.97,0,1
2026-03-06 18:07:59.485447,2.27,14.27,95.17,0,1
2026-03-06 18:08:04.485447,1.92,10.59,-67.7,0,1
2026-03-06 18:08:09.485447,2.51,11.21,-29.42,1,1
2026-03-06 18:08:14.485447,2.81,18.89,-63.3,0,1
2026-03-06 18:08:19.485447,0.36,9.01,-44.72,0,1
2026-03-06 18:08:24.485447,2.37,12.64,29.07,0,1
2026-03-06 18:08:29.485447,1.42,8.41,65.13,0,1
2026-03-06 18:08:34.485447,0.9,16.52,-115.68,0,1
2026-03-06 18:08:39.485447,0.31,24.04,30.87,0,1
2026-03-06 18:08:44.485447,0.2,7.04,85.46,0,1
2026-03-06 18:08:49.485447,2.85,23.87,78.44,0,1
2026-03-06 18:08:54.485447,1.53,11.38,-93.17,0,1
2026-03-06 18:08:59.485447,1.32,17.76,-123.94,0,1
2026-03-06 18:09:04.485447,2.07,14.16,-56.15,0,1
2026-03-06 18:09:09.485447,2.76,17.67,-45.21,0,1
2026-03-06 18:09:14.485447,0.94,7.29,18.1,0,1
2026-03-06 18:09:19.485447,2.7,14.79,102.44,0,1
2026-03-06 18:09:24.485447,1.61,5.04,64.84,0,1
2026-03-06 18:09:29.485447,2.48,23.93,85.88,0,1
2026-03-06 18:09:34.485447,0.12,6.64,-117.56,0,1
2026-03-06 18:09:39.485447,1.48,10.24,-9.48,0,1
2026-03-06 18:09:44.485447,1.31,19.08,73.71,0,1
2026-03-06 18:09:49.485447,1.22,9.86,70.13,0,1
2026-03-06 18:09:54.485447,1.32,18.81,105.51,0,1
2026-03-06 18:09:59.485447,1.57,18.41,52.26,1,1
2026-03-06 18:10:04.485447,2.69,23.18,-34.4,1,1
2026-03-06 18:10:09.485447,2.94,11.89,-39.95,0,1
2026-03-06 18:10:14.485447,2.21,14.26,113.41,1,1
2026-03-06 18:10:19.485447,0.73,23.75,-96.61,0,1
2026-03-06 18:10:24.485447,0.1,23.09,-107.22,0,1
2026-03-06 18:10:29.485447,1.42,13.64,25.67,0,1
2026-03-06 18:10:34.485447,2.33,6.31,33.4,0,1
2026-03-06 18:10:39.485447,0.25,23.65,-8.43,1,1
2026-03-06 18:10:44.485447,0.95,10.46,73.74,0,1
2026-03-06 18:10:49.485447,1.09,6.79,108.02,1,1
2026-03-06 18:10:54.485447,1.24,5.84,44.57,1,1
2026-03-06 18:10:59.485447,1.58,17.22,-53.22,1,1
2026-03-06 18:11:04.485447,0.5,7.4,-55.88,0,1
2026-03-06 18:11:09.485447,0.15,20.49,-0.57,0,1
2026-03-06 18:11:14.485447,0.97,12.05,-66.62,0,1
2026-03-06 18:11:19.485447,1.42,18.36,42.04,0,1
2026-03-06 18:11:24.485447,0.26,14.62,109.45,0,1
2026-03-06 18:11:29.485447,0.28,19.92,39.25,1,1
2026-03-06 18:11:34.485447,1.94,21.89,28.08,0,1
2026-03-06 18:11:39.485447,0.65,14.7,82.17,0,1
2026-03-06 18:11:44.485447,1.44,7.29,75.55,0,1
2026-03-06 18:11:49.485447,0.59,23.69,-125.67,0,1
2026-03-06 18:11:54.485447,1.27,23.02,116.8,0,1
2026-03-06 18:11:59.485447,1.09,22.39,-70.08,0,1
2026-03-06 18:12:04.485447,0.46,9.42,14.02,0,1
2026-03-06 18:12:09.485447,0.4,17.59,73.08,0,1
2026-03-06 18:12:14.485447,1.35,16.75,-32.37,1,1
2026-03-06 18:12:19.485447,1.43,5.88,74.08,0,1
2026-03-06 18:12:24.485447,1.57,6.61,69.15,0,1
2026-03-06 18:12:29.485447,2.66,8.89,-61.81,0,1
2026-03-06 18:12:34.485447,1.03,7.41,11.91,0,1
2026-03-06 18:12:39.485447,1.01,9.97,93.13,0,1
2026-03-06 18:12:44.485447,0.32,10.66,-117.17,0,1
2026-03-06 18:12:49.485447,1.81,20.54,104.68,0,1
2026-03-06 18:12:54.485447,0.26,24.9,68.33,0,1
2026-03-06 18:12:59.485447,0.6,8.73,-51.34,0,1
2026-03-06 18:13:04.485447,0.07,15.82,66.75,0,1
2026-03-06 18:13:09.485447,0.24,14.54,-70.73,0,1
2026-03-06 18:13:14.485447,0.74,21.18,-41.14,0,1
2026-03-06 18:13:19.485447,0.09,13.43,-94.65,0,1
2026-03-06 18:13:24.485447,1.95,12.3,-67.18,0,1
2026-03-06 18:13:29.485447,0.84,9.62,49.42,0,1
2026-03-06 18:13:34.485447,0.64,23.96,42.26,0,1
2026-03-06 18:13:39.485447,2.18,11.85,92.03,0,1
2026-03-06 18:13:44.485447,2.86,6.86,0.5,0,1
2026-03-06 18:13:49.485447,2.38,14.95,120.61,0,1
2026-03-06 18:13:54.485447,0.59,6.38,-81.91,0,1
2026-03-06 18:13:59.485447,1.89,6.92,-108.13,0,1
2026-03-06 18:14:04.485447,1.89,23.93,29.6,0,1
2026-03-06 18:14:09.485447,0.76,20.02,-43.1,0,1
2026-03-06 18:14:14.485447,2.06,14.75,-111.52,0,1
2026-03-06 18:14:19.485447,0.28,23.54,-47.22,0,1
2026-03-06 18:14:24.485447,0.19,9.05,-19.41,0,1
2026-03-06 18:14:29.485447,2.97,18.73,-106.05,0,1
2026-03-06 18:14:34.485447,1.23,7.06,-18.8,0,1
2026-03-06 18:14:39.485447,2.12,21.53,73.91,0,1
2026-03-06 18:14:44.485447,0.91,12.91,69.19,0,1
2026-03-06 18:14:49.485447,0.14,16.87,-89.87,1,1
2026-03-06 18:14:54.485447,0.2,23.61,-15.8,0,1
2026-03-06 18:14:59.485447,2.66,10.86,-5.18,0,1
2026-03-06 18:15:04.485447,0.5,13.73,21.08,0,1
2026-03-06 18:15:09.485447,0.79,19.74,52.66,0,1
2026-03-06 18:15:14.485447,1.87,10.67,86.46,0,1
2026-03-06 18:15:19.485447,2.16,20.94,20.27,1,1
2026-03-06 18:15:24.485447,1.54,11.92,-41.32,1,1
2026-03-06 18:15:29.485447,0.28,14.27,62.04,0,1
2026-03-06 18:15:34.485447,0.5,24.41,-90.49,0,1
2026-03-06 18:15:39.485447,1.96,13.43,-63.46,0,1
2026-03-06 18:15:44.485447,1.29,19.11,-84.4,1,1
2026-03-06 18:15:49.485447,0.66,24.17,63.87,1,1
2026-03-06 18:15:54.485447,1.43,12.35,-1.29,0,1
2026-03-06 18:15:59.485447,0.04,20.25,-124.39,0,1
2026-03-06 18:16:04.485447,0.57,9.02,-85.16,0,1
2026-03-06 18:16:09.485447,0.86,6.56,49.07,0,1
2026-03-06 18:16:14.485447,0.8,7.23,-42.43,0,1
2026-03-06 18:16:19.485447,0.39,10.54,105.33,0,1
2026-03-06 18:16:24.485447,0.75,15.14,83.97,0,1
2026-03-06 18:16:29.485447,1.84,17.8,0.15,0,1
2026-03-06 18:16:34.485447,1.4,13.79,124.58,0,1
2026-03-06 18:16:39.485447,1.36,6.81,-32.88,0,1
2026-03-06 18:16:44.485447,1.79,21.83,70.93,0,1
2026-03-06 18:16:49.485447,2.43,5.47,103.66,0,1
2026-03-06 18:16:54.485447,2.23,10.52,-3.19,0,1
2026-03-06 18:16:59.485447,1.94,24.25,-103.67,0,1
2026-03-06 18:17:04.485447,1.33,19.54,-57.24,0,1
2026-03-06 18:17:09.485447,1.68,18.85,2.68,0,1
2026-03-06 18:17:14.485447,0.27,8.16,66.54,0,1
2026-03-06 18:17:19.485447,0.68,14.6,12.47,0,1
2026-03-06 18:17:24.485447,1.47,13.57,-87.56,0,1
2026-03-06 18:17:29.485447,1.93,15.41,-65.86,0,1
2026-03-06 18:17:34.485447,0.29,12.51,91.14,1,1
2026-03-06 18:17:39.485447,1.99,24.52,-9.14,0,1
2026-03-06 18:17:44.485447,0.36,6.86,-96.21,0,1
2026-03-06 18:17:49.485447,0.49,21.24,25.03,0,1
2026-03-06 18:17:54.485447,1.31,17.38,84.55,1,1
2026-03-06 18:17:59.485447,0.1,24.29,43.54,0,1
2026-03-06 18:18:04.485447,2.59,16.95,120.12,0,1
2026-03-06 18:18:09.485447,1.75,23.96,106.14,1,1
2026-03-06 18:18:14.485447,2.72,22.95,80.55,0,1
2026-03-06 18:18:19.485447,0.88,13.0,46.15,0,1
2026-03-06 18:18:24.485447,2.42,10.23,-60.9,1,1
2026-03-06 18:18:29.485447,2.77,24.01,52.3,1,1
2026-03-06 18:18:34.485447,1.62,21.9,-22.68,0,1
2026-03-06 18:18:39.485447,1.64,15.52,33.15,0,1
2026-03-06 18:18:44.485447,0.64,19.21,37.54,0,1
2026-03-06 18:18:49.485447,2.67,13.87,4.47,0,1
2026-03-06 18:18:54.485447,0.05,15.97,-95.73,0,1
2026-03-06 18:18:59.485447,1.42,20.69,12.25,0,1
2026-03-06 18:19:04.485447,1.38,10.72,83.76,0,1
2026-03-06 18:19:09.485447,1.74,15.52,9.11,0,1
2026-03-06 18:19:14.485447,1.06,7.02,19.8,0,1
2026-03-06 18:19:19.485447,1.83,7.78,-50.63,0,1
2026-03-06 18:19:24.485447,0.87,17.96,-60.38,0,1
2026-03-06 18:19:29.485447,1.01,8.95,-104.73,0,1
2026-03-06 18:19:34.485447,2.81,23.46,-88.97,0,1
2026-03-06 18:19:39.485447,1.24,6.8,74.23,0,1
2026-03-06 18:19:44.485447,0.28,12.27,-106.13,0,1
2026-03-06 18:19:49.485447,0.88,24.56,21.55,0,1
2026-03-06 18:19:54.485447,0.46,9.09,-40.71,0,1
2026-03-06 18:19:59.485447,1.13,13.42,-51.37,0,1
2026-03-06 18:20:04.485447,1.1,11.28,77.42,0,1
2026-03-06 18:20:09.485447,1.9,13.17,-31.14,0,1
2026-03-06 18:20:14.485447,2.73,18.64,-3.95,0,1
2026-03-06 18:20:19.485447,2.01,17.46,-40.34,0,1
2026-03-06 18:20:24.485447,2.6,15.35,-56.86,0,1
2026-03-06 18:20:29.485447,1.66,21.83,1.16,0,1
2026-03-06 18:20:34.485447,1.94,14.73,80.31,0,1
2026-03-06 18:20:39.485447,0.35,15.51,-42.52,1,1
2026-03-06 18:20:44.485447,1.89,22.3,-29.61,0,1
2026-03-06 18:20:49.485447,0.78,10.76,27.88,0,1
2026-03-06 18:20:54.485447,0.5,18.78,-88.9,1,1
2026-03-06 18:20:59.485447,2.96,18.17,-84.02,0,1
2026-03-06 18:21:04.485447,2.47,6.75,36.74,0,1
2026-03-06 18:21:09.485447,0.33,6.96,-66.29,0,1
2026-03-06 18:21:14.485447,0.44,10.27,-12.83,0,1
2026-03-06 18:21:19.485447,1.45,24.84,117.01,0,1
2026-03-06 18:21:24.485447,0.03,16.86,4.91,0,1
2026-03-06 18:21:29.485447,1.79,10.14,67.91,0,1
2026-03-06 18:21:34.485447,1.66,17.56,-16.18,0,1
2026-03-06 18:21:39.485447,0.38,13.77,28.75,0,1
2026-03-06 18:21:44.485447,0.13,12.12,-16.48,0,1
2026-03-06 18:21:49.485447,1.53,23.83,112.83,0,1
2026-03-06 18:21:54.485447,1.9,23.08,49.71,0,1
2026-03-06 18:21:59.485447,1.24,19.25,47.33,0,1
2026-03-06 18:22:04.485447,0.0,20.46,-61.07,0,1
2026-03-06 18:22:09.485447,1.64,7.29,118.77,0,1
2026-03-06 18:22:14.485447,0.48,22.77,-72.6,0,1
2026-03-06 18:22:19.485447,2.22,16.68,43.3,0,1
2026-03-06 18:22:24.485447,1.96,21.2,65.62,0,1
2026-03-06 18:22:29.485447,1.99,19.96,-95.47,0,1
2026-03-06 18:22:34.485447,0.48,17.11,-12.33,0,1
2026-03-06 18:22:39.485447,0.99,22.64,41.7,1,1
2026-03-06 18:22:44.485447,1.48,17.91,8.62,0,1
2026-03-06 18:22:49.485447,2.7,15.15,-23.02,0,1
2026-03-06 18:22:54.485447,0.92,12.77,-73.33,0,1
2026-03-06 18:22:59.485447,2.66,5.96,-21.79,0,1
2026-03-06 18:23:04.485447,0.15,17.4,-92.84,0,1
2026-03-06 18:23:09.485447,0.32,24.77,106.25,0,1
2026-03-06 18:23:14.485447,1.99,20.14,-24.35,1,1
2026-03-06 18:23:19.485447,0.99,22.7,-70.93,0,1
2026-03-06 18:23:24.485447,0.87,17.89,-86.8,0,1
2026-03-06 18:23:29.485447,1.66,10.44,19.32,0,1
2026-03-06 18:23:34.485447,1.41,13.62,81.28,0,1
2026-03-06 18:23:39.485447,0.34,13.87,-42.56,0,1
2026-03-06 18:23:44.485447,2.73,10.66,90.76,0,1
2026-03-06 18:23:49.485447,0.95,16.44,-119.4,0,1
2026-03-06 18:23:54.485447,1.28,22.99,-77.66,1,1
2026-03-06 18:23:59.485447,1.17,14.71,48.29,0,1
2026-03-06 18:24:04.485447,2.66,20.14,-9.75,1,1
2026-03-06 18:24:09.485447,2.37,7.08,42.17,0,1
2026-03-06 18:24:14.485447,2.0,14.33,-9.93,1,1
2026-03-06 18:24:19.485447,1.43,20.09,70.72,0,1
2026-03-06 18:24:24.485447,2.59,13.16,-2.42,0,1
2026-03-06 18:24:29.485447,1.94,10.71,72.18,0,1
2026-03-06 18:24:34.485447,0.06,22.91,-73.63,0,1
2026-03-06 18:24:39.485447,2.16,21.49,120.27,0,1
2026-03-06 18:24:44.485447,1.63,13.58,28.51,0,1
2026-03-06 18:24:49.485447,0.08,10.51,103.1,0,1
2026-03-06 18:24:54.485447,0.92,14.26,2.13,0,1
2026-03-06 18:24:59.485447,0.88,23.94,32.31,0,1
2026-03-06 18:25:04.485447,2.27,17.78,96.82,0,1
2026-03-06 18:25:09.485447,0.97,21.95,-56.82,0,1
2026-03-06 18:25:14.485447,0.34,19.1,41.42,0,1
2026-03-06 18:25:19.485447,1.3,20.83,72.51,0,1
2026-03-06 18:25:24.485447,0.61,16.71,-63.33,0,1
2026-03-06 18:25:29.485447,0.03,24.14,-96.39,0,1
2026-03-06 18:25:34.485447,1.59,15.49,-111.47,0,1
2026-03-06 18:25:39.485447,2.98,22.34,92.56,0,1
2026-03-06 18:25:44.485447,2.86,11.18,-55.91,1,1
2026-03-06 18:25:49.485447,1.86,12.78,-11.25,0,1
2026-03-06 18:25:54.485447,2.49,22.85,111.67,1,1
2026-03-06 18:25:59.485447,1.52,11.72,-75.09,0,1
2026-03-06 18:26:04.485447,0.71,15.5,-120.98,0,1
2026-03-06 18:26:09.485447,1.95,16.04,107.53,1,1
2026-03-06 18:26:14.485447,1.96,11.0,-31.27,0,1
2026-03-06 18:26:19.485447,2.09,14.93,-44.21,0,1
2026-03-06 18:26:24.485447,1.54,17.04,-32.6,0,1
2026-03-06 18:26:29.485447,1.46,19.34,-90.63,0,1
2026-03-06 18:26:34.485447,0.53,12.46,-76.68,0,1
2026-03-06 18:26:39.485447,0.59,18.47,15.32,0,1
2026-03-06 18:26:44.485447,0.73,10.13,49.44,0,1
2026-03-06 18:26:49.485447,2.51,24.5,126.6,0,1
2026-03-06 18:26:54.485447,1.4,24.35,-72.74,0,1
2026-03-06 18:26:59.485447,0.11,24.68,41.21,1,1
2026-03-06 18:27:04.485447,0.26,20.89,69.26,0,1
2026-03-06 18:27:09.485447,2.12,23.16,55.11,0,1
2026-03-06 18:27:14.485447,2.56,12.09,11.46,0,1
2026-03-06 18:27:19.485447,1.63,5.59,126.43,0,1
2026-03-06 18:27:24.485447,1.62,15.62,120.13,0,1
2026-03-06 18:27:29.485447,0.61,9.7,-29.33,0,1
2026-03-06 18:27:34.485447,2.29,21.13,124.54,1,1
2026-03-06 18:27:39.485447,2.53,6.73,18.4,0,1
2026-03-06 18:27:44.485447,2.79,16.95,-5.65,0,1
2026-03-06 18:27:49.485447,0.17,6.26,114.66,0,1
2026-03-06 18:27:54.485447,1.87,13.56,3.75,0,1
2026-03-06 18:27:59.485447,0.16,13.36,55.01,0,1
2026-03-06 18:28:04.485447,2.14,8.4,88.56,1,1
2026-03-06 18:28:09.485447,1.96,7.92,114.82,0,1
2026-03-06 18:28:14.485447,2.02,17.6,-58.87,0,1
2026-03-06 18:28:19.485447,1.98,8.11,-35.43,0,1
2026-03-06 18:28:24.485447,2.13,17.99,121.21,0,1
2026-03-06 18:28:29.485447,0.57,7.06,-5.34,0,1
2026-03-06 18:28:34.485447,1.97,10.29,119.29,0,1
2026-03-06 18:28:39.485447,0.83,10.19,78.59,0,1
2026-03-06 18:28:44.485447,2.12,18.57,-92.08,0,1
2026-03-06 18:28:49.485447,2.05,18.48,24.0,0,1
2026-03-06 18:28:54.485447,0.23,13.13,-46.43,0,1
2026-03-06 18:28:59.485447,0.53,14.01,68.13,0,1
2026-03-06 18:29:04.485447,0.25,22.99,-53.62,0,1
2026-03-06 18:29:09.485447,1.23,14.2,58.75,0,1
2026-03-06 18:29:14.485447,0.19,22.84,20.56,0,1
2026-03-06 18:29:19.485447,1.71,23.09,57.03,0,1
2026-03-06 18:29:24.485447,1.85,11.31,-0.94,0,1
2026-03-06 18:29:29.485447,2.21,19.62,60.94,0,1
2026-03-06 18:29:34.485447,2.94,16.54,-73.1,0,1
2026-03-06 18:29:39.485447,2.44,18.41,50.09,0,1
2026-03-06 18:29:44.485447,0.84,8.21,17.14,0,1
2026-03-06 18:29:49.485447,1.39,15.2,-95.29,0,1
2026-03-06 18:29:54.485447,1.74,18.2,-44.22,0,1
2026-03-06 18:29:59.485447,2.17,22.61,67.26,1,1
2026-03-06 18:30:04.485447,2.94,24.61,44.18,1,1
2026-03-06 18:30:09.485447,2.68,5.16,-68.8,1,1
2026-03-06 18:30:14.485447,1.62,9.59,-112.55,0,1
2026-03-06 18:30:19.485447,0.86,21.75,109.79,0,1
2026-03-06 18:30:24.485447,0.93,6.83,22.97,0,1
2026-03-06 18:30:29.485447,2.1,24.51,22.84,0,1
2026-03-06 18:30:34.485447,2.52,9.33,-107.21,0,1
2026-03-06 18:30:39.485447,1.3,20.25,-66.29,0,1
2026-03-06 18:30:44.485447,1.0,6.08,109.36,0,1
2026-03-06 18:30:49.485447,1.93,16.68,88.69,0,1
2026-03-06 18:30:54.485447,0.59,21.02,123.2,0,1
2026-03-06 18:30:59.485447,0.73,20.18,15.52,0,1
2026-03-06 18:31:04.485447,0.19,16.61,53.72,0,1
2026-03-06 18:31:09.485447,1.99,20.93,112.92,0,1
2026-03-06 18:31:14.485447,0.96,8.98,-85.03,0,1
2026-03-06 18:31:19.485447,1.73,13.96,-125.66,0,1
2026-03-06 18:31:24.485447,2.19,22.11,113.58,1,1
2026-03-06 18:31:29.485447,1.22,21.39,77.67,0,1
2026-03-06 18:31:34.485447,0.71,9.16,-19.54,0,1
2026-03-06 18:31:39.485447,2.69,18.97,-32.46,0,1
2026-03-06 18:31:44.485447,0.89,20.65,114.81,0,1
2026-03-06 18:31:49.485447,0.18,7.03,-62.54,0,1
2026-03-06 18:31:54.485447,0.52,9.8,-94.06,0,1
2026-03-06 18:31:59.485447,0.39,22.47,-122.61,0,1
2026-03-06 18:32:04.485447,1.26,18.5,-113.55,0,1
2026-03-06 18:32:09.485447,1.95,5.15,-54.25,0,1
2026-03-06 18:32:14.485447,1.73,21.97,122.25,0,1
2026-03-06 18:32:19.485447,1.76,19.8,59.28,0,1
2026-03-06 18:32:24.485447,1.55,21.22,-65.39,0,1
2026-03-06 18:32:29.485447,1.88,23.78,-32.05,0,1
2026-03-06 18:32:34.485447,0.1,9.85,-73.77,0,1
2026-03-06 18:32:39.485447,1.66,13.6,-87.96,1,1
2026-03-06 18:32:44.485447,2.59,20.79,116.31,1,1
2026-03-06 18:32:49.485447,2.84,12.06,-10.77,1,1
2026-03-06 18:32:54.485447,2.99,13.37,-95.11,0,1
2026-03-06 18:32:59.485447,1.83,19.69,-49.38,0,1
2026-03-06 18:33:04.485447,0.27,14.67,-49.93,0,1
2026-03-06 18:33:09.485447,2.11,10.66,108.96,0,1
2026-03-06 18:33:14.485447,1.89,14.85,110.28,0,1
2026-03-06 18:33:19.485447,1.95,18.18,-15.6,0,1
2026-03-06 18:33:24.485447,1.31,23.02,-82.58,0,1
2026-03-06 18:33:29.485447,1.47,6.64,-79.78,0,1
2026-03-06 18:33:34.485447,2.36,13.17,-97.4,0,1
2026-03-06 18:33:39.485447,0.1,18.02,41.25,0,1
2026-03-06 18:33:44.485447,1.38,12.17,-116.6,1,1
2026-03-06 18:33:49.485447,0.02,22.6,-48.35,0,1
2026-03-06 18:33:54.485447,2.74,24.47,78.07,0,1
2026-03-06 18:33:59.485447,0.63,11.31,-58.46,0,1
2026-03-06 18:34:04.485447,1.07,24.31,9.59,0,1
2026-03-06 18:34:09.485447,1.89,24.25,104.64,0,1
2026-03-06 18:34:14.485447,2.52,6.28,-14.65,0,1
2026-03-06 18:34:19.485447,1.06,24.41,-57.73,0,1
2026-03-06 18:34:24.485447,2.04,7.62,-37.4,0,1
2026-03-06 18:34:29.485447,1.88,21.59,70.93,0,1
2026-03-06 18:34:34.485447,2.46,21.68,-88.3,0,1
2026-03-06 18:34:39.485447,2.58,12.88,-21.57,0,1
2026-03-06 18:34:44.485447,0.9,14.33,-86.37,0,1
2026-03-06 18:34:49.485447,2.72,12.86,55.55,1,1
2026-03-06 18:34:54.485447,0.14,15.16,54.44,0,1
2026-03-06 18:34:59.485447,1.61,19.38,-83.13,0,1
2026-03-06 18:35:04.485447,0.37,21.24,12.84,1,1
2026-03-06 18:35:09.485447,2.05,17.15,14.89,1,1
2026-03-06 18:35:14.485447,2.87,12.11,11.6,0,1
2026-03-06 18:35:19.485447,1.41,18.61,-57.26,0,1
2026-03-06 18:35:24.485447,1.95,24.79,-93.58,1,1
2026-03-06 18:35:29.485447,0.98,17.82,-48.46,0,1
2026-03-06 18:35:34.485447,2.65,16.84,90.32,0,1
2026-03-06 18:35:39.485447,1.08,15.77,79.63,0,1
2026-03-06 18:35:44.485447,0.9,20.49,-78.56,0,1
2026-03-06 18:35:49.485447,2.14,21.7,-82.91,0,1
2026-03-06 18:35:54.485447,0.01,12.6,81.45,0,1
2026-03-06 18:35:59.485447,2.45,16.81,-84.49,0,1
2026-03-06 18:36:04.485447,1.46,19.9,-58.06,0,1
2026-03-06 18:36:09.485447,1.73,10.91,50.32,0,1
2026-03-06 18:36:14.485447,2.06,16.76,126.36,0,1
2026-03-06 18:36:19.485447,2.14,17.65,-97.09,0,1
2026-03-06 18:36:24.485447,1.42,19.17,-72.31,0,1
2026-03-06 18:36:29.485447,0.32,18.57,-12.45,0,1
2026-03-06 18:36:34.485447,2.03,7.8,-65.29,0,1
2026-03-06 18:36:39.485447,0.2,23.04,72.46,0,1
2026-03-06 18:36:44.485447,2.44,9.99,98.1,0,1
2026-03-06 18:36:49.485447,2.91,20.7,-17.32,1,1
2026-03-06 18:36:54.485447,2.82,14.28,-37.79,0,1
2026-03-06 18:36:59.485447,0.64,20.98,93.89,0,1
2026-03-06 18:37:04.485447,2.95,6.06,15.92,0,1
2026-03-06 18:37:09.485447,1.83,22.11,56.63,0,1
2026-03-06 18:37:14.485447,0.11,24.18,101.52,0,1
2026-03-06 18:37:19.485447,0.4,20.29,-91.38,0,1
2026-03-06 18:37:24.485447,1.93,21.8,-48.01,0,1
2026-03-06 18:37:29.485447,0.43,21.45,21.25,0,1
2026-03-06 18:37:34.485447,0.26,15.77,107.95,0,1
2026-03-06 18:37:39.485447,1.78,5.81,36.09,0,1
2026-03-06 18:37:44.485447,1.71,10.69,85.39,0,1
2026-03-06 18:37:49.485447,2.9,18.18,-70.7,0,1
2026-03-06 18:37:54.485447,2.08,24.29,-43.42,0,1
2026-03-06 18:37:59.485447,2.66,22.85,-17.32,0,1
2026-03-06 18:38:04.485447,0.44,22.95,17.05,0,1
2026-03-06 18:38:09.485447,0.54,22.44,7.24,0,1
2026-03-06 18:38:14.485447,1.06,9.46,0.9,0,1
2026-03-06 18:38:19.485447,2.72,21.36,-48.69,0,1
2026-03-06 18:38:24.485447,0.93,9.8,-113.79,1,1
2026-03-06 18:38:29.485447,1.24,18.11,-124.04,0,1
2026-03-06 18:38:34.485447,1.06,17.76,125.7,0,1
2026-03-06 18:38:39.485447,0.05,13.95,26.02,0,1
2026-03-06 18:38:44.485447,1.12,17.03,-59.9,0,1
2026-03-06 18:38:49.485447,1.96,14.03,-84.56,0,1
2026-03-06 18:38:54.485447,1.48,6.9,-48.35,0,1
2026-03-06 18:38:59.485447,2.94,12.73,-60.43,1,1
2026-03-06 18:39:04.485447,0.48,17.18,-98.38,0,1
2026-03-06 18:39:09.485447,2.47,16.31,-79.06,0,1
2026-03-06 18:39:14.485447,2.43,13.48,68.27,0,1
2026-03-06 18:39:19.485447,2.37,24.74,-38.65,0,1
2026-03-06 18:39:24.485447,1.91,7.15,106.95,0,1
2026-03-06 18:39:29.485447,1.21,15.4,19.84,0,1
2026-03-06 18:39:34.485447,2.34,17.56,51.73,0,1
2026-03-06 18:39:39.485447,0.48,14.42,88.14,0,1
2026-03-06 18:39:44.485447,0.55,5.39,5.34,0,1
2026-03-06 18:39:49.485447,1.12,15.36,9.8,0,1
2026-03-06 18:39:54.485447,0.27,11.25,-21.19,0,1
2026-03-06 18:39:59.485447,1.99,17.57,31.32,0,1
2026-03-06 18:40:04.485447,2.73,21.59,-79.49,0,1
2026-03-06 18:40:09.485447,1.05,8.49,60.69,0,1
2026-03-06 18:40:14.485447,0.87,15.61,55.35,0,1
2026-03-06 18:40:19.485447,2.17,13.4,101.71,1,1
2026-03-06 18:40:24.485447,1.71,10.09,-16.99,0,1
2026-03-06 18:40:29.485447,1.81,6.29,113.11,0,1
2026-03-06 18:40:34.485447,2.85,19.65,-32.58,0,1
2026-03-06 18:40:39.485447,0.82,8.11,75.51,0,1
2026-03-06 18:40:44.485447,1.57,24.01,-83.93,1,1
2026-03-06 18:40:49.485447,2.28,7.2,-46.6,0,1
2026-03-06 18:40:54.485447,2.73,20.36,116.66,0,1
2026-03-06 18:40:59.485447,0.11,10.67,-0.87,0,1
2026-03-06 18:41:04.485447,2.26,24.66,24.83,0,1
2026-03-06 18:41:09.485447,1.57,18.93,41.25,0,1
2026-03-06 18:41:14.485447,0.42,14.98,-26.86,0,1
2026-03-06 18:41:19.485447,2.06,20.24,124.04,0,1
2026-03-06 18:41:24.485447,0.64,9.25,65.16,0,1
2026-03-06 18:41:29.485447,0.77,17.38,68.32,0,1
2026-03-06 18:41:34.485447,2.05,17.43,31.96,0,1
2026-03-06 18:41:39.485447,0.93,19.54,-78.48,1,1
2026-03-06 18:41:44.485447,1.04,6.64,29.73,0,1
2026-03-06 18:41:49.485447,0.05,17.09,109.88,0,1
2026-03-06 18:41:54.485447,2.38,22.68,-112.06,1,1
2026-03-06 18:41:59.485447,0.31,16.37,-118.92,0,1
2026-03-06 18:42:04.485447,0.43,20.37,-68.53,0,1
2026-03-06 18:42:09.485447,1.78,18.4,-28.2,0,1
2026-03-06 18:42:14.485447,1.37,14.66,38.45,0,1
2026-03-06 18:42:19.485447,1.17,24.61,-109.95,0,1
2026-03-06 18:42:24.485447,0.21,21.81,66.77,0,1
2026-03-06 18:42:29.485447,0.68,9.16,-11.51,0,1
2026-03-06 18:42:34.485447,2.68,16.38,-42.66,0,1
2026-03-06 18:42:39.485447,1.54,14.68,-97.46,0,1
2026-03-06 18:42:44.485447,1.36,15.79,83.02,1,1
2026-03-06 18:42:49.485447,1.07,22.1,-107.98,0,1
2026-03-06 18:42:54.485447,0.78,8.78,-77.81,0,1
2026-03-06 18:42:59.485447,0.9,13.57,65.23,0,1
2026-03-06 18:43:04.485447,2.63,23.93,62.79,0,1
2026-03-06 18:43:09.485447,0.29,19.98,-123.24,0,1
2026-03-06 18:43:14.485447,0.03,5.65,81.18,0,1
2026-03-06 18:43:19.485447,0.97,23.17,-94.37,0,1
2026-03-06 18:43:24.485447,2.52,7.48,-97.8,0,1
2026-03-06 18:43:29.485447,1.18,21.45,-13.6,0,1
2026-03-06 18:43:34.485447,2.93,21.4,6.78,0,1
2026-03-06 18:43:39.485447,2.7,8.98,-41.96,0,1
2026-03-06 18:43:44.485447,1.12,16.17,74.56,0,1
2026-03-06 18:43:49.485447,1.19,10.27,-6.43,0,1
2026-03-06 18:43:54.485447,2.98,16.43,-86.76,0,1
2026-03-06 18:43:59.485447,0.81,17.17,-5.78,0,1
2026-03-06 18:44:04.485447,1.99,9.48,-92.52,0,1
2026-03-06 18:44:09.485447,2.3,8.14,10.15,0,1
2026-03-06 18:44:14.485447,2.21,11.78,75.09,0,1
2026-03-06 18:44:19.485447,2.45,17.81,73.24,0,1
2026-03-06 18:44:24.485447,2.21,15.44,4.66,0,1
2026-03-06 18:44:29.485447,2.89,21.25,-75.21,0,1
2026-03-06 18:44:34.485447,2.41,8.91,62.42,0,1
2026-03-06 18:44:39.485447,1.75,18.42,-111.45,0,1
2026-03-06 18:44:44.485447,0.27,18.4,-102.8,0,1
2026-03-06 18:44:49.485447,1.68,6.92,60.48,0,1
2026-03-06 18:44:54.485447,1.28,15.61,30.21,1,1
2026-03-06 18:44:59.485447,1.42,19.22,43.21,0,1
2026-03-06 18:45:04.485447,0.76,7.65,53.62,0,1
2026-03-06 18:45:09.485447,1.43,6.62,113.28,0,1
2026-03-06 18:45:14.485447,1.95,13.85,-28.98,0,1
2026-03-06 18:45:19.485447,2.95,6.28,-113.62,0,1
2026-03-06 18:45:24.485447,0.55,10.84,80.19,0,1
2026-03-06 18:45:29.485447,1.04,15.02,-49.73,0,1
2026-03-06 18:45:34.485447,1.05,11.99,101.34,0,1
2026-03-06 18:45:39.485447,2.93,14.44,-104.48,0,1
2026-03-06 18:45:44.485447,2.66,10.48,38.24,0,1
2026-03-06 18:45:49.485447,1.3,6.98,72.74,1,1
2026-03-06 18:45:54.485447,1.96,14.96,8.98,0,1
2026-03-06 18:45:59.485447,1.77,15.39,93.72,0,1
2026-03-06 18:46:04.485447,0.09,23.32,-6.29,0,1
2026-03-06 18:46:09.485447,0.87,8.71,70.84,0,1
2026-03-06 18:46:14.485447,0.1,10.24,107.67,0,1
2026-03-06 18:46:19.485447,1.1,10.99,-24.1,0,1
2026-03-06 18:46:24.485447,1.92,12.23,71.76,0,1
2026-03-06 18:46:29.485447,0.59,24.28,83.95,0,1
2026-03-06 18:46:34.485447,1.3,8.57,25.54,0,0
2026-03-06 18:46:39.485447,1.13,17.05,-104.22,0,1
2026-03-06 18:46:44.485447,2.14,10.64,-66.39,1,1
2026-03-06 18:46:49.485447,2.74,24.27,32.42,0,1
2026-03-06 18:46:54.485447,0.97,16.52,59.06,0,1
2026-03-06 18:46:59.485447,1.39,19.21,71.53,0,1
2026-03-06 18:47:04.485447,2.62,11.53,4.77,0,1
2026-03-06 18:47:09.485447,2.53,9.54,24.52,0,1
2026-03-06 18:47:14.485447,0.45,13.91,5.41,0,1
2026-03-06 18:47:19.485447,2.79,7.1,121.64,0,1
2026-03-06 18:47:24.485447,2.34,15.63,117.83,0,1
2026-03-06 18:47:29.485447,2.08,5.82,-43.71,1,1
2026-03-06 18:47:34.485447,0.29,8.68,-71.43,0,1
2026-03-06 18:47:39.485447,0.98,8.57,43.86,0,1
2026-03-06 18:47:44.485447,2.05,5.93,111.47,0,1
2026-03-06 18:47:49.485447,1.93,9.63,82.34,1,1
2026-03-06 18:47:54.485447,0.51,21.06,35.81,0,1
2026-03-06 18:47:59.485447,0.61,7.31,82.97,0,1
2026-03-06 18:48:04.485447,0.15,20.69,18.16,0,1
2026-03-06 18:48:09.485447,1.57,16.78,-1.88,0,1
2026-03-06 18:48:14.485447,2.96,14.08,-40.3,0,1
2026-03-06 18:48:19.485447,2.81,14.41,-30.88,0,1
2026-03-06 18:48:24.485447,0.82,7.37,24.59,0,1
2026-03-06 18:48:29.485447,0.8,11.91,-4.56,1,1
2026-03-06 18:48:34.485447,1.23,10.69,49.85,0,1
2026-03-06 18:48:39.485447,0.27,21.33,17.87,0,1
2026-03-06 18:48:44.485447,0.86,12.16,49.38,0,1
2026-03-06 18:48:49.485447,2.17,24.15,-57.68,0,1
2026-03-06 18:48:54.485447,1.2,15.08,27.27,0,1
2026-03-06 18:48:59.485447,0.66,23.56,-123.38,0,1
2026-03-06 18:49:04.485447,2.95,15.1,75.48,0,1
2026-03-06 18:49:09.485447,2.7,6.53,24.97,0,1
2026-03-06 18:49:14.485447,2.38,8.87,32.21,0,1
2026-03-06 18:49:19.485447,1.72,11.42,-93.49,0,1
2026-03-06 18:49:24.485447,2.38,9.44,97.69,0,1
2026-03-06 18:49:29.485447,2.91,18.49,-114.55,0,1
2026-03-06 18:49:34.485447,2.27,21.44,48.15,0,1
2026-03-06 18:49:39.485447,1.8,21.73,124.96,0,1
2026-03-06 18:49:44.485447,1.27,10.45,-122.07,0,1
2026-03-06 18:49:49.485447,2.13,20.74,59.25,0,1
2026-03-06 18:49:54.485447,2.82,11.55,116.17,0,1
2026-03-06 18:49:59.485447,2.86,13.7,10.58,0,1
2026-03-06 18:50:04.485447,2.94,15.53,-37.04,0,1
2026-03-06 18:50:09.485447,0.9,13.84,-46.28,1,1
2026-03-06 18:50:14.485447,1.86,22.72,-5.38,0,1
2026-03-06 18:50:19.485447,1.19,24.75,-70.94,0,1
2026-03-06 18:50:24.485447,2.61,6.62,-45.56,0,1
2026-03-06 18:50:29.485447,0.98,13.14,60.86,0,1
2026-03-06 18:50:34.485447,2.28,7.23,44.67,1,1
2026-03-06 18:50:39.485447,2.53,10.72,-120.75,0,1
2026-03-06 18:50:44.485447,0.51,21.66,88.02,0,1
2026-03-06 18:50:49.485447,0.93,18.27,14.38,0,1
2026-03-06 18:50:54.485447,0.8,19.25,31.51,1,1
2026-03-06 18:50:59.485447,0.53,18.99,119.64,0,1
2026-03-06 18:51:04.485447,0.39,23.09,1.86,0,1
2026-03-06 18:51:09.485447,1.1,11.57,101.41,1,1
2026-03-06 18:51:14.485447,1.94,14.15,122.51,1,1
2026-03-06 18:51:19.485447,1.87,19.33,67.48,0,1
2026-03-06 18:51:24.485447,1.31,17.72,-110.72,0,1
2026-03-06 18:51:29.485447,1.14,24.58,-126.02,0,1
2026-03-06 18:51:34.485447,2.66,16.67,112.11,0,1
2026-03-06 18:51:39.485447,2.1,23.33,70.22,0,1
2026-03-06 18:51:44.485447,2.87,6.87,-18.35,0,1
2026-03-06 18:51:49.485447,0.5,13.1,52.51,0,1
2026-03-06 18:51:54.485447,0.74,8.06,-108.46,0,1
2026-03-06 18:51:59.485447,0.47,12.82,12.53,0,1
2026-03-06 18:52:04.485447,2.76,16.01,47.42,0,1
2026-03-06 18:52:09.485447,2.27,16.83,-64.77,0,1
2026-03-06 18:52:14.485447,0.28,13.54,89.52,0,1
2026-03-06 18:52:19.485447,0.44,19.24,-51.76,0,1
2026-03-06 18:52:24.485447,2.81,24.5,-56.42,0,1
2026-03-06 18:52:29.485447,0.56,10.63,113.92,1,1
2026-03-06 18:52:34.485447,2.3,20.91,116.1,0,1
2026-03-06 18:52:39.485447,0.04,13.32,64.87,0,1
2026-03-06 18:52:44.485447,2.1,11.84,-42.89,0,1
2026-03-06 18:52:49.485447,2.74,14.12,80.62,0,1
2026-03-06 18:52:54.485447,0.87,20.98,-8.7,0,1
2026-03-06 18:52:59.485447,1.08,6.18,-111.18,1,1
2026-03-06 18:53:04.485447,2.19,18.89,-126.78,0,1
2026-03-06 18:53:09.485447,0.03,20.75,-45.16,0,1
2026-03-06 18:53:14.485447,1.79,23.22,-32.15,0,1
2026-03-06 18:53:19.485447,0.79,18.67,68.71,0,1
2026-03-06 18:53:24.485447,0.31,18.89,-24.65,0,1
2026-03-06 18:53:29.485447,0.28,6.47,-119.97,0,1
2026-03-06 18:53:34.485447,2.94,17.91,53.1,0,1
2026-03-06 18:53:39.485447,2.92,9.01,20.77,0,1
2026-03-06 18:53:44.485447,0.93,5.1,-76.92,0,1
2026-03-06 18:53:49.485447,1.71,13.96,117.05,0,1
2026-03-06 18:53:54.485447,0.31,7.1,-105.16,0,1
2026-03-06 18:53:59.485447,0.99,7.24,-69.94,0,1
2026-03-06 18:54:04.485447,1.42,16.52,-89.89,0,1
2026-03-06 18:54:09.485447,2.1,21.56,107.16,0,1
2026-03-06 18:54:14.485447,1.47,17.22,-126.51,0,1
2026-03-06 18:54:19.485447,2.74,10.18,-13.95,0,1
2026-03-06 18:54:24.485447,2.77,21.33,6.45,0,1
2026-03-06 18:54:29.485447,2.59,19.73,-10.33,0,1
2026-03-06 18:54:34.485447,0.49,15.1,83.64,0,1
2026-03-06 18:54:39.485447,1.35,21.61,-37.96,0,1
2026-03-06 18:54:44.485447,1.16,10.76,31.61,0,0
2026-03-06 18:54:49.485447,1.24,14.86,-76.52,0,1
2026-03-06 18:54:54.485447,2.87,20.94,124.79,0,1
2026-03-06 18:54:59.485447,0.69,21.05,96.57,0,1
2026-03-06 18:55:04.485447,0.19,6.25,-51.05,0,1
2026-03-06 18:55:09.485447,2.91,14.19,104.25,1,1
2026-03-06 18:55:14.485447,1.15,13.66,51.04,1,1
2026-03-06 18:55:19.485447,2.42,17.23,-1.09,0,1
2026-03-06 18:55:24.485447,2.68,9.88,-82.36,0,1
2026-03-06 18:55:29.485447,1.48,12.37,-21.52,0,1
2026-03-06 18:55:34.485447,1.96,20.54,-73.43,0,1
2026-03-06 18:55:39.485447,0.16,11.19,10.87,0,1
2026-03-06 18:55:44.485447,1.15,12.46,-116.21,0,1
2026-03-06 18:55:49.485447,1.87,16.99,-84.93,0,1
2026-03-06 18:55:54.485447,2.2,22.14,-80.14,0,1
2026-03-06 18:55:59.485447,2.89,11.47,-38.97,0,1
2026-03-06 18:56:04.485447,2.14,6.45,12.27,0,1
2026-03-06 18:56:09.485447,1.63,6.92,119.59,0,1
2026-03-06 18:56:14.485447,0.67,12.92,-48.7,0,1
2026-03-06 18:56:19.485447,2.15,12.06,-102.72,0,1
2026-03-06 18:56:24.485447,2.79,15.57,-12.03,1,1
2026-03-06 18:56:29.485447,0.61,15.02,-67.62,0,1
2026-03-06 18:56:34.485447,0.65,19.53,-42.36,1,1
2026-03-06 18:56:39.485447,2.62,8.4,-103.14,0,1
2026-03-06 18:56:44.485447,2.42,19.76,-115.83,0,1
2026-03-06 18:56:49.485447,1.52,15.86,58.32,0,1
2026-03-06 18:56:54.485447,0.56,20.12,-30.14,1,1
2026-03-06 18:56:59.485447,0.97,13.7,6.1,0,1
2026-03-06 18:57:04.485447,2.08,21.88,-53.83,0,1
2026-03-06 18:57:09.485447,0.87,8.26,86.6,0,1
2026-03-06 18:57:14.485447,1.95,10.68,-108.69,0,1
2026-03-06 18:57:19.485447,0.37,12.74,-18.21,0,1
2026-03-06 18:57:24.485447,2.74,24.81,113.99,0,1
2026-03-06 18:57:29.485447,0.52,6.05,-47.86,0,1
2026-03-06 18:57:34.485447,0.61,19.91,-47.29,0,1
2026-03-06 18:57:39.485447,2.87,21.04,-57.48,0,1
2026-03-06 18:57:44.485447,2.53,14.46,21.51,0,1
2026-03-06 18:57:49.485447,2.36,6.93,-68.92,1,1
2026-03-06 18:57:54.485447,1.49,5.45,-8.66,0,1
2026-03-06 18:57:59.485447,0.72,17.88,3.49,0,1
2026-03-06 18:58:04.485447,1.54,11.77,-64.87,0,1
2026-03-06 18:58:09.485447,2.72,15.06,-59.11,1,1
2026-03-06 18:58:14.485447,2.3,6.09,-23.88,0,1
2026-03-06 18:58:19.485447,1.02,12.88,92.32,0,1
2026-03-06 18:58:24.485447,1.39,15.7,-43.44,0,1
2026-03-06 18:58:29.485447,2.77,19.01,81.29,0,1
2026-03-06 18:58:34.485447,0.4,18.77,-54.42,0,1
2026-03-06 18:58:39.485447,2.76,15.98,-34.34,0,1
2026-03-06 18:58:44.485447,2.32,19.22,-106.87,0,1
2026-03-06 18:58:49.485447,0.08,19.54,-81.55,0,1
2026-03-06 18:58:54.485447,0.34,11.15,-72.71,0,1
2026-03-06 18:58:59.485447,0.38,23.3,-40.69,0,1
2026-03-06 18:59:04.485447,0.53,13.6,-83.74,0,1
2026-03-06 18:59:09.485447,2.47,6.81,-20.56,0,1
2026-03-06 18:59:14.485447,1.48,17.5,-40.93,0,1
2026-03-06 18:59:19.485447,1.98,11.43,103.95,0,1
2026-03-06 18:59:24.485447,2.89,6.25,50.01,1,1
2026-03-06 18:59:29.485447,0.4,22.2,-124.32,0,1
2026-03-06 18:59:34.485447,1.68,8.02,-6.43,1,1
2026-03-06 18:59:39.485447,0.82,10.23,-26.13,0,1
2026-03-06 18:59:44.485447,2.39,18.51,-68.4,0,1
2026-03-06 18:59:49.485447,1.78,8.49,-59.21,0,1
2026-03-06 18:59:54.485447,1.31,16.07,22.24,1,1
2026-03-06 18:59:59.485447,0.13,15.26,66.14,1,1
2026-03-06 19:00:04.485447,1.09,8.25,78.97,1,1
2026-03-06 19:00:09.485447,2.29,24.43,37.42,1,1
2026-03-06 19:00:14.485447,2.01,20.33,73.31,0,1
2026-03-06 19:00:19.485447,0.05,13.1,-81.63,0,1
2026-03-06 19:00:24.485447,2.8,9.05,56.82,0,1
2026-03-06 19:00:29.485447,2.29,7.85,-28.97,0,1
2026-03-06 19:00:34.485447,1.85,23.56,35.95,0,1
2026-03-06 19:00:39.485447,1.69,14.9,-88.58,0,1
2026-03-06 19:00:44.485447,0.47,17.91,102.31,0,1
2026-03-06 19:00:49.485447,1.13,21.2,-113.88,0,1
2026-03-06 19:00:54.485447,1.47,20.29,-4.01,0,1
2026-03-06 19:00:59.485447,1.04,6.88,-11.66,0,1
2026-03-06 19:01:04.485447,0.53,10.62,54.38,0,1
2026-03-06 19:01:09.485447,0.9,8.03,102.19,0,1
2026-03-06 19:01:14.485447,0.66,22.0,54.57,0,1
2026-03-06 19:01:19.485447,2.35,23.62,125.95,0,1
2026-03-06 19:01:24.485447,1.0,21.66,42.41,0,1
2026-03-06 19:01:29.485447,1.51,16.16,85.88,0,1
2026-03-06 19:01:34.485447,0.08,14.11,-31.75,0,1
2026-03-06 19:01:39.485447,0.33,20.81,-103.69,0,1
2026-03-06 19:01:44.485447,1.61,24.83,55.84,0,1
2026-03-06 19:01:49.485447,2.69,19.84,121.76,0,1
2026-03-06 19:01:54.485447,0.81,9.71,-23.66,0,1
2026-03-06 19:01:59.485447,0.87,5.57,64.44,0,1
2026-03-06 19:02:04.485447,2.54,7.09,-45.73,0,1
2026-03-06 19:02:09.485447,1.91,9.88,42.34,0,1
2026-03-06 19:02:14.485447,1.64,12.58,108.59,0,1
2026-03-06 19:02:19.485447,0.74,14.55,-85.29,0,1
2026-03-06 19:02:24.485447,0.22,12.82,37.3,0,1
2026-03-06 19:02:29.485447,1.86,13.72,114.74,0,1
2026-03-06 19:02:34.485447,0.78,9.03,-48.66,0,1
2026-03-06 19:02:39.485447,2.38,5.41,-73.0,0,1
2026-03-06 19:02:44.485447,2.55,12.02,125.85,0,1
2026-03-06 19:02:49.485447,2.81,13.67,-32.2,0,1
2026-03-06 19:02:54.485447,2.22,6.55,29.6,0,1
2026-03-06 19:02:59.485447,2.7,5.21,35.97,0,1
2026-03-06 19:03:04.485447,2.55,11.56,94.52,1,1
2026-03-06 19:03:09.485447,2.96,19.1,-76.51,0,1
2026-03-06 19:03:14.485447,0.84,8.97,34.02,0,0
2026-03-06 19:03:19.485447,2.54,11.12,-13.91,0,1
2026-03-06 19:03:24.485447,2.49,8.08,-122.63,0,1
2026-03-06 19:03:29.485447,1.64,8.29,34.82,0,1
2026-03-06 19:03:34.485447,2.78,16.57,0.74,0,1
2026-03-06 19:03:39.485447,0.14,15.3,54.66,1,1
2026-03-06 19:03:44.485447,1.9,18.22,-12.22,0,1
2026-03-06 19:03:49.485447,2.58,10.26,98.43,0,1
2026-03-06 19:03:54.485447,1.85,16.73,-4.16,0,1
2026-03-06 19:03:59.485447,2.37,24.28,-102.42,0,1
2026-03-06 19:04:04.485447,1.11,22.55,-26.99,0,1
2026-03-06 19:04:09.485447,1.09,18.11,-20.47,0,1
2026-03-06 19:04:14.485447,1.51,22.88,-109.5,0,1
2026-03-06 19:04:19.485447,1.74,10.61,93.5,0,1
2026-03-06 19:04:24.485447,2.92,13.75,74.53,0,1
2026-03-06 19:04:29.485447,1.1,12.85,13.8,0,1
2026-03-06 19:04:34.485447,1.74,8.98,64.27,0,1
2026-03-06 19:04:39.485447,2.14,11.6,-79.46,0,1
2026-03-06 19:04:44.485447,2.18,23.4,73.81,0,1
2026-03-06 19:04:49.485447,1.97,13.27,-58.76,0,1
2026-03-06 19:04:54.485447,0.58,8.85,110.34,0,1
2026-03-06 19:04:59.485447,2.92,12.32,-16.45,1,1
2026-03-06 19:05:04.485447,1.15,21.24,-41.26,1,1
2026-03-06 19:05:09.485447,0.62,10.87,8.85,0,1
2026-03-06 19:05:14.485447,1.71,5.68,-75.76,0,1
2026-03-06 19:05:19.485447,0.37,14.95,91.06,0,1
2026-03-06 19:05:24.485447,0.69,22.21,35.17,0,1
2026-03-06 19:05:29.485447,0.09,10.64,50.08,0,1
2026-03-06 19:05:34.485447,2.84,12.79,5.92,0,1
2026-03-06 19:05:39.485447,1.76,11.96,50.57,0,1
2026-03-06 19:05:44.485447,2.22,14.7,-70.21,0,1
2026-03-06 19:05:49.485447,0.52,11.35,36.35,0,1
2026-03-06 19:05:54.485447,1.57,14.79,113.13,0,1
2026-03-06 19:05:59.485447,1.96,11.34,73.59,0,1
2026-03-06 19:06:04.485447,0.97,11.6,-63.87,0,1
2026-03-06 19:06:09.485447,1.32,16.01,13.8,0,1
2026-03-06 19:06:14.485447,0.18,5.53,90.56,0,1
2026-03-06 19:06:19.485447,1.28,14.13,53.64,0,1
2026-03-06 19:06:24.485447,2.0,18.79,-83.4,0,1
2026-03-06 19:06:29.485447,0.66,22.74,-87.8,0,1
2026-03-06 19:06:34.485447,0.15,7.23,-29.53,0,1
2026-03-06 19:06:39.485447,2.96,24.36,106.38,0,1
2026-03-06 19:06:44.485447,0.66,6.25,82.99,0,1
2026-03-06 19:06:49.485447,0.16,15.68,-105.37,0,1
2026-03-06 19:06:54.485447,1.52,6.42,37.31,0,1
2026-03-06 19:06:59.485447,1.08,9.79,-55.4,0,1
2026-03-06 19:07:04.485447,2.76,17.13,93.52,0,1
2026-03-06 19:07:09.485447,1.69,12.14,-26.49,0,1
2026-03-06 19:07:14.485447,1.82,5.51,115.9,0,1
2026-03-06 19:07:19.485447,1.49,9.58,-15.0,0,1
2026-03-06 19:07:24.485447,0.24,22.18,104.93,0,1
2026-03-06 19:07:29.485447,0.22,10.08,55.02,1,1
2026-03-06 19:07:34.485447,0.54,11.96,-111.34,0,1
2026-03-06 19:07:39.485447,2.14,12.71,39.04,0,1
2026-03-06 19:07:44.485447,1.46,19.57,46.2,0,1
2026-03-06 19:07:49.485447,2.03,6.38,3.42,0,1
2026-03-06 19:07:54.485447,0.84,21.62,30.86,0,1
2026-03-06 19:07:59.485447,2.93,8.48,-12.14,0,1
2026-03-06 19:08:04.485447,0.48,16.26,-78.53,1,1
2026-03-06 19:08:09.485447,0.57,13.04,84.41,1,1
2026-03-06 19:08:14.485447,0.8,19.81,-18.34,0,1
2026-03-06 19:08:19.485447,1.02,6.81,-91.02,0,1
2026-03-06 19:08:24.485447,0.02,22.56,-68.77,0,1
2026-03-06 19:08:29.485447,0.25,15.38,30.77,0,1
2026-03-06 19:08:34.485447,0.08,18.01,-64.8,0,1
2026-03-06 19:08:39.485447,2.93,13.56,75.6,0,1
2026-03-06 19:08:44.485447,0.94,9.96,120.08,0,1
2026-03-06 19:08:49.485447,0.53,6.7,34.79,1,1
2026-03-06 19:08:54.485447,0.12,9.93,21.47,0,1
2026-03-06 19:08:59.485447,2.88,11.42,39.26,0,1
2026-03-06 19:09:04.485447,2.85,16.84,103.72,0,1
2026-03-06 19:09:09.485447,0.16,21.46,-42.64,0,1
2026-03-06 19:09:14.485447,1.33,24.18,2.53,0,1
2026-03-06 19:09:19.485447,1.74,5.48,-107.16,0,1
2026-03-06 19:09:24.485447,2.44,19.41,-2.87,0,1
2026-03-06 19:09:29.485447,1.81,15.48,123.98,0,1
2026-03-06 19:09:34.485447,2.24,9.09,-103.2,0,1
2026-03-06 19:09:39.485447,0.19,21.38,92.1,0,1
2026-03-06 19:09:44.485447,0.66,7.84,-106.08,0,1
2026-03-06 19:09:49.485447,2.02,12.16,103.19,0,1
2026-03-06 19:09:54.485447,2.92,24.21,67.19,0,1
2026-03-06 19:09:59.485447,1.36,18.42,38.25,0,1
2026-03-06 19:10:04.485447,1.69,7.66,19.34,0,1
2026-03-06 19:10:09.485447,2.65,21.91,-88.22,0,1
2026-03-06 19:10:14.485447,2.48,7.96,14.17,0,1
2026-03-06 19:10:19.485447,0.79,20.61,38.96,0,1
2026-03-06 19:10:24.485447,1.8,25.0,-122.9,0,1
2026-03-06 19:10:29.485447,2.26,10.46,87.88,0,1
2026-03-06 19:10:34.485447,0.44,17.37,-16.65,0,1
2026-03-06 19:10:39.485447,1.03,21.43,66.52,0,1
2026-03-06 19:10:44.485447,2.25,18.81,-87.05,0,1
2026-03-06 19:10:49.485447,2.43,17.92,13.08,0,1
2026-03-06 19:10:54.485447,1.35,21.26,-70.94,1,1
2026-03-06 19:10:59.485447,2.08,14.89,-34.73,0,1
2026-03-06 19:11:04.485447,2.88,19.68,-2.93,0,1
2026-03-06 19:11:09.485447,0.85,12.43,-110.57,1,1
2026-03-06 19:11:14.485447,2.01,13.14,-76.29,0,1
2026-03-06 19:11:19.485447,0.72,8.81,-43.69,0,1
2026-03-06 19:11:24.485447,1.25,8.93,122.81,0,1
2026-03-06 19:11:29.485447,2.31,11.41,-13.76,0,1
2026-03-06 19:11:34.485447,0.81,10.53,-46.35,0,1
2026-03-06 19:11:39.485447,2.4,10.71,63.87,0,1
2026-03-06 19:11:44.485447,2.47,19.3,3.36,0,1
2026-03-06 19:11:49.485447,0.27,11.06,34.59,0,1
2026-03-06 19:11:54.485447,0.8,23.58,94.51,0,1
2026-03-06 19:11:59.485447,1.87,12.13,4.29,0,1
2026-03-06 19:12:04.485447,0.76,15.85,59.84,0,1
2026-03-06 19:12:09.485447,0.13,13.59,79.41,0,1
2026-03-06 19:12:14.485447,0.31,24.15,-20.94,0,1
2026-03-06 19:12:19.485447,2.81,10.19,76.34,0,1
2026-03-06 19:12:24.485447,2.58,5.48,12.22,0,1
2026-03-06 19:12:29.485447,2.89,23.87,16.53,0,1
2026-03-06 19:12:34.485447,0.26,15.07,-111.97,0,1
2026-03-06 19:12:39.485447,2.1,24.11,34.86,0,1
2026-03-06 19:12:44.485447,0.29,6.49,-48.69,0,1
2026-03-06 19:12:49.485447,2.62,6.7,-80.66,0,1
2026-03-06 19:12:54.485447,2.71,24.06,51.8,0,1
2026-03-06 19:12:59.485447,1.89,19.52,-92.19,0,1
2026-03-06 19:13:04.485447,2.05,15.28,86.31,0,1
2026-03-06 19:13:09.485447,2.48,15.75,29.69,0,1
2026-03-06 19:13:14.485447,1.29,6.58,-116.87,0,1
2026-03-06 19:13:19.485447,1.88,13.88,75.46,0,1
2026-03-06 19:13:24.485447,2.6,10.92,-65.01,0,1
2026-03-06 19:13:29.485447,2.64,21.34,-116.17,0,1
2026-03-06 19:13:34.485447,0.37,14.53,-123.33,0,1
2026-03-06 19:13:39.485447,2.34,20.25,34.01,0,1
2026-03-06 19:13:44.485447,0.38,14.37,-39.27,0,1
2026-03-06 19:13:49.485447,0.92,11.68,78.59,0,1
2026-03-06 19:13:54.485447,0.04,13.6,-106.62,0,1
2026-03-06 19:13:59.485447,1.84,13.93,41.53,0,1
2026-03-06 19:14:04.485447,1.25,22.57,-53.22,0,1
2026-03-06 19:14:09.485447,2.92,12.48,77.28,0,1
2026-03-06 19:14:14.485447,2.39,21.23,-11.68,1,1
2026-03-06 19:14:19.485447,2.09,7.16,58.35,0,1
2026-03-06 19:14:24.485447,1.56,23.65,-52.08,0,1
2026-03-06 19:14:29.485447,2.26,19.39,37.33,0,1
2026-03-06 19:14:34.485447,0.08,7.35,98.91,0,1
2026-03-06 19:14:39.485447,2.33,21.8,43.94,0,1
2026-03-06 19:14:44.485447,1.21,11.36,-30.27,0,1
2026-03-06 19:14:49.485447,1.64,9.1,40.54,0,1
2026-03-06 19:14:54.485447,0.35,12.9,80.4,1,1
2026-03-06 19:14:59.485447,1.96,23.93,37.45,0,1
2026-03-06 19:15:04.485447,2.36,13.76,-59.37,0,1
2026-03-06 19:15:09.485447,0.87,5.92,-21.23,0,1
2026-03-06 19:15:14.485447,0.11,7.42,-92.81,0,1
2026-03-06 19:15:19.485447,2.34,21.95,-118.4,0,1
2026-03-06 19:15:24.485447,0.64,7.2,-65.39,0,1
2026-03-06 19:15:29.485447,0.75,20.55,-40.62,0,1
2026-03-06 19:15:34.485447,1.85,8.78,-124.73,0,1
2026-03-06 19:15:39.485447,0.23,22.44,52.71,1,1
2026-03-06 19:15:44.485447,0.25,5.35,-120.96,0,1
2026-03-06 19:15:49.485447,2.61,11.1,9.0,0,1
2026-03-06 19:15:54.485447,1.78,17.03,85.17,0,1
2026-03-06 19:15:59.485447,1.25,9.57,105.85,0,1
2026-03-06 19:16:04.485447,1.15,18.58,102.44,0,1
2026-03-06 19:16:09.485447,2.9,24.61,-90.85,1,1
2026-03-06 19:16:14.485447,1.41,13.38,-64.6,0,1
2026-03-06 19:16:19.485447,1.24,14.48,59.12,0,1
2026-03-06 19:16:24.485447,0.85,7.63,44.4,0,1
2026-03-06 19:16:29.485447,0.73,13.88,-38.74,0,1
2026-03-06 19:16:34.485447,1.92,14.72,106.37,0,1
2026-03-06 19:16:39.485447,1.09,24.82,57.4,0,1
2026-03-06 19:16:44.485447,1.62,6.62,80.84,0,1
2026-03-06 19:16:49.485447,2.37,18.97,-2.62,0,1
2026-03-06 19:16:54.485447,2.58,5.87,50.94,0,1
2026-03-06 19:16:59.485447,0.11,14.61,117.77,0,1
2026-03-06 19:17:04.485447,2.9,9.56,21.22,0,1
2026-03-06 19:17:09.485447,2.33,12.01,62.04,0,1
2026-03-06 19:17:14.485447,1.95,20.54,-89.11,0,1
2026-03-06 19:17:19.485447,1.42,17.68,46.64,0,1
2026-03-06 19:17:24.485447,2.97,17.38,-4.13,0,1
2026-03-06 19:17:29.485447,1.86,11.37,91.23,1,1
2026-03-06 19:17:34.485447,1.79,19.71,-62.2,0,1
2026-03-06 19:17:39.485447,2.24,14.96,-68.61,0,1
2026-03-06 19:17:44.485447,1.26,6.44,6.62,0,1
2026-03-06 19:17:49.485447,1.09,24.44,105.86,1,1
2026-03-06 19:17:54.485447,2.71,21.64,11.87,1,1
2026-03-06 19:17:59.485447,0.55,12.01,84.78,0,1
2026-03-06 19:18:04.485447,1.24,23.24,37.66,0,1
2026-03-06 19:18:09.485447,0.26,22.52,74.66,0,1
2026-03-06 19:18:14.485447,1.77,6.94,41.87,0,1
2026-03-06 19:18:19.485447,1.74,16.76,126.15,0,1
2026-03-06 19:18:24.485447,2.13,16.02,46.15,0,1
2026-03-06 19:18:29.485447,0.87,5.53,9.95,1,1
2026-03-06 19:18:34.485447,2.51,22.84,78.15,0,1
2026-03-06 19:18:39.485447,0.77,16.4,-89.67,0,1
2026-03-06 19:18:44.485447,0.65,17.24,101.24,0,1
2026-03-06 19:18:49.485447,0.99,16.0,-64.53,0,1
2026-03-06 19:18:54.485447,2.87,5.87,-40.78,0,1
2026-03-06 19:18:59.485447,0.53,15.98,-49.97,0,1
2026-03-06 19:19:04.485447,0.19,8.53,84.64,0,1
2026-03-06 19:19:09.485447,2.09,14.05,-97.67,0,1
2026-03-06 19:19:14.485447,2.03,11.68,19.13,0,1
2026-03-06 19:19:19.485447,2.59,5.12,120.65,0,1
2026-03-06 19:19:24.485447,2.23,5.38,4.51,0,1
2026-03-06 19:19:29.485447,1.4,17.38,124.99,0,1
2026-03-06 19:19:34.485447,2.02,11.63,86.15,0,1
2026-03-06 19:19:39.485447,0.1,13.66,-48.73,1,1
2026-03-06 19:19:44.485447,2.31,18.79,-63.43,1,1
2026-03-06 19:19:49.485447,1.09,18.29,119.25,0,1
2026-03-06 19:19:54.485447,2.8,23.3,32.47,0,1
2026-03-06 19:19:59.485447,1.57,7.77,-83.08,0,1
2026-03-06 19:20:04.485447,0.21,20.95,46.24,0,1
2026-03-06 19:20:09.485447,2.8,11.73,-64.25,0,1
2026-03-06 19:20:14.485447,2.07,8.88,-21.21,1,1
2026-03-06 19:20:19.485447,2.84,9.59,8.4,0,1
2026-03-06 19:20:24.485447,0.71,14.46,-75.55,0,1
2026-03-06 19:20:29.485447,1.37,19.95,-43.99,0,1
2026-03-06 19:20:34.485447,0.72,22.82,46.93,0,1
2026-03-06 19:20:39.485447,1.23,11.46,4.19,0,1
2026-03-06 19:20:44.485447,0.85,15.15,59.87,0,1
2026-03-06 19:20:49.485447,1.65,10.4,18.93,0,1
2026-03-06 19:20:54.485447,1.98,5.09,-86.75,0,1
2026-03-06 19:20:59.485447,0.49,14.82,126.09,0,1
2026-03-06 19:21:04.485447,1.62,19.45,-72.54,1,1
2026-03-06 19:21:09.485447,0.13,5.03,16.81,0,1
2026-03-06 19:21:14.485447,1.2,22.08,-92.23,0,1
2026-03-06 19:21:19.485447,2.77,16.81,-35.67,1,1
2026-03-06 19:21:24.485447,0.54,8.02,28.27,0,1
2026-03-06 19:21:29.485447,1.37,20.18,61.22,0,1
2026-03-06 19:21:34.485447,1.35,12.92,-58.21,0,1
2026-03-06 19:21:39.485447,1.71,18.35,111.3,0,1
2026-03-06 19:21:44.485447,0.75,14.75,101.27,0,1
2026-03-06 19:21:49.485447,0.81,24.59,-31.28,1,1
2026-03-06 19:21:54.485447,3.0,8.8,0.18,0,1
2026-03-06 19:21:59.485447,1.17,5.08,50.16,0,1
2026-03-06 19:22:04.485447,0.85,14.07,9.04,0,1
2026-03-06 19:22:09.485447,1.27,13.83,-111.21,0,1
2026-03-06 19:22:14.485447,1.75,19.28,-116.35,0,1
2026-03-06 19:22:19.485447,0.29,8.73,66.02,0,1
2026-03-06 19:22:24.485447,1.01,7.31,-57.42,0,1
2026-03-06 19:22:29.485447,2.78,16.52,-103.94,0,1
2026-03-06 19:22:34.485447,0.44,8.43,-110.56,0,1
2026-03-06 19:22:39.485447,0.85,20.04,6.53,0,1
2026-03-06 19:22:44.485447,0.23,12.95,8.47,0,1
2026-03-06 19:22:49.485447,2.42,16.77,40.07,0,1
2026-03-06 19:22:54.485447,1.62,9.86,-63.57,0,1
2026-03-06 19:22:59.485447,0.48,6.8,105.59,0,1
2026-03-06 19:23:04.485447,0.78,9.21,-77.54,0,1
2026-03-06 19:23:09.485447,1.32,10.84,116.82,0,1
2026-03-06 19:23:14.485447,2.06,12.03,-95.89,0,1
2026-03-06 19:23:19.485447,0.37,20.42,1.08,0,1
2026-03-06 19:23:24.485447,0.89,8.45,-96.97,0,1
2026-03-06 19:23:29.485447,0.07,18.66,-83.67,0,1
2026-03-06 19:23:34.485447,1.54,12.54,-41.11,0,1
2026-03-06 19:23:39.485447,1.69,12.58,16.61,0,1
2026-03-06 19:23:44.485447,1.97,14.33,80.56,1,1
2026-03-06 19:23:49.485447,0.99,6.29,67.25,0,1
2026-03-06 19:23:54.485447,1.42,16.54,-41.38,0,1
2026-03-06 19:23:59.485447,2.2,7.49,-117.41,0,1
2026-03-06 19:24:04.485447,2.66,24.64,-75.01,0,1
2026-03-06 19:24:09.485447,0.32,5.06,-53.27,0,1
2026-03-06 19:24:14.485447,1.75,14.24,-91.45,0,1
2026-03-06 19:24:19.485447,0.7,7.54,56.79,0,1
2026-03-06 19:24:24.485447,2.95,23.44,-24.18,0,1
2026-03-06 19:24:29.485447,2.65,9.96,12.4,0,1
2026-03-06 19:24:34.485447,0.74,18.79,79.87,0,1
2026-03-06 19:24:39.485447,0.48,13.22,-1.77,0,1
2026-03-06 19:24:44.485447,0.99,23.45,-33.51,0,1
2026-03-06 19:24:49.485447,0.96,20.87,-2.62,0,1
2026-03-06 19:24:54.485447,0.75,23.41,30.58,0,1
2026-03-06 19:24:59.485447,2.87,22.46,-77.36,0,1
2026-03-06 19:25:04.485447,2.63,6.02,-74.46,0,1
2026-03-06 19:25:09.485447,0.85,19.96,-23.79,0,1
2026-03-06 19:25:14.485447,0.55,11.77,-124.26,0,1
2026-03-06 19:25:19.485447,0.4,17.46,46.31,0,1
2026-03-06 19:25:24.485447,2.46,8.02,124.34,0,1
2026-03-06 19:25:29.485447,2.71,18.97,-38.9,0,1
2026-03-06 19:25:34.485447,0.27,18.88,-84.07,0,1
2026-03-06 19:25:39.485447,1.46,10.02,82.68,0,1
2026-03-06 19:25:44.485447,1.45,12.3,65.65,0,1
2026-03-06 19:25:49.485447,1.77,13.97,3.99,0,1
2026-03-06 19:25:54.485447,0.74,20.13,115.4,0,1
2026-03-06 19:25:59.485447,1.19,14.28,52.63,0,1
2026-03-06 19:26:04.485447,0.45,13.82,91.98,0,1
2026-03-06 19:26:09.485447,2.47,11.87,64.0,0,1
2026-03-06 19:26:14.485447,1.5,24.25,-126.31,0,1
2026-03-06 19:26:19.485447,1.07,11.01,-27.09,0,1
2026-03-06 19:26:24.485447,2.06,23.48,-28.68,0,1
2026-03-06 19:26:29.485447,2.49,9.97,-13.72,0,1
2026-03-06 19:26:34.485447,0.39,6.65,-96.29,0,1
2026-03-06 19:26:39.485447,1.12,15.39,-27.65,0,1
2026-03-06 19:26:44.485447,2.46,22.61,30.49,0,1
2026-03-06 19:26:49.485447,2.08,20.97,-68.6,1,1
2026-03-06 19:26:54.485447,0.28,6.41,-121.1,0,1
2026-03-06 19:26:59.485447,0.29,19.21,79.71,0,1
2026-03-06 19:27:04.485447,2.29,6.42,-94.83,0,1
2026-03-06 19:27:09.485447,0.49,19.89,115.74,0,1
2026-03-06 19:27:14.485447,1.72,12.98,113.23,0,1
2026-03-06 19:27:19.485447,2.81,12.58,-49.76,0,1
2026-03-06 19:27:24.485447,1.11,6.16,-35.34,0,1
2026-03-06 19:27:29.485447,2.44,10.53,-27.18,0,1
2026-03-06 19:27:34.485447,2.87,22.37,79.55,0,1
2026-03-06 19:27:39.485447,1.69,11.38,-3.06,0,1
2026-03-06 19:27:44.485447,0.79,15.72,53.91,1,1
2026-03-06 19:27:49.485447,0.59,24.99,-13.94,0,1
2026-03-06 19:27:54.485447,1.41,15.4,-125.43,0,1
2026-03-06 19:27:59.485447,2.76,21.39,-74.36,0,1
2026-03-06 19:28:04.485447,2.45,10.59,40.5,0,1
2026-03-06 19:28:09.485447,0.72,9.69,-27.5,0,1
2026-03-06 19:28:14.485447,2.89,13.71,-113.69,0,1
2026-03-06 19:28:19.485447,2.32,16.45,-83.4,0,1
2026-03-06 19:28:24.485447,1.9,13.04,35.6,0,1
2026-03-06 19:28:29.485447,1.1,14.62,23.78,0,1
2026-03-06 19:28:34.485447,1.24,19.61,106.1,0,1
2026-03-06 19:28:39.485447,2.54,18.55,83.04,1,1
2026-03-06 19:28:44.485447,1.96,6.08,-40.27,0,1
2026-03-06 19:28:49.485447,2.25,9.97,-76.63,0,1
2026-03-06 19:28:54.485447,2.08,8.55,43.52,0,1
2026-03-06 19:28:59.485447,0.77,16.85,95.21,0,1
2026-03-06 19:29:04.485447,0.04,23.45,-11.89,1,1
2026-03-06 19:29:09.485447,1.23,7.23,-16.39,0,1
2026-03-06 19:29:14.485447,1.08,18.85,91.61,1,1
2026-03-06 19:29:19.485447,2.79,23.71,-19.9,0,1
2026-03-06 19:29:24.485447,0.43,10.72,-12.22,0,1
2026-03-06 19:29:29.485447,2.3,12.79,-99.2,0,1
2026-03-06 19:29:34.485447,0.45,9.3,-68.28,0,1
2026-03-06 19:29:39.485447,1.58,21.36,-7.67,0,1
2026-03-06 19:29:44.485447,2.59,12.5,61.79,0,1
2026-03-06 19:29:49.485447,0.53,11.77,-32.93,0,1
2026-03-06 19:29:54.485447,0.27,11.08,-123.42,0,1
2026-03-06 19:29:59.485447,2.63,14.67,-66.78,0,1
2026-03-06 19:30:04.485447,1.54,14.98,51.68,0,1
2026-03-06 19:30:09.485447,0.88,23.39,82.3,0,1
2026-03-06 19:30:14.485447,1.08,13.59,27.08,0,0
2026-03-06 19:30:19.485447,2.58,5.73,-78.86,0,1
2026-03-06 19:30:24.485447,0.15,23.44,-83.97,0,1
2026-03-06 19:30:29.485447,1.06,22.62,-4.37,0,1
2026-03-06 19:30:34.485447,2.0,12.96,113.33,0,1
2026-03-06 19:30:39.485447,2.2,6.48,104.64,0,1
2026-03-06 19:30:44.485447,0.03,17.37,37.09,0,1
2026-03-06 19:30:49.485447,1.39,23.7,-106.61,0,1
2026-03-06 19:30:54.485447,0.48,10.79,-34.26,0,1
2026-03-06 19:30:59.485447,1.28,22.48,-15.36,0,1
2026-03-06 19:31:04.485447,0.95,18.54,72.9,1,1
2026-03-06 19:31:09.485447,1.42,19.17,1.93,0,1
2026-03-06 19:31:14.485447,2.6,8.48,-70.1,0,1
2026-03-06 19:31:19.485447,1.6,22.76,-21.7,0,1
2026-03-06 19:31:24.485447,1.31,5.2,-50.46,0,1
2026-03-06 19:31:29.485447,1.44,9.7,7.59,0,1
2026-03-06 19:31:34.485447,1.08,20.18,3.06,0,1
2026-03-06 19:31:39.485447,1.87,8.69,52.62,1,1
2026-03-06 19:31:44.485447,2.49,9.98,-49.36,0,1
2026-03-06 19:31:49.485447,0.58,21.47,113.84,0,1
2026-03-06 19:31:54.485447,1.48,6.1,41.29,0,1
2026-03-06 19:31:59.485447,0.86,24.83,-25.56,0,1
2026-03-06 19:32:04.485447,1.69,12.88,107.67,0,1
2026-03-06 19:32:09.485447,1.78,8.6,35.47,0,1
2026-03-06 19:32:14.485447,0.98,7.72,91.31,0,1
2026-03-06 19:32:19.485447,1.42,22.43,-80.69,0,1
2026-03-06 19:32:24.485447,1.17,11.63,35.17,0,0
2026-03-06 19:32:29.485447,1.18,20.15,-86.03,0,1
2026-03-06 19:32:34.485447,2.02,8.96,119.48,0,1
2026-03-06 19:32:39.485447,2.59,8.44,-123.59,0,1
2026-03-06 19:32:44.485447,2.99,14.82,124.28,0,1
2026-03-06 19:32:49.485447,2.59,10.38,-72.43,0,1
2026-03-06 19:32:54.485447,1.61,9.5,-60.73,0,1
2026-03-06 19:32:59.485447,2.9,21.18,-46.45,0,1
2026-03-06 19:33:04.485447,0.09,23.04,32.83,0,1
2026-03-06 19:33:09.485447,0.57,6.37,73.13,1,1
2026-03-06 19:33:14.485447,1.04,8.6,97.62,0,1
2026-03-06 19:33:19.485447,0.4,10.31,117.42,0,1
2026-03-06 19:33:24.485447,2.35,5.35,42.6,1,1
2026-03-06 19:33:29.485447,2.51,7.95,-121.71,0,1
2026-03-06 19:33:34.485447,0.35,24.57,67.48,0,1
2026-03-06 19:33:39.485447,2.75,8.98,88.78,0,1
2026-03-06 19:33:44.485447,0.45,12.65,38.85,0,1
2026-03-06 19:33:49.485447,0.95,20.36,-79.33,1,1
2026-03-06 19:33:54.485447,2.72,24.0,-33.36,0,1
2026-03-06 19:33:59.485447,2.35,6.3,-23.06,0,1
2026-03-06 19:34:04.485447,1.74,15.53,-76.89,0,1
2026-03-06 19:34:09.485447,0.43,13.64,46.16,0,1
2026-03-06 19:34:14.485447,0.93,11.63,38.28,0,0
2026-03-06 19:34:19.485447,2.89,18.85,-51.56,0,1
2026-03-06 19:34:24.485447,2.08,9.56,76.13,0,1
2026-03-06 19:34:29.485447,1.15,18.85,121.48,0,1
2026-03-06 19:34:34.485447,0.35,17.27,62.05,1,1
2026-03-06 19:34:39.485447,1.58,7.1,-102.99,0,1
2026-03-06 19:34:44.485447,0.46,15.18,-73.66,0,1
2026-03-06 19:34:49.485447,1.0,23.4,5.67,0,1
2026-03-06 19:34:54.485447,1.72,10.37,103.71,0,1
2026-03-06 19:34:59.485447,1.61,9.78,-35.96,0,1
2026-03-06 19:35:04.485447,2.78,9.48,-107.76,0,1
2026-03-06 19:35:09.485447,0.41,21.87,75.76,0,1
2026-03-06 19:35:14.485447,0.82,5.18,-94.88,0,1
2026-03-06 19:35:19.485447,0.23,11.63,-66.54,0,1
2026-03-06 19:35:24.485447,2.11,13.89,60.01,1,1
2026-03-06 19:35:29.485447,1.37,22.02,22.93,0,1
2026-03-06 19:35:34.485447,2.76,14.41,-80.02,0,1
2026-03-06 19:35:39.485447,0.95,11.56,74.27,0,1
2026-03-06 19:35:44.485447,0.63,6.26,-38.3,0,1
2026-03-06 19:35:49.485447,0.1,22.53,119.65,0,1
2026-03-06 19:35:54.485447,2.07,13.65,-69.05,0,1
2026-03-06 19:35:59.485447,2.56,20.06,-5.31,0,1
2026-03-06 19:36:04.485447,1.98,21.8,55.64,0,1
2026-03-06 19:36:09.485447,0.75,14.19,48.48,0,1
2026-03-06 19:36:14.485447,2.61,11.39,93.7,1,1
2026-03-06 19:36:19.485447,1.6,12.62,47.71,0,1
2026-03-06 19:36:24.485447,1.36,11.38,-94.76,0,1
2026-03-06 19:36:29.485447,2.77,16.99,19.4,0,1
2026-03-06 19:36:34.485447,1.32,10.13,-102.15,0,1
2026-03-06 19:36:39.485447,0.73,16.23,117.87,0,1
2026-03-06 19:36:44.485447,1.96,11.13,108.41,0,1
2026-03-06 19:36:49.485447,2.6,22.45,12.25,1,1
2026-03-06 19:36:54.485447,1.85,5.89,104.58,0,1
2026-03-06 19:36:59.485447,0.85,14.39,80.41,0,1
2026-03-06 19:37:04.485447,1.7,19.86,5.45,0,1
2026-03-06 19:37:09.485447,0.24,5.81,-75.74,0,1
2026-03-06 19:37:14.485447,0.83,19.31,-12.08,0,1
2026-03-06 19:37:19.485447,0.0,5.44,82.58,0,1
2026-03-06 19:37:24.485447,1.68,7.14,112.34,0,1
2026-03-06 19:37:29.485447,2.86,9.35,41.03,0,1
2026-03-06 19:37:34.485447,2.22,22.24,108.41,1,1
2026-03-06 19:37:39.485447,1.61,15.27,102.81,1,1
2026-03-06 19:37:44.485447,2.78,5.7,-30.3,0,1
2026-03-06 19:37:49.485447,0.89,5.71,-3.75,0,1
2026-03-06 19:37:54.485447,1.38,5.97,41.14,0,1
2026-03-06 19:37:59.485447,1.43,7.55,-78.09,0,1
2026-03-06 19:38:04.485447,2.87,23.57,-68.69,0,1
2026-03-06 19:38:09.485447,0.26,7.7,117.43,0,1
2026-03-06 19:38:14.485447,0.19,14.96,-30.54,0,1
2026-03-06 19:38:19.485447,1.03,10.77,6.14,0,1
2026-03-06 19:38:24.485447,0.07,15.37,-111.17,0,1
2026-03-06 19:38:29.485447,2.46,11.46,-25.26,0,1
2026-03-06 19:38:34.485447,1.35,15.41,-56.49,0,1
2026-03-06 19:38:39.485447,0.61,10.05,-25.44,0,1
2026-03-06 19:38:44.485447,2.82,7.11,-82.8,0,1
2026-03-06 19:38:49.485447,2.0,20.01,3.11,0,1
2026-03-06 19:38:54.485447,2.98,22.82,-16.33,0,1
2026-03-06 19:38:59.485447,2.27,8.16,-81.09,0,1
2026-03-06 19:39:04.485447,1.0,7.64,17.09,0,1
2026-03-06 19:39:09.485447,2.75,21.91,-117.41,1,1
2026-03-06 19:39:14.485447,1.93,6.46,-111.1,0,1
2026-03-06 19:39:19.485447,2.93,6.65,9.15,0,1
2026-03-06 19:39:24.485447,2.67,13.6,19.22,0,1
2026-03-06 19:39:29.485447,2.09,14.57,32.37,0,1
2026-03-06 19:39:34.485447,0.35,14.51,-69.34,0,1
2026-03-06 19:39:39.485447,0.74,21.13,-93.03,0,1
2026-03-06 19:39:44.485447,0.49,9.91,40.25,0,1
2026-03-06 19:39:49.485447,2.85,12.96,100.07,0,1
2026-03-06 19:39:54.485447,2.75,14.08,-97.88,1,1
2026-03-06 19:39:59.485447,0.42,20.58,120.16,0,1
2026-03-06 19:40:04.485447,1.09,13.16,-28.39,0,1
2026-03-06 19:40:09.485447,2.86,5.26,32.08,0,1
2026-03-06 19:40:14.485447,0.69,13.09,-51.41,0,1
2026-03-06 19:40:19.485447,2.3,23.73,94.86,0,1
2026-03-06 19:40:24.485447,0.5,22.21,-70.87,0,1
2026-03-06 19:40:29.485447,2.26,13.33,-55.86,0,1
2026-03-06 19:40:34.485447,1.9,14.07,-111.66,0,1
2026-03-06 19:40:39.485447,2.85,15.61,125.73,0,1
2026-03-06 19:40:44.485447,0.45,17.76,-77.71,0,1
2026-03-06 19:40:49.485447,2.65,23.08,-33.6,0,1
2026-03-06 19:40:54.485447,0.4,13.1,-115.87,0,1
2026-03-06 19:40:59.485447,0.51,15.48,66.47,0,1
2026-03-06 19:41:04.485447,1.24,7.82,124.6,0,1
2026-03-06 19:41:09.485447,1.18,22.62,-69.26,0,1
2026-03-06 19:41:14.485447,0.3,11.37,69.58,0,1
2026-03-06 19:41:19.485447,1.01,24.24,-27.62,1,1
2026-03-06 19:41:24.485447,2.89,16.82,99.82,0,1
2026-03-06 19:41:29.485447,0.08,5.03,102.11,0,1
2026-03-06 19:41:34.485447,0.71,12.62,-14.54,0,1
2026-03-06 19:41:39.485447,1.62,10.64,18.02,0,1
2026-03-06 19:41:44.485447,2.89,6.81,112.56,0,1
2026-03-06 19:41:49.485447,1.56,11.66,-61.7,0,1
2026-03-06 19:41:54.485447,2.83,20.96,89.2,0,1
2026-03-06 19:41:59.485447,1.62,7.81,-105.14,0,1
2026-03-06 19:42:04.485447,1.05,7.24,107.24,0,1
2026-03-06 19:42:09.485447,2.55,14.31,-33.75,1,1
2026-03-06 19:42:14.485447,2.04,22.48,-73.52,0,1
2026-03-06 19:42:19.485447,0.4,14.34,110.96,0,1
2026-03-06 19:42:24.485447,2.45,16.94,47.33,0,1
2026-03-06 19:42:29.485447,2.63,6.6,-38.17,0,1
2026-03-06 19:42:34.485447,1.73,22.77,46.68,0,1
2026-03-06 19:42:39.485447,1.53,19.55,96.57,0,1
2026-03-06 19:42:44.485447,1.92,6.49,16.98,0,1
2026-03-06 19:42:49.485447,1.17,16.87,-22.72,1,1
2026-03-06 19:42:54.485447,1.81,10.21,-17.78,0,1
2026-03-06 19:42:59.485447,1.11,16.88,20.11,0,1
2026-03-06 19:43:04.485447,2.51,19.69,20.59,0,1
2026-03-06 19:43:09.485447,1.82,23.07,51.48,0,1
2026-03-06 19:43:14.485447,1.83,20.1,93.38,0,1
2026-03-06 19:43:19.485447,1.53,7.29,-61.68,0,1
2026-03-06 19:43:24.485447,1.55,19.35,-28.51,0,1
2026-03-06 19:43:29.485447,0.9,13.14,66.9,0,1
2026-03-06 19:43:34.485447,2.38,6.09,80.41,0,1
2026-03-06 19:43:39.485447,0.06,7.5,-15.24,0,1
2026-03-06 19:43:44.485447,1.82,19.27,-85.69,0,1
2026-03-06 19:43:49.485447,2.56,21.43,108.87,0,1
2026-03-06 19:43:54.485447,1.08,17.02,-26.78,0,1
2026-03-06 19:43:59.485447,2.5,16.05,-49.09,1,1
2026-03-06 19:44:04.485447,0.93,14.11,124.91,1,1
2026-03-06 19:44:09.485447,2.59,12.44,33.64,0,1
2026-03-06 19:44:14.485447,1.17,20.02,81.79,0,1
2026-03-06 19:44:19.485447,2.39,12.76,-19.59,0,1
2026-03-06 19:44:24.485447,2.29,6.75,-108.75,0,1
2026-03-06 19:44:29.485447,2.0,11.69,94.27,1,1
2026-03-06 19:44:34.485447,2.46,12.82,39.59,0,1
2026-03-06 19:44:39.485447,0.49,6.41,-4.09,0,1
2026-03-06 19:44:44.485447,1.97,24.04,-70.11,1,1
2026-03-06 19:44:49.485447,2.69,17.01,52.36,0,1
2026-03-06 19:44:54.485447,2.68,13.26,-117.9,0,1
2026-03-06 19:44:59.485447,0.07,17.76,12.46,0,1
2026-03-06 19:45:04.485447,2.55,16.2,-38.4,0,1
2026-03-06 19:45:09.485447,0.21,7.33,-68.62,0,1
2026-03-06 19:45:14.485447,2.14,15.13,65.32,1,1
2026-03-06 19:45:19.485447,0.76,10.88,-55.47,0,1
2026-03-06 19:45:24.485447,0.39,11.47,39.89,0,1
2026-03-06 19:45:29.485447,2.73,6.32,123.54,0,1
2026-03-06 19:45:34.485447,0.46,20.17,-45.22,0,1
2026-03-06 19:45:39.485447,2.05,14.91,50.81,0,1
2026-03-06 19:45:44.485447,0.08,15.48,-66.58,0,1
2026-03-06 19:45:49.485447,0.64,8.03,-106.55,0,1
2026-03-06 19:45:54.485447,2.57,9.12,46.29,0,1
2026-03-06 19:45:59.485447,0.1,20.06,22.57,1,1
2026-03-06 19:46:04.485447,0.34,21.32,-87.73,0,1
2026-03-06 19:46:09.485447,0.49,14.38,50.94,0,1
2026-03-06 19:46:14.485447,2.91,6.51,89.72,0,1
2026-03-06 19:46:19.485447,0.72,18.34,24.35,0,1
2026-03-06 19:46:24.485447,1.21,19.48,-122.04,0,1
2026-03-06 19:46:29.485447,2.6,14.22,-38.48,0,1
2026-03-06 19:46:34.485447,0.23,24.54,-55.72,0,1
2026-03-06 19:46:39.485447,0.39,17.32,-112.98,1,1
2026-03-06 19:46:44.485447,2.17,21.1,-40.95,0,1
2026-03-06 19:46:49.485447,0.44,17.99,-45.72,0,1
2026-03-06 19:46:54.485447,1.77,13.43,-109.04,0,1
2026-03-06 19:46:59.485447,0.36,22.27,37.01,0,1
2026-03-06 19:47:04.485447,1.35,24.21,-110.45,1,1
2026-03-06 19:47:09.485447,1.28,11.28,80.4,0,1
2026-03-06 19:47:14.485447,0.36,20.29,126.66,0,1
2026-03-06 19:47:19.485447,1.33,12.77,-17.86,0,1
2026-03-06 19:47:24.485447,2.19,20.23,-66.31,0,1
2026-03-06 19:47:29.485447,1.49,20.76,-22.04,0,1
2026-03-06 19:47:34.485447,1.95,5.64,68.02,0,1
2026-03-06 19:47:39.485447,0.01,7.64,6.86,0,1
2026-03-06 19:47:44.485447,1.38,7.76,-126.52,0,1
2026-03-06 19:47:49.485447,0.4,9.93,-74.5,0,1
2026-03-06 19:47:54.485447,1.26,14.83,13.63,0,1
2026-03-06 19:47:59.485447,0.07,21.05,-80.32,0,1
2026-03-06 19:48:04.485447,2.8,11.62,16.51,1,1
2026-03-06 19:48:09.485447,0.4,14.49,-86.15,0,1
2026-03-06 19:48:14.485447,2.51,17.46,-107.83,0,1
2026-03-06 19:48:19.485447,1.21,21.13,-84.2,0,1
2026-03-06 19:48:24.485447,1.05,11.58,-101.84,0,1
2026-03-06 19:48:29.485447,0.76,18.65,-102.11,0,1
2026-03-06 19:48:34.485447,1.64,12.66,-84.34,0,1
2026-03-06 19:48:39.485447,1.33,6.12,-109.97,0,1
2026-03-06 19:48:44.485447,0.06,9.29,-114.81,0,1
2026-03-06 19:48:49.485447,2.69,22.63,-124.29,0,1
2026-03-06 19:48:54.485447,1.98,19.66,-109.45,0,1
2026-03-06 19:48:59.485447,1.5,5.96,115.16,0,1
2026-03-06 19:49:04.485447,1.21,15.39,63.39,1,1
2026-03-06 19:49:09.485447,0.12,11.01,-67.56,0,1
2026-03-06 19:49:14.485447,1.94,14.63,82.46,0,1
2026-03-06 19:49:19.485447,2.3,21.44,-120.22,1,1
2026-03-06 19:49:24.485447,0.51,16.26,120.88,0,1
2026-03-06 19:49:29.485447,1.86,10.44,-25.8,0,1
2026-03-06 19:49:34.485447,0.11,10.06,-13.05,0,1
2026-03-06 19:49:39.485447,1.08,6.55,-111.1,0,1
2026-03-06 19:49:44.485447,0.45,22.67,26.82,0,1
2026-03-06 19:49:49.485447,2.11,20.15,-14.4,0,1
2026-03-06 19:49:54.485447,2.21,21.88,120.09,0,1
2026-03-06 19:49:59.485447,1.92,16.83,-103.81,0,1
2026-03-06 19:50:04.485447,2.12,6.12,76.95,0,1
2026-03-06 19:50:09.485447,0.62,13.84,-84.1,1,1
2026-03-06 19:50:14.485447,0.88,13.08,-12.27,0,1
2026-03-06 19:50:19.485447,0.55,11.77,-121.02,0,1
2026-03-06 19:50:24.485447,0.83,9.22,-2.49,0,1
2026-03-06 19:50:29.485447,1.15,19.27,88.35,0,1
2026-03-06 19:50:34.485447,0.48,5.04,57.12,0,1
2026-03-06 19:50:39.485447,0.87,16.36,50.52,0,1
2026-03-06 19:50:44.485447,2.9,5.36,26.69,0,1
2026-03-06 19:50:49.485447,1.6,15.71,-6.59,0,1
2026-03-06 19:50:54.485447,0.37,17.93,-103.56,1,1
2026-03-06 19:50:59.485447,0.48,13.97,53.02,0,1
2026-03-06 19:51:04.485447,1.57,5.45,102.39,0,1
2026-03-06 19:51:09.485447,1.34,7.71,-96.17,0,1
2026-03-06 19:51:14.485447,1.62,12.35,110.39,0,1
2026-03-06 19:51:19.485447,2.55,7.32,-33.8,0,1
2026-03-06 19:51:24.485447,1.53,24.8,-53.0,0,1
2026-03-06 19:51:29.485447,0.46,6.52,-33.29,0,1
2026-03-06 19:51:34.485447,2.19,12.7,-56.49,0,1
2026-03-06 19:51:39.485447,0.39,22.14,-19.69,0,1
2026-03-06 19:51:44.485447,1.95,23.07,-119.75,0,1
2026-03-06 19:51:49.485447,0.51,10.83,-41.65,1,1
2026-03-06 19:51:54.485447,2.68,9.96,-58.97,1,1
2026-03-06 19:51:59.485447,1.79,24.7,-50.94,0,1
2026-03-06 19:52:04.485447,0.23,18.15,-65.75,0,1
2026-03-06 19:52:09.485447,2.16,16.18,-11.42,0,1
2026-03-06 19:52:14.485447,0.11,14.71,50.86,1,1
2026-03-06 19:52:19.485447,1.83,24.92,-51.96,0,1
2026-03-06 19:52:24.485447,0.3,19.38,-49.25,1,1
2026-03-06 19:52:29.485447,2.94,12.0,54.12,0,1
2026-03-06 19:52:34.485447,2.35,23.88,22.44,1,1
2026-03-06 19:52:39.485447,1.53,18.51,83.87,0,1
2026-03-06 19:52:44.485447,2.41,18.81,86.73,0,1
2026-03-06 19:52:49.485447,0.96,23.07,70.09,0,1
2026-03-06 19:52:54.485447,1.01,18.38,27.47,1,1
2026-03-06 19:52:59.485447,2.64,5.45,13.5,0,1
2026-03-06 19:53:04.485447,0.43,14.58,117.9,1,1
2026-03-06 19:53:09.485447,1.39,19.96,-103.28,0,1
2026-03-06 19:53:14.485447,1.84,6.79,-6.2,0,1
2026-03-06 19:53:19.485447,2.5,15.35,-61.59,0,1
2026-03-06 19:53:24.485447,0.86,17.83,36.15,0,1
2026-03-06 19:53:29.485447,1.81,23.29,-113.17,0,1
2026-03-06 19:53:34.485447,0.38,16.27,47.04,0,1
2026-03-06 19:53:39.485447,0.07,5.65,38.12,1,1
2026-03-06 19:53:44.485447,1.81,20.6,10.18,0,1
2026-03-06 19:53:49.485447,1.92,23.68,99.19,1,1
2026-03-06 19:53:54.485447,0.14,9.91,90.61,0,1
2026-03-06 19:53:59.485447,2.63,9.96,-123.1,0,1
2026-03-06 19:54:04.485447,1.0,21.86,-80.17,0,1
2026-03-06 19:54:09.485447,2.63,15.13,-52.25,0,1
2026-03-06 19:54:14.485447,0.84,20.68,-53.36,0,1
2026-03-06 19:54:19.485447,2.28,23.57,-106.45,0,1
2026-03-06 19:54:24.485447,1.8,13.29,103.75,0,1
2026-03-06 19:54:29.485447,1.08,14.6,105.36,0,1
2026-03-06 19:54:34.485447,2.01,17.78,-90.92,0,1
2026-03-06 19:54:39.485447,0.44,14.9,73.02,0,1
2026-03-06 19:54:44.485447,1.36,20.39,22.75,0,1
2026-03-06 19:54:49.485447,2.46,17.35,-1.82,0,1
2026-03-06 19:54:54.485447,2.38,13.67,-21.87,1,1
2026-03-06 19:54:59.485447,1.55,10.37,-45.64,0,1
2026-03-06 19:55:04.485447,2.84,5.06,4.26,1,1
2026-03-06 19:55:09.485447,1.12,15.8,61.95,0,1
2026-03-06 19:55:14.485447,2.67,16.78,71.86,0,1
2026-03-06 19:55:19.485447,2.06,15.39,76.15,0,1
2026-03-06 19:55:24.485447,2.95,21.37,89.14,0,1
2026-03-06 19:55:29.485447,2.81,24.98,-43.95,0,1
2026-03-06 19:55:34.485447,2.95,10.45,64.17,0,1
2026-03-06 19:55:39.485447,1.26,22.01,-11.93,0,1
2026-03-06 19:55:44.485447,1.54,21.76,-107.46,0,1
2026-03-06 19:55:49.485447,2.07,17.89,-91.23,0,1
2026-03-06 19:55:54.485447,2.18,8.93,-39.37,0,1
2026-03-06 19:55:59.485447,0.64,15.64,28.54,0,1
2026-03-06 19:56:04.485447,2.79,11.43,-2.93,0,1
2026-03-06 19:56:09.485447,2.16,11.91,11.74,0,1
2026-03-06 19:56:14.485447,0.86,13.84,77.18,0,1
2026-03-06 19:56:19.485447,1.54,6.26,82.91,0,1
2026-03-06 19:56:24.485447,0.92,23.22,-36.37,0,1
2026-03-06 19:56:29.485447,0.94,17.59,-9.89,0,1
2026-03-06 19:56:34.485447,1.29,7.82,122.25,0,1
2026-03-06 19:56:39.485447,2.4,18.77,-83.08,0,1
2026-03-06 19:56:44.485447,0.38,21.24,-31.12,0,1
2026-03-06 19:56:49.485447,2.93,19.99,9.22,1,1
2026-03-06 19:56:54.485447,2.44,9.86,97.74,0,1
2026-03-06 19:56:59.485447,0.1,22.33,-117.45,0,1
2026-03-06 19:57:04.485447,0.79,23.88,-39.01,1,1
2026-03-06 19:57:09.485447,0.38,8.62,-53.49,1,1
2026-03-06 19:57:14.485447,2.88,21.83,-7.15,0,1
2026-03-06 19:57:19.485447,0.51,22.47,-92.12,0,1
2026-03-06 19:57:24.485447,1.68,18.79,-81.04,0,1
2026-03-06 19:57:29.485447,1.6,23.34,14.03,0,1
2026-03-06 19:57:34.485447,1.6,19.44,-34.33,0,1
2026-03-06 19:57:39.485447,1.05,14.83,-24.15,0,1
2026-03-06 19:57:44.485447,0.78,14.62,6.11,0,1
2026-03-06 19:57:49.485447,2.91,18.44,-13.72,0,1
2026-03-06 19:57:54.485447,1.94,17.77,-104.33,0,1
2026-03-06 19:57:59.485447,1.49,23.67,34.41,0,1
2026-03-06 19:58:04.485447,0.09,16.37,-121.41,0,1
2026-03-06 19:58:09.485447,1.81,21.22,-25.78,0,1
2026-03-06 19:58:14.485447,2.67,5.68,-75.43,0,1
2026-03-06 19:58:19.485447,1.58,23.66,-25.81,0,1
2026-03-06 19:58:24.485447,1.63,16.58,40.26,0,1
2026-03-06 19:58:29.485447,0.79,12.52,123.84,0,1
2026-03-06 19:58:34.485447,0.6,24.17,72.41,0,1
2026-03-06 19:58:39.485447,2.22,13.5,-70.62,0,1
2026-03-06 19:58:44.485447,2.78,13.92,-1.37,1,1
2026-03-06 19:58:49.485447,2.61,20.47,37.89,0,1
2026-03-06 19:58:54.485447,0.2,14.8,-8.88,0,1
2026-03-06 19:58:59.485447,1.31,17.33,54.25,0,1
2026-03-06 19:59:04.485447,2.5,20.58,4.38,0,1
2026-03-06 19:59:09.485447,0.27,22.16,90.26,0,1
2026-03-06 19:59:14.485447,1.83,10.74,84.47,0,1
2026-03-06 19:59:19.485447,0.79,21.9,49.63,0,1
2026-03-06 19:59:24.485447,1.3,8.13,123.01,0,1
2026-03-06 19:59:29.485447,2.42,11.49,107.93,0,1
2026-03-06 19:59:34.485447,0.21,18.41,84.72,0,1
2026-03-06 19:59:39.485447,2.01,8.78,-20.53,0,1
2026-03-06 19:59:44.485447,2.62,11.99,-111.92,0,1
2026-03-06 19:59:49.485447,1.27,10.55,-22.92,0,1
2026-03-06 19:59:54.485447,0.19,6.66,-102.24,0,1
2026-03-06 19:59:59.485447,0.18,5.84,63.89,0,1
2026-03-06 20:00:04.485447,0.31,16.92,77.27,0,1
2026-03-06 20:00:09.485447,1.67,8.32,5.19,0,1
2026-03-06 20:00:14.485447,1.84,23.21,66.98,0,1
2026-03-06 20:00:19.485447,2.27,14.74,-101.3,0,1
2026-03-06 20:00:24.485447,2.85,9.8,-110.35,0,1
2026-03-06 20:00:29.485447,1.09,13.81,-111.8,0,1
2026-03-06 20:00:34.485447,0.4,7.95,101.68,0,1
2026-03-06 20:00:39.485447,0.74,8.15,25.41,0,1
2026-03-06 20:00:44.485447,1.56,15.68,78.37,0,1
2026-03-06 20:00:49.485447,2.52,23.91,-122.43,0,1
2026-03-06 20:00:54.485447,0.89,9.83,24.74,0,1
2026-03-06 20:00:59.485447,1.93,18.2,-56.42,0,1
2026-03-06 20:01:04.485447,2.13,10.73,-36.94,0,1
2026-03-06 20:01:09.485447,1.11,24.48,93.38,0,1
2026-03-06 20:01:14.485447,2.41,17.65,60.17,0,1
2026-03-06 20:01:19.485447,2.73,19.14,-70.62,1,1
2026-03-06 20:01:24.485447,1.61,15.94,-9.32,0,1
2026-03-06 20:01:29.485447,0.59,14.94,-48.73,1,1
2026-03-06 20:01:34.485447,0.42,8.91,13.78,0,1
2026-03-06 20:01:39.485447,1.75,24.52,-96.33,0,1
2026-03-06 20:01:44.485447,0.26,6.32,31.03,0,1
2026-03-06 20:01:49.485447,1.3,10.6,125.63,0,1
2026-03-06 20:01:54.485447,1.14,24.81,63.17,0,1
2026-03-06 20:01:59.485447,2.48,14.42,-33.75,0,1
2026-03-06 20:02:04.485447,2.09,9.16,28.39,0,1
2026-03-06 20:02:09.485447,0.41,10.47,-107.9,0,1
2026-03-06 20:02:14.485447,0.98,19.73,102.15,0,1
2026-03-06 20:02:19.485447,0.39,24.24,-2.3,0,1
2026-03-06 20:02:24.485447,1.74,12.17,-103.22,0,1
2026-03-06 20:02:29.485447,0.87,19.53,-5.23,0,1
2026-03-06 20:02:34.485447,2.22,6.36,-8.96,0,1
2026-03-06 20:02:39.485447,2.44,21.91,37.65,0,1
2026-03-06 20:02:44.485447,2.83,22.14,-102.77,0,1
2026-03-06 20:02:49.485447,2.62,22.12,111.01,0,1
2026-03-06 20:02:54.485447,0.19,17.4,-85.05,0,1
2026-03-06 20:02:59.485447,1.41,6.08,22.18,0,1
2026-03-06 20:03:04.485447,1.08,10.89,97.26,0,1
2026-03-06 20:03:09.485447,0.19,17.3,-115.48,0,1
2026-03-06 20:03:14.485447,2.56,13.05,65.13,0,1
2026-03-06 20:03:19.485447,1.34,21.68,-62.82,0,1
2026-03-06 20:03:24.485447,2.9,5.17,-109.11,0,1
2026-03-06 20:03:29.485447,2.81,6.54,-54.54,1,1
2026-03-06 20:03:34.485447,1.43,9.24,77.99,0,1
2026-03-06 20:03:39.485447,0.74,13.4,42.71,0,1
2026-03-06 20:03:44.485447,2.71,15.65,-71.2,0,1
2026-03-06 20:03:49.485447,2.96,17.04,126.65,0,1
2026-03-06 20:03:54.485447,1.83,21.67,-22.38,0,1
2026-03-06 20:03:59.485447,1.31,10.79,-45.58,0,1
2026-03-06 20:04:04.485447,2.53,17.28,-32.05,0,1
2026-03-06 20:04:09.485447,2.18,20.19,13.53,0,1
2026-03-06 20:04:14.485447,1.97,15.17,-67.91,0,1
2026-03-06 20:04:19.485447,0.09,12.87,-113.7,0,1
2026-03-06 20:04:24.485447,0.44,18.9,37.26,0,1
2026-03-06 20:04:29.485447,1.21,11.52,-21.73,1,1
2026-03-06 20:04:34.485447,2.22,15.46,-50.37,0,1
2026-03-06 20:04:39.485447,2.17,23.23,78.21,0,1
2026-03-06 20:04:44.485447,0.34,9.33,-30.82,1,1
2026-03-06 20:04:49.485447,0.17,23.88,89.87,0,1
2026-03-06 20:04:54.485447,0.98,16.74,-72.45,0,1
2026-03-06 20:04:59.485447,0.39,14.58,-26.66,0,1
2026-03-06 20:05:04.485447,1.67,11.3,82.97,1,1
2026-03-06 20:05:09.485447,0.82,5.99,15.42,0,1
2026-03-06 20:05:14.485447,2.51,12.68,-99.0,0,1
2026-03-06 20:05:19.485447,1.06,6.13,-106.82,0,1
2026-03-06 20:05:24.485447,2.55,21.59,10.58,0,1
2026-03-06 20:05:29.485447,1.99,17.33,-120.26,0,1
2026-03-06 20:05:34.485447,0.01,13.56,-16.88,0,1
2026-03-06 20:05:39.485447,0.59,23.59,83.77,0,1
2026-03-06 20:05:44.485447,0.95,17.18,-6.08,0,1
2026-03-06 20:05:49.485447,0.07,9.54,-19.89,0,1
2026-03-06 20:05:54.485447,0.07,12.47,93.92,0,1
2026-03-06 20:05:59.485447,0.56,19.43,-114.01,0,1
2026-03-06 20:06:04.485447,0.09,11.89,27.18,0,1
2026-03-06 20:06:09.485447,2.24,22.67,-97.19,1,1
2026-03-06 20:06:14.485447,1.94,6.39,81.69,0,1
2026-03-06 20:06:19.485447,0.64,13.9,-66.29,0,1
2026-03-06 20:06:24.485447,0.02,18.92,-82.92,0,1
2026-03-06 20:06:29.485447,1.65,6.01,-19.31,0,1
2026-03-06 20:06:34.485447,2.98,10.76,-10.48,0,1
2026-03-06 20:06:39.485447,0.34,5.01,-96.44,0,1
2026-03-06 20:06:44.485447,2.4,14.11,-20.63,0,1
2026-03-06 20:06:49.485447,1.28,15.46,-108.13,0,1
2026-03-06 20:06:54.485447,1.61,5.47,-36.34,0,1
2026-03-06 20:06:59.485447,1.95,24.05,-3.89,0,1
2026-03-06 20:07:04.485447,1.71,10.22,-59.82,0,1
2026-03-06 20:07:09.485447,2.33,5.23,124.19,0,1
2026-03-06 20:07:14.485447,1.75,14.68,-109.56,0,1
2026-03-06 20:07:19.485447,1.14,23.37,91.71,0,1
2026-03-06 20:07:24.485447,1.26,17.84,114.97,1,1
2026-03-06 20:07:29.485447,1.57,23.23,68.97,0,1
2026-03-06 20:07:34.485447,1.57,15.57,110.79,0,1
2026-03-06 20:07:39.485447,1.86,14.15,-61.83,0,1
2026-03-06 20:07:44.485447,1.01,5.57,32.8,0,1
2026-03-06 20:07:49.485447,2.49,11.89,102.14,0,1
2026-03-06 20:07:54.485447,0.29,18.73,73.18,0,1
2026-03-06 20:07:59.485447,1.22,23.33,75.62,0,1
2026-03-06 20:08:04.485447,0.4,19.25,-7.63,0,1
2026-03-06 20:08:09.485447,2.48,11.89,51.89,0,1
2026-03-06 20:08:14.485447,2.08,18.52,-17.07,0,1
2026-03-06 20:08:19.485447,2.56,5.68,-54.27,1,1
2026-03-06 20:08:24.485447,0.89,16.8,20.2,0,1
2026-03-06 20:08:29.485447,1.74,12.98,105.9,0,1
2026-03-06 20:08:34.485447,0.76,14.49,110.5,0,1
2026-03-06 20:08:39.485447,0.54,13.59,-36.55,0,1
2026-03-06 20:08:44.485447,0.57,9.29,77.22,0,1
2026-03-06 20:08:49.485447,1.14,21.13,-56.11,0,1
2026-03-06 20:08:54.485447,1.43,21.79,58.79,0,1
2026-03-06 20:08:59.485447,0.34,18.44,-58.67,0,1
2026-03-06 20:09:04.485447,2.44,13.71,-121.97,0,1
2026-03-06 20:09:09.485447,1.89,11.9,-41.83,0,1
2026-03-06 20:09:14.485447,1.69,9.45,110.61,0,1
2026-03-06 20:09:19.485447,1.6,18.62,10.61,0,1
2026-03-06 20:09:24.485447,1.08,24.51,59.08,0,1
2026-03-06 20:09:29.485447,1.28,5.51,-29.66,0,1
2026-03-06 20:09:34.485447,0.99,10.93,-29.71,0,1
2026-03-06 20:09:39.485447,0.04,20.62,67.06,0,1
2026-03-06 20:09:44.485447,0.9,12.23,-5.3,1,1
2026-03-06 20:09:49.485447,2.1,19.8,78.76,0,1
2026-03-06 20:09:54.485447,2.08,10.35,-115.85,0,1
2026-03-06 20:09:59.485447,2.74,21.37,-78.76,0,1
2026-03-06 20:10:04.485447,0.36,14.84,7.29,0,1
2026-03-06 20:10:09.485447,0.23,20.59,93.47,0,1
2026-03-06 20:10:14.485447,1.06,6.56,-95.94,0,1
2026-03-06 20:10:19.485447,2.4,14.74,66.28,0,1
2026-03-06 20:10:24.485447,0.43,10.46,-51.74,0,1
2026-03-06 20:10:29.485447,0.69,21.93,-28.79,0,1
2026-03-06 20:10:34.485447,2.92,20.43,-97.6,0,1
2026-03-06 20:10:39.485447,0.62,15.53,-34.46,1,1
2026-03-06 20:10:44.485447,1.42,7.0,-66.03,0,1
2026-03-06 20:10:49.485447,2.59,13.94,78.23,0,1
2026-03-06 20:10:54.485447,1.1,5.51,52.97,0,1
2026-03-06 20:10:59.485447,2.49,21.57,-33.65,0,1
2026-03-06 20:11:04.485447,2.18,9.39,20.83,0,1
2026-03-06 20:11:09.485447,2.09,17.64,15.23,0,1
2026-03-06 20:11:14.485447,1.99,6.89,112.6,0,1
2026-03-06 20:11:19.485447,0.39,14.88,-1.99,0,1
2026-03-06 20:11:24.485447,0.22,7.89,89.45,0,1
2026-03-06 20:11:29.485447,0.12,23.58,29.9,0,1
2026-03-06 20:11:34.485447,0.95,24.41,68.11,0,1
2026-03-06 20:11:39.485447,1.23,19.31,98.89,0,1
2026-03-06 20:11:44.485447,2.93,9.43,26.29,0,1
2026-03-06 20:11:49.485447,0.64,15.34,62.4,0,1
2026-03-06 20:11:54.485447,1.6,22.29,-97.69,1,1
2026-03-06 20:11:59.485447,2.99,21.53,-116.67,0,1
2026-03-06 20:12:04.485447,1.93,9.99,-103.11,0,1
2026-03-06 20:12:09.485447,0.2,24.66,-11.09,0,1
2026-03-06 20:12:14.485447,0.63,14.1,42.48,0,1
2026-03-06 20:12:19.485447,0.2,13.71,66.73,0,1
2026-03-06 20:12:24.485447,0.87,10.85,110.88,0,1
2026-03-06 20:12:29.485447,1.16,12.98,20.31,0,1
2026-03-06 20:12:34.485447,2.65,6.51,-105.38,0,1
2026-03-06 20:12:39.485447,0.02,5.0,14.53,0,1
2026-03-06 20:12:44.485447,1.99,8.97,90.09,0,1
2026-03-06 20:12:49.485447,1.68,24.34,92.85,0,1
2026-03-06 20:12:54.485447,0.85,12.57,-126.73,0,1
2026-03-06 20:12:59.485447,2.14,13.61,-22.64,0,1
2026-03-06 20:13:04.485447,0.03,6.56,119.13,0,1
2026-03-06 20:13:09.485447,1.88,19.2,123.01,1,1
2026-03-06 20:13:14.485447,0.8,14.14,120.92,0,1
2026-03-06 20:13:19.485447,1.33,6.66,-49.05,0,1
2026-03-06 20:13:24.485447,2.08,5.02,-123.7,0,1
2026-03-06 20:13:29.485447,0.1,24.9,75.77,0,1
2026-03-06 20:13:34.485447,1.95,12.57,-12.14,0,1
2026-03-06 20:13:39.485447,1.35,10.04,-96.95,0,1
2026-03-06 20:13:44.485447,0.22,10.72,-49.52,0,1
2026-03-06 20:13:49.485447,2.48,23.68,10.89,0,1
2026-03-06 20:13:54.485447,2.43,18.03,-78.44,0,1
2026-03-06 20:13:59.485447,0.48,21.37,112.4,0,1
2026-03-06 20:14:04.485447,2.17,8.81,-44.24,0,1
2026-03-06 20:14:09.485447,2.05,15.34,-62.54,0,1
2026-03-06 20:14:14.485447,2.54,10.25,-52.02,0,1
2026-03-06 20:14:19.485447,2.63,23.83,95.8,0,1
2026-03-06 20:14:24.485447,2.56,17.65,88.79,0,1
2026-03-06 20:14:29.485447,2.81,20.01,-43.65,0,1
2026-03-06 20:14:34.485447,2.84,13.29,-40.44,0,1
2026-03-06 20:14:39.485447,2.79,14.85,-1.81,0,1
2026-03-06 20:14:44.485447,1.78,11.38,95.73,0,1
2026-03-06 20:14:49.485447,2.34,9.13,-60.43,0,1
2026-03-06 20:14:54.485447,0.79,13.27,80.09,0,1
2026-03-06 20:14:59.485447,1.59,9.6,33.9,0,1
2026-03-06 20:15:04.485447,0.42,23.74,-119.94,0,1
2026-03-06 20:15:09.485447,2.09,20.94,63.29,0,1
2026-03-06 20:15:14.485447,2.88,11.09,106.15,0,1
2026-03-06 20:15:19.485447,1.97,21.9,-120.77,0,1
2026-03-06 20:15:24.485447,2.87,12.72,124.36,0,1
2026-03-06 20:15:29.485447,1.84,20.77,-102.46,0,1
2026-03-06 20:15:34.485447,2.53,13.34,1.02,0,1
2026-03-06 20:15:39.485447,1.88,20.14,-49.99,0,1
2026-03-06 20:15:44.485447,2.59,17.99,16.27,0,1
2026-03-06 20:15:49.485447,2.37,12.04,-27.56,0,1
2026-03-06 20:15:54.485447,1.85,12.18,-13.78,0,1
2026-03-06 20:15:59.485447,0.11,20.86,121.94,0,1
2026-03-06 20:16:04.485447,1.06,12.35,-122.27,0,1
2026-03-06 20:16:09.485447,0.62,23.25,-8.77,0,1
2026-03-06 20:16:14.485447,1.15,12.66,67.93,0,1
2026-03-06 20:16:19.485447,0.66,8.05,-44.63,0,1
2026-03-06 20:16:24.485447,1.01,22.71,101.14,0,1
2026-03-06 20:16:29.485447,1.27,21.72,53.72,0,1
2026-03-06 20:16:34.485447,0.24,20.38,-25.19,0,1
2026-03-06 20:16:39.485447,0.47,18.44,-71.99,0,1
2026-03-06 20:16:44.485447,1.7,12.57,65.05,0,1
2026-03-06 20:16:49.485447,0.79,17.28,-20.74,0,1
2026-03-06 20:16:54.485447,2.3,15.99,-26.4,1,1
2026-03-06 20:16:59.485447,2.33,13.3,-18.75,0,1
2026-03-06 20:17:04.485447,1.55,21.0,27.39,0,1
2026-03-06 20:17:09.485447,1.27,6.2,-125.46,0,1
2026-03-06 20:17:14.485447,0.85,11.33,-126.58,0,1
2026-03-06 20:17:19.485447,2.13,20.69,109.68,0,1
2026-03-06 20:17:24.485447,1.32,10.86,-63.4,0,1
2026-03-06 20:17:29.485447,1.77,12.5,65.88,0,1
2026-03-06 20:17:34.485447,1.12,14.72,-27.42,0,1
2026-03-06 20:17:39.485447,2.21,5.81,-57.39,1,1
2026-03-06 20:17:44.485447,0.31,13.15,25.68,0,1
2026-03-06 20:17:49.485447,2.95,19.71,87.57,0,1
2026-03-06 20:17:54.485447,2.07,7.26,-93.02,0,1
2026-03-06 20:17:59.485447,2.14,17.82,-75.16,0,1
2026-03-06 20:18:04.485447,0.23,5.71,-18.79,0,1
2026-03-06 20:18:09.485447,0.07,17.44,113.97,0,1
2026-03-06 20:18:14.485447,0.38,8.89,33.39,0,1
2026-03-06 20:18:19.485447,1.93,15.92,126.21,0,1
2026-03-06 20:18:24.485447,0.28,7.85,27.93,0,1
2026-03-06 20:18:29.485447,1.82,22.63,83.35,0,1
2026-03-06 20:18:34.485447,2.8,20.28,55.39,0,1
2026-03-06 20:18:39.485447,1.52,23.11,-75.87,0,1
2026-03-06 20:18:44.485447,1.12,6.38,-116.39,0,1
2026-03-06 20:18:49.485447,0.08,7.57,6.74,0,1
2026-03-06 20:18:54.485447,1.39,8.23,14.61,0,1
2026-03-06 20:18:59.485447,2.73,19.75,115.28,0,1
2026-03-06 20:19:04.485447,2.03,23.33,75.75,0,1
2026-03-06 20:19:09.485447,1.45,16.68,82.25,0,1
2026-03-06 20:19:14.485447,2.59,18.07,77.87,1,1
2026-03-06 20:19:19.485447,2.76,22.6,50.9,0,1
2026-03-06 20:19:24.485447,0.0,12.57,-62.63,0,1
2026-03-06 20:19:29.485447,1.52,13.92,49.76,0,1
2026-03-06 20:19:34.485447,0.08,15.21,27.69,1,1
2026-03-06 20:19:39.485447,1.34,23.16,-101.1,0,1
2026-03-06 20:19:44.485447,1.42,6.83,-10.92,0,1
2026-03-06 20:19:49.485447,2.01,21.78,0.52,1,1
2026-03-06 20:19:54.485447,0.68,8.94,-16.69,0,1
2026-03-06 20:19:59.485447,2.78,8.24,-86.47,0,1
2026-03-06 20:20:04.485447,0.91,11.59,-94.23,0,1
2026-03-06 20:20:09.485447,1.1,15.3,52.23,0,1
2026-03-06 20:20:14.485447,1.84,10.51,0.71,0,1
2026-03-06 20:20:19.485447,1.09,23.7,-23.9,0,1
2026-03-06 20:20:24.485447,1.95,7.47,-18.47,0,1
2026-03-06 20:20:29.485447,1.43,14.29,-89.46,0,1
2026-03-06 20:20:34.485447,1.38,10.26,76.85,0,1
2026-03-06 20:20:39.485447,0.39,5.83,-4.34,0,1
2026-03-06 20:20:44.485447,1.48,7.94,80.32,0,1
2026-03-06 20:20:49.485447,0.82,17.26,64.05,0,1
2026-03-06 20:20:54.485447,2.33,15.01,-17.5,0,1
2026-03-06 20:20:59.485447,2.57,11.29,54.77,0,1
2026-03-06 20:21:04.485447,0.99,10.24,-117.4,0,1
2026-03-06 20:21:09.485447,1.6,18.23,51.41,1,1
2026-03-06 20:21:14.485447,0.86,19.31,-27.15,0,1
2026-03-06 20:21:19.485447,2.34,22.79,-14.08,0,1
2026-03-06 20:21:24.485447,2.6,9.35,88.51,0,1
2026-03-06 20:21:29.485447,0.55,8.01,-2.35,0,1
2026-03-06 20:21:34.485447,0.45,8.35,94.42,0,1
2026-03-06 20:21:39.485447,1.88,9.89,104.7,0,1
2026-03-06 20:21:44.485447,1.95,20.68,112.49,1,1
2026-03-06 20:21:49.485447,1.55,18.26,107.06,0,1
2026-03-06 20:21:54.485447,0.06,24.53,8.51,0,1
2026-03-06 20:21:59.485447,0.03,13.31,94.88,0,1
2026-03-06 20:22:04.485447,1.3,18.49,106.18,0,1
2026-03-06 20:22:09.485447,1.75,12.73,24.36,0,1
2026-03-06 20:22:14.485447,0.51,10.93,15.77,0,1
2026-03-06 20:22:19.485447,1.77,24.32,90.44,0,1
2026-03-06 20:22:24.485447,0.17,17.55,-10.11,0,1
2026-03-06 20:22:29.485447,1.47,21.25,-77.89,0,1
2026-03-06 20:22:34.485447,2.37,16.36,-100.24,0,1
2026-03-06 20:22:39.485447,0.68,14.82,-68.18,0,1
2026-03-06 20:22:44.485447,1.88,24.1,79.86,0,1
2026-03-06 20:22:49.485447,1.03,23.54,124.79,0,1
2026-03-06 20:22:54.485447,1.7,15.77,-108.22,0,1
2026-03-06 20:22:59.485447,0.44,21.71,89.91,1,1
2026-03-06 20:23:04.485447,2.04,11.54,-105.57,0,1
2026-03-06 20:23:09.485447,2.84,22.49,125.47,1,1
2026-03-06 20:23:14.485447,0.24,10.95,59.9,0,1
2026-03-06 20:23:19.485447,2.47,8.58,-108.38,0,1
2026-03-06 20:23:24.485447,1.92,15.31,27.46,1,1
2026-03-06 20:23:29.485447,1.15,23.58,-39.51,0,1
2026-03-06 20:23:34.485447,2.16,17.84,-84.18,0,1
2026-03-06 20:23:39.485447,2.84,23.37,51.04,0,1
2026-03-06 20:23:44.485447,2.07,21.21,37.13,0,1
2026-03-06 20:23:49.485447,2.23,8.02,10.84,0,1
2026-03-06 20:23:54.485447,1.87,7.42,93.91,0,1
2026-03-06 20:23:59.485447,1.01,10.53,-106.64,0,1
2026-03-06 20:24:04.485447,0.56,11.5,69.16,0,1
2026-03-06 20:24:09.485447,1.01,21.16,17.56,0,1
2026-03-06 20:24:14.485447,0.79,12.05,-114.26,0,1
2026-03-06 20:24:19.485447,1.17,13.61,-36.41,0,1
2026-03-06 20:24:24.485447,2.64,18.09,-38.87,0,1
2026-03-06 20:24:29.485447,2.8,12.76,-37.66,0,1
2026-03-06 20:24:34.485447,1.58,5.06,50.01,0,1
2026-03-06 20:24:39.485447,2.6,7.04,51.46,0,1
2026-03-06 20:24:44.485447,0.28,18.8,-107.73,1,1
2026-03-06 20:24:49.485447,0.23,13.0,-74.75,0,1
2026-03-06 20:24:54.485447,0.6,11.34,46.49,0,1
2026-03-06 20:24:59.485447,1.36,11.17,76.7,1,1
2026-03-06 20:25:04.485447,0.5,20.33,-29.52,0,1
2026-03-06 20:25:09.485447,2.58,14.82,-119.33,0,1
2026-03-06 20:25:14.485447,0.75,20.45,20.17,1,1
2026-03-06 20:25:19.485447,0.63,19.5,78.73,0,1
2026-03-06 20:25:24.485447,2.97,9.52,-96.87,0,1
2026-03-06 20:25:29.485447,0.51,11.32,101.57,0,1
2026-03-06 20:25:34.485447,1.76,23.07,121.9,0,1
2026-03-06 20:25:39.485447,2.23,10.4,-2.37,0,1
2026-03-06 20:25:44.485447,1.08,17.71,-1.25,0,1
2026-03-06 20:25:49.485447,2.84,19.94,-93.5,0,1
2026-03-06 20:25:54.485447,2.75,7.63,87.42,0,1
2026-03-06 20:25:59.485447,0.33,19.63,-25.57,0,1
2026-03-06 20:26:04.485447,0.25,15.81,21.24,0,1
2026-03-06 20:26:09.485447,1.32,21.11,58.72,0,1
2026-03-06 20:26:14.485447,2.92,14.52,57.17,0,1
2026-03-06 20:26:19.485447,2.78,19.6,-101.7,0,1
2026-03-06 20:26:24.485447,1.0,18.77,115.05,0,1
2026-03-06 20:26:29.485447,2.83,15.46,27.18,0,1
2026-03-06 20:26:34.485447,1.3,16.54,27.15,0,1
2026-03-06 20:26:39.485447,2.5,19.53,34.58,0,1
2026-03-06 20:26:44.485447,2.49,11.97,97.62,0,1
2026-03-06 20:26:49.485447,0.05,12.4,69.28,0,1
2026-03-06 20:26:54.485447,2.01,8.17,74.68,0,1
2026-03-06 20:26:59.485447,0.95,9.45,84.32,0,1
2026-03-06 20:27:04.485447,2.37,19.46,-43.68,1,1
2026-03-06 20:27:09.485447,2.51,6.84,-100.88,0,1
2026-03-06 20:27:14.485447,0.01,9.92,-15.79,0,1
2026-03-06 20:27:19.485447,0.8,23.84,112.27,0,1
2026-03-06 20:27:24.485447,2.55,9.17,-19.49,0,1
2026-03-06 20:27:29.485447,1.74,24.18,9.11,0,1
2026-03-06 20:27:34.485447,1.77,22.66,60.05,0,1
2026-03-06 20:27:39.485447,2.87,10.05,-40.65,1,1
2026-03-06 20:27:44.485447,1.98,14.68,-98.11,0,1
2026-03-06 20:27:49.485447,1.22,24.49,-13.51,0,1
2026-03-06 20:27:54.485447,0.14,15.52,-21.61,0,1
2026-03-06 20:27:59.485447,1.28,12.06,100.65,0,1
2026-03-06 20:28:04.485447,0.45,24.16,-45.13,0,1
2026-03-06 20:28:09.485447,2.51,5.43,30.18,0,1
2026-03-06 20:28:14.485447,2.0,14.9,-17.09,0,1
2026-03-06 20:28:19.485447,1.42,19.3,-54.55,0,1
2026-03-06 20:28:24.485447,2.47,24.96,4.14,0,1
2026-03-06 20:28:29.485447,2.83,10.49,-33.69,0,1
2026-03-06 20:28:34.485447,1.76,5.41,66.92,0,1
2026-03-06 20:28:39.485447,0.71,12.15,62.0,0,1
2026-03-06 20:28:44.485447,0.42,12.22,29.95,0,1
2026-03-06 20:28:49.485447,1.8,9.47,-30.81,0,1
2026-03-06 20:28:54.485447,0.74,24.85,79.22,0,1
2026-03-06 20:28:59.485447,1.94,20.62,117.98,0,1
2026-03-06 20:29:04.485447,0.68,23.04,29.83,0,1
2026-03-06 20:29:09.485447,1.23,9.36,-95.28,1,1
2026-03-06 20:29:14.485447,2.86,15.81,-123.38,0,1
2026-03-06 20:29:19.485447,1.27,22.5,-0.55,0,1
2026-03-06 20:29:24.485447,2.86,18.38,-71.64,1,1
2026-03-06 20:29:29.485447,0.85,11.68,-112.75,0,1
2026-03-06 20:29:34.485447,0.47,6.98,-90.18,0,1
2026-03-06 20:29:39.485447,2.35,12.51,123.57,0,1
2026-03-06 20:29:44.485447,1.26,7.46,-77.89,0,1
2026-03-06 20:29:49.485447,2.81,20.03,-75.52,0,1
2026-03-06 20:29:54.485447,2.52,14.0,-23.42,0,1
2026-03-06 20:29:59.485447,0.6,22.0,122.63,0,1
2026-03-06 20:30:04.485447,1.58,7.98,-10.34,0,1
2026-03-06 20:30:09.485447,0.68,23.0,-87.12,0,1
2026-03-06 20:30:14.485447,0.42,5.52,74.28,0,1
2026-03-06 20:30:19.485447,2.57,21.18,31.47,0,1
2026-03-06 20:30:24.485447,0.9,6.13,65.14,0,1
2026-03-06 20:30:29.485447,2.67,23.61,-70.7,0,1
2026-03-06 20:30:34.485447,1.54,14.99,68.58,0,1
2026-03-06 20:30:39.485447,0.86,23.88,101.56,0,1
2026-03-06 20:30:44.485447,0.8,20.05,-64.45,0,1
2026-03-06 20:30:49.485447,2.92,10.24,61.34,0,1
2026-03-06 20:30:54.485447,0.18,20.4,-47.4,0,1
2026-03-06 20:30:59.485447,2.61,10.73,-16.05,0,1
2026-03-06 20:31:04.485447,0.53,5.55,-110.81,0,1
2026-03-06 20:31:09.485447,2.04,24.06,2.52,0,1
2026-03-06 20:31:14.485447,0.88,21.91,10.91,0,1
2026-03-06 20:31:19.485447,1.12,21.0,-8.67,0,1
2026-03-06 20:31:24.485447,1.0,10.98,-75.13,0,1
2026-03-06 20:31:29.485447,2.06,5.76,31.45,0,1
2026-03-06 20:31:34.485447,1.12,6.61,49.57,0,1
2026-03-06 20:31:39.485447,0.87,13.07,34.7,0,0
2026-03-06 20:31:44.485447,0.52,9.25,71.35,0,1
2026-03-06 20:31:49.485447,2.01,13.47,104.81,0,1
2026-03-06 20:31:54.485447,1.91,13.95,-22.51,0,1
2026-03-06 20:31:59.485447,0.4,20.91,85.95,0,1
2026-03-06 20:32:04.485447,2.61,20.6,-21.08,0,1
2026-03-06 20:32:09.485447,0.01,24.26,57.8,0,1
2026-03-06 20:32:14.485447,1.58,19.32,-23.85,0,1
2026-03-06 20:32:19.485447,1.82,20.14,13.94,0,1
2026-03-06 20:32:24.485447,0.76,13.76,72.77,0,1
2026-03-06 20:32:29.485447,1.85,9.29,-19.12,0,1
2026-03-06 20:32:34.485447,2.05,16.86,-10.61,0,1
2026-03-06 20:32:39.485447,1.68,10.37,-38.66,0,1
2026-03-06 20:32:44.485447,2.96,21.02,91.45,0,1
2026-03-06 20:32:49.485447,2.66,23.01,-87.34,0,1
2026-03-06 20:32:54.485447,2.65,13.22,114.23,0,1
2026-03-06 20:32:59.485447,1.5,18.9,-35.03,0,1
2026-03-06 20:33:04.485447,1.29,15.0,-81.64,1,1
2026-03-06 20:33:09.485447,0.04,8.62,-74.5,0,1
2026-03-06 20:33:14.485447,1.5,23.0,104.11,0,1
2026-03-06 20:33:19.485447,2.39,24.49,-85.22,0,1
2026-03-06 20:33:24.485447,1.62,24.66,53.9,1,1
2026-03-06 20:33:29.485447,1.76,23.03,52.22,0,1
2026-03-06 20:33:34.485447,2.37,5.39,-64.01,0,1
2026-03-06 20:33:39.485447,0.64,24.77,47.49,0,1
2026-03-06 20:33:44.485447,1.53,22.24,-68.47,0,1
2026-03-06 20:33:49.485447,2.9,21.53,-59.84,0,1
2026-03-06 20:33:54.485447,0.56,10.96,9.32,0,1
2026-03-06 20:33:59.485447,0.03,10.23,-92.13,0,1
2026-03-06 20:34:04.485447,2.82,21.42,5.03,0,1
2026-03-06 20:34:09.485447,0.08,10.53,55.63,0,1
2026-03-06 20:34:14.485447,0.47,11.64,-44.65,0,1
2026-03-06 20:34:19.485447,0.21,6.84,58.61,0,1
2026-03-06 20:34:24.485447,0.31,9.86,-96.96,0,1
2026-03-06 20:34:29.485447,0.85,19.07,-61.67,0,1
2026-03-06 20:34:34.485447,2.9,21.63,-42.61,0,1
2026-03-06 20:34:39.485447,0.06,15.73,13.41,0,1
2026-03-06 20:34:44.485447,2.32,16.45,-102.96,0,1
2026-03-06 20:34:49.485447,0.55,12.51,42.65,0,1
2026-03-06 20:34:54.485447,1.9,13.07,-106.69,0,1
2026-03-06 20:34:59.485447,1.89,17.39,-18.69,0,1
2026-03-06 20:35:04.485447,2.05,22.3,38.39,0,1
2026-03-06 20:35:09.485447,0.49,7.89,-53.86,0,1
2026-03-06 20:35:14.485447,0.63,5.53,-5.75,0,1
2026-03-06 20:35:19.485447,0.55,8.8,-28.02,0,1
2026-03-06 20:35:24.485447,1.65,6.58,-45.67,0,1
2026-03-06 20:35:29.485447,1.73,22.81,54.33,0,1
2026-03-06 20:35:34.485447,0.23,13.21,122.07,0,1
2026-03-06 20:35:39.485447,1.85,19.42,-1.33,1,1
2026-03-06 20:35:44.485447,2.25,5.95,-3.04,0,1
2026-03-06 20:35:49.485447,0.81,19.55,119.53,1,1
2026-03-06 20:35:54.485447,2.66,12.63,-75.28,0,1
2026-03-06 20:35:59.485447,2.4,17.5,-4.03,0,1
2026-03-06 20:36:04.485447,0.44,8.08,-111.9,0,1
2026-03-06 20:36:09.485447,0.94,10.68,80.61,0,1
2026-03-06 20:36:14.485447,0.48,22.21,121.81,0,1
2026-03-06 20:36:19.485447,1.06,21.28,56.56,0,1
2026-03-06 20:36:24.485447,1.85,7.13,-117.35,0,1
2026-03-06 20:36:29.485447,0.87,18.04,-33.8,0,1
2026-03-06 20:36:34.485447,2.03,14.35,-109.29,0,1
2026-03-06 20:36:39.485447,0.22,24.43,-60.67,0,1
2026-03-06 20:36:44.485447,0.28,16.79,123.79,0,1
2026-03-06 20:36:49.485447,2.57,9.12,-100.16,0,1
2026-03-06 20:36:54.485447,0.7,16.43,80.1,0,1
2026-03-06 20:36:59.485447,2.54,5.79,42.17,0,1
2026-03-06 20:37:04.485447,2.24,21.43,53.56,0,1
2026-03-06 20:37:09.485447,1.45,5.76,-23.34,0,1
2026-03-06 20:37:14.485447,0.02,7.13,-101.6,0,1
2026-03-06 20:37:19.485447,1.4,24.15,121.19,1,1
2026-03-06 20:37:24.485447,0.16,9.89,50.84,0,1
2026-03-06 20:37:29.485447,2.69,20.89,25.55,0,1
2026-03-06 20:37:34.485447,2.88,23.97,-97.34,0,1
2026-03-06 20:37:39.485447,1.24,19.68,-11.4,0,1
2026-03-06 20:37:44.485447,0.52,6.32,68.91,0,1
2026-03-06 20:37:49.485447,2.24,21.54,-30.8,0,1
2026-03-06 20:37:54.485447,1.03,11.46,103.26,0,1
2026-03-06 20:37:59.485447,0.83,24.83,-20.02,0,1
2026-03-06 20:38:04.485447,0.35,24.21,-48.32,0,1
2026-03-06 20:38:09.485447,1.14,10.77,-123.7,0,1
2026-03-06 20:38:14.485447,2.59,21.6,-2.64,0,1
2026-03-06 20:38:19.485447,2.58,5.34,5.46,0,1
2026-03-06 20:38:24.485447,1.67,8.15,104.91,0,1
2026-03-06 20:38:29.485447,2.12,6.99,-27.1,0,1
2026-03-06 20:38:34.485447,0.25,19.32,-80.92,0,1
2026-03-06 20:38:39.485447,1.09,24.07,21.24,0,1
2026-03-06 20:38:44.485447,0.9,5.29,60.51,0,1
2026-03-06 20:38:49.485447,2.33,18.98,18.6,1,1
2026-03-06 20:38:54.485447,2.6,12.15,101.15,0,1
2026-03-06 20:38:59.485447,2.58,5.53,-53.66,0,1
2026-03-06 20:39:04.485447,2.45,7.54,-46.71,0,1
2026-03-06 20:39:09.485447,0.63,15.56,-112.33,0,1
2026-03-06 20:39:14.485447,2.78,11.45,0.57,0,1
2026-03-06 20:39:19.485447,1.02,14.06,-73.0,0,1
2026-03-06 20:39:24.485447,2.74,14.42,121.89,0,1
2026-03-06 20:39:29.485447,2.08,21.25,65.55,0,1
2026-03-06 20:39:34.485447,1.92,21.89,75.91,1,1
2026-03-06 20:39:39.485447,0.1,17.25,-2.76,0,1
2026-03-06 20:39:44.485447,1.17,13.32,-113.21,0,1
2026-03-06 20:39:49.485447,0.2,19.63,-4.26,0,1
2026-03-06 20:39:54.485447,1.83,18.75,-76.65,0,1
2026-03-06 20:39:59.485447,2.99,13.81,-46.86,1,1
2026-03-06 20:40:04.485447,2.38,17.17,70.75,0,1
2026-03-06 20:40:09.485447,1.31,18.98,68.65,0,1
2026-03-06 20:40:14.485447,1.56,8.98,-76.3,1,1
2026-03-06 20:40:19.485447,0.54,17.35,-21.1,0,1
2026-03-06 20:40:24.485447,2.84,9.0,-98.0,0,1
2026-03-06 20:40:29.485447,0.29,22.64,-0.69,0,1
2026-03-06 20:40:34.485447,1.65,7.9,-96.92,0,1
2026-03-06 20:40:39.485447,1.24,7.75,43.98,0,1
2026-03-06 20:40:44.485447,0.07,12.24,-2.65,1,1
2026-03-06 20:40:49.485447,2.54,9.99,106.07,0,1
2026-03-06 20:40:54.485447,1.26,9.42,26.0,0,0
2026-03-06 20:40:59.485447,0.58,19.82,-98.32,0,1
2026-03-06 20:41:04.485447,2.78,13.81,26.86,0,1
2026-03-06 20:41:09.485447,0.37,22.46,-64.1,0,1
2026-03-06 20:41:14.485447,1.99,16.11,12.19,0,1
2026-03-06 20:41:19.485447,1.71,13.05,-77.88,1,1
2026-03-06 20:41:24.485447,2.7,18.41,105.04,0,1
2026-03-06 20:41:29.485447,2.38,13.88,-69.72,1,1
2026-03-06 20:41:34.485447,1.34,22.16,16.78,0,1
2026-03-06 20:41:39.485447,0.46,20.04,-104.23,1,1
2026-03-06 20:41:44.485447,2.36,9.23,104.31,0,1
2026-03-06 20:41:49.485447,1.76,18.72,-119.4,0,1
2026-03-06 20:41:54.485447,2.51,11.4,54.78,0,1
2026-03-06 20:41:59.485447,2.74,21.46,29.26,0,1
2026-03-06 20:42:04.485447,1.27,24.46,-72.87,0,1
2026-03-06 20:42:09.485447,2.22,16.89,-3.46,0,1
2026-03-06 20:42:14.485447,2.05,19.92,-44.11,0,1
2026-03-06 20:42:19.485447,1.96,6.63,-75.1,0,1
2026-03-06 20:42:24.485447,2.03,8.14,-8.25,0,1
2026-03-06 20:42:29.485447,2.49,14.96,34.83,0,1
2026-03-06 20:42:34.485447,0.34,5.76,-87.83,1,1
2026-03-06 20:42:39.485447,2.9,17.09,56.76,0,1
2026-03-06 20:42:44.485447,0.63,16.44,-55.42,0,1
2026-03-06 20:42:49.485447,0.57,13.06,-93.46,0,1
2026-03-06 20:42:54.485447,2.46,7.56,-16.42,0,1
2026-03-06 20:42:59.485447,1.44,12.71,41.76,0,1
2026-03-06 20:43:04.485447,0.25,20.34,115.27,0,1
2026-03-06 20:43:09.485447,0.17,15.86,124.35,0,1
2026-03-06 20:43:14.485447,2.63,15.38,102.53,0,1
2026-03-06 20:43:19.485447,2.1,6.88,59.02,0,1
2026-03-06 20:43:24.485447,1.1,5.05,96.27,0,1
2026-03-06 20:43:29.485447,2.35,16.46,94.71,0,1
2026-03-06 20:43:34.485447,2.03,8.99,-9.49,0,1
2026-03-06 20:43:39.485447,2.12,8.25,94.84,0,1
2026-03-06 20:43:44.485447,0.2,17.11,-26.85,0,1
2026-03-06 20:43:49.485447,1.25,17.15,69.69,1,1
2026-03-06 20:43:54.485447,2.64,9.91,117.55,0,1
2026-03-06 20:43:59.485447,0.48,23.97,-72.83,0,1
2026-03-06 20:44:04.485447,2.13,8.84,-93.82,0,1
2026-03-06 20:44:09.485447,1.76,8.28,59.7,0,1
2026-03-06 20:44:14.485447,1.72,8.58,-6.04,0,1
2026-03-06 20:44:19.485447,0.19,24.62,-113.97,0,1
2026-03-06 20:44:24.485447,1.0,9.53,-51.04,0,1
2026-03-06 20:44:29.485447,0.3,24.87,108.22,0,1
2026-03-06 20:44:34.485447,1.81,13.58,-10.7,0,1
2026-03-06 20:44:39.485447,1.85,9.43,90.88,0,1
2026-03-06 20:44:44.485447,2.32,24.55,-51.21,0,1
2026-03-06 20:44:49.485447,2.29,23.41,121.35,0,1
2026-03-06 20:44:54.485447,2.27,22.01,-7.7,1,1
2026-03-06 20:44:59.485447,1.98,18.23,-95.59,0,1
2026-03-06 20:45:04.485447,2.79,9.04,62.9,0,1
2026-03-06 20:45:09.485447,1.3,8.34,23.01,0,1
2026-03-06 20:45:14.485447,0.97,22.97,40.62,0,1
2026-03-06 20:45:19.485447,1.23,16.09,6.39,0,1
2026-03-06 20:45:24.485447,0.01,22.06,43.98,1,1
2026-03-06 20:45:29.485447,2.51,16.13,-102.82,1,1
2026-03-06 20:45:34.485447,2.37,5.75,25.29,0,1
2026-03-06 20:45:39.485447,1.13,8.89,-57.92,0,1
2026-03-06 20:45:44.485447,2.97,21.9,-75.89,0,1
2026-03-06 20:45:49.485447,1.18,13.23,76.63,0,1
2026-03-06 20:45:54.485447,1.47,22.77,34.93,0,1
2026-03-06 20:45:59.485447,1.99,11.08,-0.55,0,1
2026-03-06 20:46:04.485447,1.79,22.86,-75.11,0,1
2026-03-06 20:46:09.485447,2.63,13.25,75.14,0,1
2026-03-06 20:46:14.485447,2.42,24.16,-55.15,0,1
2026-03-06 20:46:19.485447,2.3,5.46,12.32,0,1
2026-03-06 20:46:24.485447,1.17,23.42,86.4,0,1
2026-03-06 20:46:29.485447,2.24,8.01,-68.07,0,1
2026-03-06 20:46:34.485447,1.55,20.22,112.52,1,1
2026-03-06 20:46:39.485447,2.02,13.64,-0.37,0,1
2026-03-06 20:46:44.485447,0.03,19.7,6.0,0,1
2026-03-06 20:46:49.485447,2.8,23.17,119.97,0,1
2026-03-06 20:46:54.485447,0.34,11.65,-30.32,0,1
2026-03-06 20:46:59.485447,1.72,5.82,43.59,0,1
2026-03-06 20:47:04.485447,0.59,12.63,101.98,0,1
2026-03-06 20:47:09.485447,1.84,22.62,85.76,0,1
2026-03-06 20:47:14.485447,2.05,19.03,-39.67,0,1
2026-03-06 20:47:19.485447,0.96,23.02,-2.87,0,1
2026-03-06 20:47:24.485447,2.69,18.24,118.55,0,1
2026-03-06 20:47:29.485447,2.27,14.94,102.5,0,1
2026-03-06 20:47:34.485447,1.86,16.43,-55.28,0,1
2026-03-06 20:47:39.485447,2.57,19.87,-110.58,1,1
2026-03-06 20:47:44.485447,2.63,12.87,-32.82,1,1
2026-03-06 20:47:49.485447,0.7,17.41,-112.4,0,1
2026-03-06 20:47:54.485447,1.08,6.61,87.89,0,1
2026-03-06 20:47:59.485447,1.93,20.82,86.44,0,1
2026-03-06 20:48:04.485447,2.26,19.01,26.49,0,1
2026-03-06 20:48:09.485447,2.49,11.55,121.13,1,1
2026-03-06 20:48:14.485447,1.36,24.01,109.45,0,1
2026-03-06 20:48:19.485447,0.07,16.38,-61.16,0,1
2026-03-06 20:48:24.485447,0.86,11.24,17.79,0,1
2026-03-06 20:48:29.485447,1.99,9.65,52.48,0,1
2026-03-06 20:48:34.485447,2.01,21.98,-101.77,0,1
2026-03-06 20:48:39.485447,2.12,11.67,41.16,0,1
2026-03-06 20:48:44.485447,1.92,16.04,-31.67,0,1
2026-03-06 20:48:49.485447,2.98,10.33,96.08,0,1
2026-03-06 20:48:54.485447,1.49,23.72,-83.99,1,1
2026-03-06 20:48:59.485447,0.68,19.36,4.83,0,1
2026-03-06 20:49:04.485447,0.85,13.94,-108.89,0,1
2026-03-06 20:49:09.485447,2.74,19.12,-50.76,0,1
2026-03-06 20:49:14.485447,2.59,21.79,-53.02,0,1
2026-03-06 20:49:19.485447,0.94,21.91,114.31,0,1
2026-03-06 20:49:24.485447,1.07,5.59,77.57,0,1
2026-03-06 20:49:29.485447,0.0,16.81,-74.17,0,1
2026-03-06 20:49:34.485447,1.23,5.68,-87.94,0,1
2026-03-06 20:49:39.485447,0.72,23.67,101.4,0,1
2026-03-06 20:49:44.485447,0.85,18.29,62.89,0,1
2026-03-06 20:49:49.485447,0.01,5.7,-112.7,0,1
2026-03-06 20:49:54.485447,2.59,24.06,11.44,0,1
2026-03-06 20:49:59.485447,1.95,13.82,-29.92,0,1
2026-03-06 20:50:04.485447,0.5,22.15,29.88,0,1
2026-03-06 20:50:09.485447,2.51,5.91,106.85,0,1
2026-03-06 20:50:14.485447,2.64,18.87,7.3,0,1
2026-03-06 20:50:19.485447,2.56,19.24,74.38,0,1
2026-03-06 20:50:24.485447,1.54,14.0,22.73,0,1
2026-03-06 20:50:29.485447,2.17,14.83,35.44,0,1
2026-03-06 20:50:34.485447,2.65,11.97,-14.4,0,1
2026-03-06 20:50:39.485447,0.75,22.75,25.81,0,1
2026-03-06 20:50:44.485447,2.96,21.44,-85.26,0,1
2026-03-06 20:50:49.485447,0.87,24.04,58.44,0,1
2026-03-06 20:50:54.485447,2.48,15.73,23.33,0,1
2026-03-06 20:50:59.485447,1.87,23.75,92.13,0,1
2026-03-06 20:51:04.485447,1.73,19.73,-22.22,0,1
2026-03-06 20:51:09.485447,0.97,24.79,-37.03,0,1
2026-03-06 20:51:14.485447,2.75,21.12,-84.21,0,1
2026-03-06 20:51:19.485447,1.09,12.77,-13.24,0,1
2026-03-06 20:51:24.485447,1.97,17.79,-4.37,0,1
2026-03-06 20:51:29.485447,1.79,7.15,68.22,0,1
2026-03-06 20:51:34.485447,0.41,24.16,70.78,0,1
2026-03-06 20:51:39.485447,0.61,15.77,12.07,0,1
2026-03-06 20:51:44.485447,2.45,15.89,-101.21,0,1
2026-03-06 20:51:49.485447,1.65,21.44,-123.79,0,1
2026-03-06 20:51:54.485447,0.6,12.65,119.27,0,1
2026-03-06 20:51:59.485447,2.63,23.52,-109.48,0,1
2026-03-06 20:52:04.485447,0.82,15.32,78.05,0,1
2026-03-06 20:52:09.485447,1.12,8.14,-79.24,0,1
2026-03-06 20:52:14.485447,0.03,7.15,-108.09,0,1
2026-03-06 20:52:19.485447,0.69,12.41,92.39,0,1
2026-03-06 20:52:24.485447,0.84,8.81,20.59,0,1
2026-03-06 20:52:29.485447,2.78,11.05,-33.41,0,1
2026-03-06 20:52:34.485447,0.56,12.39,-28.93,0,1
2026-03-06 20:52:39.485447,0.35,8.72,12.29,0,1
2026-03-06 20:52:44.485447,2.27,16.71,7.07,0,1
2026-03-06 20:52:49.485447,1.92,12.62,-88.34,1,1
2026-03-06 20:52:54.485447,1.32,16.46,117.78,0,1
2026-03-06 20:52:59.485447,1.56,13.92,120.36,0,1
2026-03-06 20:53:04.485447,1.89,13.92,3.93,0,1
2026-03-06 20:53:09.485447,0.09,6.83,105.18,0,1
2026-03-06 20:53:14.485447,2.47,13.83,105.17,0,1
2026-03-06 20:53:19.485447,2.28,13.32,-89.48,0,1
2026-03-06 20:53:24.485447,2.98,5.88,24.77,1,1
2026-03-06 20:53:29.485447,1.5,23.74,6.45,0,1
2026-03-06 20:53:34.485447,0.51,8.39,121.17,0,1
2026-03-06 20:53:39.485447,0.04,15.61,-104.7,0,1
2026-03-06 20:53:44.485447,1.36,7.11,116.99,0,1
2026-03-06 20:53:49.485447,2.78,12.27,83.53,1,1
2026-03-06 20:53:54.485447,2.9,22.93,16.65,0,1
2026-03-06 20:53:59.485447,0.38,8.69,106.44,0,1
2026-03-06 20:54:04.485447,1.56,17.69,-91.21,0,1
2026-03-06 20:54:09.485447,0.58,13.15,14.33,0,1
2026-03-06 20:54:14.485447,1.37,20.14,67.06,0,1
2026-03-06 20:54:19.485447,1.7,20.8,-95.83,0,1
2026-03-06 20:54:24.485447,0.09,21.23,-14.02,0,1
2026-03-06 20:54:29.485447,1.02,11.62,94.28,0,1
2026-03-06 20:54:34.485447,2.86,7.26,-3.48,0,1
2026-03-06 20:54:39.485447,0.62,7.95,7.44,0,1
2026-03-06 20:54:44.485447,2.92,21.18,30.98,0,1
2026-03-06 20:54:49.485447,0.61,20.96,52.33,0,1
2026-03-06 20:54:54.485447,2.05,18.87,-117.11,1,1
2026-03-06 20:54:59.485447,1.08,20.4,102.79,0,1
2026-03-06 20:55:04.485447,2.93,16.72,64.68,0,1
2026-03-06 20:55:09.485447,1.29,17.52,122.04,0,1
2026-03-06 20:55:14.485447,1.79,12.1,124.95,0,1
2026-03-06 20:55:19.485447,1.99,14.84,-37.77,0,1
2026-03-06 20:55:24.485447,1.13,7.28,-100.51,0,1
2026-03-06 20:55:29.485447,1.78,9.39,-15.79,0,1
2026-03-06 20:55:34.485447,1.49,9.64,27.41,0,1
2026-03-06 20:55:39.485447,2.29,20.77,104.92,0,1
2026-03-06 20:55:44.485447,2.34,7.11,117.16,0,1
2026-03-06 20:55:49.485447,0.35,24.39,-28.59,0,1
2026-03-06 20:55:54.485447,1.52,18.09,-11.04,0,1
2026-03-06 20:55:59.485447,0.04,9.39,27.25,0,1
2026-03-06 20:56:04.485447,1.03,6.1,87.97,0,1
2026-03-06 20:56:09.485447,1.23,16.99,-89.31,0,1
2026-03-06 20:56:14.485447,2.08,11.08,83.56,0,1
2026-03-06 20:56:19.485447,0.7,6.47,-50.85,0,1
2026-03-06 20:56:24.485447,2.61,13.21,4.41,0,1
2026-03-06 20:56:29.485447,1.71,24.0,66.86,0,1
2026-03-06 20:56:34.485447,2.76,13.19,35.45,0,1
2026-03-06 20:56:39.485447,0.17,7.53,-45.02,0,1
2026-03-06 20:56:44.485447,2.21,12.92,-66.39,0,1
2026-03-06 20:56:49.485447,2.75,17.18,24.13,0,1
2026-03-06 20:56:54.485447,0.74,21.03,-60.72,0,1
2026-03-06 20:56:59.485447,1.09,12.96,16.75,0,1
2026-03-06 20:57:04.485447,0.63,17.82,45.4,0,1
2026-03-06 20:57:09.485447,0.95,23.56,-102.38,0,1
2026-03-06 20:57:14.485447,0.91,5.77,-64.19,0,1
2026-03-06 20:57:19.485447,2.85,6.28,41.97,0,1
2026-03-06 20:57:24.485447,2.23,5.87,-82.38,0,1
2026-03-06 20:57:29.485447,0.98,9.71,39.09,0,0
2026-03-06 20:57:34.485447,2.34,19.27,108.06,0,1
2026-03-06 20:57:39.485447,0.19,16.51,-56.64,0,1
2026-03-06 20:57:44.485447,0.83,14.49,33.52,1,1
2026-03-06 20:57:49.485447,1.15,10.68,18.01,0,1
2026-03-06 20:57:54.485447,0.44,10.82,-94.61,0,1
2026-03-06 20:57:59.485447,1.38,5.82,86.6,0,1
2026-03-06 20:58:04.485447,0.38,24.99,34.21,0,1
2026-03-06 20:58:09.485447,0.7,7.37,-42.71,0,1
2026-03-06 20:58:14.485447,0.75,19.07,-4.86,0,1
2026-03-06 20:58:19.485447,1.98,13.78,-68.83,1,1
2026-03-06 20:58:24.485447,0.04,10.61,-55.51,1,1
2026-03-06 20:58:29.485447,0.14,20.31,38.96,0,1
2026-03-06 20:58:34.485447,2.91,11.38,-66.96,0,1
2026-03-06 20:58:39.485447,0.12,17.04,-34.44,0,1
2026-03-06 20:58:44.485447,1.43,6.21,-18.68,1,1
2026-03-06 20:58:49.485447,1.36,23.93,-99.27,0,1
2026-03-06 20:58:54.485447,1.15,24.49,-35.54,0,1
2026-03-06 20:58:59.485447,0.91,8.25,121.23,0,1
2026-03-06 20:59:04.485447,2.82,20.36,70.74,0,1
2026-03-06 20:59:09.485447,0.12,19.29,85.56,0,1
2026-03-06 20:59:14.485447,0.58,10.06,-54.92,0,1
2026-03-06 20:59:19.485447,0.92,24.73,-92.25,0,1
2026-03-06 20:59:24.485447,1.48,5.35,-48.49,0,1
2026-03-06 20:59:29.485447,1.27,24.64,103.77,0,1
2026-03-06 20:59:34.485447,1.43,10.02,61.92,0,1
2026-03-06 20:59:39.485447,1.42,8.55,-82.93,0,1
2026-03-06 20:59:44.485447,0.91,6.58,-17.87,0,1
2026-03-06 20:59:49.485447,0.68,10.45,-90.72,0,1
2026-03-06 20:59:54.485447,1.21,17.24,-89.02,0,1
2026-03-06 20:59:59.485447,1.73,24.37,81.31,0,1
2026-03-06 21:00:04.485447,1.69,10.51,98.0,0,1
2026-03-06 21:00:09.485447,1.92,20.05,-9.24,0,1
2026-03-06 21:00:14.485447,2.56,21.16,-8.01,1,1
2026-03-06 21:00:19.485447,2.24,17.43,-120.69,0,1
2026-03-06 21:00:24.485447,2.01,20.96,110.04,1,1
2026-03-06 21:00:29.485447,2.07,21.79,77.47,0,1
2026-03-06 21:00:34.485447,2.64,21.33,-14.66,0,1
2026-03-06 21:00:39.485447,2.73,21.12,51.76,0,1
2026-03-06 21:00:44.485447,0.49,18.45,-72.75,0,1
2026-03-06 21:00:49.485447,1.49,10.07,-71.23,0,1
2026-03-06 21:00:54.485447,1.14,21.22,25.16,1,1
2026-03-06 21:00:59.485447,1.03,7.85,19.81,0,1
2026-03-06 21:01:04.485447,2.45,12.68,74.98,0,1
2026-03-06 21:01:09.485447,2.39,14.07,-73.27,0,1
2026-03-06 21:01:14.485447,2.35,21.94,123.48,0,1
2026-03-06 21:01:19.485447,1.4,17.41,78.47,0,1
2026-03-06 21:01:24.485447,2.92,9.71,93.39,0,1
2026-03-06 21:01:29.485447,1.66,16.31,-70.1,0,1
2026-03-06 21:01:34.485447,2.09,22.32,110.05,1,1
2026-03-06 21:01:39.485447,0.6,14.27,-68.89,0,1
2026-03-06 21:01:44.485447,1.45,10.83,-81.72,0,1
2026-03-06 21:01:49.485447,1.53,20.74,-84.75,0,1
2026-03-06 21:01:54.485447,1.83,13.8,62.57,0,1
2026-03-06 21:01:59.485447,0.72,11.04,-120.95,0,1
2026-03-06 21:02:04.485447,1.07,11.27,-118.47,0,1
2026-03-06 21:02:09.485447,1.86,11.95,-99.21,1,1
2026-03-06 21:02:14.485447,0.19,22.12,78.15,0,1
2026-03-06 21:02:19.485447,1.43,6.86,84.54,0,1
2026-03-06 21:02:24.485447,1.05,7.79,114.98,0,1
2026-03-06 21:02:29.485447,2.22,14.12,-61.42,0,1
2026-03-06 21:02:34.485447,0.72,8.42,-79.6,1,1
2026-03-06 21:02:39.485447,0.87,7.05,97.81,1,1
2026-03-06 21:02:44.485447,1.89,8.08,-97.97,0,1
2026-03-06 21:02:49.485447,1.8,19.46,-99.95,0,1
2026-03-06 21:02:54.485447,1.01,9.72,-77.21,0,1
2026-03-06 21:02:59.485447,2.25,20.81,35.33,0,1
2026-03-06 21:03:04.485447,0.76,12.06,-121.08,0,1
2026-03-06 21:03:09.485447,2.97,20.14,116.1,0,1
2026-03-06 21:03:14.485447,1.83,24.68,-88.12,0,1
2026-03-06 21:03:19.485447,2.78,17.89,-12.58,0,1
2026-03-06 21:03:24.485447,2.79,12.07,6.53,0,1
2026-03-06 21:03:29.485447,2.53,15.59,-105.4,0,1
2026-03-06 21:03:34.485447,2.3,18.52,35.07,0,1
2026-03-06 21:03:39.485447,2.74,13.68,-103.34,0,1
2026-03-06 21:03:44.485447,2.65,19.98,-13.71,0,1
2026-03-06 21:03:49.485447,0.77,20.06,32.68,0,1
2026-03-06 21:03:54.485447,0.51,18.79,-38.96,0,1
2026-03-06 21:03:59.485447,1.22,13.07,10.19,0,1
2026-03-06 21:04:04.485447,1.25,10.97,123.25,0,1
2026-03-06 21:04:09.485447,1.05,12.0,-64.74,0,1
2026-03-06 21:04:14.485447,1.56,10.09,26.66,0,1
2026-03-06 21:04:19.485447,2.39,17.32,8.26,0,1
2026-03-06 21:04:24.485447,1.6,11.53,57.26,1,1
2026-03-06 21:04:29.485447,2.3,14.06,-109.33,0,1
2026-03-06 21:04:34.485447,0.31,24.33,-81.34,0,1
2026-03-06 21:04:39.485447,0.88,5.25,98.55,0,1
2026-03-06 21:04:44.485447,1.72,23.63,-8.11,0,1
2026-03-06 21:04:49.485447,0.83,19.64,-111.44,0,1
2026-03-06 21:04:54.485447,2.82,14.82,112.56,0,1
2026-03-06 21:04:59.485447,2.06,22.46,96.88,0,1
2026-03-06 21:05:04.485447,1.92,16.03,43.86,0,1
2026-03-06 21:05:09.485447,2.14,11.65,-60.68,0,1
2026-03-06 21:05:14.485447,1.28,9.51,102.01,0,1
2026-03-06 21:05:19.485447,0.82,20.84,49.72,0,1
2026-03-06 21:05:24.485447,0.83,5.54,23.01,0,1
2026-03-06 21:05:29.485447,2.23,23.45,-47.12,0,1
2026-03-06 21:05:34.485447,0.76,14.19,-97.96,0,1
2026-03-06 21:05:39.485447,1.32,23.87,51.97,0,1
2026-03-06 21:05:44.485447,2.37,9.45,-34.65,0,1
2026-03-06 21:05:49.485447,2.25,16.04,108.85,0,1
2026-03-06 21:05:54.485447,0.88,12.14,-28.11,0,1
2026-03-06 21:05:59.485447,1.64,14.88,-109.26,0,1
2026-03-06 21:06:04.485447,1.2,8.44,-17.48,1,1
2026-03-06 21:06:09.485447,0.71,6.19,9.62,0,1
2026-03-06 21:06:14.485447,2.71,10.74,-68.25,0,1
2026-03-06 21:06:19.485447,2.25,24.38,119.74,0,1
2026-03-06 21:06:24.485447,1.93,21.27,101.81,0,1
2026-03-06 21:06:29.485447,2.77,15.11,62.68,0,1
2026-03-06 21:06:34.485447,0.36,24.71,-126.67,0,1
2026-03-06 21:06:39.485447,1.26,22.86,15.38,0,1
2026-03-06 21:06:44.485447,0.63,13.51,-90.57,0,1
2026-03-06 21:06:49.485447,1.05,21.14,-22.33,0,1
2026-03-06 21:06:54.485447,1.36,21.07,-114.68,0,1
2026-03-06 21:06:59.485447,2.13,6.36,-118.69,1,1
2026-03-06 21:07:04.485447,1.52,6.42,51.59,0,1
2026-03-06 21:07:09.485447,0.57,20.9,-115.0,0,1
2026-03-06 21:07:14.485447,1.57,12.15,-83.75,0,1
2026-03-06 21:07:19.485447,0.76,19.29,-51.99,0,1
2026-03-06 21:07:24.485447,2.76,8.84,-6.86,0,1
2026-03-06 21:07:29.485447,2.16,18.18,52.16,0,1
2026-03-06 21:07:34.485447,1.12,15.56,114.63,0,1
2026-03-06 21:07:39.485447,1.79,7.8,-83.31,0,1
2026-03-06 21:07:44.485447,1.43,19.66,38.47,0,1
2026-03-06 21:07:49.485447,0.93,9.39,-13.61,0,1
2026-03-06 21:07:54.485447,1.01,15.41,93.84,0,1
2026-03-06 21:07:59.485447,2.87,8.14,71.31,0,1
2026-03-06 21:08:04.485447,0.56,23.91,-77.53,0,1
2026-03-06 21:08:09.485447,1.38,14.45,96.07,1,1
2026-03-06 21:08:14.485447,2.93,13.94,-87.26,0,1
2026-03-06 21:08:19.485447,0.88,14.05,88.8,0,1
2026-03-06 21:08:24.485447,1.99,13.21,-124.33,1,1
2026-03-06 21:08:29.485447,1.01,17.35,4.18,0,1
2026-03-06 21:08:34.485447,2.28,17.11,-111.69,0,1
2026-03-06 21:08:39.485447,1.81,15.35,-94.52,0,1
2026-03-06 21:08:44.485447,1.25,9.85,-102.97,0,1
2026-03-06 21:08:49.485447,1.0,24.03,27.3,0,1
2026-03-06 21:08:54.485447,2.35,10.88,-21.47,0,1
2026-03-06 21:08:59.485447,2.96,13.56,56.75,0,1
2026-03-06 21:09:04.485447,1.84,6.47,-65.44,0,1
2026-03-06 21:09:09.485447,1.39,16.39,125.7,1,1
2026-03-06 21:09:14.485447,0.11,11.7,62.74,0,1
2026-03-06 21:09:19.485447,0.49,15.26,-120.21,1,1
2026-03-06 21:09:24.485447,2.68,13.61,-49.69,0,1
2026-03-06 21:09:29.485447,2.49,7.38,60.94,0,1
2026-03-06 21:09:34.485447,1.89,5.23,18.77,0,1
2026-03-06 21:09:39.485447,0.38,10.42,40.61,1,1
2026-03-06 21:09:44.485447,2.86,12.26,1.98,0,1
2026-03-06 21:09:49.485447,0.88,20.0,-75.19,0,1
2026-03-06 21:09:54.485447,0.53,7.03,-16.9,0,1
2026-03-06 21:09:59.485447,1.25,13.81,-55.37,0,1
2026-03-06 21:10:04.485447,0.49,20.59,-10.29,0,1
2026-03-06 21:10:09.485447,2.0,15.59,88.29,0,1
2026-03-06 21:10:14.485447,0.59,19.17,32.92,0,1
2026-03-06 21:10:19.485447,0.94,19.76,-82.74,0,1
2026-03-06 21:10:24.485447,1.42,5.25,121.82,0,1
2026-03-06 21:10:29.485447,0.71,15.77,79.48,0,1
2026-03-06 21:10:34.485447,1.69,14.62,-55.99,0,1
2026-03-06 21:10:39.485447,0.49,18.24,-89.82,0,1
2026-03-06 21:10:44.485447,0.08,16.74,-93.48,0,1
2026-03-06 21:10:49.485447,1.2,22.61,-13.11,0,1
2026-03-06 21:10:54.485447,0.86,24.63,72.18,0,1
2026-03-06 21:10:59.485447,0.69,12.08,-72.87,0,1
2026-03-06 21:11:04.485447,0.87,8.9,-10.37,0,1
2026-03-06 21:11:09.485447,0.64,6.39,83.58,0,1
2026-03-06 21:11:14.485447,1.35,16.26,16.81,0,1
2026-03-06 21:11:19.485447,0.96,23.09,-5.33,0,1
2026-03-06 21:11:24.485447,2.94,11.71,-99.23,0,1
2026-03-06 21:11:29.485447,0.22,6.83,-7.26,0,1
2026-03-06 21:11:34.485447,2.93,12.2,65.01,1,1
2026-03-06 21:11:39.485447,1.97,19.03,-54.16,0,1
2026-03-06 21:11:44.485447,0.02,12.44,67.32,0,1
2026-03-06 21:11:49.485447,2.99,18.84,81.86,0,1
2026-03-06 21:11:54.485447,1.92,15.69,7.61,0,1
2026-03-06 21:11:59.485447,1.07,9.53,-4.51,0,1
2026-03-06 21:12:04.485447,1.14,5.83,-56.02,0,1
2026-03-06 21:12:09.485447,2.68,7.98,-124.49,0,1
2026-03-06 21:12:14.485447,2.81,11.44,-75.15,0,1
2026-03-06 21:12:19.485447,0.21,23.28,-15.28,1,1
2026-03-06 21:12:24.485447,0.78,18.34,107.44,0,1
2026-03-06 21:12:29.485447,0.68,6.94,57.98,0,1
2026-03-06 21:12:34.485447,0.65,16.33,-7.14,0,1
2026-03-06 21:12:39.485447,0.23,21.14,-84.2,0,1
2026-03-06 21:12:44.485447,0.5,24.48,-71.4,0,1
2026-03-06 21:12:49.485447,1.09,19.57,79.64,0,1
2026-03-06 21:12:54.485447,1.12,20.84,115.3,0,1
2026-03-06 21:12:59.485447,2.53,16.69,-37.2,0,1
2026-03-06 21:13:04.485447,1.52,19.65,99.75,0,1
2026-03-06 21:13:09.485447,0.27,18.24,-38.6,1,1
2026-03-06 21:13:14.485447,1.45,5.26,31.26,0,1
2026-03-06 21:13:19.485447,1.98,15.52,8.73,0,1
2026-03-06 21:13:24.485447,1.66,11.24,-56.72,0,1
2026-03-06 21:13:29.485447,1.02,18.1,-5.3,0,1
2026-03-06 21:13:34.485447,0.41,21.12,75.74,0,1
2026-03-06 21:13:39.485447,2.96,9.46,-112.46,0,1
2026-03-06 21:13:44.485447,0.44,17.25,-72.06,0,1
2026-03-06 21:13:49.485447,2.75,23.34,-10.89,0,1
2026-03-06 21:13:54.485447,0.54,19.14,110.65,0,1
2026-03-06 21:13:59.485447,1.26,10.95,22.42,0,1
2026-03-06 21:14:04.485447,2.44,21.86,40.58,0,1
2026-03-06 21:14:09.485447,1.74,7.67,101.07,0,1
2026-03-06 21:14:14.485447,0.43,18.08,34.34,0,1
2026-03-06 21:14:19.485447,1.91,6.67,59.92,0,1
2026-03-06 21:14:24.485447,1.0,19.79,50.83,0,1
2026-03-06 21:14:29.485447,1.8,13.59,-105.6,0,1
2026-03-06 21:14:34.485447,0.29,15.61,-59.53,0,1
2026-03-06 21:14:39.485447,0.39,9.06,43.98,0,1
2026-03-06 21:14:44.485447,1.69,8.39,-65.74,0,1
2026-03-06 21:14:49.485447,1.94,19.19,-42.73,0,1
2026-03-06 21:14:54.485447,0.98,7.32,-75.53,0,1
2026-03-06 21:14:59.485447,0.15,23.72,84.83,0,1
2026-03-06 21:15:04.485447,2.58,22.38,-9.55,0,1
2026-03-06 21:15:09.485447,2.85,22.64,54.11,0,1
2026-03-06 21:15:14.485447,0.72,15.67,26.52,0,1
2026-03-06 21:15:19.485447,2.88,16.07,0.02,0,1
2026-03-06 21:15:24.485447,1.96,19.76,40.69,0,1
2026-03-06 21:15:29.485447,1.68,16.56,-108.73,1,1
2026-03-06 21:15:34.485447,1.35,18.08,118.77,0,1
2026-03-06 21:15:39.485447,2.27,10.86,44.89,1,1
2026-03-06 21:15:44.485447,0.8,7.96,30.92,0,0
2026-03-06 21:15:49.485447,1.0,21.07,-36.47,0,1
2026-03-06 21:15:54.485447,1.67,14.2,-90.01,0,1
2026-03-06 21:15:59.485447,1.06,21.33,-0.99,0,1
2026-03-06 21:16:04.485447,1.79,19.3,62.44,0,1
2026-03-06 21:16:09.485447,0.92,18.39,93.66,0,1
2026-03-06 21:16:14.485447,0.25,14.1,-79.1,1,1
2026-03-06 21:16:19.485447,1.4,13.21,0.58,0,1
2026-03-06 21:16:24.485447,0.4,16.26,-91.23,0,1
2026-03-06 21:16:29.485447,2.54,23.68,100.01,0,1
2026-03-06 21:16:34.485447,1.01,18.56,27.15,0,1
2026-03-06 21:16:39.485447,0.73,23.9,-101.56,1,1
2026-03-06 21:16:44.485447,0.79,11.93,80.52,0,1
2026-03-06 21:16:49.485447,1.0,7.75,93.71,0,1
2026-03-06 21:16:54.485447,2.36,9.75,-111.78,0,1
2026-03-06 21:16:59.485447,2.29,21.36,42.9,0,1
2026-03-06 21:17:04.485447,2.9,17.63,118.06,0,1
2026-03-06 21:17:09.485447,0.36,17.19,-103.99,0,1
2026-03-06 21:17:14.485447,0.06,20.1,77.99,0,1
2026-03-06 21:17:19.485447,0.52,22.0,-13.56,0,1
2026-03-06 21:17:24.485447,1.69,10.94,-115.8,0,1
2026-03-06 21:17:29.485447,2.34,7.99,-48.62,0,1
2026-03-06 21:17:34.485447,1.28,22.34,55.89,1,1
2026-03-06 21:17:39.485447,2.82,16.59,70.97,1,1
2026-03-06 21:17:44.485447,1.3,13.85,-44.13,0,1
2026-03-06 21:17:49.485447,2.2,17.69,77.54,0,1
2026-03-06 21:17:54.485447,2.66,20.12,123.57,0,1
2026-03-06 21:17:59.485447,1.77,19.42,-22.96,0,1
2026-03-06 21:18:04.485447,0.12,14.21,-110.32,0,1
2026-03-06 21:18:09.485447,2.93,15.82,62.34,0,1
2026-03-06 21:18:14.485447,0.55,20.15,-83.2,0,1
2026-03-06 21:18:19.485447,0.33,23.73,-8.35,0,1
2026-03-06 21:18:24.485447,1.23,6.29,24.1,0,1
2026-03-06 21:18:29.485447,1.84,24.4,-78.94,0,1
2026-03-06 21:18:34.485447,2.3,21.56,-71.0,0,1
2026-03-06 21:18:39.485447,2.93,24.33,-33.44,1,1
2026-03-06 21:18:44.485447,0.38,9.5,27.96,0,1
2026-03-06 21:18:49.485447,1.79,5.6,84.29,1,1
2026-03-06 21:18:54.485447,1.87,12.86,-124.86,0,1
2026-03-06 21:18:59.485447,2.65,13.69,-40.09,0,1
2026-03-06 21:19:04.485447,2.7,24.01,-39.27,0,1
2026-03-06 21:19:09.485447,2.95,18.11,22.65,0,1
2026-03-06 21:19:14.485447,2.82,23.36,84.32,0,1
2026-03-06 21:19:19.485447,2.83,15.09,20.58,0,1
2026-03-06 21:19:24.485447,1.01,11.1,119.53,1,1
2026-03-06 21:19:29.485447,0.72,20.62,88.6,0,1
2026-03-06 21:19:34.485447,1.23,18.39,-60.45,0,1
2026-03-06 21:19:39.485447,0.19,6.63,-9.83,0,1
2026-03-06 21:19:44.485447,1.68,13.68,25.76,0,1
2026-03-06 21:19:49.485447,1.63,24.04,121.7,0,1
2026-03-06 21:19:54.485447,2.77,12.42,-109.14,1,1
2026-03-06 21:19:59.485447,2.72,20.69,26.61,0,1
2026-03-06 21:20:04.485447,0.2,14.84,-21.11,0,1
2026-03-06 21:20:09.485447,0.2,18.61,60.85,0,1
2026-03-06 21:20:14.485447,1.73,18.8,92.7,0,1
2026-03-06 21:20:19.485447,2.08,8.86,-108.89,0,1
2026-03-06 21:20:24.485447,2.17,10.46,-2.86,0,1
2026-03-06 21:20:29.485447,2.5,13.35,-124.61,0,1
2026-03-06 21:20:34.485447,1.14,11.76,2.36,0,1
2026-03-06 21:20:39.485447,0.95,21.89,82.4,0,1
2026-03-06 21:20:44.485447,0.29,23.01,91.91,0,1
2026-03-06 21:20:49.485447,0.7,11.39,-51.22,0,1
2026-03-06 21:20:54.485447,1.58,9.2,-17.95,0,1
2026-03-06 21:20:59.485447,0.87,15.5,-101.63,0,1
2026-03-06 21:21:04.485447,1.59,13.02,-57.43,0,1
2026-03-06 21:21:09.485447,1.99,8.76,75.32,1,1
2026-03-06 21:21:14.485447,2.27,11.88,-55.86,0,1
2026-03-06 21:21:19.485447,1.53,6.88,102.42,0,1
2026-03-06 21:21:24.485447,1.47,13.52,-12.36,0,1
2026-03-06 21:21:29.485447,2.62,8.81,-69.43,0,1
2026-03-06 21:21:34.485447,2.95,13.13,-17.46,0,1
2026-03-06 21:21:39.485447,1.98,5.38,79.71,0,1
2026-03-06 21:21:44.485447,1.23,24.85,-30.25,0,1
2026-03-06 21:21:49.485447,0.6,16.39,-68.74,0,1
2026-03-06 21:21:54.485447,2.8,24.96,-36.74,0,1
2026-03-06 21:21:59.485447,0.67,23.2,76.17,0,1
2026-03-06 21:22:04.485447,1.39,20.43,-98.78,0,1
2026-03-06 21:22:09.485447,1.33,9.02,-56.79,0,1
2026-03-06 21:22:14.485447,1.34,23.57,-55.39,0,1
2026-03-06 21:22:19.485447,2.14,9.34,-31.99,0,1
2026-03-06 21:22:24.485447,2.25,12.64,-16.14,0,1
2026-03-06 21:22:29.485447,2.98,11.1,-51.24,1,1
2026-03-06 21:22:34.485447,2.2,10.55,0.91,0,1
2026-03-06 21:22:39.485447,0.09,24.17,-4.17,0,1
2026-03-06 21:22:44.485447,1.92,15.59,-18.99,0,1
2026-03-06 21:22:49.485447,2.98,20.95,-69.26,0,1
2026-03-06 21:22:54.485447,1.85,22.51,9.76,0,1
2026-03-06 21:22:59.485447,0.3,13.24,-82.72,0,1
2026-03-06 21:23:04.485447,2.55,11.05,-67.16,1,1
