timestamp,motor_current,motor_voltage,motor_temp,motor_vibration,motor_fault,fan_current,fan_voltage,fan_temp,fan_vibration,fan_fault,bulb_current,bulb_voltage,bulb_temp,bulb_fault
2026-03-05 18:07:53.489648,2,87,41,2,0,1,14,30,1,0,0,8,35,0
2026-03-05 18:07:58.489648,1,74,41,2,0,1,17,30,1,0,0,12,36,0
2026-03-05 18:08:03.489648,2,66,42,2,0,0,22,30,1,0,1,8,36,0
2026-03-05 18:08:08.489648,1,69,42,2,0,1,22,30,2,0,0,11,37,0
2026-03-05 18:08:13.489648,1,70,43,3,0,1,17,31,2,0,1,9,37,0
2026-03-05 18:08:18.489648,2,92,44,1,0,1,17,31,1,0,1,12,37,0
2026-03-05 18:08:23.489648,2,106,44,1,0,1,24,31,1,0,0,8,37,0
2026-03-05 18:08:28.489648,1,84,44,1,0,1,11,31,1,0,0,6,37,0
2026-03-05 18:08:33.489648,1,80,44,3,0,1,21,31,1,0,0,8,38,0
2026-03-05 18:08:38.489648,2,118,44,1,0,1,23,31,2,0,1,7,38,0
2026-03-05 18:08:43.489648,1,83,45,1,0,1,23,31,1,0,0,8,38,0
2026-03-05 18:08:48.489648,2,97,45,3,0,1,22,32,1,0,0,10,38,0
2026-03-05 18:08:53.489648,2,105,46,2,0,1,18,32,1,0,0,12,38,0
2026-03-05 18:08:58.489648,2,113,47,2,0,1,18,33,2,0,1,9,38,0
2026-03-05 18:09:03.489648,2,84,48,2,0,1,14,33,1,0,1,6,39,0
2026-03-05 18:09:08.489648,1,113,48,3,0,1,15,33,1,0,1,8,39,0
2026-03-05 18:09:13.489648,1,73,49,2,0,1,21,34,1,0,1,10,39,0
2026-03-05 18:09:18.489648,1,103,50,3,0,0,15,35,1,0,0,10,39,0
2026-03-05 18:09:23.489648,1,77,50,2,0,1,21,35,1,0,0,9,40,0
2026-03-05 18:09:28.489648,2,113,51,3,0,0,19,36,1,0,0,12,40,0
2026-03-05 18:09:33.489648,1,70,51,3,0,1,15,37,2,0,0,6,40,0
2026-03-05 18:09:38.489648,1,102,51,1,0,0,11,37,1,0,1,10,41,0
2026-03-05 18:09:43.489648,1,69,52,3,0,1,17,37,1,0,0,8,41,0
2026-03-05 18:09:48.489648,2,100,52,2,0,1,15,37,1,0,0,11,41,0
2026-03-05 18:09:53.489648,1,76,52,3,0,1,22,37,1,0,1,6,41,0
2026-03-05 18:09:58.489648,1,82,53,1,0,0,16,38,1,0,1,6,42,0
2026-03-05 18:10:03.489648,2,86,53,3,0,1,13,39,2,0,0,9,42,0
2026-03-05 18:10:08.489648,2,62,53,2,0,1,17,39,1,0,0,10,42,0
2026-03-05 18:10:13.489648,1,92,54,2,0,1,23,39,1,0,1,11,42,0
2026-03-05 18:10:18.489648,1,78,55,2,0,1,24,40,1,0,0,10,42,0
2026-03-05 18:10:23.489648,1,93,55,2,0,1,12,40,1,0,0,11,42,0
2026-03-05 18:10:28.489648,1,97,56,1,0,1,16,40,1,0,0,5,42,0
2026-03-05 18:10:33.489648,1,80,56,3,0,1,13,41,2,0,0,11,42,0
2026-03-05 18:10:38.489648,2,77,56,3,0,0,21,42,1,0,1,7,42,0
2026-03-05 18:10:43.489648,1,101,56,2,0,1,23,42,2,0,1,11,42,0
2026-03-05 18:10:48.489648,2,62,56,1,0,1,23,42,1,0,0,7,42,0
2026-03-05 18:10:53.489648,1,62,57,1,0,1,18,43,1,0,1,8,42,0
2026-03-05 18:10:58.489648,1,109,58,1,0,1,16,44,1,0,0,8,42,0
2026-03-05 18:11:03.489648,2,89,59,2,0,1,20,44,1,0,0,12,42,0
2026-03-05 18:11:08.489648,2,61,60,2,0,0,18,45,1,0,0,9,43,0
2026-03-05 18:11:13.489648,2,63,60,2,0,0,15,45,2,0,0,12,43,0
2026-03-05 18:11:18.489648,1,75,60,1,0,1,10,45,1,0,0,7,44,0
2026-03-05 18:11:23.489648,1,110,60,3,0,1,16,45,1,0,0,7,44,0
2026-03-05 18:11:28.489648,2,102,61,2,0,1,13,45,1,0,0,6,44,0
2026-03-05 18:11:33.489648,1,120,61,1,0,1,11,45,1,0,1,6,44,0
2026-03-05 18:11:38.489648,2,63,62,3,0,0,24,46,1,0,0,9,44,0
2026-03-05 18:11:43.489648,2,96,63,2,0,1,13,46,2,0,0,9,44,0
2026-03-05 18:11:48.489648,1,73,64,2,0,0,19,46,2,0,1,10,44,0
2026-03-05 18:11:53.489648,2,103,64,2,0,0,14,46,2,0,1,8,44,0
2026-03-05 18:11:58.489648,1,90,64,2,0,1,14,46,1,0,0,7,44,0
2026-03-05 18:12:03.489648,2,109,64,3,0,1,19,46,2,0,1,5,44,0
2026-03-05 18:12:08.489648,1,111,65,2,0,0,12,46,1,0,0,6,44,0
2026-03-05 18:12:13.489648,1,79,66,1,0,1,21,46,1,0,1,8,44,0
2026-03-05 18:12:18.489648,1,69,67,2,0,1,13,46,1,0,0,7,44,0
2026-03-05 18:12:23.489648,1,102,68,3,0,0,15,46,1,0,1,11,44,0
2026-03-05 18:12:28.489648,2,97,68,1,0,1,11,46,2,0,0,7,44,0
2026-03-05 18:12:33.489648,1,72,68,1,0,0,22,46,1,0,1,12,44,0
2026-03-05 18:12:38.489648,1,107,68,3,0,1,10,46,1,0,1,6,44,0
2026-03-05 18:12:43.489648,2,86,68,3,0,1,11,47,1,0,1,5,44,0
2026-03-05 18:12:48.489648,1,94,68,2,0,1,12,47,2,0,0,11,44,0
2026-03-05 18:12:53.489648,1,83,69,2,0,1,18,47,1,0,0,11,44,0
2026-03-05 18:12:58.489648,1,63,69,2,0,1,19,48,2,0,0,10,44,0
2026-03-05 18:13:03.489648,1,96,69,3,0,0,14,49,2,0,1,11,44,0
2026-03-05 18:13:08.489648,1,90,70,2,0,1,13,50,2,0,1,10,44,0
2026-03-05 18:13:13.489648,1,62,70,1,0,1,21,51,2,0,0,10,44,0
2026-03-05 18:13:18.489648,1,89,70,1,0,1,19,51,1,0,1,8,44,0
2026-03-05 18:13:23.489648,2,78,71,2,0,1,15,51,1,0,0,10,44,0
2026-03-05 18:13:28.489648,1,110,72,2,0,1,21,52,2,0,0,8,44,0
2026-03-05 18:13:33.489648,1,90,73,2,0,1,13,52,1,0,0,10,44,0
2026-03-05 18:13:38.489648,2,85,73,2,0,0,19,52,2,0,1,7,44,0
2026-03-05 18:13:43.489648,2,69,73,2,0,1,23,52,1,0,0,9,44,0
2026-03-05 18:13:48.489648,2,108,74,2,0,1,17,52,1,0,0,7,44,0
2026-03-05 18:13:53.489648,1,79,74,1,0,0,20,52,2,0,1,10,44,0
2026-03-05 18:13:58.489648,2,74,74,2,0,1,21,53,2,0,0,7,44,0
2026-03-05 18:14:03.489648,1,79,74,2,0,1,13,53,1,0,0,8,44,0
2026-03-05 18:14:08.489648,1,89,74,1,0,0,20,53,2,0,0,8,44,0
2026-03-05 18:14:13.489648,1,62,75,2,0,1,21,53,1,0,1,6,44,0
2026-03-05 18:14:18.489648,2,80,75,2,0,1,13,53,2,0,0,12,44,0
2026-03-05 18:14:23.489648,2,115,76,1,0,1,21,54,2,0,1,10,45,0
2026-03-05 18:14:28.489648,2,85,76,2,0,1,20,55,1,0,0,10,45,0
2026-03-05 18:14:33.489648,2,119,76,1,0,0,17,56,1,1,0,6,45,0
2026-03-05 18:14:38.489648,1,94,77,1,0,0,19,56,1,1,1,10,46,0
2026-03-05 18:14:43.489648,1,110,77,3,0,1,13,56,2,1,1,8,46,0
2026-03-05 18:14:48.489648,2,82,77,2,0,1,16,56,1,1,0,12,46,0
2026-03-05 18:14:53.489648,2,119,77,3,0,0,19,57,1,1,1,5,46,0
2026-03-05 18:14:58.489648,2,85,77,1,0,1,20,58,1,1,0,11,46,0
2026-03-05 18:15:03.489648,2,62,78,3,0,1,12,58,1,1,0,9,47,0
2026-03-05 18:15:08.489648,1,102,79,3,0,0,17,59,1,1,0,10,48,0
2026-03-05 18:15:13.489648,1,87,79,2,0,1,22,59,1,1,1,9,48,0
2026-03-05 18:15:18.489648,1,80,79,2,0,1,11,60,2,1,0,12,48,0
2026-03-05 18:15:23.489648,1,101,80,3,0,1,14,60,1,1,0,8,48,0
2026-03-05 18:15:28.489648,2,108,80,3,0,0,11,61,1,1,0,6,49,0
2026-03-05 18:15:33.489648,1,111,81,2,0,1,16,62,1,1,0,10,49,0
2026-03-05 18:15:38.489648,1,106,82,3,0,0,21,62,1,1,1,6,49,0
2026-03-05 18:15:43.489648,2,71,83,3,0,0,16,62,1,1,0,11,49,0
2026-03-05 18:15:48.489648,2,66,84,2,0,0,13,62,2,1,1,11,49,0
2026-03-05 18:15:53.489648,1,72,84,1,0,1,16,62,2,1,1,7,49,0
2026-03-05 18:15:58.489648,1,81,85,3,0,1,10,62,2,1,1,9,50,0
2026-03-05 18:16:03.489648,1,88,85,2,0,1,15,62,1,1,0,6,50,0
2026-03-05 18:16:08.489648,1,76,86,3,1,1,23,63,2,1,0,11,50,0
2026-03-05 18:16:13.489648,1,93,87,2,1,1,17,64,1,1,0,10,50,0
2026-03-05 18:16:18.489648,1,109,87,3,1,1,22,64,1,1,0,10,50,0
2026-03-05 18:16:23.489648,1,101,87,3,1,1,15,64,2,1,0,10,50,0
2026-03-05 18:16:28.489648,1,71,87,3,1,1,21,64,2,1,0,7,50,0
2026-03-05 18:16:33.489648,2,83,87,3,1,1,23,64,1,1,1,12,51,0
2026-03-05 18:16:38.489648,2,87,87,1,1,0,22,65,1,1,0,9,51,0
2026-03-05 18:16:43.489648,2,68,87,2,1,1,17,65,1,1,0,11,51,0
2026-03-05 18:16:48.489648,2,101,87,2,1,1,19,65,1,1,1,8,51,0
2026-03-05 18:16:53.489648,2,98,88,2,1,1,14,65,1,1,0,9,51,0
2026-03-05 18:16:58.489648,1,93,89,2,1,1,12,65,2,1,0,9,51,0
2026-03-05 18:17:03.489648,1,119,89,3,1,1,13,65,1,1,0,8,51,0
2026-03-05 18:17:08.489648,1,82,89,3,1,1,12,66,1,1,1,7,51,0
2026-03-05 18:17:13.489648,1,120,90,1,1,1,21,66,2,1,0,9,52,0
2026-03-05 18:17:18.489648,1,109,90,3,1,1,23,67,1,1,1,10,52,0
2026-03-05 18:17:23.489648,1,62,90,2,1,1,10,67,2,1,1,9,52,0
2026-03-05 18:17:28.489648,2,79,90,1,1,1,15,67,2,1,0,9,52,0
2026-03-05 18:17:33.489648,2,82,91,2,1,1,23,67,2,1,1,6,52,0
2026-03-05 18:17:38.489648,1,61,91,2,1,1,13,67,2,1,1,7,52,0
2026-03-05 18:17:43.489648,1,71,91,2,1,1,13,67,1,1,0,11,52,0
2026-03-05 18:17:48.489648,2,83,92,3,1,1,21,67,1,1,0,10,52,0
2026-03-05 18:17:53.489648,1,99,92,2,1,1,13,67,1,1,0,12,52,0
2026-03-05 18:17:58.489648,1,95,93,3,1,1,19,68,2,1,1,10,52,0
2026-03-05 18:18:03.489648,2,116,94,3,1,1,11,68,1,1,0,10,52,0
2026-03-05 18:18:08.489648,1,82,94,3,1,1,11,68,1,1,0,9,52,0
2026-03-05 18:18:13.489648,1,66,94,2,1,1,15,68,1,1,1,8,52,0
2026-03-05 18:18:18.489648,1,74,94,3,1,1,21,68,1,1,0,10,52,0
2026-03-05 18:18:23.489648,1,75,95,3,1,1,14,68,2,1,0,11,52,0
2026-03-05 18:18:28.489648,1,65,95,2,1,1,16,68,1,1,1,9,52,0
2026-03-05 18:18:33.489648,1,63,95,2,1,1,23,68,1,1,0,12,52,0
2026-03-05 18:18:38.489648,1,88,96,2,1,1,21,69,2,1,0,11,52,0
2026-03-05 18:18:43.489648,1,106,96,2,1,0,21,69,2,1,1,10,52,0
2026-03-05 18:18:48.489648,2,111,96,3,1,0,21,69,1,1,0,11,52,0
2026-03-05 18:18:53.489648,1,99,96,3,1,1,16,69,1,1,1,8,52,0
2026-03-05 18:18:58.489648,1,87,97,2,1,0,16,69,2,1,1,12,52,0
2026-03-05 18:19:03.489648,2,111,98,3,1,1,15,69,1,1,0,10,53,0
2026-03-05 18:19:08.489648,1,117,98,2,1,1,23,69,1,1,0,8,53,0
2026-03-05 18:19:13.489648,1,118,98,2,1,1,18,70,1,1,0,9,53,0
2026-03-05 18:19:18.489648,1,99,98,3,1,1,19,70,1,1,0,10,53,0
2026-03-05 18:19:23.489648,1,72,98,2,1,1,11,70,1,1,1,8,53,0
2026-03-05 18:19:28.489648,1,71,98,2,1,1,19,70,1,1,0,11,53,0
2026-03-05 18:19:33.489648,1,76,99,3,1,1,16,70,2,1,1,10,53,0
2026-03-05 18:19:38.489648,1,111,100,3,1,1,23,70,1,1,0,7,53,0
2026-03-05 18:19:43.489648,2,105,100,2,1,1,16,71,2,1,0,7,53,0
2026-03-05 18:19:48.489648,2,103,101,2,1,1,14,71,2,1,1,6,53,0
2026-03-05 18:19:53.489648,2,73,101,2,1,1,23,71,1,1,0,6,53,0
2026-03-05 18:19:58.489648,2,62,101,2,1,0,20,72,2,1,0,7,53,0
2026-03-05 18:20:03.489648,1,91,101,2,1,1,15,72,2,1,0,5,53,0
2026-03-05 18:20:08.489648,1,80,102,2,1,0,22,73,2,1,0,7,53,0
2026-03-05 18:20:13.489648,1,96,103,2,1,0,16,73,1,1,0,7,53,0
2026-03-05 18:20:18.489648,1,102,103,3,1,1,10,73,1,1,0,10,53,0
2026-03-05 18:20:23.489648,1,97,104,2,1,1,12,73,2,1,1,6,53,0
2026-03-05 18:20:28.489648,2,104,105,2,1,1,15,73,1,1,0,10,54,0
2026-03-05 18:20:33.489648,1,63,106,2,1,0,16,73,2,1,0,8,55,0
2026-03-05 18:20:38.489648,1,89,106,3,1,1,20,74,2,1,1,9,55,0
2026-03-05 18:20:43.489648,2,61,106,2,1,1,17,74,1,1,0,12,55,0
2026-03-05 18:20:48.489648,1,68,107,2,1,1,14,74,2,1,0,7,55,0
2026-03-05 18:20:53.489648,2,81,107,3,1,0,23,74,2,1,0,8,55,0
2026-03-05 18:20:58.489648,2,68,107,2,1,1,13,75,1,1,1,5,56,0
2026-03-05 18:21:03.489648,1,120,107,2,1,1,10,75,1,1,1,5,56,0
2026-03-05 18:21:08.489648,1,62,108,3,1,1,15,75,2,1,0,10,56,0
2026-03-05 18:21:13.489648,1,107,109,3,1,1,21,76,2,1,1,12,56,0
2026-03-05 18:21:18.489648,1,69,110,3,1,0,11,76,2,1,0,12,56,0
2026-03-05 18:21:23.489648,1,92,110,3,1,1,20,76,1,1,1,7,57,0
2026-03-05 18:21:28.489648,2,64,111,3,1,1,20,76,1,1,1,9,57,0
2026-03-05 18:21:33.489648,1,75,112,3,1,1,23,77,1,1,0,6,57,0
2026-03-05 18:21:38.489648,1,115,112,2,1,1,21,77,1,1,0,5,57,0
2026-03-05 18:21:43.489648,2,112,112,2,1,1,19,78,1,1,1,6,57,0
2026-03-05 18:21:48.489648,2,102,113,3,1,1,16,79,2,1,1,8,57,0
2026-03-05 18:21:53.489648,1,113,113,2,1,0,11,79,2,1,1,7,57,0
2026-03-05 18:21:58.489648,1,111,113,2,1,1,10,79,2,1,1,11,57,0
2026-03-05 18:22:03.489648,1,98,114,2,1,1,13,79,1,1,0,5,57,0
2026-03-05 18:22:08.489648,1,110,115,2,1,1,12,79,2,1,1,8,57,0
2026-03-05 18:22:13.489648,1,118,115,2,1,1,13,79,1,1,0,7,57,0
2026-03-05 18:22:18.489648,1,70,115,3,1,1,15,79,2,1,0,11,58,0
2026-03-05 18:22:23.489648,1,77,115,3,1,1,17,79,2,1,0,11,58,0
2026-03-05 18:22:28.489648,1,105,115,2,1,0,15,79,2,1,0,11,58,0
2026-03-05 18:22:33.489648,2,78,115,3,1,1,21,79,2,1,0,5,58,0
2026-03-05 18:22:38.489648,1,62,115,3,1,0,11,79,2,1,1,7,58,0
2026-03-05 18:22:43.489648,2,95,116,3,1,1,17,79,2,1,1,10,58,0
2026-03-05 18:22:48.489648,1,72,116,3,1,0,10,79,2,1,0,12,58,0
2026-03-05 18:22:53.489648,2,80,117,2,1,1,15,79,1,1,0,10,59,0
2026-03-05 18:22:58.489648,1,85,118,2,1,1,17,79,1,1,1,9,60,0
2026-03-05 18:23:03.489648,1,117,118,4,1,1,16,79,1,1,0,6,60,0
2026-03-05 18:23:08.489648,2,76,119,3,1,1,16,79,2,1,1,9,60,0
2026-03-05 18:23:13.489648,2,64,120,2,1,1,18,79,1,1,0,6,60,0
2026-03-05 18:23:18.489648,1,103,121,3,1,1,11,79,1,1,0,6,60,0
2026-03-05 18:23:23.489648,1,74,121,4,1,1,23,79,1,1,1,11,60,0
2026-03-05 18:23:28.489648,1,106,122,3,1,1,21,79,1,1,0,6,60,0
2026-03-05 18:23:33.489648,1,112,122,3,1,1,18,79,1,1,0,10,60,0
2026-03-05 18:23:38.489648,1,93,123,3,1,1,13,80,2,1,1,9,60,0
2026-03-05 18:23:43.489648,1,84,123,2,1,1,11,80,1,1,0,11,60,0
2026-03-05 18:23:48.489648,1,96,123,2,1,1,12,81,1,1,0,10,60,0
2026-03-05 18:23:53.489648,1,77,124,4,1,1,22,81,2,1,1,8,61,0
2026-03-05 18:23:58.489648,1,110,124,3,1,0,17,81,1,1,0,6,61,0
2026-03-05 18:24:03.489648,1,70,124,2,1,1,20,81,1,1,1,5,62,0
2026-03-05 18:24:08.489648,1,73,125,3,1,1,11,81,2,1,0,10,63,0
2026-03-05 18:24:13.489648,1,65,125,2,1,1,20,81,1,1,1,9,63,0
2026-03-05 18:24:18.489648,2,105,126,2,1,1,13,81,1,1,1,7,63,0
2026-03-05 18:24:23.489648,1,61,126,3,1,1,15,82,2,1,0,8,63,0
2026-03-05 18:24:28.489648,1,107,127,3,1,1,11,82,2,1,0,9,63,0
2026-03-05 18:24:33.489648,1,92,128,4,1,1,12,82,2,1,0,5,64,0
2026-03-05 18:24:38.489648,2,73,129,3,1,1,17,82,1,1,0,7,65,0
2026-03-05 18:24:43.489648,2,67,129,3,1,1,19,82,2,1,0,12,65,0
2026-03-05 18:24:48.489648,2,72,129,2,1,1,24,82,2,1,0,7,65,0
2026-03-05 18:24:53.489648,2,96,130,3,1,1,11,83,1,1,0,8,65,0
2026-03-05 18:24:58.489648,1,95,130,2,1,1,13,83,1,1,0,12,65,0
2026-03-05 18:25:03.489648,2,108,131,2,1,1,22,83,2,1,0,10,65,0
2026-03-05 18:25:08.489648,2,107,131,2,1,0,24,83,1,1,0,9,65,0
2026-03-05 18:25:13.489648,1,100,131,3,1,1,12,84,2,1,0,7,65,0
2026-03-05 18:25:18.489648,2,76,131,3,1,0,18,84,1,1,0,11,65,0
2026-03-05 18:25:23.489648,2,113,131,3,1,1,16,84,1,1,1,10,65,0
2026-03-05 18:25:28.489648,2,119,131,2,1,1,11,84,1,1,0,10,65,0
2026-03-05 18:25:33.489648,1,77,131,4,1,1,15,84,2,1,0,12,66,0
2026-03-05 18:25:38.489648,1,69,132,3,1,0,11,84,2,1,0,7,66,0
2026-03-05 18:25:43.489648,2,115,133,3,1,1,17,84,2,1,0,12,66,0
2026-03-05 18:25:48.489648,1,110,133,3,1,1,19,84,1,1,0,6,66,0
2026-03-05 18:25:53.489648,1,108,133,3,1,1,15,84,2,1,1,11,66,0
2026-03-05 18:25:58.489648,2,89,133,3,1,1,13,84,1,1,0,12,67,0
2026-03-05 18:26:03.489648,1,71,133,3,1,0,18,85,1,1,0,11,67,0
2026-03-05 18:26:08.489648,1,111,133,3,1,0,15,85,1,1,0,8,67,0
2026-03-05 18:26:13.489648,1,83,134,3,1,1,13,85,2,1,0,8,68,0
2026-03-05 18:26:18.489648,2,100,135,4,1,1,15,85,2,1,1,6,68,0
2026-03-05 18:26:23.489648,1,104,135,3,1,0,23,85,1,1,0,10,68,0
2026-03-05 18:26:28.489648,1,118,135,3,1,1,20,85,1,1,1,11,68,0
2026-03-05 18:26:33.489648,1,79,136,2,1,1,15,85,2,1,0,9,68,0
2026-03-05 18:26:38.489648,2,112,136,3,1,1,14,85,1,1,1,12,69,0
2026-03-05 18:26:43.489648,2,84,136,3,1,1,21,85,2,1,0,12,70,0
2026-03-05 18:26:48.489648,2,112,136,3,1,1,23,85,2,1,1,7,70,0
2026-03-05 18:26:53.489648,2,98,136,2,1,1,20,85,2,1,1,11,70,0
2026-03-05 18:26:58.489648,2,90,136,3,1,1,16,85,1,1,1,5,70,0
2026-03-05 18:27:03.489648,1,63,136,3,1,1,15,85,1,1,0,8,70,0
2026-03-05 18:27:08.489648,1,109,136,4,1,0,21,85,2,1,1,5,70,0
2026-03-05 18:27:13.489648,1,102,136,2,1,0,19,85,2,1,1,7,70,0
2026-03-05 18:27:18.489648,2,100,136,3,1,1,23,85,2,1,0,5,70,0
2026-03-05 18:27:23.489648,2,100,137,3,1,0,20,85,2,1,0,11,70,0
2026-03-05 18:27:28.489648,1,118,137,2,1,1,12,85,1,1,1,5,70,0
2026-03-05 18:27:33.489648,1,72,138,3,1,1,21,85,2,1,0,9,70,0
2026-03-05 18:27:38.489648,1,61,139,3,1,1,13,85,2,1,0,6,70,0
2026-03-05 18:27:43.489648,1,98,139,4,1,1,17,86,2,1,1,6,71,0
2026-03-05 18:27:48.489648,1,62,139,3,1,1,22,86,2,1,0,11,71,0
2026-03-05 18:27:53.489648,1,94,140,3,1,1,22,86,2,1,1,6,71,0
2026-03-05 18:27:58.489648,2,101,141,2,1,1,12,86,1,1,0,8,71,0
2026-03-05 18:28:03.489648,1,87,142,3,1,1,19,87,1,1,0,11,71,0
2026-03-05 18:28:08.489648,1,119,143,2,1,1,18,87,1,1,0,9,71,0
2026-03-05 18:28:13.489648,1,66,143,2,1,0,23,87,2,1,0,10,71,0
2026-03-05 18:28:18.489648,2,105,143,3,1,1,14,87,1,1,0,11,71,0
2026-03-05 18:28:23.489648,1,117,143,3,1,0,14,87,2,1,0,6,71,0
2026-03-05 18:28:28.489648,1,96,144,4,1,1,12,87,1,1,0,11,71,0
2026-03-05 18:28:33.489648,2,79,145,3,1,0,12,87,2,1,1,6,71,0
2026-03-05 18:28:38.489648,2,110,145,4,1,1,19,88,1,1,0,9,71,0
2026-03-05 18:28:43.489648,2,99,145,3,1,0,16,88,2,1,1,8,71,0
2026-03-05 18:28:48.489648,1,109,145,3,1,1,12,89,2,1,1,11,71,0
2026-03-05 18:28:53.489648,1,66,146,2,1,1,19,89,1,1,1,6,71,0
2026-03-05 18:28:58.489648,1,78,146,4,1,0,12,89,2,1,0,7,71,0
2026-03-05 18:29:03.489648,1,63,146,3,1,1,11,90,1,1,0,5,71,0
2026-03-05 18:29:08.489648,2,68,146,4,1,1,16,90,2,1,1,6,71,0
2026-03-05 18:29:13.489648,1,96,146,2,1,0,11,90,2,1,1,11,71,0
2026-03-05 18:29:18.489648,1,71,146,4,1,1,15,90,2,1,0,9,71,0
2026-03-05 18:29:23.489648,2,104,146,4,1,0,19,90,2,1,0,11,71,0
2026-03-05 18:29:28.489648,1,87,146,3,1,1,22,90,2,1,0,7,71,0
2026-03-05 18:29:33.489648,1,73,146,3,1,0,14,90,2,1,0,8,71,0
2026-03-05 18:29:38.489648,1,67,147,3,1,1,18,90,2,1,1,10,71,0
2026-03-05 18:29:43.489648,2,101,148,3,1,1,16,90,2,1,0,8,72,0
2026-03-05 18:29:48.489648,1,73,148,2,1,0,18,90,1,1,0,10,72,0
2026-03-05 18:29:53.489648,2,77,148,3,1,1,19,90,2,1,0,7,72,0
2026-03-05 18:29:58.489648,2,82,148,4,1,1,12,90,2,1,0,11,72,0
2026-03-05 18:30:03.489648,1,97,148,4,1,1,20,91,2,1,1,6,72,0
2026-03-05 18:30:08.489648,1,96,149,3,1,1,19,91,1,1,0,11,72,0
2026-03-05 18:30:13.489648,2,111,150,2,1,1,21,91,2,1,0,6,72,0
2026-03-05 18:30:18.489648,2,96,151,3,1,1,15,91,2,1,0,7,72,0
2026-03-05 18:30:23.489648,1,66,151,2,1,1,21,91,1,1,0,8,72,0
2026-03-05 18:30:28.489648,1,98,151,4,1,0,15,91,2,1,1,10,72,0
2026-03-05 18:30:33.489648,1,96,151,4,1,1,21,91,1,1,0,6,72,0
2026-03-05 18:30:38.489648,2,96,152,3,1,1,14,91,1,1,0,11,72,0
2026-03-05 18:30:43.489648,2,85,152,3,1,1,22,92,1,1,0,8,73,0
2026-03-05 18:30:48.489648,1,65,152,3,1,1,11,92,2,1,0,8,73,0
2026-03-05 18:30:53.489648,1,82,153,2,1,1,19,92,2,1,0,10,73,0
2026-03-05 18:30:58.489648,1,85,153,4,1,1,14,92,1,1,0,10,74,0
2026-03-05 18:31:03.489648,1,68,153,4,1,1,16,92,1,1,0,8,75,0
2026-03-05 18:31:08.489648,1,97,154,3,1,1,19,92,1,1,0,12,75,0
2026-03-05 18:31:13.489648,1,110,155,2,1,1,16,92,1,1,0,11,75,0
2026-03-05 18:31:18.489648,1,64,155,2,1,1,22,92,1,1,0,7,75,0
2026-03-05 18:31:23.489648,1,109,156,2,1,1,10,93,1,1,0,8,75,0
2026-03-05 18:31:28.489648,2,89,156,3,1,1,15,93,1,1,0,10,75,0
2026-03-05 18:31:33.489648,2,65,157,3,1,1,20,93,2,1,0,9,75,0
2026-03-05 18:31:38.489648,1,102,158,4,1,0,24,93,1,1,0,11,76,0
2026-03-05 18:31:43.489648,2,118,158,3,1,1,16,93,1,1,0,7,76,0
2026-03-05 18:31:48.489648,1,80,158,3,1,0,21,93,2,1,0,10,76,0
2026-03-05 18:31:53.489648,1,98,159,3,1,1,13,94,1,1,0,5,76,0
2026-03-05 18:31:58.489648,2,64,159,3,1,1,13,94,2,1,1,6,76,0
2026-03-05 18:32:03.489648,1,113,160,3,1,1,19,95,2,1,1,11,76,0
2026-03-05 18:32:08.489648,1,61,160,4,1,1,14,95,2,1,1,8,76,0
2026-03-05 18:32:13.489648,2,119,161,4,1,1,17,95,2,1,0,8,77,0
2026-03-05 18:32:18.489648,1,118,162,3,1,1,14,96,2,1,0,9,78,0
2026-03-05 18:32:23.489648,2,61,163,3,1,1,20,96,2,1,0,11,78,0
2026-03-05 18:32:28.489648,2,102,163,3,1,1,19,96,2,1,1,11,78,0
2026-03-05 18:32:33.489648,1,107,163,3,1,1,16,96,2,1,0,9,79,0
2026-03-05 18:32:38.489648,2,101,163,2,1,1,16,96,1,1,0,7,79,0
2026-03-05 18:32:43.489648,2,64,164,3,1,0,17,97,1,1,0,9,79,0
2026-03-05 18:32:48.489648,1,103,165,3,1,0,17,97,2,1,1,7,79,0
2026-03-05 18:32:53.489648,1,105,165,4,1,1,14,98,2,1,0,11,79,0
2026-03-05 18:32:58.489648,1,100,166,4,1,1,11,99,2,1,0,5,79,0
2026-03-05 18:33:03.489648,2,65,166,3,1,1,12,99,1,1,0,7,79,0
2026-03-05 18:33:08.489648,1,63,167,3,1,1,20,99,2,1,1,5,79,0
2026-03-05 18:33:13.489648,1,83,168,3,1,0,18,99,1,1,0,7,79,0
2026-03-05 18:33:18.489648,1,110,168,2,1,0,19,100,2,1,0,8,79,0
2026-03-05 18:33:23.489648,2,106,168,3,1,1,14,100,1,1,1,8,79,0
2026-03-05 18:33:28.489648,2,101,168,4,1,1,19,100,2,1,0,9,79,0
2026-03-05 18:33:33.489648,1,102,169,3,1,1,17,101,2,1,0,9,79,0
2026-03-05 18:33:38.489648,1,69,169,3,1,1,12,101,2,1,0,9,79,0
2026-03-05 18:33:43.489648,1,97,169,3,1,0,18,101,1,1,1,6,79,0
2026-03-05 18:33:48.489648,1,99,169,4,1,1,17,102,2,1,0,7,79,0
2026-03-05 18:33:53.489648,1,112,170,3,1,1,22,102,1,1,0,11,79,0
2026-03-05 18:33:58.489648,1,65,170,3,1,1,23,102,2,1,0,10,79,0
2026-03-05 18:34:03.489648,1,84,171,4,1,0,18,102,2,1,1,8,79,0
2026-03-05 18:34:08.489648,2,112,171,3,1,1,24,102,2,1,0,11,80,0
2026-03-05 18:34:13.489648,1,109,172,4,1,1,23,102,1,1,0,11,80,0
2026-03-05 18:34:18.489648,1,94,172,3,1,1,19,102,2,1,0,11,81,0
2026-03-05 18:34:23.489648,1,110,172,4,1,1,18,102,2,1,0,6,81,0
2026-03-05 18:34:28.489648,2,88,172,4,1,1,12,103,2,1,0,10,81,0
2026-03-05 18:34:33.489648,1,96,173,4,1,0,23,103,1,1,0,11,81,0
2026-03-05 18:34:38.489648,1,94,174,2,1,1,15,103,2,1,0,8,81,0
2026-03-05 18:34:43.489648,1,76,174,4,1,0,19,104,2,1,0,11,81,0
2026-03-05 18:34:48.489648,2,64,175,3,1,1,22,104,2,1,0,5,81,0
2026-03-05 18:34:53.489648,2,86,175,3,1,1,18,105,2,1,0,7,81,0
2026-03-05 18:34:58.489648,2,89,176,3,1,1,22,105,1,1,0,10,82,0
2026-03-05 18:35:03.489648,1,77,176,4,1,1,15,105,2,1,0,11,82,0
2026-03-05 18:35:08.489648,1,97,176,4,1,1,19,105,1,1,0,11,82,0
2026-03-05 18:35:13.489648,1,120,176,4,1,1,13,105,2,1,1,9,82,0
2026-03-05 18:35:18.489648,2,64,177,3,1,0,20,106,1,1,1,6,82,0
2026-03-05 18:35:23.489648,1,115,178,3,1,0,12,106,2,1,0,6,83,0
2026-03-05 18:35:28.489648,1,104,179,4,1,1,18,106,2,1,1,6,83,0
2026-03-05 18:35:33.489648,1,117,179,3,1,1,10,107,2,1,0,6,83,0
2026-03-05 18:35:38.489648,1,102,180,4,1,1,22,108,1,1,0,9,83,0
2026-03-05 18:35:43.489648,1,82,180,4,1,1,18,109,2,1,0,9,83,0
2026-03-05 18:35:48.489648,2,111,181,2,1,1,12,109,1,1,1,10,83,0
2026-03-05 18:35:53.489648,2,119,182,2,1,1,13,110,2,1,1,9,83,0
2026-03-05 18:35:58.489648,1,91,182,3,1,1,18,111,1,1,0,11,83,0
2026-03-05 18:36:03.489648,1,89,183,2,1,1,19,112,2,1,0,5,83,0
2026-03-05 18:36:08.489648,2,92,183,4,1,1,12,112,2,1,0,6,83,0
2026-03-05 18:36:13.489648,2,94,183,4,1,1,11,112,1,1,1,8,83,0
2026-03-05 18:36:18.489648,2,61,184,2,1,1,16,112,1,1,1,8,83,0
2026-03-05 18:36:23.489648,2,63,184,2,1,1,10,112,2,1,0,10,83,0
2026-03-05 18:36:28.489648,1,87,184,3,1,1,14,112,2,1,0,12,83,0
2026-03-05 18:36:33.489648,2,92,185,4,1,1,11,112,1,1,0,7,83,0
2026-03-05 18:36:38.489648,1,90,185,4,1,1,22,112,1,1,0,8,83,0
2026-03-05 18:36:43.489648,1,104,186,3,1,0,23,113,2,1,1,6,83,0
2026-03-05 18:36:48.489648,1,73,186,4,1,1,11,113,1,1,0,6,84,0
2026-03-05 18:36:53.489648,1,86,187,3,1,1,19,113,1,1,0,10,85,0
2026-03-05 18:36:58.489648,1,67,187,2,1,1,12,113,2,1,0,11,86,0
2026-03-05 18:37:03.489648,1,85,187,4,1,0,20,113,1,1,1,11,86,0
2026-03-05 18:37:08.489648,1,96,188,2,1,1,15,114,2,1,1,6,87,0
2026-03-05 18:37:13.489648,2,85,188,4,1,1,13,115,2,1,0,8,87,0
2026-03-05 18:37:18.489648,2,73,189,4,1,1,16,116,2,1,1,7,88,0
2026-03-05 18:37:23.489648,2,102,189,4,1,0,13,116,1,1,0,10,88,0
2026-03-05 18:37:28.489648,1,71,189,4,1,0,13,117,2,1,1,9,88,0
2026-03-05 18:37:33.489648,1,66,190,4,1,1,18,117,2,1,0,9,88,0
2026-03-05 18:37:38.489648,1,73,191,3,1,1,17,117,1,1,1,9,88,0
2026-03-05 18:37:43.489648,2,61,191,2,1,1,20,117,2,1,1,11,88,0
2026-03-05 18:37:48.489648,1,71,191,3,1,1,21,117,1,1,0,6,88,0
2026-03-05 18:37:53.489648,2,110,191,3,1,1,24,118,2,1,1,6,88,0
2026-03-05 18:37:58.489648,1,109,191,4,1,1,18,118,2,1,0,10,88,0
2026-03-05 18:38:03.489648,1,82,192,3,1,1,20,118,2,1,1,10,88,0
2026-03-05 18:38:08.489648,2,85,192,3,1,1,10,118,1,1,1,10,88,0
2026-03-05 18:38:13.489648,1,82,193,3,1,1,11,118,2,1,0,5,88,0
2026-03-05 18:38:18.489648,2,61,193,3,1,0,23,119,2,1,0,9,88,0
2026-03-05 18:38:23.489648,2,61,193,4,1,1,21,119,2,1,1,8,88,0
2026-03-05 18:38:28.489648,1,99,193,4,1,0,17,119,2,1,0,8,88,0
2026-03-05 18:38:33.489648,2,74,194,3,1,1,21,119,2,1,0,7,88,0
2026-03-05 18:38:38.489648,1,62,194,3,1,0,12,119,2,1,0,8,88,0
2026-03-05 18:38:43.489648,2,94,195,4,1,1,21,119,2,1,1,6,88,0
2026-03-05 18:38:48.489648,1,94,196,3,1,1,23,119,2,1,1,9,88,0
2026-03-05 18:38:53.489648,2,118,196,3,1,1,11,120,2,1,0,11,88,0
2026-03-05 18:38:58.489648,2,103,197,4,1,0,14,121,2,1,1,10,88,0
2026-03-05 18:39:03.489648,1,95,197,4,1,1,18,121,2,1,1,10,89,0
2026-03-05 18:39:08.489648,1,111,198,4,1,1,18,122,2,1,0,6,89,0
2026-03-05 18:39:13.489648,1,86,199,4,1,1,23,122,2,1,0,12,89,0
2026-03-05 18:39:18.489648,2,117,199,4,1,1,19,122,2,1,1,7,89,0
2026-03-05 18:39:23.489648,1,107,199,3,1,1,16,122,2,1,1,10,89,0
2026-03-05 18:39:28.489648,1,111,200,4,1,0,22,122,2,1,1,9,89,0
2026-03-05 18:39:33.489648,1,94,201,4,1,0,22,123,2,1,0,12,89,0
2026-03-05 18:39:38.489648,1,75,202,3,1,1,15,123,1,1,0,8,89,0
2026-03-05 18:39:43.489648,1,85,203,3,1,1,17,123,2,1,0,7,89,0
2026-03-05 18:39:48.489648,1,71,203,3,1,1,18,123,1,1,1,8,89,0
2026-03-05 18:39:53.489648,2,103,203,4,1,1,24,123,1,1,0,8,89,0
2026-03-05 18:39:58.489648,1,94,203,4,1,1,21,123,2,1,1,12,89,0
2026-03-05 18:40:03.489648,2,106,204,4,1,0,19,123,3,1,0,9,89,0
2026-03-05 18:40:08.489648,1,117,205,3,1,1,19,123,2,1,0,9,89,0
2026-03-05 18:40:13.489648,1,117,205,3,1,1,16,123,2,1,0,6,89,0
2026-03-05 18:40:18.489648,2,117,205,3,1,0,21,123,1,1,0,12,89,0
2026-03-05 18:40:23.489648,2,100,205,3,1,1,18,124,2,1,0,9,89,0
2026-03-05 18:40:28.489648,2,79,206,4,1,1,21,124,2,1,1,11,89,0
2026-03-05 18:40:33.489648,2,64,206,5,1,1,11,124,1,1,0,10,89,0
2026-03-05 18:40:38.489648,2,94,206,3,1,1,13,125,2,1,0,12,89,0
2026-03-05 18:40:43.489648,2,111,207,4,1,1,17,125,2,1,1,10,89,0
2026-03-05 18:40:48.489648,1,81,207,3,1,0,13,125,2,1,0,11,89,0
2026-03-05 18:40:53.489648,1,89,207,4,1,1,23,126,2,1,0,9,89,0
2026-03-05 18:40:58.489648,2,120,207,4,1,1,19,127,2,1,1,9,89,0
2026-03-05 18:41:03.489648,1,61,207,4,1,1,17,127,1,1,0,7,89,0
2026-03-05 18:41:08.489648,2,80,207,4,1,1,19,127,3,1,0,11,89,0
2026-03-05 18:41:13.489648,1,95,207,4,1,1,23,127,2,1,0,6,89,0
2026-03-05 18:41:18.489648,1,109,207,5,1,1,15,127,2,1,1,6,89,0
2026-03-05 18:41:23.489648,1,105,207,4,1,1,23,128,2,1,0,12,89,0
2026-03-05 18:41:28.489648,2,96,207,4,1,1,20,128,2,1,0,9,89,0
2026-03-05 18:41:33.489648,1,101,208,4,1,0,23,128,2,1,0,8,89,0
2026-03-05 18:41:38.489648,1,85,209,4,1,1,17,128,2,1,0,8,89,0
2026-03-05 18:41:43.489648,1,97,209,4,1,1,11,128,2,1,0,5,89,0
2026-03-05 18:41:48.489648,2,85,209,3,1,1,17,128,2,1,0,8,89,0
2026-03-05 18:41:53.489648,1,97,210,4,1,0,22,128,2,1,1,6,89,0
2026-03-05 18:41:58.489648,1,103,210,4,1,1,19,129,2,1,0,8,89,0
2026-03-05 18:42:03.489648,2,83,210,4,1,0,11,130,2,1,1,7,89,0
2026-03-05 18:42:08.489648,2,65,211,4,1,1,23,130,2,1,1,12,89,0
2026-03-05 18:42:13.489648,2,90,211,3,1,0,21,130,2,1,0,12,89,0
2026-03-05 18:42:18.489648,1,107,212,4,1,1,10,131,2,1,0,9,89,0
2026-03-05 18:42:23.489648,2,62,213,3,1,1,13,131,2,1,0,9,89,0
2026-03-05 18:42:28.489648,2,76,214,4,1,1,12,131,1,1,1,7,90,0
2026-03-05 18:42:33.489648,1,86,214,5,1,0,19,132,3,1,1,5,91,0
2026-03-05 18:42:38.489648,2,87,214,4,1,1,13,133,2,1,1,6,91,0
2026-03-05 18:42:43.489648,1,101,215,5,1,1,21,133,2,1,0,6,92,0
2026-03-05 18:42:48.489648,1,68,216,4,1,1,11,133,2,1,0,12,92,0
2026-03-05 18:42:53.489648,1,73,216,4,1,1,11,133,2,1,0,5,92,0
2026-03-05 18:42:58.489648,1,115,216,4,1,1,21,133,1,1,0,11,92,0
2026-03-05 18:43:03.489648,2,120,216,3,1,1,11,134,1,1,0,8,92,0
2026-03-05 18:43:08.489648,2,80,216,5,1,1,14,134,2,1,0,12,92,0
2026-03-05 18:43:13.489648,2,64,216,4,1,1,17,134,2,1,0,5,92,0
2026-03-05 18:43:18.489648,1,100,216,3,1,1,15,134,2,1,1,8,93,0
2026-03-05 18:43:23.489648,2,119,216,4,1,1,16,135,2,1,0,5,93,0
2026-03-05 18:43:28.489648,1,76,217,4,1,0,14,135,3,1,0,7,93,0
2026-03-05 18:43:33.489648,2,79,217,4,1,0,14,135,2,1,0,10,93,0
2026-03-05 18:43:38.489648,1,62,218,3,1,1,19,135,2,1,0,5,93,0
2026-03-05 18:43:43.489648,2,68,218,3,1,1,12,136,2,1,1,10,93,0
2026-03-05 18:43:48.489648,2,64,219,4,1,0,20,136,2,1,0,6,93,0
2026-03-05 18:43:53.489648,2,67,220,4,1,1,22,137,2,1,0,7,93,0
2026-03-05 18:43:58.489648,2,92,221,4,1,0,19,137,3,1,0,7,93,0
2026-03-05 18:44:03.489648,1,114,221,3,1,0,19,137,2,1,0,7,93,0
2026-03-05 18:44:08.489648,2,118,221,4,1,1,10,137,2,1,1,6,93,0
2026-03-05 18:44:13.489648,1,87,222,4,1,1,12,137,2,1,1,10,93,0
2026-03-05 18:44:18.489648,2,93,222,4,1,1,22,137,3,1,1,10,93,0
2026-03-05 18:44:23.489648,2,94,223,3,1,1,10,138,2,1,0,6,93,0
2026-03-05 18:44:28.489648,2,89,224,4,1,1,11,138,2,1,1,7,93,0
2026-03-05 18:44:33.489648,2,68,225,4,1,1,11,138,2,1,1,10,93,0
2026-03-05 18:44:38.489648,2,110,225,4,1,1,17,138,2,1,0,7,93,0
2026-03-05 18:44:43.489648,1,90,226,4,1,1,22,138,2,1,0,8,93,0
2026-03-05 18:44:48.489648,1,67,226,4,1,1,10,138,2,1,1,9,93,0
2026-03-05 18:44:53.489648,2,60,227,4,1,1,16,138,3,1,1,5,93,0
2026-03-05 18:44:58.489648,1,97,228,3,1,1,23,139,2,1,1,8,93,0
2026-03-05 18:45:03.489648,1,74,229,3,1,1,23,140,2,1,0,9,93,0
2026-03-05 18:45:08.489648,2,109,229,4,1,1,11,140,1,1,0,8,94,0
2026-03-05 18:45:13.489648,1,85,229,5,1,1,17,140,3,1,0,5,94,0
2026-03-05 18:45:18.489648,1,76,230,4,1,1,18,140,3,1,0,8,94,0
2026-03-05 18:45:23.489648,1,87,230,4,1,1,14,140,2,1,0,6,95,0
2026-03-05 18:45:28.489648,2,60,231,3,1,1,11,140,2,1,0,5,95,0
2026-03-05 18:45:33.489648,1,117,231,3,1,1,11,140,3,1,1,6,95,0
2026-03-05 18:45:38.489648,1,65,232,4,1,1,18,140,2,1,0,6,96,0
2026-03-05 18:45:43.489648,2,70,232,4,1,1,14,141,2,1,0,12,96,0
2026-03-05 18:45:48.489648,1,101,232,3,1,1,12,141,2,1,1,11,96,0
2026-03-05 18:45:53.489648,1,62,232,3,1,1,14,141,2,1,0,6,96,0
2026-03-05 18:45:58.489648,1,116,232,4,1,1,14,141,1,1,0,6,96,0
2026-03-05 18:46:03.489648,1,74,233,4,1,1,17,141,2,1,0,6,96,0
2026-03-05 18:46:08.489648,2,87,233,3,1,1,18,141,2,1,1,6,96,0
2026-03-05 18:46:13.489648,2,68,233,3,1,1,19,141,1,1,1,10,97,0
2026-03-05 18:46:18.489648,2,92,233,4,1,1,16,141,2,1,1,9,97,0
2026-03-05 18:46:23.489648,2,72,234,4,1,1,22,141,2,1,0,7,97,0
2026-03-05 18:46:28.489648,1,84,235,4,1,1,15,142,2,1,0,11,97,0
2026-03-05 18:46:33.489648,1,109,235,4,1,1,23,142,2,1,1,5,97,0
2026-03-05 18:46:38.489648,2,74,235,4,1,1,23,143,2,1,1,9,97,0
2026-03-05 18:46:43.489648,1,100,236,4,1,0,18,144,1,1,1,11,98,0
2026-03-05 18:46:48.489648,1,102,236,4,1,1,17,145,2,1,1,7,98,0
2026-03-05 18:46:53.489648,1,74,236,4,1,0,21,145,2,1,0,9,98,0
2026-03-05 18:46:58.489648,1,64,237,4,1,1,20,145,2,1,0,10,98,0
2026-03-05 18:47:03.489648,1,73,237,4,1,0,18,145,2,1,0,7,98,0
2026-03-05 18:47:08.489648,2,98,237,3,1,1,18,146,2,1,1,8,98,0
2026-03-05 18:47:13.489648,1,119,238,4,1,0,20,146,2,1,0,7,98,0
2026-03-05 18:47:18.489648,1,83,239,4,1,1,20,146,2,1,0,8,98,0
2026-03-05 18:47:23.489648,2,90,240,3,1,1,22,146,2,1,1,11,98,0
2026-03-05 18:47:28.489648,1,63,240,4,1,0,13,146,2,1,0,10,98,0
2026-03-05 18:47:33.489648,2,74,240,3,1,1,17,147,2,1,0,7,98,0
2026-03-05 18:47:38.489648,1,75,241,4,1,0,12,147,3,1,0,10,98,0
2026-03-05 18:47:43.489648,1,119,241,4,1,1,13,148,3,1,0,11,99,0
2026-03-05 18:47:48.489648,1,77,242,3,1,0,24,148,3,1,0,6,99,0
2026-03-05 18:47:53.489648,2,60,242,5,1,1,12,148,3,1,1,10,99,0
2026-03-05 18:47:58.489648,1,70,243,3,1,1,17,148,2,1,1,10,99,0
2026-03-05 18:48:03.489648,1,113,244,3,1,0,12,148,2,1,0,8,99,0
2026-03-05 18:48:08.489648,2,77,244,4,1,1,20,148,2,1,0,9,99,0
2026-03-05 18:48:13.489648,2,79,244,3,1,1,12,149,3,1,0,8,99,0
2026-03-05 18:48:18.489648,1,71,244,4,1,0,22,150,2,1,0,12,99,0
2026-03-05 18:48:23.489648,2,108,244,4,1,1,21,150,3,1,1,6,99,0
2026-03-05 18:48:28.489648,1,65,244,4,1,1,22,150,2,1,1,7,99,0
2026-03-05 18:48:33.489648,1,80,244,5,1,1,18,150,2,1,1,12,99,0
2026-03-05 18:48:38.489648,1,105,244,4,1,1,14,150,2,1,0,11,99,0
2026-03-05 18:48:43.489648,1,112,244,3,1,1,15,150,1,1,0,9,99,0
2026-03-05 18:48:48.489648,1,85,245,4,1,1,18,151,1,1,0,7,99,0
2026-03-05 18:48:53.489648,2,79,246,3,1,0,19,151,2,1,0,6,99,0
2026-03-05 18:48:58.489648,1,94,246,4,1,1,16,151,3,1,1,5,99,0
2026-03-05 18:49:03.489648,1,98,246,3,1,1,19,151,2,1,1,11,99,0
2026-03-05 18:49:08.489648,2,88,246,4,1,1,19,152,2,1,1,9,99,0
2026-03-05 18:49:13.489648,1,91,246,4,1,1,11,152,2,1,1,7,99,0
2026-03-05 18:49:18.489648,2,90,246,3,1,1,17,152,2,1,0,8,100,0
2026-03-05 18:49:23.489648,2,119,246,3,1,1,11,153,2,1,0,12,100,0
2026-03-05 18:49:28.489648,2,64,246,4,1,1,18,153,2,1,0,6,100,0
2026-03-05 18:49:33.489648,1,78,246,4,1,0,15,153,2,1,0,11,100,0
2026-03-05 18:49:38.489648,1,77,246,3,1,1,19,153,3,1,0,9,100,0
2026-03-05 18:49:43.489648,1,110,246,3,1,1,19,153,2,1,1,6,100,0
2026-03-05 18:49:48.489648,2,94,247,5,1,1,22,153,2,1,1,6,100,0
2026-03-05 18:49:53.489648,1,103,248,4,1,1,19,153,2,1,0,6,100,0
2026-03-05 18:49:58.489648,2,93,248,3,1,1,14,153,2,1,0,8,100,0
2026-03-05 18:50:03.489648,1,105,249,4,1,0,19,154,2,1,0,9,100,0
2026-03-05 18:50:08.489648,2,64,249,4,1,1,20,154,3,1,1,5,100,0
2026-03-05 18:50:13.489648,1,60,249,4,1,1,18,155,2,1,0,11,100,0
2026-03-05 18:50:18.489648,2,99,249,5,1,1,10,156,2,1,0,7,100,0
2026-03-05 18:50:23.489648,1,105,249,4,1,0,17,157,2,1,1,11,100,0
2026-03-05 18:50:28.489648,1,78,249,4,1,1,19,157,2,1,0,5,101,0
2026-03-05 18:50:33.489648,2,102,249,3,1,1,15,157,2,1,0,8,101,0
2026-03-05 18:50:38.489648,1,107,250,4,1,1,19,157,3,1,1,5,101,0
2026-03-05 18:50:43.489648,2,109,250,4,1,1,14,157,2,1,1,10,101,0
2026-03-05 18:50:48.489648,1,101,250,5,1,0,18,157,2,1,0,9,101,0
2026-03-05 18:50:53.489648,2,102,251,4,1,1,23,157,2,1,0,5,101,0
2026-03-05 18:50:58.489648,1,83,251,4,1,0,17,157,2,1,1,6,101,0
2026-03-05 18:51:03.489648,2,62,252,5,1,0,11,157,2,1,1,7,101,0
2026-03-05 18:51:08.489648,1,88,252,3,1,1,15,157,2,1,0,7,101,0
2026-03-05 18:51:13.489648,2,96,253,4,1,1,24,157,2,1,1,8,101,0
2026-03-05 18:51:18.489648,2,105,254,3,1,1,14,157,3,1,1,9,102,0
2026-03-05 18:51:23.489648,2,104,254,3,1,0,12,157,3,1,1,11,103,0
2026-03-05 18:51:28.489648,2,85,255,5,1,1,13,157,2,1,0,6,103,0
2026-03-05 18:51:33.489648,1,105,255,5,1,1,15,157,2,1,0,6,103,0
2026-03-05 18:51:38.489648,1,83,255,3,1,1,21,157,2,1,1,9,104,0
2026-03-05 18:51:43.489648,2,68,255,4,1,1,21,157,2,1,0,7,104,0
2026-03-05 18:51:48.489648,2,110,256,4,1,1,22,157,3,1,1,8,104,0
2026-03-05 18:51:53.489648,2,73,256,5,1,1,14,158,2,1,0,6,104,0
2026-03-05 18:51:58.489648,1,72,256,5,1,1,18,159,3,1,0,11,105,0
2026-03-05 18:52:03.489648,1,64,256,5,1,1,16,159,2,1,0,7,105,0
2026-03-05 18:52:08.489648,2,73,256,4,1,1,15,160,3,1,1,9,105,0
2026-03-05 18:52:13.489648,2,61,256,4,1,1,13,161,2,1,1,11,105,0
2026-03-05 18:52:18.489648,2,112,257,5,1,1,16,161,2,1,0,9,105,0
2026-03-05 18:52:23.489648,2,102,258,4,1,0,12,161,2,1,1,8,105,0
2026-03-05 18:52:28.489648,2,64,259,5,1,1,11,162,2,1,1,5,105,0
2026-03-05 18:52:33.489648,1,82,259,4,1,0,14,162,2,1,0,9,105,0
2026-03-05 18:52:38.489648,1,71,259,4,1,1,12,163,2,1,0,6,105,0
2026-03-05 18:52:43.489648,2,61,260,3,1,0,21,163,2,1,0,10,105,0
2026-03-05 18:52:48.489648,1,92,261,4,1,0,12,163,2,1,0,9,105,0
2026-03-05 18:52:53.489648,1,102,262,3,1,1,11,163,2,1,0,10,105,0
2026-03-05 18:52:58.489648,2,82,262,5,1,0,21,163,3,1,1,12,105,0
2026-03-05 18:53:03.489648,1,67,263,4,1,0,18,163,2,1,0,6,105,0
2026-03-05 18:53:08.489648,2,87,263,4,1,1,18,164,2,1,0,7,105,0
2026-03-05 18:53:13.489648,1,73,263,4,1,1,14,164,2,1,0,5,105,0
2026-03-05 18:53:18.489648,1,120,263,5,1,1,12,164,2,1,0,8,106,0
2026-03-05 18:53:23.489648,1,62,264,4,1,1,21,164,3,1,0,10,106,0
2026-03-05 18:53:28.489648,2,100,264,5,1,0,18,165,3,1,0,11,106,0
2026-03-05 18:53:33.489648,2,95,265,3,1,1,21,165,3,1,1,8,106,0
2026-03-05 18:53:38.489648,1,89,265,4,1,1,22,166,3,1,0,9,107,0
2026-03-05 18:53:43.489648,2,70,265,5,1,1,18,166,3,1,0,11,107,0
2026-03-05 18:53:48.489648,1,67,266,5,1,1,14,167,2,1,0,6,107,0
2026-03-05 18:53:53.489648,1,86,267,5,1,1,10,167,2,1,0,7,108,0
2026-03-05 18:53:58.489648,2,69,267,3,1,0,12,168,2,1,1,12,108,0
2026-03-05 18:54:03.489648,1,62,267,5,1,1,15,168,2,1,0,11,108,0
2026-03-05 18:54:08.489648,1,77,267,4,1,1,16,168,2,1,0,5,108,0
2026-03-05 18:54:13.489648,1,94,268,4,1,1,21,169,2,1,1,8,108,0
2026-03-05 18:54:18.489648,2,65,268,4,1,1,12,169,2,1,0,9,108,0
2026-03-05 18:54:23.489648,1,94,268,4,1,1,19,169,3,1,0,6,109,0
2026-03-05 18:54:28.489648,1,86,268,4,1,0,24,170,2,1,0,8,109,0
2026-03-05 18:54:33.489648,1,72,269,3,1,1,16,171,3,1,0,8,109,0
2026-03-05 18:54:38.489648,2,65,270,4,1,1,24,171,2,1,0,6,110,0
2026-03-05 18:54:43.489648,1,94,270,3,1,0,12,172,2,1,0,11,110,0
2026-03-05 18:54:48.489648,1,82,271,5,1,1,10,173,3,1,0,12,110,0
2026-03-05 18:54:53.489648,2,85,271,4,1,1,14,173,3,1,0,11,110,0
2026-03-05 18:54:58.489648,1,84,272,4,1,0,11,173,2,1,1,7,111,1
2026-03-05 18:55:03.489648,1,104,273,5,1,1,23,173,3,1,0,7,111,1
2026-03-05 18:55:08.489648,1,120,274,3,1,1,22,173,2,1,0,12,111,1
2026-03-05 18:55:13.489648,2,119,274,5,1,1,12,173,3,1,0,7,111,1
2026-03-05 18:55:18.489648,1,67,275,5,1,1,18,173,2,1,0,10,111,1
2026-03-05 18:55:23.489648,1,120,275,5,1,0,11,173,2,1,1,8,111,1
2026-03-05 18:55:28.489648,1,67,276,4,1,1,23,173,2,1,0,9,112,1
2026-03-05 18:55:33.489648,2,70,276,5,1,1,17,174,2,1,0,5,112,1
2026-03-05 18:55:38.489648,2,103,277,5,1,1,22,175,2,1,0,6,112,1
2026-03-05 18:55:43.489648,1,92,277,5,1,1,23,175,3,1,1,11,112,1
2026-03-05 18:55:48.489648,1,110,277,4,1,1,12,175,2,1,1,10,112,1
2026-03-05 18:55:53.489648,2,63,277,5,1,1,13,176,2,1,0,10,112,1
2026-03-05 18:55:58.489648,1,117,277,4,1,0,19,177,2,1,1,11,112,1
2026-03-05 18:56:03.489648,2,106,277,4,1,0,23,178,3,1,1,7,112,1
2026-03-05 18:56:08.489648,1,98,277,5,1,0,12,178,2,1,0,6,113,1
2026-03-05 18:56:13.489648,1,106,278,5,1,1,21,178,2,1,1,9,113,1
2026-03-05 18:56:18.489648,1,102,278,4,1,1,21,178,3,1,1,10,113,1
2026-03-05 18:56:23.489648,1,86,278,5,1,1,22,178,2,1,1,6,113,1
2026-03-05 18:56:28.489648,2,71,278,4,1,1,23,178,3,1,0,6,113,1
2026-03-05 18:56:33.489648,2,80,279,4,1,0,22,178,2,1,0,11,113,1
2026-03-05 18:56:38.489648,1,115,279,4,1,0,12,179,2,1,0,9,113,1
2026-03-05 18:56:43.489648,2,118,280,5,1,1,17,180,3,1,0,12,113,1
2026-03-05 18:56:48.489648,2,97,280,4,1,1,21,181,2,1,1,6,114,1
2026-03-05 18:56:53.489648,2,110,281,4,1,1,15,181,3,1,0,7,114,1
2026-03-05 18:56:58.489648,1,66,281,5,1,1,23,181,3,1,1,8,114,1
2026-03-05 18:57:03.489648,2,78,281,5,1,1,14,182,3,1,0,8,114,1
2026-03-05 18:57:08.489648,1,110,282,5,1,1,16,182,3,1,0,10,114,1
2026-03-05 18:57:13.489648,1,106,283,5,1,1,17,182,3,1,0,10,114,1
2026-03-05 18:57:18.489648,2,111,283,5,1,1,17,182,2,1,0,10,114,1
2026-03-05 18:57:23.489648,1,98,284,5,1,1,12,183,3,1,0,9,114,1
2026-03-05 18:57:28.489648,2,90,284,4,1,1,17,183,2,1,0,7,114,1
2026-03-05 18:57:33.489648,2,93,285,5,1,0,22,184,3,1,0,8,114,1
2026-03-05 18:57:38.489648,1,120,286,4,1,1,21,184,2,1,0,9,114,1
2026-03-05 18:57:43.489648,1,113,287,5,1,0,15,185,2,1,0,6,114,1
2026-03-05 18:57:48.489648,1,71,288,3,1,1,16,185,3,1,0,11,114,1
2026-03-05 18:57:53.489648,2,112,289,4,1,1,15,185,3,1,0,7,114,1
2026-03-05 18:57:58.489648,2,63,289,5,1,1,13,185,2,1,1,10,114,1
2026-03-05 18:58:03.489648,2,86,290,4,1,0,18,186,3,1,1,6,114,1
2026-03-05 18:58:08.489648,1,86,291,4,1,1,21,187,2,1,0,12,114,1
2026-03-05 18:58:13.489648,2,77,291,4,1,1,11,187,2,1,0,10,114,1
2026-03-05 18:58:18.489648,2,85,291,4,1,1,15,188,2,1,0,5,114,1
2026-03-05 18:58:23.489648,1,62,292,4,1,1,15,188,2,1,0,10,115,1
2026-03-05 18:58:28.489648,2,108,292,5,1,1,14,188,2,1,0,10,115,1
2026-03-05 18:58:33.489648,2,104,293,4,1,1,21,189,3,1,0,11,115,1
2026-03-05 18:58:38.489648,1,85,294,4,1,0,14,189,3,1,1,11,115,1
2026-03-05 18:58:43.489648,1,73,294,5,1,1,19,190,3,1,0,6,115,1
2026-03-05 18:58:48.489648,2,108,294,4,1,1,13,191,3,1,1,10,115,1
2026-03-05 18:58:53.489648,2,113,295,4,1,0,16,192,2,1,0,7,115,1
2026-03-05 18:58:58.489648,2,84,295,4,1,1,22,192,3,1,0,9,115,1
2026-03-05 18:59:03.489648,1,71,296,5,1,0,12,192,3,1,0,9,115,1
2026-03-05 18:59:08.489648,1,97,297,4,1,1,15,192,2,1,1,5,115,1
2026-03-05 18:59:13.489648,2,105,298,5,1,1,21,192,3,1,0,7,115,1
2026-03-05 18:59:18.489648,1,69,299,5,1,0,19,193,3,1,1,11,115,1
2026-03-05 18:59:23.489648,2,113,299,4,1,1,22,194,2,1,0,9,115,1
2026-03-05 18:59:28.489648,1,61,300,5,1,1,20,195,2,1,0,5,115,1
2026-03-05 18:59:33.489648,2,75,301,4,1,1,19,195,3,1,1,8,115,1
2026-03-05 18:59:38.489648,1,99,302,5,1,0,21,195,3,1,0,8,115,1
2026-03-05 18:59:43.489648,1,62,302,5,1,1,15,195,2,1,0,7,115,1
2026-03-05 18:59:48.489648,2,67,302,5,1,1,23,196,2,1,0,8,115,1
2026-03-05 18:59:53.489648,2,70,302,4,1,1,16,196,2,1,0,8,115,1
2026-03-05 18:59:58.489648,1,82,303,5,1,1,19,196,2,1,1,7,115,1
2026-03-05 19:00:03.489648,1,61,303,5,1,1,23,196,3,1,0,10,115,1
2026-03-05 19:00:08.489648,1,85,303,5,1,1,22,197,2,1,0,6,115,1
2026-03-05 19:00:13.489648,1,88,303,4,1,1,22,198,3,1,0,11,115,1
2026-03-05 19:00:18.489648,1,111,303,5,1,1,19,198,2,1,1,12,115,1
2026-03-05 19:00:23.489648,1,108,303,4,1,1,14,199,3,1,0,6,115,1
2026-03-05 19:00:28.489648,1,97,303,4,1,0,19,199,3,1,0,8,115,1
2026-03-05 19:00:33.489648,2,62,304,5,1,1,14,200,3,1,1,5,115,1
2026-03-05 19:00:38.489648,1,74,304,4,1,1,18,200,3,1,1,9,116,1
2026-03-05 19:00:43.489648,2,111,304,4,1,1,18,200,2,1,0,7,116,1
2026-03-05 19:00:48.489648,1,120,305,4,1,1,14,201,3,1,1,6,116,1
2026-03-05 19:00:53.489648,1,77,306,4,1,0,22,201,2,1,0,12,116,1
2026-03-05 19:00:58.489648,2,99,307,4,1,1,19,201,2,1,0,9,116,1
2026-03-05 19:01:03.489648,1,80,308,4,1,1,21,201,3,1,0,11,116,1
2026-03-05 19:01:08.489648,1,84,309,6,1,1,13,201,2,1,0,7,116,1
2026-03-05 19:01:13.489648,1,79,310,5,1,0,16,202,2,1,0,9,116,1
2026-03-05 19:01:18.489648,1,70,310,4,1,1,16,202,3,1,0,10,116,1
2026-03-05 19:01:23.489648,1,113,311,5,1,1,22,202,3,1,0,7,116,1
2026-03-05 19:01:28.489648,2,113,312,5,1,1,15,203,2,1,0,11,116,1
2026-03-05 19:01:33.489648,1,88,312,5,1,0,19,204,2,1,0,7,116,1
2026-03-05 19:01:38.489648,1,88,312,5,1,1,15,204,3,1,0,9,116,1
2026-03-05 19:01:43.489648,2,104,312,4,1,1,16,204,2,1,0,5,116,1
2026-03-05 19:01:48.489648,2,65,312,5,1,0,11,204,2,1,0,6,116,1
2026-03-05 19:01:53.489648,1,111,313,5,1,1,22,204,3,1,0,6,116,1
2026-03-05 19:01:58.489648,1,96,313,5,1,1,12,204,2,1,0,8,116,1
2026-03-05 19:02:03.489648,2,68,313,5,1,1,20,205,3,1,1,11,116,1
2026-03-05 19:02:08.489648,1,62,313,5,1,0,18,205,3,1,0,9,116,1
2026-03-05 19:02:13.489648,1,84,314,6,1,1,22,206,3,1,0,7,116,1
2026-03-05 19:02:18.489648,1,77,314,5,1,0,11,206,3,1,0,8,116,1
2026-03-05 19:02:23.489648,1,77,314,5,1,1,14,207,3,1,0,11,116,1
2026-03-05 19:02:28.489648,1,86,314,5,1,1,12,207,3,1,1,7,116,1
2026-03-05 19:02:33.489648,1,105,315,5,1,1,18,207,3,1,1,6,117,1
2026-03-05 19:02:38.489648,2,69,316,5,1,1,22,208,2,1,0,6,117,1
2026-03-05 19:02:43.489648,1,109,316,5,1,1,19,208,3,1,0,9,117,1
2026-03-05 19:02:48.489648,1,107,316,4,1,1,18,208,3,1,0,9,117,1
2026-03-05 19:02:53.489648,2,70,317,5,1,0,23,208,3,1,0,11,117,1
2026-03-05 19:02:58.489648,2,85,318,4,1,1,17,209,2,1,0,8,117,1
2026-03-05 19:03:03.489648,2,79,318,6,1,1,15,209,3,1,0,10,117,1
2026-03-05 19:03:08.489648,2,107,318,4,1,1,18,209,3,1,0,9,117,1
2026-03-05 19:03:13.489648,1,88,318,5,1,1,13,210,2,1,1,6,117,1
2026-03-05 19:03:18.489648,1,104,318,5,1,1,23,211,3,1,0,6,117,1
2026-03-05 19:03:23.489648,2,101,319,5,1,1,17,211,3,1,0,8,118,1
2026-03-05 19:03:28.489648,1,76,319,6,1,1,19,211,3,1,0,11,118,1
2026-03-05 19:03:33.489648,2,95,320,5,1,1,11,211,2,1,0,8,118,1
2026-03-05 19:03:38.489648,1,95,321,5,1,1,13,211,2,1,1,9,118,1
2026-03-05 19:03:43.489648,2,81,321,4,1,0,21,211,3,1,1,6,118,1
2026-03-05 19:03:48.489648,2,101,321,5,1,0,23,211,3,1,1,12,118,1
2026-03-05 19:03:53.489648,1,110,322,4,1,0,19,211,3,1,0,9,118,1
2026-03-05 19:03:58.489648,1,82,322,4,1,1,12,212,3,1,0,8,118,1
2026-03-05 19:04:03.489648,1,97,322,5,1,1,14,213,3,1,0,5,118,1
2026-03-05 19:04:08.489648,2,118,323,4,1,1,18,213,2,1,1,10,118,1
2026-03-05 19:04:13.489648,1,98,323,5,1,1,23,213,3,1,0,6,119,1
2026-03-05 19:04:18.489648,2,116,324,4,1,1,17,213,3,1,0,9,119,1
2026-03-05 19:04:23.489648,2,69,325,5,1,0,14,213,3,1,0,7,120,1
2026-03-05 19:04:28.489648,1,92,326,5,1,0,22,213,3,1,1,7,120,1
2026-03-05 19:04:33.489648,2,112,326,5,1,1,13,213,2,1,1,9,120,1
2026-03-05 19:04:38.489648,1,107,326,5,1,0,13,214,3,1,0,12,120,1
2026-03-05 19:04:43.489648,2,109,326,4,1,1,21,214,2,1,0,9,120,1
2026-03-05 19:04:48.489648,2,72,326,4,1,0,20,214,2,1,0,7,120,1
2026-03-05 19:04:53.489648,2,60,326,5,1,0,20,214,2,1,0,10,121,1
2026-03-05 19:04:58.489648,1,71,327,4,1,1,12,214,3,1,1,5,121,1
2026-03-05 19:05:03.489648,1,65,328,4,1,0,13,214,3,1,1,12,121,1
2026-03-05 19:05:08.489648,1,70,329,5,1,1,15,215,3,1,0,7,122,1
2026-03-05 19:05:13.489648,1,111,330,4,1,1,22,216,2,1,1,5,122,1
2026-03-05 19:05:18.489648,2,85,330,4,1,1,16,216,2,1,0,11,122,1
2026-03-05 19:05:23.489648,1,91,330,5,1,1,20,216,3,1,0,10,123,1
2026-03-05 19:05:28.489648,2,74,331,4,1,1,22,216,2,1,0,12,123,1
2026-03-05 19:05:33.489648,1,100,331,5,1,1,19,217,3,1,1,11,123,1
2026-03-05 19:05:38.489648,2,62,332,5,1,0,11,217,2,1,1,7,123,1
2026-03-05 19:05:43.489648,1,74,332,5,1,1,14,217,3,1,0,11,123,1
2026-03-05 19:05:48.489648,1,62,333,6,1,1,17,218,3,1,0,7,123,1
2026-03-05 19:05:53.489648,2,76,333,5,1,1,16,219,2,1,0,7,123,1
2026-03-05 19:05:58.489648,1,62,334,4,1,1,22,219,3,1,0,11,123,1
2026-03-05 19:06:03.489648,1,87,334,5,1,1,14,219,3,1,0,11,123,1
2026-03-05 19:06:08.489648,1,89,335,4,1,1,23,219,2,1,1,7,123,1
2026-03-05 19:06:13.489648,1,105,335,4,1,1,10,219,3,1,0,10,123,1
2026-03-05 19:06:18.489648,1,113,335,5,1,1,12,220,2,1,1,7,123,1
2026-03-05 19:06:23.489648,2,115,335,5,1,1,11,220,3,1,0,7,123,1
2026-03-05 19:06:28.489648,1,95,335,4,1,1,22,220,3,1,0,9,124,1
2026-03-05 19:06:33.489648,2,81,336,5,1,0,23,220,2,1,1,10,124,1
2026-03-05 19:06:38.489648,2,92,336,5,1,1,19,220,3,1,0,9,124,1
2026-03-05 19:06:43.489648,1,98,336,6,1,1,19,220,3,1,1,8,124,1
2026-03-05 19:06:48.489648,2,67,336,4,1,0,11,221,2,1,1,6,124,1
2026-03-05 19:06:53.489648,2,68,337,5,1,1,24,222,2,1,0,6,124,1
2026-03-05 19:06:58.489648,1,118,337,4,1,1,22,223,2,1,1,7,124,1
2026-03-05 19:07:03.489648,2,62,338,5,1,0,12,224,3,1,0,7,125,1
2026-03-05 19:07:08.489648,1,78,339,4,1,0,10,225,3,1,0,11,125,1
2026-03-05 19:07:13.489648,1,119,339,5,1,1,17,225,3,1,0,9,125,1
2026-03-05 19:07:18.489648,1,118,339,5,1,1,16,225,3,1,0,8,125,1
2026-03-05 19:07:23.489648,2,102,339,6,1,1,20,225,3,1,0,9,125,1
2026-03-05 19:07:28.489648,2,72,339,6,1,1,23,225,3,1,1,8,125,1
2026-03-05 19:07:33.489648,2,105,340,5,1,1,12,225,3,1,0,9,126,1
2026-03-05 19:07:38.489648,2,90,341,5,1,1,15,225,3,1,0,9,126,1
2026-03-05 19:07:43.489648,2,119,341,4,1,1,13,225,3,1,0,8,126,1
2026-03-05 19:07:48.489648,2,73,341,5,1,1,16,225,3,1,0,7,126,1
2026-03-05 19:07:53.489648,1,83,341,4,1,0,10,226,2,1,0,12,126,1
2026-03-05 19:07:58.489648,1,68,342,5,1,0,23,226,2,1,1,10,126,1
2026-03-05 19:08:03.489648,1,80,342,5,1,1,22,226,3,1,0,9,126,1
2026-03-05 19:08:08.489648,2,116,342,5,1,1,11,226,3,1,0,8,126,1
2026-03-05 19:08:13.489648,1,95,342,4,1,1,18,226,3,1,0,5,127,1
2026-03-05 19:08:18.489648,2,85,342,5,1,1,13,226,3,1,0,10,127,1
2026-03-05 19:08:23.489648,1,73,343,6,1,0,21,226,3,1,0,7,127,1
2026-03-05 19:08:28.489648,1,68,343,5,1,1,21,226,3,1,0,6,127,1
2026-03-05 19:08:33.489648,2,110,344,4,1,0,20,226,2,1,0,6,127,1
2026-03-05 19:08:38.489648,1,82,345,5,1,1,20,227,3,1,0,8,127,1
2026-03-05 19:08:43.489648,1,92,346,5,1,1,17,228,2,1,0,9,127,1
2026-03-05 19:08:48.489648,1,97,347,5,1,1,10,228,3,1,1,9,128,1
2026-03-05 19:08:53.489648,1,78,348,6,1,1,11,229,2,1,0,9,128,1
2026-03-05 19:08:58.489648,2,118,348,5,1,0,23,229,3,1,1,5,128,1
2026-03-05 19:09:03.489648,2,120,348,4,1,1,14,229,3,1,0,7,128,1
2026-03-05 19:09:08.489648,2,79,348,4,1,1,10,229,3,1,1,9,128,1
2026-03-05 19:09:13.489648,1,81,348,5,1,0,18,229,3,1,0,10,128,1
2026-03-05 19:09:18.489648,2,73,349,4,1,1,19,229,2,1,0,9,128,1
2026-03-05 19:09:23.489648,1,105,349,5,1,0,13,229,3,1,1,6,128,1
2026-03-05 19:09:28.489648,1,99,349,5,1,1,23,229,3,1,0,6,128,1
2026-03-05 19:09:33.489648,2,84,350,6,1,1,17,229,3,1,1,7,128,1
2026-03-05 19:09:38.489648,1,67,351,4,1,1,12,229,2,1,0,10,128,1
2026-03-05 19:09:43.489648,1,77,351,4,1,1,14,229,3,1,0,9,128,1
2026-03-05 19:09:48.489648,1,107,351,4,1,1,22,230,2,1,1,9,128,1
2026-03-05 19:09:53.489648,1,97,351,4,1,1,21,230,3,1,0,11,128,1
2026-03-05 19:09:58.489648,1,60,351,4,1,0,13,230,3,1,0,6,128,1
2026-03-05 19:10:03.489648,1,110,351,6,1,1,23,230,3,1,0,8,128,1
2026-03-05 19:10:08.489648,2,120,351,4,1,1,16,231,3,1,0,10,128,1
2026-03-05 19:10:13.489648,2,101,351,5,1,1,13,232,3,1,0,10,128,1
2026-03-05 19:10:18.489648,1,103,351,5,1,1,17,232,3,1,1,6,128,1
2026-03-05 19:10:23.489648,1,118,351,4,1,1,14,233,2,1,1,11,128,1
2026-03-05 19:10:28.489648,2,97,351,5,1,1,18,233,2,1,0,12,128,1
2026-03-05 19:10:33.489648,2,64,352,4,1,1,13,233,3,1,1,9,128,1
2026-03-05 19:10:38.489648,1,91,353,4,1,1,19,234,3,1,0,8,128,1
2026-03-05 19:10:43.489648,2,68,354,6,1,1,24,234,3,1,0,11,128,1
2026-03-05 19:10:48.489648,1,111,354,4,1,1,18,234,3,1,0,8,128,1
2026-03-05 19:10:53.489648,1,60,354,4,1,1,17,235,3,1,0,11,128,1
2026-03-05 19:10:58.489648,2,94,355,5,1,0,23,235,2,1,0,7,128,1
2026-03-05 19:11:03.489648,2,62,356,5,1,1,18,236,3,1,0,11,128,1
2026-03-05 19:11:08.489648,2,80,357,6,1,1,18,237,3,1,0,8,128,1
2026-03-05 19:11:13.489648,1,88,358,6,1,1,23,237,3,1,0,10,128,1
2026-03-05 19:11:18.489648,1,67,359,4,1,1,12,237,3,1,1,8,128,1
2026-03-05 19:11:23.489648,2,109,360,4,1,1,20,237,3,1,1,9,129,1
2026-03-05 19:11:28.489648,1,66,360,4,1,1,13,238,3,1,1,6,129,1
2026-03-05 19:11:33.489648,2,82,360,6,1,1,20,238,2,1,0,6,129,1
2026-03-05 19:11:38.489648,1,68,361,4,1,1,14,238,3,1,1,7,129,1
2026-03-05 19:11:43.489648,2,89,361,5,1,1,15,238,3,1,1,9,129,1
2026-03-05 19:11:48.489648,2,116,362,5,1,1,17,238,3,1,0,6,129,1
2026-03-05 19:11:53.489648,1,83,363,5,1,0,11,238,2,1,1,7,130,1
2026-03-05 19:11:58.489648,1,75,364,6,1,1,12,238,3,1,1,6,130,1
2026-03-05 19:12:03.489648,1,80,365,5,1,1,23,238,3,1,0,10,130,1
2026-03-05 19:12:08.489648,2,65,365,6,1,0,15,239,2,1,0,8,130,1
2026-03-05 19:12:13.489648,1,77,366,5,1,0,20,240,2,1,0,5,130,1
2026-03-05 19:12:18.489648,2,64,366,6,1,1,21,240,3,1,0,10,130,1
2026-03-05 19:12:23.489648,1,103,367,5,1,1,15,241,3,1,0,6,130,1
2026-03-05 19:12:28.489648,1,94,368,5,1,1,23,242,2,1,0,10,130,1
2026-03-05 19:12:33.489648,1,80,368,6,1,1,21,242,3,1,1,7,130,1
2026-03-05 19:12:38.489648,1,110,368,5,1,1,23,242,2,1,1,8,130,1
2026-03-05 19:12:43.489648,1,112,368,6,1,0,11,242,3,1,0,9,130,1
2026-03-05 19:12:48.489648,1,89,369,6,1,0,15,243,2,1,0,5,130,1
2026-03-05 19:12:53.489648,1,75,369,5,1,1,13,244,3,1,1,10,130,1
2026-03-05 19:12:58.489648,1,66,369,6,1,0,24,244,3,1,1,11,130,1
2026-03-05 19:13:03.489648,1,108,369,5,1,1,12,245,3,1,0,10,130,1
2026-03-05 19:13:08.489648,1,96,370,6,1,1,16,246,3,1,0,7,130,1
2026-03-05 19:13:13.489648,1,112,371,5,1,1,22,246,3,1,0,9,130,1
2026-03-05 19:13:18.489648,1,115,371,5,1,1,14,246,3,1,0,10,130,1
2026-03-05 19:13:23.489648,2,76,371,5,1,0,11,247,3,1,0,11,130,1
2026-03-05 19:13:28.489648,1,85,371,5,1,0,24,247,3,1,1,8,130,1
2026-03-05 19:13:33.489648,1,90,371,5,1,1,19,247,3,1,1,7,130,1
2026-03-05 19:13:38.489648,1,64,371,5,1,1,13,247,3,1,1,8,130,1
2026-03-05 19:13:43.489648,2,102,372,5,1,1,17,248,3,1,0,7,130,1
2026-03-05 19:13:48.489648,1,100,372,5,1,1,21,248,2,1,0,8,130,1
2026-03-05 19:13:53.489648,2,112,372,6,1,1,20,248,3,1,1,9,130,1
2026-03-05 19:13:58.489648,2,102,373,6,1,1,13,248,3,1,1,11,130,1
2026-03-05 19:14:03.489648,2,66,374,6,1,1,11,249,2,1,0,12,130,1
2026-03-05 19:14:08.489648,1,119,375,6,1,1,10,250,3,1,0,6,130,1
2026-03-05 19:14:13.489648,1,61,375,5,1,1,12,251,3,1,1,6,130,1
2026-03-05 19:14:18.489648,2,103,375,6,1,1,24,252,4,1,1,11,130,1
2026-03-05 19:14:23.489648,1,84,375,6,1,1,20,252,3,1,0,10,131,1
2026-03-05 19:14:28.489648,1,70,376,5,1,1,16,252,4,1,0,7,131,1
2026-03-05 19:14:33.489648,1,81,376,5,1,1,18,253,3,1,0,7,131,1
2026-03-05 19:14:38.489648,1,113,376,6,1,1,12,254,3,1,0,9,131,1
2026-03-05 19:14:43.489648,1,81,376,5,1,1,22,254,3,1,0,7,131,1
2026-03-05 19:14:48.489648,2,97,376,5,1,1,21,254,3,1,1,11,131,1
2026-03-05 19:14:53.489648,2,112,376,6,1,1,15,254,3,1,0,10,131,1
2026-03-05 19:14:58.489648,1,103,377,5,1,1,17,254,3,1,0,10,131,1
2026-03-05 19:15:03.489648,1,83,377,6,1,0,20,254,3,1,0,9,131,1
2026-03-05 19:15:08.489648,1,88,377,6,1,1,12,254,3,1,1,9,131,1
2026-03-05 19:15:13.489648,1,79,378,6,1,1,17,254,3,1,0,7,131,1
2026-03-05 19:15:18.489648,1,87,378,5,1,1,11,254,3,1,0,8,131,1
2026-03-05 19:15:23.489648,1,88,379,5,1,1,22,254,3,1,1,6,131,1
2026-03-05 19:15:28.489648,2,110,379,6,1,1,13,254,3,1,1,11,131,1
2026-03-05 19:15:33.489648,2,67,380,5,1,0,11,254,3,1,0,6,131,1
2026-03-05 19:15:38.489648,2,104,381,5,1,1,17,255,3,1,1,8,132,1
2026-03-05 19:15:43.489648,1,84,382,6,1,0,21,255,2,1,0,12,132,1
2026-03-05 19:15:48.489648,1,70,383,6,1,0,22,255,3,1,0,10,132,1
2026-03-05 19:15:53.489648,2,93,384,5,1,1,11,255,3,1,0,10,132,1
2026-03-05 19:15:58.489648,1,98,385,5,1,1,18,255,3,1,1,11,132,1
2026-03-05 19:16:03.489648,2,65,386,6,1,1,19,256,4,1,0,11,132,1
2026-03-05 19:16:08.489648,1,61,387,5,1,1,15,257,3,1,1,10,132,1
2026-03-05 19:16:13.489648,1,61,387,5,1,0,20,258,3,1,1,11,132,1
2026-03-05 19:16:18.489648,2,108,387,5,1,1,15,258,3,1,1,10,132,1
2026-03-05 19:16:23.489648,1,78,388,5,1,0,15,259,4,1,0,11,132,1
2026-03-05 19:16:28.489648,1,111,388,5,1,0,14,260,4,1,1,7,132,1
2026-03-05 19:16:33.489648,1,98,389,6,1,0,23,261,3,1,0,6,132,1
2026-03-05 19:16:38.489648,1,102,390,4,1,0,21,261,3,1,0,11,132,1
2026-03-05 19:16:43.489648,1,83,390,5,1,1,16,261,4,1,0,7,132,1
2026-03-05 19:16:48.489648,1,96,390,5,1,1,14,262,3,1,0,10,133,1
2026-03-05 19:16:53.489648,1,98,390,5,1,1,20,263,4,1,1,5,133,1
2026-03-05 19:16:58.489648,2,86,390,5,1,1,21,263,3,1,0,7,134,1
2026-03-05 19:17:03.489648,2,109,390,6,1,1,21,264,3,1,0,6,134,1
2026-03-05 19:17:08.489648,2,109,390,6,1,1,18,264,4,1,0,9,134,1
2026-03-05 19:17:13.489648,2,86,390,6,1,1,20,264,3,1,0,7,134,1
2026-03-05 19:17:18.489648,1,105,390,6,1,1,19,264,3,1,1,9,134,1
2026-03-05 19:17:23.489648,1,63,390,6,1,0,23,264,2,1,0,6,134,1
2026-03-05 19:17:28.489648,1,108,391,6,1,1,22,264,3,1,0,5,134,1
2026-03-05 19:17:33.489648,1,120,392,6,1,1,23,264,3,1,0,7,135,1
2026-03-05 19:17:38.489648,1,85,392,6,1,0,16,264,3,1,0,11,135,1
2026-03-05 19:17:43.489648,1,67,392,6,1,1,21,264,3,1,0,5,135,1
2026-03-05 19:17:48.489648,1,78,392,5,1,1,12,264,3,1,0,10,135,1
2026-03-05 19:17:53.489648,2,97,393,5,1,1,23,264,3,1,0,8,136,1
2026-03-05 19:17:58.489648,1,88,393,5,1,1,24,264,3,1,1,12,136,1
2026-03-05 19:18:03.489648,1,66,394,4,1,1,11,264,3,1,0,6,136,1
2026-03-05 19:18:08.489648,1,96,395,5,1,1,16,264,3,1,0,6,136,1
2026-03-05 19:18:13.489648,1,98,395,5,1,1,17,264,3,1,0,11,136,1
2026-03-05 19:18:18.489648,2,74,395,6,1,1,11,264,2,1,1,12,136,1
2026-03-05 19:18:23.489648,1,83,395,5,1,1,23,265,3,1,0,8,136,1
2026-03-05 19:18:28.489648,1,63,395,6,1,1,14,265,4,1,0,5,136,1
2026-03-05 19:18:33.489648,2,63,396,5,1,1,23,265,3,1,0,6,136,1
2026-03-05 19:18:38.489648,2,117,396,6,1,1,13,265,3,1,1,8,136,1
2026-03-05 19:18:43.489648,2,93,397,5,1,1,16,265,3,1,1,8,136,1
2026-03-05 19:18:48.489648,1,116,397,5,1,1,10,266,3,1,0,9,136,1
2026-03-05 19:18:53.489648,1,101,397,4,1,1,22,266,3,1,1,11,136,1
2026-03-05 19:18:58.489648,2,70,398,6,1,1,21,266,2,1,0,10,136,1
2026-03-05 19:19:03.489648,2,76,399,5,1,1,19,266,3,1,0,10,136,1
2026-03-05 19:19:08.489648,2,82,399,6,1,0,23,267,4,1,0,9,136,1
2026-03-05 19:19:13.489648,1,68,399,6,1,0,14,267,3,1,1,5,136,1
2026-03-05 19:19:18.489648,1,97,399,5,1,0,16,268,3,1,0,7,136,1
2026-03-05 19:19:23.489648,2,65,399,5,1,1,11,269,4,1,0,6,136,1
2026-03-05 19:19:28.489648,2,79,400,6,1,1,15,270,3,1,1,7,136,1
2026-03-05 19:19:33.489648,2,91,400,5,1,0,20,271,4,1,0,9,136,1
2026-03-05 19:19:38.489648,2,66,401,6,1,1,14,271,3,1,0,5,136,1
2026-03-05 19:19:43.489648,2,75,401,6,1,0,18,271,3,1,0,8,136,1
2026-03-05 19:19:48.489648,1,89,401,6,1,1,19,271,3,1,0,7,136,1
2026-03-05 19:19:53.489648,2,96,402,6,1,0,18,271,3,1,0,8,136,1
2026-03-05 19:19:58.489648,1,97,403,5,1,1,20,271,3,1,1,7,136,1
2026-03-05 19:20:03.489648,1,81,403,5,1,0,12,271,3,1,1,6,136,1
2026-03-05 19:20:08.489648,1,103,404,5,1,1,23,272,4,1,1,12,137,1
2026-03-05 19:20:13.489648,2,111,404,6,1,1,23,272,3,1,0,6,137,1
2026-03-05 19:20:18.489648,1,65,405,6,1,1,18,273,4,1,0,7,137,1
2026-03-05 19:20:23.489648,1,76,405,6,1,0,20,273,3,1,0,6,137,1
2026-03-05 19:20:28.489648,1,89,406,6,1,0,16,274,4,1,0,12,137,1
2026-03-05 19:20:33.489648,1,94,407,5,1,0,22,275,3,1,0,11,137,1
2026-03-05 19:20:38.489648,2,100,407,5,1,1,21,275,3,1,0,6,138,1
2026-03-05 19:20:43.489648,2,110,408,6,1,0,18,275,3,1,1,8,138,1
2026-03-05 19:20:48.489648,2,105,409,6,1,0,21,275,4,1,1,11,138,1
2026-03-05 19:20:53.489648,2,115,410,5,1,1,13,276,3,1,1,11,138,1
2026-03-05 19:20:58.489648,1,106,411,6,1,1,12,276,3,1,0,5,138,1
2026-03-05 19:21:03.489648,1,114,411,6,1,1,14,276,4,1,0,10,138,1
2026-03-05 19:21:08.489648,1,87,411,6,1,1,24,276,3,1,0,8,138,1
2026-03-05 19:21:13.489648,2,88,411,6,1,1,13,276,3,1,1,7,138,1
2026-03-05 19:21:18.489648,1,91,411,6,1,1,17,276,4,1,0,11,138,1
2026-03-05 19:21:23.489648,1,62,411,6,1,1,12,277,4,1,0,10,138,1
2026-03-05 19:21:28.489648,1,65,411,5,1,1,23,277,4,1,0,8,138,1
2026-03-05 19:21:33.489648,2,96,411,6,1,0,18,278,3,1,0,8,139,1
2026-03-05 19:21:38.489648,2,81,412,6,1,1,10,278,3,1,0,9,139,1
2026-03-05 19:21:43.489648,2,67,412,5,1,1,15,278,3,1,0,12,139,1
2026-03-05 19:21:48.489648,2,108,413,5,1,1,15,278,3,1,1,8,139,1
2026-03-05 19:21:53.489648,1,78,413,6,1,1,21,278,4,1,0,9,139,1
2026-03-05 19:21:58.489648,2,88,413,5,1,0,18,278,3,1,1,10,140,1
2026-03-05 19:22:03.489648,1,93,413,6,1,0,21,279,3,1,0,6,140,1
2026-03-05 19:22:08.489648,1,79,413,6,1,1,16,279,3,1,0,11,141,1
2026-03-05 19:22:13.489648,1,101,414,6,1,1,22,279,4,1,0,8,141,1
2026-03-05 19:22:18.489648,1,84,415,6,1,1,19,280,3,1,1,5,141,1
2026-03-05 19:22:23.489648,2,116,416,5,1,1,17,280,3,1,0,9,141,1
2026-03-05 19:22:28.489648,1,64,417,6,1,0,24,281,4,1,0,8,141,1
2026-03-05 19:22:33.489648,2,80,418,5,1,1,10,282,4,1,0,10,141,1
2026-03-05 19:22:38.489648,1,117,418,5,1,1,15,282,3,1,0,8,142,1
2026-03-05 19:22:43.489648,1,110,419,7,1,1,22,282,3,1,1,7,142,1
2026-03-05 19:22:48.489648,1,85,419,6,1,0,20,282,3,1,0,7,142,1
2026-03-05 19:22:53.489648,2,80,420,6,1,1,23,282,4,1,0,10,143,1
2026-03-05 19:22:58.489648,2,81,420,6,1,1,21,282,3,1,0,9,143,1
2026-03-05 19:23:03.489648,1,95,421,5,1,0,10,282,3,1,0,12,143,1
2026-03-05 19:23:08.489648,1,117,421,7,1,0,14,283,3,1,1,9,143,1
2026-03-05 19:23:13.489648,1,104,421,6,1,1,11,283,4,1,0,9,143,1
2026-03-05 19:23:18.489648,2,60,421,5,1,1,18,283,3,1,0,11,143,1
2026-03-05 19:23:23.489648,2,65,421,7,1,1,13,284,3,1,0,9,143,1
2026-03-05 19:23:28.489648,1,112,422,6,1,1,21,285,4,1,1,9,143,1
2026-03-05 19:23:33.489648,1,88,422,6,1,0,17,285,3,1,0,6,143,1
2026-03-05 19:23:38.489648,2,70,423,6,1,1,11,285,3,1,0,7,143,1
2026-03-05 19:23:43.489648,1,103,423,6,1,1,14,286,3,1,1,6,143,1
2026-03-05 19:23:48.489648,2,91,424,7,1,1,17,286,4,1,0,8,143,1
2026-03-05 19:23:53.489648,2,86,424,5,1,1,19,287,3,1,0,6,143,1
2026-03-05 19:23:58.489648,1,100,425,7,1,1,20,288,3,1,1,12,143,1
2026-03-05 19:24:03.489648,1,109,426,5,1,0,23,288,3,1,0,7,143,1
2026-03-05 19:24:08.489648,1,83,427,6,1,1,21,289,3,1,0,11,143,1
2026-03-05 19:24:13.489648,1,96,428,6,1,1,17,290,3,1,1,8,143,1
2026-03-05 19:24:18.489648,1,90,429,6,1,0,24,291,3,1,0,9,143,1
2026-03-05 19:24:23.489648,1,87,429,5,1,1,16,292,3,1,0,10,143,1
2026-03-05 19:24:28.489648,1,90,429,6,1,1,12,292,3,1,1,10,143,1
2026-03-05 19:24:33.489648,1,109,430,5,1,0,20,292,3,1,1,7,143,1
2026-03-05 19:24:38.489648,2,85,430,7,1,1,21,292,4,1,0,8,144,1
2026-03-05 19:24:43.489648,1,100,430,6,1,1,11,292,4,1,1,11,144,1
2026-03-05 19:24:48.489648,2,67,431,6,1,1,18,293,3,1,0,7,144,1
2026-03-05 19:24:53.489648,2,107,431,5,1,1,15,293,3,1,0,10,145,1
2026-03-05 19:24:58.489648,1,117,431,6,1,1,23,293,4,1,0,6,145,1
2026-03-05 19:25:03.489648,1,81,432,6,1,0,17,293,3,1,0,11,145,1
2026-03-05 19:25:08.489648,1,84,433,5,1,1,20,293,3,1,0,7,145,1
2026-03-05 19:25:13.489648,2,71,433,7,1,1,24,293,4,1,0,10,145,1
2026-03-05 19:25:18.489648,1,87,433,7,1,1,17,294,3,1,0,9,145,1
2026-03-05 19:25:23.489648,2,101,433,6,1,1,14,294,4,1,0,6,145,1
2026-03-05 19:25:28.489648,1,108,434,6,1,1,17,295,3,1,0,6,145,1
2026-03-05 19:25:33.489648,2,110,435,5,1,0,23,296,3,1,0,10,145,1
2026-03-05 19:25:38.489648,2,95,436,6,1,1,18,296,3,1,0,10,145,1
2026-03-05 19:25:43.489648,1,70,437,6,1,0,18,297,4,1,1,7,145,1
2026-03-05 19:25:48.489648,1,108,438,6,1,1,20,298,3,1,1,11,145,1
2026-03-05 19:25:53.489648,2,85,439,6,1,1,15,298,3,1,0,12,145,1
2026-03-05 19:25:58.489648,2,61,440,5,1,1,20,299,3,1,1,9,145,1
2026-03-05 19:26:03.489648,1,110,441,6,1,1,22,299,4,1,0,7,145,1
2026-03-05 19:26:08.489648,2,83,442,5,1,0,11,300,4,1,1,6,145,1
2026-03-05 19:26:13.489648,1,116,442,7,1,1,23,301,3,1,0,6,145,1
2026-03-05 19:26:18.489648,2,114,442,6,1,0,21,301,4,1,0,7,146,1
2026-03-05 19:26:23.489648,1,71,442,6,1,1,11,302,3,1,0,8,147,1
2026-03-05 19:26:28.489648,2,63,442,5,1,0,13,303,4,1,0,8,147,1
2026-03-05 19:26:33.489648,2,69,442,6,1,0,13,303,4,1,0,7,147,1
2026-03-05 19:26:38.489648,2,91,442,5,1,0,18,303,4,1,0,10,147,1
2026-03-05 19:26:43.489648,1,87,442,5,1,1,17,303,3,1,0,9,147,1
2026-03-05 19:26:48.489648,1,110,442,6,1,1,15,304,4,1,1,7,147,1
2026-03-05 19:26:53.489648,2,119,442,7,1,1,15,305,4,1,1,11,147,1
2026-03-05 19:26:58.489648,2,72,442,6,1,1,22,305,4,1,1,8,148,1
2026-03-05 19:27:03.489648,1,93,442,7,1,0,21,305,4,1,1,5,148,1
2026-03-05 19:27:08.489648,1,110,442,5,1,1,13,306,4,1,1,8,148,1
2026-03-05 19:27:13.489648,1,115,443,6,1,1,19,306,4,1,0,11,148,1
2026-03-05 19:27:18.489648,1,114,443,7,1,1,12,307,3,1,1,11,148,1
2026-03-05 19:27:23.489648,1,112,443,6,1,0,20,307,3,1,0,11,148,1
2026-03-05 19:27:28.489648,1,63,443,6,1,1,19,308,3,1,0,12,148,1
2026-03-05 19:27:33.489648,1,73,443,6,1,1,11,309,3,1,0,6,148,1
2026-03-05 19:27:38.489648,2,93,443,6,1,0,24,309,3,1,1,9,148,1
2026-03-05 19:27:43.489648,1,105,443,5,1,1,15,310,3,1,0,6,148,1
2026-03-05 19:27:48.489648,2,109,443,6,1,1,19,310,4,1,1,6,148,1
2026-03-05 19:27:53.489648,2,116,443,5,1,1,20,311,4,1,0,6,148,1
2026-03-05 19:27:58.489648,1,76,443,5,1,1,11,311,4,1,1,11,148,1
2026-03-05 19:28:03.489648,2,110,443,5,1,1,20,311,4,1,1,8,148,1
2026-03-05 19:28:08.489648,1,96,444,6,1,0,22,312,4,1,0,10,148,1
2026-03-05 19:28:13.489648,1,119,445,5,1,1,17,312,3,1,1,9,148,1
2026-03-05 19:28:18.489648,1,67,445,7,1,1,20,312,3,1,0,10,148,1
2026-03-05 19:28:23.489648,1,90,445,5,1,1,10,313,3,1,0,5,148,1
2026-03-05 19:28:28.489648,1,108,446,6,1,0,19,313,3,1,0,7,148,1
2026-03-05 19:28:33.489648,1,96,446,5,1,1,15,313,4,1,0,5,148,1
2026-03-05 19:28:38.489648,2,60,446,5,1,0,15,314,4,1,0,10,148,1
2026-03-05 19:28:43.489648,1,112,446,6,1,1,21,314,3,1,0,11,148,1
2026-03-05 19:28:48.489648,1,69,447,5,1,1,24,314,4,1,0,7,149,1
2026-03-05 19:28:53.489648,1,84,447,7,1,1,23,314,3,1,0,10,149,1
2026-03-05 19:28:58.489648,1,111,448,6,1,1,12,314,3,1,0,6,149,1
2026-03-05 19:29:03.489648,2,65,448,5,1,0,10,315,3,1,0,8,149,1
2026-03-05 19:29:08.489648,1,67,449,6,1,1,21,315,4,1,1,8,149,1
2026-03-05 19:29:13.489648,1,73,450,5,1,0,20,316,3,1,0,7,149,1
2026-03-05 19:29:18.489648,2,64,451,6,1,0,16,316,4,1,1,5,149,1
2026-03-05 19:29:23.489648,1,119,451,5,1,1,18,316,3,1,1,5,149,1
2026-03-05 19:29:28.489648,1,93,452,6,1,0,12,317,4,1,1,9,149,1
2026-03-05 19:29:33.489648,1,80,453,5,1,1,12,317,3,1,0,8,149,1
2026-03-05 19:29:38.489648,2,65,453,7,1,1,18,317,3,1,0,9,149,1
2026-03-05 19:29:43.489648,2,68,453,6,1,1,19,317,3,1,0,7,149,1
2026-03-05 19:29:48.489648,2,97,454,6,1,1,22,317,4,1,1,7,149,1
2026-03-05 19:29:53.489648,2,64,454,7,1,1,23,317,4,1,0,10,149,1
2026-03-05 19:29:58.489648,1,90,454,7,1,1,19,317,3,1,0,12,149,1
2026-03-05 19:30:03.489648,1,105,454,7,1,1,18,317,4,1,0,8,149,1
2026-03-05 19:30:08.489648,2,120,454,7,1,1,21,317,4,1,1,10,149,1
2026-03-05 19:30:13.489648,1,86,454,5,1,1,20,318,4,1,1,6,149,1
2026-03-05 19:30:18.489648,1,103,455,6,1,1,24,318,3,1,1,8,149,1
2026-03-05 19:30:23.489648,1,67,455,6,1,1,17,319,3,1,0,7,149,1
2026-03-05 19:30:28.489648,1,80,456,6,1,1,23,320,4,1,1,5,149,1
2026-03-05 19:30:33.489648,2,89,456,6,1,1,12,320,3,1,0,7,149,1
2026-03-05 19:30:38.489648,2,93,457,6,1,1,20,320,3,1,0,7,149,1
2026-03-05 19:30:43.489648,1,91,457,7,1,1,10,320,3,1,1,7,149,1
2026-03-05 19:30:48.489648,1,72,458,6,1,1,19,320,3,1,0,10,149,1
2026-03-05 19:30:53.489648,1,68,458,5,1,1,10,320,3,1,1,8,149,1
2026-03-05 19:30:58.489648,1,90,459,6,1,1,22,320,3,1,0,7,149,1
2026-03-05 19:31:03.489648,1,116,459,7,1,1,23,320,3,1,1,6,149,1
2026-03-05 19:31:08.489648,1,108,459,6,1,1,11,320,4,1,0,9,149,1
2026-03-05 19:31:13.489648,2,77,459,6,1,1,14,321,4,1,1,6,149,1
2026-03-05 19:31:18.489648,1,95,459,7,1,0,23,321,3,1,0,6,149,1
2026-03-05 19:31:23.489648,1,92,460,5,1,1,15,322,4,1,0,9,149,1
2026-03-05 19:31:28.489648,1,64,461,7,1,1,18,322,4,1,0,8,149,1
2026-03-05 19:31:33.489648,1,93,462,7,1,1,17,323,4,1,0,10,149,1
2026-03-05 19:31:38.489648,1,110,462,7,1,1,10,323,4,1,0,7,150,1
2026-03-05 19:31:43.489648,1,118,463,5,1,1,10,323,3,1,0,8,150,1
2026-03-05 19:31:48.489648,1,70,463,7,1,1,16,323,4,1,1,7,150,1
2026-03-05 19:31:53.489648,1,72,463,7,1,0,22,323,4,1,1,8,150,1
2026-03-05 19:31:58.489648,1,117,464,5,1,0,15,323,3,1,1,11,150,1
2026-03-05 19:32:03.489648,2,116,464,6,1,0,18,323,3,1,0,6,150,1
2026-03-05 19:32:08.489648,2,72,465,5,1,1,11,324,3,1,0,12,150,1
2026-03-05 19:32:13.489648,1,76,465,5,1,1,13,324,4,1,0,6,150,1
2026-03-05 19:32:18.489648,1,108,466,5,1,1,13,324,4,1,0,8,150,1
2026-03-05 19:32:23.489648,2,95,466,5,1,1,22,324,3,1,0,6,150,1
2026-03-05 19:32:28.489648,2,108,467,6,1,1,19,324,4,1,0,5,150,1
2026-03-05 19:32:33.489648,2,105,467,7,1,1,16,324,3,1,0,6,150,1
2026-03-05 19:32:38.489648,1,102,468,7,1,1,17,324,3,1,1,11,150,1
2026-03-05 19:32:43.489648,2,86,468,7,1,0,17,324,3,1,1,10,150,1
2026-03-05 19:32:48.489648,1,95,468,7,1,1,22,324,4,1,1,7,150,1
2026-03-05 19:32:53.489648,1,115,468,7,1,0,20,324,4,1,0,11,150,1
2026-03-05 19:32:58.489648,2,74,468,6,1,1,17,325,3,1,1,6,151,1
2026-03-05 19:33:03.489648,1,92,469,6,1,1,24,325,4,1,1,12,151,1
2026-03-05 19:33:08.489648,1,116,469,6,1,1,23,326,4,1,1,5,151,1
2026-03-05 19:33:13.489648,1,104,470,6,1,1,21,326,4,1,0,9,151,1
2026-03-05 19:33:18.489648,1,75,471,6,1,1,15,326,3,1,0,6,151,1
2026-03-05 19:33:23.489648,2,79,471,6,1,0,18,327,4,1,0,7,151,1
2026-03-05 19:33:28.489648,1,119,472,6,1,1,21,327,3,1,1,10,151,1
2026-03-05 19:33:33.489648,2,118,472,6,1,1,23,327,3,1,1,10,151,1
2026-03-05 19:33:38.489648,2,102,472,7,1,1,10,327,3,1,0,8,151,1
2026-03-05 19:33:43.489648,1,87,473,7,1,1,23,327,3,1,1,7,151,1
2026-03-05 19:33:48.489648,1,97,474,7,1,1,18,327,4,1,1,11,151,1
2026-03-05 19:33:53.489648,1,106,474,6,1,0,14,327,4,1,1,6,151,1
2026-03-05 19:33:58.489648,2,90,475,7,1,1,17,328,4,1,1,6,151,1
2026-03-05 19:34:03.489648,1,104,475,7,1,1,21,329,4,1,0,8,151,1
2026-03-05 19:34:08.489648,2,96,475,6,1,0,13,329,3,1,0,9,151,1
2026-03-05 19:34:13.489648,1,119,475,6,1,1,16,330,3,1,0,8,151,1
2026-03-05 19:34:18.489648,1,88,476,6,1,0,20,331,3,1,0,9,151,1
2026-03-05 19:34:23.489648,1,108,476,7,1,0,15,331,3,1,1,12,151,1
2026-03-05 19:34:28.489648,1,83,476,7,1,0,24,331,3,1,0,11,152,1
2026-03-05 19:34:33.489648,1,114,476,7,1,1,24,332,3,1,0,11,152,1
2026-03-05 19:34:38.489648,1,85,476,6,1,1,19,332,4,1,0,10,152,1
2026-03-05 19:34:43.489648,1,63,476,6,1,1,11,332,4,1,0,9,152,1
2026-03-05 19:34:48.489648,1,89,476,5,1,1,23,333,3,1,1,6,152,1
2026-03-05 19:34:53.489648,2,106,476,6,1,1,12,333,4,1,0,11,152,1
2026-03-05 19:34:58.489648,2,118,476,5,1,1,11,334,4,1,0,11,152,1
2026-03-05 19:35:03.489648,1,110,476,5,1,1,19,334,4,1,0,6,152,1
2026-03-05 19:35:08.489648,2,77,477,6,1,1,17,334,3,1,0,12,152,1
2026-03-05 19:35:13.489648,1,93,478,7,1,1,11,334,3,1,1,8,152,1
2026-03-05 19:35:18.489648,1,118,479,6,1,1,11,335,4,1,1,11,152,1
2026-03-05 19:35:23.489648,2,77,480,6,1,1,15,335,4,1,1,11,152,1
2026-03-05 19:35:28.489648,2,105,481,6,1,1,13,335,4,1,0,8,152,1
2026-03-05 19:35:33.489648,2,91,481,6,1,1,18,336,4,1,0,8,152,1
2026-03-05 19:35:38.489648,1,83,481,7,1,1,11,336,4,1,0,6,152,1
2026-03-05 19:35:43.489648,1,69,482,6,1,1,19,336,3,1,0,10,152,1
2026-03-05 19:35:48.489648,2,119,483,7,1,1,23,336,3,1,1,9,152,1
2026-03-05 19:35:53.489648,1,106,484,6,1,1,20,336,3,1,0,10,152,1
2026-03-05 19:35:58.489648,1,109,484,5,1,0,17,336,3,1,0,8,153,1
2026-03-05 19:36:03.489648,1,87,485,6,1,1,19,336,4,1,0,9,153,1
2026-03-05 19:36:08.489648,1,72,485,6,1,1,22,337,3,1,1,10,153,1
2026-03-05 19:36:13.489648,1,85,485,7,1,1,23,337,4,1,1,10,153,1
2026-03-05 19:36:18.489648,2,75,485,7,1,0,18,338,3,1,0,5,153,1
2026-03-05 19:36:23.489648,1,102,485,7,1,1,18,338,3,1,1,11,154,1
2026-03-05 19:36:28.489648,1,95,485,7,1,0,11,338,4,1,0,11,155,1
2026-03-05 19:36:33.489648,1,105,485,7,1,1,13,338,4,1,1,11,156,1
2026-03-05 19:36:38.489648,2,86,486,6,1,1,17,339,4,1,0,7,156,1
2026-03-05 19:36:43.489648,2,89,486,6,1,1,12,339,4,1,0,9,156,1
2026-03-05 19:36:48.489648,2,74,486,7,1,1,14,340,4,1,1,8,156,1
2026-03-05 19:36:53.489648,2,110,486,7,1,1,24,340,4,1,0,6,156,1
2026-03-05 19:36:58.489648,1,80,486,5,1,1,18,341,3,1,1,8,156,1
2026-03-05 19:37:03.489648,1,70,487,6,1,0,20,341,4,1,0,11,156,1
2026-03-05 19:37:08.489648,2,65,488,6,1,1,22,342,4,1,0,5,156,1
2026-03-05 19:37:13.489648,2,81,489,6,1,0,15,343,3,1,0,9,156,1
2026-03-05 19:37:18.489648,2,94,489,7,1,0,17,343,4,1,0,11,156,1
2026-03-05 19:37:23.489648,2,100,489,7,1,0,23,343,3,1,0,10,157,1
2026-03-05 19:37:28.489648,1,71,490,7,1,1,12,343,4,1,1,12,157,1
2026-03-05 19:37:33.489648,2,80,490,7,1,1,18,343,4,1,0,11,157,1
2026-03-05 19:37:38.489648,1,100,491,6,1,1,22,343,4,1,0,12,157,1
2026-03-05 19:37:43.489648,2,98,491,7,1,1,18,343,3,1,0,7,157,1
2026-03-05 19:37:48.489648,1,119,492,7,1,1,15,344,3,1,1,10,157,1
2026-03-05 19:37:53.489648,2,71,492,7,1,1,13,344,4,1,0,8,157,1
2026-03-05 19:37:58.489648,1,95,493,7,1,0,24,344,4,1,0,6,157,1
2026-03-05 19:38:03.489648,2,73,493,6,1,0,17,344,4,1,0,12,157,1
2026-03-05 19:38:08.489648,2,96,493,7,1,1,19,345,4,1,0,5,157,1
2026-03-05 19:38:13.489648,1,104,494,7,1,0,20,345,4,1,0,8,157,1
2026-03-05 19:38:18.489648,2,110,494,7,1,1,12,346,4,1,0,9,157,1
2026-03-05 19:38:23.489648,1,89,495,6,1,1,14,346,4,1,1,9,157,1
2026-03-05 19:38:28.489648,2,101,496,6,1,1,22,346,4,1,0,8,157,1
2026-03-05 19:38:33.489648,1,73,496,6,1,1,14,346,4,1,0,7,158,1
2026-03-05 19:38:38.489648,1,68,496,7,1,1,14,346,4,1,0,8,158,1
2026-03-05 19:38:43.489648,2,118,496,6,1,1,12,346,3,1,0,8,158,1
2026-03-05 19:38:48.489648,1,79,496,6,1,1,12,347,3,1,1,11,159,1
2026-03-05 19:38:53.489648,1,80,496,7,1,1,22,348,4,1,0,9,159,1
2026-03-05 19:38:58.489648,2,84,496,7,1,0,10,348,4,1,1,8,159,1
2026-03-05 19:39:03.489648,2,85,496,6,1,1,12,348,4,1,0,11,160,1
2026-03-05 19:39:08.489648,1,91,496,6,1,1,16,348,3,1,0,9,160,1
2026-03-05 19:39:13.489648,2,63,496,7,1,1,22,348,3,1,1,6,160,1
2026-03-05 19:39:18.489648,1,98,496,7,1,1,22,348,4,1,0,10,160,1
2026-03-05 19:39:23.489648,1,83,497,6,1,1,18,349,3,1,1,6,161,1
2026-03-05 19:39:28.489648,1,88,498,7,1,1,21,349,3,1,0,10,162,1
2026-03-05 19:39:33.489648,1,106,498,7,1,0,20,349,4,1,0,12,162,1
2026-03-05 19:39:38.489648,2,86,499,6,1,1,15,349,4,1,0,12,162,1
2026-03-05 19:39:43.489648,1,73,500,7,1,1,24,349,4,1,1,11,162,1
2026-03-05 19:39:48.489648,1,73,501,7,1,0,18,349,4,1,0,6,162,1
2026-03-05 19:39:53.489648,1,86,501,7,1,1,23,350,4,1,0,10,162,1
2026-03-05 19:39:58.489648,1,64,502,7,1,0,12,351,3,1,0,8,162,1
2026-03-05 19:40:03.489648,2,116,502,6,1,0,13,352,4,1,1,10,162,1
2026-03-05 19:40:08.489648,2,87,503,7,1,0,20,352,4,1,1,5,162,1
2026-03-05 19:40:13.489648,2,107,503,7,1,0,18,353,4,1,0,7,162,1
2026-03-05 19:40:18.489648,1,77,503,7,1,1,22,353,4,1,0,7,162,1
2026-03-05 19:40:23.489648,1,73,503,6,1,1,11,353,3,1,1,10,162,1
2026-03-05 19:40:28.489648,1,111,503,7,1,0,18,353,4,1,0,6,163,1
2026-03-05 19:40:33.489648,1,103,503,6,1,1,11,354,3,1,1,8,164,1
2026-03-05 19:40:38.489648,2,66,503,7,1,1,18,354,3,1,1,10,164,1
2026-03-05 19:40:43.489648,2,114,504,6,1,1,14,355,4,1,0,10,164,1
2026-03-05 19:40:48.489648,2,111,505,7,1,1,20,356,3,1,0,8,164,1
2026-03-05 19:40:53.489648,1,117,505,6,1,1,22,356,3,1,1,12,164,1
2026-03-05 19:40:58.489648,1,116,506,7,1,1,15,356,4,1,0,7,164,1
2026-03-05 19:41:03.489648,1,77,506,7,1,1,23,356,4,1,1,11,164,1
2026-03-05 19:41:08.489648,1,117,507,7,1,1,10,356,4,1,0,9,164,1
2026-03-05 19:41:13.489648,2,86,507,7,1,1,18,356,4,1,0,5,164,1
2026-03-05 19:41:18.489648,2,113,507,7,1,1,23,357,4,1,0,8,164,1
2026-03-05 19:41:23.489648,1,98,507,6,1,1,23,357,4,1,0,8,164,1
2026-03-05 19:41:28.489648,1,70,508,7,1,1,12,358,4,1,0,6,164,1
2026-03-05 19:41:33.489648,1,71,509,6,1,1,22,359,4,1,1,6,164,1
2026-03-05 19:41:38.489648,1,70,509,6,1,1,20,360,4,1,1,6,165,1
2026-03-05 19:41:43.489648,2,97,509,7,1,0,16,360,4,1,0,7,165,1
2026-03-05 19:41:48.489648,2,84,510,7,1,1,11,360,4,1,1,9,165,1
2026-03-05 19:41:53.489648,1,112,510,7,1,1,11,360,4,1,0,10,165,1
2026-03-05 19:41:58.489648,1,114,511,6,1,1,18,361,3,1,1,11,165,1
2026-03-05 19:42:03.489648,2,79,512,7,1,1,23,361,3,1,0,8,165,1
2026-03-05 19:42:08.489648,2,114,513,6,1,1,18,362,4,1,1,10,165,1
2026-03-05 19:42:13.489648,2,117,514,7,1,0,15,362,4,1,0,7,165,1
2026-03-05 19:42:18.489648,2,70,515,6,1,1,17,362,4,1,1,10,166,1
2026-03-05 19:42:23.489648,2,80,515,7,1,0,17,363,4,1,0,8,166,1
2026-03-05 19:42:28.489648,2,98,515,7,1,0,14,364,4,1,0,10,166,1
2026-03-05 19:42:33.489648,1,60,515,6,1,1,14,365,4,1,0,8,166,1
2026-03-05 19:42:38.489648,1,63,515,7,1,1,20,365,3,1,0,9,167,1
2026-03-05 19:42:43.489648,1,107,515,7,1,1,22,366,4,1,0,6,167,1
2026-03-05 19:42:48.489648,1,110,516,7,1,0,19,366,4,1,0,8,167,1
2026-03-05 19:42:53.489648,2,78,516,6,1,0,21,367,3,1,1,12,167,1
2026-03-05 19:42:58.489648,1,115,517,7,1,0,22,367,5,1,1,8,167,1
2026-03-05 19:43:03.489648,1,100,518,6,1,0,22,367,4,1,0,9,167,1
2026-03-05 19:43:08.489648,1,79,519,7,1,1,21,367,4,1,0,10,167,1
2026-03-05 19:43:13.489648,2,73,520,8,1,1,19,368,4,1,0,12,167,1
2026-03-05 19:43:18.489648,1,114,521,8,1,1,23,368,4,1,0,12,167,1
2026-03-05 19:43:23.489648,1,76,521,7,1,1,11,368,3,1,0,8,167,1
2026-03-05 19:43:28.489648,1,81,522,7,1,1,22,368,4,1,0,9,167,1
2026-03-05 19:43:33.489648,2,68,523,7,1,0,14,368,4,1,0,6,167,1
2026-03-05 19:43:38.489648,1,113,523,6,1,1,21,368,4,1,1,10,168,1
2026-03-05 19:43:43.489648,2,66,523,6,1,1,14,368,5,1,0,10,168,1
2026-03-05 19:43:48.489648,1,117,523,6,1,1,18,368,4,1,0,7,168,1
2026-03-05 19:43:53.489648,1,86,524,7,1,1,12,368,4,1,0,11,169,1
2026-03-05 19:43:58.489648,2,92,525,7,1,1,11,369,4,1,1,8,169,1
2026-03-05 19:44:03.489648,1,63,525,6,1,1,18,369,4,1,0,6,169,1
2026-03-05 19:44:08.489648,1,119,525,7,1,1,11,369,4,1,0,11,169,1
2026-03-05 19:44:13.489648,2,81,525,6,1,1,13,370,4,1,1,11,169,1
2026-03-05 19:44:18.489648,2,106,525,7,1,1,17,370,4,1,0,7,169,1
2026-03-05 19:44:23.489648,2,81,526,7,1,1,20,371,4,1,0,7,169,1
2026-03-05 19:44:28.489648,1,91,526,6,1,1,23,371,4,1,0,8,169,1
2026-03-05 19:44:33.489648,1,88,526,7,1,1,22,372,4,1,0,8,169,1
2026-03-05 19:44:38.489648,1,116,527,7,1,1,15,372,4,1,1,5,169,1
2026-03-05 19:44:43.489648,1,68,527,7,1,1,15,373,4,1,0,11,169,1
2026-03-05 19:44:48.489648,2,100,527,7,1,1,20,373,4,1,0,7,169,1
2026-03-05 19:44:53.489648,2,77,527,8,1,1,16,374,4,1,0,5,169,1
2026-03-05 19:44:58.489648,2,92,528,7,1,1,16,374,5,1,0,7,169,1
2026-03-05 19:45:03.489648,2,68,529,7,1,0,17,374,4,1,0,11,169,1
2026-03-05 19:45:08.489648,1,73,529,7,1,1,20,375,4,1,0,10,169,1
2026-03-05 19:45:13.489648,2,99,529,7,1,0,18,375,4,1,0,6,169,1
2026-03-05 19:45:18.489648,2,79,529,8,1,0,21,375,3,1,1,6,169,1
2026-03-05 19:45:23.489648,1,68,530,6,1,1,11,376,4,1,0,9,169,1
2026-03-05 19:45:28.489648,1,118,530,8,1,1,10,377,4,1,1,9,169,1
2026-03-05 19:45:33.489648,1,82,531,7,1,1,22,377,4,1,1,8,170,1
2026-03-05 19:45:38.489648,1,104,532,8,1,0,20,377,4,1,0,7,170,1
2026-03-05 19:45:43.489648,1,67,532,7,1,1,19,377,4,1,0,10,170,1
2026-03-05 19:45:48.489648,1,66,533,6,1,1,23,377,3,1,0,6,170,1
2026-03-05 19:45:53.489648,1,68,534,6,1,1,21,377,4,1,0,10,170,1
2026-03-05 19:45:58.489648,2,95,534,8,1,1,23,378,4,1,0,7,170,1
2026-03-05 19:46:03.489648,1,82,534,8,1,1,17,378,4,1,0,9,171,1
2026-03-05 19:46:08.489648,1,68,535,7,1,1,15,379,4,1,0,12,171,1
2026-03-05 19:46:13.489648,1,94,535,7,1,1,13,379,3,1,0,8,171,1
2026-03-05 19:46:18.489648,1,95,536,6,1,1,14,379,4,1,1,9,171,1
2026-03-05 19:46:23.489648,1,107,537,7,1,1,20,379,3,1,1,10,171,1
2026-03-05 19:46:28.489648,2,61,537,7,1,1,18,379,4,1,1,11,171,1
2026-03-05 19:46:33.489648,1,85,537,6,1,1,21,380,5,1,0,9,171,1
2026-03-05 19:46:38.489648,1,81,537,6,1,1,13,380,4,1,0,6,171,1
2026-03-05 19:46:43.489648,1,114,537,6,1,1,16,381,4,1,0,7,171,1
2026-03-05 19:46:48.489648,1,114,538,8,1,1,22,382,4,1,1,9,171,1
2026-03-05 19:46:53.489648,2,70,538,6,1,1,24,383,4,1,0,8,171,1
2026-03-05 19:46:58.489648,1,82,538,8,1,1,12,383,3,1,0,7,171,1
2026-03-05 19:47:03.489648,2,97,539,7,1,0,15,384,4,1,0,10,171,1
2026-03-05 19:47:08.489648,1,107,539,6,1,1,19,385,3,1,0,8,172,1
2026-03-05 19:47:13.489648,2,102,540,6,1,1,12,385,4,1,0,7,172,1
2026-03-05 19:47:18.489648,2,99,540,7,1,1,16,385,5,1,0,7,172,1
2026-03-05 19:47:23.489648,2,63,541,6,1,1,21,385,4,1,1,6,172,1
2026-03-05 19:47:28.489648,1,76,541,6,1,1,13,386,4,1,0,8,172,1
2026-03-05 19:47:33.489648,2,63,542,7,1,1,17,386,4,1,0,11,172,1
2026-03-05 19:47:38.489648,1,88,542,6,1,1,16,386,4,1,0,7,172,1
2026-03-05 19:47:43.489648,1,93,542,6,1,1,23,386,4,1,0,7,172,1
2026-03-05 19:47:48.489648,2,95,542,7,1,1,16,387,3,1,0,9,172,1
2026-03-05 19:47:53.489648,1,107,542,6,1,1,23,387,4,1,1,11,172,1
2026-03-05 19:47:58.489648,1,105,542,7,1,1,11,387,5,1,1,7,172,1
2026-03-05 19:48:03.489648,2,106,543,7,1,1,16,387,4,1,0,11,172,1
2026-03-05 19:48:08.489648,2,72,544,7,1,0,17,388,4,1,0,6,172,1
2026-03-05 19:48:13.489648,1,106,544,7,1,1,19,388,5,1,0,11,172,1
2026-03-05 19:48:18.489648,1,70,544,7,1,0,12,388,4,1,0,5,172,1
2026-03-05 19:48:23.489648,1,106,544,7,1,0,22,388,4,1,0,9,172,1
2026-03-05 19:48:28.489648,1,113,545,7,1,1,20,389,5,1,0,8,172,1
2026-03-05 19:48:33.489648,1,85,545,6,1,1,18,389,4,1,0,7,172,1
2026-03-05 19:48:38.489648,1,97,545,7,1,0,13,389,5,1,1,10,172,1
2026-03-05 19:48:43.489648,1,111,546,7,1,0,17,389,4,1,0,11,172,1
2026-03-05 19:48:48.489648,1,63,547,8,1,0,19,389,4,1,1,7,172,1
2026-03-05 19:48:53.489648,2,107,547,7,1,0,12,389,4,1,1,9,172,1
2026-03-05 19:48:58.489648,1,88,547,8,1,1,17,389,4,1,0,11,172,1
2026-03-05 19:49:03.489648,2,62,547,6,1,1,18,389,4,1,0,10,172,1
2026-03-05 19:49:08.489648,2,113,548,8,1,1,23,390,4,1,1,11,172,1
2026-03-05 19:49:13.489648,1,86,549,8,1,1,23,391,5,1,0,8,173,1
2026-03-05 19:49:18.489648,2,108,549,7,1,1,17,392,4,1,0,8,174,1
2026-03-05 19:49:23.489648,1,64,549,8,1,0,22,392,4,1,0,6,174,1
2026-03-05 19:49:28.489648,1,98,550,6,1,0,15,392,4,1,0,8,175,1
2026-03-05 19:49:33.489648,1,90,551,7,1,0,23,392,4,1,1,10,175,1
2026-03-05 19:49:38.489648,2,100,551,7,1,1,12,392,4,1,0,9,175,1
2026-03-05 19:49:43.489648,2,80,552,6,1,1,19,392,4,1,1,7,176,1
2026-03-05 19:49:48.489648,1,61,553,7,1,1,13,392,5,1,0,9,176,1
2026-03-05 19:49:53.489648,2,116,554,6,1,1,14,392,4,1,1,5,176,1
2026-03-05 19:49:58.489648,2,89,555,7,1,1,15,392,5,1,0,8,176,1
2026-03-05 19:50:03.489648,1,92,555,7,1,1,22,392,4,1,0,7,176,1
2026-03-05 19:50:08.489648,2,91,555,7,1,0,15,392,4,1,0,8,176,1
2026-03-05 19:50:13.489648,1,94,556,7,1,1,11,392,4,1,0,9,176,1
2026-03-05 19:50:18.489648,1,77,556,6,1,1,18,392,4,1,1,10,176,1
2026-03-05 19:50:23.489648,1,95,557,8,1,1,17,392,4,1,1,7,176,1
2026-03-05 19:50:28.489648,1,98,557,8,1,1,14,392,5,1,0,6,176,1
2026-03-05 19:50:33.489648,2,82,557,8,1,1,21,393,4,1,0,10,176,1
2026-03-05 19:50:38.489648,1,80,557,8,1,0,17,394,4,1,0,10,177,1
2026-03-05 19:50:43.489648,1,64,557,8,1,1,10,394,4,1,1,6,177,1
2026-03-05 19:50:48.489648,1,64,558,7,1,1,11,394,4,1,1,9,177,1
2026-03-05 19:50:53.489648,1,110,558,8,1,1,21,394,4,1,1,5,177,1
2026-03-05 19:50:58.489648,1,103,558,7,1,1,12,394,5,1,1,10,177,1
2026-03-05 19:51:03.489648,1,98,558,8,1,1,11,394,4,1,1,11,177,1
2026-03-05 19:51:08.489648,1,102,558,7,1,1,16,394,5,1,0,11,177,1
2026-03-05 19:51:13.489648,1,86,558,7,1,1,14,395,5,1,1,6,177,1
2026-03-05 19:51:18.489648,2,83,558,6,1,1,18,396,5,1,0,11,177,1
2026-03-05 19:51:23.489648,1,88,559,7,1,1,16,396,4,1,0,5,177,1
2026-03-05 19:51:28.489648,1,110,559,7,1,1,21,397,4,1,0,8,177,1
2026-03-05 19:51:33.489648,2,112,559,8,1,1,22,397,5,1,1,9,177,1
2026-03-05 19:51:38.489648,1,90,560,7,1,0,14,398,4,1,1,11,178,1
2026-03-05 19:51:43.489648,2,105,560,7,1,1,15,398,4,1,1,9,178,1
2026-03-05 19:51:48.489648,1,99,560,7,1,1,20,398,5,1,0,9,178,1
2026-03-05 19:51:53.489648,1,95,560,6,1,1,24,398,4,1,0,11,178,1
2026-03-05 19:51:58.489648,2,89,560,7,1,1,12,399,4,1,0,9,178,1
2026-03-05 19:52:03.489648,1,94,560,6,1,1,17,399,4,1,0,10,178,1
2026-03-05 19:52:08.489648,2,100,560,6,1,0,24,400,5,1,1,9,179,1
2026-03-05 19:52:13.489648,1,74,561,7,1,1,21,400,4,1,0,5,180,1
2026-03-05 19:52:18.489648,2,93,561,8,1,1,17,401,4,1,0,7,180,1
2026-03-05 19:52:23.489648,1,94,561,7,1,0,19,401,5,1,0,10,180,1
2026-03-05 19:52:28.489648,2,101,561,7,1,1,18,402,4,1,1,10,180,1
2026-03-05 19:52:33.489648,2,97,562,6,1,1,21,402,4,1,0,9,180,1
2026-03-05 19:52:38.489648,1,62,562,7,1,1,22,402,5,1,0,6,180,1
2026-03-05 19:52:43.489648,1,95,563,8,1,1,22,402,4,1,0,7,180,1
2026-03-05 19:52:48.489648,1,92,563,8,1,1,15,402,5,1,1,11,180,1
2026-03-05 19:52:53.489648,1,81,563,7,1,1,15,402,4,1,0,11,180,1
2026-03-05 19:52:58.489648,1,96,563,7,1,1,20,402,4,1,1,8,180,1
2026-03-05 19:53:03.489648,1,70,564,8,1,1,24,402,4,1,0,10,180,1
2026-03-05 19:53:08.489648,1,85,565,7,1,1,10,402,4,1,1,7,181,1
2026-03-05 19:53:13.489648,1,95,565,7,1,1,14,402,4,1,0,10,181,1
2026-03-05 19:53:18.489648,2,119,566,8,1,0,21,402,4,1,0,8,181,1
2026-03-05 19:53:23.489648,1,81,567,7,1,1,12,403,4,1,0,9,181,1
2026-03-05 19:53:28.489648,1,106,567,7,1,0,20,403,4,1,1,6,181,1
2026-03-05 19:53:33.489648,2,113,567,7,1,1,18,403,4,1,0,12,181,1
2026-03-05 19:53:38.489648,1,109,567,7,1,1,16,403,5,1,0,8,181,1
2026-03-05 19:53:43.489648,2,63,567,8,1,1,15,403,4,1,0,11,181,1
2026-03-05 19:53:48.489648,1,82,567,8,1,1,21,404,5,1,0,7,181,1
2026-03-05 19:53:53.489648,2,79,568,6,1,0,12,405,4,1,0,7,181,1
2026-03-05 19:53:58.489648,1,87,569,7,1,1,18,405,5,1,0,7,181,1
2026-03-05 19:54:03.489648,2,92,569,6,1,0,21,405,4,1,0,6,181,1
2026-03-05 19:54:08.489648,2,106,569,7,1,1,15,405,4,1,0,11,181,1
2026-03-05 19:54:13.489648,1,98,570,7,1,1,23,406,4,1,0,9,181,1
2026-03-05 19:54:18.489648,1,99,570,6,1,1,22,407,4,1,0,6,181,1
2026-03-05 19:54:23.489648,1,72,571,7,1,1,14,407,5,1,0,7,181,1
2026-03-05 19:54:28.489648,1,74,571,8,1,1,12,407,5,1,0,7,181,1
2026-03-05 19:54:33.489648,1,64,572,7,1,1,11,407,5,1,0,11,181,1
2026-03-05 19:54:38.489648,1,112,572,8,1,1,20,408,5,1,0,8,181,1
2026-03-05 19:54:43.489648,2,119,573,7,1,1,17,408,5,1,1,7,181,1
2026-03-05 19:54:48.489648,2,82,573,7,1,0,22,408,4,1,1,8,181,1
2026-03-05 19:54:53.489648,1,76,573,7,1,0,13,408,4,1,0,9,181,1
2026-03-05 19:54:58.489648,1,69,573,6,1,1,23,409,4,1,0,6,182,1
2026-03-05 19:55:03.489648,1,84,573,7,1,1,19,410,4,1,0,8,183,1
2026-03-05 19:55:08.489648,1,117,574,7,1,1,17,410,5,1,0,10,184,1
2026-03-05 19:55:13.489648,2,101,575,8,1,1,19,411,4,1,0,11,184,1
2026-03-05 19:55:18.489648,1,75,576,7,1,1,11,411,4,1,0,10,184,1
2026-03-05 19:55:23.489648,1,94,576,8,1,0,21,411,5,1,0,5,184,1
2026-03-05 19:55:28.489648,1,106,576,8,1,1,20,411,5,1,0,8,184,1
2026-03-05 19:55:33.489648,1,92,576,7,1,1,16,412,5,1,0,10,184,1
2026-03-05 19:55:38.489648,2,111,577,8,1,1,19,412,5,1,1,9,184,1
2026-03-05 19:55:43.489648,1,111,578,7,1,1,15,412,5,1,1,5,184,1
2026-03-05 19:55:48.489648,1,66,579,7,1,1,20,413,4,1,0,7,184,1
2026-03-05 19:55:53.489648,1,109,580,7,1,1,14,414,5,1,0,8,184,1
2026-03-05 19:55:58.489648,1,88,581,8,1,1,22,414,5,1,1,9,184,1
2026-03-05 19:56:03.489648,1,78,581,7,1,1,10,415,4,1,1,6,184,1
2026-03-05 19:56:08.489648,1,97,581,7,1,0,22,415,5,1,0,12,184,1
2026-03-05 19:56:13.489648,1,109,581,7,1,0,22,416,4,1,1,8,184,1
2026-03-05 19:56:18.489648,2,105,581,7,1,1,22,417,5,1,1,7,185,1
2026-03-05 19:56:23.489648,1,71,581,7,1,1,23,417,4,1,0,12,185,1
2026-03-05 19:56:28.489648,2,70,581,8,1,1,13,417,5,1,0,9,185,1
2026-03-05 19:56:33.489648,1,87,582,7,1,1,18,418,4,1,1,10,185,1
2026-03-05 19:56:38.489648,1,108,582,7,1,1,21,418,4,1,0,12,185,1
2026-03-05 19:56:43.489648,1,102,582,8,1,1,16,419,4,1,1,9,185,1
2026-03-05 19:56:48.489648,2,63,583,7,1,1,24,419,5,1,0,9,185,1
2026-03-05 19:56:53.489648,2,87,584,8,1,1,15,419,4,1,1,6,185,1
2026-03-05 19:56:58.489648,2,112,585,8,1,0,21,419,4,1,0,5,185,1
2026-03-05 19:57:03.489648,2,62,585,7,1,0,18,420,4,1,0,9,185,1
2026-03-05 19:57:08.489648,2,88,586,8,1,1,22,420,4,1,0,12,185,1
2026-03-05 19:57:13.489648,1,98,587,7,1,0,19,420,4,1,0,11,185,1
2026-03-05 19:57:18.489648,1,93,587,6,1,1,19,420,4,1,0,7,185,1
2026-03-05 19:57:23.489648,2,69,588,7,1,1,13,421,5,1,1,11,186,1
2026-03-05 19:57:28.489648,1,108,589,8,1,1,22,421,5,1,1,6,186,1
2026-03-05 19:57:33.489648,1,88,590,7,1,1,17,421,4,1,0,9,186,1
2026-03-05 19:57:38.489648,1,108,590,7,1,1,11,421,5,1,0,11,186,1
2026-03-05 19:57:43.489648,1,72,591,8,1,1,23,422,4,1,0,10,186,1
2026-03-05 19:57:48.489648,2,107,591,8,1,0,14,422,4,1,0,11,186,1
2026-03-05 19:57:53.489648,1,118,591,8,1,0,22,422,4,1,1,5,186,1
2026-03-05 19:57:58.489648,1,86,591,7,1,1,14,423,5,1,0,11,186,1
2026-03-05 19:58:03.489648,2,105,592,8,1,1,17,423,4,1,0,10,186,1
2026-03-05 19:58:08.489648,1,89,593,7,1,1,22,424,4,1,0,12,186,1
2026-03-05 19:58:13.489648,2,86,594,8,1,1,16,424,4,1,0,11,186,1
2026-03-05 19:58:18.489648,1,106,594,8,1,1,20,425,4,1,0,6,187,1
2026-03-05 19:58:23.489648,2,106,594,8,1,1,11,426,5,1,0,8,187,1
2026-03-05 19:58:28.489648,1,70,595,8,1,1,15,427,4,1,0,8,187,1
2026-03-05 19:58:33.489648,1,111,595,7,1,1,18,427,5,1,0,10,187,1
2026-03-05 19:58:38.489648,2,66,595,8,1,0,21,427,5,1,0,7,187,1
2026-03-05 19:58:43.489648,1,78,596,7,1,0,22,427,5,1,1,8,187,1
2026-03-05 19:58:48.489648,1,96,597,8,1,1,16,427,5,1,0,9,188,1
2026-03-05 19:58:53.489648,2,99,598,7,1,1,21,427,4,1,0,6,188,1
2026-03-05 19:58:58.489648,1,105,599,8,1,1,22,427,4,1,1,6,188,1
2026-03-05 19:59:03.489648,1,92,599,8,1,1,18,427,4,1,0,8,188,1
2026-03-05 19:59:08.489648,1,65,600,8,1,1,23,427,5,1,1,6,188,1
2026-03-05 19:59:13.489648,2,80,601,8,1,1,17,427,5,1,0,7,188,1
2026-03-05 19:59:18.489648,1,107,602,7,1,1,24,427,4,1,0,10,188,1
2026-03-05 19:59:23.489648,2,88,603,8,1,1,23,428,5,1,0,12,188,1
2026-03-05 19:59:28.489648,1,93,604,7,1,1,20,428,4,1,0,9,188,1
2026-03-05 19:59:33.489648,2,105,604,8,1,1,12,429,5,1,0,9,188,1
2026-03-05 19:59:38.489648,1,92,605,7,1,0,21,429,5,1,1,6,188,1
2026-03-05 19:59:43.489648,1,112,605,8,1,1,11,429,4,1,1,12,188,1
2026-03-05 19:59:48.489648,2,96,606,8,1,1,21,429,4,1,1,7,188,1
2026-03-05 19:59:53.489648,1,69,606,8,1,1,11,429,4,1,0,10,189,1
2026-03-05 19:59:58.489648,1,105,606,8,1,1,22,429,5,1,1,7,189,1
2026-03-05 20:00:03.489648,1,115,606,8,1,1,19,429,5,1,0,6,189,1
2026-03-05 20:00:08.489648,2,75,607,7,1,1,20,429,4,1,0,10,189,1
2026-03-05 20:00:13.489648,1,81,608,8,1,1,20,429,5,1,1,10,189,1
2026-03-05 20:00:18.489648,1,101,608,7,1,0,18,429,5,1,0,9,189,1
2026-03-05 20:00:23.489648,1,71,609,8,1,1,24,429,4,1,1,6,189,1
2026-03-05 20:00:28.489648,1,62,609,7,1,1,13,429,5,1,1,8,189,1
2026-03-05 20:00:33.489648,1,79,609,8,1,1,12,429,4,1,0,10,189,1
2026-03-05 20:00:38.489648,1,111,609,7,1,1,14,429,5,1,1,9,189,1
2026-03-05 20:00:43.489648,1,77,609,8,1,1,17,429,4,1,0,5,189,1
2026-03-05 20:00:48.489648,2,100,610,8,1,1,23,429,5,1,1,6,189,1
2026-03-05 20:00:53.489648,1,72,611,8,1,1,23,429,5,1,1,10,189,1
2026-03-05 20:00:58.489648,1,81,611,8,1,1,11,430,5,1,1,8,189,1
2026-03-05 20:01:03.489648,2,78,611,7,1,1,22,430,5,1,0,7,189,1
2026-03-05 20:01:08.489648,1,72,611,8,1,1,14,431,5,1,1,6,189,1
2026-03-05 20:01:13.489648,2,68,611,8,1,1,22,432,4,1,0,5,189,1
2026-03-05 20:01:18.489648,2,77,611,9,1,0,15,432,4,1,1,8,189,1
2026-03-05 20:01:23.489648,1,111,611,7,1,0,14,432,4,1,0,10,189,1
2026-03-05 20:01:28.489648,2,63,612,7,1,1,23,432,5,1,0,10,189,1
2026-03-05 20:01:33.489648,2,82,612,8,1,1,19,432,5,1,1,8,189,1
2026-03-05 20:01:38.489648,1,89,612,7,1,1,23,432,5,1,1,9,189,1
2026-03-05 20:01:43.489648,2,113,613,8,1,1,20,432,5,1,0,12,189,1
2026-03-05 20:01:48.489648,1,110,614,7,1,1,14,433,5,1,0,11,189,1
2026-03-05 20:01:53.489648,1,109,614,8,1,1,15,434,5,1,0,8,189,1
2026-03-05 20:01:58.489648,2,65,614,7,1,0,18,434,4,1,0,10,189,1
2026-03-05 20:02:03.489648,1,92,615,7,1,1,24,434,4,1,0,6,189,1
2026-03-05 20:02:08.489648,2,94,615,7,1,1,21,435,4,1,1,7,189,1
2026-03-05 20:02:13.489648,1,97,615,8,1,1,17,435,5,1,1,11,190,1
2026-03-05 20:02:18.489648,2,68,615,7,1,1,20,435,5,1,1,7,190,1
2026-03-05 20:02:23.489648,1,113,616,7,1,0,20,435,5,1,1,8,190,1
2026-03-05 20:02:28.489648,2,107,616,7,1,1,12,435,5,1,0,10,190,1
2026-03-05 20:02:33.489648,2,75,616,8,1,0,13,435,4,1,0,10,190,1
2026-03-05 20:02:38.489648,2,111,616,8,1,1,18,436,4,1,1,8,190,1
2026-03-05 20:02:43.489648,1,67,617,8,1,1,19,436,4,1,1,5,191,1
2026-03-05 20:02:48.489648,1,108,617,8,1,1,22,437,4,1,1,11,192,1
2026-03-05 20:02:53.489648,1,111,618,8,1,0,18,437,4,1,1,5,192,1
2026-03-05 20:02:58.489648,1,68,619,7,1,1,20,437,4,1,0,11,192,1
2026-03-05 20:03:03.489648,2,75,619,8,1,1,21,438,5,1,0,10,192,1
2026-03-05 20:03:08.489648,1,76,619,8,1,1,14,438,5,1,1,6,192,1
2026-03-05 20:03:13.489648,1,96,619,7,1,1,16,439,4,1,0,11,192,1
2026-03-05 20:03:18.489648,1,113,620,7,1,1,22,439,5,1,0,12,192,1
2026-03-05 20:03:23.489648,2,104,621,7,1,1,12,439,4,1,1,8,192,1
2026-03-05 20:03:28.489648,1,64,622,7,1,1,14,439,4,1,1,10,192,1
2026-03-05 20:03:33.489648,1,71,623,9,1,1,21,439,4,1,1,11,192,1
2026-03-05 20:03:38.489648,2,113,624,7,1,1,11,440,4,1,0,5,192,1
2026-03-05 20:03:43.489648,1,73,625,8,1,0,20,440,5,1,1,11,192,1
2026-03-05 20:03:48.489648,1,116,626,8,1,1,17,441,5,1,0,8,192,1
2026-03-05 20:03:53.489648,2,80,627,8,1,1,14,442,4,1,0,11,192,1
2026-03-05 20:03:58.489648,1,117,627,7,1,1,15,443,4,1,0,10,192,1
2026-03-05 20:04:03.489648,1,70,628,8,1,1,23,443,4,1,0,8,192,1
2026-03-05 20:04:08.489648,1,95,628,9,1,0,21,443,4,1,1,9,192,1
2026-03-05 20:04:13.489648,1,109,629,9,1,1,11,444,4,1,0,12,192,1
2026-03-05 20:04:18.489648,1,104,629,9,1,0,22,444,5,1,0,12,192,1
2026-03-05 20:04:23.489648,1,79,630,8,1,1,20,445,5,1,1,9,192,1
2026-03-05 20:04:28.489648,1,112,631,7,1,1,24,445,5,1,0,7,192,1
2026-03-05 20:04:33.489648,1,105,631,8,1,1,21,445,4,1,0,8,192,1
2026-03-05 20:04:38.489648,1,63,631,9,1,0,24,445,5,1,1,5,192,1
2026-03-05 20:04:43.489648,1,76,631,8,1,1,22,445,4,1,0,9,192,1
2026-03-05 20:04:48.489648,1,109,632,8,1,1,14,446,4,1,1,8,192,1
2026-03-05 20:04:53.489648,1,72,633,9,1,1,19,446,4,1,1,8,192,1
2026-03-05 20:04:58.489648,1,110,634,8,1,0,11,446,4,1,1,12,192,1
2026-03-05 20:05:03.489648,2,120,634,8,1,1,22,447,5,1,0,7,192,1
2026-03-05 20:05:08.489648,2,66,634,7,1,1,24,447,5,1,0,9,192,1
2026-03-05 20:05:13.489648,1,92,635,8,1,1,22,447,5,1,0,8,192,1
2026-03-05 20:05:18.489648,1,106,635,7,1,1,21,447,4,1,1,9,192,1
2026-03-05 20:05:23.489648,1,82,635,8,1,1,12,447,5,1,0,7,193,1
2026-03-05 20:05:28.489648,2,92,636,8,1,1,20,447,5,1,0,9,193,1
2026-03-05 20:05:33.489648,2,87,637,8,1,1,18,447,4,1,1,6,193,1
2026-03-05 20:05:38.489648,1,84,638,7,1,1,22,448,5,1,1,8,193,1
2026-03-05 20:05:43.489648,1,116,639,7,1,1,19,448,5,1,0,7,193,1
2026-03-05 20:05:48.489648,1,108,640,7,1,0,14,448,4,1,1,7,194,1
2026-03-05 20:05:53.489648,2,115,640,7,1,1,15,448,5,1,1,9,194,1
2026-03-05 20:05:58.489648,1,110,640,9,1,1,11,449,5,1,0,10,194,1
2026-03-05 20:06:03.489648,2,117,641,7,1,1,17,449,5,1,0,10,194,1
2026-03-05 20:06:08.489648,1,68,641,8,1,1,21,449,5,1,0,11,194,1
2026-03-05 20:06:13.489648,2,73,641,8,1,1,16,449,4,1,0,12,194,1
2026-03-05 20:06:18.489648,2,112,642,8,1,0,19,449,4,1,1,11,194,1
2026-03-05 20:06:23.489648,2,80,643,8,1,1,20,449,5,1,1,5,194,1
2026-03-05 20:06:28.489648,1,119,644,7,1,1,12,450,4,1,0,6,195,1
2026-03-05 20:06:33.489648,1,70,644,7,1,1,14,450,5,1,0,11,195,1
2026-03-05 20:06:38.489648,1,80,644,8,1,1,19,450,4,1,0,10,195,1
2026-03-05 20:06:43.489648,1,67,644,8,1,1,13,450,4,1,0,11,195,1
2026-03-05 20:06:48.489648,1,95,645,8,1,1,15,451,4,1,0,10,195,1
2026-03-05 20:06:53.489648,2,69,646,8,1,1,19,452,4,1,1,8,196,1
2026-03-05 20:06:58.489648,1,119,647,9,1,1,13,453,5,1,0,10,197,1
2026-03-05 20:07:03.489648,2,69,647,9,1,0,17,454,5,1,0,6,197,1
2026-03-05 20:07:08.489648,2,112,647,8,1,1,15,454,5,1,1,11,197,1
2026-03-05 20:07:13.489648,2,101,647,9,1,1,22,454,4,1,1,12,198,1
2026-03-05 20:07:18.489648,1,92,647,8,1,1,18,454,4,1,1,6,198,1
2026-03-05 20:07:23.489648,1,83,647,8,1,1,14,455,5,1,0,7,199,1
2026-03-05 20:07:28.489648,2,110,647,8,1,1,16,455,5,1,1,11,199,1
2026-03-05 20:07:33.489648,1,70,648,8,1,1,24,455,4,1,0,5,199,1
2026-03-05 20:07:38.489648,1,102,648,8,1,1,18,456,4,1,1,5,199,1
2026-03-05 20:07:43.489648,2,86,649,7,1,0,16,456,5,1,0,6,199,1
2026-03-05 20:07:48.489648,1,91,650,8,1,0,22,456,5,1,0,11,199,1
2026-03-05 20:07:53.489648,1,110,651,8,1,1,20,457,5,1,0,12,199,1
2026-03-05 20:07:58.489648,1,62,652,9,1,1,15,458,5,1,0,7,199,1
2026-03-05 20:08:03.489648,2,105,652,9,1,1,17,458,5,1,0,6,199,1
2026-03-05 20:08:08.489648,1,81,653,9,1,1,23,459,4,1,0,7,199,1
2026-03-05 20:08:13.489648,1,91,653,8,1,1,11,460,5,1,0,7,199,1
2026-03-05 20:08:18.489648,1,66,653,8,1,0,12,461,5,1,0,5,199,1
2026-03-05 20:08:23.489648,2,113,653,8,1,0,13,461,5,1,0,7,199,1
2026-03-05 20:08:28.489648,1,66,654,7,1,0,21,461,5,1,0,12,199,1
2026-03-05 20:08:33.489648,1,111,655,9,1,1,21,461,5,1,0,7,199,1
2026-03-05 20:08:38.489648,1,116,655,9,1,1,23,461,5,1,0,6,199,1
2026-03-05 20:08:43.489648,1,92,655,8,1,1,18,461,5,1,0,10,199,1
2026-03-05 20:08:48.489648,2,113,656,9,1,1,19,461,5,1,0,7,199,1
2026-03-05 20:08:53.489648,1,61,656,8,1,0,16,461,5,1,0,11,199,1
2026-03-05 20:08:58.489648,2,79,657,9,1,0,21,462,5,1,0,7,199,1
2026-03-05 20:09:03.489648,2,102,657,7,1,1,19,462,5,1,0,9,199,1
2026-03-05 20:09:08.489648,1,92,657,8,1,0,16,462,5,1,0,10,200,1
2026-03-05 20:09:13.489648,2,78,657,8,1,1,17,462,5,1,1,10,200,1
2026-03-05 20:09:18.489648,1,109,657,8,1,1,19,462,5,1,0,9,200,1
2026-03-05 20:09:23.489648,1,86,658,9,1,1,24,462,4,1,1,7,200,1
2026-03-05 20:09:28.489648,1,107,658,9,1,1,18,463,4,1,0,8,201,1
2026-03-05 20:09:33.489648,1,120,658,8,1,1,17,464,5,1,0,10,202,1
2026-03-05 20:09:38.489648,2,78,658,9,1,0,22,464,5,1,1,9,202,1
2026-03-05 20:09:43.489648,2,94,658,9,1,1,21,464,4,1,0,12,202,1
2026-03-05 20:09:48.489648,2,67,658,8,1,1,24,465,5,1,0,7,202,1
2026-03-05 20:09:53.489648,2,97,658,7,1,1,15,465,5,1,1,9,202,1
2026-03-05 20:09:58.489648,2,117,658,8,1,1,23,465,5,1,0,10,202,1
2026-03-05 20:10:03.489648,2,115,658,9,1,1,15,465,5,1,0,8,202,1
2026-03-05 20:10:08.489648,2,105,659,9,1,1,14,466,4,1,0,6,202,1
2026-03-05 20:10:13.489648,1,70,659,8,1,1,15,466,5,1,1,9,203,1
2026-03-05 20:10:18.489648,1,61,660,9,1,1,20,466,5,1,0,11,204,1
2026-03-05 20:10:23.489648,1,111,660,8,1,0,14,466,5,1,0,9,204,1
2026-03-05 20:10:28.489648,2,62,660,8,1,1,13,466,5,1,0,12,204,1
2026-03-05 20:10:33.489648,1,115,660,9,1,1,20,467,5,1,0,9,204,1
2026-03-05 20:10:38.489648,1,109,660,8,1,0,12,468,5,1,0,9,204,1
2026-03-05 20:10:43.489648,2,109,661,7,1,1,15,469,5,1,1,8,204,1
2026-03-05 20:10:48.489648,1,105,661,8,1,0,20,469,5,1,1,7,204,1
2026-03-05 20:10:53.489648,1,106,661,9,1,0,21,469,4,1,0,9,204,1
2026-03-05 20:10:58.489648,1,114,661,7,1,0,14,469,5,1,0,6,204,1
2026-03-05 20:11:03.489648,2,95,662,8,1,1,23,469,5,1,0,10,204,1
2026-03-05 20:11:08.489648,2,117,663,8,1,1,17,469,4,1,0,10,204,1
2026-03-05 20:11:13.489648,2,83,663,9,1,1,20,470,5,1,0,7,204,1
2026-03-05 20:11:18.489648,2,77,663,9,1,1,12,471,5,1,0,6,204,1
2026-03-05 20:11:23.489648,1,63,664,7,1,1,21,472,4,1,0,9,204,1
2026-03-05 20:11:28.489648,2,89,664,9,1,0,19,472,5,1,1,7,204,1
2026-03-05 20:11:33.489648,2,103,665,9,1,1,19,473,5,1,0,11,204,1
2026-03-05 20:11:38.489648,1,81,665,8,1,0,21,473,5,1,0,9,204,1
2026-03-05 20:11:43.489648,1,117,665,9,1,0,20,474,4,1,1,11,204,1
2026-03-05 20:11:48.489648,1,78,666,9,1,1,13,474,4,1,1,6,204,1
2026-03-05 20:11:53.489648,1,115,666,9,1,1,20,475,5,1,0,9,204,1
2026-03-05 20:11:58.489648,2,102,666,8,1,1,14,476,4,1,1,6,204,1
2026-03-05 20:12:03.489648,2,83,666,9,1,0,10,476,5,1,0,8,204,1
2026-03-05 20:12:08.489648,1,80,666,8,1,1,18,476,4,1,1,8,204,1
2026-03-05 20:12:13.489648,2,93,666,8,1,1,23,477,4,1,0,10,204,1
2026-03-05 20:12:18.489648,1,113,667,8,1,1,23,477,5,1,0,7,204,1
2026-03-05 20:12:23.489648,1,112,667,7,1,1,23,477,5,1,0,12,204,1
2026-03-05 20:12:28.489648,1,83,668,7,1,1,11,477,5,1,1,6,204,1
2026-03-05 20:12:33.489648,1,117,669,9,1,1,16,478,5,1,0,11,204,1
2026-03-05 20:12:38.489648,1,83,670,9,1,1,24,478,5,1,1,8,205,1
2026-03-05 20:12:43.489648,1,68,670,8,1,0,15,478,5,1,0,11,205,1
2026-03-05 20:12:48.489648,2,70,671,9,1,1,21,478,4,1,0,9,205,1
2026-03-05 20:12:53.489648,2,105,671,8,1,1,11,478,4,1,0,9,205,1
2026-03-05 20:12:58.489648,1,118,672,8,1,0,23,478,5,1,0,8,205,1
2026-03-05 20:13:03.489648,1,72,672,9,1,1,12,478,5,1,0,7,205,1
2026-03-05 20:13:08.489648,2,81,673,8,1,1,14,478,5,1,0,11,205,1
2026-03-05 20:13:13.489648,1,90,674,7,1,0,20,478,5,1,1,10,206,1
2026-03-05 20:13:18.489648,1,64,674,9,1,0,12,479,5,1,0,11,206,1
2026-03-05 20:13:23.489648,1,119,675,7,1,0,17,479,5,1,0,10,206,1
2026-03-05 20:13:28.489648,2,67,675,9,1,1,19,479,5,1,1,9,206,1
2026-03-05 20:13:33.489648,1,76,675,8,1,1,12,479,5,1,1,7,207,1
2026-03-05 20:13:38.489648,2,115,676,8,1,0,17,480,5,1,1,6,207,1
2026-03-05 20:13:43.489648,1,115,676,8,1,1,19,480,5,1,0,9,208,1
2026-03-05 20:13:48.489648,1,108,677,9,1,1,15,481,4,1,0,8,208,1
2026-03-05 20:13:53.489648,1,83,677,9,1,1,10,481,5,1,0,7,208,1
2026-03-05 20:13:58.489648,1,67,677,9,1,1,20,481,5,1,1,8,208,1
2026-03-05 20:14:03.489648,2,79,678,9,1,1,23,481,5,1,1,9,208,1
2026-03-05 20:14:08.489648,1,112,679,8,1,1,21,481,5,1,1,8,208,1
2026-03-05 20:14:13.489648,1,108,679,8,1,1,24,481,4,1,1,10,208,1
2026-03-05 20:14:18.489648,1,110,679,9,1,1,22,481,5,1,1,8,208,1
2026-03-05 20:14:23.489648,1,81,680,8,1,1,16,482,5,1,0,10,208,1
2026-03-05 20:14:28.489648,1,68,680,8,1,1,12,482,5,1,0,9,208,1
2026-03-05 20:14:33.489648,1,110,680,8,1,1,17,482,4,1,0,10,208,1
2026-03-05 20:14:38.489648,2,66,681,9,1,1,14,482,5,1,1,5,208,1
2026-03-05 20:14:43.489648,1,102,682,9,1,1,23,482,5,1,0,11,208,1
2026-03-05 20:14:48.489648,1,78,683,8,1,1,15,482,4,1,0,6,208,1
2026-03-05 20:14:53.489648,2,105,683,8,1,1,10,482,5,1,0,7,208,1
2026-03-05 20:14:58.489648,2,62,684,9,1,1,21,482,5,1,0,8,208,1
2026-03-05 20:15:03.489648,2,115,684,8,1,1,12,483,5,1,0,6,208,1
2026-03-05 20:15:08.489648,2,79,684,8,1,1,19,483,4,1,1,10,208,1
2026-03-05 20:15:13.489648,2,117,684,9,1,1,18,483,4,1,0,10,208,1
2026-03-05 20:15:18.489648,1,66,685,9,1,0,12,483,5,1,0,12,208,1
2026-03-05 20:15:23.489648,1,108,686,8,1,1,20,483,5,1,0,12,208,1
2026-03-05 20:15:28.489648,1,102,686,9,1,0,14,484,5,1,0,8,208,1
2026-03-05 20:15:33.489648,1,87,686,9,1,1,23,484,5,1,1,9,208,1
2026-03-05 20:15:38.489648,2,78,687,9,1,1,17,484,5,1,0,7,208,1
2026-03-05 20:15:43.489648,1,92,687,8,1,1,19,484,4,1,0,10,208,1
2026-03-05 20:15:48.489648,1,115,687,8,1,1,14,485,4,1,0,6,208,1
2026-03-05 20:15:53.489648,2,62,688,9,1,1,20,485,5,1,1,6,208,1
2026-03-05 20:15:58.489648,2,79,689,7,1,0,12,485,5,1,0,5,209,1
2026-03-05 20:16:03.489648,1,88,689,9,1,1,15,485,5,1,0,9,209,1
2026-03-05 20:16:08.489648,1,82,690,8,1,1,24,486,5,1,0,11,209,1
2026-03-05 20:16:13.489648,1,111,690,8,1,1,22,486,5,1,1,11,210,1
2026-03-05 20:16:18.489648,1,90,690,8,1,0,22,486,5,1,1,11,210,1
2026-03-05 20:16:23.489648,1,85,690,9,1,1,17,486,5,1,0,9,210,1
2026-03-05 20:16:28.489648,1,89,690,9,1,0,14,486,6,1,1,6,210,1
2026-03-05 20:16:33.489648,1,62,690,9,1,1,17,486,5,1,1,7,210,1
2026-03-05 20:16:38.489648,1,62,690,8,1,1,21,486,5,1,0,11,210,1
2026-03-05 20:16:43.489648,2,66,690,9,1,0,11,486,4,1,0,6,210,1
2026-03-05 20:16:48.489648,2,76,691,8,1,1,19,486,4,1,0,9,210,1
2026-03-05 20:16:53.489648,1,64,692,9,1,1,15,486,5,1,1,9,210,1
2026-03-05 20:16:58.489648,1,115,692,9,1,1,16,486,5,1,0,11,211,1
2026-03-05 20:17:03.489648,1,80,693,9,1,1,20,486,5,1,0,8,211,1
2026-03-05 20:17:08.489648,1,120,693,8,1,1,14,487,5,1,0,5,211,1
2026-03-05 20:17:13.489648,1,120,694,9,1,1,15,487,5,1,0,9,211,1
2026-03-05 20:17:18.489648,2,109,694,9,1,1,20,487,4,1,0,6,211,1
2026-03-05 20:17:23.489648,2,62,694,8,1,1,14,487,5,1,0,7,211,1
2026-03-05 20:17:28.489648,1,110,694,8,1,1,17,488,4,1,0,7,211,1
2026-03-05 20:17:33.489648,2,92,694,8,1,0,17,488,4,1,0,6,212,1
2026-03-05 20:17:38.489648,2,120,695,8,1,0,15,488,5,1,1,11,212,1
2026-03-05 20:17:43.489648,2,76,696,9,1,1,18,488,6,1,0,9,212,1
2026-03-05 20:17:48.489648,2,110,696,8,1,1,22,488,5,1,0,7,212,1
2026-03-05 20:17:53.489648,2,113,696,8,1,0,20,488,5,1,0,10,212,1
2026-03-05 20:17:58.489648,1,76,697,9,1,0,18,489,5,1,1,9,212,1
2026-03-05 20:18:03.489648,2,108,697,8,1,1,18,489,4,1,0,9,213,1
2026-03-05 20:18:08.489648,1,72,697,9,1,1,11,489,4,1,1,10,213,1
2026-03-05 20:18:13.489648,1,84,697,8,1,1,22,489,5,1,0,12,213,1
2026-03-05 20:18:18.489648,2,90,698,8,1,0,10,489,4,1,0,11,213,1
2026-03-05 20:18:23.489648,2,115,698,8,1,1,15,490,6,1,0,9,213,1
2026-03-05 20:18:28.489648,1,110,698,8,1,1,21,490,5,1,0,7,214,1
2026-03-05 20:18:33.489648,2,103,699,8,1,1,22,491,6,1,0,9,215,1
2026-03-05 20:18:38.489648,1,62,700,8,1,1,18,491,5,1,1,11,215,1
2026-03-05 20:18:43.489648,1,72,701,8,1,1,23,491,5,1,0,8,216,1
2026-03-05 20:18:48.489648,1,83,702,8,1,0,19,491,5,1,0,11,216,1
2026-03-05 20:18:53.489648,2,80,702,9,1,0,21,492,6,1,1,8,216,1
2026-03-05 20:18:58.489648,2,78,702,9,1,1,11,492,5,1,1,7,217,1
2026-03-05 20:19:03.489648,1,72,703,9,1,1,17,492,5,1,1,11,218,1
2026-03-05 20:19:08.489648,1,81,703,8,1,1,20,493,5,1,1,6,218,1
2026-03-05 20:19:13.489648,2,81,703,9,1,1,11,493,5,1,0,11,218,1
2026-03-05 20:19:18.489648,1,102,703,8,1,0,23,493,6,1,1,10,218,1
2026-03-05 20:19:23.489648,2,120,703,9,1,0,13,494,4,1,1,7,218,1
2026-03-05 20:19:28.489648,1,108,703,9,1,1,16,494,6,1,1,8,218,1
2026-03-05 20:19:33.489648,1,80,704,9,1,1,23,495,6,1,0,11,218,1
2026-03-05 20:19:38.489648,2,98,705,9,1,1,17,495,5,1,0,6,218,1
2026-03-05 20:19:43.489648,1,116,705,9,1,1,15,495,6,1,1,11,218,1
2026-03-05 20:19:48.489648,1,113,705,9,1,1,15,495,5,1,1,10,218,1
2026-03-05 20:19:53.489648,2,83,705,8,1,1,14,495,6,1,0,9,219,1
2026-03-05 20:19:58.489648,1,71,705,9,1,1,24,495,5,1,0,11,219,1
2026-03-05 20:20:03.489648,1,64,705,9,1,1,21,495,5,1,0,8,219,1
2026-03-05 20:20:08.489648,2,66,706,9,1,1,24,495,5,1,1,7,219,1
2026-03-05 20:20:13.489648,2,74,707,8,1,0,16,495,6,1,0,9,219,1
2026-03-05 20:20:18.489648,2,99,707,9,1,1,14,495,5,1,0,7,219,1
2026-03-05 20:20:23.489648,1,97,707,8,1,1,24,495,5,1,0,7,219,1
2026-03-05 20:20:28.489648,1,111,708,8,1,0,17,495,5,1,1,10,219,1
2026-03-05 20:20:33.489648,2,75,709,8,1,1,17,495,5,1,0,7,219,1
2026-03-05 20:20:38.489648,2,106,710,8,1,1,15,496,5,1,1,6,219,1
2026-03-05 20:20:43.489648,2,62,710,8,1,1,22,496,4,1,0,5,219,1
2026-03-05 20:20:48.489648,2,117,710,8,1,1,12,496,5,1,0,10,219,1
2026-03-05 20:20:53.489648,1,70,711,9,1,0,11,496,5,1,1,11,219,1
2026-03-05 20:20:58.489648,1,105,712,8,1,1,17,496,5,1,0,6,219,1
2026-03-05 20:21:03.489648,2,116,712,8,1,1,18,496,5,1,0,8,220,1
2026-03-05 20:21:08.489648,2,85,712,8,1,1,21,497,5,1,0,10,220,1
2026-03-05 20:21:13.489648,1,89,712,10,1,0,12,497,4,1,1,11,220,1
2026-03-05 20:21:18.489648,1,115,712,8,1,1,24,497,5,1,1,10,220,1
2026-03-05 20:21:23.489648,1,111,712,9,1,1,20,497,4,1,0,11,220,1
2026-03-05 20:21:28.489648,2,94,713,8,1,1,19,497,5,1,0,12,220,1
2026-03-05 20:21:33.489648,2,70,713,9,1,1,16,497,4,1,0,5,221,1
2026-03-05 20:21:38.489648,2,65,713,9,1,1,11,497,5,1,0,10,221,1
2026-03-05 20:21:43.489648,1,113,713,8,1,1,10,498,6,1,0,9,221,1
2026-03-05 20:21:48.489648,1,91,713,9,1,1,14,498,5,1,0,5,221,1
2026-03-05 20:21:53.489648,2,100,713,8,1,1,13,498,5,1,0,10,221,1
2026-03-05 20:21:58.489648,1,66,714,8,1,1,18,499,5,1,1,11,222,1
2026-03-05 20:22:03.489648,1,88,714,8,1,1,21,500,5,1,0,11,222,1
2026-03-05 20:22:08.489648,1,68,715,9,1,1,21,500,5,1,1,6,222,1
2026-03-05 20:22:13.489648,1,106,715,9,1,1,23,500,5,1,0,6,222,1
2026-03-05 20:22:18.489648,2,66,716,8,1,0,12,500,5,1,0,8,223,1
2026-03-05 20:22:23.489648,1,94,716,8,1,0,19,500,4,1,0,12,223,1
2026-03-05 20:22:28.489648,1,62,717,8,1,1,21,500,5,1,0,7,223,1
2026-03-05 20:22:33.489648,2,76,717,9,1,1,18,501,5,1,0,6,223,1
2026-03-05 20:22:38.489648,1,98,717,8,1,1,20,501,5,1,1,12,223,1
2026-03-05 20:22:43.489648,2,107,717,9,1,0,16,501,5,1,0,6,223,1
2026-03-05 20:22:48.489648,1,105,717,9,1,1,16,501,5,1,0,8,223,1
2026-03-05 20:22:53.489648,2,83,718,9,1,1,13,501,5,1,1,5,224,1
2026-03-05 20:22:58.489648,2,71,718,9,1,1,14,501,6,1,0,7,224,1
2026-03-05 20:23:03.489648,1,67,718,10,1,1,17,501,6,1,0,5,224,1
2026-03-05 20:23:08.489648,2,96,719,10,1,1,20,501,6,1,1,5,224,1
2026-03-05 20:23:13.489648,2,70,719,8,1,1,11,502,5,1,0,11,224,1
2026-03-05 20:23:18.489648,2,114,720,9,1,1,18,502,5,1,0,11,224,1
2026-03-05 20:23:23.489648,2,116,721,9,1,1,14,502,5,1,0,10,224,1
2026-03-05 20:23:28.489648,1,115,721,8,1,1,23,503,5,1,0,8,224,1
2026-03-05 20:23:33.489648,2,64,721,9,1,1,10,504,6,1,0,8,224,1
2026-03-05 20:23:38.489648,2,104,721,9,1,1,18,505,5,1,0,6,224,1
2026-03-05 20:23:43.489648,1,109,721,9,1,1,13,506,5,1,0,10,224,1
2026-03-05 20:23:48.489648,2,116,721,9,1,1,17,506,5,1,0,7,224,1
2026-03-05 20:23:53.489648,2,89,721,9,1,1,18,506,5,1,1,6,224,1
2026-03-05 20:23:58.489648,2,116,721,9,1,1,21,506,5,1,1,9,224,1
2026-03-05 20:24:03.489648,1,67,721,8,1,1,13,507,4,1,0,6,225,1
2026-03-05 20:24:08.489648,1,90,722,9,1,0,17,507,5,1,1,6,225,1
2026-03-05 20:24:13.489648,2,71,722,8,1,0,17,507,5,1,0,10,225,1
2026-03-05 20:24:18.489648,1,117,723,9,1,1,21,507,6,1,0,9,225,1
2026-03-05 20:24:23.489648,1,83,723,10,1,1,15,507,5,1,1,9,226,1
2026-03-05 20:24:28.489648,1,75,723,8,1,1,18,507,5,1,0,11,226,1
2026-03-05 20:24:33.489648,1,107,723,9,1,0,15,507,6,1,0,8,226,1
2026-03-05 20:24:38.489648,1,106,724,8,1,1,19,508,5,1,1,11,226,1
2026-03-05 20:24:43.489648,2,111,725,8,1,1,23,508,5,1,0,10,226,1
2026-03-05 20:24:48.489648,1,61,725,8,1,1,20,508,5,1,0,7,226,1
2026-03-05 20:24:53.489648,1,87,725,9,1,0,15,508,5,1,1,7,226,1
2026-03-05 20:24:58.489648,1,81,726,10,1,1,21,508,5,1,1,9,226,1
2026-03-05 20:25:03.489648,1,107,726,8,1,1,16,508,6,1,0,6,226,1
2026-03-05 20:25:08.489648,1,109,727,9,1,1,22,509,5,1,1,7,226,1
2026-03-05 20:25:13.489648,1,118,727,9,1,1,13,510,5,1,1,7,226,1
2026-03-05 20:25:18.489648,1,68,728,10,1,1,10,510,6,1,0,10,226,1
2026-03-05 20:25:23.489648,2,106,729,8,1,1,12,511,5,1,0,9,226,1
2026-03-05 20:25:28.489648,2,74,729,9,1,0,17,511,5,1,1,7,226,1
2026-03-05 20:25:33.489648,2,115,730,9,1,0,16,511,5,1,0,8,226,1
2026-03-05 20:25:38.489648,1,65,730,9,1,0,13,511,6,1,1,11,226,1
2026-03-05 20:25:43.489648,2,65,730,9,1,1,17,512,5,1,0,11,227,1
2026-03-05 20:25:48.489648,1,67,730,9,1,1,22,513,6,1,0,7,227,1
2026-03-05 20:25:53.489648,1,113,730,8,1,1,21,513,5,1,1,12,227,1
2026-03-05 20:25:58.489648,2,88,730,8,1,1,23,513,5,1,0,6,227,1
2026-03-05 20:26:03.489648,1,66,730,8,1,0,22,513,5,1,0,8,227,1
2026-03-05 20:26:08.489648,1,86,731,9,1,1,20,513,5,1,0,11,227,1
2026-03-05 20:26:13.489648,1,104,731,9,1,1,21,513,5,1,0,7,227,1
2026-03-05 20:26:18.489648,2,110,732,9,1,1,11,513,5,1,1,9,228,1
2026-03-05 20:26:23.489648,1,97,733,9,1,1,20,513,5,1,0,6,228,1
2026-03-05 20:26:28.489648,1,105,734,8,1,0,19,513,5,1,0,8,228,1
2026-03-05 20:26:33.489648,1,84,734,9,1,1,16,513,5,1,0,7,228,1
2026-03-05 20:26:38.489648,1,76,734,10,1,0,12,513,5,1,0,9,229,1
2026-03-05 20:26:43.489648,1,104,734,8,1,1,14,514,5,1,1,10,229,1
2026-03-05 20:26:48.489648,2,79,734,8,1,1,23,515,5,1,1,8,229,1
2026-03-05 20:26:53.489648,2,93,735,9,1,1,21,515,5,1,1,6,229,1
2026-03-05 20:26:58.489648,1,75,735,8,1,1,14,515,5,1,0,9,229,1
2026-03-05 20:27:03.489648,2,82,736,9,1,1,24,515,5,1,1,10,229,1
2026-03-05 20:27:08.489648,1,84,736,9,1,0,20,515,6,1,1,6,229,1
2026-03-05 20:27:13.489648,2,105,736,8,1,0,18,515,5,1,0,9,229,1
2026-03-05 20:27:18.489648,1,85,737,9,1,1,20,515,5,1,0,10,229,1
2026-03-05 20:27:23.489648,1,81,738,9,1,1,17,516,5,1,0,6,229,1
2026-03-05 20:27:28.489648,1,97,738,10,1,1,14,517,6,1,1,8,229,1
2026-03-05 20:27:33.489648,1,111,738,9,1,1,16,517,5,1,0,8,229,1
2026-03-05 20:27:38.489648,1,98,738,9,1,1,18,517,5,1,0,8,229,1
2026-03-05 20:27:43.489648,1,111,738,9,1,1,14,517,5,1,0,12,229,1
2026-03-05 20:27:48.489648,1,96,738,10,1,1,13,517,6,1,0,6,229,1
2026-03-05 20:27:53.489648,1,116,738,8,1,1,20,517,5,1,0,7,229,1
2026-03-05 20:27:58.489648,2,111,739,8,1,1,19,517,6,1,1,10,229,1
2026-03-05 20:28:03.489648,2,117,740,10,1,1,14,517,6,1,0,12,229,1
2026-03-05 20:28:08.489648,2,76,740,10,1,1,16,518,5,1,0,9,229,1
2026-03-05 20:28:13.489648,1,98,740,9,1,1,18,518,5,1,0,9,229,1
2026-03-05 20:28:18.489648,1,81,740,10,1,0,13,519,5,1,0,7,229,1
2026-03-05 20:28:23.489648,2,67,741,9,1,1,10,520,5,1,1,11,229,1
2026-03-05 20:28:28.489648,1,61,742,8,1,1,16,520,5,1,0,10,229,1
2026-03-05 20:28:33.489648,1,75,743,8,1,1,19,520,5,1,0,12,229,1
2026-03-05 20:28:38.489648,1,73,744,9,1,0,12,520,5,1,0,8,229,1
2026-03-05 20:28:43.489648,1,106,745,8,1,1,13,520,5,1,0,6,229,1
2026-03-05 20:28:48.489648,1,107,745,9,1,1,23,520,5,1,0,6,229,1
2026-03-05 20:28:53.489648,1,115,745,9,1,1,24,520,5,1,1,9,230,1
2026-03-05 20:28:58.489648,1,79,745,8,1,1,12,520,6,1,0,10,230,1
2026-03-05 20:29:03.489648,1,105,746,9,1,0,17,520,5,1,1,9,230,1
2026-03-05 20:29:08.489648,1,119,746,10,1,1,22,520,6,1,0,6,230,1
2026-03-05 20:29:13.489648,1,61,746,10,1,1,19,520,6,1,0,8,230,1
2026-03-05 20:29:18.489648,1,86,746,9,1,1,18,521,6,1,0,6,230,1
2026-03-05 20:29:23.489648,1,113,746,10,1,0,18,521,5,1,0,9,230,1
2026-03-05 20:29:28.489648,2,103,747,9,1,1,14,521,5,1,0,6,231,1
2026-03-05 20:29:33.489648,1,98,747,9,1,1,23,521,5,1,0,8,231,1
2026-03-05 20:29:38.489648,1,70,748,10,1,1,18,521,6,1,0,5,231,1
2026-03-05 20:29:43.489648,2,104,749,8,1,1,14,522,5,1,1,7,231,1
2026-03-05 20:29:48.489648,1,94,749,9,1,1,12,522,5,1,0,11,231,1
2026-03-05 20:29:53.489648,1,97,750,10,1,0,22,522,5,1,1,11,231,1
2026-03-05 20:29:58.489648,1,88,750,9,1,1,21,523,5,1,0,7,231,1
2026-03-05 20:30:03.489648,1,101,750,10,1,1,16,523,5,1,0,7,231,1
2026-03-05 20:30:08.489648,2,95,751,10,1,1,13,524,6,1,0,10,232,1
2026-03-05 20:30:13.489648,1,64,751,8,1,1,12,524,6,1,0,12,232,1
2026-03-05 20:30:18.489648,2,79,752,9,1,0,17,524,5,1,1,7,232,1
2026-03-05 20:30:23.489648,1,100,752,9,1,1,21,524,5,1,1,8,233,1
2026-03-05 20:30:28.489648,1,68,752,9,1,1,23,525,5,1,0,6,233,1
2026-03-05 20:30:33.489648,2,84,753,10,1,1,11,525,5,1,1,8,233,1
2026-03-05 20:30:38.489648,1,81,753,10,1,0,10,525,6,1,0,12,233,1
2026-03-05 20:30:43.489648,1,82,753,10,1,1,23,525,5,1,0,8,233,1
2026-03-05 20:30:48.489648,1,95,753,8,1,1,11,525,5,1,0,11,233,1
2026-03-05 20:30:53.489648,1,84,754,9,1,1,11,526,5,1,1,9,233,1
2026-03-05 20:30:58.489648,2,102,754,10,1,1,18,526,6,1,1,10,233,1
2026-03-05 20:31:03.489648,1,90,755,9,1,0,23,527,5,1,0,8,233,1
2026-03-05 20:31:08.489648,2,97,755,10,1,1,17,527,6,1,0,7,234,1
2026-03-05 20:31:13.489648,1,67,756,9,1,1,13,527,6,1,1,8,234,1
2026-03-05 20:31:18.489648,2,79,757,8,1,1,17,527,5,1,0,5,234,1
2026-03-05 20:31:23.489648,1,69,758,10,1,1,21,528,5,1,0,5,235,1
2026-03-05 20:31:28.489648,2,106,758,9,1,0,12,528,5,1,1,10,235,1
2026-03-05 20:31:33.489648,2,97,758,9,1,1,15,528,5,1,0,5,235,1
2026-03-05 20:31:38.489648,2,73,759,9,1,0,16,528,5,1,1,9,235,1
2026-03-05 20:31:43.489648,2,71,760,8,1,1,15,528,5,1,0,10,236,1
2026-03-05 20:31:48.489648,2,87,760,9,1,1,13,528,5,1,0,8,236,1
2026-03-05 20:31:53.489648,1,112,760,9,1,1,22,528,6,1,1,9,236,1
2026-03-05 20:31:58.489648,2,117,761,9,1,1,16,528,6,1,0,6,236,1
2026-03-05 20:32:03.489648,2,99,762,9,1,0,12,528,6,1,0,9,236,1
2026-03-05 20:32:08.489648,1,93,763,9,1,1,14,528,5,1,0,8,236,1
2026-03-05 20:32:13.489648,1,82,763,8,1,1,14,528,5,1,0,11,237,1
2026-03-05 20:32:18.489648,1,88,763,9,1,0,20,528,6,1,0,5,238,1
2026-03-05 20:32:23.489648,1,100,763,8,1,1,15,528,5,1,0,7,238,1
2026-03-05 20:32:28.489648,2,77,764,8,1,0,21,528,5,1,0,6,238,1
2026-03-05 20:32:33.489648,2,66,764,8,1,1,12,529,6,1,0,7,238,1
2026-03-05 20:32:38.489648,1,101,764,9,1,1,22,529,5,1,0,6,238,1
2026-03-05 20:32:43.489648,1,79,764,9,1,1,17,529,5,1,0,11,238,1
2026-03-05 20:32:48.489648,1,65,764,8,1,1,22,529,5,1,0,6,238,1
2026-03-05 20:32:53.489648,1,63,765,10,1,1,14,530,6,1,0,8,239,1
2026-03-05 20:32:58.489648,2,71,765,9,1,1,15,530,5,1,1,7,239,1
2026-03-05 20:33:03.489648,2,71,765,9,1,1,11,530,6,1,1,11,239,1
2026-03-05 20:33:08.489648,2,104,766,9,1,1,15,530,5,1,1,7,239,1
2026-03-05 20:33:13.489648,1,63,766,8,1,0,10,531,5,1,0,6,240,1
2026-03-05 20:33:18.489648,1,98,767,8,1,1,19,531,6,1,0,7,240,1
2026-03-05 20:33:23.489648,1,63,767,10,1,1,17,532,5,1,0,6,240,1
2026-03-05 20:33:28.489648,1,74,768,9,1,0,18,532,5,1,0,10,241,1
2026-03-05 20:33:33.489648,1,66,769,9,1,1,22,532,6,1,0,11,242,1
2026-03-05 20:33:38.489648,1,118,769,8,1,1,23,533,5,1,1,8,242,1
2026-03-05 20:33:43.489648,1,79,770,10,1,1,22,534,5,1,1,7,242,1
2026-03-05 20:33:48.489648,1,84,770,9,1,1,15,534,6,1,0,9,243,1
2026-03-05 20:33:53.489648,2,118,771,10,1,1,21,535,5,1,0,10,244,1
2026-03-05 20:33:58.489648,2,84,771,9,1,1,18,535,5,1,0,7,244,1
2026-03-05 20:34:03.489648,1,63,771,9,1,1,23,536,5,1,0,8,244,1
2026-03-05 20:34:08.489648,2,82,772,8,1,0,11,537,5,1,0,11,244,1
2026-03-05 20:34:13.489648,2,112,772,9,1,1,17,537,5,1,1,10,244,1
2026-03-05 20:34:18.489648,1,92,773,9,1,1,14,537,5,1,0,9,244,1
2026-03-05 20:34:23.489648,1,86,773,8,1,1,16,537,6,1,1,7,244,1
2026-03-05 20:34:28.489648,1,88,773,9,1,1,14,537,6,1,1,9,244,1
2026-03-05 20:34:33.489648,1,105,774,10,1,1,11,537,5,1,0,12,244,1
2026-03-05 20:34:38.489648,1,86,774,9,1,1,19,538,5,1,1,9,244,1
2026-03-05 20:34:43.489648,1,80,774,9,1,1,20,538,6,1,0,12,244,1
2026-03-05 20:34:48.489648,2,64,775,10,1,1,23,538,5,1,1,11,244,1
2026-03-05 20:34:53.489648,1,111,775,9,1,1,18,538,5,1,0,6,244,1
2026-03-05 20:34:58.489648,1,74,776,9,1,1,13,538,6,1,0,12,244,1
2026-03-05 20:35:03.489648,1,94,777,10,1,1,12,539,6,1,0,9,245,1
2026-03-05 20:35:08.489648,1,77,777,10,1,1,21,540,5,1,0,10,245,1
2026-03-05 20:35:13.489648,2,65,778,10,1,1,16,540,5,1,0,7,245,1
2026-03-05 20:35:18.489648,2,74,778,9,1,1,21,540,5,1,1,8,245,1
2026-03-05 20:35:23.489648,2,64,779,10,1,0,13,540,5,1,1,9,245,1
2026-03-05 20:35:28.489648,2,107,779,10,1,1,18,540,5,1,1,6,245,1
2026-03-05 20:35:33.489648,1,82,779,10,1,1,21,540,5,1,1,5,245,1
2026-03-05 20:35:38.489648,2,67,779,9,1,1,17,541,5,1,1,9,245,1
2026-03-05 20:35:43.489648,2,82,780,8,1,1,15,541,5,1,1,10,245,1
2026-03-05 20:35:48.489648,1,61,780,9,1,1,23,541,6,1,0,12,245,1
2026-03-05 20:35:53.489648,1,63,780,9,1,1,22,541,5,1,0,8,246,1
2026-03-05 20:35:58.489648,1,83,781,8,1,1,22,541,6,1,0,9,246,1
2026-03-05 20:36:03.489648,2,83,782,8,1,1,16,541,6,1,0,7,246,1
2026-03-05 20:36:08.489648,2,61,783,9,1,1,24,541,6,1,0,8,246,1
2026-03-05 20:36:13.489648,1,80,783,10,1,0,21,542,6,1,0,11,246,1
2026-03-05 20:36:18.489648,2,103,783,9,1,1,18,542,5,1,0,10,246,1
2026-03-05 20:36:23.489648,1,62,783,10,1,1,13,543,6,1,0,8,246,1
2026-03-05 20:36:28.489648,1,73,783,10,1,1,14,544,5,1,1,8,246,1
2026-03-05 20:36:33.489648,2,83,783,10,1,1,19,544,5,1,0,8,247,1
2026-03-05 20:36:38.489648,2,111,783,9,1,1,17,545,5,1,0,8,247,1
2026-03-05 20:36:43.489648,2,84,784,9,1,1,19,546,6,1,1,6,247,1
2026-03-05 20:36:48.489648,1,110,784,9,1,1,18,546,5,1,1,5,247,1
2026-03-05 20:36:53.489648,2,107,784,9,1,1,18,546,6,1,1,5,247,1
2026-03-05 20:36:58.489648,2,63,784,10,1,1,15,546,5,1,0,10,247,1
2026-03-05 20:37:03.489648,1,86,785,9,1,1,23,546,5,1,0,8,247,1
2026-03-05 20:37:08.489648,2,97,786,10,1,0,17,546,6,1,0,6,247,1
2026-03-05 20:37:13.489648,1,61,786,9,1,1,11,546,5,1,0,8,247,1
2026-03-05 20:37:18.489648,1,107,787,9,1,1,18,546,6,1,0,5,247,1
2026-03-05 20:37:23.489648,2,93,788,9,1,0,22,547,6,1,0,9,247,1
2026-03-05 20:37:28.489648,1,110,789,10,1,1,18,547,5,1,0,12,247,1
2026-03-05 20:37:33.489648,1,67,790,10,1,1,16,548,6,1,1,6,247,1
2026-03-05 20:37:38.489648,2,81,790,9,1,1,21,548,6,1,0,11,247,1
2026-03-05 20:37:43.489648,2,89,790,9,1,0,16,549,6,1,0,9,247,1
2026-03-05 20:37:48.489648,2,93,790,10,1,1,17,549,5,1,0,6,247,1
2026-03-05 20:37:53.489648,2,85,790,8,1,1,18,549,5,1,1,10,247,1
2026-03-05 20:37:58.489648,1,71,790,10,1,1,21,549,6,1,1,10,247,1
2026-03-05 20:38:03.489648,2,116,790,10,1,1,19,549,6,1,1,10,247,1
2026-03-05 20:38:08.489648,2,66,791,10,1,0,17,549,6,1,0,10,247,1
2026-03-05 20:38:13.489648,1,91,792,10,1,1,22,549,5,1,1,8,247,1
2026-03-05 20:38:18.489648,1,94,793,9,1,1,11,549,6,1,1,5,247,1
2026-03-05 20:38:23.489648,1,78,794,9,1,1,11,550,5,1,0,10,247,1
2026-03-05 20:38:28.489648,2,75,794,9,1,1,22,550,6,1,0,11,247,1
2026-03-05 20:38:33.489648,1,87,794,10,1,1,22,551,6,1,0,11,247,1
2026-03-05 20:38:38.489648,2,78,794,9,1,0,22,551,5,1,1,8,247,1
2026-03-05 20:38:43.489648,1,89,794,8,1,1,14,552,5,1,0,6,247,1
2026-03-05 20:38:48.489648,2,79,795,10,1,1,22,553,6,1,1,12,247,1
2026-03-05 20:38:53.489648,1,108,795,10,1,0,12,554,6,1,0,8,247,1
2026-03-05 20:38:58.489648,1,88,795,9,1,1,22,554,5,1,0,7,247,1
2026-03-05 20:39:03.489648,1,73,795,9,1,1,12,555,5,1,0,8,248,1
2026-03-05 20:39:08.489648,1,71,795,10,1,0,12,556,5,1,0,8,248,1
2026-03-05 20:39:13.489648,1,83,795,10,1,1,15,557,5,1,0,7,248,1
2026-03-05 20:39:18.489648,1,81,795,10,1,1,23,557,5,1,1,8,248,1
2026-03-05 20:39:23.489648,1,80,795,10,1,0,18,557,6,1,1,5,248,1
2026-03-05 20:39:28.489648,2,79,795,9,1,1,12,557,6,1,0,6,249,1
2026-03-05 20:39:33.489648,1,81,795,9,1,1,20,557,5,1,1,11,249,1
2026-03-05 20:39:38.489648,1,108,795,9,1,1,17,557,6,1,0,11,249,1
2026-03-05 20:39:43.489648,2,76,795,9,1,1,17,557,5,1,1,11,249,1
2026-03-05 20:39:48.489648,2,75,795,9,1,0,21,557,6,1,0,9,249,1
2026-03-05 20:39:53.489648,1,62,795,9,1,1,24,557,6,1,0,10,249,1
2026-03-05 20:39:58.489648,2,87,796,10,1,0,23,557,5,1,0,7,249,1
2026-03-05 20:40:03.489648,1,62,796,10,1,1,19,557,6,1,0,12,250,1
2026-03-05 20:40:08.489648,2,62,796,9,1,1,13,557,5,1,0,7,251,1
2026-03-05 20:40:13.489648,1,80,796,9,1,0,20,557,6,1,0,10,251,1
2026-03-05 20:40:18.489648,2,72,797,10,1,1,22,557,5,1,0,9,252,1
2026-03-05 20:40:23.489648,1,63,797,10,1,1,18,557,6,1,1,8,252,1
2026-03-05 20:40:28.489648,1,89,797,10,1,1,16,557,6,1,0,7,252,1
2026-03-05 20:40:33.489648,2,70,797,9,1,1,13,557,5,1,0,8,252,1
2026-03-05 20:40:38.489648,1,107,797,10,1,0,17,557,6,1,0,6,252,1
2026-03-05 20:40:43.489648,2,117,798,9,1,1,18,557,5,1,0,8,252,1
2026-03-05 20:40:48.489648,1,74,798,10,1,0,17,558,6,1,1,10,252,1
2026-03-05 20:40:53.489648,1,95,798,9,1,1,18,558,6,1,1,7,252,1
2026-03-05 20:40:58.489648,1,74,798,10,1,1,18,558,5,1,0,12,252,1
2026-03-05 20:41:03.489648,1,72,799,10,1,0,22,559,5,1,0,9,252,1
2026-03-05 20:41:08.489648,1,82,800,10,1,0,13,560,5,1,1,10,252,1
2026-03-05 20:41:13.489648,2,115,800,10,1,0,21,561,6,1,0,12,252,1
2026-03-05 20:41:18.489648,2,107,801,9,1,1,15,561,5,1,1,9,253,1
2026-03-05 20:41:23.489648,1,82,801,9,1,1,11,561,5,1,0,8,253,1
2026-03-05 20:41:28.489648,1,83,801,10,1,0,15,561,5,1,0,7,253,1
2026-03-05 20:41:33.489648,1,70,801,9,1,1,11,562,5,1,0,9,253,1
2026-03-05 20:41:38.489648,2,83,801,10,1,1,19,562,6,1,1,5,253,1
2026-03-05 20:41:43.489648,1,69,801,9,1,1,16,562,5,1,1,8,253,1
2026-03-05 20:41:48.489648,1,91,802,9,1,1,22,562,6,1,0,10,253,1
2026-03-05 20:41:53.489648,1,90,802,10,1,1,20,563,5,1,0,9,253,1
2026-03-05 20:41:58.489648,1,89,803,9,1,1,16,563,6,1,0,12,253,1
2026-03-05 20:42:03.489648,1,103,804,10,1,1,22,564,5,1,1,7,253,1
2026-03-05 20:42:08.489648,1,108,804,10,1,1,24,564,5,1,1,6,254,1
2026-03-05 20:42:13.489648,1,83,804,10,1,1,14,564,6,1,1,5,254,1
2026-03-05 20:42:18.489648,2,95,805,10,1,1,22,564,6,1,1,9,254,1
2026-03-05 20:42:23.489648,2,116,805,10,1,1,21,564,6,1,0,8,254,1
2026-03-05 20:42:28.489648,2,117,806,9,1,1,19,564,6,1,0,8,254,1
2026-03-05 20:42:33.489648,2,72,806,9,1,1,18,565,6,1,0,12,255,1
2026-03-05 20:42:38.489648,1,107,806,9,1,1,20,565,5,1,1,11,255,1
2026-03-05 20:42:43.489648,2,110,807,10,1,0,16,565,5,1,0,11,255,1
2026-03-05 20:42:48.489648,1,81,807,9,1,1,23,565,6,1,1,6,256,1
2026-03-05 20:42:53.489648,1,101,808,10,1,0,24,566,6,1,1,9,256,1
2026-03-05 20:42:58.489648,1,88,809,10,1,1,18,566,6,1,0,12,257,1
2026-03-05 20:43:03.489648,1,107,809,10,1,0,20,566,6,1,0,9,257,1
2026-03-05 20:43:08.489648,2,69,810,9,1,1,21,566,5,1,1,7,258,1
2026-03-05 20:43:13.489648,2,119,811,10,1,1,19,567,5,1,1,6,258,1
2026-03-05 20:43:18.489648,1,61,811,10,1,1,14,568,5,1,0,9,258,1
2026-03-05 20:43:23.489648,1,99,812,9,1,1,13,568,5,1,1,10,259,1
2026-03-05 20:43:28.489648,2,113,812,9,1,1,12,568,5,1,0,7,259,1
2026-03-05 20:43:33.489648,1,107,812,10,1,1,13,568,6,1,0,11,260,1
2026-03-05 20:43:38.489648,1,77,812,10,1,1,15,569,5,1,1,8,260,1
2026-03-05 20:43:43.489648,1,66,813,9,1,1,18,569,6,1,1,11,260,1
2026-03-05 20:43:48.489648,2,103,813,9,1,1,18,569,6,1,1,6,260,1
2026-03-05 20:43:53.489648,2,111,813,10,1,1,23,569,5,1,1,10,260,1
2026-03-05 20:43:58.489648,1,85,813,9,1,0,19,569,5,1,0,11,260,1
2026-03-05 20:44:03.489648,2,94,814,9,1,1,23,569,5,1,0,8,260,1
2026-03-05 20:44:08.489648,1,65,815,9,1,1,13,570,6,1,0,6,260,1
2026-03-05 20:44:13.489648,1,90,815,10,1,1,15,571,5,1,0,9,261,1
2026-03-05 20:44:18.489648,1,115,815,9,1,1,17,572,6,1,0,11,261,1
2026-03-05 20:44:23.489648,2,104,815,10,1,1,11,572,6,1,0,10,261,1
2026-03-05 20:44:28.489648,1,103,816,10,1,1,14,572,6,1,1,8,261,1
2026-03-05 20:44:33.489648,2,112,817,10,1,1,11,572,6,1,1,9,261,1
2026-03-05 20:44:38.489648,2,78,818,9,1,1,23,572,6,1,0,7,261,1
2026-03-05 20:44:43.489648,2,116,819,9,1,1,13,573,5,1,1,8,261,1
2026-03-05 20:44:48.489648,2,66,819,9,1,1,12,573,6,1,1,8,261,1
2026-03-05 20:44:53.489648,2,115,819,9,1,1,12,573,5,1,0,5,261,1
2026-03-05 20:44:58.489648,1,72,819,9,1,1,17,573,6,1,0,8,261,1
2026-03-05 20:45:03.489648,1,64,819,10,1,1,13,573,5,1,0,9,261,1
2026-03-05 20:45:08.489648,1,109,820,11,1,1,16,573,5,1,1,10,261,1
2026-03-05 20:45:13.489648,1,74,820,10,1,1,24,573,6,1,1,11,261,1
2026-03-05 20:45:18.489648,2,72,820,11,1,0,23,573,6,1,1,11,262,1
2026-03-05 20:45:23.489648,1,80,821,9,1,0,14,573,6,1,1,10,262,1
2026-03-05 20:45:28.489648,1,102,822,10,1,1,11,573,5,1,1,9,262,1
2026-03-05 20:45:33.489648,2,91,822,10,1,1,12,574,6,1,0,8,262,1
2026-03-05 20:45:38.489648,2,118,822,9,1,1,13,574,6,1,0,9,262,1
2026-03-05 20:45:43.489648,1,66,822,9,1,1,18,574,5,1,0,10,262,1
2026-03-05 20:45:48.489648,1,118,822,10,1,1,13,575,6,1,1,7,262,1
2026-03-05 20:45:53.489648,1,85,822,9,1,0,22,575,6,1,1,8,262,1
2026-03-05 20:45:58.489648,1,116,822,9,1,1,24,576,6,1,0,7,263,1
2026-03-05 20:46:03.489648,1,98,823,9,1,0,20,576,6,1,0,8,263,1
2026-03-05 20:46:08.489648,1,108,823,9,1,1,16,576,6,1,1,9,263,1
2026-03-05 20:46:13.489648,2,112,824,10,1,0,13,577,6,1,0,10,264,1
2026-03-05 20:46:18.489648,2,107,824,9,1,1,15,577,6,1,0,6,264,1
2026-03-05 20:46:23.489648,1,113,824,9,1,1,15,578,6,1,1,8,264,1
2026-03-05 20:46:28.489648,1,65,824,9,1,1,14,578,5,1,1,9,264,1
2026-03-05 20:46:33.489648,1,68,825,9,1,1,19,578,6,1,0,5,264,1
2026-03-05 20:46:38.489648,2,103,825,10,1,0,23,578,6,1,0,9,264,1
2026-03-05 20:46:43.489648,1,102,826,10,1,0,17,578,6,1,1,12,264,1
2026-03-05 20:46:48.489648,1,98,826,9,1,1,21,578,6,1,1,8,264,1
2026-03-05 20:46:53.489648,2,107,826,10,1,1,21,579,6,1,0,6,264,1
2026-03-05 20:46:58.489648,1,82,826,9,1,1,10,579,5,1,0,11,264,1
2026-03-05 20:47:03.489648,2,85,826,10,1,1,21,579,5,1,0,10,264,1
2026-03-05 20:47:08.489648,1,109,826,10,1,0,13,580,5,1,0,10,264,1
2026-03-05 20:47:13.489648,1,84,827,9,1,1,19,581,5,1,1,12,264,1
2026-03-05 20:47:18.489648,2,102,827,11,1,0,11,581,5,1,0,9,264,1
2026-03-05 20:47:23.489648,1,84,827,10,1,1,15,581,6,1,1,6,264,1
2026-03-05 20:47:28.489648,2,109,827,10,1,1,19,582,6,1,0,11,264,1
2026-03-05 20:47:33.489648,1,103,827,10,1,1,13,582,6,1,1,6,264,1
2026-03-05 20:47:38.489648,1,85,828,10,1,1,17,582,6,1,0,11,264,1
2026-03-05 20:47:43.489648,2,72,829,10,1,0,18,582,5,1,1,12,264,1
2026-03-05 20:47:48.489648,2,74,830,9,1,1,21,582,6,1,0,9,264,1
2026-03-05 20:47:53.489648,2,72,830,11,1,1,19,583,6,1,0,9,264,1
2026-03-05 20:47:58.489648,2,99,830,9,1,0,12,583,6,1,0,11,264,1
2026-03-05 20:48:03.489648,2,60,830,10,1,1,10,583,5,1,0,7,264,1
2026-03-05 20:48:08.489648,1,98,831,9,1,0,17,583,5,1,0,8,264,1
2026-03-05 20:48:13.489648,2,109,832,9,1,1,21,583,5,1,1,10,264,1
2026-03-05 20:48:18.489648,1,80,832,10,1,1,19,583,6,1,1,9,264,1
2026-03-05 20:48:23.489648,1,74,833,10,1,1,22,583,6,1,0,11,264,1
2026-03-05 20:48:28.489648,1,106,833,9,1,1,12,583,6,1,1,7,264,1
2026-03-05 20:48:33.489648,1,74,833,10,1,1,17,584,6,1,1,8,264,1
2026-03-05 20:48:38.489648,2,97,834,10,1,1,18,584,6,1,1,5,264,1
2026-03-05 20:48:43.489648,2,72,835,11,1,1,20,584,6,1,0,11,265,1
2026-03-05 20:48:48.489648,2,102,835,9,1,1,13,584,6,1,0,12,266,1
2026-03-05 20:48:53.489648,2,99,836,10,1,1,19,584,6,1,0,11,267,1
2026-03-05 20:48:58.489648,2,77,837,9,1,1,14,584,5,1,0,9,267,1
2026-03-05 20:49:03.489648,1,67,837,11,1,1,12,584,6,1,1,12,267,1
2026-03-05 20:49:08.489648,2,117,838,9,1,1,16,585,5,1,0,12,268,1
2026-03-05 20:49:13.489648,1,90,838,10,1,1,14,585,6,1,0,12,268,1
2026-03-05 20:49:18.489648,2,104,838,10,1,0,18,585,6,1,0,8,269,1
2026-03-05 20:49:23.489648,2,112,839,10,1,0,21,586,6,1,0,11,269,1
2026-03-05 20:49:28.489648,1,113,839,11,1,1,24,586,5,1,0,8,269,1
2026-03-05 20:49:33.489648,1,108,840,11,1,0,14,586,6,1,0,10,269,1
2026-03-05 20:49:38.489648,1,64,841,10,1,1,20,586,6,1,0,8,269,1
2026-03-05 20:49:43.489648,1,70,841,9,1,1,10,586,6,1,1,12,269,1
2026-03-05 20:49:48.489648,2,64,841,9,1,1,11,587,6,1,1,10,269,1
2026-03-05 20:49:53.489648,2,87,842,10,1,1,20,587,5,1,0,5,269,1
2026-03-05 20:49:58.489648,1,83,842,11,1,1,12,587,5,1,0,10,269,1
2026-03-05 20:50:03.489648,1,69,842,10,1,1,22,587,5,1,0,5,269,1
2026-03-05 20:50:08.489648,2,115,842,10,1,1,22,588,6,1,0,11,269,1
2026-03-05 20:50:13.489648,1,85,842,10,1,1,22,589,5,1,0,11,269,1
2026-03-05 20:50:18.489648,2,74,843,10,1,0,13,589,6,1,0,11,269,1
2026-03-05 20:50:23.489648,2,78,843,10,1,0,12,589,6,1,0,7,269,1
2026-03-05 20:50:28.489648,2,99,843,10,1,1,12,589,5,1,0,8,269,1
2026-03-05 20:50:33.489648,1,80,843,9,1,1,18,589,6,1,0,8,269,1
2026-03-05 20:50:38.489648,1,72,844,10,1,1,15,590,6,1,0,12,269,1
2026-03-05 20:50:43.489648,1,118,844,10,1,1,16,590,5,1,1,9,269,1
2026-03-05 20:50:48.489648,1,111,845,11,1,1,12,591,6,1,0,5,269,1
2026-03-05 20:50:53.489648,1,83,846,10,1,0,24,591,6,1,0,9,269,1
2026-03-05 20:50:58.489648,2,115,846,10,1,1,11,591,6,1,0,7,270,1
2026-03-05 20:51:03.489648,2,101,846,11,1,1,24,591,5,1,0,10,270,1
2026-03-05 20:51:08.489648,1,78,846,9,1,1,15,591,5,1,0,6,270,1
2026-03-05 20:51:13.489648,1,92,846,9,1,0,21,591,6,1,0,7,270,1
2026-03-05 20:51:18.489648,1,75,846,10,1,0,20,592,5,1,0,6,270,1
2026-03-05 20:51:23.489648,2,110,846,10,1,1,22,592,6,1,0,6,271,1
2026-03-05 20:51:28.489648,2,86,846,9,1,0,21,593,6,1,0,6,271,1
2026-03-05 20:51:33.489648,1,118,846,10,1,1,20,593,5,1,1,7,271,1
2026-03-05 20:51:38.489648,2,85,846,10,1,0,21,593,6,1,1,6,271,1
2026-03-05 20:51:43.489648,1,62,846,10,1,0,11,593,6,1,0,6,271,1
2026-03-05 20:51:48.489648,1,94,847,11,1,1,11,593,6,1,0,12,272,1
2026-03-05 20:51:53.489648,2,99,847,10,1,1,14,593,6,1,0,6,272,1
2026-03-05 20:51:58.489648,1,90,848,10,1,1,18,593,6,1,1,10,272,1
2026-03-05 20:52:03.489648,2,61,848,9,1,1,20,593,6,1,0,8,272,1
2026-03-05 20:52:08.489648,2,102,849,9,1,0,16,593,6,1,1,8,272,1
2026-03-05 20:52:13.489648,2,96,849,11,1,1,24,593,5,1,0,5,272,1
2026-03-05 20:52:18.489648,1,105,849,11,1,1,23,593,5,1,0,11,272,1
2026-03-05 20:52:23.489648,1,88,850,10,1,1,21,593,6,1,1,7,272,1
2026-03-05 20:52:28.489648,1,112,850,11,1,1,17,593,6,1,1,8,272,1
2026-03-05 20:52:33.489648,2,113,850,10,1,1,22,593,6,1,1,10,272,1
2026-03-05 20:52:38.489648,1,64,851,10,1,1,22,593,5,1,0,7,272,1
2026-03-05 20:52:43.489648,1,108,851,11,1,1,11,593,6,1,0,8,272,1
2026-03-05 20:52:48.489648,1,60,852,9,1,1,18,594,6,1,0,10,272,1
2026-03-05 20:52:53.489648,1,74,853,11,1,1,15,594,6,1,1,6,272,1
2026-03-05 20:52:58.489648,2,63,853,10,1,1,20,594,6,1,0,11,272,1
2026-03-05 20:53:03.489648,2,65,853,10,1,1,16,594,6,1,0,8,272,1
2026-03-05 20:53:08.489648,1,71,853,10,1,0,16,595,6,1,0,6,272,1
2026-03-05 20:53:13.489648,1,76,854,10,1,1,16,595,6,1,0,8,272,1
2026-03-05 20:53:18.489648,2,66,855,11,1,1,15,596,5,1,0,7,272,1
2026-03-05 20:53:23.489648,1,65,856,10,1,1,15,597,6,1,1,7,272,1
2026-03-05 20:53:28.489648,2,111,857,9,1,1,22,598,5,1,0,11,272,1
2026-03-05 20:53:33.489648,1,101,857,11,1,1,18,598,6,1,0,6,272,1
2026-03-05 20:53:38.489648,2,81,857,10,1,1,24,598,5,1,0,12,272,1
2026-03-05 20:53:43.489648,1,103,857,10,1,1,23,598,6,1,0,9,272,1
2026-03-05 20:53:48.489648,1,62,857,10,1,0,15,598,6,1,0,8,272,1
2026-03-05 20:53:53.489648,1,94,858,10,1,1,18,598,5,1,1,11,272,1
2026-03-05 20:53:58.489648,1,96,858,11,1,0,16,598,6,1,0,8,272,1
2026-03-05 20:54:03.489648,1,66,858,9,1,0,17,598,6,1,0,11,272,1
2026-03-05 20:54:08.489648,1,118,858,11,1,1,13,598,6,1,1,8,272,1
2026-03-05 20:54:13.489648,1,89,858,10,1,1,17,599,6,1,1,5,272,1
2026-03-05 20:54:18.489648,1,89,859,10,1,1,23,599,5,1,0,10,272,1
2026-03-05 20:54:23.489648,1,103,859,9,1,0,13,599,6,1,0,10,272,1
2026-03-05 20:54:28.489648,1,94,860,11,1,0,17,600,6,1,0,10,272,1
