timestamp,current,voltage,temperature,vibration,label
2026-03-10 14:56:50.134603,-13.41,9.25,39.53,0,1
2026-03-10 14:56:55.134603,-12.76,17.85,48.4,1,2
2026-03-10 14:57:00.134603,-13.84,0.0,32.0,0,0
2026-03-10 14:57:05.134603,-13.13,17.84,53.26,1,2
2026-03-10 14:57:10.134603,-13.04,13.49,46.62,1,2
2026-03-10 14:57:15.134603,-13.86,0.0,32.0,0,0
2026-03-10 14:57:20.134603,-13.17,0.0,32.0,0,0
2026-03-10 14:57:25.134603,-13.5,9.64,35.08,0,1
2026-03-10 14:57:30.134603,-13.47,0.0,32.0,0,0
2026-03-10 14:57:35.134603,-13.23,17.57,43.56,1,2
2026-03-10 14:57:40.134603,-13.18,13.07,52.77,1,2
2026-03-10 14:57:45.134603,-13.86,0.0,32.0,0,0
2026-03-10 14:57:50.134603,-13.62,11.13,32.78,0,1
2026-03-10 14:57:55.134603,-13.01,13.6,44.96,1,2
2026-03-10 14:58:00.134603,-13.8,0.0,32.0,0,0
2026-03-10 14:58:05.134603,-12.73,17.38,40.21,1,2
2026-03-10 14:58:10.134603,-12.72,13.79,40.76,1,2
2026-03-10 14:58:15.134603,-13.45,9.91,38.92,0,1
2026-03-10 14:58:20.134603,-13.49,9.51,34.64,0,1
2026-03-10 14:58:25.134603,-13.46,0.0,32.0,0,0
2026-03-10 14:58:30.134603,-12.79,14.62,39.91,1,2
2026-03-10 14:58:35.134603,-12.86,13.64,38.17,1,2
2026-03-10 14:58:40.134603,-13.22,0.0,32.0,0,0
2026-03-10 14:58:45.134603,-13.04,0.0,32.0,0,0
2026-03-10 14:58:50.134603,-12.87,16.34,38.25,1,2
2026-03-10 14:58:55.134603,-13.81,0.0,32.0,0,0
2026-03-10 14:59:00.134603,-12.86,14.38,45.79,1,2
2026-03-10 14:59:05.134603,-13.1,0.0,32.0,0,0
2026-03-10 14:59:10.134603,-13.02,15.38,38.37,1,2
2026-03-10 14:59:15.134603,-13.61,11.4,31.21,0,1
2026-03-10 14:59:20.134603,-13.47,11.8,36.18,0,1
2026-03-10 14:59:25.134603,-13.4,11.79,36.96,0,1
2026-03-10 14:59:30.134603,-13.33,10.98,39.24,0,1
2026-03-10 14:59:35.134603,-13.0,0.0,32.0,0,0
2026-03-10 14:59:40.134603,-13.68,10.15,35.63,0,1
2026-03-10 14:59:45.134603,-13.59,11.12,36.09,0,1
2026-03-10 14:59:50.134603,-13.23,14.85,35.02,1,2
2026-03-10 14:59:55.134603,-12.96,13.1,48.41,1,2
2026-03-10 15:00:00.134603,-13.37,10.16,35.56,0,1
2026-03-10 15:00:05.134603,-13.24,15.24,48.65,1,2
2026-03-10 15:00:10.134603,-13.75,0.0,32.0,0,0
2026-03-10 15:00:15.134603,-13.62,9.36,39.44,0,1
2026-03-10 15:00:20.134603,-13.68,11.56,38.34,0,1
2026-03-10 15:00:25.134603,-13.31,10.64,30.39,0,1
2026-03-10 15:00:30.134603,-12.9,16.54,37.3,1,2
2026-03-10 15:00:35.134603,-12.99,17.71,54.01,1,2
2026-03-10 15:00:40.134603,-13.56,9.7,38.24,0,1
2026-03-10 15:00:45.134603,-13.59,9.6,33.72,0,1
2026-03-10 15:00:50.134603,-12.95,13.46,37.36,1,2
2026-03-10 15:00:55.134603,-13.36,0.0,32.0,0,0
2026-03-10 15:01:00.134603,-13.33,9.56,38.27,0,1
2026-03-10 15:01:05.134603,-12.77,15.75,35.1,1,2
2026-03-10 15:01:10.134603,-12.84,13.57,52.05,1,2
2026-03-10 15:01:15.134603,-13.67,9.23,33.98,0,1
2026-03-10 15:01:20.134603,-13.08,16.13,46.21,1,2
2026-03-10 15:01:25.134603,-13.52,0.0,32.0,0,0
2026-03-10 15:01:30.134603,-13.69,11.76,34.23,0,1
2026-03-10 15:01:35.134603,-13.36,0.0,32.0,0,0
2026-03-10 15:01:40.134603,-13.41,10.77,37.36,0,1
2026-03-10 15:01:45.134603,-13.57,11.67,36.88,0,1
2026-03-10 15:01:50.134603,-13.37,11.31,34.73,0,1
2026-03-10 15:01:55.134603,-12.8,14.66,40.54,1,2
2026-03-10 15:02:00.134603,-12.89,16.28,46.24,1,2
2026-03-10 15:02:05.134603,-12.75,14.03,38.55,1,2
2026-03-10 15:02:10.134603,-13.9,0.0,32.0,0,0
2026-03-10 15:02:15.134603,-13.33,10.39,34.68,0,1
2026-03-10 15:02:20.134603,-12.86,16.91,35.77,1,2
2026-03-10 15:02:25.134603,-13.11,17.29,45.85,1,2
2026-03-10 15:02:30.134603,-13.24,15.97,39.45,1,2
2026-03-10 15:02:35.134603,-13.22,0.0,32.0,0,0
2026-03-10 15:02:40.134603,-13.27,14.13,45.25,1,2
2026-03-10 15:02:45.134603,-13.6,9.88,34.85,0,1
2026-03-10 15:02:50.134603,-12.78,17.36,48.07,1,2
2026-03-10 15:02:55.134603,-12.99,17.16,37.82,1,2
2026-03-10 15:03:00.134603,-13.56,9.91,32.88,0,1
2026-03-10 15:03:05.134603,-13.55,9.41,34.26,0,1
2026-03-10 15:03:10.134603,-13.54,0.0,32.0,0,0
2026-03-10 15:03:15.134603,-13.61,11.16,31.3,0,1
2026-03-10 15:03:20.134603,-13.96,0.0,32.0,0,0
2026-03-10 15:03:25.134603,-13.32,0.0,32.0,0,0
2026-03-10 15:03:30.134603,-13.67,0.0,32.0,0,0
2026-03-10 15:03:35.134603,-13.6,9.53,31.58,0,1
2026-03-10 15:03:40.134603,-13.06,17.96,37.15,1,2
2026-03-10 15:03:45.134603,-13.11,13.67,44.88,1,2
2026-03-10 15:03:50.134603,-12.75,13.33,42.14,1,2
2026-03-10 15:03:55.134603,-13.66,0.0,32.0,0,0
2026-03-10 15:04:00.134603,-13.61,10.53,30.69,0,1
2026-03-10 15:04:05.134603,-12.81,13.07,35.04,1,2
2026-03-10 15:04:10.134603,-13.84,0.0,32.0,0,0
2026-03-10 15:04:15.134603,-12.96,14.83,46.68,1,2
2026-03-10 15:04:20.134603,-13.27,0.0,32.0,0,0
2026-03-10 15:04:25.134603,-13.61,11.8,32.55,0,1
2026-03-10 15:04:30.134603,-12.86,15.19,46.7,1,2
2026-03-10 15:04:35.134603,-13.7,11.71,36.55,0,1
2026-03-10 15:04:40.134603,-13.83,0.0,32.0,0,0
2026-03-10 15:04:45.134603,-12.84,13.28,46.94,1,2
2026-03-10 15:04:50.134603,-13.53,10.12,30.67,0,1
2026-03-10 15:04:55.134603,-13.45,10.51,36.67,0,1
2026-03-10 15:05:00.134603,-13.28,15.8,47.52,1,2
2026-03-10 15:05:05.134603,-13.0,16.05,43.84,1,2
2026-03-10 15:05:10.134603,-13.82,0.0,32.0,0,0
2026-03-10 15:05:15.134603,-13.63,0.0,32.0,0,0
2026-03-10 15:05:20.134603,-13.48,9.12,35.84,0,1
2026-03-10 15:05:25.134603,-13.69,10.07,39.44,0,1
2026-03-10 15:05:30.134603,-13.35,10.24,31.33,0,1
2026-03-10 15:05:35.134603,-12.96,15.72,40.34,1,2
2026-03-10 15:05:40.134603,-13.99,0.0,32.0,0,0
2026-03-10 15:05:45.134603,-13.31,11.17,30.67,0,1
2026-03-10 15:05:50.134603,-13.5,0.0,32.0,0,0
2026-03-10 15:05:55.134603,-13.35,0.0,32.0,0,0
2026-03-10 15:06:00.134603,-13.51,10.29,36.57,0,1
2026-03-10 15:06:05.134603,-13.48,9.62,32.2,0,1
2026-03-10 15:06:10.134603,-13.02,13.78,37.35,1,2
2026-03-10 15:06:15.134603,-13.6,10.8,38.3,0,1
2026-03-10 15:06:20.134603,-13.49,9.68,33.06,0,1
2026-03-10 15:06:25.134603,-12.97,17.05,46.58,1,2
2026-03-10 15:06:30.134603,-12.99,13.44,39.62,1,2
2026-03-10 15:06:35.134603,-13.13,16.73,41.49,1,2
2026-03-10 15:06:40.134603,-13.6,0.0,32.0,0,0
2026-03-10 15:06:45.134603,-13.64,10.52,33.25,0,1
2026-03-10 15:06:50.134603,-13.26,14.51,50.21,1,2
2026-03-10 15:06:55.134603,-13.33,11.11,34.42,0,1
2026-03-10 15:07:00.134603,-13.33,11.89,38.42,0,1
2026-03-10 15:07:05.134603,-13.53,0.0,32.0,0,0
2026-03-10 15:07:10.134603,-13.29,0.0,32.0,0,0
2026-03-10 15:07:15.134603,-13.26,0.0,32.0,0,0
2026-03-10 15:07:20.134603,-13.31,0.0,32.0,0,0
2026-03-10 15:07:25.134603,-13.63,9.55,31.76,0,1
2026-03-10 15:07:30.134603,-13.34,10.92,34.31,0,1
2026-03-10 15:07:35.134603,-13.63,11.8,30.01,0,1
2026-03-10 15:07:40.134603,-12.91,16.49,48.24,1,2
2026-03-10 15:07:45.134603,-13.68,0.0,32.0,0,0
2026-03-10 15:07:50.134603,-13.08,0.0,32.0,0,0
2026-03-10 15:07:55.134603,-12.77,13.38,37.12,1,2
2026-03-10 15:08:00.134603,-13.18,13.48,48.88,1,2
2026-03-10 15:08:05.134603,-13.65,9.69,35.45,0,1
2026-03-10 15:08:10.134603,-13.56,9.65,33.13,0,1
2026-03-10 15:08:15.134603,-13.59,0.0,32.0,0,0
2026-03-10 15:08:20.134603,-13.65,11.18,36.68,0,1
2026-03-10 15:08:25.134603,-12.8,17.68,35.16,1,2
2026-03-10 15:08:30.134603,-13.25,15.8,48.34,1,2
2026-03-10 15:08:35.134603,-12.99,13.37,49.65,1,2
2026-03-10 15:08:40.134603,-13.51,10.05,35.88,0,1
2026-03-10 15:08:45.134603,-13.01,0.0,32.0,0,0
2026-03-10 15:08:50.134603,-13.05,0.0,32.0,0,0
2026-03-10 15:08:55.134603,-13.31,11.91,33.24,0,1
2026-03-10 15:09:00.134603,-12.72,16.36,37.55,1,2
2026-03-10 15:09:05.134603,-13.52,11.74,39.1,0,1
2026-03-10 15:09:10.134603,-13.51,9.35,35.62,0,1
2026-03-10 15:09:15.134603,-13.07,15.44,51.87,1,2
2026-03-10 15:09:20.134603,-13.82,0.0,32.0,0,0
2026-03-10 15:09:25.134603,-12.84,17.42,45.91,1,2
2026-03-10 15:09:30.134603,-13.91,0.0,32.0,0,0
2026-03-10 15:09:35.134603,-13.01,0.0,32.0,0,0
2026-03-10 15:09:40.134603,-13.41,11.92,39.17,0,1
2026-03-10 15:09:45.134603,-12.87,13.42,42.22,1,2
2026-03-10 15:09:50.134603,-13.02,14.69,40.82,1,2
2026-03-10 15:09:55.134603,-13.45,11.61,37.71,0,1
2026-03-10 15:10:00.134603,-13.34,9.68,38.7,0,1
2026-03-10 15:10:05.134603,-13.67,11.91,32.23,0,1
2026-03-10 15:10:10.134603,-13.33,0.0,32.0,0,0
2026-03-10 15:10:15.134603,-13.02,0.0,32.0,0,0
2026-03-10 15:10:20.134603,-13.45,9.31,38.0,0,1
2026-03-10 15:10:25.134603,-13.59,11.06,31.73,0,1
2026-03-10 15:10:30.134603,-13.05,17.72,54.94,1,2
2026-03-10 15:10:35.134603,-13.14,14.47,40.02,1,2
2026-03-10 15:10:40.134603,-13.54,11.03,32.85,0,1
2026-03-10 15:10:45.134603,-13.89,0.0,32.0,0,0
2026-03-10 15:10:50.134603,-13.62,9.53,33.35,0,1
2026-03-10 15:10:55.134603,-13.68,9.27,30.26,0,1
2026-03-10 15:11:00.134603,-13.16,17.49,35.03,1,2
2026-03-10 15:11:05.134603,-13.11,14.73,49.25,1,2
2026-03-10 15:11:10.134603,-12.82,15.66,48.15,1,2
2026-03-10 15:11:15.134603,-13.07,0.0,32.0,0,0
2026-03-10 15:11:20.134603,-13.63,10.2,31.46,0,1
2026-03-10 15:11:25.134603,-13.55,11.15,35.32,0,1
2026-03-10 15:11:30.134603,-13.27,14.67,44.45,1,2
2026-03-10 15:11:35.134603,-13.35,0.0,32.0,0,0
2026-03-10 15:11:40.134603,-13.13,13.39,47.29,1,2
2026-03-10 15:11:45.134603,-13.43,11.72,37.42,0,1
2026-03-10 15:11:50.134603,-13.2,0.0,32.0,0,0
2026-03-10 15:11:55.134603,-12.84,15.39,46.61,1,2
2026-03-10 15:12:00.134603,-12.97,17.9,51.18,1,2
2026-03-10 15:12:05.134603,-13.29,0.0,32.0,0,0
2026-03-10 15:12:10.134603,-12.93,13.48,51.34,1,2
2026-03-10 15:12:15.134603,-13.38,9.48,35.94,0,1
2026-03-10 15:12:20.134603,-13.37,0.0,32.0,0,0
2026-03-10 15:12:25.134603,-13.95,0.0,32.0,0,0
2026-03-10 15:12:30.134603,-13.06,17.14,54.02,1,2
2026-03-10 15:12:35.134603,-13.41,9.39,30.86,0,1
2026-03-10 15:12:40.134603,-13.41,11.08,39.78,0,1
2026-03-10 15:12:45.134603,-13.64,11.47,31.92,0,1
2026-03-10 15:12:50.134603,-13.62,9.54,30.47,0,1
2026-03-10 15:12:55.134603,-13.15,14.58,39.92,1,2
2026-03-10 15:13:00.134603,-13.59,0.0,32.0,0,0
2026-03-10 15:13:05.134603,-12.9,17.86,42.32,1,2
2026-03-10 15:13:10.134603,-13.07,17.05,51.41,1,2
2026-03-10 15:13:15.134603,-13.29,13.58,43.56,1,2
2026-03-10 15:13:20.134603,-13.57,0.0,32.0,0,0
2026-03-10 15:13:25.134603,-13.32,10.47,37.72,0,1
2026-03-10 15:13:30.134603,-12.8,17.8,37.19,1,2
2026-03-10 15:13:35.134603,-13.76,0.0,32.0,0,0
2026-03-10 15:13:40.134603,-13.6,9.38,39.73,0,1
2026-03-10 15:13:45.134603,-12.99,17.85,51.32,1,2
2026-03-10 15:13:50.134603,-13.39,11.3,38.27,0,1
2026-03-10 15:13:55.134603,-13.01,16.59,40.82,1,2
2026-03-10 15:14:00.134603,-13.63,0.0,32.0,0,0
2026-03-10 15:14:05.134603,-13.74,0.0,32.0,0,0
2026-03-10 15:14:10.134603,-13.16,14.51,35.78,1,2
2026-03-10 15:14:15.134603,-12.89,17.46,45.16,1,2
2026-03-10 15:14:20.134603,-13.11,13.23,42.15,1,2
2026-03-10 15:14:25.134603,-13.01,16.7,39.59,1,2
2026-03-10 15:14:30.134603,-13.88,0.0,32.0,0,0
2026-03-10 15:14:35.134603,-12.8,17.06,52.64,1,2
2026-03-10 15:14:40.134603,-13.52,11.94,38.36,0,1
2026-03-10 15:14:45.134603,-13.19,0.0,32.0,0,0
2026-03-10 15:14:50.134603,-13.04,17.95,43.88,1,2
2026-03-10 15:14:55.134603,-13.43,10.63,34.7,0,1
2026-03-10 15:15:00.134603,-13.35,10.94,38.27,0,1
2026-03-10 15:15:05.134603,-13.03,14.81,38.93,1,2
2026-03-10 15:15:10.134603,-12.7,16.79,46.45,1,2
2026-03-10 15:15:15.134603,-13.66,10.89,33.26,0,1
2026-03-10 15:15:20.134603,-13.47,9.51,37.79,0,1
2026-03-10 15:15:25.134603,-13.65,10.13,31.44,0,1
2026-03-10 15:15:30.134603,-13.34,0.0,32.0,0,0
2026-03-10 15:15:35.134603,-13.02,17.05,41.41,1,2
2026-03-10 15:15:40.134603,-12.83,17.76,43.99,1,2
2026-03-10 15:15:45.134603,-13.4,10.61,36.66,0,1
2026-03-10 15:15:50.134603,-13.21,14.64,51.63,1,2
2026-03-10 15:15:55.134603,-13.6,11.77,30.24,0,1
2026-03-10 15:16:00.134603,-13.41,10.35,31.05,0,1
2026-03-10 15:16:05.134603,-13.03,0.0,32.0,0,0
2026-03-10 15:16:10.134603,-13.99,0.0,32.0,0,0
2026-03-10 15:16:15.134603,-13.53,11.45,39.53,0,1
2026-03-10 15:16:20.134603,-13.07,13.96,44.44,1,2
2026-03-10 15:16:25.134603,-12.71,15.08,37.53,1,2
2026-03-10 15:16:30.134603,-13.16,16.04,52.71,1,2
2026-03-10 15:16:35.134603,-13.15,0.0,32.0,0,0
2026-03-10 15:16:40.134603,-13.62,11.86,34.3,0,1
2026-03-10 15:16:45.134603,-13.68,11.44,39.33,0,1
2026-03-10 15:16:50.134603,-13.96,0.0,32.0,0,0
2026-03-10 15:16:55.134603,-13.19,0.0,32.0,0,0
2026-03-10 15:17:00.134603,-12.92,14.0,44.55,1,2
2026-03-10 15:17:05.134603,-13.56,0.0,32.0,0,0
2026-03-10 15:17:10.134603,-13.39,10.02,33.82,0,1
2026-03-10 15:17:15.134603,-12.88,14.64,41.54,1,2
2026-03-10 15:17:20.134603,-13.61,0.0,32.0,0,0
2026-03-10 15:17:25.134603,-13.62,9.13,33.07,0,1
2026-03-10 15:17:30.134603,-12.76,15.16,40.47,1,2
2026-03-10 15:17:35.134603,-12.81,15.35,41.58,1,2
2026-03-10 15:17:40.134603,-13.73,0.0,32.0,0,0
2026-03-10 15:17:45.134603,-13.51,11.37,33.48,0,1
2026-03-10 15:17:50.134603,-13.52,11.85,39.74,0,1
2026-03-10 15:17:55.134603,-13.14,0.0,32.0,0,0
2026-03-10 15:18:00.134603,-13.02,0.0,32.0,0,0
2026-03-10 15:18:05.134603,-13.17,13.29,47.83,1,2
2026-03-10 15:18:10.134603,-12.92,13.29,53.74,1,2
2026-03-10 15:18:15.134603,-13.54,9.41,39.57,0,1
2026-03-10 15:18:20.134603,-13.33,11.88,39.06,0,1
2026-03-10 15:18:25.134603,-13.72,0.0,32.0,0,0
2026-03-10 15:18:30.134603,-13.32,10.76,36.64,0,1
2026-03-10 15:18:35.134603,-13.85,0.0,32.0,0,0
2026-03-10 15:18:40.134603,-13.33,0.0,32.0,0,0
2026-03-10 15:18:45.134603,-13.06,0.0,32.0,0,0
2026-03-10 15:18:50.134603,-12.71,16.44,38.66,1,2
2026-03-10 15:18:55.134603,-13.55,10.77,32.43,0,1
2026-03-10 15:19:00.134603,-13.42,0.0,32.0,0,0
2026-03-10 15:19:05.134603,-13.23,0.0,32.0,0,0
2026-03-10 15:19:10.134603,-13.28,17.19,37.7,1,2
2026-03-10 15:19:15.134603,-13.22,0.0,32.0,0,0
2026-03-10 15:19:20.134603,-13.53,10.4,37.97,0,1
2026-03-10 15:19:25.134603,-13.8,0.0,32.0,0,0
2026-03-10 15:19:30.134603,-13.4,0.0,32.0,0,0
2026-03-10 15:19:35.134603,-12.92,14.06,38.56,1,2
2026-03-10 15:19:40.134603,-13.2,13.33,36.39,1,2
2026-03-10 15:19:45.134603,-13.34,11.73,34.1,0,1
2026-03-10 15:19:50.134603,-13.13,16.41,49.57,1,2
2026-03-10 15:19:55.134603,-13.7,0.0,32.0,0,0
2026-03-10 15:20:00.134603,-13.07,0.0,32.0,0,0
2026-03-10 15:20:05.134603,-13.14,0.0,32.0,0,0
2026-03-10 15:20:10.134603,-13.46,9.35,30.63,0,1
2026-03-10 15:20:15.134603,-13.33,9.61,35.35,0,1
2026-03-10 15:20:20.134603,-13.14,0.0,32.0,0,0
2026-03-10 15:20:25.134603,-13.16,16.97,40.56,1,2
2026-03-10 15:20:30.134603,-13.38,0.0,32.0,0,0
2026-03-10 15:20:35.134603,-13.48,11.03,38.59,0,1
2026-03-10 15:20:40.134603,-13.07,13.19,38.76,1,2
2026-03-10 15:20:45.134603,-13.38,9.61,39.22,0,1
2026-03-10 15:20:50.134603,-12.86,17.03,43.54,1,2
2026-03-10 15:20:55.134603,-13.55,10.04,32.56,0,1
2026-03-10 15:21:00.134603,-13.02,13.31,52.19,1,2
2026-03-10 15:21:05.134603,-13.78,0.0,32.0,0,0
2026-03-10 15:21:10.134603,-13.62,0.0,32.0,0,0
2026-03-10 15:21:15.134603,-13.34,11.5,30.51,0,1
2026-03-10 15:21:20.134603,-13.54,11.12,35.83,0,1
2026-03-10 15:21:25.134603,-13.26,13.01,41.56,1,2
2026-03-10 15:21:30.134603,-13.61,10.42,38.14,0,1
2026-03-10 15:21:35.134603,-13.22,14.74,43.16,1,2
2026-03-10 15:21:40.134603,-13.43,0.0,32.0,0,0
2026-03-10 15:21:45.134603,-13.31,10.64,33.16,0,1
2026-03-10 15:21:50.134603,-13.89,0.0,32.0,0,0
2026-03-10 15:21:55.134603,-13.13,0.0,32.0,0,0
2026-03-10 15:22:00.134603,-13.63,11.52,31.23,0,1
2026-03-10 15:22:05.134603,-13.87,0.0,32.0,0,0
2026-03-10 15:22:10.134603,-13.5,0.0,32.0,0,0
2026-03-10 15:22:15.134603,-13.51,0.0,32.0,0,0
2026-03-10 15:22:20.134603,-12.92,15.2,51.79,1,2
2026-03-10 15:22:25.134603,-13.68,11.6,36.59,0,1
2026-03-10 15:22:30.134603,-13.42,11.12,39.59,0,1
2026-03-10 15:22:35.134603,-13.39,9.02,30.51,0,1
2026-03-10 15:22:40.134603,-13.98,0.0,32.0,0,0
2026-03-10 15:22:45.134603,-13.17,0.0,32.0,0,0
2026-03-10 15:22:50.134603,-13.94,0.0,32.0,0,0
2026-03-10 15:22:55.134603,-12.98,14.34,52.76,1,2
2026-03-10 15:23:00.134603,-13.26,0.0,32.0,0,0
2026-03-10 15:23:05.134603,-13.03,16.55,50.39,1,2
2026-03-10 15:23:10.134603,-13.66,0.0,32.0,0,0
2026-03-10 15:23:15.134603,-13.41,11.68,37.4,0,1
2026-03-10 15:23:20.134603,-13.62,11.44,30.65,0,1
2026-03-10 15:23:25.134603,-13.39,11.15,37.14,0,1
2026-03-10 15:23:30.134603,-13.38,0.0,32.0,0,0
2026-03-10 15:23:35.134603,-13.12,0.0,32.0,0,0
2026-03-10 15:23:40.134603,-13.53,0.0,32.0,0,0
2026-03-10 15:23:45.134603,-13.34,0.0,32.0,0,0
2026-03-10 15:23:50.134603,-13.55,9.84,35.15,0,1
2026-03-10 15:23:55.134603,-13.46,0.0,32.0,0,0
2026-03-10 15:24:00.134603,-13.75,0.0,32.0,0,0
2026-03-10 15:24:05.134603,-12.84,15.32,52.12,1,2
2026-03-10 15:24:10.134603,-13.06,0.0,32.0,0,0
2026-03-10 15:24:15.134603,-12.86,13.5,46.05,1,2
2026-03-10 15:24:20.134603,-13.44,0.0,32.0,0,0
2026-03-10 15:24:25.134603,-13.13,0.0,32.0,0,0
2026-03-10 15:24:30.134603,-13.28,17.0,38.44,1,2
2026-03-10 15:24:35.134603,-13.01,14.2,41.4,1,2
2026-03-10 15:24:40.134603,-13.17,14.94,51.31,1,2
2026-03-10 15:24:45.134603,-13.02,16.17,35.26,1,2
2026-03-10 15:24:50.134603,-13.46,9.34,30.34,0,1
2026-03-10 15:24:55.134603,-13.57,0.0,32.0,0,0
2026-03-10 15:25:00.134603,-13.96,0.0,32.0,0,0
2026-03-10 15:25:05.134603,-13.12,17.63,49.48,1,2
2026-03-10 15:25:10.134603,-12.77,15.95,44.89,1,2
2026-03-10 15:25:15.134603,-13.46,9.11,34.98,0,1
2026-03-10 15:25:20.134603,-13.26,0.0,32.0,0,0
2026-03-10 15:25:25.134603,-13.1,14.63,50.62,1,2
2026-03-10 15:25:30.134603,-12.81,16.77,46.68,1,2
2026-03-10 15:25:35.134603,-13.02,0.0,32.0,0,0
2026-03-10 15:25:40.134603,-13.43,10.92,33.91,0,1
2026-03-10 15:25:45.134603,-13.57,9.46,38.6,0,1
2026-03-10 15:25:50.134603,-13.04,14.43,49.53,1,2
2026-03-10 15:25:55.134603,-13.67,10.98,36.33,0,1
2026-03-10 15:26:00.134603,-13.76,0.0,32.0,0,0
2026-03-10 15:26:05.134603,-13.32,9.01,33.43,0,1
2026-03-10 15:26:10.134603,-13.61,9.86,32.53,0,1
2026-03-10 15:26:15.134603,-13.31,10.44,39.47,0,1
2026-03-10 15:26:20.134603,-13.13,15.45,43.0,1,2
2026-03-10 15:26:25.134603,-13.04,14.0,50.18,1,2
2026-03-10 15:26:30.134603,-13.85,0.0,32.0,0,0
2026-03-10 15:26:35.134603,-13.26,0.0,32.0,0,0
2026-03-10 15:26:40.134603,-13.99,0.0,32.0,0,0
2026-03-10 15:26:45.134603,-13.53,0.0,32.0,0,0
2026-03-10 15:26:50.134603,-13.43,10.12,32.79,0,1
2026-03-10 15:26:55.134603,-13.68,10.8,36.94,0,1
2026-03-10 15:27:00.134603,-13.64,10.91,30.44,0,1
2026-03-10 15:27:05.134603,-13.65,9.81,33.04,0,1
2026-03-10 15:27:10.134603,-13.47,0.0,32.0,0,0
2026-03-10 15:27:15.134603,-12.72,14.47,44.06,1,2
2026-03-10 15:27:20.134603,-13.49,9.53,39.46,0,1
2026-03-10 15:27:25.134603,-12.77,17.4,39.62,1,2
2026-03-10 15:27:30.134603,-13.67,0.0,32.0,0,0
2026-03-10 15:27:35.134603,-13.08,14.08,44.8,1,2
2026-03-10 15:27:40.134603,-13.03,13.66,40.27,1,2
2026-03-10 15:27:45.134603,-13.66,9.15,32.38,0,1
2026-03-10 15:27:50.134603,-13.34,0.0,32.0,0,0
2026-03-10 15:27:55.134603,-12.95,16.85,38.26,1,2
2026-03-10 15:28:00.134603,-13.15,13.49,54.77,1,2
2026-03-10 15:28:05.134603,-13.15,0.0,32.0,0,0
2026-03-10 15:28:10.134603,-13.47,0.0,32.0,0,0
2026-03-10 15:28:15.134603,-13.31,9.22,39.03,0,1
2026-03-10 15:28:20.134603,-13.34,0.0,32.0,0,0
2026-03-10 15:28:25.134603,-13.47,10.16,34.11,0,1
2026-03-10 15:28:30.134603,-13.37,10.56,33.98,0,1
2026-03-10 15:28:35.134603,-13.23,0.0,32.0,0,0
2026-03-10 15:28:40.134603,-13.54,9.99,36.04,0,1
2026-03-10 15:28:45.134603,-13.8,0.0,32.0,0,0
2026-03-10 15:28:50.134603,-13.38,11.28,32.24,0,1
2026-03-10 15:28:55.134603,-13.09,0.0,32.0,0,0
2026-03-10 15:29:00.134603,-13.73,0.0,32.0,0,0
2026-03-10 15:29:05.134603,-13.15,0.0,32.0,0,0
2026-03-10 15:29:10.134603,-13.51,0.0,32.0,0,0
2026-03-10 15:29:15.134603,-13.33,9.73,35.71,0,1
2026-03-10 15:29:20.134603,-13.51,10.81,35.73,0,1
2026-03-10 15:29:25.134603,-13.3,9.45,30.21,0,1
2026-03-10 15:29:30.134603,-13.17,13.37,44.71,1,2
2026-03-10 15:29:35.134603,-13.59,9.65,35.88,0,1
2026-03-10 15:29:40.134603,-13.24,15.73,40.24,1,2
2026-03-10 15:29:45.134603,-13.47,10.62,30.16,0,1
2026-03-10 15:29:50.134603,-13.63,0.0,32.0,0,0
2026-03-10 15:29:55.134603,-13.35,0.0,32.0,0,0
2026-03-10 15:30:00.134603,-13.45,0.0,32.0,0,0
2026-03-10 15:30:05.134603,-13.42,0.0,32.0,0,0
2026-03-10 15:30:10.134603,-13.57,0.0,32.0,0,0
2026-03-10 15:30:15.134603,-13.85,0.0,32.0,0,0
2026-03-10 15:30:20.134603,-12.77,15.85,35.01,1,2
2026-03-10 15:30:25.134603,-13.44,10.63,38.18,0,1
2026-03-10 15:30:30.134603,-13.38,11.08,38.78,0,1
2026-03-10 15:30:35.134603,-13.69,11.35,33.34,0,1
2026-03-10 15:30:40.134603,-13.44,10.13,33.05,0,1
2026-03-10 15:30:45.134603,-13.34,11.96,38.0,0,1
2026-03-10 15:30:50.134603,-13.57,11.56,34.23,0,1
2026-03-10 15:30:55.134603,-13.86,0.0,32.0,0,0
2026-03-10 15:31:00.134603,-13.24,0.0,32.0,0,0
2026-03-10 15:31:05.134603,-13.26,14.88,35.23,1,2
2026-03-10 15:31:10.134603,-13.19,0.0,32.0,0,0
2026-03-10 15:31:15.134603,-13.36,0.0,32.0,0,0
2026-03-10 15:31:20.134603,-13.09,0.0,32.0,0,0
2026-03-10 15:31:25.134603,-13.62,0.0,32.0,0,0
2026-03-10 15:31:30.134603,-13.35,11.1,34.12,0,1
2026-03-10 15:31:35.134603,-13.54,10.04,39.26,0,1
2026-03-10 15:31:40.134603,-13.45,0.0,32.0,0,0
2026-03-10 15:31:45.134603,-13.02,0.0,32.0,0,0
2026-03-10 15:31:50.134603,-13.34,11.4,31.06,0,1
2026-03-10 15:31:55.134603,-13.31,10.57,36.09,0,1
2026-03-10 15:32:00.134603,-13.52,9.5,37.54,0,1
2026-03-10 15:32:05.134603,-12.88,14.16,52.35,1,2
2026-03-10 15:32:10.134603,-13.5,11.06,32.68,0,1
2026-03-10 15:32:15.134603,-13.04,0.0,32.0,0,0
2026-03-10 15:32:20.134603,-13.63,10.72,35.74,0,1
2026-03-10 15:32:25.134603,-12.87,15.34,45.93,1,2
2026-03-10 15:32:30.134603,-13.03,17.68,35.66,1,2
2026-03-10 15:32:35.134603,-13.69,11.73,34.23,0,1
2026-03-10 15:32:40.134603,-13.46,11.7,39.23,0,1
2026-03-10 15:32:45.134603,-13.34,10.4,30.9,0,1
2026-03-10 15:32:50.134603,-12.88,14.92,44.66,1,2
2026-03-10 15:32:55.134603,-12.76,15.84,47.06,1,2
2026-03-10 15:33:00.134603,-13.6,9.28,39.81,0,1
2026-03-10 15:33:05.134603,-13.64,11.9,30.37,0,1
2026-03-10 15:33:10.134603,-13.66,11.61,35.65,0,1
2026-03-10 15:33:15.134603,-13.63,10.86,36.5,0,1
2026-03-10 15:33:20.134603,-13.48,0.0,32.0,0,0
2026-03-10 15:33:25.134603,-12.85,17.5,44.06,1,2
2026-03-10 15:33:30.134603,-13.68,10.03,33.15,0,1
2026-03-10 15:33:35.134603,-13.41,10.12,39.64,0,1
2026-03-10 15:33:40.134603,-13.89,0.0,32.0,0,0
2026-03-10 15:33:45.134603,-12.97,13.42,51.71,1,2
2026-03-10 15:33:50.134603,-13.38,9.69,36.59,0,1
2026-03-10 15:33:55.134603,-13.4,10.45,32.56,0,1
2026-03-10 15:34:00.134603,-13.41,10.84,39.66,0,1
2026-03-10 15:34:05.134603,-13.56,11.81,33.5,0,1
2026-03-10 15:34:10.134603,-13.89,0.0,32.0,0,0
2026-03-10 15:34:15.134603,-13.93,0.0,32.0,0,0
2026-03-10 15:34:20.134603,-13.4,9.03,36.24,0,1
2026-03-10 15:34:25.134603,-13.88,0.0,32.0,0,0
2026-03-10 15:34:30.134603,-13.31,10.09,37.25,0,1
2026-03-10 15:34:35.134603,-13.52,0.0,32.0,0,0
2026-03-10 15:34:40.134603,-13.33,9.99,38.55,0,1
2026-03-10 15:34:45.134603,-13.44,11.59,37.63,0,1
2026-03-10 15:34:50.134603,-13.27,16.18,41.75,1,2
2026-03-10 15:34:55.134603,-13.54,9.79,37.1,0,1
2026-03-10 15:35:00.134603,-13.3,9.76,39.51,0,1
2026-03-10 15:35:05.134603,-13.39,9.87,34.03,0,1
2026-03-10 15:35:10.134603,-13.39,9.05,39.33,0,1
2026-03-10 15:35:15.134603,-13.81,0.0,32.0,0,0
2026-03-10 15:35:20.134603,-13.21,13.61,38.95,1,2
2026-03-10 15:35:25.134603,-13.53,9.72,30.05,0,1
2026-03-10 15:35:30.134603,-12.89,17.15,37.17,1,2
2026-03-10 15:35:35.134603,-13.29,13.82,49.77,1,2
2026-03-10 15:35:40.134603,-13.45,11.77,30.85,0,1
2026-03-10 15:35:45.134603,-12.92,14.52,42.12,1,2
2026-03-10 15:35:50.134603,-12.99,16.31,49.36,1,2
2026-03-10 15:35:55.134603,-13.61,10.58,32.48,0,1
2026-03-10 15:36:00.134603,-13.63,11.25,32.19,0,1
2026-03-10 15:36:05.134603,-13.34,0.0,32.0,0,0
2026-03-10 15:36:10.134603,-13.43,9.5,33.82,0,1
2026-03-10 15:36:15.134603,-12.72,15.21,45.72,1,2
2026-03-10 15:36:20.134603,-12.93,14.57,41.1,1,2
2026-03-10 15:36:25.134603,-13.23,0.0,32.0,0,0
2026-03-10 15:36:30.134603,-13.59,10.27,30.14,0,1
2026-03-10 15:36:35.134603,-13.28,13.2,51.81,1,2
2026-03-10 15:36:40.134603,-13.52,0.0,32.0,0,0
2026-03-10 15:36:45.134603,-13.06,0.0,32.0,0,0
2026-03-10 15:36:50.134603,-13.61,0.0,32.0,0,0
2026-03-10 15:36:55.134603,-13.14,0.0,32.0,0,0
2026-03-10 15:37:00.134603,-13.13,16.2,44.75,1,2
2026-03-10 15:37:05.134603,-12.76,14.18,45.79,1,2
2026-03-10 15:37:10.134603,-13.34,11.18,31.4,0,1
2026-03-10 15:37:15.134603,-13.13,0.0,32.0,0,0
2026-03-10 15:37:20.134603,-13.69,9.76,32.23,0,1
2026-03-10 15:37:25.134603,-13.27,17.9,38.86,1,2
2026-03-10 15:37:30.134603,-13.25,17.05,46.32,1,2
2026-03-10 15:37:35.134603,-12.72,14.98,42.21,1,2
2026-03-10 15:37:40.134603,-13.35,0.0,32.0,0,0
2026-03-10 15:37:45.134603,-12.85,15.04,51.87,1,2
2026-03-10 15:37:50.134603,-13.58,9.98,39.25,0,1
2026-03-10 15:37:55.134603,-13.4,11.31,35.75,0,1
2026-03-10 15:38:00.134603,-13.25,15.66,52.42,1,2
2026-03-10 15:38:05.134603,-12.81,16.13,36.47,1,2
2026-03-10 15:38:10.134603,-13.83,0.0,32.0,0,0
2026-03-10 15:38:15.134603,-13.64,9.85,38.68,0,1
2026-03-10 15:38:20.134603,-13.06,0.0,32.0,0,0
2026-03-10 15:38:25.134603,-13.83,0.0,32.0,0,0
2026-03-10 15:38:30.134603,-12.89,15.71,52.1,1,2
2026-03-10 15:38:35.134603,-13.44,9.23,35.96,0,1
2026-03-10 15:38:40.134603,-12.78,15.17,35.67,1,2
2026-03-10 15:38:45.134603,-13.56,11.7,30.91,0,1
2026-03-10 15:38:50.134603,-13.6,0.0,32.0,0,0
2026-03-10 15:38:55.134603,-13.36,9.38,37.69,0,1
2026-03-10 15:39:00.134603,-12.9,17.35,47.17,1,2
2026-03-10 15:39:05.134603,-13.48,10.69,37.55,0,1
2026-03-10 15:39:10.134603,-13.25,0.0,32.0,0,0
2026-03-10 15:39:15.134603,-13.02,0.0,32.0,0,0
2026-03-10 15:39:20.134603,-13.55,0.0,32.0,0,0
2026-03-10 15:39:25.134603,-12.81,15.49,37.34,1,2
2026-03-10 15:39:30.134603,-13.85,0.0,32.0,0,0
2026-03-10 15:39:35.134603,-13.36,11.98,33.5,0,1
2026-03-10 15:39:40.134603,-13.81,0.0,32.0,0,0
2026-03-10 15:39:45.134603,-13.5,10.53,38.68,0,1
2026-03-10 15:39:50.134603,-13.69,10.11,39.41,0,1
2026-03-10 15:39:55.134603,-13.66,0.0,32.0,0,0
2026-03-10 15:40:00.134603,-13.37,11.51,32.64,0,1
2026-03-10 15:40:05.134603,-13.58,9.81,35.41,0,1
2026-03-10 15:40:10.134603,-13.16,0.0,32.0,0,0
2026-03-10 15:40:15.134603,-12.72,14.56,39.88,1,2
2026-03-10 15:40:20.134603,-12.97,16.95,47.04,1,2
2026-03-10 15:40:25.134603,-12.93,15.54,53.68,1,2
2026-03-10 15:40:30.134603,-13.09,0.0,32.0,0,0
2026-03-10 15:40:35.134603,-13.37,11.41,30.59,0,1
2026-03-10 15:40:40.134603,-13.52,11.49,35.86,0,1
2026-03-10 15:40:45.134603,-13.16,13.28,54.32,1,2
2026-03-10 15:40:50.134603,-13.17,15.18,45.26,1,2
2026-03-10 15:40:55.134603,-13.79,0.0,32.0,0,0
2026-03-10 15:41:00.134603,-12.89,13.28,43.24,1,2
2026-03-10 15:41:05.134603,-13.47,11.73,33.53,0,1
2026-03-10 15:41:10.134603,-13.74,0.0,32.0,0,0
2026-03-10 15:41:15.134603,-13.21,16.17,44.35,1,2
2026-03-10 15:41:20.134603,-12.88,17.63,39.58,1,2
2026-03-10 15:41:25.134603,-13.26,15.09,48.96,1,2
2026-03-10 15:41:30.134603,-13.29,15.66,42.86,1,2
2026-03-10 15:41:35.134603,-13.46,10.19,30.29,0,1
2026-03-10 15:41:40.134603,-12.73,16.62,54.36,1,2
2026-03-10 15:41:45.134603,-13.16,17.71,35.19,1,2
2026-03-10 15:41:50.134603,-13.92,0.0,32.0,0,0
2026-03-10 15:41:55.134603,-12.76,15.14,49.55,1,2
2026-03-10 15:42:00.134603,-12.98,13.67,37.69,1,2
2026-03-10 15:42:05.134603,-13.11,14.38,44.56,1,2
2026-03-10 15:42:10.134603,-13.31,9.81,35.45,0,1
2026-03-10 15:42:15.134603,-13.25,14.15,49.78,1,2
2026-03-10 15:42:20.134603,-12.84,13.14,38.05,1,2
2026-03-10 15:42:25.134603,-13.74,0.0,32.0,0,0
2026-03-10 15:42:30.134603,-13.95,0.0,32.0,0,0
2026-03-10 15:42:35.134603,-13.75,0.0,32.0,0,0
2026-03-10 15:42:40.134603,-13.21,13.98,44.77,1,2
2026-03-10 15:42:45.134603,-13.19,0.0,32.0,0,0
2026-03-10 15:42:50.134603,-13.59,9.34,32.25,0,1
2026-03-10 15:42:55.134603,-13.18,0.0,32.0,0,0
2026-03-10 15:43:00.134603,-13.03,0.0,32.0,0,0
2026-03-10 15:43:05.134603,-13.69,0.0,32.0,0,0
2026-03-10 15:43:10.134603,-13.05,16.62,52.37,1,2
2026-03-10 15:43:15.134603,-12.77,13.46,48.68,1,2
2026-03-10 15:43:20.134603,-13.63,0.0,32.0,0,0
2026-03-10 15:43:25.134603,-13.56,0.0,32.0,0,0
2026-03-10 15:43:30.134603,-13.12,15.85,40.07,1,2
2026-03-10 15:43:35.134603,-13.84,0.0,32.0,0,0
2026-03-10 15:43:40.134603,-13.34,11.06,37.23,0,1
2026-03-10 15:43:45.134603,-13.15,17.13,49.99,1,2
2026-03-10 15:43:50.134603,-13.24,15.75,48.93,1,2
2026-03-10 15:43:55.134603,-13.25,17.4,43.58,1,2
2026-03-10 15:44:00.134603,-12.91,14.66,52.42,1,2
2026-03-10 15:44:05.134603,-12.85,17.34,51.87,1,2
2026-03-10 15:44:10.134603,-13.2,14.76,36.88,1,2
2026-03-10 15:44:15.134603,-13.07,0.0,32.0,0,0
2026-03-10 15:44:20.134603,-13.44,10.66,35.71,0,1
2026-03-10 15:44:25.134603,-13.1,14.53,52.78,1,2
2026-03-10 15:44:30.134603,-12.96,16.44,53.86,1,2
2026-03-10 15:44:35.134603,-13.58,10.78,33.98,0,1
2026-03-10 15:44:40.134603,-12.78,14.02,54.44,1,2
2026-03-10 15:44:45.134603,-13.19,16.6,38.9,1,2
2026-03-10 15:44:50.134603,-12.94,16.22,49.37,1,2
2026-03-10 15:44:55.134603,-13.54,0.0,32.0,0,0
2026-03-10 15:45:00.134603,-13.54,10.71,31.51,0,1
2026-03-10 15:45:05.134603,-13.19,0.0,32.0,0,0
2026-03-10 15:45:10.134603,-13.49,10.24,37.14,0,1
2026-03-10 15:45:15.134603,-13.33,10.17,36.27,0,1
2026-03-10 15:45:20.134603,-12.8,15.16,40.77,1,2
2026-03-10 15:45:25.134603,-13.21,15.11,53.84,1,2
2026-03-10 15:45:30.134603,-13.49,9.58,34.49,0,1
2026-03-10 15:45:35.134603,-13.35,9.24,35.49,0,1
2026-03-10 15:45:40.134603,-13.69,10.93,37.18,0,1
2026-03-10 15:45:45.134603,-13.33,10.98,38.7,0,1
2026-03-10 15:45:50.134603,-13.21,0.0,32.0,0,0
2026-03-10 15:45:55.134603,-13.56,10.88,32.78,0,1
2026-03-10 15:46:00.134603,-13.51,9.15,38.98,0,1
2026-03-10 15:46:05.134603,-13.69,9.53,37.77,0,1
2026-03-10 15:46:10.134603,-13.64,11.59,36.54,0,1
2026-03-10 15:46:15.134603,-13.66,11.17,39.55,0,1
2026-03-10 15:46:20.134603,-13.47,9.24,39.59,0,1
2026-03-10 15:46:25.134603,-12.88,16.88,46.07,1,2
2026-03-10 15:46:30.134603,-13.08,14.2,35.33,1,2
2026-03-10 15:46:35.134603,-13.03,17.39,45.08,1,2
2026-03-10 15:46:40.134603,-13.31,0.0,32.0,0,0
2026-03-10 15:46:45.134603,-13.53,10.78,31.78,0,1
2026-03-10 15:46:50.134603,-13.53,11.24,31.31,0,1
2026-03-10 15:46:55.134603,-13.95,0.0,32.0,0,0
2026-03-10 15:47:00.134603,-13.66,0.0,32.0,0,0
2026-03-10 15:47:05.134603,-12.86,14.8,52.11,1,2
2026-03-10 15:47:10.134603,-12.97,17.7,51.1,1,2
2026-03-10 15:47:15.134603,-13.38,0.0,32.0,0,0
2026-03-10 15:47:20.134603,-13.5,0.0,32.0,0,0
2026-03-10 15:47:25.134603,-13.31,0.0,32.0,0,0
2026-03-10 15:47:30.134603,-12.84,17.5,44.0,1,2
2026-03-10 15:47:35.134603,-13.3,11.18,35.6,0,1
2026-03-10 15:47:40.134603,-13.46,11.97,32.48,0,1
2026-03-10 15:47:45.134603,-13.68,11.28,38.4,0,1
2026-03-10 15:47:50.134603,-13.41,10.6,33.65,0,1
2026-03-10 15:47:55.134603,-13.32,9.98,39.62,0,1
2026-03-10 15:48:00.134603,-13.16,0.0,32.0,0,0
2026-03-10 15:48:05.134603,-13.29,0.0,32.0,0,0
2026-03-10 15:48:10.134603,-13.02,16.91,39.64,1,2
2026-03-10 15:48:15.134603,-13.05,14.56,45.34,1,2
2026-03-10 15:48:20.134603,-13.09,17.86,50.61,1,2
2026-03-10 15:48:25.134603,-13.26,14.53,44.68,1,2
2026-03-10 15:48:30.134603,-12.91,15.82,41.0,1,2
2026-03-10 15:48:35.134603,-13.16,17.03,53.78,1,2
2026-03-10 15:48:40.134603,-13.57,0.0,32.0,0,0
2026-03-10 15:48:45.134603,-13.03,14.27,38.47,1,2
2026-03-10 15:48:50.134603,-13.93,0.0,32.0,0,0
2026-03-10 15:48:55.134603,-13.17,15.49,51.45,1,2
2026-03-10 15:49:00.134603,-12.95,15.97,35.18,1,2
2026-03-10 15:49:05.134603,-13.61,9.01,39.19,0,1
2026-03-10 15:49:10.134603,-13.41,10.91,32.26,0,1
2026-03-10 15:49:15.134603,-12.77,14.72,54.41,1,2
2026-03-10 15:49:20.134603,-13.5,11.02,36.88,0,1
2026-03-10 15:49:25.134603,-12.73,13.06,48.3,1,2
2026-03-10 15:49:30.134603,-13.51,10.3,39.17,0,1
2026-03-10 15:49:35.134603,-13.7,11.23,36.9,0,1
2026-03-10 15:49:40.134603,-14.0,0.0,32.0,0,0
2026-03-10 15:49:45.134603,-12.87,13.2,48.25,1,2
2026-03-10 15:49:50.134603,-13.03,14.76,37.99,1,2
2026-03-10 15:49:55.134603,-13.53,10.0,32.67,0,1
2026-03-10 15:50:00.134603,-13.38,10.7,34.43,0,1
2026-03-10 15:50:05.134603,-13.35,11.46,37.67,0,1
2026-03-10 15:50:10.134603,-13.13,14.92,44.65,1,2
2026-03-10 15:50:15.134603,-13.48,9.01,33.62,0,1
2026-03-10 15:50:20.134603,-13.55,0.0,32.0,0,0
2026-03-10 15:50:25.134603,-13.02,17.46,53.67,1,2
2026-03-10 15:50:30.134603,-13.06,16.79,38.6,1,2
2026-03-10 15:50:35.134603,-12.92,13.77,41.36,1,2
2026-03-10 15:50:40.134603,-13.32,11.64,34.37,0,1
2026-03-10 15:50:45.134603,-13.24,16.59,53.25,1,2
2026-03-10 15:50:50.134603,-12.72,13.01,41.8,1,2
2026-03-10 15:50:55.134603,-13.09,15.29,51.13,1,2
2026-03-10 15:51:00.134603,-13.6,9.64,39.11,0,1
2026-03-10 15:51:05.134603,-13.28,17.81,37.39,1,2
2026-03-10 15:51:10.134603,-13.86,0.0,32.0,0,0
2026-03-10 15:51:15.134603,-12.98,13.15,43.32,1,2
2026-03-10 15:51:20.134603,-13.52,10.79,36.44,0,1
2026-03-10 15:51:25.134603,-12.76,15.3,36.92,1,2
2026-03-10 15:51:30.134603,-13.69,11.36,30.74,0,1
2026-03-10 15:51:35.134603,-13.71,0.0,32.0,0,0
2026-03-10 15:51:40.134603,-13.32,10.61,30.03,0,1
2026-03-10 15:51:45.134603,-13.65,0.0,32.0,0,0
2026-03-10 15:51:50.134603,-13.47,10.28,32.57,0,1
2026-03-10 15:51:55.134603,-13.65,10.59,30.43,0,1
2026-03-10 15:52:00.134603,-13.52,0.0,32.0,0,0
2026-03-10 15:52:05.134603,-13.38,9.21,39.9,0,1
2026-03-10 15:52:10.134603,-13.17,0.0,32.0,0,0
2026-03-10 15:52:15.134603,-13.2,13.14,41.03,1,2
2026-03-10 15:52:20.134603,-13.81,0.0,32.0,0,0
2026-03-10 15:52:25.134603,-13.55,11.74,32.16,0,1
2026-03-10 15:52:30.134603,-13.14,0.0,32.0,0,0
2026-03-10 15:52:35.134603,-12.71,16.46,50.03,1,2
2026-03-10 15:52:40.134603,-12.75,16.53,50.31,1,2
2026-03-10 15:52:45.134603,-13.01,15.2,54.41,1,2
2026-03-10 15:52:50.134603,-13.0,15.19,40.15,1,2
2026-03-10 15:52:55.134603,-13.19,16.22,41.29,1,2
2026-03-10 15:53:00.134603,-13.42,10.91,31.61,0,1
2026-03-10 15:53:05.134603,-13.48,10.68,36.94,0,1
2026-03-10 15:53:10.134603,-13.34,0.0,32.0,0,0
2026-03-10 15:53:15.134603,-13.79,0.0,32.0,0,0
2026-03-10 15:53:20.134603,-12.8,17.29,40.24,1,2
2026-03-10 15:53:25.134603,-13.43,11.6,33.05,0,1
2026-03-10 15:53:30.134603,-13.33,10.57,31.9,0,1
2026-03-10 15:53:35.134603,-13.35,9.17,35.7,0,1
2026-03-10 15:53:40.134603,-13.4,11.76,34.36,0,1
2026-03-10 15:53:45.134603,-12.8,15.54,42.96,1,2
2026-03-10 15:53:50.134603,-13.04,15.05,50.51,1,2
2026-03-10 15:53:55.134603,-12.81,16.73,53.66,1,2
2026-03-10 15:54:00.134603,-13.22,17.09,42.32,1,2
2026-03-10 15:54:05.134603,-13.48,11.95,34.17,0,1
2026-03-10 15:54:10.134603,-13.1,15.99,51.37,1,2
2026-03-10 15:54:15.134603,-12.96,17.73,53.33,1,2
2026-03-10 15:54:20.134603,-13.01,13.55,50.45,1,2
2026-03-10 15:54:25.134603,-13.68,9.91,30.04,0,1
2026-03-10 15:54:30.134603,-13.42,10.71,36.99,0,1
2026-03-10 15:54:35.134603,-13.07,15.27,36.29,1,2
2026-03-10 15:54:40.134603,-13.56,11.24,32.8,0,1
2026-03-10 15:54:45.134603,-12.78,17.01,45.42,1,2
2026-03-10 15:54:50.134603,-13.28,0.0,32.0,0,0
2026-03-10 15:54:55.134603,-13.23,0.0,32.0,0,0
2026-03-10 15:55:00.134603,-13.16,17.66,43.17,1,2
2026-03-10 15:55:05.134603,-13.14,0.0,32.0,0,0
2026-03-10 15:55:10.134603,-13.17,0.0,32.0,0,0
2026-03-10 15:55:15.134603,-13.2,13.6,43.84,1,2
2026-03-10 15:55:20.134603,-13.06,17.14,35.64,1,2
2026-03-10 15:55:25.134603,-13.24,14.19,39.65,1,2
2026-03-10 15:55:30.134603,-13.39,0.0,32.0,0,0
2026-03-10 15:55:35.134603,-12.79,14.57,37.05,1,2
2026-03-10 15:55:40.134603,-13.56,10.4,35.44,0,1
2026-03-10 15:55:45.134603,-13.65,9.66,37.94,0,1
2026-03-10 15:55:50.134603,-13.69,9.88,37.41,0,1
2026-03-10 15:55:55.134603,-13.04,15.76,48.02,1,2
2026-03-10 15:56:00.134603,-14.0,0.0,32.0,0,0
2026-03-10 15:56:05.134603,-12.84,14.57,45.9,1,2
2026-03-10 15:56:10.134603,-13.08,0.0,32.0,0,0
2026-03-10 15:56:15.134603,-13.4,10.59,37.66,0,1
2026-03-10 15:56:20.134603,-13.53,11.68,36.31,0,1
2026-03-10 15:56:25.134603,-13.44,0.0,32.0,0,0
2026-03-10 15:56:30.134603,-13.45,10.85,34.22,0,1
2026-03-10 15:56:35.134603,-13.28,0.0,32.0,0,0
2026-03-10 15:56:40.134603,-13.48,9.23,31.81,0,1
2026-03-10 15:56:45.134603,-12.85,16.62,36.37,1,2
2026-03-10 15:56:50.134603,-13.35,10.06,37.83,0,1
2026-03-10 15:56:55.134603,-13.79,0.0,32.0,0,0
2026-03-10 15:57:00.134603,-12.76,16.46,53.64,1,2
2026-03-10 15:57:05.134603,-12.74,14.72,37.82,1,2
2026-03-10 15:57:10.134603,-13.37,9.38,36.45,0,1
2026-03-10 15:57:15.134603,-13.88,0.0,32.0,0,0
2026-03-10 15:57:20.134603,-13.46,9.86,33.68,0,1
2026-03-10 15:57:25.134603,-13.56,0.0,32.0,0,0
2026-03-10 15:57:30.134603,-13.65,11.99,39.32,0,1
2026-03-10 15:57:35.134603,-13.24,14.98,35.27,1,2
2026-03-10 15:57:40.134603,-13.63,11.46,31.07,0,1
2026-03-10 15:57:45.134603,-13.51,10.2,33.73,0,1
2026-03-10 15:57:50.134603,-13.59,0.0,32.0,0,0
2026-03-10 15:57:55.134603,-12.75,16.95,43.07,1,2
2026-03-10 15:58:00.134603,-13.06,0.0,32.0,0,0
2026-03-10 15:58:05.134603,-13.56,9.2,39.37,0,1
2026-03-10 15:58:10.134603,-12.87,13.84,53.62,1,2
2026-03-10 15:58:15.134603,-13.38,11.21,34.34,0,1
2026-03-10 15:58:20.134603,-13.52,11.51,32.76,0,1
2026-03-10 15:58:25.134603,-13.04,0.0,32.0,0,0
2026-03-10 15:58:30.134603,-13.17,14.41,39.51,1,2
2026-03-10 15:58:35.134603,-13.64,0.0,32.0,0,0
2026-03-10 15:58:40.134603,-13.77,0.0,32.0,0,0
2026-03-10 15:58:45.134603,-13.21,14.71,49.64,1,2
2026-03-10 15:58:50.134603,-13.8,0.0,32.0,0,0
2026-03-10 15:58:55.134603,-13.5,11.88,32.83,0,1
2026-03-10 15:59:00.134603,-13.38,11.61,32.1,0,1
2026-03-10 15:59:05.134603,-13.15,14.96,35.16,1,2
2026-03-10 15:59:10.134603,-13.5,11.19,30.15,0,1
2026-03-10 15:59:15.134603,-13.28,14.38,38.54,1,2
2026-03-10 15:59:20.134603,-13.13,13.81,37.47,1,2
2026-03-10 15:59:25.134603,-13.37,11.39,36.34,0,1
2026-03-10 15:59:30.134603,-13.26,14.21,50.27,1,2
2026-03-10 15:59:35.134603,-13.4,0.0,32.0,0,0
2026-03-10 15:59:40.134603,-13.52,10.02,32.92,0,1
2026-03-10 15:59:45.134603,-13.5,10.8,36.42,0,1
2026-03-10 15:59:50.134603,-13.52,10.37,31.77,0,1
2026-03-10 15:59:55.134603,-13.95,0.0,32.0,0,0
2026-03-10 16:00:00.134603,-13.13,13.77,38.82,1,2
2026-03-10 16:00:05.134603,-12.86,14.24,36.26,1,2
2026-03-10 16:00:10.134603,-13.61,11.1,35.05,0,1
2026-03-10 16:00:15.134603,-13.12,17.41,53.48,1,2
2026-03-10 16:00:20.134603,-13.25,0.0,32.0,0,0
2026-03-10 16:00:25.134603,-13.12,0.0,32.0,0,0
2026-03-10 16:00:30.134603,-13.53,10.45,39.27,0,1
2026-03-10 16:00:35.134603,-13.66,10.18,38.88,0,1
2026-03-10 16:00:40.134603,-13.64,10.43,33.5,0,1
2026-03-10 16:00:45.134603,-13.48,10.13,32.24,0,1
2026-03-10 16:00:50.134603,-13.72,0.0,32.0,0,0
2026-03-10 16:00:55.134603,-13.74,0.0,32.0,0,0
2026-03-10 16:01:00.134603,-13.37,10.82,32.19,0,1
2026-03-10 16:01:05.134603,-13.09,0.0,32.0,0,0
2026-03-10 16:01:10.134603,-13.49,0.0,32.0,0,0
2026-03-10 16:01:15.134603,-13.09,15.92,42.34,1,2
2026-03-10 16:01:20.134603,-13.14,15.89,51.99,1,2
2026-03-10 16:01:25.134603,-13.18,16.52,48.77,1,2
2026-03-10 16:01:30.134603,-13.35,10.0,38.16,0,1
2026-03-10 16:01:35.134603,-13.31,11.63,33.6,0,1
2026-03-10 16:01:40.134603,-13.7,11.05,37.94,0,1
2026-03-10 16:01:45.134603,-12.86,14.09,41.15,1,2
2026-03-10 16:01:50.134603,-13.53,10.84,35.95,0,1
2026-03-10 16:01:55.134603,-13.5,10.04,34.98,0,1
2026-03-10 16:02:00.134603,-13.54,0.0,32.0,0,0
2026-03-10 16:02:05.134603,-13.19,0.0,32.0,0,0
2026-03-10 16:02:10.134603,-13.14,17.93,51.97,1,2
2026-03-10 16:02:15.134603,-13.78,0.0,32.0,0,0
2026-03-10 16:02:20.134603,-13.4,0.0,32.0,0,0
2026-03-10 16:02:25.134603,-13.53,10.52,37.45,0,1
2026-03-10 16:02:30.134603,-13.12,0.0,32.0,0,0
2026-03-10 16:02:35.134603,-13.27,0.0,32.0,0,0
2026-03-10 16:02:40.134603,-13.41,9.37,38.16,0,1
2026-03-10 16:02:45.134603,-13.48,9.17,39.99,0,1
2026-03-10 16:02:50.134603,-13.72,0.0,32.0,0,0
2026-03-10 16:02:55.134603,-13.25,13.43,41.9,1,2
2026-03-10 16:03:00.134603,-13.58,10.95,33.12,0,1
2026-03-10 16:03:05.134603,-12.9,16.19,50.36,1,2
2026-03-10 16:03:10.134603,-13.67,10.49,36.09,0,1
2026-03-10 16:03:15.134603,-13.67,11.99,34.4,0,1
2026-03-10 16:03:20.134603,-12.74,14.64,45.8,1,2
2026-03-10 16:03:25.134603,-13.5,11.65,37.11,0,1
2026-03-10 16:03:30.134603,-13.47,9.34,31.39,0,1
2026-03-10 16:03:35.134603,-13.22,0.0,32.0,0,0
2026-03-10 16:03:40.134603,-13.46,11.52,34.75,0,1
2026-03-10 16:03:45.134603,-13.49,10.74,38.85,0,1
2026-03-10 16:03:50.134603,-13.92,0.0,32.0,0,0
2026-03-10 16:03:55.134603,-13.41,10.28,37.53,0,1
2026-03-10 16:04:00.134603,-13.09,13.51,37.56,1,2
2026-03-10 16:04:05.134603,-13.42,11.22,30.96,0,1
2026-03-10 16:04:10.134603,-13.16,15.28,37.72,1,2
2026-03-10 16:04:15.134603,-12.99,13.49,47.69,1,2
2026-03-10 16:04:20.134603,-13.55,10.67,32.89,0,1
2026-03-10 16:04:25.134603,-12.74,14.72,48.74,1,2
2026-03-10 16:04:30.134603,-13.22,0.0,32.0,0,0
2026-03-10 16:04:35.134603,-12.81,15.03,46.44,1,2
2026-03-10 16:04:40.134603,-13.32,9.83,38.16,0,1
2026-03-10 16:04:45.134603,-12.95,16.12,47.17,1,2
2026-03-10 16:04:50.134603,-12.88,16.29,46.17,1,2
2026-03-10 16:04:55.134603,-13.69,0.0,32.0,0,0
2026-03-10 16:05:00.134603,-13.94,0.0,32.0,0,0
2026-03-10 16:05:05.134603,-12.9,14.62,37.21,1,2
2026-03-10 16:05:10.134603,-13.82,0.0,32.0,0,0
2026-03-10 16:05:15.134603,-13.66,10.11,36.42,0,1
2026-03-10 16:05:20.134603,-13.65,11.02,33.84,0,1
2026-03-10 16:05:25.134603,-13.56,0.0,32.0,0,0
2026-03-10 16:05:30.134603,-13.6,10.28,32.82,0,1
2026-03-10 16:05:35.134603,-13.34,11.47,39.66,0,1
2026-03-10 16:05:40.134603,-13.11,17.09,35.85,1,2
2026-03-10 16:05:45.134603,-12.98,16.31,48.65,1,2
2026-03-10 16:05:50.134603,-13.23,0.0,32.0,0,0
2026-03-10 16:05:55.134603,-13.85,0.0,32.0,0,0
2026-03-10 16:06:00.134603,-13.11,14.74,36.28,1,2
2026-03-10 16:06:05.134603,-12.97,14.55,54.83,1,2
2026-03-10 16:06:10.134603,-13.03,17.91,47.39,1,2
2026-03-10 16:06:15.134603,-13.16,13.43,35.55,1,2
2026-03-10 16:06:20.134603,-13.07,17.54,38.88,1,2
2026-03-10 16:06:25.134603,-13.98,0.0,32.0,0,0
2026-03-10 16:06:30.134603,-12.85,16.94,50.86,1,2
2026-03-10 16:06:35.134603,-13.39,0.0,32.0,0,0
2026-03-10 16:06:40.134603,-13.6,11.3,34.23,0,1
2026-03-10 16:06:45.134603,-12.72,15.99,51.63,1,2
2026-03-10 16:06:50.134603,-12.74,15.35,43.08,1,2
2026-03-10 16:06:55.134603,-13.19,15.22,36.15,1,2
2026-03-10 16:07:00.134603,-13.42,11.01,33.11,0,1
2026-03-10 16:07:05.134603,-13.53,10.28,32.62,0,1
2026-03-10 16:07:10.134603,-13.56,0.0,32.0,0,0
2026-03-10 16:07:15.134603,-13.62,11.82,35.17,0,1
2026-03-10 16:07:20.134603,-13.6,10.78,39.87,0,1
2026-03-10 16:07:25.134603,-13.63,11.26,33.3,0,1
2026-03-10 16:07:30.134603,-13.03,14.42,40.26,1,2
2026-03-10 16:07:35.134603,-13.29,14.72,48.08,1,2
2026-03-10 16:07:40.134603,-12.93,14.72,45.7,1,2
2026-03-10 16:07:45.134603,-13.27,0.0,32.0,0,0
2026-03-10 16:07:50.134603,-12.74,14.6,37.39,1,2
2026-03-10 16:07:55.134603,-13.23,0.0,32.0,0,0
2026-03-10 16:08:00.134603,-13.43,11.45,33.05,0,1
2026-03-10 16:08:05.134603,-13.53,0.0,32.0,0,0
2026-03-10 16:08:10.134603,-13.15,15.5,44.55,1,2
2026-03-10 16:08:15.134603,-13.11,0.0,32.0,0,0
2026-03-10 16:08:20.134603,-12.81,14.37,48.14,1,2
2026-03-10 16:08:25.134603,-13.7,0.0,32.0,0,0
2026-03-10 16:08:30.134603,-13.48,0.0,32.0,0,0
2026-03-10 16:08:35.134603,-13.14,0.0,32.0,0,0
2026-03-10 16:08:40.134603,-13.09,0.0,32.0,0,0
2026-03-10 16:08:45.134603,-13.06,0.0,32.0,0,0
2026-03-10 16:08:50.134603,-13.63,9.2,31.41,0,1
2026-03-10 16:08:55.134603,-12.84,15.73,39.11,1,2
2026-03-10 16:09:00.134603,-13.15,13.42,46.74,1,2
2026-03-10 16:09:05.134603,-13.08,14.57,42.94,1,2
2026-03-10 16:09:10.134603,-13.03,17.25,45.82,1,2
2026-03-10 16:09:15.134603,-12.84,13.2,47.42,1,2
2026-03-10 16:09:20.134603,-13.4,9.22,31.32,0,1
2026-03-10 16:09:25.134603,-13.63,11.47,33.05,0,1
2026-03-10 16:09:30.134603,-13.86,0.0,32.0,0,0
2026-03-10 16:09:35.134603,-13.54,9.32,30.74,0,1
2026-03-10 16:09:40.134603,-12.88,17.03,44.69,1,2
2026-03-10 16:09:45.134603,-12.98,14.33,53.03,1,2
2026-03-10 16:09:50.134603,-13.65,11.35,37.99,0,1
2026-03-10 16:09:55.134603,-13.12,17.12,37.96,1,2
2026-03-10 16:10:00.134603,-13.57,9.28,33.46,0,1
2026-03-10 16:10:05.134603,-13.15,13.32,50.75,1,2
2026-03-10 16:10:10.134603,-13.66,10.35,38.3,0,1
2026-03-10 16:10:15.134603,-13.17,17.98,39.07,1,2
2026-03-10 16:10:20.134603,-13.69,11.96,32.74,0,1
2026-03-10 16:10:25.134603,-13.32,0.0,32.0,0,0
2026-03-10 16:10:30.134603,-13.64,10.46,31.04,0,1
2026-03-10 16:10:35.134603,-12.85,15.95,42.41,1,2
2026-03-10 16:10:40.134603,-13.48,9.33,31.74,0,1
2026-03-10 16:10:45.134603,-13.52,11.48,37.11,0,1
2026-03-10 16:10:50.134603,-12.88,13.87,39.17,1,2
2026-03-10 16:10:55.134603,-13.64,11.29,36.92,0,1
2026-03-10 16:11:00.134603,-13.59,10.12,36.97,0,1
2026-03-10 16:11:05.134603,-13.33,10.57,30.6,0,1
2026-03-10 16:11:10.134603,-12.75,14.59,35.35,1,2
2026-03-10 16:11:15.134603,-13.55,0.0,32.0,0,0
2026-03-10 16:11:20.134603,-13.49,0.0,32.0,0,0
2026-03-10 16:11:25.134603,-13.37,9.99,30.74,0,1
2026-03-10 16:11:30.134603,-13.26,13.93,48.74,1,2
2026-03-10 16:11:35.134603,-13.35,11.45,39.7,0,1
2026-03-10 16:11:40.134603,-13.07,13.17,36.94,1,2
2026-03-10 16:11:45.134603,-13.42,0.0,32.0,0,0
2026-03-10 16:11:50.134603,-13.08,0.0,32.0,0,0
2026-03-10 16:11:55.134603,-13.04,0.0,32.0,0,0
2026-03-10 16:12:00.134603,-13.64,9.39,38.53,0,1
2026-03-10 16:12:05.134603,-13.48,11.82,31.57,0,1
2026-03-10 16:12:10.134603,-13.0,16.42,44.92,1,2
2026-03-10 16:12:15.134603,-13.61,10.29,30.79,0,1
2026-03-10 16:12:20.134603,-13.0,17.08,38.6,1,2
2026-03-10 16:12:25.134603,-13.16,0.0,32.0,0,0
2026-03-10 16:12:30.134603,-13.56,0.0,32.0,0,0
2026-03-10 16:12:35.134603,-13.38,9.12,32.06,0,1
2026-03-10 16:12:40.134603,-13.27,14.81,35.37,1,2
2026-03-10 16:12:45.134603,-13.56,10.29,33.71,0,1
2026-03-10 16:12:50.134603,-12.78,17.61,37.04,1,2
2026-03-10 16:12:55.134603,-13.43,9.42,33.72,0,1
2026-03-10 16:13:00.134603,-13.57,10.71,33.32,0,1
2026-03-10 16:13:05.134603,-13.5,9.21,34.6,0,1
2026-03-10 16:13:10.134603,-13.82,0.0,32.0,0,0
2026-03-10 16:13:15.134603,-13.44,0.0,32.0,0,0
2026-03-10 16:13:20.134603,-12.98,16.01,43.6,1,2
2026-03-10 16:13:25.134603,-13.6,10.71,35.42,0,1
2026-03-10 16:13:30.134603,-12.82,17.44,51.33,1,2
2026-03-10 16:13:35.134603,-13.02,13.14,43.75,1,2
2026-03-10 16:13:40.134603,-13.87,0.0,32.0,0,0
2026-03-10 16:13:45.134603,-13.53,9.15,38.27,0,1
2026-03-10 16:13:50.134603,-12.81,14.65,35.39,1,2
2026-03-10 16:13:55.134603,-13.1,13.61,38.43,1,2
2026-03-10 16:14:00.134603,-13.13,0.0,32.0,0,0
2026-03-10 16:14:05.134603,-13.26,0.0,32.0,0,0
2026-03-10 16:14:10.134603,-13.43,11.45,38.42,0,1
2026-03-10 16:14:15.134603,-13.07,16.42,53.16,1,2
2026-03-10 16:14:20.134603,-13.42,11.05,38.05,0,1
2026-03-10 16:14:25.134603,-13.44,0.0,32.0,0,0
2026-03-10 16:14:30.134603,-13.52,9.24,31.06,0,1
2026-03-10 16:14:35.134603,-13.99,0.0,32.0,0,0
2026-03-10 16:14:40.134603,-12.99,16.97,46.53,1,2
2026-03-10 16:14:45.134603,-12.99,17.6,49.08,1,2
2026-03-10 16:14:50.134603,-13.4,0.0,32.0,0,0
2026-03-10 16:14:55.134603,-13.42,10.36,39.93,0,1
2026-03-10 16:15:00.134603,-13.49,0.0,32.0,0,0
2026-03-10 16:15:05.134603,-13.03,0.0,32.0,0,0
2026-03-10 16:15:10.134603,-13.58,0.0,32.0,0,0
2026-03-10 16:15:15.134603,-13.45,10.16,30.95,0,1
2026-03-10 16:15:20.134603,-12.8,13.25,53.37,1,2
2026-03-10 16:15:25.134603,-13.54,9.51,36.43,0,1
2026-03-10 16:15:30.134603,-13.74,0.0,32.0,0,0
2026-03-10 16:15:35.134603,-12.94,17.66,51.28,1,2
2026-03-10 16:15:40.134603,-13.3,9.82,33.83,0,1
2026-03-10 16:15:45.134603,-13.31,10.76,34.41,0,1
2026-03-10 16:15:50.134603,-12.85,14.8,37.86,1,2
2026-03-10 16:15:55.134603,-12.98,15.66,47.88,1,2
2026-03-10 16:16:00.134603,-13.69,10.11,35.75,0,1
2026-03-10 16:16:05.134603,-13.56,0.0,32.0,0,0
2026-03-10 16:16:10.134603,-13.93,0.0,32.0,0,0
2026-03-10 16:16:15.134603,-12.83,14.99,54.37,1,2
2026-03-10 16:16:20.134603,-13.38,10.94,33.25,0,1
2026-03-10 16:16:25.134603,-12.79,15.91,41.61,1,2
2026-03-10 16:16:30.134603,-13.45,9.34,30.16,0,1
2026-03-10 16:16:35.134603,-12.86,16.0,39.56,1,2
2026-03-10 16:16:40.134603,-13.48,11.98,35.24,0,1
2026-03-10 16:16:45.134603,-13.63,10.21,34.42,0,1
2026-03-10 16:16:50.134603,-12.77,17.12,52.7,1,2
2026-03-10 16:16:55.134603,-13.41,10.49,33.8,0,1
2026-03-10 16:17:00.134603,-13.76,0.0,32.0,0,0
2026-03-10 16:17:05.134603,-13.31,11.99,34.47,0,1
2026-03-10 16:17:10.134603,-13.14,0.0,32.0,0,0
2026-03-10 16:17:15.134603,-13.64,9.82,31.96,0,1
2026-03-10 16:17:20.134603,-13.8,0.0,32.0,0,0
2026-03-10 16:17:25.134603,-13.46,10.24,35.29,0,1
2026-03-10 16:17:30.134603,-13.51,0.0,32.0,0,0
2026-03-10 16:17:35.134603,-13.28,0.0,32.0,0,0
2026-03-10 16:17:40.134603,-13.37,10.88,32.58,0,1
2026-03-10 16:17:45.134603,-13.11,16.3,50.4,1,2
2026-03-10 16:17:50.134603,-13.39,10.4,36.14,0,1
2026-03-10 16:17:55.134603,-13.15,15.95,36.66,1,2
2026-03-10 16:18:00.134603,-13.32,11.06,30.22,0,1
2026-03-10 16:18:05.134603,-13.7,10.23,39.04,0,1
2026-03-10 16:18:10.134603,-13.47,0.0,32.0,0,0
2026-03-10 16:18:15.134603,-13.35,0.0,32.0,0,0
2026-03-10 16:18:20.134603,-13.48,11.08,30.39,0,1
2026-03-10 16:18:25.134603,-13.24,0.0,32.0,0,0
2026-03-10 16:18:30.134603,-13.51,9.79,37.22,0,1
2026-03-10 16:18:35.134603,-12.99,15.12,54.62,1,2
2026-03-10 16:18:40.134603,-13.34,0.0,32.0,0,0
2026-03-10 16:18:45.134603,-13.16,14.33,39.04,1,2
2026-03-10 16:18:50.134603,-13.69,0.0,32.0,0,0
2026-03-10 16:18:55.134603,-13.61,11.75,38.42,0,1
2026-03-10 16:19:00.134603,-13.48,0.0,32.0,0,0
2026-03-10 16:19:05.134603,-13.48,11.25,32.73,0,1
2026-03-10 16:19:10.134603,-13.11,16.0,52.06,1,2
2026-03-10 16:19:15.134603,-13.17,0.0,32.0,0,0
2026-03-10 16:19:20.134603,-13.44,10.35,36.81,0,1
2026-03-10 16:19:25.134603,-13.44,9.07,32.64,0,1
2026-03-10 16:19:30.134603,-13.52,10.85,31.9,0,1
2026-03-10 16:19:35.134603,-13.75,0.0,32.0,0,0
2026-03-10 16:19:40.134603,-12.86,15.91,39.48,1,2
2026-03-10 16:19:45.134603,-13.07,13.95,43.71,1,2
2026-03-10 16:19:50.134603,-13.5,10.71,37.84,0,1
2026-03-10 16:19:55.134603,-13.38,9.81,31.85,0,1
2026-03-10 16:20:00.134603,-13.42,10.23,34.99,0,1
2026-03-10 16:20:05.134603,-13.6,11.68,35.99,0,1
2026-03-10 16:20:10.134603,-13.05,16.01,50.48,1,2
2026-03-10 16:20:15.134603,-13.39,10.47,33.95,0,1
2026-03-10 16:20:20.134603,-13.24,0.0,32.0,0,0
2026-03-10 16:20:25.134603,-13.67,9.99,39.25,0,1
2026-03-10 16:20:30.134603,-12.99,16.71,54.26,1,2
2026-03-10 16:20:35.134603,-13.19,16.51,48.0,1,2
2026-03-10 16:20:40.134603,-12.81,16.62,44.14,1,2
2026-03-10 16:20:45.134603,-12.88,14.39,48.31,1,2
2026-03-10 16:20:50.134603,-12.9,15.57,47.7,1,2
2026-03-10 16:20:55.134603,-13.47,0.0,32.0,0,0
2026-03-10 16:21:00.134603,-13.19,0.0,32.0,0,0
2026-03-10 16:21:05.134603,-13.11,0.0,32.0,0,0
2026-03-10 16:21:10.134603,-13.61,0.0,32.0,0,0
2026-03-10 16:21:15.134603,-13.46,11.25,30.66,0,1
2026-03-10 16:21:20.134603,-13.14,17.39,35.77,1,2
2026-03-10 16:21:25.134603,-13.71,0.0,32.0,0,0
2026-03-10 16:21:30.134603,-13.66,9.3,39.84,0,1
2026-03-10 16:21:35.134603,-13.62,11.32,36.77,0,1
2026-03-10 16:21:40.134603,-13.32,9.94,39.96,0,1
2026-03-10 16:21:45.134603,-13.67,10.9,30.84,0,1
2026-03-10 16:21:50.134603,-13.89,0.0,32.0,0,0
2026-03-10 16:21:55.134603,-13.74,0.0,32.0,0,0
2026-03-10 16:22:00.134603,-12.97,16.77,52.92,1,2
2026-03-10 16:22:05.134603,-12.94,17.84,49.88,1,2
2026-03-10 16:22:10.134603,-12.94,15.61,54.49,1,2
2026-03-10 16:22:15.134603,-13.41,10.7,30.88,0,1
2026-03-10 16:22:20.134603,-13.6,0.0,32.0,0,0
2026-03-10 16:22:25.134603,-13.39,10.12,31.0,0,1
2026-03-10 16:22:30.134603,-13.43,9.94,37.67,0,1
2026-03-10 16:22:35.134603,-13.53,9.98,38.92,0,1
2026-03-10 16:22:40.134603,-13.62,0.0,32.0,0,0
2026-03-10 16:22:45.134603,-13.61,0.0,32.0,0,0
2026-03-10 16:22:50.134603,-13.08,15.45,41.68,1,2
2026-03-10 16:22:55.134603,-13.41,9.2,35.61,0,1
2026-03-10 16:23:00.134603,-13.58,9.17,33.0,0,1
2026-03-10 16:23:05.134603,-13.87,0.0,32.0,0,0
2026-03-10 16:23:10.134603,-12.76,16.41,36.04,1,2
2026-03-10 16:23:15.134603,-12.82,13.49,41.04,1,2
2026-03-10 16:23:20.134603,-13.29,17.59,53.28,1,2
2026-03-10 16:23:25.134603,-12.97,14.96,52.81,1,2
2026-03-10 16:23:30.134603,-13.66,9.36,34.37,0,1
2026-03-10 16:23:35.134603,-13.66,10.82,30.67,0,1
2026-03-10 16:23:40.134603,-13.32,10.33,30.66,0,1
2026-03-10 16:23:45.134603,-13.2,0.0,32.0,0,0
2026-03-10 16:23:50.134603,-13.41,0.0,32.0,0,0
2026-03-10 16:23:55.134603,-13.1,15.43,49.7,1,2
2026-03-10 16:24:00.134603,-13.47,10.7,31.08,0,1
2026-03-10 16:24:05.134603,-13.13,0.0,32.0,0,0
2026-03-10 16:24:10.134603,-12.86,15.58,43.75,1,2
2026-03-10 16:24:15.134603,-13.0,17.43,40.86,1,2
2026-03-10 16:24:20.134603,-13.08,16.44,35.45,1,2
2026-03-10 16:24:25.134603,-13.88,0.0,32.0,0,0
2026-03-10 16:24:30.134603,-12.91,16.89,48.09,1,2
2026-03-10 16:24:35.134603,-13.6,11.69,39.47,0,1
2026-03-10 16:24:40.134603,-13.38,11.03,39.88,0,1
2026-03-10 16:24:45.134603,-13.68,0.0,32.0,0,0
2026-03-10 16:24:50.134603,-13.91,0.0,32.0,0,0
2026-03-10 16:24:55.134603,-12.94,16.52,36.47,1,2
2026-03-10 16:25:00.134603,-13.86,0.0,32.0,0,0
2026-03-10 16:25:05.134603,-13.26,15.68,41.54,1,2
2026-03-10 16:25:10.134603,-13.12,0.0,32.0,0,0
2026-03-10 16:25:15.134603,-13.6,0.0,32.0,0,0
2026-03-10 16:25:20.134603,-13.29,14.51,49.6,1,2
2026-03-10 16:25:25.134603,-13.81,0.0,32.0,0,0
2026-03-10 16:25:30.134603,-13.67,10.95,36.09,0,1
2026-03-10 16:25:35.134603,-12.86,17.73,39.7,1,2
2026-03-10 16:25:40.134603,-12.96,13.28,48.2,1,2
2026-03-10 16:25:45.134603,-13.46,9.28,36.39,0,1
2026-03-10 16:25:50.134603,-13.69,9.57,32.58,0,1
2026-03-10 16:25:55.134603,-13.64,10.48,39.72,0,1
2026-03-10 16:26:00.134603,-13.94,0.0,32.0,0,0
2026-03-10 16:26:05.134603,-13.19,0.0,32.0,0,0
2026-03-10 16:26:10.134603,-13.69,9.14,36.71,0,1
2026-03-10 16:26:15.134603,-13.62,9.29,30.31,0,1
2026-03-10 16:26:20.134603,-12.72,14.0,54.4,1,2
2026-03-10 16:26:25.134603,-12.87,16.28,39.58,1,2
2026-03-10 16:26:30.134603,-13.04,14.05,40.27,1,2
2026-03-10 16:26:35.134603,-13.01,13.6,38.37,1,2
2026-03-10 16:26:40.134603,-13.9,0.0,32.0,0,0
2026-03-10 16:26:45.134603,-13.17,17.67,54.72,1,2
2026-03-10 16:26:50.134603,-13.95,0.0,32.0,0,0
2026-03-10 16:26:55.134603,-13.32,9.94,32.93,0,1
2026-03-10 16:27:00.134603,-13.31,11.2,31.17,0,1
2026-03-10 16:27:05.134603,-13.29,16.05,53.73,1,2
2026-03-10 16:27:10.134603,-13.57,9.71,32.58,0,1
2026-03-10 16:27:15.134603,-13.69,0.0,32.0,0,0
2026-03-10 16:27:20.134603,-13.37,11.11,34.45,0,1
2026-03-10 16:27:25.134603,-13.25,16.29,46.64,1,2
2026-03-10 16:27:30.134603,-13.62,10.56,31.66,0,1
2026-03-10 16:27:35.134603,-13.49,11.6,31.72,0,1
2026-03-10 16:27:40.134603,-13.65,11.4,35.28,0,1
2026-03-10 16:27:45.134603,-13.9,0.0,32.0,0,0
2026-03-10 16:27:50.134603,-13.34,9.7,30.89,0,1
2026-03-10 16:27:55.134603,-12.89,14.15,52.16,1,2
2026-03-10 16:28:00.134603,-13.72,0.0,32.0,0,0
2026-03-10 16:28:05.134603,-13.19,0.0,32.0,0,0
2026-03-10 16:28:10.134603,-13.61,0.0,32.0,0,0
2026-03-10 16:28:15.134603,-13.17,17.06,39.89,1,2
2026-03-10 16:28:20.134603,-13.56,11.86,34.35,0,1
2026-03-10 16:28:25.134603,-12.8,14.94,46.68,1,2
2026-03-10 16:28:30.134603,-13.28,17.75,36.31,1,2
2026-03-10 16:28:35.134603,-13.64,9.74,36.84,0,1
2026-03-10 16:28:40.134603,-13.23,17.61,47.59,1,2
2026-03-10 16:28:45.134603,-12.84,16.39,44.61,1,2
2026-03-10 16:28:50.134603,-13.57,0.0,32.0,0,0
2026-03-10 16:28:55.134603,-13.55,9.03,32.98,0,1
2026-03-10 16:29:00.134603,-13.33,0.0,32.0,0,0
2026-03-10 16:29:05.134603,-13.41,9.5,37.93,0,1
2026-03-10 16:29:10.134603,-13.12,14.88,47.61,1,2
2026-03-10 16:29:15.134603,-13.0,15.03,51.12,1,2
2026-03-10 16:29:20.134603,-12.95,13.31,42.68,1,2
2026-03-10 16:29:25.134603,-12.96,13.47,36.42,1,2
2026-03-10 16:29:30.134603,-13.55,10.88,36.35,0,1
2026-03-10 16:29:35.134603,-12.79,17.25,44.89,1,2
2026-03-10 16:29:40.134603,-13.56,9.44,36.63,0,1
2026-03-10 16:29:45.134603,-12.81,15.39,48.14,1,2
2026-03-10 16:29:50.134603,-12.93,17.53,38.64,1,2
2026-03-10 16:29:55.134603,-12.88,16.37,45.45,1,2
2026-03-10 16:30:00.134603,-13.51,10.87,34.69,0,1
2026-03-10 16:30:05.134603,-13.88,0.0,32.0,0,0
2026-03-10 16:30:10.134603,-13.98,0.0,32.0,0,0
2026-03-10 16:30:15.134603,-13.0,0.0,32.0,0,0
2026-03-10 16:30:20.134603,-13.06,0.0,32.0,0,0
2026-03-10 16:30:25.134603,-13.36,9.43,37.31,0,1
2026-03-10 16:30:30.134603,-13.1,17.51,47.32,1,2
2026-03-10 16:30:35.134603,-13.51,0.0,32.0,0,0
2026-03-10 16:30:40.134603,-13.06,0.0,32.0,0,0
2026-03-10 16:30:45.134603,-13.27,0.0,32.0,0,0
2026-03-10 16:30:50.134603,-13.18,17.61,52.39,1,2
2026-03-10 16:30:55.134603,-13.69,10.17,37.03,0,1
2026-03-10 16:31:00.134603,-12.87,13.76,39.42,1,2
2026-03-10 16:31:05.134603,-12.99,16.25,50.34,1,2
2026-03-10 16:31:10.134603,-13.84,0.0,32.0,0,0
2026-03-10 16:31:15.134603,-13.7,10.37,38.45,0,1
2026-03-10 16:31:20.134603,-13.39,11.29,31.89,0,1
2026-03-10 16:31:25.134603,-13.46,9.8,35.83,0,1
2026-03-10 16:31:30.134603,-13.34,0.0,32.0,0,0
2026-03-10 16:31:35.134603,-13.1,16.58,47.59,1,2
2026-03-10 16:31:40.134603,-13.33,9.45,35.81,0,1
2026-03-10 16:31:45.134603,-13.69,0.0,32.0,0,0
2026-03-10 16:31:50.134603,-13.2,15.65,46.93,1,2
2026-03-10 16:31:55.134603,-13.37,9.35,34.87,0,1
2026-03-10 16:32:00.134603,-12.95,14.95,47.33,1,2
2026-03-10 16:32:05.134603,-12.79,16.04,53.76,1,2
2026-03-10 16:32:10.134603,-13.55,10.93,34.75,0,1
2026-03-10 16:32:15.134603,-13.69,11.88,30.3,0,1
2026-03-10 16:32:20.134603,-13.08,14.05,43.31,1,2
2026-03-10 16:32:25.134603,-13.95,0.0,32.0,0,0
2026-03-10 16:32:30.134603,-13.98,0.0,32.0,0,0
2026-03-10 16:32:35.134603,-13.39,0.0,32.0,0,0
2026-03-10 16:32:40.134603,-13.57,0.0,32.0,0,0
2026-03-10 16:32:45.134603,-13.33,0.0,32.0,0,0
2026-03-10 16:32:50.134603,-12.77,16.02,36.65,1,2
2026-03-10 16:32:55.134603,-13.17,15.93,37.68,1,2
2026-03-10 16:33:00.134603,-13.66,10.88,34.34,0,1
2026-03-10 16:33:05.134603,-12.89,14.91,48.58,1,2
2026-03-10 16:33:10.134603,-13.12,0.0,32.0,0,0
2026-03-10 16:33:15.134603,-13.41,11.14,38.75,0,1
2026-03-10 16:33:20.134603,-13.08,17.99,45.77,1,2
2026-03-10 16:33:25.134603,-13.06,0.0,32.0,0,0
2026-03-10 16:33:30.134603,-12.86,14.45,47.71,1,2
2026-03-10 16:33:35.134603,-13.45,10.86,36.65,0,1
2026-03-10 16:33:40.134603,-13.92,0.0,32.0,0,0
2026-03-10 16:33:45.134603,-13.26,13.53,44.49,1,2
2026-03-10 16:33:50.134603,-13.39,10.95,39.51,0,1
2026-03-10 16:33:55.134603,-13.21,13.65,36.49,1,2
2026-03-10 16:34:00.134603,-12.96,14.55,37.37,1,2
2026-03-10 16:34:05.134603,-13.09,15.95,46.01,1,2
2026-03-10 16:34:10.134603,-13.17,0.0,32.0,0,0
2026-03-10 16:34:15.134603,-13.55,9.21,31.19,0,1
2026-03-10 16:34:20.134603,-13.36,11.09,35.5,0,1
2026-03-10 16:34:25.134603,-12.79,15.92,35.69,1,2
2026-03-10 16:34:30.134603,-13.13,0.0,32.0,0,0
2026-03-10 16:34:35.134603,-13.41,11.93,30.83,0,1
2026-03-10 16:34:40.134603,-13.18,17.45,43.24,1,2
2026-03-10 16:34:45.134603,-13.91,0.0,32.0,0,0
2026-03-10 16:34:50.134603,-13.55,9.05,36.89,0,1
2026-03-10 16:34:55.134603,-13.9,0.0,32.0,0,0
2026-03-10 16:35:00.134603,-13.54,10.4,30.54,0,1
2026-03-10 16:35:05.134603,-13.02,15.17,37.89,1,2
2026-03-10 16:35:10.134603,-13.45,11.43,37.87,0,1
2026-03-10 16:35:15.134603,-13.63,11.26,31.93,0,1
2026-03-10 16:35:20.134603,-13.19,14.9,49.06,1,2
2026-03-10 16:35:25.134603,-13.32,11.98,37.34,0,1
2026-03-10 16:35:30.134603,-13.44,9.41,37.94,0,1
2026-03-10 16:35:35.134603,-13.25,0.0,32.0,0,0
2026-03-10 16:35:40.134603,-13.1,14.92,53.76,1,2
2026-03-10 16:35:45.134603,-13.15,15.68,36.97,1,2
2026-03-10 16:35:50.134603,-13.19,0.0,32.0,0,0
2026-03-10 16:35:55.134603,-13.17,15.37,38.0,1,2
2026-03-10 16:36:00.134603,-13.0,16.88,49.16,1,2
2026-03-10 16:36:05.134603,-13.58,0.0,32.0,0,0
2026-03-10 16:36:10.134603,-13.25,0.0,32.0,0,0
2026-03-10 16:36:15.134603,-12.85,14.9,39.18,1,2
2026-03-10 16:36:20.134603,-13.86,0.0,32.0,0,0
2026-03-10 16:36:25.134603,-12.75,14.26,44.51,1,2
2026-03-10 16:36:30.134603,-13.38,0.0,32.0,0,0
2026-03-10 16:36:35.134603,-12.86,17.82,36.01,1,2
2026-03-10 16:36:40.134603,-13.22,0.0,32.0,0,0
2026-03-10 16:36:45.134603,-13.9,0.0,32.0,0,0
2026-03-10 16:36:50.134603,-13.07,15.59,48.21,1,2
2026-03-10 16:36:55.134603,-13.54,11.6,32.35,0,1
2026-03-10 16:37:00.134603,-13.47,0.0,32.0,0,0
2026-03-10 16:37:05.134603,-13.49,10.54,36.74,0,1
2026-03-10 16:37:10.134603,-13.05,13.62,53.08,1,2
2026-03-10 16:37:15.134603,-13.1,0.0,32.0,0,0
2026-03-10 16:37:20.134603,-13.51,9.18,39.75,0,1
2026-03-10 16:37:25.134603,-13.11,14.99,35.48,1,2
2026-03-10 16:37:30.134603,-13.16,16.22,36.37,1,2
2026-03-10 16:37:35.134603,-13.45,9.33,30.88,0,1
2026-03-10 16:37:40.134603,-12.88,15.12,38.97,1,2
2026-03-10 16:37:45.134603,-13.4,0.0,32.0,0,0
2026-03-10 16:37:50.134603,-13.57,0.0,32.0,0,0
2026-03-10 16:37:55.134603,-13.42,10.54,38.79,0,1
2026-03-10 16:38:00.134603,-13.66,10.87,36.19,0,1
2026-03-10 16:38:05.134603,-12.91,14.96,43.87,1,2
2026-03-10 16:38:10.134603,-13.27,14.75,41.18,1,2
2026-03-10 16:38:15.134603,-13.09,0.0,32.0,0,0
2026-03-10 16:38:20.134603,-13.42,0.0,32.0,0,0
2026-03-10 16:38:25.134603,-13.29,17.52,52.27,1,2
2026-03-10 16:38:30.134603,-13.48,10.93,38.06,0,1
2026-03-10 16:38:35.134603,-13.41,9.26,37.68,0,1
2026-03-10 16:38:40.134603,-13.53,9.36,32.46,0,1
2026-03-10 16:38:45.134603,-13.84,0.0,32.0,0,0
2026-03-10 16:38:50.134603,-13.39,10.07,35.25,0,1
2026-03-10 16:38:55.134603,-12.96,13.72,35.57,1,2
2026-03-10 16:39:00.134603,-13.35,10.95,33.06,0,1
2026-03-10 16:39:05.134603,-13.45,10.93,36.81,0,1
2026-03-10 16:39:10.134603,-13.61,0.0,32.0,0,0
2026-03-10 16:39:15.134603,-13.69,0.0,32.0,0,0
2026-03-10 16:39:20.134603,-12.96,16.79,54.67,1,2
2026-03-10 16:39:25.134603,-12.73,17.49,46.35,1,2
2026-03-10 16:39:30.134603,-13.52,11.95,36.3,0,1
2026-03-10 16:39:35.134603,-12.87,17.16,47.75,1,2
2026-03-10 16:39:40.134603,-13.44,0.0,32.0,0,0
2026-03-10 16:39:45.134603,-13.49,10.41,31.55,0,1
2026-03-10 16:39:50.134603,-12.74,13.15,38.71,1,2
2026-03-10 16:39:55.134603,-13.6,10.84,31.38,0,1
2026-03-10 16:40:00.134603,-13.26,0.0,32.0,0,0
2026-03-10 16:40:05.134603,-13.55,0.0,32.0,0,0
2026-03-10 16:40:10.134603,-12.8,17.9,37.5,1,2
2026-03-10 16:40:15.134603,-12.72,15.39,36.55,1,2
2026-03-10 16:40:20.134603,-13.9,0.0,32.0,0,0
2026-03-10 16:40:25.134603,-13.41,0.0,32.0,0,0
2026-03-10 16:40:30.134603,-13.01,0.0,32.0,0,0
2026-03-10 16:40:35.134603,-13.07,15.87,42.0,1,2
2026-03-10 16:40:40.134603,-13.01,14.54,39.68,1,2
2026-03-10 16:40:45.134603,-12.72,15.14,35.14,1,2
2026-03-10 16:40:50.134603,-13.24,16.37,46.27,1,2
2026-03-10 16:40:55.134603,-13.28,14.13,36.14,1,2
2026-03-10 16:41:00.134603,-13.63,11.26,35.17,0,1
2026-03-10 16:41:05.134603,-13.06,0.0,32.0,0,0
2026-03-10 16:41:10.134603,-12.87,16.46,51.93,1,2
2026-03-10 16:41:15.134603,-13.16,13.42,41.52,1,2
2026-03-10 16:41:20.134603,-13.0,16.08,45.55,1,2
2026-03-10 16:41:25.134603,-13.07,14.97,35.94,1,2
2026-03-10 16:41:30.134603,-13.17,0.0,32.0,0,0
2026-03-10 16:41:35.134603,-13.53,9.57,35.49,0,1
2026-03-10 16:41:40.134603,-13.07,13.91,44.53,1,2
2026-03-10 16:41:45.134603,-13.33,9.35,32.97,0,1
2026-03-10 16:41:50.134603,-13.02,0.0,32.0,0,0
2026-03-10 16:41:55.134603,-13.78,0.0,32.0,0,0
2026-03-10 16:42:00.134603,-12.83,13.89,36.2,1,2
2026-03-10 16:42:05.134603,-12.87,15.36,36.4,1,2
2026-03-10 16:42:10.134603,-13.07,14.68,44.56,1,2
2026-03-10 16:42:15.134603,-13.27,13.45,40.18,1,2
2026-03-10 16:42:20.134603,-13.61,11.14,34.06,0,1
2026-03-10 16:42:25.134603,-13.96,0.0,32.0,0,0
2026-03-10 16:42:30.134603,-13.56,11.34,37.34,0,1
2026-03-10 16:42:35.134603,-13.09,0.0,32.0,0,0
2026-03-10 16:42:40.134603,-13.33,11.26,37.88,0,1
2026-03-10 16:42:45.134603,-13.18,0.0,32.0,0,0
2026-03-10 16:42:50.134603,-13.02,15.01,54.41,1,2
2026-03-10 16:42:55.134603,-13.47,10.56,34.78,0,1
2026-03-10 16:43:00.134603,-13.52,9.63,31.13,0,1
2026-03-10 16:43:05.134603,-13.83,0.0,32.0,0,0
2026-03-10 16:43:10.134603,-13.5,9.36,33.09,0,1
2026-03-10 16:43:15.134603,-13.66,0.0,32.0,0,0
2026-03-10 16:43:20.134603,-13.53,0.0,32.0,0,0
2026-03-10 16:43:25.134603,-13.91,0.0,32.0,0,0
2026-03-10 16:43:30.134603,-13.48,9.28,37.09,0,1
2026-03-10 16:43:35.134603,-13.49,9.52,38.32,0,1
2026-03-10 16:43:40.134603,-13.13,0.0,32.0,0,0
2026-03-10 16:43:45.134603,-12.79,15.4,40.3,1,2
2026-03-10 16:43:50.134603,-13.45,0.0,32.0,0,0
2026-03-10 16:43:55.134603,-13.15,0.0,32.0,0,0
2026-03-10 16:44:00.134603,-12.97,17.26,49.36,1,2
2026-03-10 16:44:05.134603,-13.58,10.46,39.02,0,1
2026-03-10 16:44:10.134603,-13.69,10.57,39.1,0,1
2026-03-10 16:44:15.134603,-13.53,9.56,39.28,0,1
2026-03-10 16:44:20.134603,-13.47,10.33,36.08,0,1
2026-03-10 16:44:25.134603,-13.16,0.0,32.0,0,0
2026-03-10 16:44:30.134603,-13.39,11.39,31.3,0,1
2026-03-10 16:44:35.134603,-13.9,0.0,32.0,0,0
2026-03-10 16:44:40.134603,-13.66,10.64,30.7,0,1
2026-03-10 16:44:45.134603,-13.83,0.0,32.0,0,0
2026-03-10 16:44:50.134603,-13.57,0.0,32.0,0,0
2026-03-10 16:44:55.134603,-13.67,9.56,36.66,0,1
2026-03-10 16:45:00.134603,-13.55,11.83,33.15,0,1
2026-03-10 16:45:05.134603,-13.94,0.0,32.0,0,0
2026-03-10 16:45:10.134603,-13.17,0.0,32.0,0,0
2026-03-10 16:45:15.134603,-12.75,16.75,38.66,1,2
2026-03-10 16:45:20.134603,-13.29,15.81,51.8,1,2
2026-03-10 16:45:25.134603,-13.37,9.51,30.58,0,1
2026-03-10 16:45:30.134603,-13.39,9.41,38.51,0,1
2026-03-10 16:45:35.134603,-13.65,9.04,35.63,0,1
2026-03-10 16:45:40.134603,-13.64,9.02,32.29,0,1
2026-03-10 16:45:45.134603,-13.21,0.0,32.0,0,0
2026-03-10 16:45:50.134603,-13.12,0.0,32.0,0,0
2026-03-10 16:45:55.134603,-13.22,0.0,32.0,0,0
2026-03-10 16:46:00.134603,-13.76,0.0,32.0,0,0
2026-03-10 16:46:05.134603,-13.05,0.0,32.0,0,0
2026-03-10 16:46:10.134603,-13.68,0.0,32.0,0,0
2026-03-10 16:46:15.134603,-13.57,10.2,35.97,0,1
2026-03-10 16:46:20.134603,-12.85,16.92,45.09,1,2
2026-03-10 16:46:25.134603,-13.49,10.69,36.09,0,1
2026-03-10 16:46:30.134603,-13.45,11.38,39.8,0,1
2026-03-10 16:46:35.134603,-13.42,9.7,36.84,0,1
2026-03-10 16:46:40.134603,-13.18,13.34,37.76,1,2
2026-03-10 16:46:45.134603,-12.75,14.43,38.51,1,2
2026-03-10 16:46:50.134603,-13.1,13.91,51.4,1,2
2026-03-10 16:46:55.134603,-12.81,15.96,42.05,1,2
2026-03-10 16:47:00.134603,-13.12,16.64,42.38,1,2
2026-03-10 16:47:05.134603,-13.55,10.1,34.35,0,1
2026-03-10 16:47:10.134603,-13.66,0.0,32.0,0,0
2026-03-10 16:47:15.134603,-13.4,0.0,32.0,0,0
2026-03-10 16:47:20.134603,-12.81,17.4,48.66,1,2
2026-03-10 16:47:25.134603,-13.19,15.57,48.26,1,2
2026-03-10 16:47:30.134603,-13.37,11.54,35.46,0,1
2026-03-10 16:47:35.134603,-13.29,13.4,47.87,1,2
2026-03-10 16:47:40.134603,-12.78,17.52,36.19,1,2
2026-03-10 16:47:45.134603,-12.95,14.34,54.83,1,2
2026-03-10 16:47:50.134603,-13.37,10.58,32.95,0,1
2026-03-10 16:47:55.134603,-13.72,0.0,32.0,0,0
2026-03-10 16:48:00.134603,-13.16,17.67,46.26,1,2
2026-03-10 16:48:05.134603,-12.95,15.76,39.72,1,2
2026-03-10 16:48:10.134603,-12.88,15.47,40.89,1,2
2026-03-10 16:48:15.134603,-12.89,16.11,48.32,1,2
2026-03-10 16:48:20.134603,-13.76,0.0,32.0,0,0
2026-03-10 16:48:25.134603,-13.46,11.11,32.82,0,1
2026-03-10 16:48:30.134603,-13.33,0.0,32.0,0,0
2026-03-10 16:48:35.134603,-13.54,10.54,36.08,0,1
2026-03-10 16:48:40.134603,-13.09,0.0,32.0,0,0
2026-03-10 16:48:45.134603,-13.4,10.24,33.71,0,1
2026-03-10 16:48:50.134603,-12.76,14.69,50.35,1,2
2026-03-10 16:48:55.134603,-13.18,0.0,32.0,0,0
2026-03-10 16:49:00.134603,-13.42,10.94,30.21,0,1
2026-03-10 16:49:05.134603,-13.42,11.75,37.83,0,1
2026-03-10 16:49:10.134603,-12.9,16.19,38.96,1,2
2026-03-10 16:49:15.134603,-13.62,11.56,33.05,0,1
2026-03-10 16:49:20.134603,-13.54,11.62,34.56,0,1
2026-03-10 16:49:25.134603,-13.48,11.69,39.17,0,1
2026-03-10 16:49:30.134603,-13.06,0.0,32.0,0,0
2026-03-10 16:49:35.134603,-12.83,16.98,47.54,1,2
2026-03-10 16:49:40.134603,-13.83,0.0,32.0,0,0
2026-03-10 16:49:45.134603,-13.38,9.44,32.61,0,1
2026-03-10 16:49:50.134603,-13.16,15.57,46.6,1,2
2026-03-10 16:49:55.134603,-13.41,9.93,39.11,0,1
2026-03-10 16:50:00.134603,-13.31,10.88,34.23,0,1
2026-03-10 16:50:05.134603,-12.99,13.26,38.35,1,2
2026-03-10 16:50:10.134603,-13.85,0.0,32.0,0,0
2026-03-10 16:50:15.134603,-13.76,0.0,32.0,0,0
2026-03-10 16:50:20.134603,-13.27,0.0,32.0,0,0
2026-03-10 16:50:25.134603,-13.77,0.0,32.0,0,0
2026-03-10 16:50:30.134603,-13.11,13.85,39.84,1,2
2026-03-10 16:50:35.134603,-13.5,0.0,32.0,0,0
2026-03-10 16:50:40.134603,-12.75,17.78,35.77,1,2
2026-03-10 16:50:45.134603,-13.43,0.0,32.0,0,0
2026-03-10 16:50:50.134603,-13.3,10.78,35.58,0,1
2026-03-10 16:50:55.134603,-13.5,9.74,33.01,0,1
2026-03-10 16:51:00.134603,-13.57,11.56,32.37,0,1
2026-03-10 16:51:05.134603,-13.69,11.65,38.44,0,1
2026-03-10 16:51:10.134603,-13.62,0.0,32.0,0,0
2026-03-10 16:51:15.134603,-13.51,11.66,38.7,0,1
2026-03-10 16:51:20.134603,-13.3,14.32,52.73,1,2
2026-03-10 16:51:25.134603,-12.86,14.93,45.09,1,2
2026-03-10 16:51:30.134603,-13.01,14.46,37.03,1,2
2026-03-10 16:51:35.134603,-13.48,11.76,37.14,0,1
2026-03-10 16:51:40.134603,-12.83,14.49,35.07,1,2
2026-03-10 16:51:45.134603,-13.33,10.04,36.9,0,1
2026-03-10 16:51:50.134603,-13.32,0.0,32.0,0,0
2026-03-10 16:51:55.134603,-12.88,14.7,38.35,1,2
2026-03-10 16:52:00.134603,-13.43,9.89,30.01,0,1
2026-03-10 16:52:05.134603,-13.08,13.66,37.04,1,2
2026-03-10 16:52:10.134603,-13.8,0.0,32.0,0,0
2026-03-10 16:52:15.134603,-12.96,14.05,42.81,1,2
2026-03-10 16:52:20.134603,-13.46,0.0,32.0,0,0
2026-03-10 16:52:25.134603,-13.03,14.84,37.04,1,2
2026-03-10 16:52:30.134603,-13.0,15.15,49.05,1,2
2026-03-10 16:52:35.134603,-13.96,0.0,32.0,0,0
2026-03-10 16:52:40.134603,-12.86,17.9,44.0,1,2
2026-03-10 16:52:45.134603,-13.58,0.0,32.0,0,0
2026-03-10 16:52:50.134603,-13.85,0.0,32.0,0,0
2026-03-10 16:52:55.134603,-12.74,13.83,47.32,1,2
2026-03-10 16:53:00.134603,-13.19,0.0,32.0,0,0
2026-03-10 16:53:05.134603,-13.64,0.0,32.0,0,0
2026-03-10 16:53:10.134603,-13.32,11.64,35.04,0,1
2026-03-10 16:53:15.134603,-13.79,0.0,32.0,0,0
2026-03-10 16:53:20.134603,-13.46,9.31,39.13,0,1
2026-03-10 16:53:25.134603,-12.8,15.6,44.58,1,2
2026-03-10 16:53:30.134603,-13.84,0.0,32.0,0,0
2026-03-10 16:53:35.134603,-13.59,0.0,32.0,0,0
2026-03-10 16:53:40.134603,-13.95,0.0,32.0,0,0
2026-03-10 16:53:45.134603,-12.89,16.33,42.23,1,2
2026-03-10 16:53:50.134603,-13.72,0.0,32.0,0,0
2026-03-10 16:53:55.134603,-12.71,17.92,49.59,1,2
2026-03-10 16:54:00.134603,-13.25,0.0,32.0,0,0
2026-03-10 16:54:05.134603,-12.73,14.77,40.76,1,2
2026-03-10 16:54:10.134603,-12.84,17.3,53.4,1,2
2026-03-10 16:54:15.134603,-13.06,0.0,32.0,0,0
2026-03-10 16:54:20.134603,-13.2,0.0,32.0,0,0
2026-03-10 16:54:25.134603,-13.06,14.58,44.83,1,2
2026-03-10 16:54:30.134603,-13.53,11.89,34.25,0,1
2026-03-10 16:54:35.134603,-13.38,10.53,39.43,0,1
2026-03-10 16:54:40.134603,-13.48,0.0,32.0,0,0
2026-03-10 16:54:45.134603,-13.69,0.0,32.0,0,0
2026-03-10 16:54:50.134603,-12.95,16.79,40.77,1,2
2026-03-10 16:54:55.134603,-13.38,11.34,30.97,0,1
2026-03-10 16:55:00.134603,-13.45,10.96,34.6,0,1
2026-03-10 16:55:05.134603,-13.77,0.0,32.0,0,0
2026-03-10 16:55:10.134603,-13.27,17.48,50.62,1,2
2026-03-10 16:55:15.134603,-13.39,11.48,39.76,0,1
2026-03-10 16:55:20.134603,-13.95,0.0,32.0,0,0
2026-03-10 16:55:25.134603,-12.97,17.41,40.73,1,2
2026-03-10 16:55:30.134603,-12.89,17.81,50.3,1,2
2026-03-10 16:55:35.134603,-13.16,15.84,48.68,1,2
2026-03-10 16:55:40.134603,-13.32,11.05,37.64,0,1
2026-03-10 16:55:45.134603,-13.95,0.0,32.0,0,0
2026-03-10 16:55:50.134603,-13.68,11.62,32.31,0,1
2026-03-10 16:55:55.134603,-13.52,11.68,37.42,0,1
2026-03-10 16:56:00.134603,-13.63,0.0,32.0,0,0
2026-03-10 16:56:05.134603,-13.56,10.36,38.84,0,1
2026-03-10 16:56:10.134603,-14.0,0.0,32.0,0,0
2026-03-10 16:56:15.134603,-12.88,14.45,50.37,1,2
2026-03-10 16:56:20.134603,-13.66,11.13,39.23,0,1
2026-03-10 16:56:25.134603,-13.55,11.97,32.85,0,1
2026-03-10 16:56:30.134603,-13.46,11.72,30.65,0,1
2026-03-10 16:56:35.134603,-13.11,13.66,42.31,1,2
2026-03-10 16:56:40.134603,-12.79,15.68,45.77,1,2
2026-03-10 16:56:45.134603,-13.63,0.0,32.0,0,0
2026-03-10 16:56:50.134603,-13.09,0.0,32.0,0,0
2026-03-10 16:56:55.134603,-13.52,9.05,37.95,0,1
2026-03-10 16:57:00.134603,-13.59,9.1,31.89,0,1
2026-03-10 16:57:05.134603,-13.17,0.0,32.0,0,0
2026-03-10 16:57:10.134603,-13.44,0.0,32.0,0,0
2026-03-10 16:57:15.134603,-12.88,15.84,43.2,1,2
2026-03-10 16:57:20.134603,-13.42,9.81,35.53,0,1
2026-03-10 16:57:25.134603,-13.35,0.0,32.0,0,0
2026-03-10 16:57:30.134603,-12.74,15.9,37.02,1,2
2026-03-10 16:57:35.134603,-13.08,16.7,53.82,1,2
2026-03-10 16:57:40.134603,-13.55,11.97,33.46,0,1
2026-03-10 16:57:45.134603,-13.37,11.33,31.38,0,1
2026-03-10 16:57:50.134603,-13.07,15.68,47.99,1,2
2026-03-10 16:57:55.134603,-12.93,13.39,50.44,1,2
2026-03-10 16:58:00.134603,-13.11,14.71,50.86,1,2
2026-03-10 16:58:05.134603,-13.42,9.73,37.38,0,1
2026-03-10 16:58:10.134603,-12.75,17.27,37.64,1,2
2026-03-10 16:58:15.134603,-13.82,0.0,32.0,0,0
2026-03-10 16:58:20.134603,-13.34,0.0,32.0,0,0
2026-03-10 16:58:25.134603,-13.41,10.74,36.37,0,1
2026-03-10 16:58:30.134603,-13.3,0.0,32.0,0,0
2026-03-10 16:58:35.134603,-13.07,15.91,53.61,1,2
2026-03-10 16:58:40.134603,-13.36,11.83,37.82,0,1
2026-03-10 16:58:45.134603,-12.95,17.57,42.5,1,2
2026-03-10 16:58:50.134603,-13.86,0.0,32.0,0,0
2026-03-10 16:58:55.134603,-13.42,10.68,38.48,0,1
2026-03-10 16:59:00.134603,-13.03,13.06,42.23,1,2
2026-03-10 16:59:05.134603,-13.58,9.1,37.93,0,1
2026-03-10 16:59:10.134603,-13.82,0.0,32.0,0,0
2026-03-10 16:59:15.134603,-13.38,0.0,32.0,0,0
2026-03-10 16:59:20.134603,-12.72,15.09,41.07,1,2
2026-03-10 16:59:25.134603,-13.16,13.11,48.31,1,2
2026-03-10 16:59:30.134603,-13.04,13.29,42.81,1,2
2026-03-10 16:59:35.134603,-13.68,10.91,39.98,0,1
2026-03-10 16:59:40.134603,-13.53,9.56,30.22,0,1
2026-03-10 16:59:45.134603,-13.65,0.0,32.0,0,0
2026-03-10 16:59:50.134603,-13.4,0.0,32.0,0,0
2026-03-10 16:59:55.134603,-13.49,10.4,31.94,0,1
2026-03-10 17:00:00.134603,-12.88,16.4,52.83,1,2
2026-03-10 17:00:05.134603,-13.33,10.19,37.42,0,1
2026-03-10 17:00:10.134603,-13.15,17.91,47.63,1,2
2026-03-10 17:00:15.134603,-13.22,14.35,42.62,1,2
2026-03-10 17:00:20.134603,-13.82,0.0,32.0,0,0
2026-03-10 17:00:25.134603,-13.65,9.64,31.45,0,1
2026-03-10 17:00:30.134603,-13.15,14.99,51.34,1,2
2026-03-10 17:00:35.134603,-13.25,15.55,50.23,1,2
2026-03-10 17:00:40.134603,-12.86,13.89,41.98,1,2
2026-03-10 17:00:45.134603,-13.63,10.3,39.71,0,1
2026-03-10 17:00:50.134603,-12.87,14.33,40.47,1,2
2026-03-10 17:00:55.134603,-13.71,0.0,32.0,0,0
2026-03-10 17:01:00.134603,-13.63,0.0,32.0,0,0
2026-03-10 17:01:05.134603,-13.48,0.0,32.0,0,0
2026-03-10 17:01:10.134603,-13.54,10.35,34.06,0,1
2026-03-10 17:01:15.134603,-13.88,0.0,32.0,0,0
2026-03-10 17:01:20.134603,-13.49,10.95,30.54,0,1
2026-03-10 17:01:25.134603,-13.66,0.0,32.0,0,0
2026-03-10 17:01:30.134603,-12.88,15.27,51.33,1,2
2026-03-10 17:01:35.134603,-13.49,0.0,32.0,0,0
2026-03-10 17:01:40.134603,-13.09,17.51,54.02,1,2
2026-03-10 17:01:45.134603,-13.7,0.0,32.0,0,0
2026-03-10 17:01:50.134603,-13.2,15.96,44.38,1,2
2026-03-10 17:01:55.134603,-13.55,0.0,32.0,0,0
2026-03-10 17:02:00.134603,-13.36,0.0,32.0,0,0
2026-03-10 17:02:05.134603,-12.86,14.3,53.5,1,2
2026-03-10 17:02:10.134603,-13.65,10.62,35.24,0,1
2026-03-10 17:02:15.134603,-13.13,15.66,45.16,1,2
2026-03-10 17:02:20.134603,-13.48,0.0,32.0,0,0
2026-03-10 17:02:25.134603,-13.78,0.0,32.0,0,0
2026-03-10 17:02:30.134603,-13.56,0.0,32.0,0,0
2026-03-10 17:02:35.134603,-13.12,13.45,45.69,1,2
2026-03-10 17:02:40.134603,-13.68,10.15,30.79,0,1
2026-03-10 17:02:45.134603,-13.7,0.0,32.0,0,0
2026-03-10 17:02:50.134603,-13.39,0.0,32.0,0,0
2026-03-10 17:02:55.134603,-13.8,0.0,32.0,0,0
2026-03-10 17:03:00.134603,-13.06,0.0,32.0,0,0
2026-03-10 17:03:05.134603,-13.08,16.44,40.4,1,2
2026-03-10 17:03:10.134603,-13.42,10.29,32.77,0,1
2026-03-10 17:03:15.134603,-13.62,0.0,32.0,0,0
2026-03-10 17:03:20.134603,-13.64,0.0,32.0,0,0
2026-03-10 17:03:25.134603,-13.09,0.0,32.0,0,0
2026-03-10 17:03:30.134603,-12.83,14.05,44.36,1,2
2026-03-10 17:03:35.134603,-13.67,11.4,38.96,0,1
2026-03-10 17:03:40.134603,-13.94,0.0,32.0,0,0
2026-03-10 17:03:45.134603,-12.72,17.92,52.73,1,2
2026-03-10 17:03:50.134603,-13.24,0.0,32.0,0,0
2026-03-10 17:03:55.134603,-13.48,11.39,36.19,0,1
2026-03-10 17:04:00.134603,-13.2,0.0,32.0,0,0
2026-03-10 17:04:05.134603,-13.44,11.17,34.72,0,1
2026-03-10 17:04:10.134603,-13.04,0.0,32.0,0,0
2026-03-10 17:04:15.134603,-13.01,17.93,52.22,1,2
2026-03-10 17:04:20.134603,-13.15,0.0,32.0,0,0
2026-03-10 17:04:25.134603,-13.16,13.94,42.15,1,2
2026-03-10 17:04:30.134603,-13.4,0.0,32.0,0,0
2026-03-10 17:04:35.134603,-13.31,0.0,32.0,0,0
2026-03-10 17:04:40.134603,-13.29,0.0,32.0,0,0
2026-03-10 17:04:45.134603,-13.52,0.0,32.0,0,0
2026-03-10 17:04:50.134603,-13.5,11.45,36.36,0,1
2026-03-10 17:04:55.134603,-12.74,17.02,52.65,1,2
2026-03-10 17:05:00.134603,-13.72,0.0,32.0,0,0
2026-03-10 17:05:05.134603,-13.71,0.0,32.0,0,0
2026-03-10 17:05:10.134603,-13.07,15.92,48.37,1,2
2026-03-10 17:05:15.134603,-13.64,0.0,32.0,0,0
2026-03-10 17:05:20.134603,-13.07,17.66,53.87,1,2
2026-03-10 17:05:25.134603,-13.47,0.0,32.0,0,0
2026-03-10 17:05:30.134603,-13.01,15.56,46.76,1,2
2026-03-10 17:05:35.134603,-13.27,0.0,32.0,0,0
2026-03-10 17:05:40.134603,-13.3,10.96,35.14,0,1
2026-03-10 17:05:45.134603,-13.08,0.0,32.0,0,0
2026-03-10 17:05:50.134603,-13.58,10.94,30.5,0,1
2026-03-10 17:05:55.134603,-13.5,9.41,35.51,0,1
2026-03-10 17:06:00.134603,-13.12,13.83,36.07,1,2
2026-03-10 17:06:05.134603,-13.89,0.0,32.0,0,0
2026-03-10 17:06:10.134603,-13.58,0.0,32.0,0,0
2026-03-10 17:06:15.134603,-12.72,17.1,36.16,1,2
2026-03-10 17:06:20.134603,-13.95,0.0,32.0,0,0
2026-03-10 17:06:25.134603,-13.36,10.22,39.86,0,1
2026-03-10 17:06:30.134603,-13.51,0.0,32.0,0,0
2026-03-10 17:06:35.134603,-13.55,0.0,32.0,0,0
2026-03-10 17:06:40.134603,-12.76,15.54,47.44,1,2
2026-03-10 17:06:45.134603,-13.16,17.22,45.92,1,2
2026-03-10 17:06:50.134603,-13.11,0.0,32.0,0,0
2026-03-10 17:06:55.134603,-13.32,10.69,37.21,0,1
2026-03-10 17:07:00.134603,-12.91,16.18,53.81,1,2
2026-03-10 17:07:05.134603,-13.01,17.12,46.24,1,2
2026-03-10 17:07:10.134603,-13.31,10.64,30.14,0,1
2026-03-10 17:07:15.134603,-13.03,17.52,40.42,1,2
2026-03-10 17:07:20.134603,-13.4,9.66,37.64,0,1
2026-03-10 17:07:25.134603,-13.17,15.83,36.04,1,2
2026-03-10 17:07:30.134603,-13.49,10.62,32.9,0,1
2026-03-10 17:07:35.134603,-13.13,14.9,52.64,1,2
2026-03-10 17:07:40.134603,-13.31,0.0,32.0,0,0
2026-03-10 17:07:45.134603,-13.61,11.42,34.74,0,1
2026-03-10 17:07:50.134603,-13.42,10.47,36.78,0,1
2026-03-10 17:07:55.134603,-13.71,0.0,32.0,0,0
2026-03-10 17:08:00.134603,-13.4,11.67,35.61,0,1
2026-03-10 17:08:05.134603,-13.82,0.0,32.0,0,0
2026-03-10 17:08:10.134603,-12.92,15.13,44.96,1,2
2026-03-10 17:08:15.134603,-13.52,11.52,33.48,0,1
2026-03-10 17:08:20.134603,-12.79,14.04,36.19,1,2
2026-03-10 17:08:25.134603,-13.34,0.0,32.0,0,0
2026-03-10 17:08:30.134603,-13.62,0.0,32.0,0,0
2026-03-10 17:08:35.134603,-13.6,10.78,39.16,0,1
2026-03-10 17:08:40.134603,-13.05,0.0,32.0,0,0
2026-03-10 17:08:45.134603,-13.58,0.0,32.0,0,0
2026-03-10 17:08:50.134603,-13.53,10.15,39.47,0,1
2026-03-10 17:08:55.134603,-13.82,0.0,32.0,0,0
2026-03-10 17:09:00.134603,-13.53,0.0,32.0,0,0
2026-03-10 17:09:05.134603,-13.37,10.4,39.96,0,1
2026-03-10 17:09:10.134603,-13.1,0.0,32.0,0,0
2026-03-10 17:09:15.134603,-13.29,15.86,37.04,1,2
2026-03-10 17:09:20.134603,-13.89,0.0,32.0,0,0
2026-03-10 17:09:25.134603,-13.99,0.0,32.0,0,0
2026-03-10 17:09:30.134603,-13.38,11.16,38.08,0,1
2026-03-10 17:09:35.134603,-13.67,0.0,32.0,0,0
2026-03-10 17:09:40.134603,-12.9,17.72,36.68,1,2
2026-03-10 17:09:45.134603,-13.5,9.37,33.91,0,1
2026-03-10 17:09:50.134603,-13.29,15.62,35.34,1,2
2026-03-10 17:09:55.134603,-13.69,11.3,32.29,0,1
2026-03-10 17:10:00.134603,-13.36,10.0,32.25,0,1
2026-03-10 17:10:05.134603,-13.66,9.36,33.04,0,1
2026-03-10 17:10:10.134603,-13.31,10.81,36.01,0,1
2026-03-10 17:10:15.134603,-12.78,13.36,41.59,1,2
2026-03-10 17:10:20.134603,-13.71,0.0,32.0,0,0
2026-03-10 17:10:25.134603,-13.37,11.73,34.68,0,1
2026-03-10 17:10:30.134603,-13.2,17.67,46.94,1,2
2026-03-10 17:10:35.134603,-13.5,0.0,32.0,0,0
2026-03-10 17:10:40.134603,-13.35,0.0,32.0,0,0
2026-03-10 17:10:45.134603,-12.8,14.0,43.17,1,2
2026-03-10 17:10:50.134603,-13.11,14.28,36.84,1,2
2026-03-10 17:10:55.134603,-13.48,9.86,38.87,0,1
2026-03-10 17:11:00.134603,-12.79,13.45,48.9,1,2
2026-03-10 17:11:05.134603,-13.04,16.03,49.26,1,2
2026-03-10 17:11:10.134603,-12.8,17.1,48.52,1,2
2026-03-10 17:11:15.134603,-13.2,17.17,52.8,1,2
2026-03-10 17:11:20.134603,-13.07,0.0,32.0,0,0
2026-03-10 17:11:25.134603,-13.62,10.55,35.57,0,1
2026-03-10 17:11:30.134603,-13.75,0.0,32.0,0,0
2026-03-10 17:11:35.134603,-13.73,0.0,32.0,0,0
2026-03-10 17:11:40.134603,-13.54,0.0,32.0,0,0
2026-03-10 17:11:45.134603,-13.37,10.74,33.14,0,1
2026-03-10 17:11:50.134603,-13.41,0.0,32.0,0,0
2026-03-10 17:11:55.134603,-13.64,0.0,32.0,0,0
2026-03-10 17:12:00.134603,-13.31,10.5,39.74,0,1
2026-03-10 17:12:05.134603,-13.06,13.52,37.93,1,2
2026-03-10 17:12:10.134603,-13.53,11.78,36.36,0,1
2026-03-10 17:12:15.134603,-13.15,0.0,32.0,0,0
2026-03-10 17:12:20.134603,-13.82,0.0,32.0,0,0
2026-03-10 17:12:25.134603,-13.64,0.0,32.0,0,0
2026-03-10 17:12:30.134603,-13.62,10.62,35.12,0,1
2026-03-10 17:12:35.134603,-12.75,15.8,44.54,1,2
2026-03-10 17:12:40.134603,-12.83,14.31,37.44,1,2
2026-03-10 17:12:45.134603,-12.85,16.75,50.84,1,2
2026-03-10 17:12:50.134603,-13.3,17.02,51.3,1,2
2026-03-10 17:12:55.134603,-13.29,16.28,42.27,1,2
2026-03-10 17:13:00.134603,-13.52,11.53,30.93,0,1
2026-03-10 17:13:05.134603,-12.88,14.31,39.69,1,2
2026-03-10 17:13:10.134603,-13.06,17.48,46.15,1,2
2026-03-10 17:13:15.134603,-13.02,0.0,32.0,0,0
2026-03-10 17:13:20.134603,-13.42,0.0,32.0,0,0
2026-03-10 17:13:25.134603,-13.99,0.0,32.0,0,0
2026-03-10 17:13:30.134603,-13.97,0.0,32.0,0,0
2026-03-10 17:13:35.134603,-13.79,0.0,32.0,0,0
2026-03-10 17:13:40.134603,-13.27,0.0,32.0,0,0
2026-03-10 17:13:45.134603,-13.26,13.04,39.57,1,2
2026-03-10 17:13:50.134603,-13.38,9.03,38.38,0,1
2026-03-10 17:13:55.134603,-13.33,10.71,30.47,0,1
2026-03-10 17:14:00.134603,-13.4,11.7,34.53,0,1
2026-03-10 17:14:05.134603,-13.92,0.0,32.0,0,0
2026-03-10 17:14:10.134603,-13.3,9.85,32.96,0,1
2026-03-10 17:14:15.134603,-12.79,17.05,53.88,1,2
2026-03-10 17:14:20.134603,-13.69,9.53,37.94,0,1
2026-03-10 17:14:25.134603,-13.88,0.0,32.0,0,0
2026-03-10 17:14:30.134603,-13.1,14.2,35.07,1,2
2026-03-10 17:14:35.134603,-13.66,0.0,32.0,0,0
2026-03-10 17:14:40.134603,-13.13,0.0,32.0,0,0
2026-03-10 17:14:45.134603,-13.4,10.4,38.68,0,1
2026-03-10 17:14:50.134603,-12.91,17.23,49.95,1,2
2026-03-10 17:14:55.134603,-13.3,0.0,32.0,0,0
2026-03-10 17:15:00.134603,-13.03,0.0,32.0,0,0
2026-03-10 17:15:05.134603,-13.2,16.33,43.65,1,2
2026-03-10 17:15:10.134603,-13.3,0.0,32.0,0,0
2026-03-10 17:15:15.134603,-12.91,15.11,37.48,1,2
2026-03-10 17:15:20.134603,-13.5,11.23,30.54,0,1
2026-03-10 17:15:25.134603,-13.14,0.0,32.0,0,0
2026-03-10 17:15:30.134603,-13.69,11.9,31.96,0,1
2026-03-10 17:15:35.134603,-13.42,10.49,38.58,0,1
2026-03-10 17:15:40.134603,-13.39,10.66,39.02,0,1
2026-03-10 17:15:45.134603,-12.98,15.14,46.37,1,2
2026-03-10 17:15:50.134603,-13.6,9.08,32.1,0,1
2026-03-10 17:15:55.134603,-13.56,0.0,32.0,0,0
2026-03-10 17:16:00.134603,-13.88,0.0,32.0,0,0
2026-03-10 17:16:05.134603,-13.53,10.78,37.38,0,1
2026-03-10 17:16:10.134603,-13.18,0.0,32.0,0,0
2026-03-10 17:16:15.134603,-13.71,0.0,32.0,0,0
2026-03-10 17:16:20.134603,-13.42,0.0,32.0,0,0
2026-03-10 17:16:25.134603,-13.65,0.0,32.0,0,0
2026-03-10 17:16:30.134603,-13.07,15.57,42.58,1,2
2026-03-10 17:16:35.134603,-13.6,10.34,35.41,0,1
2026-03-10 17:16:40.134603,-12.87,16.88,39.24,1,2
2026-03-10 17:16:45.134603,-13.79,0.0,32.0,0,0
2026-03-10 17:16:50.134603,-13.05,13.69,44.0,1,2
2026-03-10 17:16:55.134603,-13.31,11.88,33.02,0,1
2026-03-10 17:17:00.134603,-13.08,0.0,32.0,0,0
2026-03-10 17:17:05.134603,-13.3,9.71,39.53,0,1
2026-03-10 17:17:10.134603,-13.31,9.32,38.24,0,1
2026-03-10 17:17:15.134603,-13.14,0.0,32.0,0,0
2026-03-10 17:17:20.134603,-13.33,11.4,33.83,0,1
2026-03-10 17:17:25.134603,-13.69,9.07,31.12,0,1
2026-03-10 17:17:30.134603,-13.68,9.76,34.76,0,1
2026-03-10 17:17:35.134603,-13.23,14.67,35.23,1,2
2026-03-10 17:17:40.134603,-13.64,0.0,32.0,0,0
2026-03-10 17:17:45.134603,-13.55,9.55,34.9,0,1
2026-03-10 17:17:50.134603,-13.41,0.0,32.0,0,0
2026-03-10 17:17:55.134603,-13.66,0.0,32.0,0,0
2026-03-10 17:18:00.134603,-13.6,10.65,32.68,0,1
2026-03-10 17:18:05.134603,-13.02,14.99,40.7,1,2
2026-03-10 17:18:10.134603,-13.16,17.76,50.97,1,2
2026-03-10 17:18:15.134603,-13.6,0.0,32.0,0,0
2026-03-10 17:18:20.134603,-13.65,0.0,32.0,0,0
2026-03-10 17:18:25.134603,-12.87,16.59,35.78,1,2
2026-03-10 17:18:30.134603,-13.16,0.0,32.0,0,0
2026-03-10 17:18:35.134603,-13.43,10.65,39.17,0,1
2026-03-10 17:18:40.134603,-13.68,11.19,37.18,0,1
2026-03-10 17:18:45.134603,-13.38,9.12,37.85,0,1
2026-03-10 17:18:50.134603,-13.43,10.9,38.06,0,1
2026-03-10 17:18:55.134603,-13.51,9.61,31.61,0,1
2026-03-10 17:19:00.134603,-13.27,0.0,32.0,0,0
2026-03-10 17:19:05.134603,-13.08,14.8,47.24,1,2
2026-03-10 17:19:10.134603,-12.81,13.12,42.97,1,2
2026-03-10 17:19:15.134603,-12.92,15.26,49.61,1,2
2026-03-10 17:19:20.134603,-13.71,0.0,32.0,0,0
2026-03-10 17:19:25.134603,-13.38,9.37,39.77,0,1
2026-03-10 17:19:30.134603,-13.17,15.67,35.49,1,2
2026-03-10 17:19:35.134603,-12.81,17.97,35.36,1,2
2026-03-10 17:19:40.134603,-13.02,0.0,32.0,0,0
2026-03-10 17:19:45.134603,-13.63,10.49,37.66,0,1
2026-03-10 17:19:50.134603,-13.42,11.26,30.58,0,1
2026-03-10 17:19:55.134603,-13.23,16.45,46.2,1,2
2026-03-10 17:20:00.134603,-13.58,9.07,31.95,0,1
2026-03-10 17:20:05.134603,-13.56,0.0,32.0,0,0
2026-03-10 17:20:10.134603,-13.14,0.0,32.0,0,0
2026-03-10 17:20:15.134603,-13.01,14.84,54.25,1,2
2026-03-10 17:20:20.134603,-13.42,10.44,37.03,0,1
2026-03-10 17:20:25.134603,-13.72,0.0,32.0,0,0
2026-03-10 17:20:30.134603,-13.9,0.0,32.0,0,0
2026-03-10 17:20:35.134603,-13.13,0.0,32.0,0,0
2026-03-10 17:20:40.134603,-12.73,16.82,51.09,1,2
2026-03-10 17:20:45.134603,-13.36,11.33,36.85,0,1
2026-03-10 17:20:50.134603,-13.96,0.0,32.0,0,0
2026-03-10 17:20:55.134603,-13.5,11.13,30.68,0,1
2026-03-10 17:21:00.134603,-13.15,16.98,41.26,1,2
2026-03-10 17:21:05.134603,-13.69,0.0,32.0,0,0
2026-03-10 17:21:10.134603,-13.63,0.0,32.0,0,0
2026-03-10 17:21:15.134603,-13.42,0.0,32.0,0,0
2026-03-10 17:21:20.134603,-13.23,17.41,50.52,1,2
2026-03-10 17:21:25.134603,-13.9,0.0,32.0,0,0
2026-03-10 17:21:30.134603,-13.37,10.12,38.88,0,1
2026-03-10 17:21:35.134603,-13.11,14.33,47.3,1,2
2026-03-10 17:21:40.134603,-13.25,0.0,32.0,0,0
2026-03-10 17:21:45.134603,-13.3,10.58,36.83,0,1
2026-03-10 17:21:50.134603,-13.46,10.87,33.2,0,1
2026-03-10 17:21:55.134603,-13.92,0.0,32.0,0,0
2026-03-10 17:22:00.134603,-13.1,0.0,32.0,0,0
2026-03-10 17:22:05.134603,-12.98,13.47,41.01,1,2
2026-03-10 17:22:10.134603,-13.07,0.0,32.0,0,0
2026-03-10 17:22:15.134603,-13.67,10.28,30.58,0,1
2026-03-10 17:22:20.134603,-13.65,10.34,37.3,0,1
2026-03-10 17:22:25.134603,-13.48,0.0,32.0,0,0
2026-03-10 17:22:30.134603,-12.85,17.57,54.05,1,2
2026-03-10 17:22:35.134603,-13.64,0.0,32.0,0,0
2026-03-10 17:22:40.134603,-13.17,14.56,54.52,1,2
2026-03-10 17:22:45.134603,-13.39,0.0,32.0,0,0
2026-03-10 17:22:50.134603,-13.36,11.16,37.84,0,1
2026-03-10 17:22:55.134603,-13.66,0.0,32.0,0,0
2026-03-10 17:23:00.134603,-13.69,9.04,31.09,0,1
2026-03-10 17:23:05.134603,-13.86,0.0,32.0,0,0
2026-03-10 17:23:10.134603,-13.5,11.57,34.24,0,1
2026-03-10 17:23:15.134603,-13.68,9.86,33.05,0,1
2026-03-10 17:23:20.134603,-13.38,0.0,32.0,0,0
2026-03-10 17:23:25.134603,-13.62,0.0,32.0,0,0
2026-03-10 17:23:30.134603,-13.28,0.0,32.0,0,0
2026-03-10 17:23:35.134603,-13.19,14.11,47.73,1,2
2026-03-10 17:23:40.134603,-13.83,0.0,32.0,0,0
2026-03-10 17:23:45.134603,-13.96,0.0,32.0,0,0
2026-03-10 17:23:50.134603,-13.67,0.0,32.0,0,0
2026-03-10 17:23:55.134603,-13.85,0.0,32.0,0,0
2026-03-10 17:24:00.134603,-13.67,9.53,32.26,0,1
2026-03-10 17:24:05.134603,-13.7,0.0,32.0,0,0
2026-03-10 17:24:10.134603,-13.53,11.78,36.06,0,1
2026-03-10 17:24:15.134603,-13.35,9.81,32.03,0,1
2026-03-10 17:24:20.134603,-13.52,11.88,36.9,0,1
2026-03-10 17:24:25.134603,-13.16,0.0,32.0,0,0
2026-03-10 17:24:30.134603,-13.05,16.0,53.86,1,2
2026-03-10 17:24:35.134603,-13.79,0.0,32.0,0,0
2026-03-10 17:24:40.134603,-13.33,0.0,32.0,0,0
2026-03-10 17:24:45.134603,-13.97,0.0,32.0,0,0
2026-03-10 17:24:50.134603,-13.23,15.22,45.34,1,2
2026-03-10 17:24:55.134603,-13.31,9.49,33.3,0,1
2026-03-10 17:25:00.134603,-13.11,0.0,32.0,0,0
2026-03-10 17:25:05.134603,-13.13,13.44,47.48,1,2
2026-03-10 17:25:10.134603,-13.59,0.0,32.0,0,0
2026-03-10 17:25:15.134603,-12.95,14.86,42.67,1,2
2026-03-10 17:25:20.134603,-13.68,9.34,39.98,0,1
2026-03-10 17:25:25.134603,-13.8,0.0,32.0,0,0
2026-03-10 17:25:30.134603,-13.38,10.3,33.75,0,1
2026-03-10 17:25:35.134603,-13.06,15.74,48.46,1,2
2026-03-10 17:25:40.134603,-13.7,11.07,32.52,0,1
2026-03-10 17:25:45.134603,-12.76,16.93,39.69,1,2
2026-03-10 17:25:50.134603,-13.32,0.0,32.0,0,0
2026-03-10 17:25:55.134603,-13.49,11.8,32.77,0,1
2026-03-10 17:26:00.134603,-13.18,0.0,32.0,0,0
2026-03-10 17:26:05.134603,-13.55,11.75,32.61,0,1
2026-03-10 17:26:10.134603,-13.41,9.73,35.68,0,1
2026-03-10 17:26:15.134603,-13.08,13.35,51.69,1,2
2026-03-10 17:26:20.134603,-13.57,9.99,36.9,0,1
2026-03-10 17:26:25.134603,-13.32,0.0,32.0,0,0
2026-03-10 17:26:30.134603,-12.77,17.71,42.51,1,2
2026-03-10 17:26:35.134603,-13.57,10.42,31.76,0,1
2026-03-10 17:26:40.134603,-13.7,11.67,35.58,0,1
2026-03-10 17:26:45.134603,-12.78,14.93,52.12,1,2
2026-03-10 17:26:50.134603,-13.26,14.1,47.17,1,2
2026-03-10 17:26:55.134603,-13.49,10.6,33.45,0,1
2026-03-10 17:27:00.134603,-13.57,11.43,34.65,0,1
2026-03-10 17:27:05.134603,-13.32,0.0,32.0,0,0
2026-03-10 17:27:10.134603,-13.0,15.91,38.83,1,2
2026-03-10 17:27:15.134603,-12.81,16.77,53.37,1,2
2026-03-10 17:27:20.134603,-12.95,13.64,46.67,1,2
2026-03-10 17:27:25.134603,-13.7,9.85,36.91,0,1
2026-03-10 17:27:30.134603,-13.33,11.36,32.87,0,1
2026-03-10 17:27:35.134603,-13.08,16.71,35.71,1,2
2026-03-10 17:27:40.134603,-13.32,0.0,32.0,0,0
2026-03-10 17:27:45.134603,-13.58,11.06,36.51,0,1
2026-03-10 17:27:50.134603,-13.48,9.75,36.71,0,1
2026-03-10 17:27:55.134603,-13.33,0.0,32.0,0,0
2026-03-10 17:28:00.134603,-13.4,11.21,37.18,0,1
2026-03-10 17:28:05.134603,-13.08,0.0,32.0,0,0
2026-03-10 17:28:10.134603,-13.09,14.33,46.14,1,2
2026-03-10 17:28:15.134603,-13.3,0.0,32.0,0,0
2026-03-10 17:28:20.134603,-13.58,10.6,30.66,0,1
2026-03-10 17:28:25.134603,-13.38,10.07,31.68,0,1
2026-03-10 17:28:30.134603,-13.25,17.16,41.68,1,2
2026-03-10 17:28:35.134603,-13.2,15.83,40.0,1,2
2026-03-10 17:28:40.134603,-13.98,0.0,32.0,0,0
2026-03-10 17:28:45.134603,-13.52,0.0,32.0,0,0
2026-03-10 17:28:50.134603,-13.35,10.18,34.12,0,1
2026-03-10 17:28:55.134603,-13.05,0.0,32.0,0,0
2026-03-10 17:29:00.134603,-13.17,15.08,38.65,1,2
2026-03-10 17:29:05.134603,-13.17,15.11,50.1,1,2
2026-03-10 17:29:10.134603,-13.15,13.17,50.72,1,2
2026-03-10 17:29:15.134603,-13.12,0.0,32.0,0,0
2026-03-10 17:29:20.134603,-12.89,16.98,42.12,1,2
2026-03-10 17:29:25.134603,-13.66,9.71,39.69,0,1
2026-03-10 17:29:30.134603,-12.95,14.75,37.63,1,2
2026-03-10 17:29:35.134603,-13.62,0.0,32.0,0,0
2026-03-10 17:29:40.134603,-13.38,9.11,34.47,0,1
2026-03-10 17:29:45.134603,-13.71,0.0,32.0,0,0
2026-03-10 17:29:50.134603,-13.69,10.68,39.61,0,1
2026-03-10 17:29:55.134603,-13.4,0.0,32.0,0,0
2026-03-10 17:30:00.134603,-12.88,15.88,38.59,1,2
2026-03-10 17:30:05.134603,-13.65,9.98,35.04,0,1
2026-03-10 17:30:10.134603,-13.09,13.3,47.78,1,2
2026-03-10 17:30:15.134603,-12.98,17.7,51.88,1,2
2026-03-10 17:30:20.134603,-13.34,11.74,32.16,0,1
2026-03-10 17:30:25.134603,-13.97,0.0,32.0,0,0
2026-03-10 17:30:30.134603,-13.55,0.0,32.0,0,0
2026-03-10 17:30:35.134603,-13.64,10.59,35.38,0,1
2026-03-10 17:30:40.134603,-13.05,14.51,51.89,1,2
2026-03-10 17:30:45.134603,-13.19,15.18,41.33,1,2
2026-03-10 17:30:50.134603,-13.14,0.0,32.0,0,0
2026-03-10 17:30:55.134603,-13.21,0.0,32.0,0,0
2026-03-10 17:31:00.134603,-13.19,17.15,48.29,1,2
2026-03-10 17:31:05.134603,-13.53,0.0,32.0,0,0
2026-03-10 17:31:10.134603,-12.79,15.82,49.1,1,2
2026-03-10 17:31:15.134603,-13.65,0.0,32.0,0,0
2026-03-10 17:31:20.134603,-12.98,16.39,47.24,1,2
2026-03-10 17:31:25.134603,-13.51,11.32,36.11,0,1
2026-03-10 17:31:30.134603,-13.87,0.0,32.0,0,0
2026-03-10 17:31:35.134603,-13.26,15.9,49.93,1,2
2026-03-10 17:31:40.134603,-12.86,13.39,41.38,1,2
2026-03-10 17:31:45.134603,-13.12,0.0,32.0,0,0
2026-03-10 17:31:50.134603,-12.81,15.18,46.08,1,2
2026-03-10 17:31:55.134603,-13.02,16.9,49.22,1,2
2026-03-10 17:32:00.134603,-13.49,9.34,30.62,0,1
2026-03-10 17:32:05.134603,-13.02,15.52,44.35,1,2
2026-03-10 17:32:10.134603,-13.57,10.76,36.93,0,1
2026-03-10 17:32:15.134603,-12.71,13.81,42.02,1,2
2026-03-10 17:32:20.134603,-13.68,10.95,35.15,0,1
2026-03-10 17:32:25.134603,-13.67,11.01,36.47,0,1
2026-03-10 17:32:30.134603,-12.98,14.29,41.22,1,2
2026-03-10 17:32:35.134603,-13.28,0.0,32.0,0,0
2026-03-10 17:32:40.134603,-13.43,9.15,38.01,0,1
2026-03-10 17:32:45.134603,-12.75,15.48,52.76,1,2
2026-03-10 17:32:50.134603,-12.72,17.63,54.26,1,2
2026-03-10 17:32:55.134603,-13.16,0.0,32.0,0,0
2026-03-10 17:33:00.134603,-13.59,11.51,30.64,0,1
2026-03-10 17:33:05.134603,-13.25,0.0,32.0,0,0
2026-03-10 17:33:10.134603,-13.38,11.41,35.04,0,1
2026-03-10 17:33:15.134603,-13.66,0.0,32.0,0,0
2026-03-10 17:33:20.134603,-13.57,11.15,33.25,0,1
2026-03-10 17:33:25.134603,-12.86,16.28,48.67,1,2
2026-03-10 17:33:30.134603,-13.95,0.0,32.0,0,0
2026-03-10 17:33:35.134603,-13.26,13.53,52.89,1,2
2026-03-10 17:33:40.134603,-13.44,9.77,36.58,0,1
2026-03-10 17:33:45.134603,-13.3,17.83,46.5,1,2
2026-03-10 17:33:50.134603,-13.58,12.0,35.0,0,1
2026-03-10 17:33:55.134603,-12.92,17.59,47.12,1,2
2026-03-10 17:34:00.134603,-13.33,10.28,34.75,0,1
2026-03-10 17:34:05.134603,-12.96,15.1,48.07,1,2
2026-03-10 17:34:10.134603,-13.46,11.94,33.61,0,1
2026-03-10 17:34:15.134603,-13.16,13.74,38.01,1,2
2026-03-10 17:34:20.134603,-13.11,0.0,32.0,0,0
2026-03-10 17:34:25.134603,-13.79,0.0,32.0,0,0
2026-03-10 17:34:30.134603,-13.74,0.0,32.0,0,0
2026-03-10 17:34:35.134603,-13.2,0.0,32.0,0,0
2026-03-10 17:34:40.134603,-13.24,15.63,47.35,1,2
2026-03-10 17:34:45.134603,-12.79,16.0,35.84,1,2
2026-03-10 17:34:50.134603,-13.29,17.72,38.76,1,2
2026-03-10 17:34:55.134603,-13.04,13.5,51.04,1,2
2026-03-10 17:35:00.134603,-13.12,14.82,53.06,1,2
2026-03-10 17:35:05.134603,-12.98,14.59,46.54,1,2
2026-03-10 17:35:10.134603,-13.49,0.0,32.0,0,0
2026-03-10 17:35:15.134603,-13.58,11.48,37.5,0,1
2026-03-10 17:35:20.134603,-13.53,9.3,38.66,0,1
2026-03-10 17:35:25.134603,-13.52,0.0,32.0,0,0
2026-03-10 17:35:30.134603,-13.51,9.92,30.25,0,1
2026-03-10 17:35:35.134603,-13.51,0.0,32.0,0,0
2026-03-10 17:35:40.134603,-13.13,0.0,32.0,0,0
2026-03-10 17:35:45.134603,-13.46,0.0,32.0,0,0
2026-03-10 17:35:50.134603,-13.11,16.25,49.3,1,2
2026-03-10 17:35:55.134603,-13.38,0.0,32.0,0,0
2026-03-10 17:36:00.134603,-13.36,9.02,35.66,0,1
2026-03-10 17:36:05.134603,-13.61,0.0,32.0,0,0
2026-03-10 17:36:10.134603,-13.03,14.34,39.57,1,2
2026-03-10 17:36:15.134603,-13.05,0.0,32.0,0,0
2026-03-10 17:36:20.134603,-13.13,15.15,47.06,1,2
2026-03-10 17:36:25.134603,-13.24,14.41,50.49,1,2
2026-03-10 17:36:30.134603,-13.26,0.0,32.0,0,0
2026-03-10 17:36:35.134603,-13.65,11.89,34.0,0,1
2026-03-10 17:36:40.134603,-13.81,0.0,32.0,0,0
2026-03-10 17:36:45.134603,-13.03,14.12,40.36,1,2
2026-03-10 17:36:50.134603,-13.71,0.0,32.0,0,0
2026-03-10 17:36:55.134603,-12.96,16.62,37.45,1,2
2026-03-10 17:37:00.134603,-13.85,0.0,32.0,0,0
2026-03-10 17:37:05.134603,-12.93,14.67,39.84,1,2
2026-03-10 17:37:10.134603,-13.41,0.0,32.0,0,0
2026-03-10 17:37:15.134603,-13.11,17.47,46.28,1,2
2026-03-10 17:37:20.134603,-13.08,17.54,45.99,1,2
2026-03-10 17:37:25.134603,-13.19,13.46,49.24,1,2
2026-03-10 17:37:30.134603,-13.33,11.97,34.19,0,1
2026-03-10 17:37:35.134603,-13.62,0.0,32.0,0,0
2026-03-10 17:37:40.134603,-13.15,17.32,52.54,1,2
2026-03-10 17:37:45.134603,-13.49,10.81,35.56,0,1
2026-03-10 17:37:50.134603,-13.0,17.39,43.86,1,2
2026-03-10 17:37:55.134603,-13.8,0.0,32.0,0,0
2026-03-10 17:38:00.134603,-13.62,11.75,31.36,0,1
2026-03-10 17:38:05.134603,-13.65,11.37,34.82,0,1
2026-03-10 17:38:10.134603,-13.39,12.0,32.46,0,1
2026-03-10 17:38:15.134603,-13.37,11.82,38.95,0,1
2026-03-10 17:38:20.134603,-13.43,0.0,32.0,0,0
2026-03-10 17:38:25.134603,-13.05,14.19,46.46,1,2
2026-03-10 17:38:30.134603,-13.57,9.76,30.52,0,1
2026-03-10 17:38:35.134603,-13.38,9.51,30.84,0,1
2026-03-10 17:38:40.134603,-13.54,9.64,31.07,0,1
2026-03-10 17:38:45.134603,-13.14,0.0,32.0,0,0
2026-03-10 17:38:50.134603,-12.82,14.6,54.79,1,2
2026-03-10 17:38:55.134603,-13.23,0.0,32.0,0,0
2026-03-10 17:39:00.134603,-13.26,16.72,47.44,1,2
2026-03-10 17:39:05.134603,-13.62,0.0,32.0,0,0
2026-03-10 17:39:10.134603,-13.29,0.0,32.0,0,0
2026-03-10 17:39:15.134603,-13.23,17.44,37.24,1,2
2026-03-10 17:39:20.134603,-13.36,9.98,33.69,0,1
2026-03-10 17:39:25.134603,-13.99,0.0,32.0,0,0
2026-03-10 17:39:30.134603,-13.47,11.34,34.05,0,1
2026-03-10 17:39:35.134603,-13.02,13.03,45.75,1,2
2026-03-10 17:39:40.134603,-13.58,0.0,32.0,0,0
2026-03-10 17:39:45.134603,-13.1,16.29,44.42,1,2
2026-03-10 17:39:50.134603,-13.11,13.55,52.43,1,2
2026-03-10 17:39:55.134603,-12.97,17.34,37.83,1,2
2026-03-10 17:40:00.134603,-13.09,15.41,44.54,1,2
2026-03-10 17:40:05.134603,-13.44,0.0,32.0,0,0
2026-03-10 17:40:10.134603,-12.91,16.93,53.04,1,2
2026-03-10 17:40:15.134603,-13.29,0.0,32.0,0,0
2026-03-10 17:40:20.134603,-12.79,17.71,46.69,1,2
2026-03-10 17:40:25.134603,-13.44,0.0,32.0,0,0
2026-03-10 17:40:30.134603,-13.43,9.53,33.33,0,1
2026-03-10 17:40:35.134603,-13.32,11.62,38.4,0,1
2026-03-10 17:40:40.134603,-13.31,11.49,36.01,0,1
2026-03-10 17:40:45.134603,-13.81,0.0,32.0,0,0
2026-03-10 17:40:50.134603,-13.63,0.0,32.0,0,0
2026-03-10 17:40:55.134603,-13.02,17.22,41.65,1,2
2026-03-10 17:41:00.134603,-13.56,0.0,32.0,0,0
2026-03-10 17:41:05.134603,-13.31,0.0,32.0,0,0
2026-03-10 17:41:10.134603,-13.36,11.38,34.4,0,1
2026-03-10 17:41:15.134603,-13.04,0.0,32.0,0,0
2026-03-10 17:41:20.134603,-13.57,11.97,38.74,0,1
2026-03-10 17:41:25.134603,-13.31,11.78,37.8,0,1
2026-03-10 17:41:30.134603,-13.74,0.0,32.0,0,0
2026-03-10 17:41:35.134603,-12.94,17.42,38.86,1,2
2026-03-10 17:41:40.134603,-13.4,0.0,32.0,0,0
2026-03-10 17:41:45.134603,-13.74,0.0,32.0,0,0
2026-03-10 17:41:50.134603,-13.75,0.0,32.0,0,0
2026-03-10 17:41:55.134603,-13.4,11.08,38.83,0,1
2026-03-10 17:42:00.134603,-13.03,0.0,32.0,0,0
2026-03-10 17:42:05.134603,-13.6,9.93,37.38,0,1
2026-03-10 17:42:10.134603,-13.58,0.0,32.0,0,0
2026-03-10 17:42:15.134603,-13.03,17.89,50.87,1,2
2026-03-10 17:42:20.134603,-12.9,14.02,53.0,1,2
2026-03-10 17:42:25.134603,-13.57,11.25,39.2,0,1
2026-03-10 17:42:30.134603,-13.42,11.96,34.4,0,1
2026-03-10 17:42:35.134603,-13.5,10.19,34.34,0,1
2026-03-10 17:42:40.134603,-13.35,9.14,31.61,0,1
2026-03-10 17:42:45.134603,-13.64,9.43,39.86,0,1
2026-03-10 17:42:50.134603,-12.76,15.73,41.94,1,2
2026-03-10 17:42:55.134603,-13.2,0.0,32.0,0,0
2026-03-10 17:43:00.134603,-13.1,16.1,41.4,1,2
2026-03-10 17:43:05.134603,-12.93,15.1,39.0,1,2
2026-03-10 17:43:10.134603,-13.42,10.95,35.32,0,1
2026-03-10 17:43:15.134603,-13.44,11.89,32.39,0,1
2026-03-10 17:43:20.134603,-13.46,0.0,32.0,0,0
2026-03-10 17:43:25.134603,-12.85,15.15,36.36,1,2
2026-03-10 17:43:30.134603,-12.98,15.04,48.85,1,2
2026-03-10 17:43:35.134603,-13.06,0.0,32.0,0,0
2026-03-10 17:43:40.134603,-13.51,0.0,32.0,0,0
2026-03-10 17:43:45.134603,-13.36,9.89,31.18,0,1
2026-03-10 17:43:50.134603,-13.23,16.01,43.73,1,2
2026-03-10 17:43:55.134603,-13.72,0.0,32.0,0,0
2026-03-10 17:44:00.134603,-13.73,0.0,32.0,0,0
2026-03-10 17:44:05.134603,-13.4,0.0,32.0,0,0
2026-03-10 17:44:10.134603,-13.59,10.2,36.52,0,1
2026-03-10 17:44:15.134603,-13.6,10.44,31.49,0,1
2026-03-10 17:44:20.134603,-13.52,9.05,34.93,0,1
2026-03-10 17:44:25.134603,-12.73,16.77,44.5,1,2
2026-03-10 17:44:30.134603,-13.47,0.0,32.0,0,0
2026-03-10 17:44:35.134603,-12.79,16.23,52.72,1,2
2026-03-10 17:44:40.134603,-13.79,0.0,32.0,0,0
2026-03-10 17:44:45.134603,-13.56,0.0,32.0,0,0
2026-03-10 17:44:50.134603,-13.22,17.77,50.58,1,2
2026-03-10 17:44:55.134603,-12.98,15.09,35.78,1,2
2026-03-10 17:45:00.134603,-13.87,0.0,32.0,0,0
2026-03-10 17:45:05.134603,-13.21,0.0,32.0,0,0
2026-03-10 17:45:10.134603,-13.43,0.0,32.0,0,0
2026-03-10 17:45:15.134603,-13.05,17.51,46.51,1,2
2026-03-10 17:45:20.134603,-13.37,10.11,31.51,0,1
2026-03-10 17:45:25.134603,-13.82,0.0,32.0,0,0
2026-03-10 17:45:30.134603,-13.15,16.11,40.56,1,2
2026-03-10 17:45:35.134603,-13.0,15.68,38.32,1,2
2026-03-10 17:45:40.134603,-13.09,16.05,43.92,1,2
2026-03-10 17:45:45.134603,-13.57,0.0,32.0,0,0
2026-03-10 17:45:50.134603,-13.71,0.0,32.0,0,0
2026-03-10 17:45:55.134603,-13.51,0.0,32.0,0,0
2026-03-10 17:46:00.134603,-13.54,10.51,33.39,0,1
2026-03-10 17:46:05.134603,-13.18,0.0,32.0,0,0
2026-03-10 17:46:10.134603,-13.42,11.6,35.5,0,1
2026-03-10 17:46:15.134603,-13.14,16.73,42.35,1,2
2026-03-10 17:46:20.134603,-13.57,0.0,32.0,0,0
2026-03-10 17:46:25.134603,-13.0,16.37,41.99,1,2
2026-03-10 17:46:30.134603,-13.32,11.29,32.87,0,1
2026-03-10 17:46:35.134603,-13.05,17.93,42.49,1,2
2026-03-10 17:46:40.134603,-13.21,16.62,47.03,1,2
2026-03-10 17:46:45.134603,-12.93,17.34,42.8,1,2
2026-03-10 17:46:50.134603,-13.17,15.89,47.09,1,2
2026-03-10 17:46:55.134603,-13.84,0.0,32.0,0,0
2026-03-10 17:47:00.134603,-13.38,9.0,37.39,0,1
2026-03-10 17:47:05.134603,-13.49,10.33,33.7,0,1
2026-03-10 17:47:10.134603,-13.39,11.47,39.07,0,1
2026-03-10 17:47:15.134603,-13.24,14.31,45.98,1,2
2026-03-10 17:47:20.134603,-12.87,13.18,38.57,1,2
2026-03-10 17:47:25.134603,-13.42,0.0,32.0,0,0
2026-03-10 17:47:30.134603,-13.53,10.46,37.43,0,1
2026-03-10 17:47:35.134603,-13.93,0.0,32.0,0,0
2026-03-10 17:47:40.134603,-13.11,0.0,32.0,0,0
2026-03-10 17:47:45.134603,-13.5,0.0,32.0,0,0
2026-03-10 17:47:50.134603,-13.5,11.32,37.1,0,1
2026-03-10 17:47:55.134603,-12.85,17.77,39.65,1,2
2026-03-10 17:48:00.134603,-12.91,17.06,46.79,1,2
2026-03-10 17:48:05.134603,-14.0,0.0,32.0,0,0
2026-03-10 17:48:10.134603,-13.47,10.54,30.73,0,1
2026-03-10 17:48:15.134603,-13.04,0.0,32.0,0,0
2026-03-10 17:48:20.134603,-13.78,0.0,32.0,0,0
2026-03-10 17:48:25.134603,-13.51,11.44,30.44,0,1
2026-03-10 17:48:30.134603,-13.31,0.0,32.0,0,0
2026-03-10 17:48:35.134603,-13.71,0.0,32.0,0,0
2026-03-10 17:48:40.134603,-13.32,9.83,37.0,0,1
2026-03-10 17:48:45.134603,-13.12,15.73,35.91,1,2
2026-03-10 17:48:50.134603,-12.9,17.69,53.82,1,2
2026-03-10 17:48:55.134603,-13.03,16.82,41.16,1,2
2026-03-10 17:49:00.134603,-13.5,0.0,32.0,0,0
2026-03-10 17:49:05.134603,-12.82,14.31,45.56,1,2
2026-03-10 17:49:10.134603,-13.41,0.0,32.0,0,0
2026-03-10 17:49:15.134603,-13.46,9.43,39.73,0,1
2026-03-10 17:49:20.134603,-13.01,0.0,32.0,0,0
2026-03-10 17:49:25.134603,-13.6,0.0,32.0,0,0
2026-03-10 17:49:30.134603,-13.71,0.0,32.0,0,0
2026-03-10 17:49:35.134603,-13.68,0.0,32.0,0,0
2026-03-10 17:49:40.134603,-12.82,16.49,38.99,1,2
2026-03-10 17:49:45.134603,-13.39,0.0,32.0,0,0
2026-03-10 17:49:50.134603,-13.73,0.0,32.0,0,0
2026-03-10 17:49:55.134603,-13.45,11.8,32.93,0,1
2026-03-10 17:50:00.134603,-13.08,17.33,40.66,1,2
2026-03-10 17:50:05.134603,-13.6,0.0,32.0,0,0
2026-03-10 17:50:10.134603,-12.87,17.46,47.77,1,2
2026-03-10 17:50:15.134603,-13.42,0.0,32.0,0,0
2026-03-10 17:50:20.134603,-13.69,10.3,32.03,0,1
2026-03-10 17:50:25.134603,-12.72,15.94,40.04,1,2
2026-03-10 17:50:30.134603,-13.69,10.47,30.07,0,1
2026-03-10 17:50:35.134603,-12.94,13.91,50.82,1,2
2026-03-10 17:50:40.134603,-13.58,9.7,32.75,0,1
2026-03-10 17:50:45.134603,-13.18,0.0,32.0,0,0
2026-03-10 17:50:50.134603,-12.9,14.38,54.7,1,2
2026-03-10 17:50:55.134603,-13.17,14.28,50.32,1,2
2026-03-10 17:51:00.134603,-13.5,0.0,32.0,0,0
2026-03-10 17:51:05.134603,-13.23,0.0,32.0,0,0
2026-03-10 17:51:10.134603,-13.36,10.74,31.37,0,1
2026-03-10 17:51:15.134603,-12.9,17.98,42.93,1,2
2026-03-10 17:51:20.134603,-13.31,0.0,32.0,0,0
2026-03-10 17:51:25.134603,-13.4,0.0,32.0,0,0
2026-03-10 17:51:30.134603,-13.5,9.33,39.7,0,1
2026-03-10 17:51:35.134603,-13.19,15.76,49.37,1,2
2026-03-10 17:51:40.134603,-13.53,0.0,32.0,0,0
2026-03-10 17:51:45.134603,-13.03,16.37,42.78,1,2
2026-03-10 17:51:50.134603,-13.41,11.91,31.23,0,1
2026-03-10 17:51:55.134603,-13.14,0.0,32.0,0,0
2026-03-10 17:52:00.134603,-13.0,17.12,36.64,1,2
2026-03-10 17:52:05.134603,-12.96,14.14,51.75,1,2
2026-03-10 17:52:10.134603,-13.96,0.0,32.0,0,0
2026-03-10 17:52:15.134603,-13.03,13.17,48.4,1,2
2026-03-10 17:52:20.134603,-12.91,14.76,50.09,1,2
2026-03-10 17:52:25.134603,-13.6,9.46,36.3,0,1
2026-03-10 17:52:30.134603,-13.81,0.0,32.0,0,0
2026-03-10 17:52:35.134603,-13.36,10.26,36.86,0,1
2026-03-10 17:52:40.134603,-12.76,15.44,47.22,1,2
2026-03-10 17:52:45.134603,-13.88,0.0,32.0,0,0
2026-03-10 17:52:50.134603,-13.48,11.86,34.95,0,1
2026-03-10 17:52:55.134603,-13.39,11.42,32.87,0,1
2026-03-10 17:53:00.134603,-12.77,14.53,51.22,1,2
2026-03-10 17:53:05.134603,-12.91,13.87,41.07,1,2
2026-03-10 17:53:10.134603,-13.84,0.0,32.0,0,0
2026-03-10 17:53:15.134603,-13.26,16.1,42.5,1,2
2026-03-10 17:53:20.134603,-13.59,10.87,38.87,0,1
2026-03-10 17:53:25.134603,-13.86,0.0,32.0,0,0
2026-03-10 17:53:30.134603,-13.34,0.0,32.0,0,0
2026-03-10 17:53:35.134603,-13.43,0.0,32.0,0,0
2026-03-10 17:53:40.134603,-12.87,14.0,36.24,1,2
2026-03-10 17:53:45.134603,-13.08,0.0,32.0,0,0
2026-03-10 17:53:50.134603,-13.49,0.0,32.0,0,0
2026-03-10 17:53:55.134603,-13.53,0.0,32.0,0,0
2026-03-10 17:54:00.134603,-12.89,14.78,48.84,1,2
2026-03-10 17:54:05.134603,-13.25,15.71,53.33,1,2
2026-03-10 17:54:10.134603,-13.33,0.0,32.0,0,0
2026-03-10 17:54:15.134603,-13.34,11.81,35.6,0,1
2026-03-10 17:54:20.134603,-13.44,10.53,32.98,0,1
2026-03-10 17:54:25.134603,-13.54,11.25,32.29,0,1
2026-03-10 17:54:30.134603,-13.31,11.92,33.93,0,1
2026-03-10 17:54:35.134603,-13.36,11.22,32.64,0,1
2026-03-10 17:54:40.134603,-13.83,0.0,32.0,0,0
2026-03-10 17:54:45.134603,-12.87,15.89,46.81,1,2
2026-03-10 17:54:50.134603,-13.92,0.0,32.0,0,0
2026-03-10 17:54:55.134603,-13.08,15.49,38.41,1,2
2026-03-10 17:55:00.134603,-13.66,0.0,32.0,0,0
2026-03-10 17:55:05.134603,-13.28,13.99,41.46,1,2
2026-03-10 17:55:10.134603,-13.29,0.0,32.0,0,0
2026-03-10 17:55:15.134603,-12.7,16.72,51.22,1,2
2026-03-10 17:55:20.134603,-13.38,11.55,31.48,0,1
2026-03-10 17:55:25.134603,-13.41,11.22,32.05,0,1
2026-03-10 17:55:30.134603,-12.83,17.26,49.77,1,2
2026-03-10 17:55:35.134603,-13.04,17.9,40.4,1,2
2026-03-10 17:55:40.134603,-13.17,16.32,47.62,1,2
2026-03-10 17:55:45.134603,-13.23,0.0,32.0,0,0
2026-03-10 17:55:50.134603,-13.69,0.0,32.0,0,0
2026-03-10 17:55:55.134603,-13.1,0.0,32.0,0,0
2026-03-10 17:56:00.134603,-13.42,0.0,32.0,0,0
2026-03-10 17:56:05.134603,-12.73,16.51,41.13,1,2
2026-03-10 17:56:10.134603,-13.96,0.0,32.0,0,0
2026-03-10 17:56:15.134603,-13.7,9.56,32.71,0,1
2026-03-10 17:56:20.134603,-13.17,15.86,42.46,1,2
2026-03-10 17:56:25.134603,-13.63,0.0,32.0,0,0
2026-03-10 17:56:30.134603,-13.19,0.0,32.0,0,0
2026-03-10 17:56:35.134603,-12.7,17.91,49.9,1,2
2026-03-10 17:56:40.134603,-12.84,17.76,37.75,1,2
2026-03-10 17:56:45.134603,-13.07,17.15,39.16,1,2
2026-03-10 17:56:50.134603,-13.37,9.63,30.1,0,1
2026-03-10 17:56:55.134603,-13.56,0.0,32.0,0,0
2026-03-10 17:57:00.134603,-13.34,9.96,35.46,0,1
2026-03-10 17:57:05.134603,-13.81,0.0,32.0,0,0
2026-03-10 17:57:10.134603,-13.05,13.66,44.4,1,2
2026-03-10 17:57:15.134603,-12.82,13.39,47.58,1,2
2026-03-10 17:57:20.134603,-12.9,14.25,44.3,1,2
2026-03-10 17:57:25.134603,-13.53,11.7,34.85,0,1
2026-03-10 17:57:30.134603,-13.59,0.0,32.0,0,0
2026-03-10 17:57:35.134603,-13.43,0.0,32.0,0,0
2026-03-10 17:57:40.134603,-13.53,10.3,35.79,0,1
2026-03-10 17:57:45.134603,-13.31,9.98,38.54,0,1
2026-03-10 17:57:50.134603,-13.9,0.0,32.0,0,0
2026-03-10 17:57:55.134603,-13.33,0.0,32.0,0,0
2026-03-10 17:58:00.134603,-13.56,11.88,33.25,0,1
2026-03-10 17:58:05.134603,-13.56,9.67,33.43,0,1
2026-03-10 17:58:10.134603,-13.3,13.27,50.33,1,2
2026-03-10 17:58:15.134603,-13.4,10.78,34.68,0,1
2026-03-10 17:58:20.134603,-13.01,0.0,32.0,0,0
2026-03-10 17:58:25.134603,-13.53,11.44,34.19,0,1
2026-03-10 17:58:30.134603,-13.31,9.82,34.5,0,1
2026-03-10 17:58:35.134603,-12.81,16.62,36.3,1,2
2026-03-10 17:58:40.134603,-13.07,0.0,32.0,0,0
2026-03-10 17:58:45.134603,-13.57,0.0,32.0,0,0
2026-03-10 17:58:50.134603,-13.01,14.69,40.06,1,2
2026-03-10 17:58:55.134603,-13.26,15.61,53.48,1,2
2026-03-10 17:59:00.134603,-12.7,15.67,40.29,1,2
2026-03-10 17:59:05.134603,-13.42,9.96,30.23,0,1
2026-03-10 17:59:10.134603,-13.35,10.64,35.69,0,1
2026-03-10 17:59:15.134603,-13.02,14.55,40.29,1,2
2026-03-10 17:59:20.134603,-13.26,13.19,40.76,1,2
2026-03-10 17:59:25.134603,-13.44,11.72,38.07,0,1
2026-03-10 17:59:30.134603,-13.86,0.0,32.0,0,0
2026-03-10 17:59:35.134603,-13.57,11.73,39.47,0,1
2026-03-10 17:59:40.134603,-13.17,13.1,54.67,1,2
2026-03-10 17:59:45.134603,-12.92,13.85,46.43,1,2
2026-03-10 17:59:50.134603,-13.4,10.78,38.09,0,1
2026-03-10 17:59:55.134603,-13.65,9.85,35.35,0,1
2026-03-10 18:00:00.134603,-12.73,16.22,47.53,1,2
2026-03-10 18:00:05.134603,-13.21,14.09,40.63,1,2
2026-03-10 18:00:10.134603,-13.58,0.0,32.0,0,0
2026-03-10 18:00:15.134603,-12.71,15.33,39.61,1,2
2026-03-10 18:00:20.134603,-13.55,10.2,36.5,0,1
2026-03-10 18:00:25.134603,-13.27,14.51,52.21,1,2
2026-03-10 18:00:30.134603,-13.44,0.0,32.0,0,0
2026-03-10 18:00:35.134603,-13.33,10.92,35.15,0,1
2026-03-10 18:00:40.134603,-13.22,0.0,32.0,0,0
2026-03-10 18:00:45.134603,-13.25,17.79,39.2,1,2
2026-03-10 18:00:50.134603,-13.65,9.48,35.73,0,1
2026-03-10 18:00:55.134603,-13.6,10.76,33.28,0,1
2026-03-10 18:01:00.134603,-13.42,11.15,34.65,0,1
2026-03-10 18:01:05.134603,-13.59,11.01,35.84,0,1
2026-03-10 18:01:10.134603,-12.89,14.69,36.95,1,2
2026-03-10 18:01:15.134603,-13.5,11.39,31.64,0,1
2026-03-10 18:01:20.134603,-12.86,17.22,43.4,1,2
2026-03-10 18:01:25.134603,-13.81,0.0,32.0,0,0
2026-03-10 18:01:30.134603,-13.51,9.37,32.87,0,1
2026-03-10 18:01:35.134603,-13.31,9.19,32.04,0,1
2026-03-10 18:01:40.134603,-13.38,11.21,37.74,0,1
2026-03-10 18:01:45.134603,-12.9,13.28,36.8,1,2
2026-03-10 18:01:50.134603,-13.81,0.0,32.0,0,0
2026-03-10 18:01:55.134603,-13.31,0.0,32.0,0,0
2026-03-10 18:02:00.134603,-13.41,0.0,32.0,0,0
2026-03-10 18:02:05.134603,-12.73,15.92,40.63,1,2
2026-03-10 18:02:10.134603,-12.91,16.18,53.19,1,2
2026-03-10 18:02:15.134603,-12.78,13.58,44.91,1,2
2026-03-10 18:02:20.134603,-12.93,17.05,36.6,1,2
2026-03-10 18:02:25.134603,-13.53,0.0,32.0,0,0
2026-03-10 18:02:30.134603,-12.78,13.17,39.07,1,2
2026-03-10 18:02:35.134603,-13.63,10.44,34.29,0,1
2026-03-10 18:02:40.134603,-12.9,16.19,41.77,1,2
2026-03-10 18:02:45.134603,-13.46,0.0,32.0,0,0
2026-03-10 18:02:50.134603,-13.03,0.0,32.0,0,0
2026-03-10 18:02:55.134603,-13.37,11.93,34.1,0,1
2026-03-10 18:03:00.134603,-12.72,17.57,49.63,1,2
2026-03-10 18:03:05.134603,-13.14,0.0,32.0,0,0
2026-03-10 18:03:10.134603,-13.39,10.41,33.81,0,1
2026-03-10 18:03:15.134603,-13.72,0.0,32.0,0,0
2026-03-10 18:03:20.134603,-13.19,16.78,48.88,1,2
2026-03-10 18:03:25.134603,-12.78,13.25,48.4,1,2
2026-03-10 18:03:30.134603,-13.58,10.04,35.0,0,1
2026-03-10 18:03:35.134603,-13.38,0.0,32.0,0,0
2026-03-10 18:03:40.134603,-13.37,9.61,32.38,0,1
2026-03-10 18:03:45.134603,-13.17,16.13,49.69,1,2
2026-03-10 18:03:50.134603,-13.05,16.26,53.2,1,2
2026-03-10 18:03:55.134603,-13.36,10.58,31.83,0,1
2026-03-10 18:04:00.134603,-13.38,0.0,32.0,0,0
2026-03-10 18:04:05.134603,-13.21,14.65,47.33,1,2
2026-03-10 18:04:10.134603,-13.79,0.0,32.0,0,0
2026-03-10 18:04:15.134603,-13.54,9.49,34.26,0,1
2026-03-10 18:04:20.134603,-13.74,0.0,32.0,0,0
2026-03-10 18:04:25.134603,-13.02,15.96,37.16,1,2
2026-03-10 18:04:30.134603,-13.51,9.02,30.1,0,1
2026-03-10 18:04:35.134603,-13.6,10.97,30.14,0,1
2026-03-10 18:04:40.134603,-12.9,14.06,37.33,1,2
2026-03-10 18:04:45.134603,-13.33,10.04,35.76,0,1
2026-03-10 18:04:50.134603,-13.46,11.86,31.03,0,1
2026-03-10 18:04:55.134603,-13.06,0.0,32.0,0,0
2026-03-10 18:05:00.134603,-13.35,11.77,35.26,0,1
2026-03-10 18:05:05.134603,-13.12,0.0,32.0,0,0
2026-03-10 18:05:10.134603,-13.1,14.49,50.24,1,2
2026-03-10 18:05:15.134603,-13.04,13.37,48.17,1,2
2026-03-10 18:05:20.134603,-13.19,0.0,32.0,0,0
2026-03-10 18:05:25.134603,-13.63,9.2,33.77,0,1
2026-03-10 18:05:30.134603,-13.09,15.17,37.08,1,2
2026-03-10 18:05:35.134603,-13.15,17.71,49.68,1,2
2026-03-10 18:05:40.134603,-13.88,0.0,32.0,0,0
2026-03-10 18:05:45.134603,-12.8,16.4,50.6,1,2
2026-03-10 18:05:50.134603,-13.28,14.54,49.3,1,2
2026-03-10 18:05:55.134603,-13.52,10.15,32.93,0,1
2026-03-10 18:06:00.134603,-13.01,15.23,46.46,1,2
2026-03-10 18:06:05.134603,-13.45,10.06,38.98,0,1
2026-03-10 18:06:10.134603,-13.63,10.62,31.22,0,1
2026-03-10 18:06:15.134603,-13.44,10.61,39.91,0,1
2026-03-10 18:06:20.134603,-13.25,0.0,32.0,0,0
2026-03-10 18:06:25.134603,-12.93,15.45,39.42,1,2
2026-03-10 18:06:30.134603,-13.63,0.0,32.0,0,0
2026-03-10 18:06:35.134603,-13.59,11.05,34.98,0,1
2026-03-10 18:06:40.134603,-13.25,0.0,32.0,0,0
2026-03-10 18:06:45.134603,-12.8,14.01,50.9,1,2
2026-03-10 18:06:50.134603,-12.91,16.3,37.94,1,2
2026-03-10 18:06:55.134603,-13.89,0.0,32.0,0,0
2026-03-10 18:07:00.134603,-13.08,0.0,32.0,0,0
2026-03-10 18:07:05.134603,-13.48,11.76,32.77,0,1
2026-03-10 18:07:10.134603,-13.9,0.0,32.0,0,0
2026-03-10 18:07:15.134603,-13.37,10.57,37.41,0,1
2026-03-10 18:07:20.134603,-12.88,14.76,46.49,1,2
2026-03-10 18:07:25.134603,-13.4,11.05,35.98,0,1
2026-03-10 18:07:30.134603,-13.28,13.48,46.98,1,2
2026-03-10 18:07:35.134603,-13.22,0.0,32.0,0,0
2026-03-10 18:07:40.134603,-13.67,11.07,37.94,0,1
2026-03-10 18:07:45.134603,-13.54,10.38,32.77,0,1
2026-03-10 18:07:50.134603,-13.6,9.79,35.62,0,1
2026-03-10 18:07:55.134603,-13.33,0.0,32.0,0,0
2026-03-10 18:08:00.134603,-13.34,9.24,36.51,0,1
2026-03-10 18:08:05.134603,-13.16,14.97,53.6,1,2
2026-03-10 18:08:10.134603,-12.9,14.76,47.34,1,2
2026-03-10 18:08:15.134603,-13.55,11.37,39.49,0,1
2026-03-10 18:08:20.134603,-13.44,10.72,32.6,0,1
2026-03-10 18:08:25.134603,-13.28,13.34,45.85,1,2
2026-03-10 18:08:30.134603,-13.21,0.0,32.0,0,0
2026-03-10 18:08:35.134603,-13.04,0.0,32.0,0,0
2026-03-10 18:08:40.134603,-13.06,15.37,36.9,1,2
2026-03-10 18:08:45.134603,-13.27,17.19,53.37,1,2
2026-03-10 18:08:50.134603,-13.57,9.07,34.8,0,1
2026-03-10 18:08:55.134603,-13.04,0.0,32.0,0,0
2026-03-10 18:09:00.134603,-13.6,0.0,32.0,0,0
2026-03-10 18:09:05.134603,-12.72,16.37,37.89,1,2
2026-03-10 18:09:10.134603,-12.88,14.51,54.67,1,2
2026-03-10 18:09:15.134603,-13.08,14.98,42.11,1,2
2026-03-10 18:09:20.134603,-13.17,15.11,46.73,1,2
2026-03-10 18:09:25.134603,-12.98,14.8,46.2,1,2
2026-03-10 18:09:30.134603,-13.07,13.37,43.46,1,2
2026-03-10 18:09:35.134603,-13.85,0.0,32.0,0,0
2026-03-10 18:09:40.134603,-13.93,0.0,32.0,0,0
2026-03-10 18:09:45.134603,-13.28,13.75,52.47,1,2
2026-03-10 18:09:50.134603,-13.54,9.59,38.94,0,1
2026-03-10 18:09:55.134603,-12.96,17.79,44.21,1,2
2026-03-10 18:10:00.134603,-13.41,9.49,39.58,0,1
2026-03-10 18:10:05.134603,-13.63,10.46,30.28,0,1
2026-03-10 18:10:10.134603,-13.05,0.0,32.0,0,0
2026-03-10 18:10:15.134603,-13.24,0.0,32.0,0,0
2026-03-10 18:10:20.134603,-13.04,14.89,46.1,1,2
2026-03-10 18:10:25.134603,-12.75,14.75,38.75,1,2
2026-03-10 18:10:30.134603,-13.29,17.26,42.09,1,2
2026-03-10 18:10:35.134603,-13.11,14.82,47.87,1,2
2026-03-10 18:10:40.134603,-13.94,0.0,32.0,0,0
2026-03-10 18:10:45.134603,-13.6,9.76,30.38,0,1
2026-03-10 18:10:50.134603,-12.84,13.62,37.79,1,2
2026-03-10 18:10:55.134603,-13.69,11.26,30.92,0,1
2026-03-10 18:11:00.134603,-13.35,9.64,33.71,0,1
2026-03-10 18:11:05.134603,-13.5,9.06,39.75,0,1
2026-03-10 18:11:10.134603,-13.18,14.3,50.85,1,2
2026-03-10 18:11:15.134603,-13.56,9.92,32.07,0,1
2026-03-10 18:11:20.134603,-13.06,17.56,38.86,1,2
2026-03-10 18:11:25.134603,-13.35,10.13,38.95,0,1
2026-03-10 18:11:30.134603,-13.29,17.22,47.68,1,2
2026-03-10 18:11:35.134603,-13.31,11.58,30.77,0,1
2026-03-10 18:11:40.134603,-13.42,10.15,34.3,0,1
2026-03-10 18:11:45.134603,-13.78,0.0,32.0,0,0
2026-03-10 18:11:50.134603,-12.98,17.96,46.8,1,2
2026-03-10 18:11:55.134603,-13.61,11.28,32.84,0,1
2026-03-10 18:12:00.134603,-13.19,14.09,42.56,1,2
2026-03-10 18:12:05.134603,-13.39,9.37,35.3,0,1
2026-03-10 18:12:10.134603,-13.6,9.6,35.58,0,1
2026-03-10 18:12:15.134603,-13.59,9.69,32.55,0,1
2026-03-10 18:12:20.134603,-13.15,16.02,48.36,1,2
2026-03-10 18:12:25.134603,-13.53,0.0,32.0,0,0
2026-03-10 18:12:30.134603,-12.96,14.8,50.52,1,2
2026-03-10 18:12:35.134603,-13.64,11.79,34.5,0,1
2026-03-10 18:12:40.134603,-13.19,0.0,32.0,0,0
2026-03-10 18:12:45.134603,-13.19,13.81,41.77,1,2
2026-03-10 18:12:50.134603,-12.91,13.78,43.92,1,2
2026-03-10 18:12:55.134603,-13.09,0.0,32.0,0,0
2026-03-10 18:13:00.134603,-13.69,0.0,32.0,0,0
2026-03-10 18:13:05.134603,-13.55,0.0,32.0,0,0
2026-03-10 18:13:10.134603,-13.42,9.98,30.83,0,1
2026-03-10 18:13:15.134603,-13.58,9.22,33.74,0,1
2026-03-10 18:13:20.134603,-12.77,15.34,48.48,1,2
2026-03-10 18:13:25.134603,-13.67,11.0,32.08,0,1
2026-03-10 18:13:30.134603,-13.68,9.6,35.04,0,1
2026-03-10 18:13:35.134603,-13.16,15.62,43.04,1,2
2026-03-10 18:13:40.134603,-13.93,0.0,32.0,0,0
2026-03-10 18:13:45.134603,-13.33,11.31,31.05,0,1
2026-03-10 18:13:50.134603,-13.02,16.68,45.24,1,2
2026-03-10 18:13:55.134603,-13.32,10.93,31.07,0,1
2026-03-10 18:14:00.134603,-13.28,15.47,37.27,1,2
2026-03-10 18:14:05.134603,-12.84,14.58,46.39,1,2
2026-03-10 18:14:10.134603,-13.95,0.0,32.0,0,0
2026-03-10 18:14:15.134603,-13.22,14.58,50.23,1,2
2026-03-10 18:14:20.134603,-13.68,0.0,32.0,0,0
2026-03-10 18:14:25.134603,-13.51,9.16,35.5,0,1
2026-03-10 18:14:30.134603,-13.07,0.0,32.0,0,0
2026-03-10 18:14:35.134603,-13.54,10.74,34.05,0,1
2026-03-10 18:14:40.134603,-13.93,0.0,32.0,0,0
2026-03-10 18:14:45.134603,-13.14,15.03,42.72,1,2
2026-03-10 18:14:50.134603,-13.61,0.0,32.0,0,0
2026-03-10 18:14:55.134603,-12.75,15.38,51.3,1,2
2026-03-10 18:15:00.134603,-13.12,14.09,35.48,1,2
2026-03-10 18:15:05.134603,-13.7,11.34,35.74,0,1
2026-03-10 18:15:10.134603,-13.55,0.0,32.0,0,0
2026-03-10 18:15:15.134603,-13.33,10.6,36.5,0,1
2026-03-10 18:15:20.134603,-13.03,0.0,32.0,0,0
2026-03-10 18:15:25.134603,-13.6,10.21,38.25,0,1
2026-03-10 18:15:30.134603,-13.26,13.25,39.58,1,2
2026-03-10 18:15:35.134603,-13.27,16.92,37.58,1,2
2026-03-10 18:15:40.134603,-13.34,10.78,35.37,0,1
2026-03-10 18:15:45.134603,-13.0,15.83,54.84,1,2
2026-03-10 18:15:50.134603,-13.59,10.04,35.36,0,1
2026-03-10 18:15:55.134603,-13.64,0.0,32.0,0,0
2026-03-10 18:16:00.134603,-13.61,11.23,31.99,0,1
2026-03-10 18:16:05.134603,-13.08,15.59,52.12,1,2
2026-03-10 18:16:10.134603,-12.96,13.71,39.17,1,2
2026-03-10 18:16:15.134603,-13.43,9.09,38.26,0,1
2026-03-10 18:16:20.134603,-13.4,0.0,32.0,0,0
2026-03-10 18:16:25.134603,-13.59,10.78,38.73,0,1
2026-03-10 18:16:30.134603,-13.62,0.0,32.0,0,0
2026-03-10 18:16:35.134603,-13.35,9.87,34.57,0,1
2026-03-10 18:16:40.134603,-13.6,9.83,34.85,0,1
2026-03-10 18:16:45.134603,-13.73,0.0,32.0,0,0
2026-03-10 18:16:50.134603,-13.71,0.0,32.0,0,0
2026-03-10 18:16:55.134603,-13.75,0.0,32.0,0,0
2026-03-10 18:17:00.134603,-13.42,0.0,32.0,0,0
2026-03-10 18:17:05.134603,-13.28,17.77,39.4,1,2
2026-03-10 18:17:10.134603,-13.29,16.39,50.79,1,2
2026-03-10 18:17:15.134603,-13.15,14.13,36.79,1,2
2026-03-10 18:17:20.134603,-13.15,13.36,45.58,1,2
2026-03-10 18:17:25.134603,-13.16,0.0,32.0,0,0
2026-03-10 18:17:30.134603,-13.31,0.0,32.0,0,0
2026-03-10 18:17:35.134603,-13.0,14.92,49.67,1,2
2026-03-10 18:17:40.134603,-13.28,14.67,35.66,1,2
2026-03-10 18:17:45.134603,-13.36,11.43,39.81,0,1
2026-03-10 18:17:50.134603,-13.2,0.0,32.0,0,0
2026-03-10 18:17:55.134603,-13.66,11.29,39.84,0,1
2026-03-10 18:18:00.134603,-13.55,9.83,39.43,0,1
2026-03-10 18:18:05.134603,-12.73,15.95,38.98,1,2
2026-03-10 18:18:10.134603,-13.12,17.46,45.37,1,2
2026-03-10 18:18:15.134603,-12.92,15.28,47.74,1,2
2026-03-10 18:18:20.134603,-13.8,0.0,32.0,0,0
2026-03-10 18:18:25.134603,-13.55,9.29,33.86,0,1
2026-03-10 18:18:30.134603,-13.65,9.66,31.95,0,1
2026-03-10 18:18:35.134603,-13.06,0.0,32.0,0,0
2026-03-10 18:18:40.134603,-13.32,0.0,32.0,0,0
2026-03-10 18:18:45.134603,-13.47,10.12,37.82,0,1
2026-03-10 18:18:50.134603,-12.72,13.76,38.67,1,2
2026-03-10 18:18:55.134603,-13.31,9.15,37.67,0,1
2026-03-10 18:19:00.134603,-13.31,11.27,37.34,0,1
2026-03-10 18:19:05.134603,-13.91,0.0,32.0,0,0
2026-03-10 18:19:10.134603,-13.51,0.0,32.0,0,0
2026-03-10 18:19:15.134603,-13.22,16.99,43.84,1,2
2026-03-10 18:19:20.134603,-13.53,9.05,37.39,0,1
2026-03-10 18:19:25.134603,-13.45,9.65,32.82,0,1
2026-03-10 18:19:30.134603,-13.46,9.21,32.38,0,1
2026-03-10 18:19:35.134603,-13.11,13.23,37.89,1,2
2026-03-10 18:19:40.134603,-13.02,14.65,52.07,1,2
2026-03-10 18:19:45.134603,-13.55,11.92,33.2,0,1
2026-03-10 18:19:50.134603,-13.57,0.0,32.0,0,0
2026-03-10 18:19:55.134603,-13.9,0.0,32.0,0,0
2026-03-10 18:20:00.134603,-13.69,9.47,37.94,0,1
2026-03-10 18:20:05.134603,-13.96,0.0,32.0,0,0
2026-03-10 18:20:10.134603,-13.52,9.17,37.99,0,1
2026-03-10 18:20:15.134603,-13.56,10.72,35.34,0,1
2026-03-10 18:20:20.134603,-13.53,11.38,35.64,0,1
2026-03-10 18:20:25.134603,-13.56,10.96,31.68,0,1
2026-03-10 18:20:30.134603,-12.74,13.15,52.6,1,2
2026-03-10 18:20:35.134603,-13.43,0.0,32.0,0,0
2026-03-10 18:20:40.134603,-13.79,0.0,32.0,0,0
2026-03-10 18:20:45.134603,-13.44,11.52,32.79,0,1
2026-03-10 18:20:50.134603,-13.87,0.0,32.0,0,0
2026-03-10 18:20:55.134603,-13.61,9.05,35.98,0,1
2026-03-10 18:21:00.134603,-13.48,0.0,32.0,0,0
2026-03-10 18:21:05.134603,-13.28,13.42,43.77,1,2
2026-03-10 18:21:10.134603,-13.53,10.25,33.67,0,1
2026-03-10 18:21:15.134603,-13.09,0.0,32.0,0,0
2026-03-10 18:21:20.134603,-13.16,13.97,49.82,1,2
2026-03-10 18:21:25.134603,-13.01,13.11,36.18,1,2
2026-03-10 18:21:30.134603,-13.63,9.64,30.97,0,1
2026-03-10 18:21:35.134603,-13.15,0.0,32.0,0,0
2026-03-10 18:21:40.134603,-13.66,0.0,32.0,0,0
2026-03-10 18:21:45.134603,-13.17,16.94,48.17,1,2
2026-03-10 18:21:50.134603,-12.9,17.2,41.32,1,2
2026-03-10 18:21:55.134603,-13.46,9.72,39.27,0,1
2026-03-10 18:22:00.134603,-13.66,9.82,31.71,0,1
2026-03-10 18:22:05.134603,-13.5,0.0,32.0,0,0
2026-03-10 18:22:10.134603,-13.04,15.7,42.82,1,2
2026-03-10 18:22:15.134603,-13.42,11.67,38.65,0,1
2026-03-10 18:22:20.134603,-13.27,17.73,41.67,1,2
2026-03-10 18:22:25.134603,-13.01,13.47,43.85,1,2
2026-03-10 18:22:30.134603,-12.83,13.05,37.19,1,2
2026-03-10 18:22:35.134603,-13.29,0.0,32.0,0,0
2026-03-10 18:22:40.134603,-13.16,16.69,35.64,1,2
2026-03-10 18:22:45.134603,-13.16,16.62,53.87,1,2
2026-03-10 18:22:50.134603,-13.2,16.2,39.87,1,2
2026-03-10 18:22:55.134603,-12.85,17.1,43.32,1,2
2026-03-10 18:23:00.134603,-13.82,0.0,32.0,0,0
2026-03-10 18:23:05.134603,-13.33,11.71,34.6,0,1
2026-03-10 18:23:10.134603,-13.04,0.0,32.0,0,0
2026-03-10 18:23:15.134603,-12.96,15.75,37.68,1,2
2026-03-10 18:23:20.134603,-13.39,11.49,39.33,0,1
2026-03-10 18:23:25.134603,-13.62,9.96,31.91,0,1
2026-03-10 18:23:30.134603,-13.11,16.79,51.1,1,2
2026-03-10 18:23:35.134603,-13.57,0.0,32.0,0,0
2026-03-10 18:23:40.134603,-12.81,14.29,35.97,1,2
2026-03-10 18:23:45.134603,-12.73,15.3,49.82,1,2
2026-03-10 18:23:50.134603,-13.16,14.75,45.56,1,2
2026-03-10 18:23:55.134603,-13.94,0.0,32.0,0,0
2026-03-10 18:24:00.134603,-13.62,11.24,34.83,0,1
2026-03-10 18:24:05.134603,-12.97,14.25,50.4,1,2
2026-03-10 18:24:10.134603,-13.21,16.06,53.37,1,2
2026-03-10 18:24:15.134603,-12.99,16.17,54.99,1,2
2026-03-10 18:24:20.134603,-13.09,15.56,46.01,1,2
2026-03-10 18:24:25.134603,-13.0,14.35,46.25,1,2
2026-03-10 18:24:30.134603,-13.25,0.0,32.0,0,0
2026-03-10 18:24:35.134603,-13.69,9.4,39.65,0,1
2026-03-10 18:24:40.134603,-12.94,16.97,51.01,1,2
2026-03-10 18:24:45.134603,-13.45,9.39,34.67,0,1
2026-03-10 18:24:50.134603,-13.39,10.97,33.3,0,1
2026-03-10 18:24:55.134603,-12.97,15.33,43.08,1,2
2026-03-10 18:25:00.134603,-13.37,10.88,33.85,0,1
2026-03-10 18:25:05.134603,-13.5,10.09,33.97,0,1
2026-03-10 18:25:10.134603,-13.31,9.57,32.0,0,1
2026-03-10 18:25:15.134603,-13.91,0.0,32.0,0,0
2026-03-10 18:25:20.134603,-12.78,14.43,41.96,1,2
2026-03-10 18:25:25.134603,-13.15,15.7,48.29,1,2
2026-03-10 18:25:30.134603,-13.08,0.0,32.0,0,0
2026-03-10 18:25:35.134603,-13.42,11.35,31.73,0,1
2026-03-10 18:25:40.134603,-12.88,15.15,50.21,1,2
2026-03-10 18:25:45.134603,-13.28,13.11,39.87,1,2
2026-03-10 18:25:50.134603,-13.44,10.52,37.41,0,1
2026-03-10 18:25:55.134603,-13.45,11.23,37.8,0,1
2026-03-10 18:26:00.134603,-13.03,0.0,32.0,0,0
2026-03-10 18:26:05.134603,-13.24,13.32,47.51,1,2
2026-03-10 18:26:10.134603,-12.99,15.38,47.7,1,2
2026-03-10 18:26:15.134603,-13.14,0.0,32.0,0,0
2026-03-10 18:26:20.134603,-13.29,0.0,32.0,0,0
2026-03-10 18:26:25.134603,-13.31,11.43,39.93,0,1
2026-03-10 18:26:30.134603,-13.45,0.0,32.0,0,0
2026-03-10 18:26:35.134603,-13.31,9.91,35.26,0,1
2026-03-10 18:26:40.134603,-13.58,11.17,38.94,0,1
2026-03-10 18:26:45.134603,-12.96,13.44,48.65,1,2
2026-03-10 18:26:50.134603,-13.05,0.0,32.0,0,0
2026-03-10 18:26:55.134603,-13.19,16.22,35.09,1,2
2026-03-10 18:27:00.134603,-13.04,13.81,51.89,1,2
2026-03-10 18:27:05.134603,-12.93,16.72,37.32,1,2
2026-03-10 18:27:10.134603,-13.22,0.0,32.0,0,0
2026-03-10 18:27:15.134603,-13.18,16.68,41.74,1,2
2026-03-10 18:27:20.134603,-13.33,11.26,30.82,0,1
2026-03-10 18:27:25.134603,-13.44,10.92,38.46,0,1
2026-03-10 18:27:30.134603,-12.86,17.03,45.63,1,2
2026-03-10 18:27:35.134603,-13.16,16.89,50.74,1,2
2026-03-10 18:27:40.134603,-13.57,10.47,30.88,0,1
2026-03-10 18:27:45.134603,-12.96,17.89,46.33,1,2
2026-03-10 18:27:50.134603,-13.29,0.0,32.0,0,0
2026-03-10 18:27:55.134603,-12.8,14.9,40.57,1,2
2026-03-10 18:28:00.134603,-13.61,11.5,32.44,0,1
2026-03-10 18:28:05.134603,-12.74,16.65,39.8,1,2
2026-03-10 18:28:10.134603,-13.41,10.9,32.08,0,1
2026-03-10 18:28:15.134603,-13.38,10.51,30.31,0,1
2026-03-10 18:28:20.134603,-12.71,16.9,35.77,1,2
2026-03-10 18:28:25.134603,-13.61,9.89,30.04,0,1
2026-03-10 18:28:30.134603,-12.84,17.76,54.74,1,2
2026-03-10 18:28:35.134603,-13.63,11.05,30.43,0,1
2026-03-10 18:28:40.134603,-13.91,0.0,32.0,0,0
2026-03-10 18:28:45.134603,-13.87,0.0,32.0,0,0
2026-03-10 18:28:50.134603,-13.04,0.0,32.0,0,0
2026-03-10 18:28:55.134603,-13.16,0.0,32.0,0,0
2026-03-10 18:29:00.134603,-13.37,9.33,30.88,0,1
2026-03-10 18:29:05.134603,-13.67,10.33,30.64,0,1
2026-03-10 18:29:10.134603,-13.45,11.72,34.47,0,1
2026-03-10 18:29:15.134603,-13.51,11.59,34.06,0,1
2026-03-10 18:29:20.134603,-13.38,0.0,32.0,0,0
2026-03-10 18:29:25.134603,-13.14,14.2,43.4,1,2
2026-03-10 18:29:30.134603,-12.84,17.4,43.0,1,2
2026-03-10 18:29:35.134603,-13.42,10.69,31.01,0,1
2026-03-10 18:29:40.134603,-13.42,0.0,32.0,0,0
2026-03-10 18:29:45.134603,-13.76,0.0,32.0,0,0
2026-03-10 18:29:50.134603,-13.5,10.13,32.79,0,1
2026-03-10 18:29:55.134603,-13.56,10.96,38.75,0,1
2026-03-10 18:30:00.134603,-13.57,0.0,32.0,0,0
2026-03-10 18:30:05.134603,-13.61,9.58,33.63,0,1
2026-03-10 18:30:10.134603,-13.64,0.0,32.0,0,0
2026-03-10 18:30:15.134603,-12.81,14.91,51.91,1,2
2026-03-10 18:30:20.134603,-13.36,9.51,35.09,0,1
2026-03-10 18:30:25.134603,-12.97,17.65,40.46,1,2
2026-03-10 18:30:30.134603,-13.6,11.24,38.14,0,1
2026-03-10 18:30:35.134603,-13.96,0.0,32.0,0,0
2026-03-10 18:30:40.134603,-13.24,16.27,36.02,1,2
2026-03-10 18:30:45.134603,-13.07,13.94,45.12,1,2
2026-03-10 18:30:50.134603,-13.59,0.0,32.0,0,0
2026-03-10 18:30:55.134603,-13.82,0.0,32.0,0,0
2026-03-10 18:31:00.134603,-13.14,17.21,50.38,1,2
2026-03-10 18:31:05.134603,-13.18,15.09,36.6,1,2
2026-03-10 18:31:10.134603,-13.04,0.0,32.0,0,0
2026-03-10 18:31:15.134603,-13.44,11.52,36.3,0,1
2026-03-10 18:31:20.134603,-13.6,0.0,32.0,0,0
2026-03-10 18:31:25.134603,-12.79,15.75,40.66,1,2
2026-03-10 18:31:30.134603,-13.13,14.19,54.65,1,2
2026-03-10 18:31:35.134603,-13.27,0.0,32.0,0,0
2026-03-10 18:31:40.134603,-13.27,13.04,48.89,1,2
2026-03-10 18:31:45.134603,-13.46,11.12,39.75,0,1
2026-03-10 18:31:50.134603,-13.34,0.0,32.0,0,0
2026-03-10 18:31:55.134603,-13.15,15.95,42.27,1,2
2026-03-10 18:32:00.134603,-13.39,11.25,35.22,0,1
2026-03-10 18:32:05.134603,-12.97,16.24,48.27,1,2
2026-03-10 18:32:10.134603,-13.1,0.0,32.0,0,0
2026-03-10 18:32:15.134603,-13.35,10.99,32.91,0,1
2026-03-10 18:32:20.134603,-13.55,9.86,37.37,0,1
2026-03-10 18:32:25.134603,-13.3,10.59,39.48,0,1
2026-03-10 18:32:30.134603,-13.33,11.34,38.18,0,1
2026-03-10 18:32:35.134603,-13.54,10.21,31.11,0,1
2026-03-10 18:32:40.134603,-13.58,10.4,39.14,0,1
2026-03-10 18:32:45.134603,-13.46,0.0,32.0,0,0
2026-03-10 18:32:50.134603,-13.03,16.8,45.15,1,2
2026-03-10 18:32:55.134603,-12.79,14.36,49.93,1,2
2026-03-10 18:33:00.134603,-13.36,0.0,32.0,0,0
2026-03-10 18:33:05.134603,-13.89,0.0,32.0,0,0
2026-03-10 18:33:10.134603,-13.12,0.0,32.0,0,0
2026-03-10 18:33:15.134603,-13.38,9.39,36.89,0,1
2026-03-10 18:33:20.134603,-12.75,15.24,53.6,1,2
2026-03-10 18:33:25.134603,-13.79,0.0,32.0,0,0
2026-03-10 18:33:30.134603,-13.55,0.0,32.0,0,0
2026-03-10 18:33:35.134603,-13.31,0.0,32.0,0,0
2026-03-10 18:33:40.134603,-13.6,9.56,39.16,0,1
2026-03-10 18:33:45.134603,-12.86,13.46,52.56,1,2
2026-03-10 18:33:50.134603,-13.07,0.0,32.0,0,0
2026-03-10 18:33:55.134603,-13.61,0.0,32.0,0,0
2026-03-10 18:34:00.134603,-13.53,9.72,34.39,0,1
2026-03-10 18:34:05.134603,-12.76,14.81,46.03,1,2
2026-03-10 18:34:10.134603,-13.02,16.66,45.31,1,2
2026-03-10 18:34:15.134603,-13.49,9.53,37.72,0,1
2026-03-10 18:34:20.134603,-13.64,10.56,33.55,0,1
2026-03-10 18:34:25.134603,-13.44,9.68,30.08,0,1
2026-03-10 18:34:30.134603,-13.64,10.77,30.96,0,1
2026-03-10 18:34:35.134603,-13.28,15.47,37.69,1,2
2026-03-10 18:34:40.134603,-13.83,0.0,32.0,0,0
2026-03-10 18:34:45.134603,-13.57,0.0,32.0,0,0
2026-03-10 18:34:50.134603,-13.25,14.79,37.64,1,2
2026-03-10 18:34:55.134603,-13.01,0.0,32.0,0,0
2026-03-10 18:35:00.134603,-13.34,11.99,37.07,0,1
2026-03-10 18:35:05.134603,-13.82,0.0,32.0,0,0
2026-03-10 18:35:10.134603,-13.37,0.0,32.0,0,0
2026-03-10 18:35:15.134603,-13.1,15.97,44.75,1,2
2026-03-10 18:35:20.134603,-13.07,0.0,32.0,0,0
2026-03-10 18:35:25.134603,-13.3,0.0,32.0,0,0
2026-03-10 18:35:30.134603,-13.9,0.0,32.0,0,0
2026-03-10 18:35:35.134603,-13.99,0.0,32.0,0,0
2026-03-10 18:35:40.134603,-13.76,0.0,32.0,0,0
2026-03-10 18:35:45.134603,-13.26,16.36,38.21,1,2
2026-03-10 18:35:50.134603,-13.63,10.94,38.77,0,1
2026-03-10 18:35:55.134603,-13.24,14.58,46.7,1,2
2026-03-10 18:36:00.134603,-13.53,10.64,38.8,0,1
2026-03-10 18:36:05.134603,-13.64,11.3,31.71,0,1
2026-03-10 18:36:10.134603,-13.64,0.0,32.0,0,0
2026-03-10 18:36:15.134603,-12.88,15.12,40.08,1,2
2026-03-10 18:36:20.134603,-13.52,0.0,32.0,0,0
2026-03-10 18:36:25.134603,-13.67,9.45,35.08,0,1
2026-03-10 18:36:30.134603,-13.83,0.0,32.0,0,0
2026-03-10 18:36:35.134603,-13.86,0.0,32.0,0,0
2026-03-10 18:36:40.134603,-12.99,13.3,53.1,1,2
2026-03-10 18:36:45.134603,-13.59,11.96,32.73,0,1
2026-03-10 18:36:50.134603,-13.05,14.99,42.06,1,2
2026-03-10 18:36:55.134603,-13.64,11.72,32.5,0,1
2026-03-10 18:37:00.134603,-13.16,17.01,42.14,1,2
2026-03-10 18:37:05.134603,-13.64,0.0,32.0,0,0
2026-03-10 18:37:10.134603,-13.28,13.96,36.93,1,2
2026-03-10 18:37:15.134603,-13.58,0.0,32.0,0,0
2026-03-10 18:37:20.134603,-13.56,10.57,35.41,0,1
2026-03-10 18:37:25.134603,-13.52,0.0,32.0,0,0
2026-03-10 18:37:30.134603,-13.13,13.48,45.71,1,2
2026-03-10 18:37:35.134603,-13.2,13.72,54.72,1,2
2026-03-10 18:37:40.134603,-14.0,0.0,32.0,0,0
2026-03-10 18:37:45.134603,-13.46,11.25,35.54,0,1
2026-03-10 18:37:50.134603,-13.25,0.0,32.0,0,0
2026-03-10 18:37:55.134603,-13.54,9.39,39.89,0,1
2026-03-10 18:38:00.134603,-13.42,0.0,32.0,0,0
2026-03-10 18:38:05.134603,-13.66,10.85,34.35,0,1
2026-03-10 18:38:10.134603,-13.78,0.0,32.0,0,0
2026-03-10 18:38:15.134603,-13.37,0.0,32.0,0,0
2026-03-10 18:38:20.134603,-13.38,9.26,37.07,0,1
2026-03-10 18:38:25.134603,-13.12,0.0,32.0,0,0
2026-03-10 18:38:30.134603,-13.52,10.94,33.17,0,1
2026-03-10 18:38:35.134603,-13.09,17.26,43.93,1,2
2026-03-10 18:38:40.134603,-13.54,10.28,38.9,0,1
2026-03-10 18:38:45.134603,-13.27,17.76,38.1,1,2
2026-03-10 18:38:50.134603,-13.15,13.86,41.09,1,2
2026-03-10 18:38:55.134603,-12.99,14.05,35.43,1,2
2026-03-10 18:39:00.134603,-13.2,0.0,32.0,0,0
2026-03-10 18:39:05.134603,-13.42,9.8,39.58,0,1
2026-03-10 18:39:10.134603,-13.03,17.34,52.82,1,2
2026-03-10 18:39:15.134603,-12.96,15.51,47.16,1,2
2026-03-10 18:39:20.134603,-13.52,10.02,38.52,0,1
2026-03-10 18:39:25.134603,-13.43,11.57,34.4,0,1
2026-03-10 18:39:30.134603,-13.21,17.64,54.19,1,2
2026-03-10 18:39:35.134603,-13.61,9.57,32.28,0,1
2026-03-10 18:39:40.134603,-13.33,10.85,38.06,0,1
2026-03-10 18:39:45.134603,-13.58,11.32,39.87,0,1
2026-03-10 18:39:50.134603,-13.96,0.0,32.0,0,0
2026-03-10 18:39:55.134603,-13.27,17.22,51.12,1,2
2026-03-10 18:40:00.134603,-13.6,11.24,35.94,0,1
2026-03-10 18:40:05.134603,-13.26,0.0,32.0,0,0
2026-03-10 18:40:10.134603,-13.67,10.16,31.67,0,1
2026-03-10 18:40:15.134603,-12.89,16.97,53.06,1,2
2026-03-10 18:40:20.134603,-12.74,14.4,38.66,1,2
2026-03-10 18:40:25.134603,-13.4,11.78,32.57,0,1
2026-03-10 18:40:30.134603,-13.74,0.0,32.0,0,0
2026-03-10 18:40:35.134603,-13.1,17.67,43.22,1,2
2026-03-10 18:40:40.134603,-13.39,0.0,32.0,0,0
2026-03-10 18:40:45.134603,-13.03,15.25,52.54,1,2
2026-03-10 18:40:50.134603,-12.79,15.26,38.93,1,2
2026-03-10 18:40:55.134603,-12.8,14.4,43.2,1,2
2026-03-10 18:41:00.134603,-13.32,0.0,32.0,0,0
2026-03-10 18:41:05.134603,-13.18,14.02,47.2,1,2
2026-03-10 18:41:10.134603,-13.02,16.87,38.65,1,2
2026-03-10 18:41:15.134603,-12.98,16.95,51.87,1,2
2026-03-10 18:41:20.134603,-13.55,0.0,32.0,0,0
2026-03-10 18:41:25.134603,-13.62,9.01,32.73,0,1
2026-03-10 18:41:30.134603,-13.68,10.88,37.52,0,1
2026-03-10 18:41:35.134603,-12.99,15.44,35.09,1,2
2026-03-10 18:41:40.134603,-13.13,15.15,38.51,1,2
2026-03-10 18:41:45.134603,-13.6,9.6,37.25,0,1
2026-03-10 18:41:50.134603,-13.36,10.04,36.99,0,1
2026-03-10 18:41:55.134603,-13.79,0.0,32.0,0,0
2026-03-10 18:42:00.134603,-12.86,14.84,54.89,1,2
2026-03-10 18:42:05.134603,-13.13,14.55,47.18,1,2
2026-03-10 18:42:10.134603,-13.82,0.0,32.0,0,0
2026-03-10 18:42:15.134603,-13.04,0.0,32.0,0,0
2026-03-10 18:42:20.134603,-13.31,0.0,32.0,0,0
2026-03-10 18:42:25.134603,-13.53,0.0,32.0,0,0
2026-03-10 18:42:30.134603,-13.77,0.0,32.0,0,0
2026-03-10 18:42:35.134603,-13.46,10.08,35.16,0,1
2026-03-10 18:42:40.134603,-12.88,16.34,49.27,1,2
2026-03-10 18:42:45.134603,-13.54,9.56,38.61,0,1
2026-03-10 18:42:50.134603,-12.94,13.18,35.78,1,2
2026-03-10 18:42:55.134603,-13.15,17.93,55.0,1,2
2026-03-10 18:43:00.134603,-13.5,0.0,32.0,0,0
2026-03-10 18:43:05.134603,-13.15,0.0,32.0,0,0
2026-03-10 18:43:10.134603,-13.57,0.0,32.0,0,0
2026-03-10 18:43:15.134603,-13.16,0.0,32.0,0,0
2026-03-10 18:43:20.134603,-12.85,17.11,47.24,1,2
2026-03-10 18:43:25.134603,-13.47,0.0,32.0,0,0
2026-03-10 18:43:30.134603,-13.7,10.95,34.38,0,1
2026-03-10 18:43:35.134603,-13.68,11.14,35.27,0,1
2026-03-10 18:43:40.134603,-12.7,16.53,43.15,1,2
2026-03-10 18:43:45.134603,-13.18,17.9,48.43,1,2
2026-03-10 18:43:50.134603,-13.49,9.89,38.41,0,1
2026-03-10 18:43:55.134603,-12.83,14.34,51.2,1,2
2026-03-10 18:44:00.134603,-13.16,17.89,50.76,1,2
2026-03-10 18:44:05.134603,-13.4,0.0,32.0,0,0
2026-03-10 18:44:10.134603,-13.44,0.0,32.0,0,0
2026-03-10 18:44:15.134603,-13.23,17.45,52.03,1,2
2026-03-10 18:44:20.134603,-13.29,0.0,32.0,0,0
2026-03-10 18:44:25.134603,-13.23,15.72,49.89,1,2
2026-03-10 18:44:30.134603,-13.76,0.0,32.0,0,0
2026-03-10 18:44:35.134603,-13.22,16.32,52.73,1,2
2026-03-10 18:44:40.134603,-13.23,0.0,32.0,0,0
2026-03-10 18:44:45.134603,-13.59,9.88,39.91,0,1
2026-03-10 18:44:50.134603,-13.37,11.86,32.82,0,1
2026-03-10 18:44:55.134603,-12.77,17.79,51.93,1,2
2026-03-10 18:45:00.134603,-13.3,14.09,51.26,1,2
2026-03-10 18:45:05.134603,-13.45,11.87,37.4,0,1
2026-03-10 18:45:10.134603,-13.18,13.57,37.98,1,2
2026-03-10 18:45:15.134603,-13.27,13.23,47.92,1,2
2026-03-10 18:45:20.134603,-13.65,9.82,38.07,0,1
2026-03-10 18:45:25.134603,-13.0,15.54,42.88,1,2
2026-03-10 18:45:30.134603,-13.1,16.91,50.86,1,2
2026-03-10 18:45:35.134603,-13.34,0.0,32.0,0,0
2026-03-10 18:45:40.134603,-13.1,0.0,32.0,0,0
2026-03-10 18:45:45.134603,-13.57,0.0,32.0,0,0
2026-03-10 18:45:50.134603,-13.17,0.0,32.0,0,0
2026-03-10 18:45:55.134603,-12.75,16.47,51.27,1,2
2026-03-10 18:46:00.134603,-12.94,17.5,46.93,1,2
2026-03-10 18:46:05.134603,-13.4,0.0,32.0,0,0
2026-03-10 18:46:10.134603,-13.16,17.44,37.19,1,2
2026-03-10 18:46:15.134603,-12.78,15.5,43.35,1,2
2026-03-10 18:46:20.134603,-13.44,0.0,32.0,0,0
2026-03-10 18:46:25.134603,-13.27,14.73,43.96,1,2
2026-03-10 18:46:30.134603,-13.06,15.24,42.46,1,2
2026-03-10 18:46:35.134603,-13.24,17.51,51.67,1,2
2026-03-10 18:46:40.134603,-13.27,0.0,32.0,0,0
2026-03-10 18:46:45.134603,-13.52,0.0,32.0,0,0
2026-03-10 18:46:50.134603,-13.08,16.86,38.32,1,2
2026-03-10 18:46:55.134603,-13.34,10.15,33.8,0,1
2026-03-10 18:47:00.134603,-13.55,0.0,32.0,0,0
2026-03-10 18:47:05.134603,-13.01,13.59,47.92,1,2
2026-03-10 18:47:10.134603,-13.7,9.76,33.59,0,1
2026-03-10 18:47:15.134603,-13.54,11.52,30.11,0,1
2026-03-10 18:47:20.134603,-13.46,0.0,32.0,0,0
2026-03-10 18:47:25.134603,-13.17,0.0,32.0,0,0
2026-03-10 18:47:30.134603,-12.75,14.31,49.38,1,2
2026-03-10 18:47:35.134603,-13.1,13.11,42.63,1,2
2026-03-10 18:47:40.134603,-13.33,0.0,32.0,0,0
2026-03-10 18:47:45.134603,-13.09,13.06,46.39,1,2
2026-03-10 18:47:50.134603,-13.6,9.53,38.76,0,1
2026-03-10 18:47:55.134603,-13.4,0.0,32.0,0,0
2026-03-10 18:48:00.134603,-13.15,0.0,32.0,0,0
2026-03-10 18:48:05.134603,-13.1,17.11,35.76,1,2
2026-03-10 18:48:10.134603,-13.39,10.15,38.61,0,1
2026-03-10 18:48:15.134603,-13.18,0.0,32.0,0,0
2026-03-10 18:48:20.134603,-13.48,0.0,32.0,0,0
2026-03-10 18:48:25.134603,-13.37,10.56,34.51,0,1
2026-03-10 18:48:30.134603,-12.79,14.4,39.99,1,2
2026-03-10 18:48:35.134603,-13.49,10.93,31.57,0,1
2026-03-10 18:48:40.134603,-13.48,11.81,38.31,0,1
2026-03-10 18:48:45.134603,-13.31,0.0,32.0,0,0
2026-03-10 18:48:50.134603,-13.61,0.0,32.0,0,0
2026-03-10 18:48:55.134603,-13.09,0.0,32.0,0,0
2026-03-10 18:49:00.134603,-13.6,0.0,32.0,0,0
2026-03-10 18:49:05.134603,-13.29,0.0,32.0,0,0
2026-03-10 18:49:10.134603,-13.42,9.97,37.33,0,1
2026-03-10 18:49:15.134603,-13.35,9.36,30.43,0,1
2026-03-10 18:49:20.134603,-13.46,0.0,32.0,0,0
2026-03-10 18:49:25.134603,-13.44,11.7,31.16,0,1
2026-03-10 18:49:30.134603,-13.14,17.38,52.81,1,2
2026-03-10 18:49:35.134603,-13.18,0.0,32.0,0,0
2026-03-10 18:49:40.134603,-13.26,16.37,44.14,1,2
2026-03-10 18:49:45.134603,-13.61,10.82,35.9,0,1
2026-03-10 18:49:50.134603,-13.79,0.0,32.0,0,0
2026-03-10 18:49:55.134603,-13.21,13.99,40.13,1,2
2026-03-10 18:50:00.134603,-13.13,17.72,36.67,1,2
2026-03-10 18:50:05.134603,-13.34,9.48,31.98,0,1
2026-03-10 18:50:10.134603,-13.02,17.42,36.27,1,2
2026-03-10 18:50:15.134603,-13.23,13.85,46.47,1,2
2026-03-10 18:50:20.134603,-13.25,17.11,54.46,1,2
2026-03-10 18:50:25.134603,-13.21,17.53,45.64,1,2
2026-03-10 18:50:30.134603,-13.19,0.0,32.0,0,0
2026-03-10 18:50:35.134603,-13.34,10.26,39.78,0,1
2026-03-10 18:50:40.134603,-13.62,11.79,32.09,0,1
2026-03-10 18:50:45.134603,-13.65,9.85,36.11,0,1
2026-03-10 18:50:50.134603,-13.46,0.0,32.0,0,0
2026-03-10 18:50:55.134603,-13.5,0.0,32.0,0,0
2026-03-10 18:51:00.134603,-13.84,0.0,32.0,0,0
2026-03-10 18:51:05.134603,-13.26,0.0,32.0,0,0
2026-03-10 18:51:10.134603,-13.21,0.0,32.0,0,0
2026-03-10 18:51:15.134603,-13.61,10.23,34.61,0,1
2026-03-10 18:51:20.134603,-13.96,0.0,32.0,0,0
2026-03-10 18:51:25.134603,-13.38,9.01,33.14,0,1
2026-03-10 18:51:30.134603,-13.04,0.0,32.0,0,0
2026-03-10 18:51:35.134603,-13.42,10.14,30.55,0,1
2026-03-10 18:51:40.134603,-13.27,14.24,48.3,1,2
2026-03-10 18:51:45.134603,-13.08,0.0,32.0,0,0
2026-03-10 18:51:50.134603,-12.83,16.32,44.72,1,2
2026-03-10 18:51:55.134603,-12.77,16.42,54.75,1,2
2026-03-10 18:52:00.134603,-13.58,0.0,32.0,0,0
2026-03-10 18:52:05.134603,-13.95,0.0,32.0,0,0
2026-03-10 18:52:10.134603,-13.8,0.0,32.0,0,0
2026-03-10 18:52:15.134603,-13.33,9.98,31.44,0,1
2026-03-10 18:52:20.134603,-13.69,10.93,31.83,0,1
2026-03-10 18:52:25.134603,-13.25,0.0,32.0,0,0
2026-03-10 18:52:30.134603,-12.92,16.32,38.4,1,2
2026-03-10 18:52:35.134603,-12.71,13.25,44.16,1,2
2026-03-10 18:52:40.134603,-13.12,0.0,32.0,0,0
2026-03-10 18:52:45.134603,-13.27,16.61,46.07,1,2
2026-03-10 18:52:50.134603,-13.35,0.0,32.0,0,0
2026-03-10 18:52:55.134603,-13.3,17.77,37.64,1,2
2026-03-10 18:53:00.134603,-13.4,9.72,36.31,0,1
2026-03-10 18:53:05.134603,-13.59,10.6,36.79,0,1
2026-03-10 18:53:10.134603,-12.74,17.4,51.71,1,2
2026-03-10 18:53:15.134603,-13.42,11.14,32.19,0,1
2026-03-10 18:53:20.134603,-13.6,0.0,32.0,0,0
2026-03-10 18:53:25.134603,-13.6,11.83,33.56,0,1
2026-03-10 18:53:30.134603,-13.5,11.83,33.9,0,1
2026-03-10 18:53:35.134603,-13.15,0.0,32.0,0,0
2026-03-10 18:53:40.134603,-13.09,16.96,41.34,1,2
2026-03-10 18:53:45.134603,-13.58,9.24,30.71,0,1
2026-03-10 18:53:50.134603,-13.34,11.54,37.53,0,1
2026-03-10 18:53:55.134603,-12.85,16.6,36.18,1,2
2026-03-10 18:54:00.134603,-13.42,9.07,38.99,0,1
2026-03-10 18:54:05.134603,-13.38,0.0,32.0,0,0
2026-03-10 18:54:10.134603,-13.32,0.0,32.0,0,0
2026-03-10 18:54:15.134603,-13.53,0.0,32.0,0,0
2026-03-10 18:54:20.134603,-13.03,0.0,32.0,0,0
2026-03-10 18:54:25.134603,-12.85,14.23,52.32,1,2
2026-03-10 18:54:30.134603,-13.11,0.0,32.0,0,0
2026-03-10 18:54:35.134603,-12.96,13.22,53.08,1,2
2026-03-10 18:54:40.134603,-13.48,9.27,32.33,0,1
2026-03-10 18:54:45.134603,-13.31,11.6,39.84,0,1
2026-03-10 18:54:50.134603,-13.48,10.73,37.17,0,1
2026-03-10 18:54:55.134603,-13.13,0.0,32.0,0,0
2026-03-10 18:55:00.134603,-12.78,16.67,43.55,1,2
2026-03-10 18:55:05.134603,-13.56,0.0,32.0,0,0
2026-03-10 18:55:10.134603,-13.96,0.0,32.0,0,0
2026-03-10 18:55:15.134603,-13.53,0.0,32.0,0,0
2026-03-10 18:55:20.134603,-13.34,10.36,36.73,0,1
2026-03-10 18:55:25.134603,-13.71,0.0,32.0,0,0
2026-03-10 18:55:30.134603,-13.11,0.0,32.0,0,0
2026-03-10 18:55:35.134603,-13.51,0.0,32.0,0,0
2026-03-10 18:55:40.134603,-12.79,13.89,49.82,1,2
2026-03-10 18:55:45.134603,-13.34,10.9,37.44,0,1
2026-03-10 18:55:50.134603,-13.43,10.44,39.92,0,1
2026-03-10 18:55:55.134603,-13.18,14.19,41.84,1,2
2026-03-10 18:56:00.134603,-13.43,0.0,32.0,0,0
2026-03-10 18:56:05.134603,-12.71,15.91,45.03,1,2
2026-03-10 18:56:10.134603,-13.5,11.87,31.07,0,1
2026-03-10 18:56:15.134603,-13.47,0.0,32.0,0,0
2026-03-10 18:56:20.134603,-13.97,0.0,32.0,0,0
2026-03-10 18:56:25.134603,-13.69,10.51,37.35,0,1
2026-03-10 18:56:30.134603,-13.41,0.0,32.0,0,0
2026-03-10 18:56:35.134603,-13.34,0.0,32.0,0,0
2026-03-10 18:56:40.134603,-12.91,13.18,49.2,1,2
2026-03-10 18:56:45.134603,-13.4,11.36,34.67,0,1
2026-03-10 18:56:50.134603,-13.6,11.37,31.55,0,1
2026-03-10 18:56:55.134603,-12.82,14.37,49.62,1,2
2026-03-10 18:57:00.134603,-13.61,11.87,36.72,0,1
2026-03-10 18:57:05.134603,-13.96,0.0,32.0,0,0
2026-03-10 18:57:10.134603,-13.66,11.67,34.53,0,1
2026-03-10 18:57:15.134603,-13.49,10.92,38.32,0,1
2026-03-10 18:57:20.134603,-13.16,0.0,32.0,0,0
2026-03-10 18:57:25.134603,-13.37,9.56,32.04,0,1
2026-03-10 18:57:30.134603,-13.94,0.0,32.0,0,0
2026-03-10 18:57:35.134603,-13.01,15.85,39.0,1,2
2026-03-10 18:57:40.134603,-13.24,17.81,38.8,1,2
2026-03-10 18:57:45.134603,-13.11,17.53,44.34,1,2
2026-03-10 18:57:50.134603,-13.54,11.46,37.92,0,1
2026-03-10 18:57:55.134603,-12.89,13.24,43.5,1,2
2026-03-10 18:58:00.134603,-13.79,0.0,32.0,0,0
2026-03-10 18:58:05.134603,-13.36,10.92,34.25,0,1
2026-03-10 18:58:10.134603,-13.22,14.38,43.68,1,2
2026-03-10 18:58:15.134603,-12.95,16.34,49.31,1,2
2026-03-10 18:58:20.134603,-12.73,17.3,37.47,1,2
2026-03-10 18:58:25.134603,-13.51,0.0,32.0,0,0
2026-03-10 18:58:30.134603,-12.9,17.95,40.18,1,2
2026-03-10 18:58:35.134603,-13.64,11.24,37.61,0,1
2026-03-10 18:58:40.134603,-13.77,0.0,32.0,0,0
2026-03-10 18:58:45.134603,-12.9,14.22,38.02,1,2
2026-03-10 18:58:50.134603,-13.35,0.0,32.0,0,0
2026-03-10 18:58:55.134603,-13.88,0.0,32.0,0,0
2026-03-10 18:59:00.134603,-13.48,10.1,32.87,0,1
2026-03-10 18:59:05.134603,-12.74,17.62,42.34,1,2
2026-03-10 18:59:10.134603,-13.83,0.0,32.0,0,0
2026-03-10 18:59:15.134603,-13.39,9.89,34.42,0,1
2026-03-10 18:59:20.134603,-13.69,0.0,32.0,0,0
2026-03-10 18:59:25.134603,-13.38,0.0,32.0,0,0
2026-03-10 18:59:30.134603,-13.45,0.0,32.0,0,0
2026-03-10 18:59:35.134603,-13.02,14.77,52.78,1,2
2026-03-10 18:59:40.134603,-13.54,11.75,31.3,0,1
2026-03-10 18:59:45.134603,-13.32,10.39,38.89,0,1
2026-03-10 18:59:50.134603,-13.98,0.0,32.0,0,0
2026-03-10 18:59:55.134603,-13.4,0.0,32.0,0,0
2026-03-10 19:00:00.134603,-13.57,11.35,36.84,0,1
2026-03-10 19:00:05.134603,-13.19,15.16,43.81,1,2
2026-03-10 19:00:10.134603,-13.63,10.2,33.04,0,1
2026-03-10 19:00:15.134603,-13.7,0.0,32.0,0,0
2026-03-10 19:00:20.134603,-13.15,16.16,38.53,1,2
2026-03-10 19:00:25.134603,-13.32,11.88,39.36,0,1
2026-03-10 19:00:30.134603,-13.36,10.5,33.5,0,1
2026-03-10 19:00:35.134603,-13.42,10.92,33.99,0,1
2026-03-10 19:00:40.134603,-13.07,17.05,42.86,1,2
2026-03-10 19:00:45.134603,-12.82,14.59,50.2,1,2
2026-03-10 19:00:50.134603,-13.45,9.12,32.83,0,1
2026-03-10 19:00:55.134603,-13.68,10.54,33.0,0,1
2026-03-10 19:01:00.134603,-13.15,0.0,32.0,0,0
2026-03-10 19:01:05.134603,-12.77,15.5,40.66,1,2
2026-03-10 19:01:10.134603,-13.26,17.37,43.29,1,2
2026-03-10 19:01:15.134603,-13.57,9.48,39.84,0,1
2026-03-10 19:01:20.134603,-13.51,9.96,31.67,0,1
2026-03-10 19:01:25.134603,-13.17,16.18,37.44,1,2
2026-03-10 19:01:30.134603,-12.7,13.81,50.78,1,2
2026-03-10 19:01:35.134603,-13.46,0.0,32.0,0,0
2026-03-10 19:01:40.134603,-14.0,0.0,32.0,0,0
2026-03-10 19:01:45.134603,-13.38,0.0,32.0,0,0
2026-03-10 19:01:50.134603,-13.38,9.36,38.54,0,1
2026-03-10 19:01:55.134603,-13.22,17.37,54.14,1,2
2026-03-10 19:02:00.134603,-13.24,16.16,41.0,1,2
2026-03-10 19:02:05.134603,-13.69,0.0,32.0,0,0
2026-03-10 19:02:10.134603,-13.58,10.26,30.81,0,1
2026-03-10 19:02:15.134603,-13.19,13.85,35.18,1,2
2026-03-10 19:02:20.134603,-12.86,15.68,49.92,1,2
2026-03-10 19:02:25.134603,-13.62,11.92,38.95,0,1
2026-03-10 19:02:30.134603,-13.28,13.1,38.5,1,2
2026-03-10 19:02:35.134603,-13.02,0.0,32.0,0,0
2026-03-10 19:02:40.134603,-13.66,10.83,33.71,0,1
2026-03-10 19:02:45.134603,-13.01,16.46,41.09,1,2
2026-03-10 19:02:50.134603,-13.47,9.0,33.62,0,1
2026-03-10 19:02:55.134603,-13.13,17.11,42.94,1,2
2026-03-10 19:03:00.134603,-12.71,15.71,52.01,1,2
2026-03-10 19:03:05.134603,-13.22,16.47,47.35,1,2
2026-03-10 19:03:10.134603,-13.28,0.0,32.0,0,0
2026-03-10 19:03:15.134603,-13.74,0.0,32.0,0,0
2026-03-10 19:03:20.134603,-13.23,15.21,53.59,1,2
2026-03-10 19:03:25.134603,-12.8,17.95,35.08,1,2
2026-03-10 19:03:30.134603,-13.8,0.0,32.0,0,0
2026-03-10 19:03:35.134603,-13.58,11.41,38.57,0,1
2026-03-10 19:03:40.134603,-12.84,15.5,36.34,1,2
2026-03-10 19:03:45.134603,-13.28,13.34,46.4,1,2
2026-03-10 19:03:50.134603,-13.64,11.62,36.87,0,1
2026-03-10 19:03:55.134603,-13.68,0.0,32.0,0,0
2026-03-10 19:04:00.134603,-13.35,10.5,32.4,0,1
2026-03-10 19:04:05.134603,-13.65,10.62,34.2,0,1
2026-03-10 19:04:10.134603,-13.88,0.0,32.0,0,0
2026-03-10 19:04:15.134603,-13.67,0.0,32.0,0,0
2026-03-10 19:04:20.134603,-12.75,13.04,44.89,1,2
2026-03-10 19:04:25.134603,-13.94,0.0,32.0,0,0
2026-03-10 19:04:30.134603,-13.12,0.0,32.0,0,0
2026-03-10 19:04:35.134603,-13.04,0.0,32.0,0,0
2026-03-10 19:04:40.134603,-12.99,15.29,35.33,1,2
2026-03-10 19:04:45.134603,-13.87,0.0,32.0,0,0
2026-03-10 19:04:50.134603,-13.61,11.67,37.64,0,1
2026-03-10 19:04:55.134603,-13.46,10.62,32.36,0,1
2026-03-10 19:05:00.134603,-13.95,0.0,32.0,0,0
2026-03-10 19:05:05.134603,-12.96,15.95,41.01,1,2
2026-03-10 19:05:10.134603,-13.37,10.56,35.93,0,1
2026-03-10 19:05:15.134603,-13.56,11.68,30.01,0,1
2026-03-10 19:05:20.134603,-13.6,11.77,30.82,0,1
2026-03-10 19:05:25.134603,-13.55,9.26,31.96,0,1
2026-03-10 19:05:30.134603,-13.44,10.09,37.87,0,1
2026-03-10 19:05:35.134603,-13.23,0.0,32.0,0,0
2026-03-10 19:05:40.134603,-13.23,14.86,37.47,1,2
2026-03-10 19:05:45.134603,-13.9,0.0,32.0,0,0
2026-03-10 19:05:50.134603,-13.65,0.0,32.0,0,0
2026-03-10 19:05:55.134603,-13.36,0.0,32.0,0,0
2026-03-10 19:06:00.134603,-12.78,13.06,41.46,1,2
2026-03-10 19:06:05.134603,-13.66,11.88,35.42,0,1
2026-03-10 19:06:10.134603,-13.38,11.38,35.16,0,1
2026-03-10 19:06:15.134603,-13.52,0.0,32.0,0,0
2026-03-10 19:06:20.134603,-13.43,0.0,32.0,0,0
2026-03-10 19:06:25.134603,-13.13,17.01,53.27,1,2
2026-03-10 19:06:30.134603,-13.65,11.97,34.67,0,1
2026-03-10 19:06:35.134603,-13.58,0.0,32.0,0,0
2026-03-10 19:06:40.134603,-13.65,9.28,37.59,0,1
2026-03-10 19:06:45.134603,-13.54,9.32,33.74,0,1
2026-03-10 19:06:50.134603,-13.77,0.0,32.0,0,0
2026-03-10 19:06:55.134603,-13.63,9.54,37.96,0,1
2026-03-10 19:07:00.134603,-13.27,13.31,42.79,1,2
2026-03-10 19:07:05.134603,-13.23,0.0,32.0,0,0
2026-03-10 19:07:10.134603,-12.9,14.35,42.82,1,2
2026-03-10 19:07:15.134603,-13.58,9.09,37.48,0,1
2026-03-10 19:07:20.134603,-12.92,13.55,50.98,1,2
2026-03-10 19:07:25.134603,-13.1,0.0,32.0,0,0
2026-03-10 19:07:30.134603,-13.44,9.3,30.67,0,1
2026-03-10 19:07:35.134603,-13.38,11.81,31.98,0,1
2026-03-10 19:07:40.134603,-13.49,11.74,39.78,0,1
2026-03-10 19:07:45.134603,-13.68,11.62,31.75,0,1
2026-03-10 19:07:50.134603,-13.25,0.0,32.0,0,0
2026-03-10 19:07:55.134603,-13.6,11.6,34.54,0,1
2026-03-10 19:08:00.134603,-13.15,14.64,47.55,1,2
2026-03-10 19:08:05.134603,-12.76,13.75,41.22,1,2
2026-03-10 19:08:10.134603,-13.27,13.72,54.68,1,2
2026-03-10 19:08:15.134603,-13.07,17.93,39.0,1,2
2026-03-10 19:08:20.134603,-13.47,11.64,32.77,0,1
2026-03-10 19:08:25.134603,-13.4,9.09,31.17,0,1
2026-03-10 19:08:30.134603,-12.73,15.64,49.85,1,2
2026-03-10 19:08:35.134603,-13.31,0.0,32.0,0,0
2026-03-10 19:08:40.134603,-12.77,15.02,43.05,1,2
2026-03-10 19:08:45.134603,-13.11,13.08,53.43,1,2
2026-03-10 19:08:50.134603,-13.96,0.0,32.0,0,0
2026-03-10 19:08:55.134603,-12.73,13.82,46.95,1,2
2026-03-10 19:09:00.134603,-13.15,16.78,50.56,1,2
2026-03-10 19:09:05.134603,-13.48,10.16,36.92,0,1
2026-03-10 19:09:10.134603,-13.53,10.04,37.57,0,1
2026-03-10 19:09:15.134603,-13.77,0.0,32.0,0,0
2026-03-10 19:09:20.134603,-13.28,15.66,40.98,1,2
2026-03-10 19:09:25.134603,-12.81,15.06,47.66,1,2
2026-03-10 19:09:30.134603,-13.62,0.0,32.0,0,0
2026-03-10 19:09:35.134603,-13.5,0.0,32.0,0,0
2026-03-10 19:09:40.134603,-13.46,11.5,33.37,0,1
2026-03-10 19:09:45.134603,-13.41,0.0,32.0,0,0
2026-03-10 19:09:50.134603,-13.46,0.0,32.0,0,0
2026-03-10 19:09:55.134603,-13.59,0.0,32.0,0,0
2026-03-10 19:10:00.134603,-12.93,16.45,50.06,1,2
2026-03-10 19:10:05.134603,-13.55,10.94,35.42,0,1
2026-03-10 19:10:10.134603,-13.02,14.0,41.57,1,2
2026-03-10 19:10:15.134603,-13.04,14.45,49.83,1,2
2026-03-10 19:10:20.134603,-12.84,14.32,37.62,1,2
2026-03-10 19:10:25.134603,-13.67,9.34,36.64,0,1
2026-03-10 19:10:30.134603,-13.66,10.14,35.74,0,1
2026-03-10 19:10:35.134603,-13.51,0.0,32.0,0,0
2026-03-10 19:10:40.134603,-13.31,11.9,36.4,0,1
2026-03-10 19:10:45.134603,-13.59,10.8,36.09,0,1
2026-03-10 19:10:50.134603,-13.25,13.25,37.23,1,2
2026-03-10 19:10:55.134603,-13.81,0.0,32.0,0,0
2026-03-10 19:11:00.134603,-12.71,15.53,43.65,1,2
2026-03-10 19:11:05.134603,-12.9,14.39,53.48,1,2
2026-03-10 19:11:10.134603,-13.6,11.83,31.4,0,1
2026-03-10 19:11:15.134603,-13.81,0.0,32.0,0,0
2026-03-10 19:11:20.134603,-12.73,17.39,48.25,1,2
2026-03-10 19:11:25.134603,-12.74,14.76,45.39,1,2
2026-03-10 19:11:30.134603,-13.15,16.38,49.95,1,2
2026-03-10 19:11:35.134603,-13.64,10.23,37.04,0,1
2026-03-10 19:11:40.134603,-13.9,0.0,32.0,0,0
2026-03-10 19:11:45.134603,-13.1,0.0,32.0,0,0
2026-03-10 19:11:50.134603,-13.61,10.16,36.96,0,1
2026-03-10 19:11:55.134603,-13.31,0.0,32.0,0,0
2026-03-10 19:12:00.134603,-13.39,11.53,36.09,0,1
2026-03-10 19:12:05.134603,-13.33,9.56,37.64,0,1
2026-03-10 19:12:10.134603,-13.43,11.85,38.88,0,1
2026-03-10 19:12:15.134603,-13.49,0.0,32.0,0,0
2026-03-10 19:12:20.134603,-13.46,9.29,31.14,0,1
2026-03-10 19:12:25.134603,-12.91,16.57,49.97,1,2
2026-03-10 19:12:30.134603,-13.61,0.0,32.0,0,0
2026-03-10 19:12:35.134603,-12.72,14.55,53.49,1,2
2026-03-10 19:12:40.134603,-13.52,0.0,32.0,0,0
2026-03-10 19:12:45.134603,-13.72,0.0,32.0,0,0
2026-03-10 19:12:50.134603,-13.09,14.07,48.01,1,2
2026-03-10 19:12:55.134603,-13.6,10.39,31.18,0,1
2026-03-10 19:13:00.134603,-13.42,10.62,30.36,0,1
2026-03-10 19:13:05.134603,-13.43,11.6,36.5,0,1
2026-03-10 19:13:10.134603,-13.21,14.44,50.78,1,2
2026-03-10 19:13:15.134603,-13.01,0.0,32.0,0,0
2026-03-10 19:13:20.134603,-12.97,13.25,38.53,1,2
2026-03-10 19:13:25.134603,-13.67,10.93,30.62,0,1
2026-03-10 19:13:30.134603,-13.32,0.0,32.0,0,0
2026-03-10 19:13:35.134603,-13.15,17.22,50.5,1,2
2026-03-10 19:13:40.134603,-13.66,11.64,35.42,0,1
2026-03-10 19:13:45.134603,-12.8,17.18,50.99,1,2
2026-03-10 19:13:50.134603,-13.53,9.04,38.05,0,1
2026-03-10 19:13:55.134603,-13.67,11.32,37.83,0,1
2026-03-10 19:14:00.134603,-12.9,16.49,47.16,1,2
2026-03-10 19:14:05.134603,-13.34,10.05,33.13,0,1
2026-03-10 19:14:10.134603,-12.98,13.5,46.54,1,2
2026-03-10 19:14:15.134603,-13.05,0.0,32.0,0,0
2026-03-10 19:14:20.134603,-13.41,10.51,35.64,0,1
2026-03-10 19:14:25.134603,-13.62,10.03,31.67,0,1
2026-03-10 19:14:30.134603,-13.11,14.03,46.17,1,2
2026-03-10 19:14:35.134603,-13.7,0.0,32.0,0,0
2026-03-10 19:14:40.134603,-12.73,14.09,54.64,1,2
2026-03-10 19:14:45.134603,-13.18,13.41,53.34,1,2
2026-03-10 19:14:50.134603,-13.67,0.0,32.0,0,0
2026-03-10 19:14:55.134603,-13.27,13.23,35.55,1,2
2026-03-10 19:15:00.134603,-12.9,16.08,45.53,1,2
2026-03-10 19:15:05.134603,-13.59,0.0,32.0,0,0
2026-03-10 19:15:10.134603,-13.04,0.0,32.0,0,0
2026-03-10 19:15:15.134603,-13.52,0.0,32.0,0,0
2026-03-10 19:15:20.134603,-12.91,17.61,39.58,1,2
2026-03-10 19:15:25.134603,-13.6,10.11,37.52,0,1
2026-03-10 19:15:30.134603,-13.97,0.0,32.0,0,0
2026-03-10 19:15:35.134603,-13.66,9.05,32.37,0,1
2026-03-10 19:15:40.134603,-13.96,0.0,32.0,0,0
2026-03-10 19:15:45.134603,-13.15,16.05,39.82,1,2
2026-03-10 19:15:50.134603,-12.97,13.55,51.09,1,2
2026-03-10 19:15:55.134603,-13.11,14.79,38.23,1,2
2026-03-10 19:16:00.134603,-13.79,0.0,32.0,0,0
2026-03-10 19:16:05.134603,-13.54,11.49,38.68,0,1
2026-03-10 19:16:10.134603,-13.42,0.0,32.0,0,0
2026-03-10 19:16:15.134603,-13.03,16.89,40.1,1,2
2026-03-10 19:16:20.134603,-13.25,0.0,32.0,0,0
2026-03-10 19:16:25.134603,-13.58,0.0,32.0,0,0
2026-03-10 19:16:30.134603,-13.67,10.59,30.22,0,1
2026-03-10 19:16:35.134603,-13.49,0.0,32.0,0,0
2026-03-10 19:16:40.134603,-13.74,0.0,32.0,0,0
2026-03-10 19:16:45.134603,-13.36,10.95,33.19,0,1
2026-03-10 19:16:50.134603,-13.25,0.0,32.0,0,0
2026-03-10 19:16:55.134603,-13.22,14.98,39.04,1,2
2026-03-10 19:17:00.134603,-13.46,0.0,32.0,0,0
2026-03-10 19:17:05.134603,-13.66,0.0,32.0,0,0
2026-03-10 19:17:10.134603,-13.08,14.49,35.62,1,2
2026-03-10 19:17:15.134603,-13.74,0.0,32.0,0,0
2026-03-10 19:17:20.134603,-13.91,0.0,32.0,0,0
2026-03-10 19:17:25.134603,-13.48,0.0,32.0,0,0
2026-03-10 19:17:30.134603,-13.17,14.79,44.83,1,2
2026-03-10 19:17:35.134603,-13.93,0.0,32.0,0,0
2026-03-10 19:17:40.134603,-13.0,13.09,54.09,1,2
2026-03-10 19:17:45.134603,-13.64,10.2,35.56,0,1
2026-03-10 19:17:50.134603,-13.18,0.0,32.0,0,0
2026-03-10 19:17:55.134603,-13.16,15.62,38.24,1,2
2026-03-10 19:18:00.134603,-13.47,0.0,32.0,0,0
2026-03-10 19:18:05.134603,-13.24,16.0,40.29,1,2
2026-03-10 19:18:10.134603,-13.07,0.0,32.0,0,0
2026-03-10 19:18:15.134603,-13.59,9.19,39.7,0,1
2026-03-10 19:18:20.134603,-13.47,11.07,34.62,0,1
2026-03-10 19:18:25.134603,-13.08,0.0,32.0,0,0
2026-03-10 19:18:30.134603,-13.62,10.37,34.56,0,1
2026-03-10 19:18:35.134603,-13.67,0.0,32.0,0,0
2026-03-10 19:18:40.134603,-13.64,0.0,32.0,0,0
2026-03-10 19:18:45.134603,-12.98,17.59,47.17,1,2
2026-03-10 19:18:50.134603,-13.64,11.16,34.93,0,1
2026-03-10 19:18:55.134603,-13.4,0.0,32.0,0,0
2026-03-10 19:19:00.134603,-12.99,15.73,46.19,1,2
2026-03-10 19:19:05.134603,-13.47,0.0,32.0,0,0
2026-03-10 19:19:10.134603,-13.52,0.0,32.0,0,0
2026-03-10 19:19:15.134603,-13.72,0.0,32.0,0,0
2026-03-10 19:19:20.134603,-13.03,15.54,43.73,1,2
2026-03-10 19:19:25.134603,-13.64,10.04,32.87,0,1
2026-03-10 19:19:30.134603,-13.5,9.05,31.02,0,1
2026-03-10 19:19:35.134603,-12.88,13.8,37.69,1,2
2026-03-10 19:19:40.134603,-13.51,9.21,38.37,0,1
2026-03-10 19:19:45.134603,-13.54,9.11,35.09,0,1
2026-03-10 19:19:50.134603,-13.55,10.1,30.94,0,1
2026-03-10 19:19:55.134603,-13.68,0.0,32.0,0,0
2026-03-10 19:20:00.134603,-13.3,16.06,35.35,1,2
2026-03-10 19:20:05.134603,-13.31,9.11,32.05,0,1
2026-03-10 19:20:10.134603,-12.73,14.2,54.56,1,2
2026-03-10 19:20:15.134603,-13.67,0.0,32.0,0,0
2026-03-10 19:20:20.134603,-13.65,0.0,32.0,0,0
2026-03-10 19:20:25.134603,-13.64,11.87,36.03,0,1
2026-03-10 19:20:30.134603,-13.0,13.23,38.83,1,2
2026-03-10 19:20:35.134603,-13.42,0.0,32.0,0,0
2026-03-10 19:20:40.134603,-13.23,14.98,50.61,1,2
2026-03-10 19:20:45.134603,-13.91,0.0,32.0,0,0
2026-03-10 19:20:50.134603,-13.27,16.41,45.04,1,2
2026-03-10 19:20:55.134603,-13.64,0.0,32.0,0,0
2026-03-10 19:21:00.134603,-13.39,0.0,32.0,0,0
2026-03-10 19:21:05.134603,-13.7,11.72,35.62,0,1
2026-03-10 19:21:10.134603,-12.88,16.94,41.2,1,2
2026-03-10 19:21:15.134603,-13.42,0.0,32.0,0,0
2026-03-10 19:21:20.134603,-13.92,0.0,32.0,0,0
2026-03-10 19:21:25.134603,-13.59,11.18,34.51,0,1
2026-03-10 19:21:30.134603,-13.67,9.47,35.32,0,1
2026-03-10 19:21:35.134603,-13.66,10.04,34.84,0,1
2026-03-10 19:21:40.134603,-13.24,17.44,43.66,1,2
2026-03-10 19:21:45.134603,-13.63,10.23,35.48,0,1
2026-03-10 19:21:50.134603,-12.91,17.5,50.42,1,2
2026-03-10 19:21:55.134603,-13.44,10.39,34.91,0,1
2026-03-10 19:22:00.134603,-12.82,17.21,35.84,1,2
2026-03-10 19:22:05.134603,-12.84,16.91,47.81,1,2
2026-03-10 19:22:10.134603,-13.02,17.44,51.75,1,2
2026-03-10 19:22:15.134603,-13.35,0.0,32.0,0,0
2026-03-10 19:22:20.134603,-13.36,9.81,34.87,0,1
2026-03-10 19:22:25.134603,-13.62,0.0,32.0,0,0
2026-03-10 19:22:30.134603,-13.42,11.29,38.9,0,1
2026-03-10 19:22:35.134603,-13.48,10.5,32.98,0,1
2026-03-10 19:22:40.134603,-13.34,0.0,32.0,0,0
2026-03-10 19:22:45.134603,-13.69,9.82,36.74,0,1
2026-03-10 19:22:50.134603,-13.69,11.53,37.17,0,1
2026-03-10 19:22:55.134603,-13.49,10.71,34.99,0,1
2026-03-10 19:23:00.134603,-13.81,0.0,32.0,0,0
2026-03-10 19:23:05.134603,-13.65,11.82,33.74,0,1
2026-03-10 19:23:10.134603,-12.99,16.84,36.29,1,2
2026-03-10 19:23:15.134603,-13.3,16.6,51.51,1,2
2026-03-10 19:23:20.134603,-13.52,0.0,32.0,0,0
2026-03-10 19:23:25.134603,-13.27,13.23,42.58,1,2
2026-03-10 19:23:30.134603,-13.61,9.15,31.48,0,1
2026-03-10 19:23:35.134603,-13.53,11.8,31.88,0,1
2026-03-10 19:23:40.134603,-13.05,16.8,54.21,1,2
2026-03-10 19:23:45.134603,-13.15,0.0,32.0,0,0
2026-03-10 19:23:50.134603,-13.67,0.0,32.0,0,0
2026-03-10 19:23:55.134603,-13.62,0.0,32.0,0,0
2026-03-10 19:24:00.134603,-13.1,17.94,36.64,1,2
2026-03-10 19:24:05.134603,-13.46,11.19,32.93,0,1
2026-03-10 19:24:10.134603,-13.9,0.0,32.0,0,0
2026-03-10 19:24:15.134603,-12.92,14.69,50.07,1,2
2026-03-10 19:24:20.134603,-13.6,9.83,33.04,0,1
2026-03-10 19:24:25.134603,-13.37,10.41,39.2,0,1
2026-03-10 19:24:30.134603,-13.44,11.25,31.76,0,1
2026-03-10 19:24:35.134603,-13.43,11.07,32.62,0,1
2026-03-10 19:24:40.134603,-13.4,10.14,36.7,0,1
2026-03-10 19:24:45.134603,-13.43,0.0,32.0,0,0
2026-03-10 19:24:50.134603,-13.57,0.0,32.0,0,0
2026-03-10 19:24:55.134603,-13.59,11.71,31.66,0,1
2026-03-10 19:25:00.134603,-13.5,0.0,32.0,0,0
2026-03-10 19:25:05.134603,-13.53,10.19,36.16,0,1
2026-03-10 19:25:10.134603,-13.17,0.0,32.0,0,0
2026-03-10 19:25:15.134603,-13.44,9.27,31.27,0,1
2026-03-10 19:25:20.134603,-12.93,15.53,39.58,1,2
2026-03-10 19:25:25.134603,-13.33,0.0,32.0,0,0
2026-03-10 19:25:30.134603,-13.1,15.52,53.46,1,2
2026-03-10 19:25:35.134603,-13.29,0.0,32.0,0,0
2026-03-10 19:25:40.134603,-13.47,0.0,32.0,0,0
2026-03-10 19:25:45.134603,-13.16,15.43,40.2,1,2
2026-03-10 19:25:50.134603,-13.65,10.82,39.88,0,1
2026-03-10 19:25:55.134603,-13.1,15.07,40.63,1,2
2026-03-10 19:26:00.134603,-13.11,15.41,52.74,1,2
2026-03-10 19:26:05.134603,-13.31,11.57,37.5,0,1
2026-03-10 19:26:10.134603,-13.05,0.0,32.0,0,0
2026-03-10 19:26:15.134603,-12.83,14.3,41.46,1,2
2026-03-10 19:26:20.134603,-13.86,0.0,32.0,0,0
2026-03-10 19:26:25.134603,-13.54,11.94,38.81,0,1
2026-03-10 19:26:30.134603,-13.39,9.97,36.4,0,1
2026-03-10 19:26:35.134603,-13.45,10.59,35.12,0,1
2026-03-10 19:26:40.134603,-13.29,15.91,36.91,1,2
2026-03-10 19:26:45.134603,-13.37,11.49,36.98,0,1
2026-03-10 19:26:50.134603,-13.26,13.55,37.13,1,2
2026-03-10 19:26:55.134603,-13.92,0.0,32.0,0,0
2026-03-10 19:27:00.134603,-13.52,9.45,32.58,0,1
2026-03-10 19:27:05.134603,-13.04,0.0,32.0,0,0
2026-03-10 19:27:10.134603,-13.59,0.0,32.0,0,0
2026-03-10 19:27:15.134603,-13.17,0.0,32.0,0,0
2026-03-10 19:27:20.134603,-13.3,17.45,48.83,1,2
2026-03-10 19:27:25.134603,-13.49,11.53,34.92,0,1
2026-03-10 19:27:30.134603,-13.51,11.16,34.73,0,1
2026-03-10 19:27:35.134603,-13.38,0.0,32.0,0,0
2026-03-10 19:27:40.134603,-13.4,0.0,32.0,0,0
2026-03-10 19:27:45.134603,-13.19,0.0,32.0,0,0
2026-03-10 19:27:50.134603,-13.49,0.0,32.0,0,0
2026-03-10 19:27:55.134603,-13.2,17.18,44.96,1,2
2026-03-10 19:28:00.134603,-12.96,13.28,50.25,1,2
2026-03-10 19:28:05.134603,-13.5,10.99,33.08,0,1
2026-03-10 19:28:10.134603,-13.51,9.48,38.75,0,1
2026-03-10 19:28:15.134603,-13.58,10.89,39.58,0,1
2026-03-10 19:28:20.134603,-13.21,16.59,51.48,1,2
2026-03-10 19:28:25.134603,-12.71,13.14,52.72,1,2
2026-03-10 19:28:30.134603,-13.0,15.75,54.85,1,2
2026-03-10 19:28:35.134603,-13.62,9.28,36.33,0,1
2026-03-10 19:28:40.134603,-13.18,0.0,32.0,0,0
2026-03-10 19:28:45.134603,-13.22,17.75,41.03,1,2
2026-03-10 19:28:50.134603,-13.19,0.0,32.0,0,0
2026-03-10 19:28:55.134603,-13.56,0.0,32.0,0,0
2026-03-10 19:29:00.134603,-12.89,16.49,51.93,1,2
2026-03-10 19:29:05.134603,-13.61,9.92,38.02,0,1
2026-03-10 19:29:10.134603,-13.95,0.0,32.0,0,0
2026-03-10 19:29:15.134603,-13.04,0.0,32.0,0,0
2026-03-10 19:29:20.134603,-13.18,0.0,32.0,0,0
2026-03-10 19:29:25.134603,-12.94,17.66,35.64,1,2
2026-03-10 19:29:30.134603,-13.6,11.29,32.19,0,1
2026-03-10 19:29:35.134603,-12.86,16.31,42.77,1,2
2026-03-10 19:29:40.134603,-13.66,11.83,32.72,0,1
2026-03-10 19:29:45.134603,-12.92,13.92,46.09,1,2
2026-03-10 19:29:50.134603,-12.72,13.03,51.66,1,2
2026-03-10 19:29:55.134603,-13.98,0.0,32.0,0,0
2026-03-10 19:30:00.134603,-13.59,9.98,31.12,0,1
2026-03-10 19:30:05.134603,-13.58,9.75,39.01,0,1
2026-03-10 19:30:10.134603,-13.53,9.95,33.97,0,1
2026-03-10 19:30:15.134603,-13.32,9.2,32.94,0,1
2026-03-10 19:30:20.134603,-13.28,16.73,37.54,1,2
2026-03-10 19:30:25.134603,-13.28,14.88,45.67,1,2
2026-03-10 19:30:30.134603,-13.61,10.94,34.73,0,1
2026-03-10 19:30:35.134603,-13.21,0.0,32.0,0,0
2026-03-10 19:30:40.134603,-13.36,10.11,30.48,0,1
2026-03-10 19:30:45.134603,-13.1,0.0,32.0,0,0
2026-03-10 19:30:50.134603,-13.48,10.11,38.55,0,1
2026-03-10 19:30:55.134603,-13.3,13.53,40.4,1,2
2026-03-10 19:31:00.134603,-13.05,14.25,45.86,1,2
2026-03-10 19:31:05.134603,-13.63,9.71,30.67,0,1
2026-03-10 19:31:10.134603,-12.83,13.96,36.67,1,2
2026-03-10 19:31:15.134603,-13.22,0.0,32.0,0,0
2026-03-10 19:31:20.134603,-13.63,9.97,39.03,0,1
2026-03-10 19:31:25.134603,-12.81,13.01,37.31,1,2
2026-03-10 19:31:30.134603,-13.23,0.0,32.0,0,0
2026-03-10 19:31:35.134603,-13.41,9.43,34.47,0,1
2026-03-10 19:31:40.134603,-13.45,9.9,37.86,0,1
2026-03-10 19:31:45.134603,-13.66,9.76,34.05,0,1
2026-03-10 19:31:50.134603,-13.18,16.2,42.01,1,2
2026-03-10 19:31:55.134603,-13.26,17.62,49.33,1,2
2026-03-10 19:32:00.134603,-13.41,10.96,39.83,0,1
2026-03-10 19:32:05.134603,-13.9,0.0,32.0,0,0
2026-03-10 19:32:10.134603,-13.31,11.02,39.48,0,1
2026-03-10 19:32:15.134603,-13.09,16.26,46.28,1,2
2026-03-10 19:32:20.134603,-13.46,10.93,39.27,0,1
2026-03-10 19:32:25.134603,-13.49,10.97,31.53,0,1
2026-03-10 19:32:30.134603,-13.1,15.81,51.88,1,2
2026-03-10 19:32:35.134603,-13.46,10.56,32.92,0,1
2026-03-10 19:32:40.134603,-13.44,0.0,32.0,0,0
2026-03-10 19:32:45.134603,-13.66,11.18,34.04,0,1
2026-03-10 19:32:50.134603,-12.8,13.86,42.65,1,2
2026-03-10 19:32:55.134603,-12.98,16.63,50.36,1,2
2026-03-10 19:33:00.134603,-12.74,13.27,49.43,1,2
2026-03-10 19:33:05.134603,-13.4,11.85,39.86,0,1
2026-03-10 19:33:10.134603,-13.43,9.52,31.62,0,1
2026-03-10 19:33:15.134603,-13.25,0.0,32.0,0,0
2026-03-10 19:33:20.134603,-12.98,15.49,38.85,1,2
2026-03-10 19:33:25.134603,-13.49,11.71,32.89,0,1
2026-03-10 19:33:30.134603,-13.08,0.0,32.0,0,0
2026-03-10 19:33:35.134603,-13.6,0.0,32.0,0,0
2026-03-10 19:33:40.134603,-13.16,13.24,53.29,1,2
2026-03-10 19:33:45.134603,-13.44,11.86,34.83,0,1
2026-03-10 19:33:50.134603,-13.06,0.0,32.0,0,0
2026-03-10 19:33:55.134603,-13.41,0.0,32.0,0,0
2026-03-10 19:34:00.134603,-13.75,0.0,32.0,0,0
2026-03-10 19:34:05.134603,-13.7,11.05,36.06,0,1
2026-03-10 19:34:10.134603,-13.56,11.98,37.97,0,1
2026-03-10 19:34:15.134603,-13.11,0.0,32.0,0,0
2026-03-10 19:34:20.134603,-13.0,15.33,46.78,1,2
2026-03-10 19:34:25.134603,-13.62,9.62,34.34,0,1
2026-03-10 19:34:30.134603,-13.23,17.42,39.05,1,2
2026-03-10 19:34:35.134603,-13.46,11.38,33.23,0,1
2026-03-10 19:34:40.134603,-13.47,0.0,32.0,0,0
2026-03-10 19:34:45.134603,-12.72,16.64,36.54,1,2
2026-03-10 19:34:50.134603,-13.41,0.0,32.0,0,0
2026-03-10 19:34:55.134603,-13.32,0.0,32.0,0,0
2026-03-10 19:35:00.134603,-13.24,15.2,47.59,1,2
2026-03-10 19:35:05.134603,-13.25,0.0,32.0,0,0
2026-03-10 19:35:10.134603,-13.3,0.0,32.0,0,0
2026-03-10 19:35:15.134603,-13.61,9.59,37.74,0,1
2026-03-10 19:35:20.134603,-12.86,13.6,38.92,1,2
2026-03-10 19:35:25.134603,-13.7,9.05,31.71,0,1
2026-03-10 19:35:30.134603,-14.0,0.0,32.0,0,0
2026-03-10 19:35:35.134603,-13.41,0.0,32.0,0,0
2026-03-10 19:35:40.134603,-13.16,15.15,53.28,1,2
2026-03-10 19:35:45.134603,-13.45,11.03,31.26,0,1
2026-03-10 19:35:50.134603,-13.44,0.0,32.0,0,0
2026-03-10 19:35:55.134603,-13.21,16.53,37.65,1,2
2026-03-10 19:36:00.134603,-13.08,15.12,50.87,1,2
2026-03-10 19:36:05.134603,-13.56,10.32,31.73,0,1
2026-03-10 19:36:10.134603,-13.68,9.41,37.9,0,1
2026-03-10 19:36:15.134603,-13.42,9.11,36.0,0,1
2026-03-10 19:36:20.134603,-13.29,0.0,32.0,0,0
2026-03-10 19:36:25.134603,-13.25,17.66,53.15,1,2
2026-03-10 19:36:30.134603,-13.53,0.0,32.0,0,0
2026-03-10 19:36:35.134603,-13.35,10.92,35.54,0,1
2026-03-10 19:36:40.134603,-13.88,0.0,32.0,0,0
2026-03-10 19:36:45.134603,-13.65,9.24,33.82,0,1
2026-03-10 19:36:50.134603,-13.14,16.28,37.25,1,2
2026-03-10 19:36:55.134603,-13.84,0.0,32.0,0,0
2026-03-10 19:37:00.134603,-13.52,9.01,33.35,0,1
2026-03-10 19:37:05.134603,-12.78,14.88,53.64,1,2
2026-03-10 19:37:10.134603,-13.21,0.0,32.0,0,0
2026-03-10 19:37:15.134603,-13.24,15.41,45.74,1,2
2026-03-10 19:37:20.134603,-12.72,14.42,45.67,1,2
2026-03-10 19:37:25.134603,-13.89,0.0,32.0,0,0
2026-03-10 19:37:30.134603,-13.84,0.0,32.0,0,0
2026-03-10 19:37:35.134603,-13.12,16.69,45.38,1,2
2026-03-10 19:37:40.134603,-12.91,15.66,41.17,1,2
2026-03-10 19:37:45.134603,-13.25,13.0,51.71,1,2
2026-03-10 19:37:50.134603,-13.54,9.26,31.89,0,1
2026-03-10 19:37:55.134603,-13.62,0.0,32.0,0,0
2026-03-10 19:38:00.134603,-13.69,0.0,32.0,0,0
2026-03-10 19:38:05.134603,-13.76,0.0,32.0,0,0
2026-03-10 19:38:10.134603,-13.72,0.0,32.0,0,0
2026-03-10 19:38:15.134603,-13.65,9.59,30.38,0,1
2026-03-10 19:38:20.134603,-13.1,15.5,42.77,1,2
2026-03-10 19:38:25.134603,-13.01,0.0,32.0,0,0
2026-03-10 19:38:30.134603,-13.62,10.64,39.67,0,1
2026-03-10 19:38:35.134603,-13.95,0.0,32.0,0,0
2026-03-10 19:38:40.134603,-13.45,9.23,35.27,0,1
2026-03-10 19:38:45.134603,-13.06,0.0,32.0,0,0
2026-03-10 19:38:50.134603,-13.07,14.65,43.57,1,2
2026-03-10 19:38:55.134603,-13.16,16.39,41.88,1,2
2026-03-10 19:39:00.134603,-12.76,13.15,47.14,1,2
2026-03-10 19:39:05.134603,-12.92,15.37,41.81,1,2
2026-03-10 19:39:10.134603,-13.42,10.85,30.88,0,1
2026-03-10 19:39:15.134603,-12.78,16.11,53.54,1,2
2026-03-10 19:39:20.134603,-13.06,17.43,37.23,1,2
2026-03-10 19:39:25.134603,-13.25,16.61,42.39,1,2
2026-03-10 19:39:30.134603,-13.6,0.0,32.0,0,0
2026-03-10 19:39:35.134603,-13.41,11.94,34.25,0,1
2026-03-10 19:39:40.134603,-13.25,0.0,32.0,0,0
2026-03-10 19:39:45.134603,-13.23,0.0,32.0,0,0
2026-03-10 19:39:50.134603,-12.89,14.74,53.73,1,2
2026-03-10 19:39:55.134603,-13.52,10.8,37.6,0,1
2026-03-10 19:40:00.134603,-12.88,16.84,44.19,1,2
2026-03-10 19:40:05.134603,-13.42,0.0,32.0,0,0
2026-03-10 19:40:10.134603,-13.7,0.0,32.0,0,0
2026-03-10 19:40:15.134603,-12.76,13.36,41.49,1,2
2026-03-10 19:40:20.134603,-13.45,9.38,37.88,0,1
2026-03-10 19:40:25.134603,-13.67,11.04,38.62,0,1
2026-03-10 19:40:30.134603,-13.66,0.0,32.0,0,0
2026-03-10 19:40:35.134603,-13.93,0.0,32.0,0,0
2026-03-10 19:40:40.134603,-13.46,10.03,32.05,0,1
2026-03-10 19:40:45.134603,-13.76,0.0,32.0,0,0
2026-03-10 19:40:50.134603,-13.21,0.0,32.0,0,0
2026-03-10 19:40:55.134603,-13.36,0.0,32.0,0,0
2026-03-10 19:41:00.134603,-13.27,16.95,52.29,1,2
2026-03-10 19:41:05.134603,-13.42,9.17,35.23,0,1
2026-03-10 19:41:10.134603,-13.44,11.03,34.65,0,1
2026-03-10 19:41:15.134603,-13.09,13.47,37.98,1,2
2026-03-10 19:41:20.134603,-13.35,9.65,30.04,0,1
2026-03-10 19:41:25.134603,-13.37,11.17,30.88,0,1
2026-03-10 19:41:30.134603,-13.0,14.77,53.69,1,2
2026-03-10 19:41:35.134603,-13.45,0.0,32.0,0,0
2026-03-10 19:41:40.134603,-13.11,0.0,32.0,0,0
2026-03-10 19:41:45.134603,-12.81,16.94,42.08,1,2
2026-03-10 19:41:50.134603,-13.3,10.8,39.55,0,1
2026-03-10 19:41:55.134603,-13.37,10.43,38.35,0,1
2026-03-10 19:42:00.134603,-13.5,10.13,38.22,0,1
2026-03-10 19:42:05.134603,-13.13,0.0,32.0,0,0
2026-03-10 19:42:10.134603,-13.24,14.61,35.08,1,2
2026-03-10 19:42:15.134603,-13.33,9.83,35.25,0,1
2026-03-10 19:42:20.134603,-12.99,15.82,47.3,1,2
2026-03-10 19:42:25.134603,-13.65,10.44,30.28,0,1
2026-03-10 19:42:30.134603,-13.72,0.0,32.0,0,0
2026-03-10 19:42:35.134603,-13.52,9.54,34.11,0,1
2026-03-10 19:42:40.134603,-13.45,10.73,38.54,0,1
2026-03-10 19:42:45.134603,-13.53,0.0,32.0,0,0
2026-03-10 19:42:50.134603,-12.72,17.85,40.02,1,2
2026-03-10 19:42:55.134603,-13.06,15.16,49.41,1,2
2026-03-10 19:43:00.134603,-13.61,0.0,32.0,0,0
2026-03-10 19:43:05.134603,-13.55,9.94,31.55,0,1
2026-03-10 19:43:10.134603,-13.12,0.0,32.0,0,0
2026-03-10 19:43:15.134603,-13.37,10.31,36.34,0,1
2026-03-10 19:43:20.134603,-13.41,10.75,30.03,0,1
2026-03-10 19:43:25.134603,-12.81,13.93,53.4,1,2
2026-03-10 19:43:30.134603,-13.01,0.0,32.0,0,0
2026-03-10 19:43:35.134603,-13.47,9.12,33.05,0,1
2026-03-10 19:43:40.134603,-13.62,0.0,32.0,0,0
2026-03-10 19:43:45.134603,-13.0,0.0,32.0,0,0
2026-03-10 19:43:50.134603,-12.86,16.04,39.1,1,2
2026-03-10 19:43:55.134603,-13.11,16.41,36.39,1,2
2026-03-10 19:44:00.134603,-13.28,0.0,32.0,0,0
2026-03-10 19:44:05.134603,-12.87,16.0,45.59,1,2
2026-03-10 19:44:10.134603,-13.51,11.26,38.64,0,1
2026-03-10 19:44:15.134603,-13.0,0.0,32.0,0,0
2026-03-10 19:44:20.134603,-13.09,0.0,32.0,0,0
2026-03-10 19:44:25.134603,-13.68,11.47,36.79,0,1
2026-03-10 19:44:30.134603,-13.23,13.59,43.35,1,2
2026-03-10 19:44:35.134603,-13.51,11.81,34.34,0,1
2026-03-10 19:44:40.134603,-13.82,0.0,32.0,0,0
2026-03-10 19:44:45.134603,-13.66,9.18,38.95,0,1
2026-03-10 19:44:50.134603,-13.5,11.51,33.16,0,1
2026-03-10 19:44:55.134603,-13.33,10.4,38.72,0,1
2026-03-10 19:45:00.134603,-13.15,15.56,48.63,1,2
2026-03-10 19:45:05.134603,-13.56,9.32,38.41,0,1
2026-03-10 19:45:10.134603,-13.4,0.0,32.0,0,0
2026-03-10 19:45:15.134603,-13.66,0.0,32.0,0,0
2026-03-10 19:45:20.134603,-13.58,10.86,30.26,0,1
2026-03-10 19:45:25.134603,-12.84,16.12,50.15,1,2
2026-03-10 19:45:30.134603,-13.43,0.0,32.0,0,0
2026-03-10 19:45:35.134603,-13.71,0.0,32.0,0,0
2026-03-10 19:45:40.134603,-12.93,13.75,39.08,1,2
2026-03-10 19:45:45.134603,-13.2,0.0,32.0,0,0
2026-03-10 19:45:50.134603,-13.17,14.44,46.53,1,2
2026-03-10 19:45:55.134603,-13.13,13.1,53.14,1,2
2026-03-10 19:46:00.134603,-13.41,9.94,32.95,0,1
2026-03-10 19:46:05.134603,-13.17,17.09,43.14,1,2
2026-03-10 19:46:10.134603,-13.38,9.63,35.56,0,1
2026-03-10 19:46:15.134603,-13.54,11.69,35.02,0,1
2026-03-10 19:46:20.134603,-13.72,0.0,32.0,0,0
2026-03-10 19:46:25.134603,-13.63,11.79,30.19,0,1
2026-03-10 19:46:30.134603,-13.01,0.0,32.0,0,0
2026-03-10 19:46:35.134603,-13.69,0.0,32.0,0,0
2026-03-10 19:46:40.134603,-13.94,0.0,32.0,0,0
2026-03-10 19:46:45.134603,-13.41,9.74,34.46,0,1
2026-03-10 19:46:50.134603,-13.15,14.29,37.79,1,2
2026-03-10 19:46:55.134603,-12.94,17.28,43.78,1,2
2026-03-10 19:47:00.134603,-13.64,10.91,31.76,0,1
2026-03-10 19:47:05.134603,-13.47,10.02,33.27,0,1
2026-03-10 19:47:10.134603,-13.84,0.0,32.0,0,0
2026-03-10 19:47:15.134603,-13.35,0.0,32.0,0,0
2026-03-10 19:47:20.134603,-13.58,0.0,32.0,0,0
2026-03-10 19:47:25.134603,-12.81,17.45,50.1,1,2
2026-03-10 19:47:30.134603,-13.88,0.0,32.0,0,0
2026-03-10 19:47:35.134603,-13.55,11.76,32.6,0,1
2026-03-10 19:47:40.134603,-12.77,16.42,47.62,1,2
2026-03-10 19:47:45.134603,-13.69,9.46,36.88,0,1
2026-03-10 19:47:50.134603,-13.67,0.0,32.0,0,0
2026-03-10 19:47:55.134603,-13.21,16.38,50.11,1,2
2026-03-10 19:48:00.134603,-13.94,0.0,32.0,0,0
2026-03-10 19:48:05.134603,-13.27,0.0,32.0,0,0
2026-03-10 19:48:10.134603,-13.23,17.7,50.18,1,2
2026-03-10 19:48:15.134603,-13.38,10.89,37.06,0,1
2026-03-10 19:48:20.134603,-13.41,11.01,37.62,0,1
2026-03-10 19:48:25.134603,-13.65,9.41,38.01,0,1
2026-03-10 19:48:30.134603,-13.22,13.09,47.14,1,2
2026-03-10 19:48:35.134603,-12.89,16.84,40.29,1,2
2026-03-10 19:48:40.134603,-13.15,14.62,39.87,1,2
2026-03-10 19:48:45.134603,-13.78,0.0,32.0,0,0
2026-03-10 19:48:50.134603,-13.55,9.79,34.54,0,1
2026-03-10 19:48:55.134603,-13.68,11.03,32.99,0,1
2026-03-10 19:49:00.134603,-13.89,0.0,32.0,0,0
2026-03-10 19:49:05.134603,-12.97,15.93,42.84,1,2
2026-03-10 19:49:10.134603,-12.98,13.6,35.01,1,2
2026-03-10 19:49:15.134603,-13.62,0.0,32.0,0,0
2026-03-10 19:49:20.134603,-13.44,11.35,30.31,0,1
2026-03-10 19:49:25.134603,-13.57,0.0,32.0,0,0
2026-03-10 19:49:30.134603,-13.51,11.88,31.02,0,1
2026-03-10 19:49:35.134603,-13.12,17.46,48.2,1,2
2026-03-10 19:49:40.134603,-13.24,17.6,44.11,1,2
2026-03-10 19:49:45.134603,-13.48,11.37,30.05,0,1
2026-03-10 19:49:50.134603,-13.39,9.64,34.61,0,1
2026-03-10 19:49:55.134603,-13.21,14.02,49.12,1,2
2026-03-10 19:50:00.134603,-12.83,13.43,52.55,1,2
2026-03-10 19:50:05.134603,-13.45,9.26,33.16,0,1
2026-03-10 19:50:10.134603,-12.75,13.34,42.74,1,2
2026-03-10 19:50:15.134603,-13.06,17.18,43.77,1,2
2026-03-10 19:50:20.134603,-13.65,10.11,34.17,0,1
2026-03-10 19:50:25.134603,-13.84,0.0,32.0,0,0
2026-03-10 19:50:30.134603,-13.69,11.51,31.85,0,1
2026-03-10 19:50:35.134603,-13.21,14.91,38.32,1,2
2026-03-10 19:50:40.134603,-13.0,17.65,35.87,1,2
2026-03-10 19:50:45.134603,-13.18,15.79,51.52,1,2
2026-03-10 19:50:50.134603,-13.43,9.68,30.17,0,1
2026-03-10 19:50:55.134603,-13.65,0.0,32.0,0,0
2026-03-10 19:51:00.134603,-13.56,0.0,32.0,0,0
2026-03-10 19:51:05.134603,-13.32,9.52,39.52,0,1
2026-03-10 19:51:10.134603,-13.43,10.13,34.11,0,1
2026-03-10 19:51:15.134603,-12.83,16.59,46.68,1,2
2026-03-10 19:51:20.134603,-13.54,9.27,38.06,0,1
2026-03-10 19:51:25.134603,-13.47,0.0,32.0,0,0
2026-03-10 19:51:30.134603,-12.73,14.35,48.48,1,2
2026-03-10 19:51:35.134603,-12.98,13.27,45.41,1,2
2026-03-10 19:51:40.134603,-13.39,0.0,32.0,0,0
2026-03-10 19:51:45.134603,-13.1,0.0,32.0,0,0
2026-03-10 19:51:50.134603,-12.91,13.39,46.23,1,2
2026-03-10 19:51:55.134603,-13.72,0.0,32.0,0,0
2026-03-10 19:52:00.134603,-13.24,13.13,42.74,1,2
2026-03-10 19:52:05.134603,-13.03,0.0,32.0,0,0
2026-03-10 19:52:10.134603,-13.39,0.0,32.0,0,0
2026-03-10 19:52:15.134603,-13.06,0.0,32.0,0,0
2026-03-10 19:52:20.134603,-13.32,11.32,36.65,0,1
2026-03-10 19:52:25.134603,-13.03,13.4,36.57,1,2
2026-03-10 19:52:30.134603,-13.56,11.11,35.68,0,1
2026-03-10 19:52:35.134603,-13.54,11.35,36.16,0,1
2026-03-10 19:52:40.134603,-13.69,0.0,32.0,0,0
2026-03-10 19:52:45.134603,-13.39,9.56,39.57,0,1
2026-03-10 19:52:50.134603,-13.23,0.0,32.0,0,0
2026-03-10 19:52:55.134603,-13.67,9.93,31.48,0,1
2026-03-10 19:53:00.134603,-13.66,9.55,32.22,0,1
2026-03-10 19:53:05.134603,-12.94,13.82,40.41,1,2
2026-03-10 19:53:10.134603,-13.47,10.91,36.6,0,1
2026-03-10 19:53:15.134603,-13.31,10.43,35.66,0,1
2026-03-10 19:53:20.134603,-12.71,14.87,38.48,1,2
2026-03-10 19:53:25.134603,-13.34,10.71,33.76,0,1
2026-03-10 19:53:30.134603,-13.5,0.0,32.0,0,0
2026-03-10 19:53:35.134603,-13.29,16.56,43.73,1,2
2026-03-10 19:53:40.134603,-12.96,16.78,35.28,1,2
2026-03-10 19:53:45.134603,-13.13,13.75,41.55,1,2
2026-03-10 19:53:50.134603,-13.4,0.0,32.0,0,0
2026-03-10 19:53:55.134603,-13.03,0.0,32.0,0,0
2026-03-10 19:54:00.134603,-13.13,15.24,43.16,1,2
2026-03-10 19:54:05.134603,-13.13,16.74,35.96,1,2
2026-03-10 19:54:10.134603,-13.66,0.0,32.0,0,0
2026-03-10 19:54:15.134603,-13.38,9.26,37.63,0,1
2026-03-10 19:54:20.134603,-13.7,0.0,32.0,0,0
2026-03-10 19:54:25.134603,-13.58,10.09,33.76,0,1
2026-03-10 19:54:30.134603,-12.8,15.24,39.77,1,2
2026-03-10 19:54:35.134603,-13.02,14.71,38.58,1,2
2026-03-10 19:54:40.134603,-13.5,10.91,35.58,0,1
2026-03-10 19:54:45.134603,-13.66,11.64,30.48,0,1
2026-03-10 19:54:50.134603,-12.7,13.1,46.95,1,2
2026-03-10 19:54:55.134603,-13.48,10.51,36.44,0,1
2026-03-10 19:55:00.134603,-12.78,13.68,45.87,1,2
2026-03-10 19:55:05.134603,-13.49,0.0,32.0,0,0
2026-03-10 19:55:10.134603,-13.05,0.0,32.0,0,0
2026-03-10 19:55:15.134603,-13.68,9.04,38.17,0,1
2026-03-10 19:55:20.134603,-13.46,0.0,32.0,0,0
2026-03-10 19:55:25.134603,-13.25,15.15,51.23,1,2
2026-03-10 19:55:30.134603,-13.33,0.0,32.0,0,0
2026-03-10 19:55:35.134603,-12.88,16.04,38.01,1,2
2026-03-10 19:55:40.134603,-12.76,17.41,46.81,1,2
2026-03-10 19:55:45.134603,-13.05,0.0,32.0,0,0
2026-03-10 19:55:50.134603,-13.8,0.0,32.0,0,0
2026-03-10 19:55:55.134603,-13.88,0.0,32.0,0,0
2026-03-10 19:56:00.134603,-13.81,0.0,32.0,0,0
2026-03-10 19:56:05.134603,-13.17,14.09,45.46,1,2
2026-03-10 19:56:10.134603,-13.46,11.76,36.7,0,1
2026-03-10 19:56:15.134603,-13.33,0.0,32.0,0,0
2026-03-10 19:56:20.134603,-13.96,0.0,32.0,0,0
2026-03-10 19:56:25.134603,-12.93,17.45,43.21,1,2
2026-03-10 19:56:30.134603,-13.61,9.54,38.25,0,1
2026-03-10 19:56:35.134603,-13.74,0.0,32.0,0,0
2026-03-10 19:56:40.134603,-13.06,13.72,40.33,1,2
2026-03-10 19:56:45.134603,-13.45,10.69,35.31,0,1
2026-03-10 19:56:50.134603,-13.07,13.54,48.22,1,2
2026-03-10 19:56:55.134603,-12.72,14.46,51.51,1,2
2026-03-10 19:57:00.134603,-12.92,15.24,39.94,1,2
2026-03-10 19:57:05.134603,-13.99,0.0,32.0,0,0
2026-03-10 19:57:10.134603,-13.68,9.01,35.73,0,1
2026-03-10 19:57:15.134603,-13.66,9.57,35.97,0,1
2026-03-10 19:57:20.134603,-12.73,14.96,48.97,1,2
2026-03-10 19:57:25.134603,-13.45,11.74,30.92,0,1
2026-03-10 19:57:30.134603,-13.55,9.8,34.99,0,1
2026-03-10 19:57:35.134603,-13.98,0.0,32.0,0,0
2026-03-10 19:57:40.134603,-13.02,15.78,38.23,1,2
2026-03-10 19:57:45.134603,-13.14,16.18,46.68,1,2
2026-03-10 19:57:50.134603,-13.38,0.0,32.0,0,0
2026-03-10 19:57:55.134603,-13.15,14.31,50.6,1,2
2026-03-10 19:58:00.134603,-13.69,10.49,38.12,0,1
2026-03-10 19:58:05.134603,-13.77,0.0,32.0,0,0
2026-03-10 19:58:10.134603,-13.1,0.0,32.0,0,0
2026-03-10 19:58:15.134603,-13.46,11.8,31.54,0,1
2026-03-10 19:58:20.134603,-13.33,11.92,39.9,0,1
2026-03-10 19:58:25.134603,-13.17,15.96,42.42,1,2
2026-03-10 19:58:30.134603,-13.62,0.0,32.0,0,0
2026-03-10 19:58:35.134603,-13.02,14.8,36.77,1,2
2026-03-10 19:58:40.134603,-13.41,11.92,36.67,0,1
2026-03-10 19:58:45.134603,-13.25,15.11,45.15,1,2
2026-03-10 19:58:50.134603,-12.77,16.44,45.72,1,2
2026-03-10 19:58:55.134603,-12.76,16.94,40.19,1,2
2026-03-10 19:59:00.134603,-13.34,10.6,32.14,0,1
2026-03-10 19:59:05.134603,-12.91,14.33,46.14,1,2
2026-03-10 19:59:10.134603,-13.27,13.21,45.62,1,2
2026-03-10 19:59:15.134603,-13.5,11.35,33.21,0,1
2026-03-10 19:59:20.134603,-13.36,9.69,31.47,0,1
2026-03-10 19:59:25.134603,-13.11,0.0,32.0,0,0
2026-03-10 19:59:30.134603,-13.28,0.0,32.0,0,0
2026-03-10 19:59:35.134603,-13.58,0.0,32.0,0,0
2026-03-10 19:59:40.134603,-12.73,13.76,50.9,1,2
2026-03-10 19:59:45.134603,-13.43,10.25,30.38,0,1
2026-03-10 19:59:50.134603,-12.74,16.1,44.58,1,2
2026-03-10 19:59:55.134603,-13.52,10.83,38.24,0,1
2026-03-10 20:00:00.134603,-13.62,9.2,39.51,0,1
2026-03-10 20:00:05.134603,-13.38,9.37,38.93,0,1
2026-03-10 20:00:10.134603,-12.96,15.38,50.61,1,2
2026-03-10 20:00:15.134603,-12.85,14.91,36.27,1,2
2026-03-10 20:00:20.134603,-12.75,13.01,37.28,1,2
2026-03-10 20:00:25.134603,-13.43,10.02,34.18,0,1
2026-03-10 20:00:30.134603,-13.96,0.0,32.0,0,0
2026-03-10 20:00:35.134603,-13.93,0.0,32.0,0,0
2026-03-10 20:00:40.134603,-13.52,10.16,39.61,0,1
2026-03-10 20:00:45.134603,-13.38,0.0,32.0,0,0
2026-03-10 20:00:50.134603,-12.76,16.55,52.57,1,2
2026-03-10 20:00:55.134603,-12.9,17.9,41.98,1,2
2026-03-10 20:01:00.134603,-13.22,0.0,32.0,0,0
2026-03-10 20:01:05.134603,-13.35,11.51,33.01,0,1
2026-03-10 20:01:10.134603,-13.53,11.7,34.91,0,1
2026-03-10 20:01:15.134603,-13.27,14.0,48.7,1,2
2026-03-10 20:01:20.134603,-12.76,15.89,35.48,1,2
2026-03-10 20:01:25.134603,-13.36,0.0,32.0,0,0
2026-03-10 20:01:30.134603,-13.7,10.66,38.13,0,1
2026-03-10 20:01:35.134603,-13.65,9.99,32.7,0,1
2026-03-10 20:01:40.134603,-13.34,10.5,35.66,0,1
2026-03-10 20:01:45.134603,-13.25,0.0,32.0,0,0
2026-03-10 20:01:50.134603,-13.03,15.8,50.33,1,2
2026-03-10 20:01:55.134603,-12.75,17.52,41.45,1,2
2026-03-10 20:02:00.134603,-13.03,17.85,47.37,1,2
2026-03-10 20:02:05.134603,-13.21,0.0,32.0,0,0
2026-03-10 20:02:10.134603,-12.86,16.63,49.45,1,2
2026-03-10 20:02:15.134603,-13.16,0.0,32.0,0,0
2026-03-10 20:02:20.134603,-12.73,13.69,45.68,1,2
2026-03-10 20:02:25.134603,-13.72,0.0,32.0,0,0
2026-03-10 20:02:30.134603,-13.46,0.0,32.0,0,0
2026-03-10 20:02:35.134603,-13.02,13.41,52.3,1,2
2026-03-10 20:02:40.134603,-13.54,10.71,37.54,0,1
2026-03-10 20:02:45.134603,-13.03,13.25,41.74,1,2
2026-03-10 20:02:50.134603,-13.15,17.6,52.04,1,2
2026-03-10 20:02:55.134603,-13.34,9.24,31.14,0,1
2026-03-10 20:03:00.134603,-12.72,17.15,46.37,1,2
2026-03-10 20:03:05.134603,-13.52,9.75,38.66,0,1
2026-03-10 20:03:10.134603,-13.0,16.91,54.34,1,2
2026-03-10 20:03:15.134603,-12.71,15.17,46.57,1,2
2026-03-10 20:03:20.134603,-12.88,15.56,39.27,1,2
2026-03-10 20:03:25.134603,-13.62,11.35,38.8,0,1
2026-03-10 20:03:30.134603,-13.44,11.44,30.95,0,1
2026-03-10 20:03:35.134603,-13.4,9.84,39.99,0,1
2026-03-10 20:03:40.134603,-13.27,15.36,50.55,1,2
2026-03-10 20:03:45.134603,-13.65,11.49,37.6,0,1
2026-03-10 20:03:50.134603,-12.89,13.08,53.04,1,2
2026-03-10 20:03:55.134603,-13.07,15.19,38.19,1,2
2026-03-10 20:04:00.134603,-12.86,15.15,37.32,1,2
2026-03-10 20:04:05.134603,-13.18,17.92,45.61,1,2
2026-03-10 20:04:10.134603,-12.92,15.88,51.63,1,2
2026-03-10 20:04:15.134603,-13.2,0.0,32.0,0,0
2026-03-10 20:04:20.134603,-13.0,14.18,52.86,1,2
2026-03-10 20:04:25.134603,-13.19,0.0,32.0,0,0
2026-03-10 20:04:30.134603,-12.94,17.51,42.75,1,2
2026-03-10 20:04:35.134603,-13.0,17.27,52.32,1,2
2026-03-10 20:04:40.134603,-13.44,9.11,36.64,0,1
2026-03-10 20:04:45.134603,-12.77,13.45,49.06,1,2
2026-03-10 20:04:50.134603,-13.54,10.86,33.62,0,1
2026-03-10 20:04:55.134603,-13.03,17.09,41.47,1,2
2026-03-10 20:05:00.134603,-13.21,0.0,32.0,0,0
2026-03-10 20:05:05.134603,-13.96,0.0,32.0,0,0
2026-03-10 20:05:10.134603,-13.36,9.31,39.94,0,1
2026-03-10 20:05:15.134603,-13.21,17.87,41.62,1,2
2026-03-10 20:05:20.134603,-13.41,9.82,32.88,0,1
2026-03-10 20:05:25.134603,-13.37,9.37,39.64,0,1
2026-03-10 20:05:30.134603,-12.92,15.87,42.61,1,2
2026-03-10 20:05:35.134603,-13.33,10.13,37.05,0,1
2026-03-10 20:05:40.134603,-13.29,0.0,32.0,0,0
2026-03-10 20:05:45.134603,-12.83,14.53,43.38,1,2
2026-03-10 20:05:50.134603,-13.26,0.0,32.0,0,0
2026-03-10 20:05:55.134603,-13.16,17.19,46.9,1,2
2026-03-10 20:06:00.134603,-13.67,10.92,36.02,0,1
2026-03-10 20:06:05.134603,-12.72,16.36,54.77,1,2
2026-03-10 20:06:10.134603,-13.38,0.0,32.0,0,0
2026-03-10 20:06:15.134603,-13.85,0.0,32.0,0,0
2026-03-10 20:06:20.134603,-12.84,17.66,37.7,1,2
2026-03-10 20:06:25.134603,-13.38,0.0,32.0,0,0
2026-03-10 20:06:30.134603,-13.64,0.0,32.0,0,0
2026-03-10 20:06:35.134603,-12.75,14.23,47.94,1,2
2026-03-10 20:06:40.134603,-13.0,16.55,49.66,1,2
2026-03-10 20:06:45.134603,-13.3,15.67,45.93,1,2
2026-03-10 20:06:50.134603,-13.38,11.24,32.23,0,1
2026-03-10 20:06:55.134603,-13.63,9.73,30.24,0,1
2026-03-10 20:07:00.134603,-13.51,10.97,34.42,0,1
2026-03-10 20:07:05.134603,-13.34,0.0,32.0,0,0
2026-03-10 20:07:10.134603,-13.5,0.0,32.0,0,0
2026-03-10 20:07:15.134603,-13.4,9.82,34.51,0,1
2026-03-10 20:07:20.134603,-13.26,0.0,32.0,0,0
2026-03-10 20:07:25.134603,-13.14,0.0,32.0,0,0
2026-03-10 20:07:30.134603,-13.0,16.56,47.7,1,2
2026-03-10 20:07:35.134603,-13.45,0.0,32.0,0,0
2026-03-10 20:07:40.134603,-13.08,0.0,32.0,0,0
2026-03-10 20:07:45.134603,-13.38,0.0,32.0,0,0
2026-03-10 20:07:50.134603,-13.35,10.16,30.85,0,1
2026-03-10 20:07:55.134603,-13.28,0.0,32.0,0,0
2026-03-10 20:08:00.134603,-13.22,13.27,35.96,1,2
2026-03-10 20:08:05.134603,-12.71,15.79,49.51,1,2
2026-03-10 20:08:10.134603,-12.89,16.52,36.48,1,2
2026-03-10 20:08:15.134603,-13.19,15.73,40.21,1,2
2026-03-10 20:08:20.134603,-13.12,14.33,44.99,1,2
2026-03-10 20:08:25.134603,-13.56,0.0,32.0,0,0
2026-03-10 20:08:30.134603,-13.2,0.0,32.0,0,0
2026-03-10 20:08:35.134603,-12.73,13.49,43.95,1,2
2026-03-10 20:08:40.134603,-12.86,16.55,54.47,1,2
2026-03-10 20:08:45.134603,-13.02,17.59,52.79,1,2
2026-03-10 20:08:50.134603,-13.78,0.0,32.0,0,0
2026-03-10 20:08:55.134603,-13.35,10.41,35.69,0,1
2026-03-10 20:09:00.134603,-13.29,17.04,39.12,1,2
2026-03-10 20:09:05.134603,-13.07,14.79,51.82,1,2
2026-03-10 20:09:10.134603,-13.6,9.84,39.77,0,1
2026-03-10 20:09:15.134603,-13.61,0.0,32.0,0,0
2026-03-10 20:09:20.134603,-12.95,13.31,51.32,1,2
2026-03-10 20:09:25.134603,-13.01,16.09,50.7,1,2
2026-03-10 20:09:30.134603,-13.28,0.0,32.0,0,0
2026-03-10 20:09:35.134603,-13.08,0.0,32.0,0,0
2026-03-10 20:09:40.134603,-13.14,0.0,32.0,0,0
2026-03-10 20:09:45.134603,-13.04,14.91,42.52,1,2
2026-03-10 20:09:50.134603,-13.43,10.39,38.63,0,1
2026-03-10 20:09:55.134603,-13.19,16.1,49.08,1,2
2026-03-10 20:10:00.134603,-13.56,11.68,35.07,0,1
2026-03-10 20:10:05.134603,-13.21,0.0,32.0,0,0
2026-03-10 20:10:10.134603,-14.0,0.0,32.0,0,0
2026-03-10 20:10:15.134603,-13.97,0.0,32.0,0,0
2026-03-10 20:10:20.134603,-12.95,16.21,50.89,1,2
2026-03-10 20:10:25.134603,-13.39,9.59,39.61,0,1
2026-03-10 20:10:30.134603,-12.77,15.3,36.15,1,2
2026-03-10 20:10:35.134603,-13.23,13.27,46.71,1,2
2026-03-10 20:10:40.134603,-13.49,10.05,30.66,0,1
2026-03-10 20:10:45.134603,-12.98,14.13,52.9,1,2
2026-03-10 20:10:50.134603,-13.44,0.0,32.0,0,0
2026-03-10 20:10:55.134603,-13.12,14.38,47.66,1,2
2026-03-10 20:11:00.134603,-13.04,0.0,32.0,0,0
2026-03-10 20:11:05.134603,-13.78,0.0,32.0,0,0
2026-03-10 20:11:10.134603,-14.0,0.0,32.0,0,0
2026-03-10 20:11:15.134603,-13.02,17.01,52.65,1,2
2026-03-10 20:11:20.134603,-13.3,10.8,31.14,0,1
2026-03-10 20:11:25.134603,-12.92,14.24,44.67,1,2
2026-03-10 20:11:30.134603,-12.89,13.23,40.53,1,2
2026-03-10 20:11:35.134603,-13.49,10.22,38.09,0,1
2026-03-10 20:11:40.134603,-13.95,0.0,32.0,0,0
2026-03-10 20:11:45.134603,-13.66,10.42,39.21,0,1
2026-03-10 20:11:50.134603,-12.85,14.41,38.16,1,2
2026-03-10 20:11:55.134603,-13.66,10.33,36.41,0,1
2026-03-10 20:12:00.134603,-13.16,0.0,32.0,0,0
2026-03-10 20:12:05.134603,-13.56,11.13,38.73,0,1
2026-03-10 20:12:10.134603,-13.53,0.0,32.0,0,0
2026-03-10 20:12:15.134603,-13.61,11.07,37.78,0,1
2026-03-10 20:12:20.134603,-13.56,11.19,30.9,0,1
2026-03-10 20:12:25.134603,-13.08,17.26,51.4,1,2
2026-03-10 20:12:30.134603,-13.11,13.23,36.92,1,2
2026-03-10 20:12:35.134603,-13.6,9.77,37.58,0,1
2026-03-10 20:12:40.134603,-12.89,14.89,40.23,1,2
2026-03-10 20:12:45.134603,-13.66,11.84,39.09,0,1
2026-03-10 20:12:50.134603,-13.37,9.98,39.21,0,1
2026-03-10 20:12:55.134603,-13.06,13.35,38.16,1,2
2026-03-10 20:13:00.134603,-13.74,0.0,32.0,0,0
2026-03-10 20:13:05.134603,-12.98,16.51,49.0,1,2
2026-03-10 20:13:10.134603,-13.53,10.75,37.98,0,1
2026-03-10 20:13:15.134603,-13.7,0.0,32.0,0,0
2026-03-10 20:13:20.134603,-13.56,11.29,34.57,0,1
2026-03-10 20:13:25.134603,-13.02,14.2,46.13,1,2
2026-03-10 20:13:30.134603,-13.15,16.36,38.04,1,2
2026-03-10 20:13:35.134603,-12.76,17.57,36.39,1,2
2026-03-10 20:13:40.134603,-13.53,9.49,31.97,0,1
2026-03-10 20:13:45.134603,-12.97,17.07,52.92,1,2
2026-03-10 20:13:50.134603,-13.32,0.0,32.0,0,0
2026-03-10 20:13:55.134603,-13.33,0.0,32.0,0,0
2026-03-10 20:14:00.134603,-13.18,0.0,32.0,0,0
2026-03-10 20:14:05.134603,-13.49,10.99,35.28,0,1
2026-03-10 20:14:10.134603,-13.53,0.0,32.0,0,0
2026-03-10 20:14:15.134603,-13.78,0.0,32.0,0,0
2026-03-10 20:14:20.134603,-13.13,15.39,53.97,1,2
2026-03-10 20:14:25.134603,-13.5,9.6,31.8,0,1
2026-03-10 20:14:30.134603,-13.94,0.0,32.0,0,0
2026-03-10 20:14:35.134603,-13.58,11.64,30.31,0,1
2026-03-10 20:14:40.134603,-13.68,10.71,39.5,0,1
2026-03-10 20:14:45.134603,-13.68,10.1,33.42,0,1
2026-03-10 20:14:50.134603,-13.2,0.0,32.0,0,0
2026-03-10 20:14:55.134603,-13.45,10.3,36.05,0,1
2026-03-10 20:15:00.134603,-12.84,13.17,45.88,1,2
2026-03-10 20:15:05.134603,-13.29,17.76,52.1,1,2
2026-03-10 20:15:10.134603,-13.5,9.26,37.46,0,1
2026-03-10 20:15:15.134603,-13.1,14.75,54.09,1,2
2026-03-10 20:15:20.134603,-13.52,9.1,37.93,0,1
2026-03-10 20:15:25.134603,-13.18,0.0,32.0,0,0
2026-03-10 20:15:30.134603,-12.72,13.86,37.57,1,2
2026-03-10 20:15:35.134603,-13.3,16.15,50.57,1,2
2026-03-10 20:15:40.134603,-12.94,16.81,35.02,1,2
2026-03-10 20:15:45.134603,-12.98,13.12,43.5,1,2
2026-03-10 20:15:50.134603,-13.89,0.0,32.0,0,0
2026-03-10 20:15:55.134603,-13.14,0.0,32.0,0,0
2026-03-10 20:16:00.134603,-13.56,11.22,38.86,0,1
2026-03-10 20:16:05.134603,-13.42,9.66,31.33,0,1
2026-03-10 20:16:10.134603,-13.24,14.64,47.22,1,2
2026-03-10 20:16:15.134603,-13.49,9.21,32.55,0,1
2026-03-10 20:16:20.134603,-13.61,0.0,32.0,0,0
2026-03-10 20:16:25.134603,-12.94,13.34,50.67,1,2
2026-03-10 20:16:30.134603,-13.0,14.11,44.5,1,2
2026-03-10 20:16:35.134603,-12.78,16.62,50.98,1,2
2026-03-10 20:16:40.134603,-12.76,14.77,35.12,1,2
2026-03-10 20:16:45.134603,-13.49,9.15,36.95,0,1
2026-03-10 20:16:50.134603,-13.4,10.12,36.37,0,1
2026-03-10 20:16:55.134603,-12.9,14.57,43.53,1,2
2026-03-10 20:17:00.134603,-13.41,11.12,36.04,0,1
2026-03-10 20:17:05.134603,-12.97,17.73,51.85,1,2
2026-03-10 20:17:10.134603,-13.32,10.29,32.84,0,1
2026-03-10 20:17:15.134603,-13.46,9.26,34.57,0,1
2026-03-10 20:17:20.134603,-13.64,11.07,38.27,0,1
2026-03-10 20:17:25.134603,-13.62,10.12,34.91,0,1
2026-03-10 20:17:30.134603,-13.04,16.74,35.03,1,2
2026-03-10 20:17:35.134603,-13.58,11.78,39.99,0,1
2026-03-10 20:17:40.134603,-13.65,11.82,37.96,0,1
2026-03-10 20:17:45.134603,-13.78,0.0,32.0,0,0
2026-03-10 20:17:50.134603,-13.34,9.26,36.64,0,1
2026-03-10 20:17:55.134603,-13.26,17.23,52.61,1,2
2026-03-10 20:18:00.134603,-13.64,0.0,32.0,0,0
2026-03-10 20:18:05.134603,-13.52,9.9,35.37,0,1
2026-03-10 20:18:10.134603,-13.36,0.0,32.0,0,0
2026-03-10 20:18:15.134603,-13.63,11.73,30.77,0,1
2026-03-10 20:18:20.134603,-13.41,0.0,32.0,0,0
2026-03-10 20:18:25.134603,-13.64,9.25,39.93,0,1
2026-03-10 20:18:30.134603,-13.81,0.0,32.0,0,0
2026-03-10 20:18:35.134603,-12.83,13.86,48.52,1,2
2026-03-10 20:18:40.134603,-13.54,11.84,37.51,0,1
2026-03-10 20:18:45.134603,-13.25,15.96,42.74,1,2
2026-03-10 20:18:50.134603,-13.68,0.0,32.0,0,0
2026-03-10 20:18:55.134603,-13.66,9.74,33.32,0,1
2026-03-10 20:19:00.134603,-13.47,9.08,36.91,0,1
2026-03-10 20:19:05.134603,-13.27,16.16,52.58,1,2
2026-03-10 20:19:10.134603,-13.56,0.0,32.0,0,0
2026-03-10 20:19:15.134603,-13.57,0.0,32.0,0,0
2026-03-10 20:19:20.134603,-13.31,10.12,35.93,0,1
2026-03-10 20:19:25.134603,-12.94,17.57,51.24,1,2
2026-03-10 20:19:30.134603,-12.8,17.58,51.72,1,2
2026-03-10 20:19:35.134603,-13.75,0.0,32.0,0,0
2026-03-10 20:19:40.134603,-13.4,10.02,36.27,0,1
2026-03-10 20:19:45.134603,-13.06,15.55,41.45,1,2
2026-03-10 20:19:50.134603,-13.61,11.12,34.96,0,1
2026-03-10 20:19:55.134603,-13.41,10.94,38.42,0,1
2026-03-10 20:20:00.134603,-13.46,9.96,37.25,0,1
2026-03-10 20:20:05.134603,-13.63,0.0,32.0,0,0
2026-03-10 20:20:10.134603,-13.04,0.0,32.0,0,0
2026-03-10 20:20:15.134603,-12.78,13.75,48.35,1,2
2026-03-10 20:20:20.134603,-13.41,0.0,32.0,0,0
2026-03-10 20:20:25.134603,-13.27,14.02,54.2,1,2
2026-03-10 20:20:30.134603,-13.38,0.0,32.0,0,0
2026-03-10 20:20:35.134603,-13.63,0.0,32.0,0,0
2026-03-10 20:20:40.134603,-13.41,9.39,32.7,0,1
2026-03-10 20:20:45.134603,-13.48,9.58,38.65,0,1
2026-03-10 20:20:50.134603,-13.48,9.34,38.1,0,1
2026-03-10 20:20:55.134603,-12.97,16.65,49.85,1,2
2026-03-10 20:21:00.134603,-12.74,17.82,48.27,1,2
2026-03-10 20:21:05.134603,-12.97,17.11,49.72,1,2
2026-03-10 20:21:10.134603,-13.38,9.33,34.39,0,1
2026-03-10 20:21:15.134603,-12.77,16.17,35.75,1,2
2026-03-10 20:21:20.134603,-13.39,11.1,39.37,0,1
2026-03-10 20:21:25.134603,-13.52,0.0,32.0,0,0
2026-03-10 20:21:30.134603,-13.11,15.02,37.16,1,2
2026-03-10 20:21:35.134603,-13.74,0.0,32.0,0,0
2026-03-10 20:21:40.134603,-13.42,10.06,39.47,0,1
2026-03-10 20:21:45.134603,-13.56,11.87,38.76,0,1
2026-03-10 20:21:50.134603,-13.54,11.71,38.74,0,1
2026-03-10 20:21:55.134603,-13.34,10.77,32.31,0,1
2026-03-10 20:22:00.134603,-13.54,11.24,36.5,0,1
2026-03-10 20:22:05.134603,-13.56,11.93,39.33,0,1
2026-03-10 20:22:10.134603,-13.7,10.89,32.74,0,1
2026-03-10 20:22:15.134603,-13.6,0.0,32.0,0,0
2026-03-10 20:22:20.134603,-13.51,10.55,33.64,0,1
2026-03-10 20:22:25.134603,-13.19,13.79,47.22,1,2
2026-03-10 20:22:30.134603,-13.64,9.18,34.41,0,1
2026-03-10 20:22:35.134603,-13.25,16.97,47.61,1,2
2026-03-10 20:22:40.134603,-13.94,0.0,32.0,0,0
2026-03-10 20:22:45.134603,-12.84,16.69,49.36,1,2
2026-03-10 20:22:50.134603,-13.41,11.62,32.3,0,1
2026-03-10 20:22:55.134603,-12.93,14.45,35.33,1,2
2026-03-10 20:23:00.134603,-13.49,9.68,38.59,0,1
2026-03-10 20:23:05.134603,-13.75,0.0,32.0,0,0
2026-03-10 20:23:10.134603,-13.92,0.0,32.0,0,0
2026-03-10 20:23:15.134603,-13.49,0.0,32.0,0,0
2026-03-10 20:23:20.134603,-13.91,0.0,32.0,0,0
2026-03-10 20:23:25.134603,-13.63,9.36,30.69,0,1
2026-03-10 20:23:30.134603,-13.13,15.25,47.28,1,2
2026-03-10 20:23:35.134603,-13.56,0.0,32.0,0,0
2026-03-10 20:23:40.134603,-13.64,9.92,38.22,0,1
2026-03-10 20:23:45.134603,-13.32,9.49,37.25,0,1
2026-03-10 20:23:50.134603,-13.27,13.3,42.83,1,2
2026-03-10 20:23:55.134603,-13.31,0.0,32.0,0,0
2026-03-10 20:24:00.134603,-13.23,15.95,54.74,1,2
2026-03-10 20:24:05.134603,-13.41,11.63,37.67,0,1
2026-03-10 20:24:10.134603,-12.75,15.64,45.32,1,2
2026-03-10 20:24:15.134603,-13.57,0.0,32.0,0,0
2026-03-10 20:24:20.134603,-13.31,9.22,33.41,0,1
2026-03-10 20:24:25.134603,-12.78,13.83,54.84,1,2
2026-03-10 20:24:30.134603,-12.8,13.06,47.65,1,2
2026-03-10 20:24:35.134603,-13.68,11.39,33.34,0,1
2026-03-10 20:24:40.134603,-13.34,9.38,38.96,0,1
2026-03-10 20:24:45.134603,-13.46,10.41,36.44,0,1
2026-03-10 20:24:50.134603,-13.38,10.08,33.45,0,1
2026-03-10 20:24:55.134603,-13.36,11.7,39.52,0,1
2026-03-10 20:25:00.134603,-13.63,9.4,30.07,0,1
2026-03-10 20:25:05.134603,-13.37,10.49,37.31,0,1
2026-03-10 20:25:10.134603,-13.15,0.0,32.0,0,0
2026-03-10 20:25:15.134603,-13.4,10.53,32.82,0,1
2026-03-10 20:25:20.134603,-13.64,10.46,32.17,0,1
2026-03-10 20:25:25.134603,-13.08,0.0,32.0,0,0
2026-03-10 20:25:30.134603,-13.49,0.0,32.0,0,0
2026-03-10 20:25:35.134603,-14.0,0.0,32.0,0,0
2026-03-10 20:25:40.134603,-13.41,0.0,32.0,0,0
2026-03-10 20:25:45.134603,-13.92,0.0,32.0,0,0
2026-03-10 20:25:50.134603,-12.87,17.91,52.31,1,2
2026-03-10 20:25:55.134603,-13.32,9.73,35.42,0,1
2026-03-10 20:26:00.134603,-13.64,0.0,32.0,0,0
2026-03-10 20:26:05.134603,-13.29,17.46,47.09,1,2
2026-03-10 20:26:10.134603,-13.6,0.0,32.0,0,0
2026-03-10 20:26:15.134603,-13.64,0.0,32.0,0,0
2026-03-10 20:26:20.134603,-13.84,0.0,32.0,0,0
2026-03-10 20:26:25.134603,-13.0,0.0,32.0,0,0
2026-03-10 20:26:30.134603,-13.09,13.37,35.87,1,2
2026-03-10 20:26:35.134603,-13.44,10.97,38.35,0,1
2026-03-10 20:26:40.134603,-13.32,0.0,32.0,0,0
2026-03-10 20:26:45.134603,-13.61,0.0,32.0,0,0
2026-03-10 20:26:50.134603,-12.7,16.31,39.93,1,2
2026-03-10 20:26:55.134603,-13.55,9.49,32.87,0,1
2026-03-10 20:27:00.134603,-13.14,0.0,32.0,0,0
2026-03-10 20:27:05.134603,-13.12,17.99,46.49,1,2
2026-03-10 20:27:10.134603,-13.59,0.0,32.0,0,0
2026-03-10 20:27:15.134603,-13.31,10.25,33.47,0,1
2026-03-10 20:27:20.134603,-13.7,0.0,32.0,0,0
2026-03-10 20:27:25.134603,-13.12,15.19,43.32,1,2
2026-03-10 20:27:30.134603,-13.35,10.23,35.84,0,1
2026-03-10 20:27:35.134603,-12.97,16.95,40.08,1,2
2026-03-10 20:27:40.134603,-13.15,15.91,35.74,1,2
2026-03-10 20:27:45.134603,-13.51,0.0,32.0,0,0
2026-03-10 20:27:50.134603,-12.81,16.77,44.68,1,2
2026-03-10 20:27:55.134603,-13.38,9.94,39.52,0,1
2026-03-10 20:28:00.134603,-13.51,11.45,31.97,0,1
2026-03-10 20:28:05.134603,-12.96,13.72,49.58,1,2
2026-03-10 20:28:10.134603,-13.12,14.99,36.92,1,2
2026-03-10 20:28:15.134603,-12.76,15.13,41.4,1,2
2026-03-10 20:28:20.134603,-13.67,0.0,32.0,0,0
2026-03-10 20:28:25.134603,-13.61,9.22,31.99,0,1
2026-03-10 20:28:30.134603,-12.86,17.05,44.97,1,2
2026-03-10 20:28:35.134603,-13.52,0.0,32.0,0,0
2026-03-10 20:28:40.134603,-13.55,10.2,33.26,0,1
2026-03-10 20:28:45.134603,-13.31,9.8,30.04,0,1
2026-03-10 20:28:50.134603,-13.1,17.16,37.01,1,2
2026-03-10 20:28:55.134603,-13.32,0.0,32.0,0,0
2026-03-10 20:29:00.134603,-13.83,0.0,32.0,0,0
2026-03-10 20:29:05.134603,-13.2,18.0,35.07,1,2
2026-03-10 20:29:10.134603,-13.27,0.0,32.0,0,0
2026-03-10 20:29:15.134603,-12.72,15.23,44.68,1,2
2026-03-10 20:29:20.134603,-12.84,17.84,43.46,1,2
2026-03-10 20:29:25.134603,-13.68,0.0,32.0,0,0
2026-03-10 20:29:30.134603,-13.61,9.03,30.9,0,1
2026-03-10 20:29:35.134603,-13.62,0.0,32.0,0,0
2026-03-10 20:29:40.134603,-13.45,10.34,31.14,0,1
2026-03-10 20:29:45.134603,-13.08,16.79,54.87,1,2
2026-03-10 20:29:50.134603,-13.07,14.89,46.75,1,2
2026-03-10 20:29:55.134603,-13.37,9.54,34.57,0,1
2026-03-10 20:30:00.134603,-13.03,14.17,52.77,1,2
2026-03-10 20:30:05.134603,-13.04,0.0,32.0,0,0
2026-03-10 20:30:10.134603,-13.56,0.0,32.0,0,0
2026-03-10 20:30:15.134603,-13.67,10.56,35.12,0,1
2026-03-10 20:30:20.134603,-13.58,9.77,30.47,0,1
2026-03-10 20:30:25.134603,-13.06,0.0,32.0,0,0
2026-03-10 20:30:30.134603,-13.64,10.55,38.42,0,1
2026-03-10 20:30:35.134603,-13.99,0.0,32.0,0,0
2026-03-10 20:30:40.134603,-13.45,10.08,34.05,0,1
2026-03-10 20:30:45.134603,-13.33,9.84,39.0,0,1
2026-03-10 20:30:50.134603,-13.27,0.0,32.0,0,0
2026-03-10 20:30:55.134603,-13.26,0.0,32.0,0,0
2026-03-10 20:31:00.134603,-13.09,15.91,37.92,1,2
2026-03-10 20:31:05.134603,-13.71,0.0,32.0,0,0
2026-03-10 20:31:10.134603,-13.19,14.72,37.25,1,2
2026-03-10 20:31:15.134603,-13.6,0.0,32.0,0,0
2026-03-10 20:31:20.134603,-13.16,15.9,51.59,1,2
2026-03-10 20:31:25.134603,-13.85,0.0,32.0,0,0
2026-03-10 20:31:30.134603,-13.52,0.0,32.0,0,0
2026-03-10 20:31:35.134603,-13.45,10.63,37.22,0,1
2026-03-10 20:31:40.134603,-13.2,14.63,46.26,1,2
2026-03-10 20:31:45.134603,-13.21,0.0,32.0,0,0
2026-03-10 20:31:50.134603,-13.39,9.29,33.69,0,1
2026-03-10 20:31:55.134603,-13.29,15.53,35.98,1,2
2026-03-10 20:32:00.134603,-13.43,9.83,37.53,0,1
2026-03-10 20:32:05.134603,-13.13,0.0,32.0,0,0
2026-03-10 20:32:10.134603,-12.82,13.19,53.13,1,2
2026-03-10 20:32:15.134603,-12.91,17.58,35.81,1,2
2026-03-10 20:32:20.134603,-13.64,10.77,39.03,0,1
2026-03-10 20:32:25.134603,-13.61,0.0,32.0,0,0
2026-03-10 20:32:30.134603,-13.19,15.14,45.23,1,2
2026-03-10 20:32:35.134603,-13.3,9.56,38.91,0,1
2026-03-10 20:32:40.134603,-13.41,10.49,34.41,0,1
2026-03-10 20:32:45.134603,-13.21,15.79,54.96,1,2
2026-03-10 20:32:50.134603,-13.07,0.0,32.0,0,0
2026-03-10 20:32:55.134603,-13.3,10.53,34.66,0,1
2026-03-10 20:33:00.134603,-13.32,11.27,39.16,0,1
2026-03-10 20:33:05.134603,-13.52,9.82,36.21,0,1
2026-03-10 20:33:10.134603,-13.78,0.0,32.0,0,0
2026-03-10 20:33:15.134603,-13.23,0.0,32.0,0,0
2026-03-10 20:33:20.134603,-13.26,0.0,32.0,0,0
2026-03-10 20:33:25.134603,-13.44,10.89,37.73,0,1
2026-03-10 20:33:30.134603,-13.82,0.0,32.0,0,0
2026-03-10 20:33:35.134603,-13.3,11.74,33.25,0,1
2026-03-10 20:33:40.134603,-13.63,9.91,34.2,0,1
2026-03-10 20:33:45.134603,-13.88,0.0,32.0,0,0
2026-03-10 20:33:50.134603,-13.57,11.93,33.12,0,1
2026-03-10 20:33:55.134603,-13.04,0.0,32.0,0,0
2026-03-10 20:34:00.134603,-13.24,14.34,54.79,1,2
2026-03-10 20:34:05.134603,-13.02,0.0,32.0,0,0
2026-03-10 20:34:10.134603,-13.7,0.0,32.0,0,0
2026-03-10 20:34:15.134603,-13.23,0.0,32.0,0,0
2026-03-10 20:34:20.134603,-13.47,0.0,32.0,0,0
2026-03-10 20:34:25.134603,-13.23,15.97,46.83,1,2
2026-03-10 20:34:30.134603,-12.73,17.09,38.31,1,2
2026-03-10 20:34:35.134603,-13.97,0.0,32.0,0,0
2026-03-10 20:34:40.134603,-13.61,9.65,38.55,0,1
2026-03-10 20:34:45.134603,-12.85,13.91,49.79,1,2
2026-03-10 20:34:50.134603,-12.78,17.84,53.04,1,2
2026-03-10 20:34:55.134603,-13.65,11.46,32.27,0,1
2026-03-10 20:35:00.134603,-13.3,0.0,32.0,0,0
2026-03-10 20:35:05.134603,-13.5,0.0,32.0,0,0
2026-03-10 20:35:10.134603,-13.48,11.86,34.59,0,1
2026-03-10 20:35:15.134603,-13.61,0.0,32.0,0,0
2026-03-10 20:35:20.134603,-13.4,11.65,34.51,0,1
2026-03-10 20:35:25.134603,-13.23,16.65,50.89,1,2
2026-03-10 20:35:30.134603,-13.44,11.26,34.62,0,1
2026-03-10 20:35:35.134603,-13.52,9.17,37.02,0,1
2026-03-10 20:35:40.134603,-12.96,16.6,50.79,1,2
2026-03-10 20:35:45.134603,-13.62,0.0,32.0,0,0
2026-03-10 20:35:50.134603,-13.29,0.0,32.0,0,0
2026-03-10 20:35:55.134603,-13.62,0.0,32.0,0,0
2026-03-10 20:36:00.134603,-13.49,10.29,37.84,0,1
2026-03-10 20:36:05.134603,-12.79,13.39,49.31,1,2
2026-03-10 20:36:10.134603,-13.38,9.29,33.79,0,1
2026-03-10 20:36:15.134603,-13.23,0.0,32.0,0,0
2026-03-10 20:36:20.134603,-13.49,10.36,33.24,0,1
2026-03-10 20:36:25.134603,-12.79,13.3,35.97,1,2
2026-03-10 20:36:30.134603,-13.62,11.38,30.39,0,1
2026-03-10 20:36:35.134603,-13.78,0.0,32.0,0,0
2026-03-10 20:36:40.134603,-12.77,17.53,53.48,1,2
2026-03-10 20:36:45.134603,-13.06,15.32,48.44,1,2
2026-03-10 20:36:50.134603,-12.96,15.06,44.61,1,2
2026-03-10 20:36:55.134603,-13.1,14.22,50.82,1,2
2026-03-10 20:37:00.134603,-13.37,10.54,38.69,0,1
2026-03-10 20:37:05.134603,-13.49,11.43,32.07,0,1
2026-03-10 20:37:10.134603,-12.98,14.31,36.87,1,2
2026-03-10 20:37:15.134603,-12.97,13.85,40.04,1,2
2026-03-10 20:37:20.134603,-13.56,0.0,32.0,0,0
2026-03-10 20:37:25.134603,-13.26,15.39,37.7,1,2
2026-03-10 20:37:30.134603,-13.22,13.44,51.98,1,2
2026-03-10 20:37:35.134603,-12.97,13.08,49.94,1,2
2026-03-10 20:37:40.134603,-13.17,14.64,54.18,1,2
2026-03-10 20:37:45.134603,-13.58,9.49,33.11,0,1
2026-03-10 20:37:50.134603,-13.46,0.0,32.0,0,0
2026-03-10 20:37:55.134603,-13.41,10.5,36.65,0,1
2026-03-10 20:38:00.134603,-13.31,10.0,31.19,0,1
2026-03-10 20:38:05.134603,-13.52,11.96,31.19,0,1
2026-03-10 20:38:10.134603,-12.97,14.47,41.79,1,2
2026-03-10 20:38:15.134603,-13.03,0.0,32.0,0,0
2026-03-10 20:38:20.134603,-13.01,0.0,32.0,0,0
2026-03-10 20:38:25.134603,-13.42,10.79,30.12,0,1
2026-03-10 20:38:30.134603,-13.57,10.34,35.86,0,1
2026-03-10 20:38:35.134603,-13.73,0.0,32.0,0,0
2026-03-10 20:38:40.134603,-13.68,11.54,38.52,0,1
2026-03-10 20:38:45.134603,-13.56,9.37,32.75,0,1
2026-03-10 20:38:50.134603,-13.79,0.0,32.0,0,0
2026-03-10 20:38:55.134603,-13.5,11.79,35.39,0,1
2026-03-10 20:39:00.134603,-13.44,10.05,32.4,0,1
2026-03-10 20:39:05.134603,-13.64,11.59,39.7,0,1
2026-03-10 20:39:10.134603,-13.64,10.97,30.23,0,1
2026-03-10 20:39:15.134603,-13.41,9.47,36.68,0,1
2026-03-10 20:39:20.134603,-13.07,17.74,36.34,1,2
2026-03-10 20:39:25.134603,-13.31,10.42,31.72,0,1
2026-03-10 20:39:30.134603,-13.3,15.14,52.81,1,2
2026-03-10 20:39:35.134603,-13.43,10.04,36.21,0,1
2026-03-10 20:39:40.134603,-13.51,0.0,32.0,0,0
2026-03-10 20:39:45.134603,-13.04,13.48,42.88,1,2
2026-03-10 20:39:50.134603,-13.51,10.3,30.79,0,1
2026-03-10 20:39:55.134603,-13.5,11.43,34.02,0,1
2026-03-10 20:40:00.134603,-13.41,0.0,32.0,0,0
2026-03-10 20:40:05.134603,-12.92,15.64,35.02,1,2
2026-03-10 20:40:10.134603,-13.38,11.35,30.84,0,1
2026-03-10 20:40:15.134603,-13.29,15.62,54.16,1,2
2026-03-10 20:40:20.134603,-13.4,0.0,32.0,0,0
2026-03-10 20:40:25.134603,-13.44,9.41,33.34,0,1
2026-03-10 20:40:30.134603,-13.21,0.0,32.0,0,0
2026-03-10 20:40:35.134603,-13.54,9.8,35.71,0,1
2026-03-10 20:40:40.134603,-13.69,10.43,30.04,0,1
2026-03-10 20:40:45.134603,-13.79,0.0,32.0,0,0
2026-03-10 20:40:50.134603,-13.33,9.15,30.81,0,1
2026-03-10 20:40:55.134603,-12.85,14.76,50.56,1,2
2026-03-10 20:41:00.134603,-12.72,16.65,50.94,1,2
2026-03-10 20:41:05.134603,-13.57,10.76,32.03,0,1
2026-03-10 20:41:10.134603,-13.96,0.0,32.0,0,0
2026-03-10 20:41:15.134603,-13.16,16.32,38.56,1,2
2026-03-10 20:41:20.134603,-13.05,15.29,51.27,1,2
2026-03-10 20:41:25.134603,-13.75,0.0,32.0,0,0
2026-03-10 20:41:30.134603,-12.98,13.85,38.11,1,2
2026-03-10 20:41:35.134603,-13.36,0.0,32.0,0,0
2026-03-10 20:41:40.134603,-13.64,9.36,39.44,0,1
2026-03-10 20:41:45.134603,-12.83,14.94,49.49,1,2
2026-03-10 20:41:50.134603,-13.03,0.0,32.0,0,0
2026-03-10 20:41:55.134603,-13.29,0.0,32.0,0,0
2026-03-10 20:42:00.134603,-13.4,10.39,35.37,0,1
2026-03-10 20:42:05.134603,-12.8,15.06,43.43,1,2
2026-03-10 20:42:10.134603,-13.53,9.85,36.86,0,1
2026-03-10 20:42:15.134603,-13.4,11.78,36.02,0,1
2026-03-10 20:42:20.134603,-13.64,11.97,30.64,0,1
2026-03-10 20:42:25.134603,-13.29,0.0,32.0,0,0
2026-03-10 20:42:30.134603,-13.14,14.14,47.07,1,2
2026-03-10 20:42:35.134603,-13.62,11.67,38.63,0,1
2026-03-10 20:42:40.134603,-13.2,17.82,51.0,1,2
2026-03-10 20:42:45.134603,-13.94,0.0,32.0,0,0
2026-03-10 20:42:50.134603,-13.28,0.0,32.0,0,0
2026-03-10 20:42:55.134603,-13.03,0.0,32.0,0,0
2026-03-10 20:43:00.134603,-13.14,16.49,48.49,1,2
2026-03-10 20:43:05.134603,-12.79,13.23,43.19,1,2
2026-03-10 20:43:10.134603,-13.48,11.95,33.68,0,1
2026-03-10 20:43:15.134603,-13.13,16.37,36.17,1,2
2026-03-10 20:43:20.134603,-13.65,11.25,37.07,0,1
2026-03-10 20:43:25.134603,-13.11,17.99,41.42,1,2
2026-03-10 20:43:30.134603,-13.19,13.93,45.63,1,2
2026-03-10 20:43:35.134603,-13.16,15.99,35.13,1,2
2026-03-10 20:43:40.134603,-13.38,9.22,33.47,0,1
2026-03-10 20:43:45.134603,-13.1,17.38,53.8,1,2
2026-03-10 20:43:50.134603,-13.78,0.0,32.0,0,0
2026-03-10 20:43:55.134603,-13.34,10.13,34.1,0,1
2026-03-10 20:44:00.134603,-13.18,0.0,32.0,0,0
2026-03-10 20:44:05.134603,-13.7,10.8,37.27,0,1
2026-03-10 20:44:10.134603,-13.63,11.43,37.84,0,1
2026-03-10 20:44:15.134603,-12.87,16.62,49.19,1,2
2026-03-10 20:44:20.134603,-13.32,0.0,32.0,0,0
2026-03-10 20:44:25.134603,-13.49,0.0,32.0,0,0
2026-03-10 20:44:30.134603,-13.13,13.06,50.08,1,2
2026-03-10 20:44:35.134603,-13.51,11.1,30.64,0,1
2026-03-10 20:44:40.134603,-13.32,0.0,32.0,0,0
2026-03-10 20:44:45.134603,-13.89,0.0,32.0,0,0
2026-03-10 20:44:50.134603,-13.03,15.18,50.07,1,2
2026-03-10 20:44:55.134603,-13.0,13.68,53.76,1,2
2026-03-10 20:45:00.134603,-13.32,0.0,32.0,0,0
2026-03-10 20:45:05.134603,-13.98,0.0,32.0,0,0
2026-03-10 20:45:10.134603,-13.39,9.3,35.87,0,1
2026-03-10 20:45:15.134603,-12.97,13.37,46.7,1,2
2026-03-10 20:45:20.134603,-13.58,10.85,31.35,0,1
2026-03-10 20:45:25.134603,-12.76,16.11,54.35,1,2
2026-03-10 20:45:30.134603,-13.25,13.84,38.75,1,2
2026-03-10 20:45:35.134603,-13.85,0.0,32.0,0,0
2026-03-10 20:45:40.134603,-13.83,0.0,32.0,0,0
2026-03-10 20:45:45.134603,-13.36,9.2,35.55,0,1
2026-03-10 20:45:50.134603,-12.71,16.75,39.86,1,2
2026-03-10 20:45:55.134603,-13.65,11.31,30.94,0,1
2026-03-10 20:46:00.134603,-13.39,11.81,35.12,0,1
2026-03-10 20:46:05.134603,-13.2,13.4,53.34,1,2
2026-03-10 20:46:10.134603,-13.01,13.89,42.85,1,2
2026-03-10 20:46:15.134603,-13.64,0.0,32.0,0,0
2026-03-10 20:46:20.134603,-13.67,9.13,35.94,0,1
2026-03-10 20:46:25.134603,-13.54,0.0,32.0,0,0
2026-03-10 20:46:30.134603,-13.24,0.0,32.0,0,0
2026-03-10 20:46:35.134603,-13.79,0.0,32.0,0,0
2026-03-10 20:46:40.134603,-12.71,17.67,54.19,1,2
2026-03-10 20:46:45.134603,-13.61,10.81,31.49,0,1
2026-03-10 20:46:50.134603,-12.79,15.31,38.71,1,2
2026-03-10 20:46:55.134603,-13.56,0.0,32.0,0,0
2026-03-10 20:47:00.134603,-13.59,0.0,32.0,0,0
2026-03-10 20:47:05.134603,-13.3,10.5,34.45,0,1
2026-03-10 20:47:10.134603,-13.44,10.89,34.0,0,1
2026-03-10 20:47:15.134603,-13.73,0.0,32.0,0,0
2026-03-10 20:47:20.134603,-12.99,17.7,46.72,1,2
2026-03-10 20:47:25.134603,-13.34,11.92,34.96,0,1
2026-03-10 20:47:30.134603,-12.96,17.14,49.51,1,2
2026-03-10 20:47:35.134603,-13.47,9.89,37.75,0,1
2026-03-10 20:47:40.134603,-13.66,9.14,34.46,0,1
2026-03-10 20:47:45.134603,-13.3,0.0,32.0,0,0
2026-03-10 20:47:50.134603,-13.56,0.0,32.0,0,0
2026-03-10 20:47:55.134603,-13.21,0.0,32.0,0,0
2026-03-10 20:48:00.134603,-13.72,0.0,32.0,0,0
2026-03-10 20:48:05.134603,-13.15,0.0,32.0,0,0
2026-03-10 20:48:10.134603,-12.97,17.56,40.24,1,2
2026-03-10 20:48:15.134603,-13.08,17.92,42.94,1,2
2026-03-10 20:48:20.134603,-13.42,0.0,32.0,0,0
2026-03-10 20:48:25.134603,-13.01,13.52,44.73,1,2
2026-03-10 20:48:30.134603,-13.4,10.2,34.59,0,1
2026-03-10 20:48:35.134603,-13.24,0.0,32.0,0,0
2026-03-10 20:48:40.134603,-13.25,14.77,36.43,1,2
2026-03-10 20:48:45.134603,-13.26,15.77,49.97,1,2
2026-03-10 20:48:50.134603,-13.41,11.03,37.06,0,1
2026-03-10 20:48:55.134603,-12.84,16.01,51.84,1,2
2026-03-10 20:49:00.134603,-13.43,0.0,32.0,0,0
2026-03-10 20:49:05.134603,-13.19,15.58,52.6,1,2
2026-03-10 20:49:10.134603,-13.79,0.0,32.0,0,0
2026-03-10 20:49:15.134603,-13.23,0.0,32.0,0,0
2026-03-10 20:49:20.134603,-13.3,9.87,38.63,0,1
2026-03-10 20:49:25.134603,-13.69,11.53,39.99,0,1
2026-03-10 20:49:30.134603,-13.06,13.93,54.76,1,2
2026-03-10 20:49:35.134603,-13.32,9.98,39.0,0,1
2026-03-10 20:49:40.134603,-13.69,9.11,30.69,0,1
2026-03-10 20:49:45.134603,-13.29,0.0,32.0,0,0
2026-03-10 20:49:50.134603,-13.04,14.73,47.68,1,2
2026-03-10 20:49:55.134603,-12.82,15.22,54.36,1,2
2026-03-10 20:50:00.134603,-13.1,0.0,32.0,0,0
2026-03-10 20:50:05.134603,-13.07,0.0,32.0,0,0
2026-03-10 20:50:10.134603,-13.39,9.65,39.87,0,1
2026-03-10 20:50:15.134603,-13.5,11.52,33.49,0,1
2026-03-10 20:50:20.134603,-12.71,13.76,53.61,1,2
2026-03-10 20:50:25.134603,-13.54,10.83,30.61,0,1
2026-03-10 20:50:30.134603,-12.95,16.22,53.04,1,2
2026-03-10 20:50:35.134603,-12.74,13.7,49.8,1,2
2026-03-10 20:50:40.134603,-13.14,0.0,32.0,0,0
2026-03-10 20:50:45.134603,-13.14,15.57,36.97,1,2
2026-03-10 20:50:50.134603,-13.14,14.29,36.6,1,2
2026-03-10 20:50:55.134603,-13.4,0.0,32.0,0,0
2026-03-10 20:51:00.134603,-13.62,11.76,33.26,0,1
2026-03-10 20:51:05.134603,-13.04,0.0,32.0,0,0
2026-03-10 20:51:10.134603,-13.32,10.66,34.05,0,1
2026-03-10 20:51:15.134603,-13.14,0.0,32.0,0,0
2026-03-10 20:51:20.134603,-13.43,10.36,31.49,0,1
2026-03-10 20:51:25.134603,-13.05,17.65,54.07,1,2
2026-03-10 20:51:30.134603,-13.43,10.63,36.77,0,1
2026-03-10 20:51:35.134603,-13.36,10.11,35.68,0,1
2026-03-10 20:51:40.134603,-13.41,0.0,32.0,0,0
2026-03-10 20:51:45.134603,-13.71,0.0,32.0,0,0
2026-03-10 20:51:50.134603,-12.72,17.0,35.54,1,2
2026-03-10 20:51:55.134603,-13.25,0.0,32.0,0,0
2026-03-10 20:52:00.134603,-13.7,0.0,32.0,0,0
2026-03-10 20:52:05.134603,-12.71,14.0,48.79,1,2
2026-03-10 20:52:10.134603,-13.1,17.68,47.58,1,2
2026-03-10 20:52:15.134603,-13.32,0.0,32.0,0,0
2026-03-10 20:52:20.134603,-13.91,0.0,32.0,0,0
2026-03-10 20:52:25.134603,-13.2,0.0,32.0,0,0
2026-03-10 20:52:30.134603,-13.4,0.0,32.0,0,0
2026-03-10 20:52:35.134603,-13.89,0.0,32.0,0,0
2026-03-10 20:52:40.134603,-13.3,14.69,50.61,1,2
2026-03-10 20:52:45.134603,-13.58,10.91,30.78,0,1
2026-03-10 20:52:50.134603,-13.76,0.0,32.0,0,0
2026-03-10 20:52:55.134603,-13.63,0.0,32.0,0,0
2026-03-10 20:53:00.134603,-13.9,0.0,32.0,0,0
2026-03-10 20:53:05.134603,-13.43,0.0,32.0,0,0
2026-03-10 20:53:10.134603,-13.27,0.0,32.0,0,0
2026-03-10 20:53:15.134603,-13.19,0.0,32.0,0,0
2026-03-10 20:53:20.134603,-12.77,16.89,52.36,1,2
2026-03-10 20:53:25.134603,-13.64,9.41,39.24,0,1
2026-03-10 20:53:30.134603,-12.79,14.52,42.03,1,2
2026-03-10 20:53:35.134603,-12.82,15.8,43.45,1,2
2026-03-10 20:53:40.134603,-13.38,9.09,34.2,0,1
2026-03-10 20:53:45.134603,-13.79,0.0,32.0,0,0
2026-03-10 20:53:50.134603,-13.21,16.61,36.76,1,2
2026-03-10 20:53:55.134603,-12.89,15.53,42.81,1,2
2026-03-10 20:54:00.134603,-13.9,0.0,32.0,0,0
2026-03-10 20:54:05.134603,-13.36,9.76,39.02,0,1
2026-03-10 20:54:10.134603,-13.64,10.48,33.9,0,1
2026-03-10 20:54:15.134603,-13.5,0.0,32.0,0,0
2026-03-10 20:54:20.134603,-13.67,11.41,37.24,0,1
2026-03-10 20:54:25.134603,-12.93,16.16,54.43,1,2
2026-03-10 20:54:30.134603,-13.47,9.47,30.76,0,1
2026-03-10 20:54:35.134603,-13.95,0.0,32.0,0,0
2026-03-10 20:54:40.134603,-13.03,15.23,45.11,1,2
2026-03-10 20:54:45.134603,-13.81,0.0,32.0,0,0
2026-03-10 20:54:50.134603,-13.08,0.0,32.0,0,0
2026-03-10 20:54:55.134603,-13.05,13.52,50.27,1,2
2026-03-10 20:55:00.134603,-13.57,0.0,32.0,0,0
2026-03-10 20:55:05.134603,-13.12,0.0,32.0,0,0
2026-03-10 20:55:10.134603,-13.43,0.0,32.0,0,0
2026-03-10 20:55:15.134603,-13.17,0.0,32.0,0,0
2026-03-10 20:55:20.134603,-13.48,10.42,38.5,0,1
2026-03-10 20:55:25.134603,-13.36,10.08,35.25,0,1
2026-03-10 20:55:30.134603,-12.93,14.97,48.0,1,2
2026-03-10 20:55:35.134603,-13.12,17.9,53.5,1,2
2026-03-10 20:55:40.134603,-13.38,0.0,32.0,0,0
2026-03-10 20:55:45.134603,-13.48,0.0,32.0,0,0
2026-03-10 20:55:50.134603,-13.54,9.57,33.74,0,1
2026-03-10 20:55:55.134603,-13.28,17.88,51.76,1,2
2026-03-10 20:56:00.134603,-13.13,0.0,32.0,0,0
2026-03-10 20:56:05.134603,-12.78,14.65,50.18,1,2
2026-03-10 20:56:10.134603,-13.09,0.0,32.0,0,0
2026-03-10 20:56:15.134603,-12.92,15.77,54.23,1,2
2026-03-10 20:56:20.134603,-13.13,0.0,32.0,0,0
2026-03-10 20:56:25.134603,-13.15,0.0,32.0,0,0
2026-03-10 20:56:30.134603,-13.4,11.78,37.94,0,1
2026-03-10 20:56:35.134603,-13.62,0.0,32.0,0,0
2026-03-10 20:56:40.134603,-13.38,9.64,38.2,0,1
2026-03-10 20:56:45.134603,-13.02,0.0,32.0,0,0
2026-03-10 20:56:50.134603,-13.68,10.53,30.45,0,1
2026-03-10 20:56:55.134603,-13.41,11.63,35.54,0,1
2026-03-10 20:57:00.134603,-13.62,9.6,34.3,0,1
2026-03-10 20:57:05.134603,-13.37,9.55,30.36,0,1
2026-03-10 20:57:10.134603,-13.4,0.0,32.0,0,0
2026-03-10 20:57:15.134603,-13.89,0.0,32.0,0,0
2026-03-10 20:57:20.134603,-13.7,0.0,32.0,0,0
2026-03-10 20:57:25.134603,-13.46,9.77,37.24,0,1
2026-03-10 20:57:30.134603,-13.56,11.64,37.36,0,1
2026-03-10 20:57:35.134603,-12.98,17.98,35.86,1,2
2026-03-10 20:57:40.134603,-13.49,0.0,32.0,0,0
2026-03-10 20:57:45.134603,-13.62,9.6,38.8,0,1
2026-03-10 20:57:50.134603,-13.08,0.0,32.0,0,0
2026-03-10 20:57:55.134603,-13.14,0.0,32.0,0,0
2026-03-10 20:58:00.134603,-12.9,14.07,36.63,1,2
2026-03-10 20:58:05.134603,-13.02,13.04,48.14,1,2
2026-03-10 20:58:10.134603,-13.27,15.55,43.63,1,2
2026-03-10 20:58:15.134603,-13.5,9.5,36.24,0,1
2026-03-10 20:58:20.134603,-13.7,10.02,35.17,0,1
2026-03-10 20:58:25.134603,-12.88,16.31,47.54,1,2
2026-03-10 20:58:30.134603,-13.36,0.0,32.0,0,0
2026-03-10 20:58:35.134603,-13.41,9.29,33.79,0,1
2026-03-10 20:58:40.134603,-13.32,9.83,30.78,0,1
2026-03-10 20:58:45.134603,-13.36,10.32,31.55,0,1
2026-03-10 20:58:50.134603,-13.55,9.36,33.09,0,1
2026-03-10 20:58:55.134603,-13.24,0.0,32.0,0,0
2026-03-10 20:59:00.134603,-13.46,0.0,32.0,0,0
2026-03-10 20:59:05.134603,-13.69,9.14,31.97,0,1
2026-03-10 20:59:10.134603,-12.74,13.74,36.66,1,2
2026-03-10 20:59:15.134603,-12.94,14.59,39.88,1,2
2026-03-10 20:59:20.134603,-13.57,0.0,32.0,0,0
2026-03-10 20:59:25.134603,-12.91,13.95,49.45,1,2
2026-03-10 20:59:30.134603,-13.49,0.0,32.0,0,0
2026-03-10 20:59:35.134603,-13.13,14.93,43.06,1,2
2026-03-10 20:59:40.134603,-14.0,0.0,32.0,0,0
2026-03-10 20:59:45.134603,-13.23,14.17,50.63,1,2
2026-03-10 20:59:50.134603,-13.18,0.0,32.0,0,0
2026-03-10 20:59:55.134603,-13.25,0.0,32.0,0,0
2026-03-10 21:00:00.134603,-13.18,15.39,43.38,1,2
2026-03-10 21:00:05.134603,-13.89,0.0,32.0,0,0
2026-03-10 21:00:10.134603,-13.41,11.76,31.33,0,1
2026-03-10 21:00:15.134603,-13.03,17.65,45.41,1,2
2026-03-10 21:00:20.134603,-12.8,14.67,39.04,1,2
2026-03-10 21:00:25.134603,-13.55,11.07,35.74,0,1
2026-03-10 21:00:30.134603,-13.44,10.26,38.96,0,1
2026-03-10 21:00:35.134603,-13.69,10.86,36.13,0,1
2026-03-10 21:00:40.134603,-13.0,17.74,50.13,1,2
2026-03-10 21:00:45.134603,-13.49,0.0,32.0,0,0
2026-03-10 21:00:50.134603,-13.36,0.0,32.0,0,0
2026-03-10 21:00:55.134603,-13.18,0.0,32.0,0,0
2026-03-10 21:01:00.134603,-13.59,11.13,33.1,0,1
2026-03-10 21:01:05.134603,-13.59,9.83,38.55,0,1
2026-03-10 21:01:10.134603,-13.48,11.05,35.55,0,1
2026-03-10 21:01:15.134603,-13.01,15.56,53.59,1,2
2026-03-10 21:01:20.134603,-13.47,10.8,31.48,0,1
2026-03-10 21:01:25.134603,-13.28,13.47,45.06,1,2
2026-03-10 21:01:30.134603,-13.98,0.0,32.0,0,0
2026-03-10 21:01:35.134603,-13.27,0.0,32.0,0,0
2026-03-10 21:01:40.134603,-13.74,0.0,32.0,0,0
2026-03-10 21:01:45.134603,-13.19,17.05,54.57,1,2
2026-03-10 21:01:50.134603,-12.75,14.88,42.74,1,2
2026-03-10 21:01:55.134603,-13.67,11.06,32.09,0,1
2026-03-10 21:02:00.134603,-13.46,10.45,33.06,0,1
2026-03-10 21:02:05.134603,-13.19,17.65,54.42,1,2
2026-03-10 21:02:10.134603,-13.4,0.0,32.0,0,0
2026-03-10 21:02:15.134603,-13.45,9.12,38.12,0,1
2026-03-10 21:02:20.134603,-12.96,13.68,46.27,1,2
2026-03-10 21:02:25.134603,-13.34,0.0,32.0,0,0
2026-03-10 21:02:30.134603,-13.45,11.34,36.09,0,1
2026-03-10 21:02:35.134603,-13.34,0.0,32.0,0,0
2026-03-10 21:02:40.134603,-13.67,9.09,33.93,0,1
2026-03-10 21:02:45.134603,-12.89,17.5,45.49,1,2
2026-03-10 21:02:50.134603,-13.24,13.38,47.74,1,2
2026-03-10 21:02:55.134603,-12.86,15.54,47.01,1,2
2026-03-10 21:03:00.134603,-13.26,14.79,45.23,1,2
2026-03-10 21:03:05.134603,-13.48,10.27,34.48,0,1
2026-03-10 21:03:10.134603,-13.24,14.74,45.06,1,2
2026-03-10 21:03:15.134603,-13.41,10.81,34.62,0,1
2026-03-10 21:03:20.134603,-13.04,17.67,42.41,1,2
2026-03-10 21:03:25.134603,-12.85,14.76,47.82,1,2
2026-03-10 21:03:30.134603,-13.41,11.47,30.09,0,1
2026-03-10 21:03:35.134603,-13.04,16.3,49.67,1,2
2026-03-10 21:03:40.134603,-12.96,15.04,46.66,1,2
2026-03-10 21:03:45.134603,-13.57,10.3,38.19,0,1
2026-03-10 21:03:50.134603,-13.13,17.09,45.17,1,2
2026-03-10 21:03:55.134603,-13.06,15.74,40.25,1,2
2026-03-10 21:04:00.134603,-13.59,0.0,32.0,0,0
2026-03-10 21:04:05.134603,-13.55,9.34,35.41,0,1
2026-03-10 21:04:10.134603,-12.92,17.51,51.93,1,2
2026-03-10 21:04:15.134603,-13.27,15.32,53.11,1,2
2026-03-10 21:04:20.134603,-13.76,0.0,32.0,0,0
2026-03-10 21:04:25.134603,-13.16,17.01,35.6,1,2
2026-03-10 21:04:30.134603,-13.11,0.0,32.0,0,0
2026-03-10 21:04:35.134603,-12.76,17.11,45.69,1,2
2026-03-10 21:04:40.134603,-12.89,15.2,47.71,1,2
2026-03-10 21:04:45.134603,-13.32,9.06,39.03,0,1
2026-03-10 21:04:50.134603,-12.96,15.29,42.95,1,2
2026-03-10 21:04:55.134603,-13.0,15.03,46.74,1,2
2026-03-10 21:05:00.134603,-13.63,0.0,32.0,0,0
2026-03-10 21:05:05.134603,-13.17,16.27,51.88,1,2
2026-03-10 21:05:10.134603,-12.89,13.49,35.39,1,2
2026-03-10 21:05:15.134603,-13.56,10.69,37.55,0,1
2026-03-10 21:05:20.134603,-13.71,0.0,32.0,0,0
2026-03-10 21:05:25.134603,-13.54,0.0,32.0,0,0
2026-03-10 21:05:30.134603,-13.48,0.0,32.0,0,0
2026-03-10 21:05:35.134603,-13.91,0.0,32.0,0,0
2026-03-10 21:05:40.134603,-13.63,10.48,36.6,0,1
2026-03-10 21:05:45.134603,-13.58,11.61,38.14,0,1
2026-03-10 21:05:50.134603,-13.95,0.0,32.0,0,0
2026-03-10 21:05:55.134603,-13.65,9.87,33.43,0,1
2026-03-10 21:06:00.134603,-13.53,0.0,32.0,0,0
2026-03-10 21:06:05.134603,-13.94,0.0,32.0,0,0
2026-03-10 21:06:10.134603,-13.57,0.0,32.0,0,0
2026-03-10 21:06:15.134603,-12.81,14.5,44.45,1,2
2026-03-10 21:06:20.134603,-13.19,14.75,35.04,1,2
2026-03-10 21:06:25.134603,-13.24,14.82,53.9,1,2
2026-03-10 21:06:30.134603,-13.62,9.8,38.72,0,1
2026-03-10 21:06:35.134603,-13.41,9.75,33.16,0,1
2026-03-10 21:06:40.134603,-12.78,17.35,40.44,1,2
2026-03-10 21:06:45.134603,-13.09,0.0,32.0,0,0
2026-03-10 21:06:50.134603,-13.25,14.24,54.96,1,2
2026-03-10 21:06:55.134603,-13.36,10.69,33.35,0,1
2026-03-10 21:07:00.134603,-13.64,0.0,32.0,0,0
2026-03-10 21:07:05.134603,-13.28,17.93,50.47,1,2
2026-03-10 21:07:10.134603,-13.1,14.1,53.88,1,2
2026-03-10 21:07:15.134603,-13.78,0.0,32.0,0,0
2026-03-10 21:07:20.134603,-13.39,0.0,32.0,0,0
2026-03-10 21:07:25.134603,-13.55,10.24,37.06,0,1
2026-03-10 21:07:30.134603,-13.33,11.63,30.31,0,1
2026-03-10 21:07:35.134603,-12.98,17.21,44.53,1,2
2026-03-10 21:07:40.134603,-13.64,9.46,33.96,0,1
2026-03-10 21:07:45.134603,-13.45,10.09,34.9,0,1
2026-03-10 21:07:50.134603,-13.08,0.0,32.0,0,0
2026-03-10 21:07:55.134603,-12.98,15.5,38.12,1,2
2026-03-10 21:08:00.134603,-13.55,0.0,32.0,0,0
2026-03-10 21:08:05.134603,-13.54,10.54,38.64,0,1
2026-03-10 21:08:10.134603,-12.95,15.23,35.63,1,2
2026-03-10 21:08:15.134603,-13.11,0.0,32.0,0,0
2026-03-10 21:08:20.134603,-13.45,11.96,31.91,0,1
2026-03-10 21:08:25.134603,-13.76,0.0,32.0,0,0
2026-03-10 21:08:30.134603,-13.53,11.21,35.04,0,1
2026-03-10 21:08:35.134603,-13.67,9.8,39.21,0,1
2026-03-10 21:08:40.134603,-13.93,0.0,32.0,0,0
2026-03-10 21:08:45.134603,-13.03,15.7,45.53,1,2
2026-03-10 21:08:50.134603,-13.47,0.0,32.0,0,0
2026-03-10 21:08:55.134603,-12.99,13.36,48.6,1,2
2026-03-10 21:09:00.134603,-13.95,0.0,32.0,0,0
2026-03-10 21:09:05.134603,-12.74,17.84,43.14,1,2
2026-03-10 21:09:10.134603,-13.82,0.0,32.0,0,0
2026-03-10 21:09:15.134603,-13.88,0.0,32.0,0,0
2026-03-10 21:09:20.134603,-13.72,0.0,32.0,0,0
2026-03-10 21:09:25.134603,-13.02,17.26,54.07,1,2
2026-03-10 21:09:30.134603,-13.08,13.6,35.29,1,2
2026-03-10 21:09:35.134603,-12.95,16.46,48.05,1,2
2026-03-10 21:09:40.134603,-12.95,14.41,35.96,1,2
2026-03-10 21:09:45.134603,-12.93,16.01,50.79,1,2
2026-03-10 21:09:50.134603,-13.6,11.83,38.35,0,1
2026-03-10 21:09:55.134603,-13.72,0.0,32.0,0,0
2026-03-10 21:10:00.134603,-13.2,15.92,42.23,1,2
2026-03-10 21:10:05.134603,-13.0,16.89,43.55,1,2
2026-03-10 21:10:10.134603,-12.91,17.63,38.94,1,2
2026-03-10 21:10:15.134603,-13.09,14.8,43.05,1,2
2026-03-10 21:10:20.134603,-13.36,0.0,32.0,0,0
2026-03-10 21:10:25.134603,-12.8,14.59,45.75,1,2
2026-03-10 21:10:30.134603,-13.76,0.0,32.0,0,0
2026-03-10 21:10:35.134603,-13.6,0.0,32.0,0,0
2026-03-10 21:10:40.134603,-13.44,0.0,32.0,0,0
2026-03-10 21:10:45.134603,-13.28,0.0,32.0,0,0
2026-03-10 21:10:50.134603,-12.8,15.43,43.48,1,2
2026-03-10 21:10:55.134603,-13.16,17.82,50.91,1,2
2026-03-10 21:11:00.134603,-13.69,0.0,32.0,0,0
2026-03-10 21:11:05.134603,-13.26,16.5,49.82,1,2
2026-03-10 21:11:10.134603,-13.16,15.38,35.98,1,2
2026-03-10 21:11:15.134603,-13.49,11.17,38.54,0,1
2026-03-10 21:11:20.134603,-13.53,11.38,31.77,0,1
2026-03-10 21:11:25.134603,-13.31,9.47,36.56,0,1
2026-03-10 21:11:30.134603,-12.89,13.74,40.51,1,2
2026-03-10 21:11:35.134603,-13.62,11.8,37.5,0,1
2026-03-10 21:11:40.134603,-13.76,0.0,32.0,0,0
2026-03-10 21:11:45.134603,-13.36,9.73,31.94,0,1
2026-03-10 21:11:50.134603,-13.38,0.0,32.0,0,0
2026-03-10 21:11:55.134603,-13.64,9.26,34.81,0,1
2026-03-10 21:12:00.134603,-13.1,17.33,49.39,1,2
2026-03-10 21:12:05.134603,-13.1,17.51,46.23,1,2
2026-03-10 21:12:10.134603,-13.52,10.95,34.87,0,1
2026-03-10 21:12:15.134603,-13.31,0.0,32.0,0,0
2026-03-10 21:12:20.134603,-13.04,17.0,35.53,1,2
2026-03-10 21:12:25.134603,-13.29,0.0,32.0,0,0
2026-03-10 21:12:30.134603,-13.57,11.78,38.27,0,1
2026-03-10 21:12:35.134603,-13.0,0.0,32.0,0,0
2026-03-10 21:12:40.134603,-13.03,16.2,54.91,1,2
2026-03-10 21:12:45.134603,-13.64,11.4,36.96,0,1
2026-03-10 21:12:50.134603,-13.88,0.0,32.0,0,0
2026-03-10 21:12:55.134603,-13.04,13.74,36.61,1,2
2026-03-10 21:13:00.134603,-12.71,13.49,52.35,1,2
2026-03-10 21:13:05.134603,-13.38,0.0,32.0,0,0
2026-03-10 21:13:10.134603,-13.4,0.0,32.0,0,0
2026-03-10 21:13:15.134603,-13.04,14.09,42.26,1,2
2026-03-10 21:13:20.134603,-13.51,0.0,32.0,0,0
2026-03-10 21:13:25.134603,-13.31,10.68,34.13,0,1
2026-03-10 21:13:30.134603,-13.93,0.0,32.0,0,0
2026-03-10 21:13:35.134603,-12.87,15.92,39.63,1,2
2026-03-10 21:13:40.134603,-13.66,0.0,32.0,0,0
2026-03-10 21:13:45.134603,-13.86,0.0,32.0,0,0
2026-03-10 21:13:50.134603,-13.51,10.79,36.9,0,1
2026-03-10 21:13:55.134603,-12.74,16.53,43.3,1,2
2026-03-10 21:14:00.134603,-13.49,11.49,35.25,0,1
2026-03-10 21:14:05.134603,-12.86,16.68,41.6,1,2
2026-03-10 21:14:10.134603,-13.49,9.3,36.96,0,1
2026-03-10 21:14:15.134603,-13.32,9.95,35.04,0,1
2026-03-10 21:14:20.134603,-13.41,10.56,39.25,0,1
2026-03-10 21:14:25.134603,-13.64,0.0,32.0,0,0
2026-03-10 21:14:30.134603,-13.16,13.78,42.13,1,2
2026-03-10 21:14:35.134603,-13.73,0.0,32.0,0,0
2026-03-10 21:14:40.134603,-13.35,0.0,32.0,0,0
2026-03-10 21:14:45.134603,-13.25,16.85,51.44,1,2
2026-03-10 21:14:50.134603,-12.82,15.79,49.8,1,2
2026-03-10 21:14:55.134603,-13.82,0.0,32.0,0,0
2026-03-10 21:15:00.134603,-13.46,0.0,32.0,0,0
2026-03-10 21:15:05.134603,-13.83,0.0,32.0,0,0
2026-03-10 21:15:10.134603,-13.23,16.18,45.47,1,2
2026-03-10 21:15:15.134603,-13.6,0.0,32.0,0,0
2026-03-10 21:15:20.134603,-13.5,0.0,32.0,0,0
2026-03-10 21:15:25.134603,-13.41,9.15,31.96,0,1
2026-03-10 21:15:30.134603,-13.5,9.12,34.67,0,1
2026-03-10 21:15:35.134603,-12.88,13.7,43.33,1,2
2026-03-10 21:15:40.134603,-13.13,15.32,52.02,1,2
2026-03-10 21:15:45.134603,-12.94,13.05,50.83,1,2
2026-03-10 21:15:50.134603,-13.14,15.53,46.19,1,2
2026-03-10 21:15:55.134603,-13.23,14.82,52.14,1,2
2026-03-10 21:16:00.134603,-13.2,14.08,48.54,1,2
2026-03-10 21:16:05.134603,-13.28,17.66,52.75,1,2
2026-03-10 21:16:10.134603,-13.2,17.45,37.8,1,2
2026-03-10 21:16:15.134603,-13.6,9.37,33.18,0,1
2026-03-10 21:16:20.134603,-13.61,11.3,34.44,0,1
2026-03-10 21:16:25.134603,-13.59,10.69,39.7,0,1
2026-03-10 21:16:30.134603,-13.48,9.84,38.56,0,1
2026-03-10 21:16:35.134603,-13.18,0.0,32.0,0,0
2026-03-10 21:16:40.134603,-13.2,0.0,32.0,0,0
2026-03-10 21:16:45.134603,-13.51,0.0,32.0,0,0
2026-03-10 21:16:50.134603,-13.91,0.0,32.0,0,0
2026-03-10 21:16:55.134603,-13.37,10.62,32.83,0,1
2026-03-10 21:17:00.134603,-13.68,0.0,32.0,0,0
2026-03-10 21:17:05.134603,-13.31,9.94,37.63,0,1
2026-03-10 21:17:10.134603,-13.36,0.0,32.0,0,0
2026-03-10 21:17:15.134603,-13.38,10.69,30.48,0,1
2026-03-10 21:17:20.134603,-13.96,0.0,32.0,0,0
2026-03-10 21:17:25.134603,-13.45,0.0,32.0,0,0
2026-03-10 21:17:30.134603,-13.38,9.52,37.6,0,1
2026-03-10 21:17:35.134603,-13.49,9.21,34.18,0,1
2026-03-10 21:17:40.134603,-13.16,15.25,38.18,1,2
2026-03-10 21:17:45.134603,-13.33,11.76,37.95,0,1
2026-03-10 21:17:50.134603,-14.0,0.0,32.0,0,0
2026-03-10 21:17:55.134603,-13.65,9.73,34.02,0,1
2026-03-10 21:18:00.134603,-13.0,14.57,45.4,1,2
2026-03-10 21:18:05.134603,-13.32,9.93,39.2,0,1
2026-03-10 21:18:10.134603,-13.51,10.44,30.26,0,1
2026-03-10 21:18:15.134603,-13.66,9.62,36.04,0,1
2026-03-10 21:18:20.134603,-13.14,15.3,43.18,1,2
2026-03-10 21:18:25.134603,-13.64,0.0,32.0,0,0
2026-03-10 21:18:30.134603,-13.57,9.61,30.56,0,1
2026-03-10 21:18:35.134603,-13.48,0.0,32.0,0,0
2026-03-10 21:18:40.134603,-13.94,0.0,32.0,0,0
2026-03-10 21:18:45.134603,-12.71,17.2,35.68,1,2
2026-03-10 21:18:50.134603,-13.61,0.0,32.0,0,0
2026-03-10 21:18:55.134603,-12.75,16.41,35.37,1,2
2026-03-10 21:19:00.134603,-13.29,0.0,32.0,0,0
2026-03-10 21:19:05.134603,-13.59,10.02,38.84,0,1
2026-03-10 21:19:10.134603,-12.92,13.09,39.08,1,2
2026-03-10 21:19:15.134603,-13.2,0.0,32.0,0,0
2026-03-10 21:19:20.134603,-13.13,15.78,48.42,1,2
2026-03-10 21:19:25.134603,-13.44,9.8,30.39,0,1
2026-03-10 21:19:30.134603,-12.93,17.5,46.97,1,2
2026-03-10 21:19:35.134603,-13.4,9.96,32.7,0,1
2026-03-10 21:19:40.134603,-13.44,11.87,32.44,0,1
2026-03-10 21:19:45.134603,-13.83,0.0,32.0,0,0
2026-03-10 21:19:50.134603,-13.03,0.0,32.0,0,0
2026-03-10 21:19:55.134603,-13.65,10.91,32.69,0,1
2026-03-10 21:20:00.134603,-13.67,10.13,31.1,0,1
2026-03-10 21:20:05.134603,-13.07,0.0,32.0,0,0
2026-03-10 21:20:10.134603,-13.3,9.09,35.64,0,1
2026-03-10 21:20:15.134603,-13.17,15.22,49.31,1,2
2026-03-10 21:20:20.134603,-12.98,13.58,41.79,1,2
2026-03-10 21:20:25.134603,-12.84,16.37,43.81,1,2
2026-03-10 21:20:30.134603,-13.26,14.45,53.35,1,2
2026-03-10 21:20:35.134603,-13.69,9.57,30.95,0,1
2026-03-10 21:20:40.134603,-13.73,0.0,32.0,0,0
2026-03-10 21:20:45.134603,-12.84,17.32,51.49,1,2
2026-03-10 21:20:50.134603,-13.18,0.0,32.0,0,0
2026-03-10 21:20:55.134603,-13.0,17.82,49.01,1,2
2026-03-10 21:21:00.134603,-13.63,9.59,33.69,0,1
2026-03-10 21:21:05.134603,-13.45,11.79,36.99,0,1
2026-03-10 21:21:10.134603,-13.37,0.0,32.0,0,0
2026-03-10 21:21:15.134603,-13.11,0.0,32.0,0,0
2026-03-10 21:21:20.134603,-13.24,17.72,54.66,1,2
2026-03-10 21:21:25.134603,-13.06,14.72,37.93,1,2
2026-03-10 21:21:30.134603,-13.26,0.0,32.0,0,0
2026-03-10 21:21:35.134603,-12.75,15.66,36.47,1,2
2026-03-10 21:21:40.134603,-13.59,0.0,32.0,0,0
2026-03-10 21:21:45.134603,-13.22,16.01,46.76,1,2
2026-03-10 21:21:50.134603,-13.64,9.14,33.06,0,1
2026-03-10 21:21:55.134603,-14.0,0.0,32.0,0,0
2026-03-10 21:22:00.134603,-13.57,0.0,32.0,0,0
2026-03-10 21:22:05.134603,-13.34,9.28,37.77,0,1
2026-03-10 21:22:10.134603,-13.14,0.0,32.0,0,0
2026-03-10 21:22:15.134603,-13.98,0.0,32.0,0,0
2026-03-10 21:22:20.134603,-13.15,17.86,52.66,1,2
2026-03-10 21:22:25.134603,-13.03,14.4,40.14,1,2
2026-03-10 21:22:30.134603,-13.38,9.14,30.45,0,1
2026-03-10 21:22:35.134603,-12.8,14.75,43.44,1,2
2026-03-10 21:22:40.134603,-13.52,11.6,35.77,0,1
2026-03-10 21:22:45.134603,-13.09,15.66,50.18,1,2
2026-03-10 21:22:50.134603,-13.46,10.2,37.36,0,1
2026-03-10 21:22:55.134603,-13.12,17.33,46.49,1,2
2026-03-10 21:23:00.134603,-13.3,0.0,32.0,0,0
2026-03-10 21:23:05.134603,-13.43,10.99,39.18,0,1
2026-03-10 21:23:10.134603,-13.0,16.93,45.4,1,2
2026-03-10 21:23:15.134603,-13.85,0.0,32.0,0,0
2026-03-10 21:23:20.134603,-13.63,0.0,32.0,0,0
2026-03-10 21:23:25.134603,-13.43,9.21,31.71,0,1
2026-03-10 21:23:30.134603,-13.54,11.96,39.81,0,1
2026-03-10 21:23:35.134603,-13.37,10.7,37.7,0,1
2026-03-10 21:23:40.134603,-13.38,11.02,33.37,0,1
2026-03-10 21:23:45.134603,-13.21,13.88,54.35,1,2
2026-03-10 21:23:50.134603,-13.7,10.14,38.36,0,1
2026-03-10 21:23:55.134603,-13.31,0.0,32.0,0,0
2026-03-10 21:24:00.134603,-13.06,15.38,49.28,1,2
2026-03-10 21:24:05.134603,-13.12,14.24,52.17,1,2
2026-03-10 21:24:10.134603,-13.24,0.0,32.0,0,0
2026-03-10 21:24:15.134603,-13.84,0.0,32.0,0,0
2026-03-10 21:24:20.134603,-13.67,0.0,32.0,0,0
2026-03-10 21:24:25.134603,-13.27,0.0,32.0,0,0
2026-03-10 21:24:30.134603,-13.14,0.0,32.0,0,0
2026-03-10 21:24:35.134603,-13.47,0.0,32.0,0,0
2026-03-10 21:24:40.134603,-13.16,14.13,39.82,1,2
2026-03-10 21:24:45.134603,-13.5,10.73,38.23,0,1
2026-03-10 21:24:50.134603,-12.79,16.27,39.71,1,2
2026-03-10 21:24:55.134603,-13.33,9.65,34.28,0,1
2026-03-10 21:25:00.134603,-13.41,11.34,35.56,0,1
2026-03-10 21:25:05.134603,-13.57,0.0,32.0,0,0
2026-03-10 21:25:10.134603,-13.25,13.72,35.57,1,2
2026-03-10 21:25:15.134603,-13.1,14.37,40.11,1,2
2026-03-10 21:25:20.134603,-12.84,15.51,51.7,1,2
2026-03-10 21:25:25.134603,-12.88,13.42,52.18,1,2
2026-03-10 21:25:30.134603,-12.91,17.63,44.27,1,2
2026-03-10 21:25:35.134603,-13.9,0.0,32.0,0,0
2026-03-10 21:25:40.134603,-13.33,11.93,38.44,0,1
2026-03-10 21:25:45.134603,-13.6,11.6,34.11,0,1
2026-03-10 21:25:50.134603,-13.12,0.0,32.0,0,0
2026-03-10 21:25:55.134603,-13.51,0.0,32.0,0,0
2026-03-10 21:26:00.134603,-13.33,9.91,36.17,0,1
2026-03-10 21:26:05.134603,-12.99,16.53,51.5,1,2
2026-03-10 21:26:10.134603,-13.4,0.0,32.0,0,0
2026-03-10 21:26:15.134603,-12.93,16.48,54.52,1,2
2026-03-10 21:26:20.134603,-13.57,0.0,32.0,0,0
2026-03-10 21:26:25.134603,-13.69,10.32,39.49,0,1
2026-03-10 21:26:30.134603,-12.98,15.01,39.86,1,2
2026-03-10 21:26:35.134603,-13.37,9.81,35.67,0,1
2026-03-10 21:26:40.134603,-13.09,0.0,32.0,0,0
2026-03-10 21:26:45.134603,-13.54,11.81,34.61,0,1
2026-03-10 21:26:50.134603,-13.47,9.79,39.69,0,1
2026-03-10 21:26:55.134603,-13.13,0.0,32.0,0,0
2026-03-10 21:27:00.134603,-13.28,0.0,32.0,0,0
2026-03-10 21:27:05.134603,-13.87,0.0,32.0,0,0
2026-03-10 21:27:10.134603,-13.35,9.41,36.11,0,1
2026-03-10 21:27:15.134603,-13.55,0.0,32.0,0,0
2026-03-10 21:27:20.134603,-13.4,0.0,32.0,0,0
2026-03-10 21:27:25.134603,-12.7,15.99,49.76,1,2
2026-03-10 21:27:30.134603,-13.39,0.0,32.0,0,0
2026-03-10 21:27:35.134603,-13.41,0.0,32.0,0,0
2026-03-10 21:27:40.134603,-13.11,0.0,32.0,0,0
2026-03-10 21:27:45.134603,-13.83,0.0,32.0,0,0
2026-03-10 21:27:50.134603,-13.24,0.0,32.0,0,0
2026-03-10 21:27:55.134603,-13.64,0.0,32.0,0,0
2026-03-10 21:28:00.134603,-12.89,17.6,54.69,1,2
2026-03-10 21:28:05.134603,-13.19,14.88,54.64,1,2
2026-03-10 21:28:10.134603,-12.84,16.84,38.19,1,2
2026-03-10 21:28:15.134603,-12.97,14.76,45.47,1,2
2026-03-10 21:28:20.134603,-13.86,0.0,32.0,0,0
2026-03-10 21:28:25.134603,-13.33,10.77,39.27,0,1
2026-03-10 21:28:30.134603,-13.18,14.87,45.36,1,2
2026-03-10 21:28:35.134603,-13.32,10.77,36.71,0,1
2026-03-10 21:28:40.134603,-13.35,0.0,32.0,0,0
2026-03-10 21:28:45.134603,-13.98,0.0,32.0,0,0
2026-03-10 21:28:50.134603,-13.41,0.0,32.0,0,0
2026-03-10 21:28:55.134603,-13.53,11.8,37.63,0,1
2026-03-10 21:29:00.134603,-13.11,0.0,32.0,0,0
2026-03-10 21:29:05.134603,-13.04,0.0,32.0,0,0
2026-03-10 21:29:10.134603,-13.42,10.02,32.09,0,1
2026-03-10 21:29:15.134603,-13.52,0.0,32.0,0,0
2026-03-10 21:29:20.134603,-13.99,0.0,32.0,0,0
2026-03-10 21:29:25.134603,-13.77,0.0,32.0,0,0
2026-03-10 21:29:30.134603,-13.44,11.24,39.13,0,1
2026-03-10 21:29:35.134603,-13.13,15.44,44.55,1,2
2026-03-10 21:29:40.134603,-13.29,0.0,32.0,0,0
2026-03-10 21:29:45.134603,-13.03,0.0,32.0,0,0
2026-03-10 21:29:50.134603,-13.69,9.08,38.8,0,1
2026-03-10 21:29:55.134603,-13.49,9.48,33.62,0,1
2026-03-10 21:30:00.134603,-13.39,0.0,32.0,0,0
2026-03-10 21:30:05.134603,-13.18,14.08,40.78,1,2
2026-03-10 21:30:10.134603,-13.98,0.0,32.0,0,0
2026-03-10 21:30:15.134603,-13.31,9.61,37.5,0,1
2026-03-10 21:30:20.134603,-13.22,0.0,32.0,0,0
2026-03-10 21:30:25.134603,-13.3,0.0,32.0,0,0
2026-03-10 21:30:30.134603,-12.72,14.54,51.23,1,2
2026-03-10 21:30:35.134603,-13.27,17.56,42.26,1,2
2026-03-10 21:30:40.134603,-13.61,11.86,39.79,0,1
2026-03-10 21:30:45.134603,-13.28,16.49,44.38,1,2
2026-03-10 21:30:50.134603,-13.95,0.0,32.0,0,0
2026-03-10 21:30:55.134603,-13.21,14.41,48.11,1,2
2026-03-10 21:31:00.134603,-13.38,11.71,33.56,0,1
2026-03-10 21:31:05.134603,-13.63,0.0,32.0,0,0
2026-03-10 21:31:10.134603,-13.17,15.75,46.2,1,2
2026-03-10 21:31:15.134603,-13.69,10.62,31.72,0,1
2026-03-10 21:31:20.134603,-13.63,10.84,33.42,0,1
2026-03-10 21:31:25.134603,-13.39,11.72,31.57,0,1
2026-03-10 21:31:30.134603,-13.05,0.0,32.0,0,0
2026-03-10 21:31:35.134603,-13.42,11.11,30.54,0,1
2026-03-10 21:31:40.134603,-13.61,10.3,31.86,0,1
2026-03-10 21:31:45.134603,-13.31,11.75,30.01,0,1
2026-03-10 21:31:50.134603,-13.55,9.63,37.94,0,1
2026-03-10 21:31:55.134603,-13.01,15.16,51.78,1,2
2026-03-10 21:32:00.134603,-13.53,10.51,30.23,0,1
2026-03-10 21:32:05.134603,-13.32,9.96,32.83,0,1
2026-03-10 21:32:10.134603,-13.36,9.88,37.1,0,1
2026-03-10 21:32:15.134603,-13.5,10.62,30.02,0,1
2026-03-10 21:32:20.134603,-13.04,16.79,51.34,1,2
2026-03-10 21:32:25.134603,-13.18,16.27,54.12,1,2
2026-03-10 21:32:30.134603,-13.56,0.0,32.0,0,0
2026-03-10 21:32:35.134603,-13.51,0.0,32.0,0,0
2026-03-10 21:32:40.134603,-13.45,0.0,32.0,0,0
2026-03-10 21:32:45.134603,-13.14,0.0,32.0,0,0
2026-03-10 21:32:50.134603,-12.78,17.23,44.58,1,2
2026-03-10 21:32:55.134603,-13.35,11.34,34.02,0,1
2026-03-10 21:33:00.134603,-13.08,14.44,41.88,1,2
2026-03-10 21:33:05.134603,-13.14,0.0,32.0,0,0
2026-03-10 21:33:10.134603,-13.2,0.0,32.0,0,0
2026-03-10 21:33:15.134603,-13.6,10.73,30.6,0,1
2026-03-10 21:33:20.134603,-13.54,11.96,31.92,0,1
2026-03-10 21:33:25.134603,-13.22,14.73,47.56,1,2
2026-03-10 21:33:30.134603,-13.73,0.0,32.0,0,0
2026-03-10 21:33:35.134603,-13.27,13.85,49.22,1,2
2026-03-10 21:33:40.134603,-13.25,15.24,45.23,1,2
2026-03-10 21:33:45.134603,-13.22,0.0,32.0,0,0
2026-03-10 21:33:50.134603,-13.23,0.0,32.0,0,0
2026-03-10 21:33:55.134603,-13.02,15.47,39.76,1,2
2026-03-10 21:34:00.134603,-13.55,10.04,37.72,0,1
2026-03-10 21:34:05.134603,-13.66,11.99,37.05,0,1
2026-03-10 21:34:10.134603,-13.46,10.56,33.6,0,1
2026-03-10 21:34:15.134603,-13.68,0.0,32.0,0,0
2026-03-10 21:34:20.134603,-13.89,0.0,32.0,0,0
2026-03-10 21:34:25.134603,-13.2,15.69,37.65,1,2
2026-03-10 21:34:30.134603,-13.16,13.77,38.44,1,2
2026-03-10 21:34:35.134603,-13.09,17.12,49.36,1,2
2026-03-10 21:34:40.134603,-13.77,0.0,32.0,0,0
2026-03-10 21:34:45.134603,-12.77,13.41,44.18,1,2
2026-03-10 21:34:50.134603,-13.67,9.8,39.15,0,1
2026-03-10 21:34:55.134603,-13.02,0.0,32.0,0,0
2026-03-10 21:35:00.134603,-13.29,13.7,40.37,1,2
2026-03-10 21:35:05.134603,-13.45,11.04,39.3,0,1
2026-03-10 21:35:10.134603,-13.42,11.29,37.89,0,1
2026-03-10 21:35:15.134603,-13.36,0.0,32.0,0,0
2026-03-10 21:35:20.134603,-12.98,13.5,51.79,1,2
2026-03-10 21:35:25.134603,-12.78,17.71,49.52,1,2
2026-03-10 21:35:30.134603,-13.15,16.73,42.0,1,2
2026-03-10 21:35:35.134603,-13.34,0.0,32.0,0,0
2026-03-10 21:35:40.134603,-13.69,0.0,32.0,0,0
2026-03-10 21:35:45.134603,-13.33,9.42,30.48,0,1
2026-03-10 21:35:50.134603,-13.9,0.0,32.0,0,0
2026-03-10 21:35:55.134603,-13.34,11.18,33.62,0,1
2026-03-10 21:36:00.134603,-13.29,17.39,35.24,1,2
2026-03-10 21:36:05.134603,-12.91,17.4,47.45,1,2
2026-03-10 21:36:10.134603,-13.1,0.0,32.0,0,0
2026-03-10 21:36:15.134603,-13.95,0.0,32.0,0,0
2026-03-10 21:36:20.134603,-12.84,16.63,40.11,1,2
2026-03-10 21:36:25.134603,-12.98,15.48,54.57,1,2
2026-03-10 21:36:30.134603,-13.44,0.0,32.0,0,0
2026-03-10 21:36:35.134603,-13.55,9.67,39.77,0,1
2026-03-10 21:36:40.134603,-13.69,0.0,32.0,0,0
2026-03-10 21:36:45.134603,-13.05,17.57,45.91,1,2
2026-03-10 21:36:50.134603,-13.43,0.0,32.0,0,0
2026-03-10 21:36:55.134603,-13.54,10.19,36.38,0,1
2026-03-10 21:37:00.134603,-12.88,13.96,35.18,1,2
2026-03-10 21:37:05.134603,-13.29,0.0,32.0,0,0
2026-03-10 21:37:10.134603,-13.7,9.8,39.98,0,1
2026-03-10 21:37:15.134603,-12.87,13.22,43.15,1,2
2026-03-10 21:37:20.134603,-13.36,10.27,32.44,0,1
2026-03-10 21:37:25.134603,-12.98,17.14,42.56,1,2
2026-03-10 21:37:30.134603,-13.47,0.0,32.0,0,0
2026-03-10 21:37:35.134603,-13.25,17.53,44.99,1,2
2026-03-10 21:37:40.134603,-13.36,0.0,32.0,0,0
2026-03-10 21:37:45.134603,-13.55,10.42,30.08,0,1
2026-03-10 21:37:50.134603,-13.1,16.74,44.15,1,2
2026-03-10 21:37:55.134603,-13.33,0.0,32.0,0,0
2026-03-10 21:38:00.134603,-13.31,9.65,34.41,0,1
2026-03-10 21:38:05.134603,-13.65,11.48,31.69,0,1
2026-03-10 21:38:10.134603,-13.44,0.0,32.0,0,0
2026-03-10 21:38:15.134603,-13.86,0.0,32.0,0,0
2026-03-10 21:38:20.134603,-12.79,15.81,54.42,1,2
2026-03-10 21:38:25.134603,-13.62,9.5,32.74,0,1
2026-03-10 21:38:30.134603,-13.0,16.81,43.86,1,2
2026-03-10 21:38:35.134603,-13.02,17.78,48.14,1,2
2026-03-10 21:38:40.134603,-13.25,0.0,32.0,0,0
2026-03-10 21:38:45.134603,-12.88,17.47,50.59,1,2
2026-03-10 21:38:50.134603,-13.43,0.0,32.0,0,0
2026-03-10 21:38:55.134603,-13.63,9.95,37.72,0,1
2026-03-10 21:39:00.134603,-13.79,0.0,32.0,0,0
2026-03-10 21:39:05.134603,-13.67,11.0,36.58,0,1
2026-03-10 21:39:10.134603,-13.01,14.26,45.3,1,2
2026-03-10 21:39:15.134603,-13.47,11.29,32.96,0,1
2026-03-10 21:39:20.134603,-13.62,9.61,32.22,0,1
2026-03-10 21:39:25.134603,-13.1,0.0,32.0,0,0
2026-03-10 21:39:30.134603,-13.24,0.0,32.0,0,0
2026-03-10 21:39:35.134603,-13.65,10.52,33.51,0,1
2026-03-10 21:39:40.134603,-13.41,10.98,33.49,0,1
2026-03-10 21:39:45.134603,-12.93,16.03,48.95,1,2
2026-03-10 21:39:50.134603,-13.07,14.58,51.78,1,2
2026-03-10 21:39:55.134603,-13.3,0.0,32.0,0,0
2026-03-10 21:40:00.134603,-13.1,16.37,39.42,1,2
2026-03-10 21:40:05.134603,-13.94,0.0,32.0,0,0
2026-03-10 21:40:10.134603,-12.77,15.19,43.0,1,2
2026-03-10 21:40:15.134603,-13.24,0.0,32.0,0,0
2026-03-10 21:40:20.134603,-13.87,0.0,32.0,0,0
2026-03-10 21:40:25.134603,-13.12,17.77,49.44,1,2
2026-03-10 21:40:30.134603,-12.8,15.34,45.96,1,2
2026-03-10 21:40:35.134603,-13.15,0.0,32.0,0,0
2026-03-10 21:40:40.134603,-13.33,11.89,31.51,0,1
2026-03-10 21:40:45.134603,-13.68,9.58,38.4,0,1
2026-03-10 21:40:50.134603,-13.19,17.96,38.48,1,2
2026-03-10 21:40:55.134603,-13.02,15.51,35.4,1,2
2026-03-10 21:41:00.134603,-13.2,13.75,53.2,1,2
2026-03-10 21:41:05.134603,-12.72,17.93,39.05,1,2
2026-03-10 21:41:10.134603,-13.54,0.0,32.0,0,0
2026-03-10 21:41:15.134603,-12.9,13.29,37.76,1,2
2026-03-10 21:41:20.134603,-13.54,0.0,32.0,0,0
2026-03-10 21:41:25.134603,-13.42,0.0,32.0,0,0
2026-03-10 21:41:30.134603,-13.42,11.58,32.12,0,1
2026-03-10 21:41:35.134603,-13.36,9.58,37.61,0,1
2026-03-10 21:41:40.134603,-12.85,15.84,41.39,1,2
2026-03-10 21:41:45.134603,-13.6,0.0,32.0,0,0
2026-03-10 21:41:50.134603,-13.67,11.65,33.92,0,1
2026-03-10 21:41:55.134603,-13.22,0.0,32.0,0,0
2026-03-10 21:42:00.134603,-13.19,0.0,32.0,0,0
2026-03-10 21:42:05.134603,-12.92,15.15,45.98,1,2
2026-03-10 21:42:10.134603,-12.75,17.18,48.02,1,2
2026-03-10 21:42:15.134603,-13.32,11.79,37.34,0,1
2026-03-10 21:42:20.134603,-12.89,15.68,40.95,1,2
2026-03-10 21:42:25.134603,-13.18,0.0,32.0,0,0
2026-03-10 21:42:30.134603,-13.69,10.57,39.63,0,1
2026-03-10 21:42:35.134603,-12.87,13.42,53.54,1,2
2026-03-10 21:42:40.134603,-13.62,0.0,32.0,0,0
2026-03-10 21:42:45.134603,-13.29,0.0,32.0,0,0
2026-03-10 21:42:50.134603,-13.22,0.0,32.0,0,0
2026-03-10 21:42:55.134603,-13.22,15.97,44.76,1,2
2026-03-10 21:43:00.134603,-13.04,16.08,41.41,1,2
2026-03-10 21:43:05.134603,-13.13,17.38,48.48,1,2
2026-03-10 21:43:10.134603,-12.92,14.19,38.04,1,2
2026-03-10 21:43:15.134603,-13.39,9.0,33.92,0,1
2026-03-10 21:43:20.134603,-13.67,0.0,32.0,0,0
2026-03-10 21:43:25.134603,-13.34,11.99,34.57,0,1
2026-03-10 21:43:30.134603,-13.68,0.0,32.0,0,0
2026-03-10 21:43:35.134603,-13.1,16.9,35.76,1,2
2026-03-10 21:43:40.134603,-13.06,0.0,32.0,0,0
2026-03-10 21:43:45.134603,-13.64,9.84,39.88,0,1
2026-03-10 21:43:50.134603,-13.39,10.21,36.08,0,1
2026-03-10 21:43:55.134603,-13.29,14.6,42.07,1,2
2026-03-10 21:44:00.134603,-13.43,0.0,32.0,0,0
2026-03-10 21:44:05.134603,-13.32,11.12,38.06,0,1
2026-03-10 21:44:10.134603,-13.51,9.92,31.3,0,1
2026-03-10 21:44:15.134603,-13.91,0.0,32.0,0,0
2026-03-10 21:44:20.134603,-13.09,15.76,49.17,1,2
2026-03-10 21:44:25.134603,-13.59,11.34,37.97,0,1
2026-03-10 21:44:30.134603,-13.48,9.64,31.57,0,1
2026-03-10 21:44:35.134603,-12.97,13.2,41.57,1,2
2026-03-10 21:44:40.134603,-13.18,0.0,32.0,0,0
2026-03-10 21:44:45.134603,-13.22,17.14,41.37,1,2
2026-03-10 21:44:50.134603,-12.83,15.61,44.75,1,2
2026-03-10 21:44:55.134603,-13.53,0.0,32.0,0,0
2026-03-10 21:45:00.134603,-13.16,15.15,36.32,1,2
2026-03-10 21:45:05.134603,-13.28,13.96,49.7,1,2
2026-03-10 21:45:10.134603,-12.86,13.18,41.03,1,2
2026-03-10 21:45:15.134603,-12.71,15.91,54.34,1,2
2026-03-10 21:45:20.134603,-13.22,0.0,32.0,0,0
2026-03-10 21:45:25.134603,-13.09,13.25,35.69,1,2
2026-03-10 21:45:30.134603,-13.7,10.63,38.07,0,1
2026-03-10 21:45:35.134603,-13.01,16.09,38.81,1,2
2026-03-10 21:45:40.134603,-12.79,16.75,49.26,1,2
2026-03-10 21:45:45.134603,-13.01,0.0,32.0,0,0
2026-03-10 21:45:50.134603,-13.51,9.46,30.37,0,1
2026-03-10 21:45:55.134603,-12.92,15.57,47.74,1,2
2026-03-10 21:46:00.134603,-13.52,11.0,37.44,0,1
2026-03-10 21:46:05.134603,-13.62,9.92,32.03,0,1
2026-03-10 21:46:10.134603,-12.93,16.68,54.3,1,2
2026-03-10 21:46:15.134603,-13.29,16.39,41.07,1,2
2026-03-10 21:46:20.134603,-13.55,10.21,33.43,0,1
2026-03-10 21:46:25.134603,-12.9,17.85,43.04,1,2
2026-03-10 21:46:30.134603,-13.85,0.0,32.0,0,0
2026-03-10 21:46:35.134603,-13.08,0.0,32.0,0,0
2026-03-10 21:46:40.134603,-13.4,9.57,32.27,0,1
2026-03-10 21:46:45.134603,-13.33,10.29,31.28,0,1
2026-03-10 21:46:50.134603,-13.8,0.0,32.0,0,0
2026-03-10 21:46:55.134603,-13.4,0.0,32.0,0,0
2026-03-10 21:47:00.134603,-13.61,10.51,32.84,0,1
2026-03-10 21:47:05.134603,-13.37,0.0,32.0,0,0
2026-03-10 21:47:10.134603,-13.97,0.0,32.0,0,0
2026-03-10 21:47:15.134603,-12.82,13.82,51.16,1,2
2026-03-10 21:47:20.134603,-13.21,15.5,43.48,1,2
2026-03-10 21:47:25.134603,-13.63,10.52,38.62,0,1
2026-03-10 21:47:30.134603,-13.65,9.75,39.05,0,1
2026-03-10 21:47:35.134603,-13.12,17.44,47.26,1,2
2026-03-10 21:47:40.134603,-13.73,0.0,32.0,0,0
2026-03-10 21:47:45.134603,-13.58,0.0,32.0,0,0
2026-03-10 21:47:50.134603,-13.13,13.79,46.04,1,2
2026-03-10 21:47:55.134603,-13.18,0.0,32.0,0,0
2026-03-10 21:48:00.134603,-12.97,17.02,49.73,1,2
2026-03-10 21:48:05.134603,-12.77,16.02,54.05,1,2
2026-03-10 21:48:10.134603,-13.3,17.48,43.55,1,2
2026-03-10 21:48:15.134603,-13.36,0.0,32.0,0,0
2026-03-10 21:48:20.134603,-13.74,0.0,32.0,0,0
2026-03-10 21:48:25.134603,-13.21,17.77,50.32,1,2
2026-03-10 21:48:30.134603,-13.43,11.21,37.57,0,1
2026-03-10 21:48:35.134603,-12.73,13.75,45.07,1,2
2026-03-10 21:48:40.134603,-13.48,0.0,32.0,0,0
2026-03-10 21:48:45.134603,-13.6,0.0,32.0,0,0
2026-03-10 21:48:50.134603,-13.63,0.0,32.0,0,0
2026-03-10 21:48:55.134603,-13.31,10.59,31.67,0,1
2026-03-10 21:49:00.134603,-13.32,9.24,36.09,0,1
2026-03-10 21:49:05.134603,-13.01,14.18,35.02,1,2
2026-03-10 21:49:10.134603,-13.56,10.96,30.95,0,1
2026-03-10 21:49:15.134603,-13.01,13.62,46.52,1,2
2026-03-10 21:49:20.134603,-13.63,0.0,32.0,0,0
2026-03-10 21:49:25.134603,-13.23,0.0,32.0,0,0
2026-03-10 21:49:30.134603,-12.91,14.78,50.7,1,2
2026-03-10 21:49:35.134603,-12.82,13.02,52.24,1,2
2026-03-10 21:49:40.134603,-13.83,0.0,32.0,0,0
2026-03-10 21:49:45.134603,-13.06,15.75,48.85,1,2
2026-03-10 21:49:50.134603,-13.71,0.0,32.0,0,0
2026-03-10 21:49:55.134603,-13.87,0.0,32.0,0,0
2026-03-10 21:50:00.134603,-13.16,17.87,51.91,1,2
2026-03-10 21:50:05.134603,-12.86,13.22,48.15,1,2
2026-03-10 21:50:10.134603,-13.55,0.0,32.0,0,0
2026-03-10 21:50:15.134603,-13.52,9.02,31.64,0,1
2026-03-10 21:50:20.134603,-13.62,0.0,32.0,0,0
2026-03-10 21:50:25.134603,-13.84,0.0,32.0,0,0
2026-03-10 21:50:30.134603,-13.67,10.52,36.99,0,1
2026-03-10 21:50:35.134603,-13.34,0.0,32.0,0,0
2026-03-10 21:50:40.134603,-13.79,0.0,32.0,0,0
2026-03-10 21:50:45.134603,-13.18,0.0,32.0,0,0
2026-03-10 21:50:50.134603,-13.41,9.55,37.84,0,1
2026-03-10 21:50:55.134603,-13.33,10.16,37.61,0,1
2026-03-10 21:51:00.134603,-13.03,16.85,42.89,1,2
2026-03-10 21:51:05.134603,-13.02,0.0,32.0,0,0
2026-03-10 21:51:10.134603,-12.81,14.63,48.86,1,2
2026-03-10 21:51:15.134603,-13.39,11.39,37.86,0,1
2026-03-10 21:51:20.134603,-13.04,0.0,32.0,0,0
2026-03-10 21:51:25.134603,-13.48,0.0,32.0,0,0
2026-03-10 21:51:30.134603,-12.98,16.71,35.5,1,2
2026-03-10 21:51:35.134603,-13.11,0.0,32.0,0,0
2026-03-10 21:51:40.134603,-12.95,16.0,42.0,1,2
2026-03-10 21:51:45.134603,-13.38,11.9,34.53,0,1
2026-03-10 21:51:50.134603,-13.26,0.0,32.0,0,0
2026-03-10 21:51:55.134603,-13.26,0.0,32.0,0,0
2026-03-10 21:52:00.134603,-13.48,10.91,38.63,0,1
2026-03-10 21:52:05.134603,-13.94,0.0,32.0,0,0
2026-03-10 21:52:10.134603,-13.28,16.75,46.75,1,2
2026-03-10 21:52:15.134603,-13.57,9.23,39.29,0,1
2026-03-10 21:52:20.134603,-13.66,9.26,31.39,0,1
2026-03-10 21:52:25.134603,-12.79,14.8,53.25,1,2
2026-03-10 21:52:30.134603,-13.49,11.09,37.67,0,1
2026-03-10 21:52:35.134603,-13.45,9.09,38.0,0,1
2026-03-10 21:52:40.134603,-13.54,11.22,32.06,0,1
2026-03-10 21:52:45.134603,-13.55,9.88,37.34,0,1
2026-03-10 21:52:50.134603,-13.4,10.06,34.66,0,1
2026-03-10 21:52:55.134603,-13.5,10.19,33.19,0,1
2026-03-10 21:53:00.134603,-13.61,10.47,32.37,0,1
2026-03-10 21:53:05.134603,-13.38,9.46,38.17,0,1
2026-03-10 21:53:10.134603,-13.15,0.0,32.0,0,0
2026-03-10 21:53:15.134603,-13.65,11.51,33.64,0,1
2026-03-10 21:53:20.134603,-13.3,0.0,32.0,0,0
2026-03-10 21:53:25.134603,-13.41,9.7,34.65,0,1
2026-03-10 21:53:30.134603,-13.02,13.14,44.21,1,2
2026-03-10 21:53:35.134603,-13.59,0.0,32.0,0,0
2026-03-10 21:53:40.134603,-13.15,0.0,32.0,0,0
2026-03-10 21:53:45.134603,-13.68,9.64,38.97,0,1
2026-03-10 21:53:50.134603,-13.62,9.18,37.34,0,1
2026-03-10 21:53:55.134603,-13.16,0.0,32.0,0,0
2026-03-10 21:54:00.134603,-13.13,0.0,32.0,0,0
2026-03-10 21:54:05.134603,-13.45,11.99,36.09,0,1
2026-03-10 21:54:10.134603,-13.69,11.72,38.04,0,1
2026-03-10 21:54:15.134603,-12.72,15.29,38.21,1,2
2026-03-10 21:54:20.134603,-12.91,16.02,40.03,1,2
2026-03-10 21:54:25.134603,-13.41,10.81,39.99,0,1
2026-03-10 21:54:30.134603,-13.46,10.38,30.54,0,1
2026-03-10 21:54:35.134603,-13.21,13.39,51.8,1,2
2026-03-10 21:54:40.134603,-13.39,11.61,37.6,0,1
2026-03-10 21:54:45.134603,-13.06,14.65,48.57,1,2
2026-03-10 21:54:50.134603,-13.45,0.0,32.0,0,0
2026-03-10 21:54:55.134603,-12.84,14.74,40.62,1,2
2026-03-10 21:55:00.134603,-13.59,10.55,33.26,0,1
2026-03-10 21:55:05.134603,-13.58,0.0,32.0,0,0
2026-03-10 21:55:10.134603,-13.49,0.0,32.0,0,0
2026-03-10 21:55:15.134603,-13.84,0.0,32.0,0,0
2026-03-10 21:55:20.134603,-13.85,0.0,32.0,0,0
2026-03-10 21:55:25.134603,-13.97,0.0,32.0,0,0
2026-03-10 21:55:30.134603,-13.59,9.01,30.3,0,1
2026-03-10 21:55:35.134603,-13.16,17.31,36.68,1,2
2026-03-10 21:55:40.134603,-13.48,9.46,31.03,0,1
2026-03-10 21:55:45.134603,-13.56,10.62,36.65,0,1
2026-03-10 21:55:50.134603,-13.45,10.91,33.58,0,1
2026-03-10 21:55:55.134603,-12.74,16.89,54.96,1,2
2026-03-10 21:56:00.134603,-13.46,10.13,34.52,0,1
2026-03-10 21:56:05.134603,-12.71,16.7,43.04,1,2
2026-03-10 21:56:10.134603,-13.39,11.43,37.22,0,1
2026-03-10 21:56:15.134603,-13.29,0.0,32.0,0,0
2026-03-10 21:56:20.134603,-13.4,10.38,33.39,0,1
2026-03-10 21:56:25.134603,-13.45,0.0,32.0,0,0
2026-03-10 21:56:30.134603,-13.26,15.48,46.11,1,2
2026-03-10 21:56:35.134603,-12.84,15.41,40.22,1,2
2026-03-10 21:56:40.134603,-13.49,10.04,37.39,0,1
2026-03-10 21:56:45.134603,-12.92,14.57,35.43,1,2
2026-03-10 21:56:50.134603,-13.53,0.0,32.0,0,0
2026-03-10 21:56:55.134603,-13.45,11.69,30.47,0,1
2026-03-10 21:57:00.134603,-13.33,10.54,39.44,0,1
2026-03-10 21:57:05.134603,-13.1,16.36,48.52,1,2
2026-03-10 21:57:10.134603,-13.78,0.0,32.0,0,0
2026-03-10 21:57:15.134603,-12.96,16.71,41.2,1,2
2026-03-10 21:57:20.134603,-13.45,10.71,33.84,0,1
2026-03-10 21:57:25.134603,-13.15,17.1,44.37,1,2
2026-03-10 21:57:30.134603,-13.92,0.0,32.0,0,0
2026-03-10 21:57:35.134603,-12.99,16.19,54.41,1,2
2026-03-10 21:57:40.134603,-13.21,15.53,53.17,1,2
2026-03-10 21:57:45.134603,-12.79,17.6,36.38,1,2
2026-03-10 21:57:50.134603,-13.88,0.0,32.0,0,0
2026-03-10 21:57:55.134603,-13.15,0.0,32.0,0,0
2026-03-10 21:58:00.134603,-13.53,0.0,32.0,0,0
2026-03-10 21:58:05.134603,-13.95,0.0,32.0,0,0
2026-03-10 21:58:10.134603,-13.9,0.0,32.0,0,0
2026-03-10 21:58:15.134603,-13.04,0.0,32.0,0,0
2026-03-10 21:58:20.134603,-13.34,10.2,36.16,0,1
2026-03-10 21:58:25.134603,-13.55,9.24,35.95,0,1
2026-03-10 21:58:30.134603,-13.55,9.33,33.65,0,1
2026-03-10 21:58:35.134603,-13.63,11.32,39.12,0,1
2026-03-10 21:58:40.134603,-13.67,11.14,30.63,0,1
2026-03-10 21:58:45.134603,-13.8,0.0,32.0,0,0
2026-03-10 21:58:50.134603,-13.29,14.63,36.54,1,2
2026-03-10 21:58:55.134603,-13.07,14.34,43.51,1,2
2026-03-10 21:59:00.134603,-13.37,11.21,32.31,0,1
2026-03-10 21:59:05.134603,-13.13,16.86,50.36,1,2
2026-03-10 21:59:10.134603,-12.82,15.21,50.32,1,2
2026-03-10 21:59:15.134603,-13.83,0.0,32.0,0,0
2026-03-10 21:59:20.134603,-13.2,13.94,53.31,1,2
2026-03-10 21:59:25.134603,-13.61,0.0,32.0,0,0
2026-03-10 21:59:30.134603,-13.47,11.63,37.15,0,1
2026-03-10 21:59:35.134603,-13.15,15.84,44.19,1,2
2026-03-10 21:59:40.134603,-13.32,9.69,33.39,0,1
2026-03-10 21:59:45.134603,-12.99,13.35,36.24,1,2
2026-03-10 21:59:50.134603,-12.85,13.88,52.28,1,2
2026-03-10 21:59:55.134603,-13.92,0.0,32.0,0,0
2026-03-10 22:00:00.134603,-13.71,0.0,32.0,0,0
2026-03-10 22:00:05.134603,-13.51,10.75,34.47,0,1
2026-03-10 22:00:10.134603,-13.31,9.09,35.86,0,1
2026-03-10 22:00:15.134603,-12.97,17.46,48.1,1,2
2026-03-10 22:00:20.134603,-12.73,14.97,37.3,1,2
2026-03-10 22:00:25.134603,-13.53,0.0,32.0,0,0
2026-03-10 22:00:30.134603,-13.12,0.0,32.0,0,0
2026-03-10 22:00:35.134603,-13.09,0.0,32.0,0,0
2026-03-10 22:00:40.134603,-13.23,17.73,35.28,1,2
2026-03-10 22:00:45.134603,-13.18,0.0,32.0,0,0
2026-03-10 22:00:50.134603,-13.69,9.94,37.38,0,1
2026-03-10 22:00:55.134603,-13.58,11.69,38.49,0,1
2026-03-10 22:01:00.134603,-13.82,0.0,32.0,0,0
2026-03-10 22:01:05.134603,-13.59,9.45,33.04,0,1
2026-03-10 22:01:10.134603,-13.39,10.82,39.53,0,1
2026-03-10 22:01:15.134603,-13.48,0.0,32.0,0,0
2026-03-10 22:01:20.134603,-13.78,0.0,32.0,0,0
2026-03-10 22:01:25.134603,-13.19,16.64,45.12,1,2
2026-03-10 22:01:30.134603,-13.14,13.23,39.23,1,2
2026-03-10 22:01:35.134603,-13.31,0.0,32.0,0,0
2026-03-10 22:01:40.134603,-13.23,14.99,47.48,1,2
2026-03-10 22:01:45.134603,-13.39,0.0,32.0,0,0
2026-03-10 22:01:50.134603,-13.98,0.0,32.0,0,0
2026-03-10 22:01:55.134603,-13.41,0.0,32.0,0,0
2026-03-10 22:02:00.134603,-13.31,0.0,32.0,0,0
2026-03-10 22:02:05.134603,-13.34,9.35,31.95,0,1
2026-03-10 22:02:10.134603,-13.35,10.12,34.31,0,1
2026-03-10 22:02:15.134603,-12.85,13.22,38.29,1,2
2026-03-10 22:02:20.134603,-13.48,0.0,32.0,0,0
2026-03-10 22:02:25.134603,-13.67,10.05,30.69,0,1
2026-03-10 22:02:30.134603,-13.4,0.0,32.0,0,0
2026-03-10 22:02:35.134603,-13.55,10.7,32.5,0,1
2026-03-10 22:02:40.134603,-13.38,10.32,31.13,0,1
2026-03-10 22:02:45.134603,-13.21,15.96,53.02,1,2
2026-03-10 22:02:50.134603,-13.54,10.02,37.83,0,1
2026-03-10 22:02:55.134603,-12.92,16.06,36.86,1,2
2026-03-10 22:03:00.134603,-13.32,0.0,32.0,0,0
2026-03-10 22:03:05.134603,-13.69,11.61,35.44,0,1
2026-03-10 22:03:10.134603,-13.55,11.13,33.92,0,1
2026-03-10 22:03:15.134603,-13.21,14.28,36.48,1,2
2026-03-10 22:03:20.134603,-12.76,15.63,51.07,1,2
2026-03-10 22:03:25.134603,-13.13,16.5,49.03,1,2
2026-03-10 22:03:30.134603,-12.87,13.82,37.28,1,2
2026-03-10 22:03:35.134603,-13.67,9.82,34.81,0,1
2026-03-10 22:03:40.134603,-13.8,0.0,32.0,0,0
2026-03-10 22:03:45.134603,-13.28,13.08,35.24,1,2
2026-03-10 22:03:50.134603,-13.75,0.0,32.0,0,0
2026-03-10 22:03:55.134603,-13.01,13.57,41.36,1,2
2026-03-10 22:04:00.134603,-13.57,0.0,32.0,0,0
2026-03-10 22:04:05.134603,-13.49,9.21,33.14,0,1
2026-03-10 22:04:10.134603,-13.91,0.0,32.0,0,0
2026-03-10 22:04:15.134603,-12.72,17.44,53.55,1,2
2026-03-10 22:04:20.134603,-12.98,14.51,46.79,1,2
2026-03-10 22:04:25.134603,-13.29,0.0,32.0,0,0
2026-03-10 22:04:30.134603,-13.42,0.0,32.0,0,0
2026-03-10 22:04:35.134603,-12.74,15.25,44.75,1,2
2026-03-10 22:04:40.134603,-12.92,14.87,35.52,1,2
2026-03-10 22:04:45.134603,-13.58,11.57,35.07,0,1
2026-03-10 22:04:50.134603,-13.35,0.0,32.0,0,0
2026-03-10 22:04:55.134603,-12.94,16.93,52.47,1,2
2026-03-10 22:05:00.134603,-13.65,0.0,32.0,0,0
2026-03-10 22:05:05.134603,-12.93,17.64,39.4,1,2
2026-03-10 22:05:10.134603,-13.59,11.73,33.89,0,1
2026-03-10 22:05:15.134603,-13.01,13.76,49.26,1,2
2026-03-10 22:05:20.134603,-13.22,14.0,45.59,1,2
2026-03-10 22:05:25.134603,-13.95,0.0,32.0,0,0
2026-03-10 22:05:30.134603,-13.33,0.0,32.0,0,0
2026-03-10 22:05:35.134603,-13.87,0.0,32.0,0,0
2026-03-10 22:05:40.134603,-13.25,0.0,32.0,0,0
2026-03-10 22:05:45.134603,-13.29,0.0,32.0,0,0
2026-03-10 22:05:50.134603,-13.6,11.87,31.34,0,1
2026-03-10 22:05:55.134603,-13.5,9.11,31.88,0,1
2026-03-10 22:06:00.134603,-13.2,15.13,37.55,1,2
2026-03-10 22:06:05.134603,-12.76,13.59,51.03,1,2
2026-03-10 22:06:10.134603,-13.73,0.0,32.0,0,0
2026-03-10 22:06:15.134603,-13.2,17.17,40.95,1,2
2026-03-10 22:06:20.134603,-12.72,13.66,50.88,1,2
2026-03-10 22:06:25.134603,-13.16,14.35,39.23,1,2
2026-03-10 22:06:30.134603,-13.3,9.41,33.45,0,1
2026-03-10 22:06:35.134603,-13.41,11.51,34.43,0,1
2026-03-10 22:06:40.134603,-13.1,0.0,32.0,0,0
2026-03-10 22:06:45.134603,-12.77,16.62,43.09,1,2
2026-03-10 22:06:50.134603,-12.96,16.69,44.95,1,2
2026-03-10 22:06:55.134603,-13.97,0.0,32.0,0,0
2026-03-10 22:07:00.134603,-13.24,14.33,45.46,1,2
2026-03-10 22:07:05.134603,-13.47,9.38,39.71,0,1
2026-03-10 22:07:10.134603,-13.25,0.0,32.0,0,0
2026-03-10 22:07:15.134603,-13.7,11.0,32.49,0,1
2026-03-10 22:07:20.134603,-13.6,10.06,30.39,0,1
2026-03-10 22:07:25.134603,-13.66,11.7,31.84,0,1
2026-03-10 22:07:30.134603,-13.81,0.0,32.0,0,0
2026-03-10 22:07:35.134603,-13.85,0.0,32.0,0,0
2026-03-10 22:07:40.134603,-12.76,14.77,49.22,1,2
2026-03-10 22:07:45.134603,-12.9,16.81,53.82,1,2
2026-03-10 22:07:50.134603,-13.35,11.69,31.65,0,1
2026-03-10 22:07:55.134603,-12.87,13.56,48.28,1,2
2026-03-10 22:08:00.134603,-12.77,15.03,43.72,1,2
2026-03-10 22:08:05.134603,-13.34,9.27,37.93,0,1
2026-03-10 22:08:10.134603,-12.95,13.27,50.03,1,2
2026-03-10 22:08:15.134603,-13.15,13.31,36.32,1,2
2026-03-10 22:08:20.134603,-13.05,0.0,32.0,0,0
2026-03-10 22:08:25.134603,-13.52,0.0,32.0,0,0
2026-03-10 22:08:30.134603,-13.17,0.0,32.0,0,0
2026-03-10 22:08:35.134603,-13.67,11.48,33.25,0,1
2026-03-10 22:08:40.134603,-13.42,11.55,34.44,0,1
2026-03-10 22:08:45.134603,-12.72,13.36,46.13,1,2
2026-03-10 22:08:50.134603,-13.65,0.0,32.0,0,0
2026-03-10 22:08:55.134603,-13.51,11.73,37.9,0,1
2026-03-10 22:09:00.134603,-13.01,0.0,32.0,0,0
2026-03-10 22:09:05.134603,-13.32,10.1,30.95,0,1
2026-03-10 22:09:10.134603,-13.41,9.96,39.92,0,1
2026-03-10 22:09:15.134603,-13.62,0.0,32.0,0,0
2026-03-10 22:09:20.134603,-13.56,0.0,32.0,0,0
2026-03-10 22:09:25.134603,-13.34,11.88,37.49,0,1
2026-03-10 22:09:30.134603,-13.3,0.0,32.0,0,0
2026-03-10 22:09:35.134603,-13.05,0.0,32.0,0,0
2026-03-10 22:09:40.134603,-13.7,0.0,32.0,0,0
2026-03-10 22:09:45.134603,-13.35,0.0,32.0,0,0
2026-03-10 22:09:50.134603,-13.24,14.19,37.6,1,2
2026-03-10 22:09:55.134603,-13.72,0.0,32.0,0,0
2026-03-10 22:10:00.134603,-13.02,0.0,32.0,0,0
2026-03-10 22:10:05.134603,-13.23,0.0,32.0,0,0
2026-03-10 22:10:10.134603,-13.26,17.05,52.82,1,2
2026-03-10 22:10:15.134603,-13.5,0.0,32.0,0,0
2026-03-10 22:10:20.134603,-13.11,0.0,32.0,0,0
2026-03-10 22:10:25.134603,-13.51,0.0,32.0,0,0
2026-03-10 22:10:30.134603,-13.6,9.19,32.21,0,1
2026-03-10 22:10:35.134603,-13.61,10.88,37.34,0,1
2026-03-10 22:10:40.134603,-13.5,10.94,36.87,0,1
2026-03-10 22:10:45.134603,-13.39,9.48,33.4,0,1
2026-03-10 22:10:50.134603,-13.1,0.0,32.0,0,0
2026-03-10 22:10:55.134603,-13.08,14.33,41.2,1,2
2026-03-10 22:11:00.134603,-13.26,16.73,38.99,1,2
2026-03-10 22:11:05.134603,-13.3,0.0,32.0,0,0
2026-03-10 22:11:10.134603,-13.47,10.48,37.57,0,1
2026-03-10 22:11:15.134603,-12.78,14.81,43.96,1,2
2026-03-10 22:11:20.134603,-13.59,0.0,32.0,0,0
2026-03-10 22:11:25.134603,-13.17,0.0,32.0,0,0
2026-03-10 22:11:30.134603,-13.61,11.87,39.35,0,1
2026-03-10 22:11:35.134603,-13.41,10.22,35.93,0,1
2026-03-10 22:11:40.134603,-13.39,10.28,31.32,0,1
2026-03-10 22:11:45.134603,-12.86,13.2,52.36,1,2
2026-03-10 22:11:50.134603,-13.73,0.0,32.0,0,0
2026-03-10 22:11:55.134603,-12.86,13.86,39.46,1,2
2026-03-10 22:12:00.134603,-13.14,15.28,46.44,1,2
2026-03-10 22:12:05.134603,-13.89,0.0,32.0,0,0
2026-03-10 22:12:10.134603,-13.13,15.6,43.56,1,2
2026-03-10 22:12:15.134603,-13.06,15.05,51.78,1,2
2026-03-10 22:12:20.134603,-13.57,10.2,36.45,0,1
2026-03-10 22:12:25.134603,-13.18,16.2,41.8,1,2
2026-03-10 22:12:30.134603,-13.41,0.0,32.0,0,0
2026-03-10 22:12:35.134603,-13.28,14.0,40.24,1,2
2026-03-10 22:12:40.134603,-12.96,16.89,39.17,1,2
2026-03-10 22:12:45.134603,-13.36,0.0,32.0,0,0
2026-03-10 22:12:50.134603,-13.26,0.0,32.0,0,0
2026-03-10 22:12:55.134603,-12.9,15.06,35.11,1,2
2026-03-10 22:13:00.134603,-13.38,10.97,33.49,0,1
2026-03-10 22:13:05.134603,-13.18,15.46,54.21,1,2
2026-03-10 22:13:10.134603,-13.45,10.76,37.48,0,1
2026-03-10 22:13:15.134603,-13.41,0.0,32.0,0,0
2026-03-10 22:13:20.134603,-12.86,16.9,48.72,1,2
2026-03-10 22:13:25.134603,-12.78,14.62,40.28,1,2
2026-03-10 22:13:30.134603,-12.87,14.24,38.16,1,2
2026-03-10 22:13:35.134603,-13.39,11.96,38.09,0,1
2026-03-10 22:13:40.134603,-13.14,13.73,43.06,1,2
2026-03-10 22:13:45.134603,-13.23,15.3,46.87,1,2
2026-03-10 22:13:50.134603,-13.04,13.99,37.74,1,2
2026-03-10 22:13:55.134603,-13.67,9.87,31.37,0,1
2026-03-10 22:14:00.134603,-12.91,13.46,47.17,1,2
2026-03-10 22:14:05.134603,-13.29,0.0,32.0,0,0
2026-03-10 22:14:10.134603,-13.69,9.6,38.15,0,1
2026-03-10 22:14:15.134603,-13.66,11.87,31.9,0,1
2026-03-10 22:14:20.134603,-13.66,11.82,31.27,0,1
2026-03-10 22:14:25.134603,-13.95,0.0,32.0,0,0
2026-03-10 22:14:30.134603,-13.19,0.0,32.0,0,0
2026-03-10 22:14:35.134603,-13.49,10.45,38.52,0,1
2026-03-10 22:14:40.134603,-13.04,14.84,42.23,1,2
2026-03-10 22:14:45.134603,-13.69,10.41,36.48,0,1
2026-03-10 22:14:50.134603,-13.27,14.03,45.38,1,2
2026-03-10 22:14:55.134603,-13.22,16.88,38.06,1,2
2026-03-10 22:15:00.134603,-13.63,9.69,30.0,0,1
2026-03-10 22:15:05.134603,-13.43,0.0,32.0,0,0
2026-03-10 22:15:10.134603,-13.82,0.0,32.0,0,0
2026-03-10 22:15:15.134603,-13.27,14.78,47.09,1,2
2026-03-10 22:15:20.134603,-13.55,11.47,31.61,0,1
2026-03-10 22:15:25.134603,-12.78,13.09,52.46,1,2
2026-03-10 22:15:30.134603,-13.55,9.4,35.51,0,1
2026-03-10 22:15:35.134603,-13.56,0.0,32.0,0,0
2026-03-10 22:15:40.134603,-13.49,11.17,38.31,0,1
2026-03-10 22:15:45.134603,-13.51,11.43,38.0,0,1
2026-03-10 22:15:50.134603,-13.63,11.64,36.07,0,1
2026-03-10 22:15:55.134603,-13.16,13.96,48.01,1,2
2026-03-10 22:16:00.134603,-12.9,13.98,51.61,1,2
2026-03-10 22:16:05.134603,-13.4,0.0,32.0,0,0
2026-03-10 22:16:10.134603,-13.84,0.0,32.0,0,0
2026-03-10 22:16:15.134603,-13.47,9.35,37.12,0,1
2026-03-10 22:16:20.134603,-13.92,0.0,32.0,0,0
2026-03-10 22:16:25.134603,-13.58,0.0,32.0,0,0
2026-03-10 22:16:30.134603,-13.33,0.0,32.0,0,0
2026-03-10 22:16:35.134603,-13.55,0.0,32.0,0,0
2026-03-10 22:16:40.134603,-13.55,10.27,37.56,0,1
2026-03-10 22:16:45.134603,-13.61,10.63,38.16,0,1
2026-03-10 22:16:50.134603,-13.49,0.0,32.0,0,0
2026-03-10 22:16:55.134603,-12.9,15.2,55.0,1,2
2026-03-10 22:17:00.134603,-13.95,0.0,32.0,0,0
2026-03-10 22:17:05.134603,-12.76,14.78,49.21,1,2
2026-03-10 22:17:10.134603,-13.44,0.0,32.0,0,0
2026-03-10 22:17:15.134603,-13.07,0.0,32.0,0,0
2026-03-10 22:17:20.134603,-13.31,9.48,30.31,0,1
2026-03-10 22:17:25.134603,-13.05,15.9,54.62,1,2
2026-03-10 22:17:30.134603,-13.66,10.7,39.24,0,1
2026-03-10 22:17:35.134603,-12.95,14.36,47.63,1,2
2026-03-10 22:17:40.134603,-13.42,9.07,31.14,0,1
2026-03-10 22:17:45.134603,-13.52,11.56,32.04,0,1
2026-03-10 22:17:50.134603,-13.09,13.19,50.17,1,2
2026-03-10 22:17:55.134603,-13.49,10.07,38.14,0,1
2026-03-10 22:18:00.134603,-13.44,11.0,37.47,0,1
2026-03-10 22:18:05.134603,-13.12,0.0,32.0,0,0
2026-03-10 22:18:10.134603,-13.06,14.11,37.58,1,2
2026-03-10 22:18:15.134603,-13.69,9.46,37.55,0,1
2026-03-10 22:18:20.134603,-13.52,0.0,32.0,0,0
2026-03-10 22:18:25.134603,-13.63,0.0,32.0,0,0
2026-03-10 22:18:30.134603,-13.02,15.41,52.97,1,2
2026-03-10 22:18:35.134603,-12.7,14.59,47.37,1,2
2026-03-10 22:18:40.134603,-13.4,10.33,36.45,0,1
2026-03-10 22:18:45.134603,-13.17,17.18,45.16,1,2
2026-03-10 22:18:50.134603,-12.78,17.87,45.25,1,2
2026-03-10 22:18:55.134603,-13.66,11.33,36.07,0,1
2026-03-10 22:19:00.134603,-13.35,11.19,32.64,0,1
2026-03-10 22:19:05.134603,-12.83,14.05,39.15,1,2
2026-03-10 22:19:10.134603,-13.96,0.0,32.0,0,0
2026-03-10 22:19:15.134603,-13.75,0.0,32.0,0,0
2026-03-10 22:19:20.134603,-13.63,11.28,35.81,0,1
2026-03-10 22:19:25.134603,-13.44,0.0,32.0,0,0
2026-03-10 22:19:30.134603,-12.98,15.65,49.98,1,2
2026-03-10 22:19:35.134603,-13.67,10.4,37.11,0,1
2026-03-10 22:19:40.134603,-13.7,0.0,32.0,0,0
2026-03-10 22:19:45.134603,-13.44,0.0,32.0,0,0
2026-03-10 22:19:50.134603,-13.16,0.0,32.0,0,0
2026-03-10 22:19:55.134603,-13.44,10.27,39.77,0,1
2026-03-10 22:20:00.134603,-13.64,10.23,38.1,0,1
2026-03-10 22:20:05.134603,-13.18,13.88,38.3,1,2
2026-03-10 22:20:10.134603,-13.67,9.69,38.53,0,1
2026-03-10 22:20:15.134603,-13.51,11.63,37.96,0,1
2026-03-10 22:20:20.134603,-13.42,9.41,30.67,0,1
2026-03-10 22:20:25.134603,-12.86,16.75,46.36,1,2
2026-03-10 22:20:30.134603,-13.23,16.44,48.72,1,2
2026-03-10 22:20:35.134603,-13.6,9.42,33.62,0,1
2026-03-10 22:20:40.134603,-13.7,9.27,30.12,0,1
2026-03-10 22:20:45.134603,-13.17,16.41,40.6,1,2
2026-03-10 22:20:50.134603,-14.0,0.0,32.0,0,0
2026-03-10 22:20:55.134603,-13.38,11.65,35.17,0,1
2026-03-10 22:21:00.134603,-13.25,17.55,45.47,1,2
2026-03-10 22:21:05.134603,-13.35,10.73,31.64,0,1
2026-03-10 22:21:10.134603,-13.68,10.38,31.79,0,1
2026-03-10 22:21:15.134603,-13.56,11.73,31.94,0,1
2026-03-10 22:21:20.134603,-13.33,11.22,39.63,0,1
2026-03-10 22:21:25.134603,-12.97,15.38,45.11,1,2
2026-03-10 22:21:30.134603,-13.03,13.04,51.84,1,2
2026-03-10 22:21:35.134603,-13.4,9.27,38.22,0,1
2026-03-10 22:21:40.134603,-13.53,0.0,32.0,0,0
2026-03-10 22:21:45.134603,-13.2,17.22,46.99,1,2
2026-03-10 22:21:50.134603,-13.39,0.0,32.0,0,0
2026-03-10 22:21:55.134603,-13.61,0.0,32.0,0,0
2026-03-10 22:22:00.134603,-13.12,16.12,44.91,1,2
2026-03-10 22:22:05.134603,-13.42,10.64,30.87,0,1
2026-03-10 22:22:10.134603,-13.13,13.65,45.41,1,2
2026-03-10 22:22:15.134603,-12.8,15.97,46.42,1,2
2026-03-10 22:22:20.134603,-13.45,0.0,32.0,0,0
2026-03-10 22:22:25.134603,-12.95,14.71,36.56,1,2
2026-03-10 22:22:30.134603,-12.8,16.95,39.58,1,2
2026-03-10 22:22:35.134603,-13.49,0.0,32.0,0,0
2026-03-10 22:22:40.134603,-13.4,0.0,32.0,0,0
2026-03-10 22:22:45.134603,-13.54,9.67,34.02,0,1
2026-03-10 22:22:50.134603,-13.82,0.0,32.0,0,0
2026-03-10 22:22:55.134603,-13.41,9.75,39.14,0,1
2026-03-10 22:23:00.134603,-13.45,9.35,39.97,0,1
2026-03-10 22:23:05.134603,-13.87,0.0,32.0,0,0
2026-03-10 22:23:10.134603,-13.32,11.33,35.66,0,1
2026-03-10 22:23:15.134603,-13.66,9.2,34.86,0,1
2026-03-10 22:23:20.134603,-13.35,11.98,38.43,0,1
2026-03-10 22:23:25.134603,-12.93,14.26,54.72,1,2
2026-03-10 22:23:30.134603,-13.49,9.96,30.19,0,1
2026-03-10 22:23:35.134603,-12.84,14.21,42.5,1,2
2026-03-10 22:23:40.134603,-13.67,11.11,38.18,0,1
2026-03-10 22:23:45.134603,-13.62,0.0,32.0,0,0
2026-03-10 22:23:50.134603,-13.8,0.0,32.0,0,0
2026-03-10 22:23:55.134603,-13.27,15.82,41.71,1,2
2026-03-10 22:24:00.134603,-13.65,10.49,34.16,0,1
2026-03-10 22:24:05.134603,-12.88,17.91,47.89,1,2
2026-03-10 22:24:10.134603,-13.84,0.0,32.0,0,0
2026-03-10 22:24:15.134603,-12.82,13.25,39.91,1,2
2026-03-10 22:24:20.134603,-13.66,10.23,38.72,0,1
2026-03-10 22:24:25.134603,-13.14,0.0,32.0,0,0
2026-03-10 22:24:30.134603,-13.59,0.0,32.0,0,0
2026-03-10 22:24:35.134603,-13.57,10.86,38.09,0,1
2026-03-10 22:24:40.134603,-12.99,13.57,44.6,1,2
2026-03-10 22:24:45.134603,-13.49,11.09,38.88,0,1
2026-03-10 22:24:50.134603,-13.56,0.0,32.0,0,0
2026-03-10 22:24:55.134603,-13.36,10.82,38.82,0,1
2026-03-10 22:25:00.134603,-12.95,15.89,42.97,1,2
2026-03-10 22:25:05.134603,-13.59,11.97,37.36,0,1
2026-03-10 22:25:10.134603,-13.29,0.0,32.0,0,0
2026-03-10 22:25:15.134603,-13.46,10.11,35.82,0,1
2026-03-10 22:25:20.134603,-13.6,10.78,37.16,0,1
2026-03-10 22:25:25.134603,-13.0,0.0,32.0,0,0
2026-03-10 22:25:30.134603,-12.76,16.88,40.74,1,2
2026-03-10 22:25:35.134603,-13.7,0.0,32.0,0,0
2026-03-10 22:25:40.134603,-13.54,11.49,31.26,0,1
2026-03-10 22:25:45.134603,-12.88,14.62,53.21,1,2
2026-03-10 22:25:50.134603,-12.81,13.6,54.04,1,2
2026-03-10 22:25:55.134603,-13.5,11.82,38.95,0,1
2026-03-10 22:26:00.134603,-13.56,10.99,33.34,0,1
2026-03-10 22:26:05.134603,-13.01,13.95,48.24,1,2
2026-03-10 22:26:10.134603,-13.51,11.58,39.87,0,1
2026-03-10 22:26:15.134603,-13.67,10.94,31.7,0,1
2026-03-10 22:26:20.134603,-13.59,11.0,36.85,0,1
2026-03-10 22:26:25.134603,-13.84,0.0,32.0,0,0
2026-03-10 22:26:30.134603,-13.53,9.65,37.79,0,1
2026-03-10 22:26:35.134603,-13.16,16.9,44.21,1,2
2026-03-10 22:26:40.134603,-13.46,9.09,33.86,0,1
2026-03-10 22:26:45.134603,-13.55,11.06,39.35,0,1
2026-03-10 22:26:50.134603,-12.73,13.46,50.75,1,2
2026-03-10 22:26:55.134603,-13.1,0.0,32.0,0,0
2026-03-10 22:27:00.134603,-13.42,10.73,33.03,0,1
2026-03-10 22:27:05.134603,-13.31,11.06,35.12,0,1
2026-03-10 22:27:10.134603,-13.31,10.29,35.09,0,1
2026-03-10 22:27:15.134603,-13.59,0.0,32.0,0,0
2026-03-10 22:27:20.134603,-13.53,10.07,37.68,0,1
2026-03-10 22:27:25.134603,-13.56,11.35,34.14,0,1
2026-03-10 22:27:30.134603,-12.95,13.84,47.3,1,2
2026-03-10 22:27:35.134603,-12.74,16.61,49.0,1,2
2026-03-10 22:27:40.134603,-12.71,17.18,52.26,1,2
2026-03-10 22:27:45.134603,-13.38,0.0,32.0,0,0
2026-03-10 22:27:50.134603,-13.59,11.55,37.45,0,1
2026-03-10 22:27:55.134603,-13.59,9.04,30.82,0,1
2026-03-10 22:28:00.134603,-12.9,13.06,53.82,1,2
2026-03-10 22:28:05.134603,-13.97,0.0,32.0,0,0
2026-03-10 22:28:10.134603,-13.87,0.0,32.0,0,0
2026-03-10 22:28:15.134603,-12.84,14.56,41.84,1,2
2026-03-10 22:28:20.134603,-13.2,0.0,32.0,0,0
2026-03-10 22:28:25.134603,-13.39,10.48,35.61,0,1
2026-03-10 22:28:30.134603,-13.6,10.49,33.9,0,1
2026-03-10 22:28:35.134603,-13.28,0.0,32.0,0,0
2026-03-10 22:28:40.134603,-13.47,10.22,38.52,0,1
2026-03-10 22:28:45.134603,-12.82,17.81,54.29,1,2
2026-03-10 22:28:50.134603,-13.51,10.66,33.69,0,1
2026-03-10 22:28:55.134603,-13.58,11.16,34.04,0,1
2026-03-10 22:29:00.134603,-13.29,0.0,32.0,0,0
2026-03-10 22:29:05.134603,-13.06,16.1,42.64,1,2
2026-03-10 22:29:10.134603,-13.32,0.0,32.0,0,0
2026-03-10 22:29:15.134603,-12.78,14.61,53.3,1,2
2026-03-10 22:29:20.134603,-13.45,0.0,32.0,0,0
2026-03-10 22:29:25.134603,-12.91,16.94,38.92,1,2
2026-03-10 22:29:30.134603,-13.61,11.7,34.84,0,1
2026-03-10 22:29:35.134603,-13.61,0.0,32.0,0,0
2026-03-10 22:29:40.134603,-13.24,17.39,52.0,1,2
2026-03-10 22:29:45.134603,-13.85,0.0,32.0,0,0
2026-03-10 22:29:50.134603,-13.44,0.0,32.0,0,0
2026-03-10 22:29:55.134603,-13.44,10.67,37.54,0,1
2026-03-10 22:30:00.134603,-13.24,0.0,32.0,0,0
2026-03-10 22:30:05.134603,-13.5,9.37,35.77,0,1
2026-03-10 22:30:10.134603,-13.36,0.0,32.0,0,0
2026-03-10 22:30:15.134603,-13.79,0.0,32.0,0,0
2026-03-10 22:30:20.134603,-12.82,16.52,37.18,1,2
2026-03-10 22:30:25.134603,-13.57,9.9,38.78,0,1
2026-03-10 22:30:30.134603,-13.64,11.87,31.71,0,1
2026-03-10 22:30:35.134603,-13.63,10.67,33.16,0,1
2026-03-10 22:30:40.134603,-13.75,0.0,32.0,0,0
2026-03-10 22:30:45.134603,-13.46,11.68,38.26,0,1
2026-03-10 22:30:50.134603,-13.52,9.86,37.88,0,1
2026-03-10 22:30:55.134603,-13.52,11.35,38.19,0,1
2026-03-10 22:31:00.134603,-13.52,9.07,30.95,0,1
2026-03-10 22:31:05.134603,-13.48,10.27,37.41,0,1
2026-03-10 22:31:10.134603,-12.96,14.05,40.64,1,2
2026-03-10 22:31:15.134603,-13.21,0.0,32.0,0,0
2026-03-10 22:31:20.134603,-13.53,0.0,32.0,0,0
2026-03-10 22:31:25.134603,-13.01,15.05,44.95,1,2
2026-03-10 22:31:30.134603,-13.38,11.22,32.95,0,1
2026-03-10 22:31:35.134603,-13.3,0.0,32.0,0,0
2026-03-10 22:31:40.134603,-13.45,9.06,31.34,0,1
2026-03-10 22:31:45.134603,-12.97,13.19,38.8,1,2
2026-03-10 22:31:50.134603,-13.51,11.81,31.49,0,1
2026-03-10 22:31:55.134603,-13.61,0.0,32.0,0,0
2026-03-10 22:32:00.134603,-13.27,13.52,51.15,1,2
2026-03-10 22:32:05.134603,-12.89,15.2,47.82,1,2
2026-03-10 22:32:10.134603,-13.66,9.89,37.64,0,1
2026-03-10 22:32:15.134603,-13.47,9.67,37.3,0,1
2026-03-10 22:32:20.134603,-13.36,0.0,32.0,0,0
2026-03-10 22:32:25.134603,-13.37,11.27,34.68,0,1
2026-03-10 22:32:30.134603,-12.86,15.05,41.56,1,2
2026-03-10 22:32:35.134603,-13.16,0.0,32.0,0,0
2026-03-10 22:32:40.134603,-13.41,11.63,34.25,0,1
2026-03-10 22:32:45.134603,-12.75,17.86,54.89,1,2
2026-03-10 22:32:50.134603,-13.48,0.0,32.0,0,0
2026-03-10 22:32:55.134603,-13.77,0.0,32.0,0,0
2026-03-10 22:33:00.134603,-13.19,13.16,41.02,1,2
2026-03-10 22:33:05.134603,-12.71,13.26,51.47,1,2
2026-03-10 22:33:10.134603,-13.57,11.48,30.75,0,1
2026-03-10 22:33:15.134603,-13.63,10.17,32.33,0,1
2026-03-10 22:33:20.134603,-13.09,0.0,32.0,0,0
2026-03-10 22:33:25.134603,-13.35,9.17,31.35,0,1
2026-03-10 22:33:30.134603,-13.87,0.0,32.0,0,0
2026-03-10 22:33:35.134603,-13.09,0.0,32.0,0,0
2026-03-10 22:33:40.134603,-12.92,14.22,44.94,1,2
2026-03-10 22:33:45.134603,-13.3,10.22,35.09,0,1
2026-03-10 22:33:50.134603,-13.54,10.63,37.93,0,1
2026-03-10 22:33:55.134603,-13.5,0.0,32.0,0,0
2026-03-10 22:34:00.134603,-13.75,0.0,32.0,0,0
2026-03-10 22:34:05.134603,-13.67,0.0,32.0,0,0
2026-03-10 22:34:10.134603,-13.6,9.07,32.66,0,1
2026-03-10 22:34:15.134603,-13.42,11.06,33.02,0,1
2026-03-10 22:34:20.134603,-13.47,10.17,38.35,0,1
2026-03-10 22:34:25.134603,-13.08,13.56,41.03,1,2
2026-03-10 22:34:30.134603,-13.65,0.0,32.0,0,0
2026-03-10 22:34:35.134603,-13.97,0.0,32.0,0,0
2026-03-10 22:34:40.134603,-12.78,15.35,43.27,1,2
2026-03-10 22:34:45.134603,-13.85,0.0,32.0,0,0
2026-03-10 22:34:50.134603,-12.77,15.83,45.48,1,2
2026-03-10 22:34:55.134603,-12.95,15.37,52.39,1,2
2026-03-10 22:35:00.134603,-13.56,9.37,30.35,0,1
2026-03-10 22:35:05.134603,-13.39,10.48,32.82,0,1
2026-03-10 22:35:10.134603,-13.34,11.93,32.7,0,1
2026-03-10 22:35:15.134603,-13.59,10.55,31.23,0,1
2026-03-10 22:35:20.134603,-13.52,10.25,30.54,0,1
2026-03-10 22:35:25.134603,-13.55,11.3,35.62,0,1
2026-03-10 22:35:30.134603,-13.87,0.0,32.0,0,0
2026-03-10 22:35:35.134603,-12.86,15.21,50.6,1,2
2026-03-10 22:35:40.134603,-13.04,13.44,54.51,1,2
2026-03-10 22:35:45.134603,-13.59,0.0,32.0,0,0
2026-03-10 22:35:50.134603,-13.06,16.43,53.66,1,2
2026-03-10 22:35:55.134603,-13.16,13.2,40.96,1,2
2026-03-10 22:36:00.134603,-12.7,16.12,35.4,1,2
2026-03-10 22:36:05.134603,-13.27,16.13,45.71,1,2
2026-03-10 22:36:10.134603,-13.15,15.74,45.32,1,2
2026-03-10 22:36:15.134603,-12.9,17.62,42.55,1,2
2026-03-10 22:36:20.134603,-13.66,9.82,38.27,0,1
2026-03-10 22:36:25.134603,-13.77,0.0,32.0,0,0
2026-03-10 22:36:30.134603,-13.03,17.99,38.32,1,2
2026-03-10 22:36:35.134603,-13.25,0.0,32.0,0,0
2026-03-10 22:36:40.134603,-13.74,0.0,32.0,0,0
2026-03-10 22:36:45.134603,-13.1,14.75,40.99,1,2
2026-03-10 22:36:50.134603,-13.46,0.0,32.0,0,0
2026-03-10 22:36:55.134603,-13.63,10.33,34.75,0,1
2026-03-10 22:37:00.134603,-13.22,0.0,32.0,0,0
2026-03-10 22:37:05.134603,-13.57,0.0,32.0,0,0
2026-03-10 22:37:10.134603,-13.36,9.55,32.91,0,1
2026-03-10 22:37:15.134603,-13.51,0.0,32.0,0,0
2026-03-10 22:37:20.134603,-13.59,10.72,36.19,0,1
2026-03-10 22:37:25.134603,-13.64,11.17,34.96,0,1
2026-03-10 22:37:30.134603,-13.64,9.55,33.56,0,1
2026-03-10 22:37:35.134603,-13.72,0.0,32.0,0,0
2026-03-10 22:37:40.134603,-12.95,13.92,40.02,1,2
2026-03-10 22:37:45.134603,-12.98,16.28,53.8,1,2
2026-03-10 22:37:50.134603,-13.4,9.9,33.07,0,1
2026-03-10 22:37:55.134603,-13.19,0.0,32.0,0,0
2026-03-10 22:38:00.134603,-13.35,0.0,32.0,0,0
2026-03-10 22:38:05.134603,-12.85,17.92,47.66,1,2
2026-03-10 22:38:10.134603,-13.57,10.81,39.25,0,1
2026-03-10 22:38:15.134603,-13.65,10.41,31.08,0,1
2026-03-10 22:38:20.134603,-13.45,0.0,32.0,0,0
2026-03-10 22:38:25.134603,-12.72,16.87,38.59,1,2
2026-03-10 22:38:30.134603,-12.85,15.84,42.66,1,2
2026-03-10 22:38:35.134603,-13.59,9.2,33.57,0,1
2026-03-10 22:38:40.134603,-13.41,0.0,32.0,0,0
2026-03-10 22:38:45.134603,-13.68,11.02,36.52,0,1
2026-03-10 22:38:50.134603,-13.5,10.47,32.79,0,1
2026-03-10 22:38:55.134603,-13.34,9.73,30.31,0,1
2026-03-10 22:39:00.134603,-12.97,13.22,38.09,1,2
2026-03-10 22:39:05.134603,-12.75,15.11,44.96,1,2
2026-03-10 22:39:10.134603,-13.38,10.45,32.65,0,1
2026-03-10 22:39:15.134603,-13.48,10.61,33.3,0,1
2026-03-10 22:39:20.134603,-13.45,9.47,38.74,0,1
2026-03-10 22:39:25.134603,-13.81,0.0,32.0,0,0
2026-03-10 22:39:30.134603,-12.99,14.47,49.18,1,2
2026-03-10 22:39:35.134603,-13.27,0.0,32.0,0,0
2026-03-10 22:39:40.134603,-12.97,13.87,53.69,1,2
2026-03-10 22:39:45.134603,-12.78,15.28,40.25,1,2
2026-03-10 22:39:50.134603,-12.88,15.93,42.65,1,2
2026-03-10 22:39:55.134603,-13.82,0.0,32.0,0,0
2026-03-10 22:40:00.134603,-13.68,0.0,32.0,0,0
2026-03-10 22:40:05.134603,-13.93,0.0,32.0,0,0
2026-03-10 22:40:10.134603,-13.33,11.73,36.8,0,1
2026-03-10 22:40:15.134603,-12.94,13.05,38.42,1,2
2026-03-10 22:40:20.134603,-13.11,15.54,53.8,1,2
2026-03-10 22:40:25.134603,-13.66,11.72,35.98,0,1
2026-03-10 22:40:30.134603,-13.27,0.0,32.0,0,0
2026-03-10 22:40:35.134603,-13.14,15.12,35.02,1,2
2026-03-10 22:40:40.134603,-13.68,0.0,32.0,0,0
2026-03-10 22:40:45.134603,-13.19,0.0,32.0,0,0
2026-03-10 22:40:50.134603,-13.65,9.99,33.34,0,1
2026-03-10 22:40:55.134603,-13.78,0.0,32.0,0,0
2026-03-10 22:41:00.134603,-13.1,17.68,47.16,1,2
2026-03-10 22:41:05.134603,-13.24,0.0,32.0,0,0
2026-03-10 22:41:10.134603,-13.31,0.0,32.0,0,0
2026-03-10 22:41:15.134603,-13.61,9.73,39.37,0,1
2026-03-10 22:41:20.134603,-13.78,0.0,32.0,0,0
2026-03-10 22:41:25.134603,-13.59,11.1,36.1,0,1
2026-03-10 22:41:30.134603,-13.27,15.75,42.7,1,2
2026-03-10 22:41:35.134603,-13.04,13.7,40.84,1,2
2026-03-10 22:41:40.134603,-13.65,10.68,36.12,0,1
2026-03-10 22:41:45.134603,-12.84,17.71,44.43,1,2
2026-03-10 22:41:50.134603,-13.45,0.0,32.0,0,0
2026-03-10 22:41:55.134603,-12.76,14.45,41.24,1,2
2026-03-10 22:42:00.134603,-13.33,11.45,34.48,0,1
2026-03-10 22:42:05.134603,-13.35,0.0,32.0,0,0
2026-03-10 22:42:10.134603,-13.51,9.84,38.52,0,1
2026-03-10 22:42:15.134603,-13.41,0.0,32.0,0,0
2026-03-10 22:42:20.134603,-13.41,11.85,32.88,0,1
2026-03-10 22:42:25.134603,-13.02,15.74,47.98,1,2
2026-03-10 22:42:30.134603,-13.37,9.87,38.02,0,1
2026-03-10 22:42:35.134603,-12.72,14.21,35.7,1,2
2026-03-10 22:42:40.134603,-13.03,16.84,35.47,1,2
2026-03-10 22:42:45.134603,-13.3,17.57,40.35,1,2
2026-03-10 22:42:50.134603,-12.86,17.74,50.94,1,2
2026-03-10 22:42:55.134603,-13.12,0.0,32.0,0,0
2026-03-10 22:43:00.134603,-13.79,0.0,32.0,0,0
2026-03-10 22:43:05.134603,-13.49,11.0,30.53,0,1
2026-03-10 22:43:10.134603,-13.68,10.53,37.32,0,1
2026-03-10 22:43:15.134603,-13.06,15.47,45.55,1,2
2026-03-10 22:43:20.134603,-13.37,11.44,30.53,0,1
2026-03-10 22:43:25.134603,-13.1,0.0,32.0,0,0
2026-03-10 22:43:30.134603,-13.68,0.0,32.0,0,0
2026-03-10 22:43:35.134603,-13.34,0.0,32.0,0,0
2026-03-10 22:43:40.134603,-13.05,0.0,32.0,0,0
2026-03-10 22:43:45.134603,-13.36,9.69,38.81,0,1
2026-03-10 22:43:50.134603,-13.06,15.29,41.96,1,2
2026-03-10 22:43:55.134603,-13.26,17.14,50.84,1,2
2026-03-10 22:44:00.134603,-13.59,10.62,36.92,0,1
2026-03-10 22:44:05.134603,-13.79,0.0,32.0,0,0
2026-03-10 22:44:10.134603,-13.12,0.0,32.0,0,0
2026-03-10 22:44:15.134603,-13.58,10.14,31.14,0,1
2026-03-10 22:44:20.134603,-12.83,15.82,48.66,1,2
2026-03-10 22:44:25.134603,-13.58,9.12,39.38,0,1
2026-03-10 22:44:30.134603,-13.36,10.76,30.11,0,1
2026-03-10 22:44:35.134603,-13.98,0.0,32.0,0,0
2026-03-10 22:44:40.134603,-13.26,14.26,40.09,1,2
2026-03-10 22:44:45.134603,-13.67,11.53,33.93,0,1
2026-03-10 22:44:50.134603,-13.72,0.0,32.0,0,0
2026-03-10 22:44:55.134603,-13.5,11.98,34.08,0,1
2026-03-10 22:45:00.134603,-13.58,9.73,38.0,0,1
2026-03-10 22:45:05.134603,-13.31,0.0,32.0,0,0
2026-03-10 22:45:10.134603,-13.16,0.0,32.0,0,0
2026-03-10 22:45:15.134603,-13.01,0.0,32.0,0,0
2026-03-10 22:45:20.134603,-12.95,16.63,43.24,1,2
2026-03-10 22:45:25.134603,-13.7,10.28,38.19,0,1
2026-03-10 22:45:30.134603,-13.5,10.83,36.15,0,1
2026-03-10 22:45:35.134603,-13.35,10.32,30.26,0,1
2026-03-10 22:45:40.134603,-13.69,9.46,37.54,0,1
2026-03-10 22:45:45.134603,-12.86,17.31,54.31,1,2
2026-03-10 22:45:50.134603,-13.95,0.0,32.0,0,0
2026-03-10 22:45:55.134603,-13.46,0.0,32.0,0,0
2026-03-10 22:46:00.134603,-13.69,0.0,32.0,0,0
2026-03-10 22:46:05.134603,-13.35,10.69,33.94,0,1
2026-03-10 22:46:10.134603,-13.71,0.0,32.0,0,0
2026-03-10 22:46:15.134603,-13.3,10.26,33.95,0,1
2026-03-10 22:46:20.134603,-12.91,13.15,44.93,1,2
2026-03-10 22:46:25.134603,-13.61,11.59,37.05,0,1
2026-03-10 22:46:30.134603,-13.54,10.37,36.39,0,1
2026-03-10 22:46:35.134603,-13.27,15.89,46.82,1,2
2026-03-10 22:46:40.134603,-13.62,0.0,32.0,0,0
2026-03-10 22:46:45.134603,-13.16,0.0,32.0,0,0
2026-03-10 22:46:50.134603,-13.4,10.36,39.62,0,1
2026-03-10 22:46:55.134603,-13.63,9.73,31.07,0,1
2026-03-10 22:47:00.134603,-13.6,11.27,30.87,0,1
2026-03-10 22:47:05.134603,-13.52,9.6,33.68,0,1
2026-03-10 22:47:10.134603,-13.31,9.82,35.96,0,1
2026-03-10 22:47:15.134603,-13.77,0.0,32.0,0,0
2026-03-10 22:47:20.134603,-12.85,14.16,40.12,1,2
2026-03-10 22:47:25.134603,-12.93,17.54,51.46,1,2
2026-03-10 22:47:30.134603,-13.37,0.0,32.0,0,0
2026-03-10 22:47:35.134603,-13.99,0.0,32.0,0,0
2026-03-10 22:47:40.134603,-12.92,16.43,44.51,1,2
2026-03-10 22:47:45.134603,-12.74,13.15,53.52,1,2
2026-03-10 22:47:50.134603,-13.45,10.76,33.42,0,1
2026-03-10 22:47:55.134603,-13.34,0.0,32.0,0,0
2026-03-10 22:48:00.134603,-13.24,0.0,32.0,0,0
2026-03-10 22:48:05.134603,-12.78,14.82,44.19,1,2
2026-03-10 22:48:10.134603,-13.52,10.44,31.33,0,1
2026-03-10 22:48:15.134603,-13.52,10.62,36.94,0,1
2026-03-10 22:48:20.134603,-13.49,11.06,30.29,0,1
2026-03-10 22:48:25.134603,-13.02,13.48,39.29,1,2
2026-03-10 22:48:30.134603,-13.42,9.14,34.99,0,1
2026-03-10 22:48:35.134603,-13.92,0.0,32.0,0,0
2026-03-10 22:48:40.134603,-13.44,10.32,30.53,0,1
2026-03-10 22:48:45.134603,-13.44,9.3,36.4,0,1
2026-03-10 22:48:50.134603,-13.3,14.69,50.44,1,2
2026-03-10 22:48:55.134603,-13.63,0.0,32.0,0,0
2026-03-10 22:49:00.134603,-13.58,9.38,32.19,0,1
2026-03-10 22:49:05.134603,-13.5,9.55,39.02,0,1
2026-03-10 22:49:10.134603,-13.69,10.34,37.55,0,1
2026-03-10 22:49:15.134603,-12.99,16.61,37.62,1,2
2026-03-10 22:49:20.134603,-13.09,0.0,32.0,0,0
2026-03-10 22:49:25.134603,-13.0,15.24,36.9,1,2
2026-03-10 22:49:30.134603,-13.99,0.0,32.0,0,0
2026-03-10 22:49:35.134603,-13.24,14.63,52.75,1,2
2026-03-10 22:49:40.134603,-13.01,0.0,32.0,0,0
2026-03-10 22:49:45.134603,-13.57,11.66,30.86,0,1
2026-03-10 22:49:50.134603,-13.3,9.46,33.12,0,1
2026-03-10 22:49:55.134603,-13.58,9.31,39.51,0,1
2026-03-10 22:50:00.134603,-13.68,10.38,33.58,0,1
2026-03-10 22:50:05.134603,-12.73,15.32,38.08,1,2
2026-03-10 22:50:10.134603,-13.38,0.0,32.0,0,0
2026-03-10 22:50:15.134603,-13.68,9.02,37.97,0,1
2026-03-10 22:50:20.134603,-13.33,0.0,32.0,0,0
2026-03-10 22:50:25.134603,-13.21,0.0,32.0,0,0
2026-03-10 22:50:30.134603,-13.24,0.0,32.0,0,0
2026-03-10 22:50:35.134603,-13.2,16.64,41.82,1,2
2026-03-10 22:50:40.134603,-13.13,13.73,43.99,1,2
2026-03-10 22:50:45.134603,-13.45,0.0,32.0,0,0
2026-03-10 22:50:50.134603,-13.44,0.0,32.0,0,0
2026-03-10 22:50:55.134603,-12.88,14.7,50.54,1,2
2026-03-10 22:51:00.134603,-13.49,11.3,37.56,0,1
2026-03-10 22:51:05.134603,-12.84,14.77,35.82,1,2
2026-03-10 22:51:10.134603,-12.99,13.63,39.76,1,2
2026-03-10 22:51:15.134603,-13.14,15.87,41.78,1,2
2026-03-10 22:51:20.134603,-13.49,0.0,32.0,0,0
2026-03-10 22:51:25.134603,-13.54,0.0,32.0,0,0
2026-03-10 22:51:30.134603,-13.45,0.0,32.0,0,0
2026-03-10 22:51:35.134603,-13.71,0.0,32.0,0,0
2026-03-10 22:51:40.134603,-13.55,0.0,32.0,0,0
2026-03-10 22:51:45.134603,-13.52,0.0,32.0,0,0
2026-03-10 22:51:50.134603,-13.27,0.0,32.0,0,0
2026-03-10 22:51:55.134603,-13.19,13.95,36.97,1,2
2026-03-10 22:52:00.134603,-13.21,15.93,39.64,1,2
2026-03-10 22:52:05.134603,-13.47,11.12,37.39,0,1
2026-03-10 22:52:10.134603,-12.99,16.67,47.22,1,2
2026-03-10 22:52:15.134603,-13.24,16.59,51.52,1,2
2026-03-10 22:52:20.134603,-13.47,0.0,32.0,0,0
2026-03-10 22:52:25.134603,-13.5,0.0,32.0,0,0
2026-03-10 22:52:30.134603,-13.48,9.71,32.7,0,1
2026-03-10 22:52:35.134603,-13.93,0.0,32.0,0,0
2026-03-10 22:52:40.134603,-13.8,0.0,32.0,0,0
2026-03-10 22:52:45.134603,-13.01,0.0,32.0,0,0
2026-03-10 22:52:50.134603,-13.67,0.0,32.0,0,0
2026-03-10 22:52:55.134603,-12.75,14.9,51.21,1,2
2026-03-10 22:53:00.134603,-13.33,11.04,30.7,0,1
2026-03-10 22:53:05.134603,-13.02,0.0,32.0,0,0
2026-03-10 22:53:10.134603,-13.44,11.07,39.23,0,1
2026-03-10 22:53:15.134603,-13.49,9.08,38.88,0,1
2026-03-10 22:53:20.134603,-13.05,0.0,32.0,0,0
2026-03-10 22:53:25.134603,-13.29,15.74,42.4,1,2
2026-03-10 22:53:30.134603,-13.68,10.74,30.1,0,1
2026-03-10 22:53:35.134603,-12.98,16.02,47.05,1,2
2026-03-10 22:53:40.134603,-13.7,10.87,33.63,0,1
2026-03-10 22:53:45.134603,-13.22,15.17,53.16,1,2
2026-03-10 22:53:50.134603,-13.51,10.86,33.99,0,1
2026-03-10 22:53:55.134603,-13.65,11.56,34.8,0,1
2026-03-10 22:54:00.134603,-13.51,10.79,31.32,0,1
2026-03-10 22:54:05.134603,-12.71,16.97,41.21,1,2
2026-03-10 22:54:10.134603,-13.38,10.2,34.86,0,1
2026-03-10 22:54:15.134603,-13.43,11.69,37.18,0,1
2026-03-10 22:54:20.134603,-13.65,11.67,33.64,0,1
2026-03-10 22:54:25.134603,-13.03,14.97,39.05,1,2
2026-03-10 22:54:30.134603,-13.32,11.38,38.75,0,1
2026-03-10 22:54:35.134603,-13.27,16.47,41.89,1,2
2026-03-10 22:54:40.134603,-13.42,9.0,39.08,0,1
2026-03-10 22:54:45.134603,-12.73,17.04,38.33,1,2
2026-03-10 22:54:50.134603,-13.04,14.31,51.97,1,2
2026-03-10 22:54:55.134603,-13.8,0.0,32.0,0,0
2026-03-10 22:55:00.134603,-13.44,0.0,32.0,0,0
2026-03-10 22:55:05.134603,-13.42,9.11,30.74,0,1
2026-03-10 22:55:10.134603,-13.61,9.44,36.51,0,1
2026-03-10 22:55:15.134603,-12.92,14.23,45.5,1,2
2026-03-10 22:55:20.134603,-13.14,17.97,53.2,1,2
2026-03-10 22:55:25.134603,-13.61,0.0,32.0,0,0
2026-03-10 22:55:30.134603,-13.46,10.36,32.17,0,1
2026-03-10 22:55:35.134603,-13.69,10.92,38.12,0,1
2026-03-10 22:55:40.134603,-13.26,0.0,32.0,0,0
2026-03-10 22:55:45.134603,-13.71,0.0,32.0,0,0
2026-03-10 22:55:50.134603,-13.31,10.56,32.01,0,1
2026-03-10 22:55:55.134603,-13.55,11.46,36.8,0,1
2026-03-10 22:56:00.134603,-13.3,11.48,31.96,0,1
2026-03-10 22:56:05.134603,-13.18,16.55,54.75,1,2
2026-03-10 22:56:10.134603,-13.11,0.0,32.0,0,0
2026-03-10 22:56:15.134603,-12.89,14.32,49.54,1,2
2026-03-10 22:56:20.134603,-13.22,15.39,36.22,1,2
2026-03-10 22:56:25.134603,-12.9,18.0,52.99,1,2
2026-03-10 22:56:30.134603,-13.96,0.0,32.0,0,0
2026-03-10 22:56:35.134603,-13.64,9.75,38.29,0,1
2026-03-10 22:56:40.134603,-13.0,0.0,32.0,0,0
2026-03-10 22:56:45.134603,-13.51,9.96,36.64,0,1
2026-03-10 22:56:50.134603,-13.17,16.75,52.25,1,2
2026-03-10 22:56:55.134603,-13.04,13.25,44.29,1,2
2026-03-10 22:57:00.134603,-13.53,10.53,39.41,0,1
2026-03-10 22:57:05.134603,-12.93,14.18,40.58,1,2
2026-03-10 22:57:10.134603,-13.7,0.0,32.0,0,0
2026-03-10 22:57:15.134603,-13.66,10.38,39.24,0,1
2026-03-10 22:57:20.134603,-13.28,15.3,49.96,1,2
2026-03-10 22:57:25.134603,-13.34,9.39,32.78,0,1
2026-03-10 22:57:30.134603,-13.04,17.65,48.9,1,2
2026-03-10 22:57:35.134603,-13.17,13.03,36.36,1,2
2026-03-10 22:57:40.134603,-13.0,13.23,39.58,1,2
2026-03-10 22:57:45.134603,-13.9,0.0,32.0,0,0
2026-03-10 22:57:50.134603,-13.5,9.51,39.87,0,1
2026-03-10 22:57:55.134603,-13.08,14.63,53.96,1,2
2026-03-10 22:58:00.134603,-13.09,15.9,38.11,1,2
2026-03-10 22:58:05.134603,-13.13,0.0,32.0,0,0
2026-03-10 22:58:10.134603,-13.64,0.0,32.0,0,0
2026-03-10 22:58:15.134603,-12.79,16.55,42.94,1,2
2026-03-10 22:58:20.134603,-13.66,0.0,32.0,0,0
2026-03-10 22:58:25.134603,-13.33,11.16,36.45,0,1
2026-03-10 22:58:30.134603,-13.43,12.0,35.76,0,1
2026-03-10 22:58:35.134603,-13.85,0.0,32.0,0,0
2026-03-10 22:58:40.134603,-13.51,11.38,36.82,0,1
2026-03-10 22:58:45.134603,-13.13,14.96,49.95,1,2
2026-03-10 22:58:50.134603,-12.77,13.92,45.66,1,2
2026-03-10 22:58:55.134603,-13.65,10.78,39.1,0,1
2026-03-10 22:59:00.134603,-13.07,0.0,32.0,0,0
2026-03-10 22:59:05.134603,-13.38,0.0,32.0,0,0
2026-03-10 22:59:10.134603,-13.69,0.0,32.0,0,0
2026-03-10 22:59:15.134603,-13.66,0.0,32.0,0,0
2026-03-10 22:59:20.134603,-13.7,11.02,35.39,0,1
2026-03-10 22:59:25.134603,-13.03,15.36,39.3,1,2
2026-03-10 22:59:30.134603,-12.94,15.56,40.53,1,2
2026-03-10 22:59:35.134603,-13.8,0.0,32.0,0,0
2026-03-10 22:59:40.134603,-13.35,10.07,39.01,0,1
2026-03-10 22:59:45.134603,-13.45,10.67,33.1,0,1
2026-03-10 22:59:50.134603,-13.33,10.55,30.77,0,1
2026-03-10 22:59:55.134603,-13.65,10.21,39.89,0,1
2026-03-10 23:00:00.134603,-13.28,17.49,45.92,1,2
2026-03-10 23:00:05.134603,-13.41,9.56,34.7,0,1
2026-03-10 23:00:10.134603,-12.97,13.81,43.05,1,2
2026-03-10 23:00:15.134603,-13.14,13.13,46.24,1,2
2026-03-10 23:00:20.134603,-13.34,0.0,32.0,0,0
2026-03-10 23:00:25.134603,-12.83,13.94,46.63,1,2
2026-03-10 23:00:30.134603,-13.44,0.0,32.0,0,0
2026-03-10 23:00:35.134603,-13.15,0.0,32.0,0,0
2026-03-10 23:00:40.134603,-13.42,0.0,32.0,0,0
2026-03-10 23:00:45.134603,-13.54,10.34,30.97,0,1
2026-03-10 23:00:50.134603,-13.4,10.6,39.58,0,1
2026-03-10 23:00:55.134603,-13.33,0.0,32.0,0,0
2026-03-10 23:01:00.134603,-13.09,17.58,48.78,1,2
2026-03-10 23:01:05.134603,-13.55,0.0,32.0,0,0
2026-03-10 23:01:10.134603,-13.71,0.0,32.0,0,0
2026-03-10 23:01:15.134603,-13.39,9.72,37.5,0,1
2026-03-10 23:01:20.134603,-13.8,0.0,32.0,0,0
2026-03-10 23:01:25.134603,-12.96,14.45,44.52,1,2
2026-03-10 23:01:30.134603,-12.86,15.49,39.65,1,2
2026-03-10 23:01:35.134603,-13.74,0.0,32.0,0,0
2026-03-10 23:01:40.134603,-13.6,0.0,32.0,0,0
2026-03-10 23:01:45.134603,-13.81,0.0,32.0,0,0
2026-03-10 23:01:50.134603,-13.18,0.0,32.0,0,0
2026-03-10 23:01:55.134603,-13.59,0.0,32.0,0,0
2026-03-10 23:02:00.134603,-13.28,14.73,50.86,1,2
2026-03-10 23:02:05.134603,-13.26,0.0,32.0,0,0
2026-03-10 23:02:10.134603,-13.59,11.16,32.2,0,1
2026-03-10 23:02:15.134603,-13.38,0.0,32.0,0,0
2026-03-10 23:02:20.134603,-13.06,0.0,32.0,0,0
2026-03-10 23:02:25.134603,-13.73,0.0,32.0,0,0
2026-03-10 23:02:30.134603,-13.37,9.3,33.48,0,1
2026-03-10 23:02:35.134603,-13.5,0.0,32.0,0,0
2026-03-10 23:02:40.134603,-12.94,13.25,51.03,1,2
2026-03-10 23:02:45.134603,-13.02,14.22,53.17,1,2
2026-03-10 23:02:50.134603,-13.5,9.97,30.34,0,1
2026-03-10 23:02:55.134603,-13.77,0.0,32.0,0,0
2026-03-10 23:03:00.134603,-13.32,0.0,32.0,0,0
2026-03-10 23:03:05.134603,-13.19,17.53,42.2,1,2
2026-03-10 23:03:10.134603,-13.68,9.2,34.8,0,1
2026-03-10 23:03:15.134603,-13.14,17.81,38.53,1,2
2026-03-10 23:03:20.134603,-13.23,0.0,32.0,0,0
2026-03-10 23:03:25.134603,-13.17,0.0,32.0,0,0
2026-03-10 23:03:30.134603,-12.92,13.47,42.97,1,2
2026-03-10 23:03:35.134603,-12.83,16.24,41.18,1,2
2026-03-10 23:03:40.134603,-13.45,11.42,33.11,0,1
2026-03-10 23:03:45.134603,-13.14,16.72,45.76,1,2
2026-03-10 23:03:50.134603,-12.72,14.0,42.66,1,2
2026-03-10 23:03:55.134603,-13.33,9.1,32.43,0,1
2026-03-10 23:04:00.134603,-13.37,0.0,32.0,0,0
2026-03-10 23:04:05.134603,-12.95,16.96,53.47,1,2
2026-03-10 23:04:10.134603,-13.35,9.63,39.7,0,1
2026-03-10 23:04:15.134603,-13.06,13.34,47.45,1,2
2026-03-10 23:04:20.134603,-12.92,14.51,35.61,1,2
2026-03-10 23:04:25.134603,-13.01,14.41,46.05,1,2
2026-03-10 23:04:30.134603,-13.02,17.17,36.62,1,2
2026-03-10 23:04:35.134603,-13.32,10.87,35.88,0,1
2026-03-10 23:04:40.134603,-13.47,11.15,37.91,0,1
2026-03-10 23:04:45.134603,-13.45,0.0,32.0,0,0
2026-03-10 23:04:50.134603,-13.98,0.0,32.0,0,0
2026-03-10 23:04:55.134603,-13.74,0.0,32.0,0,0
2026-03-10 23:05:00.134603,-13.31,10.83,32.14,0,1
2026-03-10 23:05:05.134603,-13.44,10.05,35.73,0,1
2026-03-10 23:05:10.134603,-13.55,9.98,37.02,0,1
2026-03-10 23:05:15.134603,-13.87,0.0,32.0,0,0
2026-03-10 23:05:20.134603,-13.67,10.69,39.17,0,1
2026-03-10 23:05:25.134603,-13.33,0.0,32.0,0,0
2026-03-10 23:05:30.134603,-13.41,10.36,31.43,0,1
2026-03-10 23:05:35.134603,-13.32,11.37,31.67,0,1
2026-03-10 23:05:40.134603,-12.82,15.11,40.91,1,2
2026-03-10 23:05:45.134603,-13.63,0.0,32.0,0,0
2026-03-10 23:05:50.134603,-13.19,0.0,32.0,0,0
2026-03-10 23:05:55.134603,-13.86,0.0,32.0,0,0
2026-03-10 23:06:00.134603,-13.32,10.7,34.39,0,1
2026-03-10 23:06:05.134603,-12.8,13.8,35.46,1,2
2026-03-10 23:06:10.134603,-13.57,9.77,30.75,0,1
2026-03-10 23:06:15.134603,-13.11,16.15,42.52,1,2
2026-03-10 23:06:20.134603,-13.62,11.97,36.68,0,1
2026-03-10 23:06:25.134603,-13.49,0.0,32.0,0,0
2026-03-10 23:06:30.134603,-13.11,13.19,46.87,1,2
2026-03-10 23:06:35.134603,-13.76,0.0,32.0,0,0
2026-03-10 23:06:40.134603,-13.01,0.0,32.0,0,0
2026-03-10 23:06:45.134603,-13.57,11.67,35.03,0,1
2026-03-10 23:06:50.134603,-13.65,11.6,38.51,0,1
2026-03-10 23:06:55.134603,-13.31,10.58,33.28,0,1
2026-03-10 23:07:00.134603,-13.19,16.8,50.32,1,2
2026-03-10 23:07:05.134603,-13.62,11.37,37.31,0,1
2026-03-10 23:07:10.134603,-13.59,11.27,37.48,0,1
2026-03-10 23:07:15.134603,-13.3,11.42,31.23,0,1
2026-03-10 23:07:20.134603,-13.48,11.12,38.54,0,1
2026-03-10 23:07:25.134603,-13.74,0.0,32.0,0,0
2026-03-10 23:07:30.134603,-13.65,10.21,32.74,0,1
2026-03-10 23:07:35.134603,-13.07,16.18,42.41,1,2
2026-03-10 23:07:40.134603,-12.98,17.01,47.45,1,2
2026-03-10 23:07:45.134603,-13.63,11.75,32.69,0,1
2026-03-10 23:07:50.134603,-12.94,17.77,52.42,1,2
2026-03-10 23:07:55.134603,-13.44,11.32,37.13,0,1
2026-03-10 23:08:00.134603,-13.46,0.0,32.0,0,0
2026-03-10 23:08:05.134603,-13.48,9.73,38.25,0,1
2026-03-10 23:08:10.134603,-13.31,9.62,38.62,0,1
2026-03-10 23:08:15.134603,-13.71,0.0,32.0,0,0
2026-03-10 23:08:20.134603,-13.26,0.0,32.0,0,0
2026-03-10 23:08:25.134603,-12.91,16.26,46.96,1,2
2026-03-10 23:08:30.134603,-13.56,11.29,37.38,0,1
2026-03-10 23:08:35.134603,-13.05,0.0,32.0,0,0
2026-03-10 23:08:40.134603,-13.69,11.32,33.97,0,1
2026-03-10 23:08:45.134603,-13.86,0.0,32.0,0,0
2026-03-10 23:08:50.134603,-13.98,0.0,32.0,0,0
2026-03-10 23:08:55.134603,-13.81,0.0,32.0,0,0
2026-03-10 23:09:00.134603,-13.23,14.47,48.22,1,2
2026-03-10 23:09:05.134603,-13.22,0.0,32.0,0,0
2026-03-10 23:09:10.134603,-13.56,11.42,33.89,0,1
2026-03-10 23:09:15.134603,-13.65,11.7,33.33,0,1
2026-03-10 23:09:20.134603,-13.53,9.6,31.72,0,1
2026-03-10 23:09:25.134603,-13.45,0.0,32.0,0,0
2026-03-10 23:09:30.134603,-13.3,11.78,34.09,0,1
2026-03-10 23:09:35.134603,-12.97,14.08,53.87,1,2
2026-03-10 23:09:40.134603,-13.19,0.0,32.0,0,0
2026-03-10 23:09:45.134603,-13.44,11.27,31.5,0,1
2026-03-10 23:09:50.134603,-13.98,0.0,32.0,0,0
2026-03-10 23:09:55.134603,-13.63,9.89,37.6,0,1
2026-03-10 23:10:00.134603,-13.68,9.32,37.71,0,1
2026-03-10 23:10:05.134603,-13.03,0.0,32.0,0,0
2026-03-10 23:10:10.134603,-13.64,9.47,39.22,0,1
2026-03-10 23:10:15.134603,-13.12,0.0,32.0,0,0
2026-03-10 23:10:20.134603,-13.11,14.34,51.46,1,2
2026-03-10 23:10:25.134603,-13.68,0.0,32.0,0,0
2026-03-10 23:10:30.134603,-13.49,0.0,32.0,0,0
2026-03-10 23:10:35.134603,-13.62,0.0,32.0,0,0
2026-03-10 23:10:40.134603,-13.61,10.11,39.84,0,1
2026-03-10 23:10:45.134603,-13.37,0.0,32.0,0,0
2026-03-10 23:10:50.134603,-13.11,17.64,44.08,1,2
2026-03-10 23:10:55.134603,-12.85,16.98,36.18,1,2
2026-03-10 23:11:00.134603,-12.77,13.97,53.77,1,2
2026-03-10 23:11:05.134603,-12.89,14.63,43.66,1,2
2026-03-10 23:11:10.134603,-12.87,16.65,40.27,1,2
2026-03-10 23:11:15.134603,-13.31,9.05,31.9,0,1
2026-03-10 23:11:20.134603,-13.1,15.11,38.88,1,2
2026-03-10 23:11:25.134603,-12.84,14.68,48.64,1,2
2026-03-10 23:11:30.134603,-13.11,13.19,51.96,1,2
2026-03-10 23:11:35.134603,-13.15,0.0,32.0,0,0
2026-03-10 23:11:40.134603,-12.75,16.88,35.15,1,2
2026-03-10 23:11:45.134603,-13.58,10.25,34.88,0,1
2026-03-10 23:11:50.134603,-13.32,11.51,33.63,0,1
2026-03-10 23:11:55.134603,-13.02,0.0,32.0,0,0
2026-03-10 23:12:00.134603,-13.48,0.0,32.0,0,0
2026-03-10 23:12:05.134603,-13.2,17.83,37.54,1,2
2026-03-10 23:12:10.134603,-13.07,0.0,32.0,0,0
2026-03-10 23:12:15.134603,-12.95,15.67,51.43,1,2
2026-03-10 23:12:20.134603,-13.48,11.9,37.36,0,1
2026-03-10 23:12:25.134603,-13.46,9.16,33.55,0,1
2026-03-10 23:12:30.134603,-12.89,15.7,45.17,1,2
2026-03-10 23:12:35.134603,-13.92,0.0,32.0,0,0
2026-03-10 23:12:40.134603,-13.49,0.0,32.0,0,0
2026-03-10 23:12:45.134603,-13.42,11.84,33.67,0,1
2026-03-10 23:12:50.134603,-13.65,0.0,32.0,0,0
2026-03-10 23:12:55.134603,-13.36,9.34,31.86,0,1
2026-03-10 23:13:00.134603,-13.41,10.53,33.38,0,1
2026-03-10 23:13:05.134603,-13.39,9.75,38.3,0,1
2026-03-10 23:13:10.134603,-12.96,13.18,39.62,1,2
2026-03-10 23:13:15.134603,-12.87,14.87,45.74,1,2
2026-03-10 23:13:20.134603,-13.68,11.47,37.57,0,1
2026-03-10 23:13:25.134603,-13.37,11.22,35.63,0,1
2026-03-10 23:13:30.134603,-13.95,0.0,32.0,0,0
2026-03-10 23:13:35.134603,-13.24,0.0,32.0,0,0
2026-03-10 23:13:40.134603,-12.71,15.32,48.06,1,2
2026-03-10 23:13:45.134603,-13.85,0.0,32.0,0,0
2026-03-10 23:13:50.134603,-13.01,0.0,32.0,0,0
2026-03-10 23:13:55.134603,-13.13,0.0,32.0,0,0
2026-03-10 23:14:00.134603,-13.01,15.46,39.89,1,2
2026-03-10 23:14:05.134603,-13.18,14.82,53.73,1,2
2026-03-10 23:14:10.134603,-13.59,0.0,32.0,0,0
2026-03-10 23:14:15.134603,-13.23,0.0,32.0,0,0
2026-03-10 23:14:20.134603,-13.5,0.0,32.0,0,0
2026-03-10 23:14:25.134603,-13.81,0.0,32.0,0,0
2026-03-10 23:14:30.134603,-13.97,0.0,32.0,0,0
2026-03-10 23:14:35.134603,-13.34,9.24,38.57,0,1
2026-03-10 23:14:40.134603,-13.22,17.19,54.45,1,2
2026-03-10 23:14:45.134603,-13.03,15.42,47.67,1,2
2026-03-10 23:14:50.134603,-13.44,0.0,32.0,0,0
2026-03-10 23:14:55.134603,-13.68,0.0,32.0,0,0
2026-03-10 23:15:00.134603,-13.02,0.0,32.0,0,0
2026-03-10 23:15:05.134603,-13.2,0.0,32.0,0,0
2026-03-10 23:15:10.134603,-13.13,0.0,32.0,0,0
2026-03-10 23:15:15.134603,-12.79,15.5,50.12,1,2
2026-03-10 23:15:20.134603,-13.27,15.8,51.44,1,2
2026-03-10 23:15:25.134603,-12.92,17.72,54.85,1,2
2026-03-10 23:15:30.134603,-13.4,0.0,32.0,0,0
2026-03-10 23:15:35.134603,-13.05,13.94,52.96,1,2
2026-03-10 23:15:40.134603,-13.48,11.17,31.06,0,1
2026-03-10 23:15:45.134603,-13.49,9.4,35.64,0,1
2026-03-10 23:15:50.134603,-13.66,10.41,31.16,0,1
2026-03-10 23:15:55.134603,-13.19,15.14,54.01,1,2
2026-03-10 23:16:00.134603,-13.11,14.02,45.65,1,2
2026-03-10 23:16:05.134603,-13.54,9.57,32.72,0,1
2026-03-10 23:16:10.134603,-13.52,9.75,39.05,0,1
2026-03-10 23:16:15.134603,-13.66,11.67,35.45,0,1
2026-03-10 23:16:20.134603,-12.82,17.29,53.79,1,2
2026-03-10 23:16:25.134603,-13.32,9.93,37.06,0,1
2026-03-10 23:16:30.134603,-13.98,0.0,32.0,0,0
2026-03-10 23:16:35.134603,-13.5,0.0,32.0,0,0
2026-03-10 23:16:40.134603,-13.63,11.76,30.65,0,1
2026-03-10 23:16:45.134603,-13.63,11.34,39.4,0,1
