current,voltage,temperature,vibration,label
-13.37,0.0,32.53,0,0
-12.9,10.81,43.83,0,2
-13.82,0.0,31.11,0,0
-13.47,7.22,32.08,0,1
-12.51,10.17,43.53,1,2
-13.66,6.6,31.55,0,1
-13.01,0.0,34.16,0,0
-12.73,11.95,46.61,0,2
-12.59,10.16,49.04,0,2
-13.51,6.37,33.45,0,1
-13.46,0.0,31.03,0,0
-13.49,5.73,32.33,0,1
-13.57,5.27,38.88,0,1
-13.71,0.0,34.8,0,0
-13.62,7.22,33.55,0,1
-13.45,6.82,36.09,0,1
-13.47,5.71,31.7,0,1
-13.18,0.0,34.22,0,0
-13.42,7.21,32.44,0,1
-13.03,0.0,34.42,0,0
-13.4,0.0,31.27,0,0
-13.39,0.0,34.57,0,0
-13.94,0.0,30.79,0,0
-13.56,6.98,31.03,0,1
-13.34,6.88,31.5,0,1
-12.55,9.49,39.87,0,2
-13.55,6.08,37.22,0,1
-13.56,5.66,34.02,0,1
-13.88,0.0,30.87,0,0
-13.35,7.4,36.47,0,1
-13.15,9.49,44.92,1,2
-13.31,0.0,30.53,0,0
-13.29,10.6,47.14,1,2
-13.25,11.43,45.73,1,2
-13.15,0.0,31.91,0,0
-12.84,9.52,32.51,0,2
-13.57,5.35,32.46,0,1
-13.7,5.94,34.54,0,1
-13.12,8.56,43.38,0,2
-13.96,0.0,30.93,0,0
-13.13,9.65,36.38,0,2
-13.5,5.38,33.16,0,1
-13.26,6.45,36.89,0,1
-13.35,0.0,34.19,0,0
-13.24,7.53,33.6,0,1
-13.55,6.84,35.19,0,1
-13.28,0.0,33.27,0,0
-13.29,9.07,49.33,1,2
-13.75,5.01,35.69,0,1
-13.08,0.0,30.39,0,0
-13.71,6.58,37.18,0,1
-13.4,6.48,31.42,0,1
-13.68,6.61,35.61,0,1
-13.88,0.0,32.78,0,0
-13.93,0.0,32.5,0,0
-13.79,6.39,37.08,0,1
-13.53,0.0,32.78,0,0
-13.49,7.38,30.62,0,1
-13.63,6.99,32.16,0,1
-13.27,7.57,39.97,0,1
-13.39,0.0,34.38,0,0
-13.76,0.0,32.95,0,0
-13.22,5.66,38.5,0,1
-12.71,9.3,41.18,1,2
-13.57,7.49,32.23,0,1
-12.56,10.86,32.84,0,2
-13.05,0.0,33.71,0,0
-13.07,9.01,46.21,0,2
-13.24,0.0,31.18,0,0
-13.58,0.0,30.83,0,0
-13.22,6.67,32.95,0,1
-13.48,0.0,34.94,0,0
-13.16,0.0,30.14,0,0
-12.57,9.58,49.98,1,2
-13.31,6.52,32.48,0,1
-13.09,8.61,47.07,0,2
-13.26,0.0,31.6,0,0
-13.12,11.23,31.54,0,2
-13.2,11.11,31.91,0,2
-13.38,6.43,36.32,0,1
-13.77,7.58,38.97,0,1
-13.49,0.0,31.29,0,0
-13.43,6.16,31.98,0,1
-12.83,9.28,49.13,1,2
-13.2,8.03,39.8,0,2
-13.51,6.33,38.14,0,1
-13.38,0.0,30.62,0,0
-13.08,0.0,31.33,0,0
-13.73,5.84,34.86,0,1
-13.21,5.71,34.1,0,1
-13.43,6.6,35.03,0,1
-13.62,5.55,30.64,0,1
-12.54,11.45,33.23,0,2
-13.21,0.0,33.64,0,0
-12.96,11.91,41.31,1,2
-13.28,9.58,37.49,0,2
-13.05,0.0,33.51,0,0
-13.1,8.57,40.62,0,2
-13.85,0.0,33.69,0,0
-13.51,0.0,34.74,0,0
-13.2,10.24,45.66,1,2
-12.79,10.57,42.75,1,2
-12.85,8.32,47.07,0,2
-13.35,5.28,33.98,0,1
-13.25,8.59,44.18,0,2
-13.84,0.0,31.65,0,0
-13.61,0.0,32.04,0,0
-13.45,6.58,31.44,0,1
-13.75,0.0,31.71,0,0
-13.92,0.0,32.61,0,0
-13.5,0.0,32.43,0,0
-13.53,5.59,36.5,0,1
-13.01,8.51,33.2,0,2
-13.78,6.33,37.44,0,1
-13.56,5.42,35.56,0,1
-13.61,0.0,31.3,0,0
-13.86,0.0,30.28,0,0
-13.49,6.16,33.85,0,1
-13.75,7.27,39.55,0,1
-13.08,0.0,31.16,0,0
-13.47,5.58,38.56,0,1
-13.39,7.87,31.71,0,1
-13.71,0.0,32.56,0,0
-13.71,6.03,35.21,0,1
-13.21,9.65,47.1,1,2
-13.72,5.63,31.75,0,1
-13.33,0.0,34.04,0,0
-12.85,8.55,38.73,0,2
-13.08,0.0,32.35,0,0
-13.25,0.0,33.52,0,0
-13.48,5.63,35.71,0,1
-13.46,6.66,38.12,0,1
-13.42,0.0,34.24,0,0
-13.24,6.22,35.75,0,1
-13.13,10.48,45.05,0,2
-13.62,7.63,37.25,0,1
-13.34,6.24,37.77,0,1
-13.51,5.93,30.53,0,1
-13.97,0.0,30.34,0,0
-13.23,6.19,32.88,0,1
-13.28,0.0,33.14,0,0
-13.11,11.13,33.42,1,2
-13.27,6.41,37.13,0,1
-13.33,0.0,32.08,0,0
-13.41,0.0,32.7,0,0
-13.17,8.09,34.87,1,2
-13.37,0.0,34.08,0,0
-13.07,0.0,33.54,0,0
-13.8,7.37,37.7,0,1
-12.98,9.82,41.75,1,2
-13.71,7.85,33.62,0,1
-13.35,5.3,32.56,0,1
-13.18,9.9,31.77,1,2
-12.83,8.67,37.66,1,2
-13.44,5.89,39.82,0,1
-13.28,6.7,37.87,0,1
-13.69,6.22,37.51,0,1
-13.59,7.13,30.17,0,1
-13.66,7.99,36.99,0,1
-13.49,0.0,30.44,0,0
-13.25,11.48,33.12,0,2
-13.54,5.13,30.01,0,1
-13.45,5.71,34.99,0,1
-13.15,10.42,36.81,0,2
-12.93,8.62,49.0,0,2
-12.74,8.05,44.87,0,2
-13.31,0.0,30.59,0,0
-13.78,0.0,33.3,0,0
-13.23,9.13,39.67,0,2
-13.05,8.02,33.79,1,2
-13.54,6.74,34.87,0,1
-13.11,0.0,34.2,0,0
-12.72,8.67,43.94,1,2
-12.61,9.81,45.37,0,2
-12.91,10.72,39.42,0,2
-13.09,9.68,37.83,1,2
-13.14,0.0,30.17,0,0
-13.65,0.0,31.05,0,0
-13.66,0.0,32.24,0,0
-13.72,5.71,39.45,0,1
-13.42,5.58,33.92,0,1
-13.72,7.92,33.66,0,1
-13.27,6.62,35.07,0,1
-13.26,6.53,31.54,0,1
-13.15,11.48,36.24,1,2
-12.88,8.08,32.6,1,2
-13.98,0.0,30.55,0,0
-13.24,5.05,33.71,0,1
-13.43,5.38,38.0,0,1
-13.1,9.1,35.15,1,2
-13.53,5.3,32.61,0,1
-13.28,0.0,31.34,0,0
-12.65,8.46,31.27,1,2
-12.61,10.77,49.49,1,2
-13.29,8.83,45.81,1,2
-13.53,7.71,30.74,0,1
-12.77,9.68,46.22,0,2
-13.99,0.0,33.15,0,0
-13.26,9.7,43.44,0,2
-13.61,0.0,32.43,0,0
-12.69,9.89,31.23,1,2
-13.26,7.0,34.06,0,1
-12.74,10.81,47.77,1,2
-13.17,8.94,37.66,1,2
-13.95,0.0,32.31,0,0
-13.55,5.14,39.91,0,1
-13.73,5.47,31.21,0,1
-13.14,9.53,43.89,1,2
-13.7,0.0,32.03,0,0
-13.74,0.0,33.7,0,0
-13.04,0.0,32.81,0,0
-13.1,0.0,30.09,0,0
-13.48,5.84,39.52,0,1
-13.59,5.42,35.57,0,1
-13.16,0.0,30.23,0,0
-13.22,9.44,40.54,1,2
-13.14,0.0,34.37,0,0
-13.91,0.0,32.78,0,0
-12.63,10.48,31.73,1,2
-13.11,8.88,41.86,0,2
-13.62,6.14,37.07,0,1
-13.66,0.0,30.38,0,0
-13.28,5.09,37.89,0,1
-12.53,8.28,36.6,1,2
-13.26,11.02,47.01,0,2
-13.48,5.59,35.91,0,1
-12.74,10.75,35.6,0,2
-13.93,0.0,33.41,0,0
-13.96,0.0,33.15,0,0
-13.46,0.0,33.47,0,0
-13.45,0.0,30.97,0,0
-12.98,9.44,34.88,0,2
-12.87,11.69,43.92,0,2
-12.58,9.07,33.86,1,2
-13.51,0.0,32.98,0,0
-13.5,7.35,30.32,0,1
-13.19,10.3,38.85,1,2
-13.22,8.67,30.13,0,2
-13.59,6.34,36.6,0,1
-13.2,0.0,31.0,0,0
-13.12,0.0,32.52,0,0
-13.67,0.0,34.76,0,0
-13.27,11.16,42.28,1,2
-13.58,7.57,32.87,0,1
-12.73,8.26,41.12,1,2
-13.14,11.58,45.26,0,2
-13.23,5.31,36.44,0,1
-13.1,0.0,33.97,0,0
-13.39,0.0,34.17,0,0
-13.48,5.75,32.6,0,1
-12.72,10.03,39.7,1,2
-13.29,5.39,38.48,0,1
-13.52,0.0,32.87,0,0
-13.4,7.38,33.55,0,1
-13.67,5.72,38.57,0,1
-13.53,7.32,39.41,0,1
-13.21,10.55,31.76,1,2
-13.46,0.0,32.94,0,0
-13.0,8.45,40.35,1,2
-13.42,0.0,34.68,0,0
-13.14,0.0,31.55,0,0
-13.24,6.52,34.83,0,1
-13.29,7.01,32.1,0,1
-13.28,9.42,49.15,0,2
-12.9,10.14,40.25,1,2
-13.75,6.91,39.57,0,1
-13.55,6.15,35.4,0,1
-13.81,0.0,33.29,0,0
-13.29,7.52,37.2,0,1
-13.26,6.95,30.79,0,1
-13.78,0.0,32.28,0,0
-12.95,8.6,34.64,0,2
-12.7,9.74,49.67,0,2
-13.28,7.19,32.22,0,1
-12.63,10.22,42.33,1,2
-13.4,0.0,31.66,0,0
-13.73,0.0,31.59,0,0
-13.51,5.38,37.4,0,1
-13.68,0.0,33.94,0,0
-12.51,11.15,37.19,0,2
-12.57,10.18,43.77,1,2
-13.53,7.64,30.5,0,1
-12.73,10.12,31.42,1,2
-13.82,0.0,32.52,0,0
-13.61,6.68,30.86,0,1
-13.17,9.09,43.89,0,2
-12.87,11.45,38.66,1,2
-13.09,10.39,39.15,1,2
-13.26,0.0,34.81,0,0
-13.76,0.0,31.64,0,0
-12.62,9.79,36.06,1,2
-13.73,0.0,34.51,0,0
-12.77,9.39,36.18,1,2
-13.25,7.15,31.49,0,1
-13.46,0.0,31.6,0,0
-13.64,0.0,33.34,0,0
-13.76,0.0,33.73,0,0
-12.51,9.9,32.27,1,2
-12.66,9.54,37.11,1,2
-13.02,0.0,32.85,0,0
-13.16,11.84,31.83,1,2
-13.58,6.11,30.59,0,1
-13.97,0.0,32.8,0,0
-13.75,6.33,33.66,0,1
-13.99,0.0,31.65,0,0
-13.21,5.14,35.88,0,1
-13.51,6.23,38.93,0,1
-13.09,0.0,32.54,0,0
-12.61,8.91,33.97,0,2
-13.2,0.0,32.43,0,0
-13.28,0.0,33.22,0,0
-13.6,0.0,34.78,0,0
-13.33,7.71,36.88,0,1
-13.55,0.0,34.1,0,0
-13.39,6.5,36.8,0,1
-13.21,5.77,35.49,0,1
-13.26,0.0,33.58,0,0
-13.79,5.29,32.63,0,1
-13.14,9.47,46.52,0,2
-13.09,9.02,31.21,0,2
-13.46,7.39,32.32,0,1
-13.2,9.8,45.21,0,2
-13.11,0.0,32.15,0,0
-13.71,5.4,38.33,0,1
-13.7,0.0,33.67,0,0
-13.53,7.12,30.23,0,1
-13.19,8.59,39.4,1,2
-13.32,7.81,35.72,0,1
-12.69,11.38,33.52,1,2
-13.19,10.65,33.82,0,2
-13.25,7.76,34.79,0,1
-13.41,0.0,34.37,0,0
-13.89,0.0,33.03,0,0
-13.71,7.24,36.73,0,1
-13.26,0.0,30.8,0,0
-13.22,10.71,43.6,0,2
-13.21,0.0,32.67,0,0
-13.56,6.77,37.25,0,1
-13.55,5.08,38.09,0,1
-12.73,8.92,47.95,1,2
-13.03,9.16,44.49,1,2
-13.42,0.0,34.52,0,0
-13.5,7.75,34.93,0,1
-13.09,0.0,31.01,0,0
-13.23,10.88,42.33,1,2
-13.35,5.16,35.47,0,1
-13.13,10.66,32.74,1,2
-13.54,6.7,32.68,0,1
-13.8,7.2,35.34,0,1
-13.33,6.81,35.66,0,1
-13.73,7.79,39.74,0,1
-13.43,0.0,32.52,0,0
-13.33,7.45,31.99,0,1
-13.0,10.4,48.31,0,2
-13.21,9.9,36.02,1,2
-12.94,8.28,48.94,0,2
-12.74,8.17,31.88,1,2
-13.48,0.0,30.94,0,0
-13.11,0.0,30.57,0,0
-13.53,0.0,34.04,0,0
-13.2,0.0,33.05,0,0
-13.76,0.0,34.09,0,0
-13.44,7.89,31.61,0,1
-13.43,5.69,35.31,0,1
-13.28,9.92,38.84,1,2
-12.86,8.02,30.21,0,2
-13.77,0.0,30.86,0,0
-13.44,5.49,31.24,0,1
-13.71,0.0,34.87,0,0
-13.04,11.6,47.2,0,2
-13.21,7.91,35.39,0,1
-13.52,7.6,30.67,0,1
-12.52,10.21,30.01,1,2
-13.63,7.06,35.76,0,1
-13.23,0.0,34.69,0,0
-13.64,5.4,32.14,0,1
-13.54,7.79,38.33,0,1
-12.54,9.93,41.87,0,2
-13.65,6.54,37.77,0,1
-12.86,9.56,49.84,0,2
-13.77,6.62,35.73,0,1
-13.42,5.25,38.79,0,1
-13.31,0.0,33.0,0,0
-13.61,7.06,39.4,0,1
-13.75,6.05,33.91,0,1
-13.76,6.68,36.08,0,1
-13.7,6.23,38.62,0,1
-13.11,8.12,34.68,0,2
-13.4,0.0,31.41,0,0
-13.42,5.25,34.05,0,1
-12.65,8.64,40.12,1,2
-13.22,10.73,45.24,0,2
-13.54,7.74,35.33,0,1
-13.24,0.0,34.46,0,0
-13.76,5.1,38.12,0,1
-13.76,0.0,30.48,0,0
-12.79,8.96,42.3,1,2
-13.29,9.08,38.48,1,2
-13.52,0.0,31.58,0,0
-12.59,11.02,48.43,0,2
-12.72,10.61,31.64,0,2
-13.27,6.43,33.53,0,1
-12.64,10.06,42.35,0,2
-12.79,8.27,43.07,1,2
-13.53,0.0,30.32,0,0
-13.22,0.0,34.68,0,0
-13.22,0.0,32.14,0,0
-13.24,9.44,35.62,0,2
-13.24,0.0,33.45,0,0
-13.49,6.7,38.41,0,1
-13.3,0.0,32.09,0,0
-13.32,0.0,31.17,0,0
-13.83,0.0,31.94,0,0
-13.78,0.0,33.77,0,0
-13.32,0.0,32.07,0,0
-12.63,11.43,46.17,1,2
-13.53,6.08,35.34,0,1
-12.64,11.54,37.33,1,2
-13.16,8.79,43.85,0,2
-13.77,0.0,30.9,0,0
-13.75,0.0,34.59,0,0
-12.87,10.28,42.38,0,2
-13.62,0.0,34.06,0,0
-13.56,6.06,37.89,0,1
-13.65,8.0,30.24,0,1
-12.62,11.9,43.52,0,2
-13.05,0.0,32.94,0,0
-13.48,6.33,30.84,0,1
-13.62,0.0,34.68,0,0
-12.73,8.26,38.47,1,2
-13.22,8.84,44.1,0,2
-13.47,7.48,32.19,0,1
-13.54,0.0,30.47,0,0
-13.79,7.61,34.86,0,1
-13.41,7.46,39.96,0,1
-13.89,0.0,34.23,0,0
-13.5,0.0,32.15,0,0
-13.05,8.09,36.07,0,2
-13.56,7.57,30.8,0,1
-12.79,9.82,40.3,1,2
-13.49,6.77,36.86,0,1
-13.44,5.36,38.21,0,1
-13.23,0.0,30.34,0,0
-13.72,6.3,33.43,0,1
-13.72,0.0,30.98,0,0
-12.95,8.48,30.1,1,2
-13.32,5.83,38.25,0,1
-12.83,11.29,34.89,1,2
-13.21,10.53,35.27,1,2
-13.82,0.0,32.39,0,0
-13.53,0.0,31.6,0,0
-13.61,6.81,32.62,0,1
-12.61,9.92,35.36,0,2
-13.53,0.0,32.28,0,0
-13.08,0.0,32.82,0,0
-13.73,5.23,39.07,0,1
-13.12,0.0,31.89,0,0
-13.25,7.84,30.42,0,1
-13.71,7.06,35.97,0,1
-13.56,0.0,30.24,0,0
-13.26,0.0,32.08,0,0
-13.03,9.27,43.18,0,2
-12.86,10.99,35.08,0,2
-13.24,6.13,36.14,0,1
-13.33,0.0,32.86,0,0
-13.16,0.0,33.52,0,0
-13.71,0.0,33.59,0,0
-13.41,7.72,34.48,0,1
-13.7,0.0,34.15,0,0
-13.82,0.0,32.71,0,0
-12.78,10.2,30.41,0,2
-12.55,9.36,34.17,1,2
-13.38,6.65,33.27,0,1
-13.3,0.0,31.66,0,0
-13.24,10.45,38.31,0,2
-13.56,5.27,36.89,0,1
-12.58,10.33,38.79,1,2
-13.43,5.46,32.31,0,1
-13.21,11.78,36.79,1,2
-13.19,10.48,43.58,0,2
-12.8,9.36,31.12,0,2
-13.95,0.0,31.42,0,0
-13.14,9.97,41.29,0,2
-12.71,11.04,34.72,1,2
-13.25,6.7,39.61,0,1
-13.06,9.52,40.08,0,2
-13.81,0.0,34.54,0,0
-13.59,6.9,30.68,0,1
-13.77,0.0,30.14,0,0
-12.53,10.78,33.41,0,2
-13.07,9.5,37.81,1,2
-13.46,5.97,31.18,0,1
-13.35,7.23,38.67,0,1
-13.49,6.64,38.61,0,1
-13.48,7.5,30.73,0,1
-12.63,8.19,35.75,0,2
-12.65,9.66,40.9,1,2
-13.61,5.77,33.13,0,1
-13.01,10.6,49.16,1,2
-12.98,9.29,38.08,0,2
-13.2,10.52,39.29,1,2
-13.05,9.54,44.94,0,2
-13.39,5.86,38.12,0,1
-12.64,9.63,33.2,1,2
-13.79,7.93,39.41,0,1
-13.16,0.0,31.47,0,0
-12.71,8.99,43.71,0,2
-13.29,6.59,32.61,0,1
-13.58,0.0,34.48,0,0
-13.37,0.0,30.69,0,0
-13.72,5.5,32.87,0,1
-13.46,0.0,30.69,0,0
-13.7,0.0,32.84,0,0
-13.58,0.0,33.98,0,0
-13.04,0.0,30.04,0,0
-13.2,10.92,42.43,1,2
-12.73,9.43,40.31,1,2
-13.13,0.0,33.72,0,0
-13.7,5.42,34.54,0,1
-13.61,5.88,35.72,0,1
-13.28,7.48,35.58,0,1
-13.33,0.0,34.3,0,0
-13.31,6.94,35.03,0,1
-13.29,6.44,34.28,0,1
-12.5,8.4,42.62,1,2
-13.71,6.54,36.32,0,1
-13.26,0.0,30.84,0,0
-13.86,0.0,30.9,0,0
-13.26,9.02,31.77,1,2
-13.94,0.0,31.58,0,0
-13.0,9.69,36.33,1,2
-13.98,0.0,32.87,0,0
-12.83,10.08,48.44,1,2
-13.66,6.19,32.2,0,1
-13.07,11.71,48.72,0,2
-13.29,0.0,30.4,0,0
-12.56,11.59,49.45,0,2
-13.31,6.32,38.83,0,1
-12.77,10.88,43.96,1,2
-12.99,9.35,35.8,0,2
-13.02,10.25,49.03,0,2
-13.09,10.08,39.59,1,2
-13.17,0.0,31.53,0,0
-12.71,10.62,42.1,0,2
-12.63,9.8,33.77,1,2
-13.24,11.25,44.01,0,2
-13.82,0.0,34.22,0,0
-12.57,9.93,30.63,1,2
-13.6,5.27,36.13,0,1
-12.95,11.05,48.72,1,2
-13.52,0.0,34.81,0,0
-13.09,0.0,34.83,0,0
-13.49,5.81,32.14,0,1
-13.21,0.0,31.62,0,0
-13.24,0.0,31.69,0,0
-12.53,10.56,33.74,0,2
-13.31,6.78,38.99,0,1
-13.41,6.17,39.1,0,1
-12.55,9.64,34.08,1,2
-13.61,7.65,38.43,0,1
-13.07,11.53,36.35,0,2
-12.88,10.85,35.93,1,2
-13.43,0.0,30.48,0,0
-13.4,0.0,32.31,0,0
-13.14,0.0,31.4,0,0
-12.54,8.89,34.16,0,2
-13.42,0.0,33.16,0,0
-13.63,0.0,30.49,0,0
-12.95,11.28,48.34,1,2
-13.68,0.0,30.42,0,0
-13.32,5.62,31.8,0,1
-13.27,6.32,38.28,0,1
-12.78,11.03,34.14,0,2
-13.64,7.77,35.5,0,1
-13.14,8.01,43.9,1,2
-13.43,7.68,37.01,0,1
-13.21,8.63,42.18,0,2
-13.21,7.15,33.76,0,1
-13.36,6.92,32.61,0,1
-13.22,5.81,38.24,0,1
-13.33,5.79,37.97,0,1
-13.74,0.0,32.54,0,0
-13.5,7.89,33.56,0,1
-12.98,11.36,40.31,1,2
-13.3,0.0,34.64,0,0
-12.83,11.74,32.5,1,2
-12.78,8.98,34.01,1,2
-13.8,0.0,30.58,0,0
-12.7,11.08,35.17,1,2
-13.78,0.0,33.93,0,0
-12.66,11.23,30.94,1,2
-12.93,9.86,46.61,1,2
-12.84,10.76,38.33,0,2
-13.71,5.31,36.36,0,1
-13.47,7.28,31.14,0,1
-13.23,7.81,35.87,0,1
-12.69,10.98,39.39,0,2
-13.4,0.0,30.61,0,0
-13.02,0.0,34.66,0,0
-13.49,0.0,30.74,0,0
-13.04,8.8,48.15,0,2
-13.74,5.57,36.09,0,1
-13.45,0.0,32.06,0,0
-12.78,8.17,35.2,0,2
-13.42,6.76,31.55,0,1
-12.96,10.43,38.11,1,2
-13.33,0.0,34.75,0,0
-13.12,11.16,31.8,1,2
-13.07,0.0,34.67,0,0
-13.54,0.0,34.19,0,0
-13.18,10.52,36.3,0,2
-13.03,8.73,47.39,0,2
-13.54,6.45,38.99,0,1
-13.1,0.0,30.26,0,0
-13.7,7.16,38.05,0,1
-13.66,7.78,36.3,0,1
-13.43,6.1,38.78,0,1
-12.93,9.07,31.72,0,2
-13.66,0.0,34.84,0,0
-13.34,6.33,38.87,0,1
-12.51,9.56,45.38,0,2
-13.36,7.37,35.04,0,1
-13.29,11.62,47.31,0,2
-13.27,10.06,41.1,1,2
-12.65,11.09,46.86,0,2
-13.91,0.0,34.54,0,0
-13.52,6.68,30.81,0,1
-13.66,0.0,34.21,0,0
-13.58,7.09,38.76,0,1
-13.25,11.11,31.29,0,2
-12.58,8.13,37.79,1,2
-13.4,5.26,38.82,0,1
-13.59,0.0,34.69,0,0
-13.74,5.91,35.22,0,1
-13.67,5.62,34.01,0,1
-13.06,0.0,30.21,0,0
-13.05,0.0,34.18,0,0
-13.63,0.0,31.8,0,0
-13.82,0.0,32.2,0,0
-13.45,6.46,39.61,0,1
-13.17,0.0,32.09,0,0
-12.99,10.15,42.01,1,2
-12.92,10.57,35.22,1,2
-13.23,11.14,45.45,0,2
-13.57,6.99,35.94,0,1
-13.17,10.59,39.33,0,2
-13.1,0.0,32.6,0,0
-13.71,7.34,38.96,0,1
-13.52,7.98,36.4,0,1
-13.04,9.6,47.5,0,2
-12.69,9.47,46.8,1,2
-13.34,6.76,32.26,0,1
-13.15,11.56,38.51,1,2
-13.56,0.0,32.27,0,0
-13.11,0.0,33.94,0,0
-13.76,6.28,39.02,0,1
-12.77,10.43,40.17,1,2
-13.04,0.0,33.31,0,0
-13.61,6.42,36.1,0,1
-13.89,0.0,33.11,0,0
-13.96,0.0,30.99,0,0
-13.29,5.5,39.24,0,1
-12.61,9.24,43.43,0,2
-13.46,7.43,38.37,0,1
-12.83,8.42,39.16,0,2
-13.57,7.15,39.28,0,1
-12.85,11.37,39.77,1,2
-13.28,5.83,37.81,0,1
-13.57,6.98,33.72,0,1
-13.4,0.0,30.6,0,0
-12.67,11.18,47.25,0,2
-12.73,9.36,49.55,0,2
-13.39,6.77,38.79,0,1
-13.25,7.04,32.91,0,1
-13.93,0.0,31.64,0,0
-13.77,0.0,30.78,0,0
-12.6,8.41,38.01,1,2
-13.57,5.27,37.87,0,1
-13.62,0.0,30.11,0,0
-13.16,8.75,44.35,1,2
-13.73,5.81,39.16,0,1
-13.52,6.33,33.43,0,1
-13.49,0.0,34.07,0,0
-13.42,0.0,32.71,0,0
-13.37,5.89,32.69,0,1
-13.37,0.0,33.93,0,0
-13.42,0.0,31.24,0,0
-13.88,0.0,31.97,0,0
-13.09,11.61,41.22,0,2
-13.41,5.54,35.33,0,1
-13.43,6.0,38.02,0,1
-12.97,9.12,49.9,1,2
-13.34,7.44,37.69,0,1
-13.22,6.26,34.08,0,1
-13.93,0.0,30.59,0,0
-12.78,9.68,30.88,0,2
-13.56,0.0,33.5,0,0
-13.64,0.0,31.64,0,0
-12.66,11.53,36.64,1,2
-13.78,0.0,34.35,0,0
-13.31,0.0,30.12,0,0
-13.77,6.27,33.4,0,1
-13.31,5.48,35.8,0,1
-13.42,6.95,39.37,0,1
-13.64,6.63,38.39,0,1
-13.52,0.0,32.34,0,0
-13.22,8.44,32.29,1,2
-13.6,5.0,32.15,0,1
-13.02,0.0,32.13,0,0
-12.67,10.19,42.97,1,2
-13.48,6.42,38.61,0,1
-12.92,10.8,42.46,1,2
-12.51,8.89,48.4,0,2
-13.54,0.0,33.8,0,0
-12.56,8.85,44.77,0,2
-13.14,0.0,32.69,0,0
-13.23,6.73,39.12,0,1
-13.48,6.36,34.54,0,1
-13.42,5.4,36.27,0,1
-12.97,9.58,33.53,1,2
-12.92,11.09,33.15,1,2
-13.3,7.08,39.82,0,1
-13.26,5.92,38.09,0,1
-13.26,11.79,35.36,0,2
-13.68,0.0,31.5,0,0
-13.6,0.0,31.9,0,0
-13.51,0.0,30.9,0,0
-12.66,9.6,44.55,1,2
-13.07,10.01,46.74,0,2
-12.98,8.75,47.99,0,2
-13.07,0.0,31.3,0,0
-12.86,11.47,38.36,1,2
-13.68,0.0,32.22,0,0
-13.59,5.55,35.39,0,1
-12.7,11.38,43.31,1,2
-12.5,9.23,48.95,0,2
-13.77,6.88,31.3,0,1
-12.66,11.79,36.05,1,2
-13.68,7.93,35.76,0,1
-13.24,5.99,39.83,0,1
-12.64,11.95,47.77,1,2
-13.62,6.66,37.55,0,1
-12.93,8.48,47.01,0,2
-12.61,8.06,42.17,1,2
-12.7,10.89,44.85,1,2
-12.65,11.8,36.04,0,2
-12.62,11.42,31.45,1,2
-12.78,10.19,31.64,0,2
-13.49,6.55,31.44,0,1
-13.02,0.0,33.17,0,0
-13.19,0.0,33.2,0,0
-13.56,0.0,32.07,0,0
-13.58,7.51,33.35,0,1
-13.05,0.0,31.06,0,0
-13.2,0.0,31.26,0,0
-13.49,0.0,33.66,0,0
-13.2,11.42,33.01,1,2
-13.56,0.0,33.95,0,0
-13.25,0.0,30.11,0,0
-13.38,5.4,32.81,0,1
-12.51,10.24,46.81,1,2
-13.52,7.2,38.37,0,1
-13.59,5.19,31.05,0,1
-13.21,7.05,30.22,0,1
-13.37,5.17,31.63,0,1
-13.42,6.65,34.45,0,1
-12.67,11.01,41.47,0,2
-13.21,0.0,33.55,0,0
-13.73,0.0,34.75,0,0
-13.69,0.0,30.73,0,0
-13.22,6.97,39.77,0,1
-13.14,8.8,42.82,1,2
-13.21,10.42,30.04,0,2
-13.65,5.31,31.11,0,1
-12.76,10.78,49.16,1,2
-13.21,0.0,30.19,0,0
-13.19,0.0,31.8,0,0
-13.57,5.02,33.18,0,1
-12.61,8.59,30.83,1,2
-13.23,5.06,34.03,0,1
-12.62,11.0,35.43,0,2
-13.24,5.08,35.6,0,1
-12.76,8.11,36.19,1,2
-13.37,0.0,34.71,0,0
-13.4,0.0,32.11,0,0
-13.33,5.82,30.59,0,1
-13.43,5.93,31.47,0,1
-12.7,10.09,36.78,1,2
-13.23,5.59,34.32,0,1
-13.94,0.0,32.22,0,0
-13.03,9.75,41.68,0,2
-13.56,0.0,32.61,0,0
-13.19,0.0,34.75,0,0
-13.77,5.91,37.33,0,1
-13.38,5.49,35.01,0,1
-13.37,5.57,30.71,0,1
-13.53,6.59,38.13,0,1
-13.58,6.74,36.1,0,1
-13.57,0.0,34.82,0,0
-13.08,0.0,32.09,0,0
-13.48,0.0,34.68,0,0
-13.25,9.15,48.21,1,2
-12.8,9.59,34.43,1,2
-13.5,7.45,37.02,0,1
-12.55,9.2,43.08,1,2
-12.98,8.16,35.68,1,2
-12.93,9.81,43.13,1,2
-13.44,5.34,35.97,0,1
-12.72,8.94,38.26,1,2
-13.2,8.03,44.27,1,2
-13.46,0.0,34.58,0,0
-13.14,8.74,49.42,0,2
-12.84,9.33,47.1,1,2
-12.78,10.51,34.34,0,2
-13.04,0.0,30.63,0,0
-13.2,6.99,34.57,0,1
-13.12,0.0,34.55,0,0
-13.24,10.94,38.9,0,2
-12.59,11.98,47.38,1,2
-13.09,0.0,30.15,0,0
-13.25,5.12,38.14,0,1
-12.98,8.11,40.47,1,2
-13.18,0.0,33.72,0,0
-13.19,0.0,33.04,0,0
-12.84,11.11,45.83,1,2
-13.07,0.0,33.38,0,0
-13.6,7.33,30.75,0,1
-13.44,6.29,35.94,0,1
-13.25,7.35,38.01,0,1
-12.58,10.6,39.02,0,2
-13.87,0.0,33.34,0,0
-12.72,9.96,34.32,0,2
-13.37,5.1,39.39,0,1
-13.02,0.0,33.64,0,0
-13.21,7.98,36.81,0,1
-12.99,11.64,44.38,1,2
-13.72,7.53,37.18,0,1
-12.92,10.96,42.15,1,2
-13.48,0.0,31.55,0,0
-12.51,11.14,49.91,0,2
-13.55,5.47,35.84,0,1
-13.4,7.6,32.8,0,1
-13.12,9.18,42.9,1,2
-13.98,0.0,32.77,0,0
-12.64,8.63,30.45,1,2
-13.18,9.12,41.56,1,2
-13.27,6.35,33.39,0,1
-13.58,5.32,37.17,0,1
-12.76,8.52,39.99,1,2
-13.41,5.93,30.49,0,1
-13.24,5.2,30.42,0,1
-12.85,8.94,35.56,1,2
-13.54,0.0,31.8,0,0
-13.72,0.0,30.21,0,0
-13.21,8.89,43.69,0,2
-12.96,9.63,33.22,0,2
-12.83,10.46,38.72,0,2
-13.02,0.0,34.78,0,0
-13.76,5.85,33.75,0,1
-13.22,11.15,46.1,1,2
-13.95,0.0,31.16,0,0
-13.42,0.0,31.49,0,0
-12.5,10.58,42.01,1,2
-13.23,7.16,36.73,0,1
-13.22,0.0,30.37,0,0
-13.55,0.0,34.52,0,0
-12.95,11.62,42.24,1,2
-13.41,5.38,34.78,0,1
-13.88,0.0,32.97,0,0
-13.63,5.38,37.07,0,1
-13.99,0.0,31.26,0,0
-12.98,11.52,36.28,0,2
-13.29,0.0,30.44,0,0
-12.95,8.04,35.67,0,2
-13.05,11.96,45.85,0,2
-12.95,9.18,34.25,0,2
-13.25,11.2,47.27,0,2
-13.3,6.56,33.54,0,1
-13.67,0.0,31.07,0,0
-12.88,10.09,38.11,0,2
-12.7,9.87,42.76,0,2
-12.98,10.46,41.94,0,2
-13.89,0.0,30.77,0,0
-12.82,8.49,41.83,0,2
-13.54,7.12,35.9,0,1
-12.75,8.13,47.57,1,2
-13.39,6.77,34.87,0,1
-13.11,0.0,32.8,0,0
-12.59,10.55,41.04,0,2
-13.22,5.56,39.35,0,1
-12.79,8.83,31.62,0,2
-13.56,0.0,33.55,0,0
-12.78,11.07,32.26,1,2
-13.14,0.0,33.62,0,0
-13.24,0.0,30.98,0,0
-13.75,0.0,34.99,0,0
-13.4,0.0,30.95,0,0
-13.07,0.0,30.76,0,0
-13.72,6.24,30.67,0,1
-13.88,0.0,31.5,0,0
-13.0,0.0,32.63,0,0
-13.77,6.07,38.01,0,1
-12.68,9.95,39.37,0,2
-13.83,0.0,31.15,0,0
-13.49,7.79,32.46,0,1
-13.17,9.62,41.95,0,2
-13.7,6.13,32.91,0,1
-12.85,10.41,32.22,0,2
-13.53,7.08,31.23,0,1
-13.6,0.0,33.61,0,0
-13.43,7.28,31.24,0,1
-13.61,0.0,33.23,0,0
-13.51,5.24,33.54,0,1
-13.82,0.0,32.41,0,0
-13.14,9.97,32.1,1,2
-13.35,5.92,30.81,0,1
-13.02,0.0,30.91,0,0
-13.5,0.0,30.71,0,0
-12.71,8.72,40.63,0,2
-13.27,5.87,38.08,0,1
-13.46,6.12,34.26,0,1
-12.54,9.49,49.57,1,2
-13.83,0.0,32.17,0,0
-13.29,7.35,31.8,0,1
-13.8,5.48,36.59,0,1
-13.73,0.0,31.45,0,0
-13.13,8.74,44.01,1,2
-13.96,0.0,31.77,0,0
-13.73,6.27,34.83,0,1
-13.46,7.59,33.24,0,1
-13.08,11.03,31.04,0,2
-13.29,6.81,36.56,0,1
-13.03,0.0,30.99,0,0
-13.99,0.0,30.44,0,0
-12.87,8.09,34.75,1,2
-13.54,0.0,34.16,0,0
-13.8,6.39,39.49,0,1
-13.47,6.57,30.16,0,1
-13.77,7.81,36.32,0,1
-12.51,9.27,41.86,1,2
-12.67,9.22,44.31,1,2
-13.47,7.9,37.36,0,1
-13.28,8.97,41.79,0,2
-13.68,0.0,32.49,0,0
-12.95,11.78,36.62,0,2
-13.67,6.04,37.77,0,1
-13.21,0.0,32.17,0,0
-13.81,0.0,30.73,0,0
-13.21,6.2,37.9,0,1
-13.35,0.0,32.29,0,0
-13.34,6.92,32.57,0,1
-13.15,11.23,38.59,0,2
-13.2,0.0,31.92,0,0
-13.07,9.9,44.29,0,2
-13.23,0.0,32.05,0,0
-12.57,10.02,41.92,0,2
-13.39,0.0,30.4,0,0
-13.04,8.34,35.67,1,2
-13.25,6.95,33.37,0,1
-13.25,11.39,33.14,0,2
-13.0,10.85,35.06,1,2
-13.03,11.91,36.18,1,2
-13.6,6.07,37.29,0,1
-13.51,5.08,34.47,0,1
-13.38,0.0,31.22,0,0
-13.32,5.86,34.78,0,1
-13.31,0.0,32.62,0,0
-13.06,11.62,34.54,1,2
-13.54,7.34,36.58,0,1
-13.04,9.5,49.8,1,2
-13.29,11.25,47.94,1,2
-13.67,6.59,34.78,0,1
-13.58,6.38,30.86,0,1
-12.59,11.76,31.98,1,2
-13.56,6.99,31.47,0,1
-13.12,11.6,31.93,1,2
-13.99,0.0,31.24,0,0
-12.76,8.72,43.18,0,2
-13.69,5.84,31.93,0,1
-12.56,11.79,42.59,1,2
-13.05,0.0,30.83,0,0
-13.57,5.78,36.36,0,1
-13.01,9.22,42.18,1,2
-13.23,0.0,31.08,0,0
-13.38,7.02,30.04,0,1
-12.57,8.48,34.47,0,2
-12.6,10.38,31.8,1,2
-13.2,0.0,30.94,0,0
-13.22,11.99,31.15,0,2
-13.42,7.77,34.95,0,1
-13.21,11.84,30.94,1,2
-13.72,0.0,32.77,0,0
-13.27,5.8,37.12,0,1
-12.92,11.43,35.84,0,2
-13.55,6.64,33.11,0,1
-13.63,5.37,37.1,0,1
-13.14,0.0,31.16,0,0
-12.64,11.8,31.88,1,2
-13.32,7.93,34.66,0,1
-13.01,0.0,31.03,0,0
-12.81,11.81,38.5,0,2
-12.99,9.0,34.35,1,2
-13.72,5.1,30.15,0,1
-13.74,6.44,37.49,0,1
-12.9,10.4,44.56,1,2
-13.3,0.0,32.79,0,0
-13.67,7.89,31.31,0,1
-13.3,9.41,46.91,1,2
-12.51,8.3,39.46,1,2
-13.78,5.69,32.99,0,1
-12.79,10.86,46.3,0,2
-13.31,6.13,36.2,0,1
-13.0,0.0,31.3,0,0
-12.87,8.7,48.07,1,2
-13.09,8.17,31.02,1,2
-13.05,0.0,31.82,0,0
-12.96,11.63,49.82,0,2
-13.89,0.0,33.31,0,0
-13.52,6.45,38.21,0,1
-12.97,11.9,35.21,0,2
-13.01,0.0,30.07,0,0
-13.37,0.0,33.43,0,0
-13.26,5.02,37.62,0,1
-13.14,11.5,46.97,0,2
-13.19,11.04,45.65,1,2
-13.35,6.49,38.71,0,1
-13.24,0.0,33.71,0,0
-12.6,10.16,46.69,0,2
-13.83,0.0,33.9,0,0
-13.21,6.88,35.69,0,1
-13.27,7.03,38.26,0,1
-13.3,7.53,36.48,0,1
-13.13,10.91,47.36,1,2
-13.64,0.0,32.82,0,0
-13.08,8.39,46.76,1,2
-13.35,0.0,33.82,0,0
-13.3,7.82,30.35,0,1
-13.3,7.02,32.09,0,1
-13.7,7.64,32.03,0,1
-13.72,0.0,31.33,0,0
-13.22,7.19,36.92,0,1
-13.74,6.76,30.75,0,1
-13.07,11.49,42.87,1,2
-13.2,0.0,33.79,0,0
-13.11,11.78,40.05,0,2
-13.53,0.0,30.99,0,0
-13.61,0.0,30.09,0,0
-13.18,0.0,31.92,0,0
-13.45,7.94,31.73,0,1
-13.39,0.0,30.22,0,0
-13.77,5.84,38.62,0,1
-13.29,7.97,32.52,0,1
-13.6,7.36,31.35,0,1
-13.69,0.0,32.84,0,0
-13.33,0.0,31.27,0,0
-12.6,10.02,46.39,1,2
-13.19,0.0,31.26,0,0
-13.26,0.0,34.75,0,0
-13.3,9.47,31.74,0,2
-12.85,10.43,43.5,0,2
-13.06,11.11,45.57,1,2
-13.52,7.02,35.56,0,1
-13.06,11.98,45.66,0,2
-12.57,10.44,43.12,0,2
-12.8,11.06,41.02,1,2
-13.23,5.9,34.37,0,1
-13.35,0.0,34.21,0,0
-13.21,11.22,35.11,0,2
-13.68,5.9,31.34,0,1
-12.76,9.67,33.58,0,2
-13.26,6.59,31.53,0,1
-12.8,10.02,34.24,1,2
-12.54,11.39,38.09,0,2
-13.27,9.39,33.88,0,2
-13.17,11.02,34.3,0,2
-13.4,7.14,30.81,0,1
-12.93,8.79,38.03,0,2
-13.28,10.79,35.0,1,2
-13.35,0.0,31.19,0,0
-13.29,5.12,37.98,0,1
-13.79,7.09,37.27,0,1
-13.75,5.96,34.17,0,1
-12.94,10.16,46.83,0,2
-13.63,6.81,38.86,0,1
-13.34,5.99,39.9,0,1
-13.24,0.0,30.67,0,0
-13.88,0.0,31.16,0,0
-13.02,0.0,34.66,0,0
-13.93,0.0,30.05,0,0
-13.35,0.0,31.69,0,0
-13.62,6.55,33.97,0,1
-12.93,9.68,36.86,0,2
-13.61,6.37,31.15,0,1
-12.94,10.56,40.34,0,2
-13.34,7.17,35.71,0,1
-13.56,0.0,33.6,0,0
-13.19,0.0,34.86,0,0
-13.38,6.15,30.72,0,1
-13.41,0.0,34.54,0,0
-13.21,7.06,33.1,0,1
-13.28,5.61,30.72,0,1
-13.33,6.21,35.27,0,1
-13.47,0.0,30.49,0,0
-13.35,6.05,39.13,0,1
-13.16,10.87,48.48,1,2
-13.04,10.22,36.91,0,2
-13.74,7.59,31.67,0,1
-13.54,0.0,32.5,0,0
-13.5,0.0,32.11,0,0
-13.84,0.0,30.98,0,0
-13.2,11.0,40.63,1,2
-13.31,0.0,31.93,0,0
-13.75,5.76,38.86,0,1
-13.49,5.77,33.44,0,1
-12.58,10.83,48.06,0,2
-12.6,9.81,40.85,1,2
-13.6,0.0,32.29,0,0
-13.5,6.2,37.77,0,1
-13.0,11.03,41.29,1,2
-13.62,7.8,35.14,0,1
-13.31,6.54,30.34,0,1
-12.73,9.73,48.55,0,2
-12.88,8.61,45.71,0,2
-12.81,9.26,38.18,0,2
-13.64,0.0,32.06,0,0
-13.54,6.28,32.39,0,1
-13.2,8.04,36.76,1,2
-13.48,5.09,34.02,0,1
-13.4,5.16,39.49,0,1
-13.01,0.0,32.14,0,0
-13.61,5.6,32.45,0,1
-13.23,5.75,38.13,0,1
-13.21,9.35,47.15,0,2
-13.88,0.0,30.01,0,0
-12.96,9.51,36.53,0,2
-13.34,5.29,35.08,0,1
-13.24,0.0,31.34,0,0
-13.4,0.0,32.99,0,0
-12.63,10.95,42.3,0,2
-13.57,6.84,31.78,0,1
-13.67,0.0,33.43,0,0
-13.69,5.12,31.14,0,1
-12.73,10.34,32.04,0,2
-12.79,10.53,37.25,1,2
-13.54,5.79,40.0,0,1
-13.59,0.0,31.67,0,0
-13.11,0.0,31.98,0,0
-13.28,6.81,34.39,0,1
-13.36,0.0,34.26,0,0
-13.64,0.0,31.83,0,0
-12.97,9.47,43.63,1,2
-13.93,0.0,32.46,0,0
-13.32,0.0,30.39,0,0
-12.92,9.23,36.49,0,2
-12.6,10.91,42.54,1,2
-13.76,5.66,39.18,0,1
-13.35,7.29,35.43,0,1
-13.25,0.0,33.82,0,0
-13.06,0.0,33.93,0,0
-13.65,7.86,34.18,0,1
-13.68,7.68,37.47,0,1
-13.18,0.0,33.13,0,0
-13.12,0.0,31.34,0,0
-12.71,11.47,48.9,0,2
-13.21,10.6,43.07,0,2
-13.69,0.0,33.52,0,0
-13.33,6.32,34.55,0,1
-13.3,10.87,30.7,1,2
-13.39,5.4,33.38,0,1
-13.11,10.93,41.06,0,2
-13.49,7.09,33.68,0,1
-13.55,0.0,30.38,0,0
-13.68,7.19,38.0,0,1
-13.2,7.66,30.42,0,1
-12.6,11.01,44.23,1,2
-12.58,10.86,34.39,0,2
-12.57,9.2,47.81,1,2
-13.9,0.0,32.76,0,0
-13.3,11.45,31.25,1,2
-12.63,10.19,39.44,1,2
-12.82,9.45,42.35,1,2
-13.71,6.67,35.01,0,1
-12.85,9.03,48.67,1,2
-13.24,8.15,43.01,0,2
-13.3,7.92,32.58,0,1
-12.97,9.84,34.41,0,2
-13.75,0.0,33.02,0,0
-13.55,0.0,31.56,0,0
-12.77,8.91,42.95,0,2
-13.44,0.0,34.14,0,0
-13.1,9.5,47.76,1,2
-13.26,0.0,30.85,0,0
-12.71,9.58,44.69,0,2
-13.45,5.37,35.33,0,1
-13.28,10.67,30.12,1,2
-12.52,8.49,38.56,0,2
-13.2,8.05,31.18,0,2
-13.32,6.63,30.89,0,1
-12.51,8.43,40.7,1,2
-13.48,0.0,34.94,0,0
-13.28,5.96,37.89,0,1
-13.6,6.14,34.41,0,1
-13.24,11.88,42.26,1,2
-13.56,7.37,33.77,0,1
-12.71,11.22,43.47,1,2
-12.65,11.67,34.2,0,2
-13.24,7.77,31.84,0,1
-13.34,0.0,31.87,0,0
-12.87,9.26,43.61,1,2
-13.29,7.03,34.09,0,1
-12.89,9.95,30.56,0,2
-13.5,0.0,32.84,0,0
-12.74,9.88,36.16,0,2
-13.4,7.87,33.31,0,1
-13.4,0.0,30.84,0,0
-12.93,9.15,32.42,1,2
-12.7,12.0,44.68,0,2
-13.59,6.72,39.04,0,1
-12.72,10.22,31.01,1,2
-13.11,10.64,30.54,1,2
-13.34,5.32,32.44,0,1
-12.54,11.29,44.24,1,2
-13.63,5.66,37.82,0,1
-13.4,0.0,33.74,0,0
-12.52,8.33,33.72,0,2
-13.05,0.0,31.92,0,0
-12.89,8.04,49.91,0,2
-13.26,8.05,36.49,0,2
-13.39,7.44,32.34,0,1
-13.73,5.52,39.47,0,1
-12.57,10.86,45.98,1,2
-13.42,6.53,32.18,0,1
-13.5,0.0,30.14,0,0
-13.4,7.22,37.76,0,1
-13.91,0.0,34.51,0,0
-13.11,0.0,34.26,0,0
-13.65,0.0,34.7,0,0
-12.61,10.89,37.92,1,2
-13.79,0.0,31.45,0,0
-13.29,11.99,35.47,0,2
-13.62,5.58,38.89,0,1
-13.08,10.53,39.49,1,2
-13.61,5.67,32.31,0,1
-13.35,0.0,32.25,0,0
-13.41,6.19,37.47,0,1
-13.08,0.0,32.45,0,0
-12.51,8.95,42.97,0,2
-13.23,5.51,35.34,0,1
-12.68,8.61,41.25,0,2
-12.71,11.74,35.37,0,2
-13.31,5.2,35.29,0,1
-13.12,0.0,32.78,0,0
-13.17,11.46,36.33,1,2
-13.48,7.02,30.7,0,1
-13.27,0.0,30.28,0,0
-13.45,0.0,34.55,0,0
-13.73,6.8,31.2,0,1
-13.97,0.0,31.27,0,0
-12.7,9.52,35.08,1,2
-13.35,5.45,31.06,0,1
-13.51,6.66,33.94,0,1
-13.38,0.0,30.93,0,0
-13.44,6.25,31.47,0,1
-13.47,7.13,39.16,0,1
-13.67,0.0,30.62,0,0
-13.54,6.19,34.19,0,1
-12.72,8.21,34.91,0,2
-13.63,6.15,37.41,0,1
-13.88,0.0,33.82,0,0
-13.46,0.0,33.12,0,0
-13.44,0.0,33.67,0,0
-13.64,5.31,38.81,0,1
-13.56,0.0,30.33,0,0
-13.27,6.59,35.14,0,1
-12.75,9.69,39.53,0,2
-12.55,10.17,49.78,0,2
-13.25,0.0,34.52,0,0
-13.68,6.49,34.18,0,1
-13.67,6.12,39.61,0,1
-13.47,6.21,35.17,0,1
-13.03,10.31,45.99,0,2
-13.17,8.94,34.11,0,2
-13.25,0.0,34.85,0,0
-12.69,10.77,45.13,0,2
-13.77,0.0,30.02,0,0
-13.69,6.68,33.0,0,1
-13.23,0.0,32.27,0,0
-13.35,5.85,32.37,0,1
-12.93,9.66,49.01,1,2
-13.43,0.0,33.9,0,0
-12.84,11.08,34.89,0,2
-13.01,0.0,31.99,0,0
-13.06,0.0,30.15,0,0
-12.84,11.2,47.95,1,2
-13.77,0.0,34.89,0,0
-13.1,11.84,43.92,0,2
-13.21,0.0,33.14,0,0
-12.66,10.53,32.57,1,2
-13.18,0.0,31.69,0,0
-13.4,6.82,30.26,0,1
-13.4,5.69,31.28,0,1
-13.42,6.13,37.61,0,1
-12.97,8.15,47.47,1,2
-13.01,0.0,33.52,0,0
-13.77,5.42,39.34,0,1
-12.7,10.69,46.91,1,2
-13.95,0.0,34.93,0,0
-12.57,11.8,31.02,1,2
-13.93,0.0,31.0,0,0
-13.47,6.81,36.98,0,1
-13.29,0.0,31.55,0,0
-12.73,8.66,31.17,1,2
-13.17,10.14,37.08,1,2
-13.28,0.0,32.08,0,0
-13.77,7.41,37.64,0,1
-13.23,5.64,38.82,0,1
-13.26,9.53,31.82,1,2
-13.35,5.68,38.77,0,1
-13.44,0.0,30.98,0,0
-13.66,0.0,31.04,0,0
-13.1,0.0,33.94,0,0
-13.86,0.0,34.9,0,0
-13.7,5.97,39.97,0,1
-13.01,0.0,31.78,0,0
-12.8,9.46,40.12,1,2
-13.46,7.76,34.48,0,1
-13.45,7.99,37.94,0,1
-13.54,8.0,32.81,0,1
-13.27,7.23,34.53,0,1
-13.21,7.56,36.39,0,1
-13.63,0.0,33.84,0,0
-13.39,6.95,37.88,0,1
-13.28,10.32,49.83,0,2
-13.64,0.0,30.2,0,0
-13.82,0.0,34.02,0,0
-13.14,8.98,36.23,1,2
-13.12,9.89,46.97,1,2
-13.57,0.0,30.92,0,0
-12.95,9.52,44.54,1,2
-12.53,9.4,45.03,0,2
-13.39,5.35,38.79,0,1
-13.61,6.32,32.21,0,1
-13.51,0.0,33.87,0,0
-13.2,10.2,40.64,0,2
-12.83,11.56,31.02,1,2
-13.23,8.92,40.01,1,2
-13.59,0.0,34.87,0,0
-12.65,8.09,47.45,0,2
-12.58,10.89,46.63,0,2
-13.51,0.0,34.23,0,0
-13.93,0.0,32.81,0,0
-13.39,6.09,34.6,0,1
-13.07,0.0,32.84,0,0
-13.1,10.61,34.74,1,2
-13.54,0.0,30.0,0,0
-13.68,6.63,38.35,0,1
-13.94,0.0,33.37,0,0
-13.7,7.39,32.03,0,1
-12.91,10.12,38.2,0,2
-13.3,6.8,35.56,0,1
-13.3,9.36,46.72,1,2
-13.73,6.33,37.26,0,1
-12.57,9.79,36.62,0,2
-13.12,0.0,32.8,0,0
-13.21,0.0,31.11,0,0
-13.56,0.0,32.65,0,0
-13.53,7.48,36.74,0,1
-13.45,0.0,30.61,0,0
-13.02,0.0,33.57,0,0
-13.43,5.71,34.16,0,1
-12.72,9.65,45.86,1,2
-13.28,7.13,31.39,0,1
-13.1,9.36,32.2,1,2
-13.4,7.79,30.78,0,1
-12.95,11.84,38.33,1,2
-13.6,5.45,36.16,0,1
-13.64,0.0,32.34,0,0
-12.77,8.29,38.26,1,2
-13.04,0.0,31.33,0,0
-13.77,5.42,35.61,0,1
-13.7,0.0,31.52,0,0
-13.08,0.0,31.36,0,0
-13.46,7.98,31.01,0,1
-13.75,5.22,38.29,0,1
-13.41,6.44,32.2,0,1
-13.28,7.43,33.55,0,1
-12.86,9.95,47.75,0,2
-13.74,5.33,31.36,0,1
-13.07,11.26,37.31,1,2
-13.72,0.0,33.63,0,0
-13.41,0.0,34.24,0,0
-13.32,7.87,39.64,0,1
-13.79,0.0,34.1,0,0
-13.33,0.0,31.84,0,0
-12.63,9.91,35.07,0,2
-13.67,7.76,32.89,0,1
-13.36,5.64,35.54,0,1
-12.9,8.0,41.81,1,2
-13.22,8.72,47.59,1,2
-13.21,9.4,45.77,0,2
-13.52,8.0,30.65,0,1
-13.77,7.9,31.35,0,1
-13.83,0.0,30.32,0,0
-12.92,9.33,38.32,1,2
-13.78,7.28,36.6,0,1
-12.65,11.92,47.54,1,2
-13.37,6.29,34.87,0,1
-13.03,0.0,33.69,0,0
-13.1,0.0,32.17,0,0
-13.63,0.0,33.87,0,0
-13.27,0.0,33.06,0,0
-13.36,7.53,39.55,0,1
-13.07,0.0,32.03,0,0
-13.13,10.79,38.07,1,2
-13.04,0.0,32.33,0,0
-13.27,7.95,39.19,0,1
-13.67,5.48,37.83,0,1
-13.3,9.01,33.55,1,2
-13.7,7.51,35.05,0,1
-13.31,5.41,36.61,0,1
-13.14,0.0,30.82,0,0
-13.69,0.0,33.59,0,0
-13.32,0.0,32.25,0,0
-13.0,11.38,37.26,0,2
-13.18,0.0,30.17,0,0
-13.5,0.0,34.31,0,0
-13.72,0.0,31.71,0,0
-13.5,0.0,31.24,0,0
-13.26,5.49,32.17,0,1
-13.42,0.0,32.67,0,0
-13.17,9.67,44.4,0,2
-13.8,7.02,30.66,0,1
-13.78,0.0,30.9,0,0
-13.79,5.28,30.4,0,1
-13.44,0.0,34.05,0,0
-13.77,5.21,37.56,0,1
-13.51,7.33,39.95,0,1
-13.07,0.0,34.68,0,0
-13.33,0.0,32.88,0,0
-13.45,0.0,31.51,0,0
-13.28,5.05,35.21,0,1
-13.72,0.0,34.17,0,0
-13.69,7.92,38.59,0,1
-12.52,10.17,49.81,0,2
-14.0,0.0,32.33,0,0
-12.55,8.35,48.6,0,2
-13.14,11.32,47.83,0,2
-12.99,8.33,48.25,1,2
-13.09,10.35,42.99,0,2
-13.61,0.0,30.34,0,0
-12.62,8.63,40.72,0,2
-13.35,7.84,34.22,0,1
-13.05,0.0,32.95,0,0
-13.14,0.0,31.88,0,0
-13.42,5.46,35.83,0,1
-13.63,0.0,32.75,0,0
-12.68,11.96,48.49,0,2
-12.74,9.56,42.68,0,2
-13.58,7.06,39.61,0,1
-13.62,0.0,31.92,0,0
-13.94,0.0,33.57,0,0
-13.01,11.69,39.18,0,2
-13.55,5.76,34.64,0,1
-13.33,6.18,36.34,0,1
-13.39,7.09,32.94,0,1
-12.64,9.43,35.8,0,2
-13.52,6.19,38.56,0,1
-13.57,7.66,33.78,0,1
-13.07,8.14,38.05,1,2
-13.9,0.0,30.41,0,0
-13.3,7.57,38.85,0,1
-12.92,11.91,46.36,0,2
-13.24,5.86,38.55,0,1
-12.8,9.77,35.62,1,2
-12.5,10.8,32.52,0,2
-12.94,8.48,42.98,1,2
-13.6,6.51,36.16,0,1
-13.7,6.04,35.95,0,1
-13.69,0.0,32.8,0,0
-13.41,0.0,32.97,0,0
-13.36,5.59,38.86,0,1
-12.81,9.85,35.81,0,2
-13.36,7.8,39.17,0,1
-12.99,11.64,46.52,1,2
-13.07,0.0,30.15,0,0
-13.72,0.0,31.8,0,0
-13.16,10.28,34.44,0,2
-13.8,0.0,30.51,0,0
-13.25,0.0,34.93,0,0
-13.54,0.0,31.26,0,0
-13.78,6.01,38.31,0,1
-13.05,0.0,30.6,0,0
-13.71,6.58,36.87,0,1
-13.39,6.77,32.14,0,1
-13.36,5.37,32.95,0,1
-13.43,0.0,34.57,0,0
-13.71,5.71,30.59,0,1
-12.52,8.24,38.75,1,2
-13.25,7.05,30.46,0,1
-13.86,0.0,33.5,0,0
-13.62,5.84,34.77,0,1
-13.69,6.04,37.45,0,1
-13.98,0.0,34.64,0,0
-13.02,10.37,49.13,0,2
-13.28,10.73,40.59,0,2
-13.04,9.14,38.85,1,2
-13.39,7.36,31.57,0,1
-13.25,0.0,30.73,0,0
-13.93,0.0,34.63,0,0
-13.58,6.92,35.6,0,1
-13.26,0.0,34.45,0,0
-13.52,6.84,34.88,0,1
-13.22,10.59,41.3,0,2
-13.63,5.84,31.31,0,1
-13.72,6.56,35.02,0,1
-13.66,6.58,31.75,0,1
-13.75,0.0,34.52,0,0
-13.51,5.1,33.71,0,1
-13.61,7.63,37.59,0,1
-13.2,10.59,32.23,1,2
-13.49,6.53,31.54,0,1
-13.13,11.82,38.51,0,2
-12.86,11.01,44.24,0,2
-12.7,11.57,41.35,0,2
-13.06,0.0,31.79,0,0
-12.98,11.75,38.7,1,2
-13.34,7.02,39.84,0,1
-13.48,0.0,31.87,0,0
-12.76,11.97,46.09,1,2
-13.66,0.0,34.28,0,0
-12.95,11.96,34.99,1,2
-13.53,5.98,35.67,0,1
-13.22,11.21,30.93,0,2
-13.54,0.0,30.88,0,0
-13.3,7.6,33.89,0,1
-13.22,9.76,47.05,1,2
-13.29,6.84,34.02,0,1
-13.46,0.0,31.66,0,0
-12.95,8.42,30.06,0,2
-13.78,7.29,36.99,0,1
-13.42,0.0,34.13,0,0
-13.43,6.29,37.34,0,1
-13.41,6.08,35.4,0,1
-13.27,0.0,32.47,0,0
-12.78,8.06,38.3,1,2
-12.88,11.61,36.64,0,2
-13.91,0.0,30.47,0,0
-13.65,6.79,31.59,0,1
-12.97,11.19,45.86,0,2
-13.71,7.47,36.87,0,1
-12.98,10.91,34.67,1,2
-12.78,8.91,43.83,1,2
-13.6,6.33,39.64,0,1
-13.83,0.0,32.32,0,0
-13.88,0.0,31.73,0,0
-13.22,7.99,38.7,0,1
-13.04,0.0,32.27,0,0
-13.72,6.22,36.17,0,1
-13.77,5.67,33.45,0,1
-13.33,6.84,39.7,0,1
-13.44,0.0,34.59,0,0
-13.71,7.91,37.8,0,1
-12.76,8.96,40.69,0,2
-13.35,5.96,36.36,0,1
-13.71,6.36,39.14,0,1
-12.92,9.56,31.84,0,2
-13.22,11.38,38.3,1,2
-13.49,7.35,39.68,0,1
-13.23,11.81,43.95,0,2
-12.61,10.23,32.41,0,2
-13.18,8.43,32.49,1,2
-13.02,11.1,31.12,0,2
-13.4,7.26,37.07,0,1
-13.05,0.0,30.04,0,0
-13.13,0.0,31.1,0,0
-13.24,0.0,34.21,0,0
-12.86,11.37,32.12,1,2
-13.21,7.64,32.23,0,1
-13.65,7.97,35.66,0,1
-13.01,0.0,33.54,0,0
-12.84,11.01,34.76,0,2
-13.63,6.99,34.36,0,1
-14.0,0.0,30.07,0,0
-13.59,0.0,34.8,0,0
-13.75,7.57,37.6,0,1
-13.51,0.0,31.34,0,0
-13.25,7.08,39.62,0,1
-13.39,0.0,30.5,0,0
-13.07,10.28,36.61,1,2
-13.32,5.32,36.05,0,1
-12.67,10.26,38.9,0,2
-13.15,11.31,38.7,0,2
-12.75,9.04,41.75,1,2
-13.13,0.0,34.86,0,0
-12.58,8.3,36.18,0,2
-13.29,7.83,37.66,0,1
-13.61,0.0,31.85,0,0
-13.93,0.0,32.1,0,0
-13.41,7.08,39.3,0,1
-13.27,0.0,32.93,0,0
-12.99,8.3,45.86,1,2
-14.0,0.0,32.54,0,0
-13.47,0.0,33.02,0,0
-13.42,0.0,33.17,0,0
-13.41,6.68,34.17,0,1
-13.52,7.55,33.52,0,1
-13.23,11.93,39.6,0,2
-13.41,7.79,31.99,0,1
-12.87,10.72,49.26,1,2
-13.45,5.18,33.91,0,1
-13.11,0.0,31.04,0,0
-12.94,8.32,48.55,0,2
-13.28,6.52,30.77,0,1
-13.27,11.97,41.39,1,2
-13.09,0.0,32.76,0,0
-13.01,0.0,32.81,0,0
-13.5,5.11,35.82,0,1
-12.86,11.9,48.48,1,2
-13.32,0.0,34.18,0,0
-13.71,7.12,38.21,0,1
-13.73,0.0,32.59,0,0
-13.26,0.0,33.62,0,0
-13.36,5.98,37.77,0,1
-13.74,0.0,30.44,0,0
-13.74,0.0,34.96,0,0
-13.75,7.49,33.53,0,1
-13.13,10.27,47.06,1,2
-13.15,8.91,38.91,1,2
-12.74,9.34,36.86,0,2
-13.87,0.0,31.16,0,0
-13.05,0.0,33.2,0,0
-13.94,0.0,34.63,0,0
-13.52,6.41,31.73,0,1
-12.79,11.37,47.29,1,2
-13.94,0.0,30.91,0,0
-12.65,11.2,43.85,1,2
-12.67,8.0,38.27,0,2
-13.89,0.0,34.18,0,0
-13.6,0.0,30.94,0,0
-13.6,6.67,35.72,0,1
-13.71,0.0,31.55,0,0
-13.21,8.81,49.48,0,2
-13.33,6.33,31.48,0,1
-13.24,10.04,33.38,0,2
-12.72,10.45,49.29,1,2
-13.75,0.0,33.97,0,0
-13.09,9.21,42.14,0,2
-13.67,0.0,34.0,0,0
-13.46,5.55,37.16,0,1
-13.38,0.0,31.8,0,0
-13.64,5.56,31.36,0,1
-13.52,7.41,33.21,0,1
-13.03,0.0,32.87,0,0
-13.19,8.28,35.74,0,2
-12.79,8.82,41.68,1,2
-12.86,11.69,49.93,0,2
-13.66,0.0,30.37,0,0
-13.69,7.4,39.23,0,1
-13.52,0.0,33.1,0,0
-13.53,0.0,33.38,0,0
-13.74,5.22,39.48,0,1
-13.41,0.0,33.55,0,0
-13.61,0.0,34.3,0,0
-13.18,8.33,45.28,1,2
-13.27,5.13,32.09,0,1
-13.77,6.42,33.28,0,1
-13.33,6.07,36.38,0,1
-13.14,0.0,32.03,0,0
-13.44,5.57,38.24,0,1
-13.5,5.2,31.49,0,1
-13.28,5.36,37.47,0,1
-13.74,5.48,33.44,0,1
-13.45,7.87,31.93,0,1
-13.23,6.94,30.27,0,1
-13.06,10.64,48.35,0,2
-13.5,7.71,34.18,0,1
-13.94,0.0,32.0,0,0
-13.32,7.79,31.85,0,1
-13.2,9.23,32.96,0,2
-13.04,8.1,33.4,0,2
-13.47,0.0,34.95,0,0
-13.63,0.0,33.37,0,0
-13.27,6.05,31.13,0,1
-12.69,8.43,47.06,1,2
-13.29,10.73,41.61,0,2
-13.26,11.68,43.85,0,2
-13.17,0.0,31.81,0,0
-13.2,0.0,33.37,0,0
-12.76,8.6,33.08,0,2
-13.2,0.0,30.09,0,0
-13.33,0.0,34.05,0,0
-13.26,5.35,32.26,0,1
-13.18,10.3,43.02,0,2
-13.98,0.0,32.47,0,0
-13.66,0.0,32.02,0,0
-13.38,0.0,32.27,0,0
-13.31,6.81,30.71,0,1
-13.54,5.03,38.44,0,1
-13.22,0.0,32.22,0,0
-13.48,0.0,32.02,0,0
-12.63,9.21,34.83,0,2
-12.69,8.75,33.73,0,2
-13.73,0.0,34.69,0,0
-12.93,9.33,41.61,1,2
-13.16,0.0,30.55,0,0
-12.81,11.67,49.56,0,2
-13.24,7.6,30.24,0,1
-12.8,9.26,47.07,1,2
-13.75,6.52,36.43,0,1
-13.66,7.16,34.41,0,1
-13.65,5.25,39.59,0,1
-12.58,9.1,45.5,0,2
-12.87,9.76,34.85,0,2
-13.28,0.0,32.4,0,0
-13.22,6.0,39.45,0,1
-13.7,6.22,37.79,0,1
-12.72,11.53,31.69,1,2
-13.17,0.0,33.25,0,0
-13.29,6.46,33.84,0,1
-12.56,8.56,43.93,1,2
-12.61,9.21,37.58,0,2
-13.9,0.0,32.98,0,0
-13.96,0.0,34.05,0,0
-13.01,0.0,32.76,0,0
-12.64,11.02,35.33,0,2
-13.03,9.51,38.95,1,2
-13.31,0.0,33.91,0,0
-13.68,0.0,32.88,0,0
-13.4,6.71,33.76,0,1
-13.22,0.0,31.08,0,0
-13.11,0.0,34.17,0,0
-13.27,0.0,33.93,0,0
-13.68,0.0,34.71,0,0
-13.06,0.0,34.96,0,0
-13.64,0.0,31.42,0,0
-13.41,6.24,39.18,0,1
-13.15,12.0,30.43,1,2
-13.73,0.0,34.15,0,0
-13.4,6.72,39.8,0,1
-13.18,8.36,38.12,0,2
-13.38,7.8,38.5,0,1
-13.63,0.0,31.06,0,0
-12.95,9.01,40.86,1,2
-13.68,5.42,35.22,0,1
-13.57,6.9,39.15,0,1
-13.35,0.0,33.3,0,0
-13.98,0.0,32.71,0,0
-13.44,7.71,30.31,0,1
-13.14,0.0,32.16,0,0
-12.7,8.37,49.99,0,2
-13.65,7.45,30.76,0,1
-12.87,11.26,32.42,1,2
-13.95,0.0,31.03,0,0
-12.65,11.49,41.98,1,2
-12.77,10.3,45.67,0,2
-13.6,0.0,31.71,0,0
-12.59,11.55,48.9,0,2
-13.42,0.0,30.68,0,0
-13.81,0.0,33.3,0,0
-13.09,8.12,30.99,1,2
-13.1,11.36,44.63,0,2
-13.75,0.0,31.45,0,0
-13.36,0.0,33.97,0,0
-13.76,0.0,32.34,0,0
-13.41,6.53,31.11,0,1
-13.02,11.02,49.15,0,2
-13.34,5.79,38.35,0,1
-13.05,11.51,31.11,1,2
-13.76,0.0,32.28,0,0
-13.84,0.0,31.26,0,0
-13.53,0.0,31.63,0,0
-13.74,6.24,37.63,0,1
-13.52,5.78,33.74,0,1
-13.47,5.67,39.09,0,1
-13.96,0.0,33.95,0,0
-12.59,8.66,36.44,0,2
-12.96,11.16,33.98,0,2
-13.09,0.0,33.19,0,0
-13.21,9.6,31.33,0,2
-13.44,7.6,32.18,0,1
-13.87,0.0,32.04,0,0
-12.52,10.96,34.0,1,2
-12.74,10.87,31.87,1,2
-13.9,0.0,31.25,0,0
-13.55,0.0,32.93,0,0
-13.08,10.29,43.38,0,2
-13.97,0.0,34.07,0,0
-13.39,6.76,33.24,0,1
-12.69,11.06,46.41,0,2
-12.63,8.4,36.46,0,2
-12.72,10.79,49.63,1,2
-13.2,11.62,44.3,1,2
-13.62,0.0,30.82,0,0
-13.61,7.07,35.77,0,1
-13.58,7.21,38.62,0,1
-12.58,9.84,46.95,0,2
-12.91,11.36,39.31,0,2
-13.3,6.82,32.12,0,1
-13.3,6.31,38.41,0,1
-12.86,10.67,49.08,1,2
-13.3,5.56,39.37,0,1
-13.24,7.47,31.81,0,1
-13.36,7.06,38.05,0,1
-13.27,10.25,32.89,0,2
-13.46,5.86,37.51,0,1
-12.6,8.08,34.94,1,2
-13.24,0.0,30.74,0,0
-13.81,0.0,31.46,0,0
-13.27,9.58,40.69,0,2
-13.22,11.6,48.86,0,2
-12.62,9.88,47.51,0,2
-13.21,9.63,47.49,0,2
-13.32,5.6,34.81,0,1
-13.07,11.99,38.11,0,2
-12.73,11.05,48.06,0,2
-13.62,5.3,30.53,0,1
-13.45,0.0,33.62,0,0
-13.77,6.25,31.39,0,1
-13.47,7.06,34.59,0,1
-12.98,11.43,34.39,1,2
-13.09,11.49,44.07,1,2
-12.51,9.3,34.62,0,2
-13.66,7.85,38.55,0,1
-13.43,0.0,34.26,0,0
-13.9,0.0,31.77,0,0
-13.37,5.64,37.68,0,1
-12.83,11.91,35.68,0,2
-13.12,9.24,35.52,0,2
-13.98,0.0,33.05,0,0
-13.66,5.8,31.43,0,1
-13.23,6.56,38.09,0,1
-13.0,8.63,37.94,0,2
-13.79,6.81,38.33,0,1
-13.5,0.0,34.62,0,0
-13.44,6.92,30.07,0,1
-12.63,11.66,36.33,0,2
-12.62,9.95,31.84,0,2
-13.32,0.0,34.22,0,0
-13.23,0.0,33.55,0,0
-12.64,11.9,37.63,0,2
-13.37,6.51,33.43,0,1
-13.02,8.48,35.28,1,2
-13.24,7.43,38.87,0,1
-12.64,8.78,49.52,1,2
-13.35,6.57,39.81,0,1
-13.58,0.0,31.18,0,0
-13.61,6.77,37.79,0,1
-13.28,0.0,30.56,0,0
-13.24,8.2,47.09,0,2
-13.29,0.0,33.29,0,0
-13.11,9.3,36.99,1,2
-13.15,0.0,34.44,0,0
-13.24,0.0,34.95,0,0
-13.39,0.0,31.15,0,0
-13.24,8.79,37.5,0,2
-13.48,7.79,31.67,0,1
-13.98,0.0,31.29,0,0
-13.76,5.94,39.68,0,1
-13.48,0.0,33.07,0,0
-13.27,0.0,32.17,0,0
-13.71,7.86,39.95,0,1
-13.73,7.9,32.94,0,1
-12.96,11.0,35.74,0,2
-13.99,0.0,33.16,0,0
-13.53,5.51,34.82,0,1
-13.1,9.46,48.76,0,2
-13.55,0.0,31.31,0,0
-13.63,0.0,34.67,0,0
-12.88,9.03,48.5,1,2
-12.76,10.73,34.37,1,2
-13.59,6.95,37.49,0,1
-13.5,0.0,32.95,0,0
-13.33,0.0,32.63,0,0
-13.48,0.0,32.59,0,0
-13.67,5.47,30.94,0,1
-13.43,6.83,39.17,0,1
-13.16,11.7,42.08,0,2
-13.04,8.35,37.38,1,2
-13.51,6.56,39.75,0,1
-13.46,0.0,30.72,0,0
-13.61,6.52,32.87,0,1
-13.49,7.27,31.86,0,1
-12.69,8.71,35.7,0,2
-13.39,5.28,36.98,0,1
-13.46,5.6,38.66,0,1
-13.12,10.01,42.77,1,2
-13.28,0.0,30.31,0,0
-13.33,5.41,31.18,0,1
-13.17,8.49,40.23,0,2
-13.76,7.34,32.05,0,1
-12.67,8.71,39.4,1,2
-13.1,8.27,35.76,1,2
-12.68,8.47,32.56,0,2
-13.28,6.09,38.21,0,1
-13.48,7.17,33.67,0,1
-13.56,6.65,30.74,0,1
-13.28,0.0,31.0,0,0
-13.26,5.44,37.07,0,1
-13.91,0.0,30.21,0,0
-12.89,11.23,30.39,1,2
-13.69,0.0,31.34,0,0
-12.7,9.55,30.98,1,2
-13.71,0.0,31.24,0,0
-13.41,5.58,36.94,0,1
-13.29,0.0,33.71,0,0
-13.21,0.0,34.67,0,0
-13.04,9.31,45.55,0,2
-13.73,5.09,37.35,0,1
-13.48,0.0,33.4,0,0
-13.1,11.91,39.28,1,2
-13.24,11.87,39.7,0,2
-12.51,8.7,41.34,0,2
-13.74,0.0,31.07,0,0
-13.82,0.0,32.25,0,0
-13.62,7.7,36.3,0,1
-13.51,0.0,34.86,0,0
-13.01,0.0,32.89,0,0
-12.52,9.21,30.15,0,2
-12.71,9.4,39.58,0,2
-12.76,10.64,46.96,0,2
-13.18,0.0,31.39,0,0
-13.74,5.42,35.09,0,1
-13.57,7.14,32.59,0,1
-13.42,0.0,30.92,0,0
-13.41,0.0,33.96,0,0
-13.68,0.0,33.88,0,0
-13.84,0.0,30.67,0,0
-13.2,0.0,31.7,0,0
-12.98,9.9,47.85,1,2
-12.68,9.17,32.05,0,2
-13.62,7.14,36.83,0,1
-13.73,7.69,34.13,0,1
-13.59,0.0,34.35,0,0
-13.53,7.44,35.76,0,1
-12.52,11.24,42.78,0,2
-12.76,9.85,42.41,0,2
-12.89,8.61,30.19,1,2
-13.21,5.98,36.32,0,1
-13.07,9.94,40.42,1,2
-13.42,5.27,36.65,0,1
-13.19,0.0,31.38,0,0
-13.08,11.16,47.73,0,2
-13.77,5.37,38.86,0,1
-13.22,8.96,43.15,1,2
-13.23,0.0,34.14,0,0
-12.58,11.18,41.48,0,2
-13.23,0.0,30.52,0,0
-13.3,0.0,33.36,0,0
-13.0,0.0,32.79,0,0
-13.89,0.0,33.39,0,0
-13.26,10.16,42.2,0,2
-13.25,10.05,32.39,0,2
-13.1,0.0,34.55,0,0
-13.24,7.27,32.24,0,1
-13.73,6.62,38.41,0,1
-12.87,9.43,34.7,0,2
-13.0,0.0,32.76,0,0
-13.73,0.0,33.64,0,0
-13.26,6.22,39.02,0,1
-12.87,8.7,35.49,1,2
-13.29,5.42,30.12,0,1
-13.78,6.89,38.95,0,1
-13.12,9.86,46.58,0,2
-12.71,9.04,47.97,1,2
-13.95,0.0,30.13,0,0
-13.31,7.19,35.21,0,1
-13.47,5.56,32.84,0,1
-13.15,11.68,46.17,0,2
-13.54,6.64,36.7,0,1
-13.66,0.0,31.47,0,0
-13.9,0.0,32.95,0,0
-13.17,8.57,37.68,1,2
-12.75,11.53,38.61,1,2
-13.1,0.0,34.02,0,0
-12.79,11.49,46.3,0,2
-13.89,0.0,30.25,0,0
-13.09,0.0,32.25,0,0
-13.51,6.64,35.52,0,1
-12.84,9.81,46.75,1,2
-13.4,0.0,32.96,0,0
-13.07,11.55,38.02,1,2
-13.86,0.0,31.07,0,0
-12.56,10.66,44.5,0,2
-12.68,8.1,39.09,1,2
-13.49,7.99,34.93,0,1
-13.45,5.57,38.82,0,1
-13.71,5.57,30.83,0,1
-13.57,6.8,36.98,0,1
-13.4,0.0,32.41,0,0
-13.73,6.01,36.74,0,1
-13.29,6.85,37.37,0,1
-13.03,8.48,30.47,0,2
-13.66,6.31,30.94,0,1
-13.66,7.55,39.17,0,1
-13.71,0.0,30.9,0,0
-13.37,7.34,37.8,0,1
-12.86,9.18,39.57,0,2
-13.75,0.0,32.06,0,0
-13.53,6.26,38.05,0,1
-13.25,6.11,36.06,0,1
-12.59,9.62,32.86,1,2
-13.52,7.89,35.65,0,1
-13.46,5.21,38.63,0,1
-13.99,0.0,31.93,0,0
-12.54,10.61,37.66,0,2
-13.02,0.0,30.06,0,0
-13.08,11.23,45.74,1,2
-13.43,0.0,30.67,0,0
-13.06,10.23,33.97,1,2
-13.97,0.0,33.06,0,0
-13.74,6.71,34.9,0,1
-13.55,7.32,39.82,0,1
-12.98,9.23,48.16,0,2
-13.84,0.0,30.49,0,0
-13.81,0.0,34.39,0,0
-12.56,9.71,47.89,1,2
-13.31,7.66,35.74,0,1
-13.13,0.0,33.56,0,0
-13.27,5.46,34.23,0,1
-13.64,7.38,35.6,0,1
-12.54,11.58,41.28,1,2
-13.76,7.8,34.15,0,1
-13.34,0.0,32.88,0,0
-12.91,9.42,34.43,0,2
-12.86,9.09,46.56,0,2
-13.43,7.89,32.71,0,1
-13.12,0.0,31.09,0,0
-13.65,5.36,38.07,0,1
-13.61,0.0,33.07,0,0
-12.84,8.68,36.26,0,2
-13.03,9.1,45.76,1,2
-13.2,0.0,32.65,0,0
-13.08,0.0,33.1,0,0
-13.51,6.18,32.88,0,1
-13.79,0.0,31.7,0,0
-13.22,0.0,32.67,0,0
-13.14,9.22,44.34,0,2
-13.48,0.0,30.09,0,0
-13.4,5.67,35.93,0,1
-12.66,9.48,34.83,0,2
-13.5,6.28,38.36,0,1
-13.77,0.0,30.13,0,0
-13.55,0.0,30.34,0,0
-13.91,0.0,30.61,0,0
-13.06,0.0,33.01,0,0
-13.23,7.72,31.4,0,1
-12.69,10.87,34.5,0,2
-13.03,8.44,33.13,0,2
-13.52,6.78,33.81,0,1
-12.67,11.89,33.62,1,2
-13.45,5.55,35.0,0,1
-13.02,11.07,38.43,0,2
-13.53,0.0,31.88,0,0
-13.7,5.99,34.04,0,1
-12.83,11.36,43.89,0,2
-13.24,7.72,37.31,0,1
-13.11,0.0,30.36,0,0
-13.57,0.0,34.62,0,0
-13.43,0.0,33.26,0,0
-13.04,0.0,34.23,0,0
-13.58,0.0,31.57,0,0
-13.4,6.85,32.4,0,1
-12.97,10.67,45.89,0,2
-13.67,5.57,39.09,0,1
-13.69,0.0,30.15,0,0
-13.49,6.51,32.1,0,1
-12.6,10.91,49.98,0,2
-12.89,9.72,40.23,1,2
-13.99,0.0,33.17,0,0
-12.63,11.01,43.21,0,2
-12.93,9.59,47.08,1,2
-13.18,8.46,30.32,1,2
-12.7,10.44,30.86,0,2
-13.21,8.35,44.27,0,2
-13.33,5.02,37.16,0,1
-13.78,0.0,32.39,0,0
-13.23,0.0,31.78,0,0
-13.12,0.0,30.84,0,0
-13.49,0.0,31.07,0,0
-13.35,5.66,33.23,0,1
-13.0,11.52,39.13,0,2
-12.6,11.85,32.57,1,2
-13.66,0.0,30.4,0,0
-13.42,6.11,32.07,0,1
-13.12,0.0,30.85,0,0
-13.72,0.0,34.26,0,0
-13.72,0.0,33.84,0,0
-13.19,0.0,34.47,0,0
-13.43,5.36,33.64,0,1
-12.82,11.91,30.4,0,2
-12.93,11.75,45.26,1,2
-13.35,5.69,33.26,0,1
-13.64,0.0,30.88,0,0
-13.75,5.91,37.76,0,1
-13.5,5.71,38.32,0,1
-13.74,6.2,31.92,0,1
-13.38,5.36,31.58,0,1
-13.32,6.65,39.05,0,1
-12.73,8.1,38.98,1,2
-13.58,5.38,34.7,0,1
-12.89,9.61,35.14,0,2
-13.74,0.0,30.76,0,0
-13.68,5.89,36.18,0,1
-13.67,0.0,30.79,0,0
-13.0,9.84,31.93,0,2
-13.33,5.83,35.34,0,1
-12.54,10.29,48.26,0,2
-13.64,0.0,32.58,0,0
-13.31,6.84,36.54,0,1
-13.71,0.0,30.73,0,0
-13.12,9.39,42.12,0,2
-13.24,5.12,32.15,0,1
-13.85,0.0,34.05,0,0
-13.97,0.0,33.2,0,0
-13.94,0.0,34.53,0,0
-12.85,9.68,46.82,0,2
-12.88,11.73,36.75,1,2
-13.67,0.0,34.44,0,0
-13.84,0.0,32.66,0,0
-13.72,0.0,30.86,0,0
-13.53,0.0,30.52,0,0
-13.51,5.01,37.1,0,1
-12.82,9.07,35.18,0,2
-13.44,5.98,33.35,0,1
-13.67,5.55,38.87,0,1
-12.7,8.66,48.35,0,2
-13.58,6.92,35.4,0,1
-13.17,8.95,34.7,0,2
-13.22,5.79,31.21,0,1
-13.64,0.0,31.52,0,0
-13.11,0.0,34.53,0,0
-13.56,0.0,34.12,0,0
-12.78,11.98,41.7,1,2
-12.63,8.64,37.26,1,2
-13.7,5.12,30.39,0,1
-12.53,8.22,32.67,0,2
-13.2,0.0,34.92,0,0
-13.78,5.58,39.61,0,1
-13.15,0.0,34.0,0,0
-13.7,0.0,32.82,0,0
-13.22,0.0,31.44,0,0
-13.59,7.26,38.26,0,1
-13.12,0.0,33.69,0,0
-12.51,10.34,49.35,0,2
-12.74,10.93,38.06,1,2
-13.66,0.0,31.89,0,0
-13.46,5.19,31.34,0,1
-13.8,0.0,30.45,0,0
-13.62,0.0,33.8,0,0
-13.79,7.21,36.35,0,1
-13.63,0.0,32.29,0,0
-13.5,6.42,31.97,0,1
-12.52,9.18,46.62,0,2
-13.48,0.0,30.4,0,0
-13.62,5.84,34.92,0,1
-12.59,8.53,30.88,0,2
-13.53,5.45,33.55,0,1
-13.59,7.53,30.53,0,1
-13.53,7.37,39.48,0,1
-13.45,5.38,36.78,0,1
-13.96,0.0,31.26,0,0
-13.49,6.12,31.25,0,1
-12.61,8.85,32.69,0,2
-13.22,0.0,30.01,0,0
-13.67,7.21,35.74,0,1
-12.79,10.46,47.02,0,2
-12.78,11.99,32.39,1,2
-12.72,9.7,42.03,0,2
-13.36,0.0,33.04,0,0
-13.08,10.12,38.9,0,2
-12.51,8.79,30.45,0,2
-13.27,8.03,36.88,0,2
-13.51,7.38,39.08,0,1
-13.67,0.0,32.89,0,0
-12.6,11.03,34.74,1,2
-13.13,0.0,33.28,0,0
-12.59,9.46,41.96,1,2
-13.22,7.13,35.19,0,1
-13.54,0.0,33.28,0,0
-13.39,5.29,35.25,0,1
-13.35,6.86,34.48,0,1
-13.28,10.1,39.62,0,2
-13.94,0.0,34.34,0,0
-13.96,0.0,33.02,0,0
-12.87,11.59,36.0,0,2
-13.64,5.99,31.32,0,1
-12.78,11.07,44.12,0,2
-13.18,10.15,38.36,1,2
-13.08,10.78,33.62,1,2
-13.25,8.64,33.35,0,2
-13.78,0.0,33.96,0,0
-12.69,8.29,43.3,1,2
-13.69,0.0,32.34,0,0
-13.27,0.0,30.53,0,0
-13.29,0.0,31.92,0,0
-12.74,10.84,47.11,0,2
-13.45,0.0,32.97,0,0
-13.21,0.0,31.48,0,0
-12.89,11.42,31.4,1,2
-13.32,0.0,30.79,0,0
-13.04,0.0,33.4,0,0
-13.27,9.82,32.37,1,2
-13.56,6.27,30.25,0,1
-13.03,0.0,30.75,0,0
-13.24,8.53,49.04,0,2
-13.21,10.61,31.74,0,2
-13.61,0.0,30.29,0,0
-13.82,0.0,34.68,0,0
-12.65,10.73,38.63,0,2
-13.35,0.0,31.39,0,0
-13.06,10.87,44.81,1,2
-13.43,0.0,31.98,0,0
-13.23,0.0,34.26,0,0
-13.66,6.42,39.63,0,1
-13.51,0.0,32.59,0,0
-13.1,0.0,32.95,0,0
-13.81,0.0,34.4,0,0
-13.43,5.77,37.09,0,1
-12.83,8.03,47.57,0,2
-13.45,5.84,37.07,0,1
-13.21,9.49,37.04,1,2
-13.27,0.0,34.73,0,0
-12.73,11.94,34.51,1,2
-13.43,0.0,31.49,0,0
-13.55,7.04,33.71,0,1
-13.74,0.0,32.88,0,0
-13.71,5.4,32.72,0,1
-13.21,6.95,31.97,0,1
-13.43,0.0,32.27,0,0
-13.06,0.0,33.99,0,0
-12.68,9.46,49.63,0,2
-13.23,7.4,30.13,0,1
-13.34,6.86,39.25,0,1
-13.34,0.0,30.56,0,0
-13.35,0.0,33.72,0,0
-13.5,0.0,33.88,0,0
-12.93,10.95,45.44,1,2
-13.31,7.15,38.53,0,1
-13.78,0.0,33.55,0,0
-13.66,5.67,39.76,0,1
-13.92,0.0,30.53,0,0
-13.43,6.73,38.09,0,1
-13.31,0.0,34.74,0,0
-13.88,0.0,34.53,0,0
-13.16,8.74,40.35,1,2
-13.34,7.65,39.01,0,1
-13.14,0.0,31.06,0,0
-13.19,10.66,30.48,1,2
-13.31,6.72,31.59,0,1
-13.38,6.81,31.2,0,1
-13.9,0.0,33.9,0,0
-13.72,5.42,31.36,0,1
-13.42,0.0,33.19,0,0
-13.76,6.25,35.29,0,1
-13.28,7.48,33.97,0,1
-12.72,8.48,48.1,1,2
-13.13,11.59,40.08,0,2
-13.25,6.5,37.39,0,1
-13.68,0.0,34.26,0,0
-13.5,6.18,31.56,0,1
-13.6,0.0,32.01,0,0
-13.6,7.56,37.8,0,1
-13.25,7.23,36.32,0,1
-12.81,9.67,34.17,0,2
-13.57,0.0,34.16,0,0
-13.1,11.55,49.7,0,2
-12.56,11.93,32.28,1,2
-13.71,7.3,37.93,0,1
-13.39,6.84,39.25,0,1
-12.81,9.33,47.7,0,2
-12.8,11.89,37.7,1,2
-12.56,9.59,46.39,0,2
-13.14,0.0,31.94,0,0
-13.58,5.97,38.78,0,1
-13.94,0.0,33.91,0,0
-13.02,0.0,30.78,0,0
-13.04,8.08,36.78,1,2
-12.69,8.06,49.84,0,2
-13.11,10.88,34.92,0,2
-13.16,8.49,46.83,0,2
-13.72,0.0,32.68,0,0
-13.93,0.0,31.43,0,0
-13.62,5.62,34.75,0,1
-12.82,10.16,44.19,1,2
-12.73,10.58,43.07,0,2
-13.73,0.0,31.14,0,0
-13.96,0.0,34.97,0,0
-13.95,0.0,30.45,0,0
-13.61,7.22,36.67,0,1
-13.31,7.37,34.15,0,1
-12.86,11.86,36.92,0,2
-12.74,11.62,44.28,1,2
-13.05,0.0,31.7,0,0
-12.57,8.47,30.3,0,2
-13.73,0.0,31.2,0,0
-12.67,8.93,34.9,1,2
-13.44,0.0,32.92,0,0
-12.95,8.86,33.34,0,2
-13.76,0.0,31.18,0,0
-13.16,9.03,31.98,1,2
-13.03,0.0,32.34,0,0
-12.85,11.65,39.09,1,2
-13.23,0.0,30.89,0,0
-13.3,11.36,34.74,0,2
-13.55,0.0,30.77,0,0
-13.12,0.0,30.7,0,0
-13.5,0.0,33.02,0,0
-13.28,5.2,38.43,0,1
-12.61,11.2,30.04,1,2
-13.05,0.0,31.58,0,0
-13.25,8.72,44.01,0,2
-13.11,0.0,32.42,0,0
-13.27,5.52,32.56,0,1
-12.84,11.17,47.83,0,2
-12.86,11.51,40.16,0,2
-13.61,7.89,34.7,0,1
-12.56,11.04,40.98,1,2
-13.5,7.15,39.87,0,1
-13.44,0.0,30.23,0,0
-13.26,11.8,46.49,1,2
-13.37,0.0,30.19,0,0
-13.23,11.35,37.47,1,2
-13.18,9.24,32.77,0,2
-13.08,0.0,33.78,0,0
-13.16,8.15,38.34,0,2
-13.38,0.0,31.05,0,0
-13.62,5.53,38.92,0,1
-13.3,6.2,35.99,0,1
-13.01,0.0,32.39,0,0
-13.79,6.26,38.62,0,1
-12.58,9.56,40.7,1,2
-12.57,8.23,37.62,1,2
-13.29,0.0,30.09,0,0
-13.42,7.08,38.48,0,1
-12.85,9.63,31.2,0,2
-13.1,8.48,31.55,1,2
-13.63,5.58,34.75,0,1
-13.66,5.3,34.88,0,1
-12.53,11.59,46.53,0,2
-13.2,0.0,31.45,0,0
-12.72,11.28,30.75,0,2
-13.65,0.0,31.19,0,0
-12.79,8.89,38.0,1,2
-13.77,5.99,35.02,0,1
-13.56,7.57,34.28,0,1
-13.5,7.45,33.65,0,1
-13.11,10.97,36.94,0,2
-13.14,0.0,33.73,0,0
-12.88,9.23,45.15,1,2
-13.2,9.36,48.82,0,2
-13.63,0.0,33.7,0,0
-13.43,5.94,34.81,0,1
-12.54,11.51,44.62,0,2
-13.61,5.41,38.64,0,1
-13.68,6.78,35.72,0,1
-13.47,6.0,30.44,0,1
-13.79,7.53,35.11,0,1
-13.19,0.0,30.83,0,0
-12.75,11.78,34.39,0,2
-12.62,10.96,40.37,1,2
-13.72,0.0,34.47,0,0
-12.96,11.81,34.48,1,2
-12.76,11.19,46.9,0,2
-13.58,7.17,33.69,0,1
-13.25,10.33,31.43,1,2
-13.61,5.94,34.8,0,1
-13.67,0.0,31.56,0,0
-12.81,8.16,41.33,1,2
-13.9,0.0,30.81,0,0
-13.47,0.0,30.13,0,0
-13.73,7.13,31.56,0,1
-12.81,9.68,43.87,1,2
-12.7,9.87,32.55,1,2
-13.64,0.0,31.21,0,0
-13.64,0.0,30.44,0,0
-13.59,6.36,34.37,0,1
-12.65,10.03,48.19,1,2
-13.65,7.01,36.79,0,1
-13.07,0.0,32.89,0,0
-12.93,11.45,44.2,0,2
-13.23,0.0,33.11,0,0
-13.08,10.7,36.44,1,2
-13.1,0.0,32.05,0,0
-13.16,9.07,44.61,1,2
-12.64,11.29,40.96,0,2
-13.16,8.2,38.63,0,2
-13.55,6.2,32.67,0,1
-13.91,0.0,34.9,0,0
-12.8,11.46,33.65,0,2
-12.75,10.68,42.04,0,2
-13.23,7.81,30.51,0,1
-13.57,6.34,39.42,0,1
-13.62,5.38,36.35,0,1
-13.23,5.11,30.76,0,1
-13.39,5.99,31.02,0,1
-13.07,0.0,30.36,0,0
-12.79,9.15,33.55,1,2
-13.44,5.78,31.51,0,1
-13.04,0.0,31.44,0,0
-12.65,8.01,41.83,1,2
-13.14,11.26,34.52,1,2
-13.08,9.08,34.42,1,2
-13.24,0.0,32.56,0,0
-13.36,7.04,39.71,0,1
-13.05,10.83,39.66,1,2
-13.5,7.81,34.54,0,1
-13.56,0.0,31.9,0,0
-13.39,6.34,31.08,0,1
-13.15,9.04,47.15,1,2
-13.73,0.0,31.69,0,0
-12.68,8.16,38.56,0,2
-13.27,5.39,32.45,0,1
-12.56,10.81,43.89,0,2
-13.71,0.0,31.6,0,0
-13.65,6.33,32.5,0,1
-13.03,11.23,46.86,1,2
-13.22,7.53,31.29,0,1
-13.53,5.7,30.02,0,1
-12.92,11.5,41.01,0,2
-13.59,5.25,37.05,0,1
-12.9,8.23,38.1,1,2
-13.74,0.0,32.61,0,0
-12.98,8.55,34.88,1,2
-12.71,10.77,35.7,0,2
-13.22,8.26,42.85,1,2
-13.72,0.0,33.19,0,0
-12.83,10.23,42.34,1,2
-12.84,10.89,38.19,0,2
-13.1,0.0,32.4,0,0
-13.03,9.71,34.31,0,2
-13.13,0.0,34.21,0,0
-13.05,9.97,38.09,0,2
-13.09,0.0,30.89,0,0
-13.58,6.88,38.06,0,1
-13.37,0.0,33.75,0,0
-13.01,10.24,32.07,1,2
-12.92,9.43,35.14,0,2
-13.31,5.83,37.97,0,1
-13.23,0.0,31.68,0,0
-13.42,5.26,37.43,0,1
-13.22,0.0,30.02,0,0
-13.31,0.0,30.45,0,0
-13.61,7.29,31.59,0,1
-12.79,10.82,35.63,1,2
-13.23,7.93,39.04,0,1
-13.2,0.0,32.18,0,0
-12.72,11.37,32.52,1,2
-13.08,0.0,30.6,0,0
-13.11,0.0,31.93,0,0
-13.95,0.0,30.53,0,0
-13.18,0.0,31.84,0,0
-12.99,10.4,32.63,1,2
-13.9,0.0,33.52,0,0
-13.39,7.71,32.96,0,1
-13.35,0.0,31.04,0,0
-13.15,0.0,31.71,0,0
-12.59,10.38,43.67,1,2
-13.02,0.0,34.66,0,0
-13.88,0.0,30.96,0,0
-12.54,10.17,42.17,1,2
-13.55,7.48,34.66,0,1
-13.52,5.62,36.74,0,1
-13.1,0.0,33.41,0,0
-13.48,7.64,30.76,0,1
-13.26,9.51,48.92,0,2
-13.53,0.0,30.81,0,0
-13.28,0.0,34.65,0,0
-13.12,11.12,43.01,1,2
-12.74,8.02,36.6,1,2
-12.69,11.84,32.77,0,2
-13.02,8.41,34.3,0,2
-13.39,0.0,31.61,0,0
-12.91,11.99,38.27,1,2
-12.65,8.64,32.34,1,2
-13.5,5.46,30.07,0,1
-13.77,5.57,30.4,0,1
-13.19,0.0,30.99,0,0
-13.44,0.0,33.58,0,0
-13.37,0.0,33.7,0,0
-13.15,0.0,33.24,0,0
-12.94,9.11,45.1,0,2
-12.55,8.76,48.36,1,2
-12.85,10.01,36.05,0,2
-13.29,0.0,32.44,0,0
-13.41,0.0,33.5,0,0
-13.02,9.25,32.84,1,2
-13.58,5.04,38.42,0,1
-13.61,5.48,36.88,0,1
-12.57,10.06,44.72,1,2
-12.57,9.74,47.93,0,2
-12.71,11.77,35.57,1,2
-12.62,9.94,33.12,0,2
-13.03,11.64,49.54,0,2
-12.66,9.77,42.4,0,2
-13.22,11.79,36.04,0,2
-13.35,6.54,35.4,0,1
-13.27,0.0,34.07,0,0
-13.26,7.73,37.34,0,1
-13.43,5.97,39.83,0,1
-12.89,11.19,47.95,0,2
-13.3,5.03,34.62,0,1
-13.52,0.0,32.85,0,0
-13.08,0.0,32.41,0,0
-13.09,11.48,33.21,0,2
-13.36,7.38,39.01,0,1
-13.63,7.18,30.87,0,1
-13.76,7.81,35.57,0,1
-12.81,9.5,43.9,0,2
-13.36,0.0,32.36,0,0
-12.52,11.26,35.14,0,2
-13.53,5.35,33.41,0,1
-13.32,6.12,32.63,0,1
-13.6,5.76,39.55,0,1
-13.05,10.8,31.92,1,2
-13.53,5.54,37.25,0,1
-13.48,0.0,31.0,0,0
-13.69,0.0,31.07,0,0
-12.51,10.04,46.88,0,2
-13.3,7.18,34.34,0,1
-13.75,0.0,33.43,0,0
-13.67,5.89,39.22,0,1
-13.3,7.59,35.03,0,1
-12.79,9.02,44.64,1,2
-12.62,9.96,42.76,0,2
-12.89,9.02,30.54,1,2
-13.49,5.4,34.88,0,1
-13.87,0.0,30.46,0,0
-13.15,0.0,30.14,0,0
-13.22,10.14,38.35,1,2
-13.22,9.44,47.67,0,2
-13.61,5.74,30.93,0,1
-13.4,0.0,33.83,0,0
-12.9,9.53,33.96,1,2
-12.52,9.06,38.99,1,2
-13.25,6.2,38.95,0,1
-13.05,11.78,43.14,1,2
-13.7,5.3,37.96,0,1
-13.01,8.46,30.05,0,2
-13.55,5.13,34.78,0,1
-13.9,0.0,31.71,0,0
-13.2,7.0,38.31,0,1
-13.24,10.17,37.99,1,2
-13.4,6.53,39.26,0,1
-13.25,0.0,33.4,0,0
-13.2,0.0,34.18,0,0
-13.62,0.0,31.75,0,0
-13.29,5.09,36.56,0,1
-12.58,8.55,47.28,1,2
-13.23,6.44,37.41,0,1
-13.78,5.01,34.4,0,1
-13.18,9.16,30.73,1,2
-12.74,9.78,46.91,1,2
-13.12,0.0,31.65,0,0
-13.34,0.0,30.79,0,0
-13.86,0.0,32.59,0,0
-13.14,10.62,46.06,1,2
-12.76,10.5,32.67,0,2
-13.22,9.02,42.08,1,2
-13.2,9.76,34.35,1,2
-12.55,8.59,32.51,1,2
-12.73,11.18,42.73,0,2
-13.55,0.0,30.77,0,0
-13.44,0.0,31.44,0,0
-13.54,0.0,30.39,0,0
-13.56,0.0,30.1,0,0
-13.28,6.26,32.52,0,1
-12.6,10.52,43.94,1,2
-13.26,5.69,35.98,0,1
-13.01,0.0,31.49,0,0
-13.56,7.03,31.09,0,1
-13.51,0.0,32.43,0,0
-12.77,8.05,34.41,1,2
-13.05,0.0,33.05,0,0
-13.45,0.0,31.2,0,0
-13.37,6.15,30.76,0,1
-13.23,0.0,30.95,0,0
-13.28,8.94,49.15,1,2
-13.95,0.0,34.67,0,0
-13.06,0.0,32.48,0,0
-13.14,10.77,48.23,1,2
-13.95,0.0,31.02,0,0
-12.83,11.54,39.72,0,2
-12.64,8.5,38.92,0,2
-12.85,8.9,46.99,1,2
-13.44,7.81,31.44,0,1
-13.45,6.19,30.83,0,1
-13.32,0.0,30.25,0,0
-13.11,8.2,43.1,1,2
-13.49,5.64,31.08,0,1
-13.56,7.17,32.72,0,1
-13.68,0.0,31.83,0,0
-13.47,0.0,32.61,0,0
-12.81,11.66,35.94,1,2
-13.97,0.0,30.54,0,0
-13.19,11.42,37.58,1,2
-13.02,0.0,34.63,0,0
-13.06,8.21,49.55,0,2
-13.17,8.25,44.95,1,2
-13.11,8.96,48.26,1,2
-12.51,8.79,34.55,1,2
-13.91,0.0,34.78,0,0
-13.41,0.0,32.19,0,0
-13.49,0.0,33.69,0,0
-13.57,7.7,37.74,0,1
-12.5,8.1,34.88,0,2
-14.0,0.0,33.93,0,0
-12.6,11.06,31.57,1,2
-13.76,0.0,30.53,0,0
-12.73,8.99,32.94,0,2
-13.56,0.0,31.87,0,0
-12.9,8.42,44.81,1,2
-13.36,0.0,30.95,0,0
-13.24,10.64,36.5,1,2
-12.52,8.45,42.13,0,2
-13.36,7.23,39.9,0,1
-13.88,0.0,32.92,0,0
-13.63,5.61,32.66,0,1
-13.16,0.0,30.91,0,0
-13.29,7.26,34.51,0,1
-13.8,6.11,35.49,0,1
-13.01,0.0,30.88,0,0
-13.36,0.0,32.54,0,0
-13.41,0.0,32.58,0,0
-13.45,0.0,33.48,0,0
-12.66,8.67,35.61,1,2
-13.71,0.0,32.47,0,0
-12.76,11.96,43.77,1,2
-13.27,8.41,37.93,0,2
-13.44,7.33,31.37,0,1
-12.77,9.55,37.9,0,2
-13.54,0.0,30.75,0,0
-13.23,0.0,31.46,0,0
-13.82,0.0,34.32,0,0
-13.51,0.0,34.94,0,0
-12.55,10.47,49.16,1,2
-13.51,6.01,37.16,0,1
-13.81,0.0,31.77,0,0
-13.22,0.0,34.31,0,0
-13.35,5.66,32.17,0,1
-13.53,0.0,31.15,0,0
-13.19,10.26,35.67,0,2
-13.35,0.0,33.15,0,0
-13.15,10.1,35.27,1,2
-13.72,6.7,37.59,0,1
-13.89,0.0,30.27,0,0
-13.27,5.13,39.24,0,1
-13.64,6.07,31.07,0,1
-13.66,5.23,39.61,0,1
-13.15,11.19,44.51,1,2
-13.52,5.08,39.75,0,1
-12.5,9.38,43.5,0,2
-12.56,11.86,41.18,1,2
-12.69,10.63,47.32,1,2
-13.35,5.91,38.45,0,1
-13.67,0.0,31.57,0,0
-13.28,7.1,34.35,0,1
-12.87,10.36,38.36,0,2
-13.03,0.0,31.12,0,0
-13.5,5.54,36.24,0,1
-13.48,0.0,31.93,0,0
-13.16,9.67,43.45,1,2
-12.98,11.36,47.62,0,2
-13.77,7.06,36.48,0,1
-12.95,11.94,31.34,1,2
-13.03,0.0,32.19,0,0
-13.31,5.42,36.8,0,1
-12.66,8.65,30.85,0,2
-12.58,8.03,35.8,1,2
-13.36,7.28,36.88,0,1
-13.12,8.68,43.32,1,2
-13.34,5.58,35.3,0,1
-13.27,6.55,33.05,0,1
-13.17,0.0,34.93,0,0
-12.94,11.97,49.35,1,2
-12.6,11.68,48.43,0,2
-13.57,6.46,35.65,0,1
-12.94,10.16,48.48,1,2
-13.21,0.0,32.28,0,0
-13.77,0.0,33.05,0,0
-13.01,0.0,34.19,0,0
-13.14,0.0,31.44,0,0
-13.37,0.0,34.59,0,0
-12.73,8.09,35.94,1,2
-13.76,6.96,35.85,0,1
-13.07,8.11,38.58,1,2
-13.43,5.57,38.78,0,1
-13.06,0.0,33.02,0,0
-12.63,11.9,37.91,0,2
-13.51,7.52,39.57,0,1
-13.73,0.0,30.38,0,0
-13.06,9.89,49.64,1,2
-12.83,11.34,49.51,0,2
-13.1,0.0,31.91,0,0
-13.22,6.44,36.33,0,1
-13.02,11.69,47.36,1,2
-12.51,11.08,43.63,0,2
-13.53,5.59,32.76,0,1
-13.32,6.74,31.56,0,1
-12.6,10.21,30.24,1,2
-13.68,6.17,33.28,0,1
-13.69,7.61,35.44,0,1
-13.74,5.89,35.94,0,1
-13.21,0.0,32.04,0,0
-13.38,0.0,33.54,0,0
-12.79,10.29,48.8,1,2
-13.12,11.14,35.41,1,2
-12.75,9.35,46.73,0,2
-13.66,7.81,38.04,0,1
-12.77,11.99,42.33,0,2
-13.02,11.78,45.9,1,2
-13.61,7.36,34.18,0,1
-13.43,6.76,34.95,0,1
-13.21,11.35,31.3,0,2
-13.45,6.8,31.29,0,1
-12.66,8.38,34.96,1,2
-13.59,0.0,34.87,0,0
-13.42,0.0,31.73,0,0
-13.02,10.08,41.03,1,2
-13.25,0.0,34.02,0,0
-13.41,0.0,33.34,0,0
-13.5,0.0,31.85,0,0
-12.66,9.54,45.19,0,2
-13.22,7.73,39.07,0,1
-12.88,10.84,37.64,0,2
-13.92,0.0,31.95,0,0
-13.42,0.0,33.49,0,0
-13.25,9.13,45.62,1,2
-13.26,9.56,41.68,1,2
-13.49,7.8,37.64,0,1
-13.11,10.64,49.41,0,2
-13.01,11.28,48.52,0,2
-13.65,0.0,34.91,0,0
-13.5,0.0,30.28,0,0
-13.81,0.0,32.94,0,0
-13.65,7.35,32.27,0,1
-13.84,0.0,31.08,0,0
-13.96,0.0,32.84,0,0
-13.28,5.44,30.63,0,1
-13.53,0.0,30.5,0,0
-12.64,10.75,38.71,1,2
-12.68,9.6,31.83,1,2
-13.03,10.39,40.28,0,2
-13.61,5.26,35.76,0,1
-12.63,10.13,35.52,0,2
-13.69,5.13,35.39,0,1
-12.99,11.54,46.79,1,2
-13.13,0.0,30.22,0,0
-13.18,8.22,35.96,0,2
-13.05,11.28,36.68,1,2
-13.25,0.0,34.72,0,0
-13.67,6.53,38.53,0,1
-13.18,11.38,31.42,1,2
-13.4,7.74,30.68,0,1
-12.61,10.16,47.56,0,2
-13.85,0.0,34.21,0,0
-13.47,0.0,32.53,0,0
-13.88,0.0,31.85,0,0
-13.75,6.1,35.11,0,1
-12.82,9.97,30.65,1,2
-13.1,0.0,34.72,0,0
-13.05,8.0,41.24,1,2
-13.42,0.0,34.5,0,0
-12.79,11.98,41.48,0,2
-13.65,6.57,31.68,0,1
-12.69,11.36,49.16,0,2
-13.62,6.26,32.72,0,1
-13.22,10.46,49.34,1,2
-13.05,11.02,37.63,0,2
-13.41,5.67,38.8,0,1
-13.51,6.92,32.88,0,1
-12.65,9.57,47.49,1,2
-13.53,6.41,34.79,0,1
-13.39,5.15,36.43,0,1
-13.29,6.77,39.77,0,1
-13.52,7.83,39.67,0,1
-12.57,10.7,42.89,0,2
-13.4,0.0,30.09,0,0
-13.3,6.32,34.71,0,1
-13.48,0.0,33.02,0,0
-13.39,0.0,34.04,0,0
-13.22,8.27,47.61,0,2
-13.76,5.73,38.13,0,1
-13.4,7.01,38.52,0,1
-13.99,0.0,34.16,0,0
-13.56,5.88,36.52,0,1
-13.41,0.0,31.04,0,0
-13.14,10.01,46.94,0,2
-13.21,5.38,35.03,0,1
-13.21,7.14,38.31,0,1
-13.1,11.92,37.58,0,2
-13.64,6.18,39.08,0,1
-13.97,0.0,34.3,0,0
-13.69,0.0,30.25,0,0
-13.72,5.95,35.42,0,1
-13.22,9.37,45.07,1,2
-12.87,8.2,36.22,0,2
-13.67,0.0,34.66,0,0
-13.28,11.75,45.21,0,2
-12.92,11.23,37.48,1,2
-13.47,6.43,36.22,0,1
-13.48,0.0,32.1,0,0
-13.46,0.0,33.66,0,0
-13.79,6.47,37.22,0,1
-13.79,5.83,38.15,0,1
-13.66,7.22,34.54,0,1
-13.6,0.0,30.4,0,0
-13.24,8.07,31.61,1,2
-13.66,5.75,31.3,0,1
-13.73,6.66,34.6,0,1
-12.65,9.32,42.94,0,2
-12.57,11.25,46.79,1,2
-12.97,10.46,44.35,0,2
-13.31,0.0,34.11,0,0
-13.9,0.0,30.18,0,0
-13.73,5.03,34.16,0,1
-13.57,0.0,34.81,0,0
-13.63,7.72,36.67,0,1
-13.14,9.75,32.14,0,2
-13.21,0.0,32.25,0,0
-13.08,10.36,30.03,0,2
-13.44,0.0,33.07,0,0
-13.05,0.0,33.78,0,0
-13.29,6.32,36.01,0,1
-13.41,0.0,30.85,0,0
-13.14,0.0,31.09,0,0
-13.38,0.0,30.51,0,0
-13.23,0.0,30.31,0,0
-13.69,6.75,35.86,0,1
-13.36,5.15,30.51,0,1
-13.53,7.41,30.35,0,1
-12.99,10.13,45.3,1,2
-13.63,0.0,31.25,0,0
-13.14,8.0,31.31,1,2
-13.3,5.67,32.74,0,1
-12.56,10.32,30.06,0,2
-13.42,0.0,34.86,0,0
-12.67,8.1,45.35,1,2
-12.86,8.55,43.31,0,2
-13.27,0.0,32.81,0,0
-12.64,10.24,48.82,1,2
-13.3,5.39,34.49,0,1
-12.84,9.94,30.28,0,2
-13.37,0.0,31.06,0,0
-13.78,7.38,37.56,0,1
-13.39,0.0,31.35,0,0
-13.26,7.87,31.2,0,1
-13.12,0.0,33.87,0,0
-13.5,0.0,30.75,0,0
-13.24,11.7,30.9,0,2
-13.51,0.0,31.51,0,0
-13.17,0.0,32.29,0,0
-12.75,11.16,34.59,0,2
-12.93,10.06,43.61,0,2
-12.96,10.88,33.38,1,2
-12.98,11.55,40.25,1,2
-13.27,11.24,36.11,1,2
-13.02,0.0,32.0,0,0
-13.23,6.84,37.74,0,1
-13.33,6.32,32.04,0,1
-13.76,5.38,31.38,0,1
-13.24,7.24,39.1,0,1
-13.94,0.0,30.57,0,0
-13.21,11.47,32.79,0,2
-13.55,7.19,34.8,0,1
-13.15,9.08,36.36,0,2
-13.45,7.78,37.7,0,1
-13.26,10.84,47.98,0,2
-13.13,0.0,30.67,0,0
-12.94,11.98,37.55,1,2
-12.63,10.07,31.67,1,2
-13.81,0.0,32.36,0,0
-13.45,7.43,35.57,0,1
-13.24,5.28,37.38,0,1
-13.68,6.04,36.73,0,1
-13.8,5.35,39.46,0,1
-13.52,7.36,33.19,0,1
-13.54,0.0,34.28,0,0
-12.66,8.49,38.11,1,2
-13.38,0.0,34.44,0,0
-12.97,10.03,36.67,1,2
-13.39,7.51,31.93,0,1
-13.78,6.15,31.48,0,1
-13.9,0.0,30.44,0,0
-12.63,10.18,30.85,0,2
-13.08,0.0,34.99,0,0
-12.8,10.01,40.66,1,2
-13.7,5.04,35.78,0,1
-13.36,7.13,33.12,0,1
-13.56,5.78,32.42,0,1
-13.21,0.0,34.94,0,0
-13.18,10.68,42.07,0,2
-13.1,0.0,30.52,0,0
-13.06,8.77,38.7,0,2
-12.78,8.47,32.29,0,2
-13.53,0.0,33.87,0,0
-13.08,10.71,32.17,1,2
-13.78,0.0,30.17,0,0
-13.49,0.0,31.7,0,0
-12.96,10.57,43.55,1,2
-12.92,11.44,36.71,0,2
-12.74,11.81,42.27,1,2
-12.55,8.65,37.39,1,2
-13.64,0.0,30.44,0,0
-13.65,0.0,32.36,0,0
-13.25,5.63,34.17,0,1
-13.71,0.0,34.88,0,0
-13.6,7.54,38.18,0,1
-13.26,9.4,39.84,0,2
-13.58,5.76,30.68,0,1
-12.5,9.64,32.43,0,2
-13.22,11.88,46.41,0,2
-13.09,0.0,31.73,0,0
-12.61,11.2,49.02,1,2
-13.3,7.06,38.94,0,1
-13.3,6.29,38.55,0,1
-13.21,11.97,32.38,0,2
-13.67,5.46,38.15,0,1
-12.6,9.47,42.8,0,2
-13.59,7.9,30.98,0,1
-13.16,0.0,32.59,0,0
-12.93,8.23,48.8,1,2
-13.34,5.99,37.3,0,1
-13.59,5.56,33.48,0,1
-13.32,0.0,34.48,0,0
-13.03,10.32,34.34,1,2
-13.46,5.31,36.8,0,1
-13.15,8.78,30.99,0,2
-13.32,0.0,31.7,0,0
-13.05,0.0,30.52,0,0
-13.28,11.35,40.69,0,2
-12.79,11.05,35.08,0,2
-12.84,10.45,41.9,0,2
-13.39,0.0,34.7,0,0
-13.83,0.0,34.7,0,0
-13.37,6.81,33.29,0,1
-13.78,7.21,34.49,0,1
-13.67,5.77,39.51,0,1
-13.77,0.0,34.16,0,0
-13.24,8.14,40.99,1,2
-13.64,6.48,38.67,0,1
-13.5,7.49,37.71,0,1
-13.34,5.48,37.03,0,1
-13.96,0.0,34.66,0,0
-13.61,0.0,30.4,0,0
-13.77,6.27,32.61,0,1
-13.25,7.14,36.6,0,1
-13.17,0.0,31.03,0,0
-13.47,7.1,38.07,0,1
-12.62,10.13,34.34,0,2
-13.62,0.0,33.56,0,0
-13.26,7.34,32.59,0,1
-13.01,9.44,36.08,0,2
-13.86,0.0,30.25,0,0
-13.29,0.0,31.25,0,0
-13.51,5.56,32.47,0,1
-13.92,0.0,30.08,0,0
-13.19,0.0,32.91,0,0
-13.79,5.77,35.34,0,1
-13.77,0.0,31.29,0,0
-13.46,7.15,33.17,0,1
-12.77,9.76,45.66,0,2
-13.32,7.07,34.77,0,1
-13.52,0.0,33.84,0,0
-13.69,6.6,33.56,0,1
-13.74,0.0,30.68,0,0
-13.03,11.54,44.99,0,2
-13.43,0.0,34.02,0,0
-13.02,8.49,38.27,1,2
-13.59,0.0,31.82,0,0
-12.66,9.5,33.37,0,2
-13.22,6.86,35.16,0,1
-13.78,6.31,31.03,0,1
-13.45,0.0,32.96,0,0
-13.5,5.1,30.44,0,1
-13.38,7.17,33.23,0,1
-13.26,7.31,37.83,0,1
-13.96,0.0,32.07,0,0
-12.6,8.82,33.35,1,2
-13.86,0.0,32.08,0,0
-12.69,10.49,40.27,1,2
-13.43,0.0,30.06,0,0
-13.22,7.55,34.25,0,1
-13.07,9.62,32.44,1,2
-13.75,0.0,32.85,0,0
-13.32,7.99,35.72,0,1
-13.5,5.33,38.41,0,1
-12.53,8.14,38.42,1,2
-13.62,6.9,35.54,0,1
-13.01,0.0,33.99,0,0
-13.6,0.0,32.3,0,0
-13.04,0.0,34.26,0,0
-13.47,5.41,34.18,0,1
-12.58,10.02,41.47,0,2
-13.94,0.0,32.06,0,0
-13.75,0.0,30.27,0,0
-12.62,9.22,40.76,0,2
-12.63,9.96,42.65,0,2
-13.06,0.0,30.04,0,0
-12.51,8.09,47.56,0,2
-13.38,6.3,38.55,0,1
-12.66,11.48,34.64,0,2
-13.85,0.0,31.95,0,0
-13.53,5.53,34.97,0,1
-12.53,8.71,31.86,0,2
-13.6,7.61,38.23,0,1
-13.52,6.64,36.22,0,1
-13.29,0.0,31.43,0,0
-13.25,5.86,35.19,0,1
-13.79,0.0,34.14,0,0
-13.52,0.0,34.09,0,0
-12.73,8.56,46.54,0,2
-13.23,10.6,46.95,1,2
-13.76,6.35,34.27,0,1
-12.52,8.03,38.85,0,2
-13.23,9.52,32.16,0,2
-13.21,7.75,37.26,0,1
-13.68,6.22,37.01,0,1
-13.49,0.0,31.35,0,0
-12.58,8.26,41.68,0,2
-13.19,10.62,39.6,0,2
-13.54,0.0,34.83,0,0
-13.35,0.0,31.28,0,0
-13.77,5.43,34.2,0,1
-13.61,6.78,36.28,0,1
-12.5,10.66,43.48,0,2
-13.73,5.58,33.16,0,1
-12.72,10.04,37.9,0,2
-12.63,9.22,43.35,1,2
-13.03,0.0,34.01,0,0
-13.5,6.89,34.5,0,1
-13.85,0.0,32.37,0,0
-13.1,0.0,30.04,0,0
-13.51,7.1,34.73,0,1
-13.18,9.71,37.18,1,2
-12.91,9.91,34.73,0,2
-13.71,6.97,34.09,0,1
-13.68,0.0,33.85,0,0
-12.8,8.02,36.1,1,2
-12.83,10.35,40.01,0,2
-13.27,0.0,30.71,0,0
-12.89,8.72,37.85,0,2
-13.39,0.0,32.23,0,0
-13.21,5.52,31.15,0,1
-13.18,8.98,40.58,0,2
-13.48,6.19,38.17,0,1
-12.76,10.85,36.65,0,2
-13.35,7.96,35.05,0,1
-13.14,8.23,47.7,1,2
-13.08,0.0,34.01,0,0
-13.03,8.74,49.18,0,2
-13.22,8.11,36.82,0,2
-13.71,7.3,37.01,0,1
-13.73,7.29,38.01,0,1
-13.03,0.0,31.44,0,0
-13.33,6.16,32.23,0,1
-12.68,11.23,34.22,0,2
-13.63,5.1,36.38,0,1
-13.81,0.0,34.36,0,0
-13.01,0.0,34.18,0,0
-13.11,0.0,34.3,0,0
-13.75,0.0,30.51,0,0
-13.81,0.0,31.75,0,0
-12.55,8.14,39.63,0,2
-13.74,7.75,33.59,0,1
-13.14,0.0,30.32,0,0
-13.38,6.24,35.71,0,1
-13.63,5.56,33.45,0,1
-13.47,0.0,31.41,0,0
-12.63,8.04,39.77,0,2
-12.68,11.71,38.21,1,2
-12.56,8.83,30.52,1,2
-13.21,7.12,39.53,0,1
-13.27,8.62,41.48,0,2
-13.26,0.0,33.35,0,0
-13.61,5.11,30.28,0,1
-13.6,5.92,33.91,0,1
-12.91,11.94,37.88,1,2
-13.33,0.0,32.34,0,0
-12.65,9.73,41.24,1,2
-12.74,10.54,42.71,1,2
-13.47,0.0,33.78,0,0
-13.73,0.0,31.21,0,0
-13.32,5.39,37.31,0,1
-13.42,6.56,32.39,0,1
-12.61,10.54,39.01,1,2
-12.59,10.97,35.5,1,2
-12.77,9.51,47.77,0,2
-13.36,6.67,35.71,0,1
-13.22,0.0,32.23,0,0
-13.53,0.0,31.28,0,0
-13.15,10.27,35.11,1,2
-12.68,11.92,37.47,0,2
-13.37,5.69,35.56,0,1
-13.22,9.75,47.23,0,2
-13.51,6.01,33.08,0,1
-13.66,0.0,30.07,0,0
-13.29,0.0,33.26,0,0
-13.27,5.5,34.8,0,1
-13.34,0.0,31.97,0,0
-12.82,9.66,47.66,0,2
-13.57,5.05,31.62,0,1
-13.06,10.31,49.93,0,2
-13.04,10.5,32.13,1,2
-13.1,8.76,45.48,0,2
-13.07,0.0,32.82,0,0
-12.92,8.64,34.3,1,2
-13.67,0.0,32.14,0,0
-13.7,7.33,34.63,0,1
-13.19,0.0,33.06,0,0
-13.03,0.0,33.78,0,0
-12.59,8.24,35.93,0,2
-13.32,6.42,31.95,0,1
-12.82,10.12,31.96,1,2
-12.81,10.61,38.61,1,2
-13.28,5.85,39.84,0,1
-13.12,8.57,31.69,1,2
-13.55,0.0,32.26,0,0
-13.24,5.75,33.69,0,1
-13.13,9.56,34.93,0,2
-12.91,11.52,40.15,1,2
-13.51,6.67,35.07,0,1
-13.69,0.0,34.77,0,0
-12.7,9.21,32.42,1,2
-13.22,7.04,34.9,0,1
-12.76,11.31,37.51,0,2
-13.92,0.0,30.61,0,0
-12.98,9.37,34.81,0,2
-13.62,5.25,40.0,0,1
-13.28,0.0,33.49,0,0
-13.91,0.0,33.53,0,0
-13.61,5.21,30.66,0,1
-13.71,7.51,31.39,0,1
-13.21,7.83,39.65,0,1
-13.58,0.0,33.32,0,0
-13.74,5.87,34.8,0,1
-13.68,6.49,38.1,0,1
-12.88,8.93,47.74,1,2
-13.54,5.93,39.26,0,1
-13.13,0.0,31.93,0,0
-13.75,7.59,31.35,0,1
-12.72,11.86,46.38,0,2
-13.29,10.99,43.11,0,2
-13.34,7.72,37.39,0,1
-13.56,0.0,30.73,0,0
-13.26,7.95,35.55,0,1
-13.22,10.23,39.69,0,2
-13.73,5.75,36.94,0,1
-12.98,8.54,49.11,1,2
-13.02,9.86,40.93,1,2
-13.16,8.24,32.01,0,2
-13.77,0.0,31.86,0,0
-13.63,6.52,39.97,0,1
-13.04,0.0,34.43,0,0
-13.48,0.0,32.73,0,0
-13.94,0.0,34.78,0,0
-12.82,9.41,34.27,0,2
-13.45,0.0,30.07,0,0
-12.95,9.88,44.31,0,2
-13.5,5.53,36.61,0,1
-13.64,5.79,36.4,0,1
-13.47,7.65,30.95,0,1
-13.2,8.77,32.04,0,2
-14.0,0.0,34.61,0,0
-13.24,8.07,44.26,0,2
-13.61,7.03,36.23,0,1
-13.6,6.78,32.98,0,1
-13.23,11.09,45.1,1,2
-12.73,8.95,35.5,1,2
-12.94,10.92,31.12,0,2
-13.07,8.75,33.0,0,2
-13.31,5.39,35.37,0,1
-13.03,0.0,34.5,0,0
-13.29,7.66,30.95,0,1
-12.8,8.22,43.64,1,2
-13.08,9.83,41.07,0,2
-12.57,9.89,35.76,1,2
-13.77,0.0,34.54,0,0
-13.54,0.0,32.03,0,0
-13.32,5.72,34.75,0,1
-13.16,11.04,46.15,0,2
-12.61,9.23,41.39,1,2
-13.19,11.6,42.08,0,2
-13.56,7.33,32.78,0,1
-12.6,9.72,49.81,0,2
-13.73,0.0,33.95,0,0
-12.55,11.88,42.15,1,2
-13.28,11.16,33.18,0,2
-13.24,0.0,30.06,0,0
-12.98,8.24,36.28,0,2
-13.31,0.0,34.7,0,0
-12.97,9.83,48.61,0,2
-13.54,5.25,36.17,0,1
-13.02,11.51,34.89,0,2
-13.32,5.85,32.94,0,1
-13.44,5.29,36.07,0,1
-12.56,9.24,49.81,0,2
-13.61,5.63,30.45,0,1
-13.23,5.68,31.29,0,1
-13.66,7.46,31.27,0,1
-13.98,0.0,30.18,0,0
-13.13,9.42,42.06,1,2
-13.58,7.91,33.67,0,1
-12.67,11.21,35.94,0,2
-12.73,11.1,48.05,0,2
-13.84,0.0,33.64,0,0
-13.07,8.86,36.01,1,2
-12.88,9.15,40.42,0,2
-13.05,0.0,34.11,0,0
-12.83,10.24,44.06,0,2
-12.74,9.69,40.08,0,2
-13.1,9.66,43.14,1,2
-13.74,0.0,33.79,0,0
-13.12,0.0,34.82,0,0
-13.54,6.58,36.67,0,1
-13.24,8.3,47.27,0,2
-13.72,0.0,32.97,0,0
-13.03,0.0,32.2,0,0
-13.12,0.0,31.3,0,0
-13.07,9.66,35.65,0,2
-13.51,7.1,38.41,0,1
-13.12,0.0,31.73,0,0
-13.4,6.42,36.45,0,1
-12.93,10.01,44.72,0,2
-13.54,5.0,35.23,0,1
-13.96,0.0,31.94,0,0
-12.62,8.91,32.52,0,2
-13.36,7.73,39.38,0,1
-13.59,7.17,38.08,0,1
-13.52,7.38,34.27,0,1
-13.66,0.0,32.61,0,0
-13.04,9.11,35.72,0,2
-12.61,11.1,41.15,0,2
-13.78,6.36,30.32,0,1
-12.61,10.85,32.69,0,2
-13.26,11.6,38.5,0,2
-13.4,6.9,39.77,0,1
-12.94,10.51,45.4,0,2
-13.33,6.41,32.99,0,1
-12.52,11.39,40.64,1,2
-13.29,0.0,30.21,0,0
-13.2,5.65,38.24,0,1
-13.59,6.85,39.5,0,1
-12.93,10.57,32.33,1,2
-13.69,6.14,39.9,0,1
-13.29,6.29,39.04,0,1
-12.59,8.18,33.2,0,2
-13.04,9.87,46.69,0,2
-13.21,9.86,42.12,1,2
-13.37,0.0,30.4,0,0
-13.13,0.0,31.35,0,0
-12.94,11.65,48.06,0,2
-13.88,0.0,34.25,0,0
-13.66,0.0,32.25,0,0
-13.55,5.25,35.37,0,1
-13.11,0.0,33.86,0,0
-12.67,10.91,34.71,0,2
-12.58,9.54,30.1,1,2
-12.71,9.62,37.43,0,2
-13.42,7.42,32.05,0,1
-13.22,7.53,36.78,0,1
-13.5,5.4,30.98,0,1
-13.71,6.69,32.47,0,1
-12.93,10.87,31.61,0,2
-12.89,9.08,46.56,1,2
-13.9,0.0,33.37,0,0
-13.18,10.92,46.74,1,2
-13.38,7.42,33.2,0,1
-13.67,7.43,36.69,0,1
-13.64,7.44,32.46,0,1
-13.24,0.0,32.78,0,0
-13.33,6.38,38.05,0,1
-13.74,0.0,31.8,0,0
-12.88,11.18,47.01,0,2
-13.4,0.0,30.09,0,0
-13.57,0.0,31.03,0,0
-13.0,8.4,48.5,0,2
-12.94,9.78,42.13,1,2
-12.89,8.09,45.5,1,2
-13.38,0.0,30.39,0,0
-12.99,9.8,33.34,0,2
-13.86,0.0,30.72,0,0
-13.47,0.0,33.33,0,0
-13.39,0.0,30.47,0,0
-13.22,7.88,34.26,0,1
-13.76,0.0,34.32,0,0
-13.51,7.4,36.96,0,1
-13.75,6.61,39.43,0,1
-13.45,5.67,36.41,0,1
-13.17,9.03,37.03,1,2
-13.15,9.25,49.89,0,2
-13.72,5.01,37.82,0,1
-13.73,6.9,39.03,0,1
-13.32,6.87,31.27,0,1
-13.58,0.0,33.28,0,0
-13.27,6.82,33.33,0,1
-13.24,11.42,44.26,1,2
-13.52,0.0,32.28,0,0
-13.57,5.67,38.57,0,1
-13.62,5.35,33.29,0,1
-12.59,11.8,45.64,0,2
-13.77,5.05,39.29,0,1
-13.68,7.46,37.38,0,1
-12.68,10.5,45.38,1,2
-13.32,5.42,38.85,0,1
-13.67,6.17,36.95,0,1
-13.25,0.0,32.32,0,0
-13.2,0.0,30.33,0,0
-13.68,0.0,30.32,0,0
-12.57,11.51,45.93,0,2
-13.69,7.83,32.13,0,1
-13.62,5.66,35.48,0,1
-13.37,0.0,34.47,0,0
-13.27,5.01,37.68,0,1
-13.13,11.48,38.89,1,2
-12.72,8.63,44.58,1,2
-12.85,11.45,33.87,1,2
-13.52,5.37,30.95,0,1
-13.88,0.0,33.03,0,0
-13.16,0.0,30.59,0,0
-13.63,5.62,33.89,0,1
-12.76,8.35,41.72,0,2
-13.37,0.0,34.28,0,0
-13.46,0.0,30.6,0,0
-13.06,9.97,46.47,1,2
-13.39,0.0,33.16,0,0
-13.42,5.75,38.98,0,1
-13.17,0.0,31.27,0,0
-13.22,7.91,34.88,0,1
-13.08,0.0,34.07,0,0
-13.71,6.55,34.49,0,1
-13.26,0.0,31.57,0,0
-13.55,7.68,34.1,0,1
-13.73,5.62,32.34,0,1
-13.22,9.04,30.25,0,2
-13.68,6.66,35.7,0,1
-13.29,0.0,33.69,0,0
-13.24,0.0,34.52,0,0
-13.33,6.19,39.35,0,1
-13.27,7.38,34.04,0,1
-13.5,5.53,34.69,0,1
-13.25,10.16,32.24,1,2
-13.35,0.0,31.57,0,0
-13.78,6.17,39.9,0,1
-13.37,5.89,35.3,0,1
-13.71,7.9,35.41,0,1
-13.05,8.57,36.13,0,2
-13.47,7.48,35.17,0,1
-12.98,8.62,32.0,0,2
-13.16,11.37,40.31,1,2
-13.37,7.24,33.78,0,1
-13.2,8.72,48.43,1,2
-13.78,6.8,32.42,0,1
-13.19,10.55,32.84,1,2
-13.04,10.76,44.49,1,2
-13.33,0.0,33.35,0,0
-12.84,9.5,35.08,0,2
-13.28,0.0,34.43,0,0
-12.68,9.12,35.13,1,2
-13.63,5.89,38.78,0,1
-13.56,7.94,37.82,0,1
-12.98,8.69,43.12,0,2
-13.36,5.4,39.03,0,1
-13.52,0.0,30.09,0,0
-13.2,9.1,44.96,0,2
-13.67,5.3,35.82,0,1
-13.18,0.0,34.27,0,0
-12.65,11.25,44.65,1,2
-13.3,0.0,31.02,0,0
-12.82,10.93,47.69,0,2
-13.32,7.04,34.62,0,1
-12.61,8.59,34.09,1,2
-13.76,0.0,31.06,0,0
-13.3,0.0,30.15,0,0
-13.39,6.05,35.68,0,1
-12.75,11.87,30.94,1,2
-13.02,10.87,40.29,1,2
-13.73,5.55,33.78,0,1
-13.97,0.0,30.55,0,0
-13.2,11.29,33.85,0,2
-13.67,5.87,32.67,0,1
-13.41,7.7,36.04,0,1
-13.38,7.87,30.02,0,1
-13.79,6.14,34.54,0,1
-13.03,0.0,31.08,0,0
-13.3,0.0,34.19,0,0
-13.25,9.3,48.77,0,2
-13.46,0.0,34.71,0,0
-13.56,0.0,30.38,0,0
-13.42,6.55,34.59,0,1
-13.18,0.0,33.02,0,0
-12.86,9.01,41.94,0,2
-12.58,9.69,39.8,0,2
-13.48,5.44,33.61,0,1
-13.59,6.67,37.42,0,1
-13.57,6.18,35.38,0,1
-12.52,9.75,40.6,0,2
-13.44,0.0,33.23,0,0
-13.49,0.0,31.77,0,0
-12.66,10.6,43.22,1,2
-13.72,0.0,30.37,0,0
-13.5,0.0,33.55,0,0
-12.74,9.4,33.24,0,2
-13.2,0.0,33.37,0,0
-13.62,6.95,35.35,0,1
-13.01,11.11,38.43,1,2
-13.62,0.0,30.73,0,0
-13.2,0.0,34.35,0,0
-13.27,0.0,33.77,0,0
-12.9,8.21,49.34,0,2
-12.81,9.36,32.14,1,2
-13.46,0.0,32.79,0,0
-13.51,6.95,35.97,0,1
-13.74,5.96,37.13,0,1
-13.76,7.7,37.16,0,1
-13.51,6.97,34.24,0,1
-13.19,0.0,31.83,0,0
-13.32,5.94,34.91,0,1
-13.76,0.0,33.85,0,0
-13.25,0.0,34.06,0,0
-13.3,5.15,37.58,0,1
-13.35,7.02,33.31,0,1
-13.75,0.0,33.86,0,0
-12.8,8.6,41.87,0,2
-13.65,0.0,30.33,0,0
-12.94,10.04,45.42,0,2
-12.84,8.0,31.92,1,2
-13.45,7.49,37.77,0,1
-13.23,0.0,30.86,0,0
-13.59,5.02,38.76,0,1
-13.37,0.0,34.41,0,0
-13.7,0.0,33.82,0,0
-13.39,7.86,35.4,0,1
-13.5,7.05,34.08,0,1
-13.7,5.58,39.75,0,1
-13.26,0.0,32.28,0,0
-13.16,10.71,31.16,0,2
-13.43,0.0,30.65,0,0
-13.23,7.94,34.75,0,1
-13.88,0.0,33.77,0,0
-13.43,7.09,32.91,0,1
-13.11,11.65,41.92,0,2
-12.88,11.45,38.4,0,2
-13.53,6.63,37.88,0,1
-13.97,0.0,31.0,0,0
-13.95,0.0,34.19,0,0
-13.09,8.28,30.06,0,2
-13.34,5.22,39.33,0,1
-13.44,6.76,34.65,0,1
-12.67,9.23,33.24,0,2
-12.86,9.94,42.46,0,2
-13.72,7.95,32.07,0,1
-12.53,11.25,32.23,1,2
-13.53,7.77,39.43,0,1
-13.43,0.0,34.44,0,0
-13.49,5.37,32.72,0,1
-13.95,0.0,30.73,0,0
-12.63,9.0,30.16,1,2
-13.12,10.32,47.56,0,2
-13.21,9.72,33.39,1,2
-13.8,6.4,38.36,0,1
-13.76,6.78,32.83,0,1
-13.58,5.09,35.12,0,1
-13.66,0.0,34.83,0,0
-13.96,0.0,34.42,0,0
-13.76,0.0,34.11,0,0
-13.27,0.0,33.35,0,0
-13.19,9.92,47.5,0,2
-13.42,0.0,32.93,0,0
-12.95,11.97,44.37,0,2
-14.0,0.0,31.61,0,0
-13.75,6.22,34.61,0,1
-13.09,8.57,31.86,0,2
-13.24,11.59,38.13,1,2
-13.36,7.44,33.67,0,1
-13.78,0.0,33.44,0,0
-13.01,9.62,31.53,0,2
-13.29,5.72,33.3,0,1
-13.61,6.82,33.0,0,1
-13.5,0.0,31.97,0,0
-13.44,7.4,39.42,0,1
-13.26,7.1,34.3,0,1
-13.34,0.0,31.96,0,0
-12.87,8.52,47.1,1,2
-13.62,0.0,34.51,0,0
-13.57,0.0,33.44,0,0
-13.35,6.53,32.87,0,1
-12.63,11.56,43.95,0,2
-12.53,8.78,42.45,1,2
-12.93,11.63,38.88,0,2
-13.16,8.47,33.9,1,2
-12.85,10.32,39.94,1,2
-13.02,11.04,41.43,1,2
-13.28,9.03,33.71,1,2
-13.27,9.57,46.19,0,2
-13.96,0.0,31.77,0,0
-13.73,0.0,31.73,0,0
-12.85,11.25,44.01,1,2
-13.35,5.48,33.56,0,1
-12.97,8.72,47.04,1,2
-13.94,0.0,32.14,0,0
-13.42,6.28,31.99,0,1
-13.37,5.63,38.99,0,1
-13.56,6.65,35.32,0,1
-12.7,10.06,37.03,1,2
-12.84,10.99,48.97,0,2
-13.11,0.0,31.33,0,0
-12.99,9.22,42.19,0,2
-13.26,6.06,39.8,0,1
-13.29,0.0,31.03,0,0
-13.38,5.79,35.57,0,1
-12.78,11.73,31.83,1,2
-13.36,0.0,31.76,0,0
-13.14,0.0,32.27,0,0
-13.71,5.99,37.92,0,1
-12.82,11.69,48.19,0,2
-12.83,8.9,38.36,1,2
-13.86,0.0,32.85,0,0
-13.47,7.76,31.56,0,1
-13.99,0.0,32.09,0,0
-13.57,0.0,34.2,0,0
-13.21,0.0,32.97,0,0
-13.11,0.0,33.4,0,0
-12.84,9.31,45.29,1,2
-12.51,9.06,31.84,1,2
-13.96,0.0,31.24,0,0
-13.22,9.13,48.14,1,2
-13.58,0.0,33.54,0,0
-13.41,0.0,33.01,0,0
-13.26,5.18,36.23,0,1
-13.06,11.42,48.82,1,2
-13.31,0.0,32.57,0,0
-12.82,10.6,41.07,1,2
-13.57,6.97,30.3,0,1
-13.28,5.24,32.88,0,1
-13.44,5.28,33.08,0,1
-13.05,8.15,37.71,1,2
-13.4,5.42,38.64,0,1
-12.93,9.18,40.01,1,2
-13.51,7.95,33.25,0,1
-13.75,6.9,34.35,0,1
-13.72,5.57,34.81,0,1
-13.47,0.0,32.07,0,0
-13.49,6.6,32.11,0,1
-13.62,5.5,32.22,0,1
-13.54,6.37,33.68,0,1
-13.62,5.76,31.85,0,1
-12.97,11.92,37.63,1,2
-13.14,11.34,49.17,1,2
-13.62,6.61,33.03,0,1
-13.29,7.55,39.46,0,1
-13.2,0.0,32.76,0,0
-12.93,10.28,42.85,1,2
-13.63,0.0,30.13,0,0
-13.21,0.0,32.42,0,0
-13.09,11.33,47.37,0,2
-12.9,9.73,44.87,0,2
-12.62,9.55,36.99,1,2
-13.73,6.98,32.13,0,1
-12.91,8.69,39.34,1,2
-13.14,0.0,32.02,0,0
-13.69,6.01,38.22,0,1
-12.83,9.76,34.41,1,2
-13.25,5.47,39.06,0,1
-13.18,9.09,32.87,0,2
-13.59,0.0,33.2,0,0
-13.39,5.97,34.93,0,1
-12.71,9.7,49.75,1,2
-13.19,0.0,33.69,0,0
-13.17,0.0,32.0,0,0
-13.22,0.0,31.02,0,0
-13.8,0.0,33.59,0,0
-12.87,10.65,39.67,1,2
-12.88,10.45,44.22,0,2
-13.52,5.4,33.53,0,1
-13.74,0.0,33.07,0,0
-13.5,0.0,31.03,0,0
-12.67,9.3,45.95,0,2
-12.9,9.04,36.76,0,2
-13.24,0.0,30.11,0,0
-12.5,11.06,42.08,1,2
-12.58,11.78,37.24,0,2
-13.38,6.75,35.41,0,1
-13.66,7.99,33.63,0,1
-13.23,6.95,35.02,0,1
-12.93,11.81,41.3,1,2
-13.91,0.0,31.95,0,0
-13.62,0.0,32.78,0,0
-13.08,9.72,36.36,1,2
-13.66,5.78,36.55,0,1
-13.4,7.88,34.35,0,1
-13.5,7.18,36.6,0,1
-13.62,0.0,34.09,0,0
-12.69,11.51,38.09,0,2
-13.65,5.53,39.03,0,1
-13.13,11.77,34.16,0,2
-13.17,0.0,31.15,0,0
-13.89,0.0,33.93,0,0
-13.44,6.7,37.25,0,1
-12.66,9.99,46.08,0,2
-13.45,0.0,32.91,0,0
-13.1,10.55,42.47,0,2
-12.66,10.53,49.61,0,2
-13.84,0.0,30.16,0,0
-13.35,5.75,32.63,0,1
-13.62,5.95,37.69,0,1
-14.0,0.0,31.89,0,0
-12.58,10.7,32.46,0,2
-13.19,0.0,31.24,0,0
-12.64,10.68,38.92,1,2
-13.71,0.0,33.41,0,0
-13.24,11.03,37.7,0,2
-13.38,6.57,37.56,0,1
-13.1,9.15,46.12,1,2
-13.21,7.44,32.65,0,1
-13.03,11.09,38.25,1,2
-13.33,0.0,30.73,0,0
-12.79,9.65,46.17,0,2
-12.96,9.53,48.94,0,2
-13.23,9.11,48.66,1,2
-13.3,0.0,33.55,0,0
-12.79,10.49,49.14,1,2
-13.4,5.82,32.39,0,1
-12.73,8.95,44.14,0,2
-12.82,10.45,46.77,0,2
-13.75,6.06,31.62,0,1
-12.69,11.71,32.87,1,2
-13.78,5.74,31.67,0,1
-13.26,11.21,40.81,0,2
-13.33,0.0,34.09,0,0
-13.09,0.0,31.76,0,0
-13.19,11.57,46.97,0,2
-13.33,6.08,36.83,0,1
-13.28,10.32,40.73,1,2
-13.02,8.47,31.45,0,2
-13.71,0.0,32.26,0,0
-13.72,7.33,35.48,0,1
-13.15,0.0,31.43,0,0
-13.09,0.0,31.7,0,0
-13.37,0.0,31.89,0,0
-12.79,8.49,49.1,1,2
-13.75,5.18,36.25,0,1
-13.12,0.0,30.94,0,0
-13.62,5.89,39.81,0,1
-13.44,5.61,30.71,0,1
-13.49,0.0,30.46,0,0
-13.35,7.07,32.93,0,1
-13.97,0.0,30.15,0,0
-13.63,0.0,32.8,0,0
-13.3,5.66,30.99,0,1
-13.11,0.0,30.32,0,0
-13.24,7.38,37.83,0,1
-13.19,8.38,48.15,1,2
-13.31,0.0,33.44,0,0
-13.89,0.0,32.52,0,0
-13.27,0.0,30.43,0,0
-13.45,5.39,39.95,0,1
-13.12,0.0,30.52,0,0
-13.73,0.0,32.9,0,0
-13.44,7.53,30.45,0,1
-13.29,7.85,36.8,0,1
-13.65,5.66,36.85,0,1
-13.95,0.0,31.47,0,0
-13.38,5.03,31.48,0,1
-13.44,0.0,34.64,0,0
-13.18,8.31,41.56,0,2
-13.22,5.73,33.04,0,1
-13.72,0.0,32.05,0,0
-12.98,11.97,35.3,1,2
-13.24,0.0,34.06,0,0
-13.72,7.53,36.17,0,1
-13.9,0.0,30.63,0,0
-13.64,7.16,36.22,0,1
-13.42,5.61,30.55,0,1
-13.38,7.14,38.17,0,1
-13.26,7.98,36.89,0,1
-13.32,5.95,36.17,0,1
-13.56,0.0,30.85,0,0
-13.58,5.63,32.04,0,1
-13.55,6.29,34.85,0,1
-12.76,11.47,43.02,1,2
-13.11,0.0,30.1,0,0
-13.51,0.0,32.39,0,0
-13.4,7.83,32.23,0,1
-12.81,9.69,45.31,0,2
-13.76,0.0,34.3,0,0
-13.27,7.58,34.99,0,1
-13.21,0.0,30.37,0,0
-13.43,5.66,36.49,0,1
-13.31,5.3,32.76,0,1
-13.78,7.04,35.82,0,1
-13.57,0.0,32.24,0,0
-13.3,6.7,31.6,0,1
-13.32,7.02,34.8,0,1
-13.03,8.04,42.12,0,2
-13.42,7.29,39.38,0,1
-13.32,7.23,39.41,0,1
-13.11,9.42,35.05,0,2
-13.51,0.0,31.35,0,0
-13.17,9.52,33.73,0,2
-13.63,7.12,30.43,0,1
-13.55,7.75,36.17,0,1
-13.61,5.63,37.43,0,1
-13.56,5.68,35.74,0,1
-13.58,6.97,35.47,0,1
-13.29,6.73,38.24,0,1
-13.1,0.0,34.46,0,0
-13.2,5.46,30.89,0,1
-13.74,0.0,30.91,0,0
-13.0,10.47,41.4,1,2
-13.3,0.0,34.52,0,0
-13.24,0.0,31.77,0,0
-13.36,5.91,35.85,0,1
-13.68,0.0,33.13,0,0
-13.77,0.0,33.34,0,0
-12.77,8.86,38.78,0,2
-12.63,9.14,33.22,0,2
-13.32,5.5,39.57,0,1
-13.16,11.03,40.32,0,2
-13.04,0.0,30.4,0,0
-12.81,9.05,31.82,0,2
-12.76,8.84,34.71,0,2
-12.7,10.29,46.74,1,2
-12.85,10.74,44.83,0,2
-12.93,11.48,40.25,1,2
-13.08,0.0,30.38,0,0
-13.41,6.37,31.81,0,1
-13.61,6.8,38.87,0,1
-13.21,0.0,33.09,0,0
-12.65,8.85,35.28,1,2
-13.67,7.83,39.53,0,1
-12.75,9.92,44.31,0,2
-13.71,0.0,31.87,0,0
-13.17,8.69,39.03,1,2
-13.85,0.0,30.09,0,0
-13.63,7.71,31.19,0,1
-13.28,0.0,34.35,0,0
-13.29,10.26,48.36,0,2
-13.11,11.21,46.15,1,2
-13.52,0.0,34.37,0,0
-13.45,0.0,30.63,0,0
-13.13,0.0,33.19,0,0
-13.13,0.0,32.49,0,0
-13.43,5.95,37.78,0,1
-13.33,7.37,35.83,0,1
-13.76,0.0,33.61,0,0
-13.29,6.1,31.87,0,1
-13.66,0.0,34.03,0,0
-13.65,5.94,36.45,0,1
-13.29,7.36,30.77,0,1
-12.96,11.15,34.14,1,2
-12.8,8.94,45.31,1,2
-13.75,0.0,32.93,0,0
-12.54,8.16,35.13,0,2
-13.41,7.31,33.6,0,1
-12.92,8.14,32.62,0,2
-13.07,0.0,33.13,0,0
-13.63,6.86,39.79,0,1
-12.92,9.85,49.96,1,2
-13.51,5.45,33.93,0,1
-13.58,7.7,38.86,0,1
-12.95,10.8,49.78,0,2
-13.7,7.1,32.14,0,1
-13.24,9.9,44.78,0,2
-12.73,11.36,32.88,0,2
-13.15,9.3,34.06,1,2
-13.48,7.73,38.3,0,1
-13.04,11.5,39.05,1,2
-13.41,0.0,34.63,0,0
-13.4,0.0,33.48,0,0
-13.27,11.54,34.09,1,2
-13.22,5.04,39.82,0,1
-13.26,10.16,47.8,1,2
-13.73,7.16,39.05,0,1
-13.37,5.84,37.72,0,1
-13.38,0.0,30.97,0,0
-13.84,0.0,32.54,0,0
-13.22,9.39,47.09,0,2
-13.56,7.42,36.56,0,1
-13.04,11.51,39.92,1,2
-13.15,8.7,48.32,0,2
-13.0,10.61,48.38,0,2
-13.24,0.0,33.33,0,0
-12.95,10.57,40.93,1,2
-13.74,0.0,33.73,0,0
-13.42,6.06,31.46,0,1
-13.69,0.0,33.63,0,0
-13.24,5.56,32.45,0,1
-12.62,11.8,41.85,1,2
-13.27,10.32,35.33,0,2
-13.23,9.67,47.3,1,2
-13.21,6.69,33.02,0,1
-13.63,0.0,31.33,0,0
-13.13,0.0,31.43,0,0
-13.34,0.0,33.06,0,0
-13.62,7.65,36.01,0,1
-13.64,0.0,33.01,0,0
-12.55,11.43,44.35,1,2
-12.95,11.12,38.43,0,2
-13.62,6.16,36.15,0,1
-13.2,8.84,42.97,1,2
-13.22,8.2,36.23,1,2
-12.68,8.62,30.04,1,2
-13.79,0.0,31.46,0,0
-13.34,5.8,36.63,0,1
-13.49,7.95,30.47,0,1
-13.35,0.0,34.46,0,0
-13.75,0.0,31.17,0,0
-12.51,10.48,42.06,0,2
-13.74,7.1,34.9,0,1
-13.59,6.62,38.04,0,1
-13.03,0.0,31.6,0,0
-13.73,7.23,33.84,0,1
-13.36,0.0,34.54,0,0
-13.5,0.0,31.43,0,0
-12.93,10.25,44.19,0,2
-12.63,8.42,37.91,0,2
-13.79,0.0,33.9,0,0
-13.03,11.53,47.22,1,2
-12.82,11.27,44.09,1,2
-13.43,7.49,37.99,0,1
-13.44,7.89,37.46,0,1
-13.28,11.61,43.02,1,2
-13.2,6.55,32.68,0,1
-13.28,10.01,40.15,0,2
-12.92,10.7,44.35,1,2
-13.54,7.14,33.35,0,1
-13.25,6.81,38.48,0,1
-13.75,0.0,31.19,0,0
-12.72,8.7,30.53,1,2
-12.87,8.6,45.45,1,2
-13.75,7.16,36.03,0,1
-13.77,7.96,30.23,0,1
-13.26,10.48,34.33,1,2
-13.85,0.0,33.59,0,0
-13.44,0.0,31.13,0,0
-13.52,5.04,30.29,0,1
-13.1,8.88,35.31,0,2
-13.25,9.29,36.15,0,2
-13.06,8.37,49.99,0,2
-13.85,0.0,33.41,0,0
-13.58,0.0,33.29,0,0
-13.48,0.0,33.83,0,0
-13.36,0.0,30.17,0,0
-12.81,9.8,49.49,0,2
-13.63,5.58,30.98,0,1
-13.3,7.92,36.21,0,1
-13.23,0.0,32.38,0,0
-12.77,9.79,34.56,1,2
-13.72,5.99,37.69,0,1
-13.15,0.0,33.3,0,0
-13.78,7.91,38.75,0,1
-13.28,5.09,31.9,0,1
-12.73,11.76,35.29,0,2
-13.54,0.0,33.43,0,0
-12.59,9.38,31.86,1,2
-12.63,9.67,48.43,0,2
-13.08,0.0,30.61,0,0
-12.96,9.81,31.08,1,2
-13.79,5.14,36.07,0,1
-13.22,11.62,41.32,1,2
-13.67,0.0,30.53,0,0
-13.07,9.99,33.24,1,2
-13.65,0.0,32.32,0,0
-13.33,7.26,38.51,0,1
-12.99,10.19,36.74,1,2
-13.34,0.0,34.16,0,0
-13.7,6.1,38.41,0,1
-12.71,10.29,34.44,1,2
-13.46,6.32,36.16,0,1
-13.71,6.57,34.49,0,1
-13.03,0.0,31.29,0,0
-13.53,0.0,33.76,0,0
-13.14,9.4,36.44,1,2
-13.89,0.0,34.5,0,0
-13.25,7.31,33.79,0,1
-13.0,10.18,33.0,1,2
-13.87,0.0,33.92,0,0
-13.3,0.0,34.05,0,0
-12.71,8.44,30.67,1,2
-13.4,0.0,34.55,0,0
-12.59,9.07,34.39,1,2
-13.09,11.58,31.54,0,2
-13.54,5.61,33.18,0,1
-12.81,8.13,48.82,1,2
-12.68,9.99,33.67,0,2
-12.52,10.42,43.66,1,2
-13.79,0.0,33.56,0,0
-13.44,6.72,38.2,0,1
-13.16,9.69,37.79,0,2
-12.79,9.27,35.99,1,2
-13.67,0.0,30.88,0,0
-13.27,0.0,33.35,0,0
-13.61,5.53,30.78,0,1
-13.28,5.42,38.8,0,1
-13.79,7.57,32.2,0,1
-12.5,9.99,38.52,0,2
-13.81,0.0,30.45,0,0
-13.6,0.0,31.82,0,0
-13.49,0.0,33.17,0,0
-13.22,0.0,30.27,0,0
-13.32,7.71,39.08,0,1
-13.79,0.0,32.74,0,0
-12.86,8.06,47.81,0,2
-13.11,0.0,32.03,0,0
-13.73,0.0,34.46,0,0
-13.2,10.47,39.45,1,2
-13.67,7.45,37.5,0,1
-13.45,6.78,37.58,0,1
-13.09,8.43,40.49,0,2
-13.08,9.34,33.25,1,2
-13.5,5.24,37.65,0,1
-13.1,10.51,30.02,1,2
-13.32,0.0,32.85,0,0
-13.09,11.13,45.68,1,2
-12.74,9.57,34.33,1,2
-13.26,8.74,39.4,0,2
-12.63,8.57,48.86,1,2
-13.99,0.0,34.93,0,0
-13.27,6.41,39.36,0,1
-12.56,8.12,32.2,0,2
-12.78,10.43,44.41,1,2
-13.72,0.0,33.33,0,0
-13.3,7.63,30.97,0,1
-12.61,9.83,41.16,0,2
-12.89,9.91,38.32,0,2
-12.87,11.07,44.72,0,2
-13.25,0.0,34.75,0,0
-13.3,6.42,35.23,0,1
-13.71,7.51,30.7,0,1
-13.24,6.86,30.18,0,1
-12.59,10.94,42.37,1,2
-13.29,10.63,35.43,0,2
-13.49,0.0,34.3,0,0
-13.05,0.0,34.39,0,0
-13.74,5.48,38.53,0,1
-13.02,8.25,42.68,1,2
-13.52,7.45,37.53,0,1
-13.34,6.77,32.14,0,1
-13.76,5.18,38.76,0,1
-13.11,0.0,30.07,0,0
-13.72,0.0,33.48,0,0
-13.7,6.98,31.39,0,1
-13.72,5.69,37.04,0,1
-13.51,5.32,36.25,0,1
-13.57,5.64,37.29,0,1
-13.8,0.0,34.86,0,0
-13.02,0.0,31.6,0,0
-13.02,0.0,34.95,0,0
-13.78,5.41,31.09,0,1
-13.25,5.3,30.2,0,1
-13.1,9.78,47.61,1,2
-13.6,6.84,30.72,0,1
-12.73,9.9,35.37,0,2
-13.09,0.0,33.14,0,0
-13.27,0.0,31.49,0,0
-13.22,6.93,32.45,0,1
-12.54,10.37,35.73,1,2
-13.01,11.2,33.39,1,2
-13.66,5.58,32.81,0,1
-13.03,10.57,30.65,0,2
-13.0,9.32,48.2,1,2
-13.06,0.0,32.65,0,0
-13.12,10.73,32.41,1,2
-13.51,6.6,30.93,0,1
-13.6,7.96,39.49,0,1
-13.22,9.1,34.45,0,2
-13.03,0.0,31.75,0,0
-13.38,5.17,30.75,0,1
-13.4,7.39,33.86,0,1
-12.86,9.88,36.48,1,2
-13.38,5.47,34.46,0,1
-13.27,8.05,42.68,0,2
-13.48,6.05,33.99,0,1
-12.57,8.39,49.75,1,2
-13.4,5.38,36.36,0,1
-13.91,0.0,33.07,0,0
-13.42,5.17,39.2,0,1
-13.06,10.31,42.85,0,2
-13.26,5.53,31.03,0,1
-13.26,11.27,43.99,0,2
-13.61,5.57,33.61,0,1
-13.33,0.0,31.77,0,0
-13.28,0.0,31.76,0,0
-13.21,0.0,30.03,0,0
-13.63,7.7,34.54,0,1
-13.69,0.0,30.76,0,0
-12.93,8.22,43.96,1,2
-13.08,11.0,46.56,0,2
-13.08,9.23,37.45,1,2
-13.5,0.0,33.81,0,0
-12.57,11.69,44.71,1,2
-13.26,7.47,33.42,0,1
-13.58,6.93,36.27,0,1
-13.08,9.43,50.0,0,2
-12.91,8.23,37.57,1,2
-13.32,0.0,34.09,0,0
-13.53,5.12,32.67,0,1
-12.9,10.87,45.59,0,2
-13.29,11.04,36.95,1,2
-13.86,0.0,30.78,0,0
-13.94,0.0,32.19,0,0
-13.41,6.93,35.97,0,1
-13.22,0.0,31.71,0,0
-13.48,6.41,39.97,0,1
-13.29,5.96,37.9,0,1
-12.96,11.28,35.88,0,2
-12.94,9.59,32.34,1,2
-13.52,6.56,31.51,0,1
-13.2,8.35,30.09,0,2
-13.07,0.0,31.43,0,0
-12.66,9.65,34.36,1,2
-13.19,10.99,48.24,1,2
-13.71,5.41,38.74,0,1
-13.6,5.34,32.43,0,1
-13.07,0.0,34.27,0,0
-13.49,0.0,32.99,0,0
-13.5,7.65,38.98,0,1
-12.66,10.58,44.65,1,2
-13.12,0.0,33.64,0,0
-13.64,0.0,30.03,0,0
-13.86,0.0,34.51,0,0
-13.0,10.86,39.34,0,2
-13.21,0.0,31.97,0,0
-13.36,0.0,32.14,0,0
-13.42,0.0,34.11,0,0
-12.76,9.34,38.28,1,2
-13.72,0.0,33.88,0,0
-12.63,11.69,33.58,0,2
-13.33,0.0,32.28,0,0
-12.77,10.97,33.17,1,2
-13.31,0.0,34.94,0,0
-13.65,6.1,38.32,0,1
-13.65,6.56,35.85,0,1
-13.08,0.0,33.89,0,0
-13.67,0.0,33.85,0,0
-13.13,9.02,44.18,1,2
-12.81,8.5,46.39,1,2
-13.31,7.86,38.62,0,1
-12.59,8.19,46.98,0,2
-13.28,10.02,31.3,1,2
-13.1,8.78,34.06,1,2
-13.5,7.79,36.12,0,1
-13.51,0.0,30.49,0,0
-13.34,0.0,34.0,0,0
-13.1,10.19,46.58,0,2
-13.56,5.38,30.27,0,1
-13.46,5.75,39.76,0,1
-13.13,0.0,32.25,0,0
-13.01,8.13,47.54,1,2
-12.85,8.74,47.99,0,2
-13.13,11.94,43.97,0,2
-13.54,0.0,31.6,0,0
-13.05,11.67,33.57,1,2
-13.67,0.0,32.45,0,0
-13.05,0.0,33.26,0,0
-12.93,9.27,35.64,0,2
-13.8,0.0,30.64,0,0
-13.68,7.62,35.56,0,1
-13.5,0.0,32.3,0,0
-12.5,9.07,41.69,0,2
-13.46,0.0,33.32,0,0
-12.8,8.47,35.49,0,2
-13.18,0.0,32.5,0,0
-13.15,0.0,34.1,0,0
-12.67,11.73,33.41,1,2
-12.75,11.0,35.03,0,2
-13.73,6.21,32.41,0,1
-13.14,0.0,34.15,0,0
-12.62,10.87,34.29,0,2
-12.56,10.5,40.25,0,2
-13.94,0.0,30.66,0,0
-13.24,9.83,49.46,1,2
-13.49,5.33,39.25,0,1
-13.48,0.0,32.17,0,0
-13.98,0.0,30.91,0,0
-13.7,0.0,30.02,0,0
-13.16,0.0,32.65,0,0
-13.87,0.0,34.27,0,0
-13.78,5.48,32.6,0,1
-13.96,0.0,30.65,0,0
-13.64,0.0,32.94,0,0
-12.89,8.24,38.76,1,2
-13.59,5.59,32.42,0,1
-13.57,5.7,31.52,0,1
-14.0,0.0,34.51,0,0
-13.7,5.27,36.86,0,1
-12.76,11.4,37.01,0,2
-13.26,0.0,33.75,0,0
-12.94,11.66,40.67,1,2
-12.87,9.16,30.15,1,2
-13.04,9.4,34.82,1,2
-13.57,6.5,39.66,0,1
-13.56,0.0,31.06,0,0
-13.01,0.0,30.44,0,0
-13.24,6.76,37.63,0,1
-13.75,6.16,31.69,0,1
-13.17,0.0,34.52,0,0
-13.6,0.0,32.43,0,0
-13.66,7.32,34.71,0,1
-13.8,0.0,33.02,0,0
-13.75,6.83,31.52,0,1
-13.28,0.0,32.0,0,0
-13.01,10.77,44.1,1,2
-13.64,0.0,32.47,0,0
-13.74,0.0,33.75,0,0
-12.89,8.71,42.15,1,2
-12.57,10.36,32.77,1,2
-12.72,8.18,44.39,0,2
-12.74,9.66,47.46,0,2
-13.13,0.0,30.81,0,0
-12.55,9.65,40.64,1,2
-12.96,9.49,39.84,0,2
-13.23,5.0,32.22,0,1
-13.47,6.75,35.63,0,1
-13.29,6.29,39.64,0,1
-13.73,5.4,30.99,0,1
-13.32,0.0,32.58,0,0
-12.73,10.14,34.18,0,2
-13.64,5.68,34.33,0,1
-13.24,6.25,37.94,0,1
-13.63,5.41,34.68,0,1
-13.72,0.0,33.13,0,0
-13.4,5.7,31.16,0,1
-13.52,0.0,34.37,0,0
-13.42,7.55,33.11,0,1
-13.84,0.0,31.2,0,0
-13.04,11.29,46.64,0,2
-13.15,8.74,41.22,0,2
-12.91,11.2,48.46,1,2
-13.58,7.48,32.76,0,1
-13.44,7.44,36.31,0,1
-13.72,0.0,32.13,0,0
-13.74,0.0,31.84,0,0
-13.17,0.0,31.3,0,0
-13.39,5.07,35.78,0,1
-13.47,5.33,34.86,0,1
-13.73,0.0,31.1,0,0
-12.88,9.36,49.4,1,2
-12.64,11.57,39.73,1,2
-13.8,0.0,34.6,0,0
-13.98,0.0,34.86,0,0
-13.31,0.0,30.34,0,0
-13.24,5.15,39.6,0,1
-13.13,10.11,31.93,0,2
-13.71,6.2,33.96,0,1
-13.1,11.48,36.36,0,2
-12.99,8.85,43.94,0,2
-13.76,7.92,31.7,0,1
-13.29,8.61,44.12,1,2
-13.1,11.38,45.43,0,2
-12.99,11.94,46.71,0,2
-13.58,0.0,32.44,0,0
-12.72,9.69,35.73,1,2
-13.8,0.0,32.07,0,0
-13.69,0.0,33.3,0,0
-13.71,5.01,37.23,0,1
-13.03,0.0,31.77,0,0
-13.17,0.0,32.53,0,0
-13.7,6.94,39.94,0,1
-13.35,7.41,31.11,0,1
-12.52,10.91,41.4,0,2
-12.87,8.9,32.85,1,2
-13.85,0.0,30.55,0,0
-12.87,8.54,32.11,0,2
-12.65,9.26,44.21,0,2
-12.51,10.91,47.38,1,2
-13.61,6.24,35.72,0,1
-13.9,0.0,34.7,0,0
-13.01,9.55,37.8,1,2
-13.58,0.0,34.0,0,0
-13.47,6.38,35.64,0,1
-12.8,11.14,41.09,0,2
-13.17,9.11,33.79,0,2
-13.3,7.19,32.68,0,1
-13.05,8.09,36.64,1,2
-13.52,7.11,31.3,0,1
-13.28,5.28,33.57,0,1
-12.79,10.88,36.3,0,2
-13.8,0.0,31.45,0,0
-13.68,0.0,30.18,0,0
-13.48,5.11,32.7,0,1
-12.95,11.57,37.91,1,2
-13.23,8.25,45.29,0,2
-12.63,8.63,30.75,1,2
-13.79,7.73,32.45,0,1
-13.69,0.0,33.28,0,0
-13.55,6.37,33.11,0,1
-13.58,5.77,35.6,0,1
-13.2,11.51,47.4,1,2
-13.02,9.62,36.28,1,2
-13.85,0.0,33.01,0,0
-13.64,0.0,34.32,0,0
-12.67,9.93,35.67,1,2
-13.57,0.0,32.77,0,0
-13.76,0.0,31.91,0,0
-13.31,7.84,36.09,0,1
-12.8,10.6,34.27,0,2
-12.53,8.06,37.48,1,2
-13.38,0.0,34.22,0,0
-13.74,0.0,31.24,0,0
-13.51,5.98,31.33,0,1
-13.57,7.33,33.1,0,1
-12.79,11.88,30.04,1,2
-13.53,6.85,33.75,0,1
-12.7,8.27,39.1,1,2
-12.75,9.13,31.43,0,2
-12.92,11.36,45.15,0,2
-13.18,0.0,30.55,0,0
-13.58,7.13,36.41,0,1
-13.85,0.0,30.45,0,0
-13.73,0.0,32.89,0,0
-13.02,8.95,31.15,0,2
-13.41,7.2,32.56,0,1
-13.26,11.75,36.16,0,2
-13.32,5.57,32.65,0,1
-13.78,0.0,30.52,0,0
-13.44,0.0,30.12,0,0
-12.94,11.04,35.07,0,2
-13.39,7.93,37.32,0,1
-13.18,11.18,49.23,1,2
-13.39,7.13,36.23,0,1
-13.54,7.37,32.04,0,1
-13.21,8.07,31.96,1,2
-12.96,11.52,33.74,0,2
-13.25,6.25,32.28,0,1
-12.96,8.83,38.98,0,2
-13.48,0.0,32.79,0,0
-13.03,9.42,46.08,0,2
-13.59,0.0,32.78,0,0
-13.2,0.0,30.83,0,0
-13.42,7.87,36.54,0,1
-13.33,6.32,36.27,0,1
-13.07,0.0,31.43,0,0
-12.73,9.59,35.69,1,2
-13.27,6.88,37.31,0,1
-13.19,10.28,34.92,0,2
-12.64,10.57,30.32,0,2
-13.26,7.52,39.13,0,1
-13.72,5.57,37.12,0,1
-12.79,11.49,39.22,0,2
-13.19,0.0,33.43,0,0
-13.29,5.67,38.03,0,1
-12.74,9.35,33.14,1,2
-13.15,11.28,49.36,0,2
-13.51,7.57,30.07,0,1
-13.3,0.0,33.69,0,0
-13.62,0.0,32.25,0,0
-13.94,0.0,31.78,0,0
-13.19,8.09,39.03,0,2
-13.35,0.0,32.87,0,0
-13.38,7.79,30.73,0,1
-13.73,6.94,33.75,0,1
-13.92,0.0,33.68,0,0
-12.88,8.07,32.09,1,2
-13.12,0.0,32.19,0,0
-12.65,11.85,35.2,1,2
-13.39,6.9,32.31,0,1
-13.71,7.68,39.47,0,1
-13.14,11.55,46.31,1,2
-13.44,0.0,31.41,0,0
-12.78,11.3,43.76,1,2
-13.23,0.0,30.77,0,0
-13.46,0.0,30.78,0,0
-13.5,6.18,31.74,0,1
-13.72,7.42,34.24,0,1
-13.49,0.0,32.04,0,0
-13.68,6.0,37.91,0,1
-13.36,6.9,34.91,0,1
-13.58,0.0,33.55,0,0
-13.5,7.6,37.09,0,1
-13.2,5.63,38.68,0,1
-13.41,0.0,31.68,0,0
-13.51,6.21,30.73,0,1
-13.24,7.26,36.46,0,1
-13.61,0.0,34.77,0,0
-12.57,10.21,48.4,0,2
-13.3,10.43,47.18,0,2
-13.32,5.3,34.64,0,1
-13.29,5.04,32.05,0,1
-12.89,8.94,44.65,1,2
-13.44,0.0,33.94,0,0
-13.27,5.91,33.11,0,1
-13.3,6.09,32.62,0,1
-13.43,0.0,34.6,0,0
-13.36,7.23,32.96,0,1
-13.9,0.0,31.35,0,0
-12.61,9.26,37.65,0,2
-12.91,11.39,46.04,0,2
-13.11,0.0,30.61,0,0
-12.71,11.16,44.81,1,2
-13.75,0.0,34.71,0,0
-13.34,6.79,38.79,0,1
-13.2,8.27,39.32,0,2
-13.33,6.21,37.17,0,1
-13.31,5.39,35.86,0,1
-13.19,0.0,30.84,0,0
-13.69,0.0,32.52,0,0
-13.03,9.55,44.59,0,2
-13.55,6.1,31.33,0,1
-13.98,0.0,31.0,0,0
-13.01,10.6,38.96,1,2
-13.2,8.42,34.76,0,2
-13.64,7.57,31.21,0,1
-13.42,5.23,38.22,0,1
-12.93,9.39,42.47,1,2
-12.56,10.31,37.13,1,2
-13.91,0.0,34.89,0,0
-13.58,0.0,34.69,0,0
-13.24,0.0,34.19,0,0
-13.28,0.0,31.44,0,0
-13.18,11.98,40.07,1,2
-13.58,5.85,39.45,0,1
-13.55,0.0,30.18,0,0
-13.14,0.0,32.49,0,0
-13.42,6.62,36.73,0,1
-13.28,10.29,39.65,0,2
-12.96,10.55,48.25,1,2
-13.23,9.66,30.83,1,2
-13.59,0.0,31.53,0,0
-13.1,0.0,30.2,0,0
-13.29,7.48,34.94,0,1
-13.31,5.2,32.83,0,1
-13.66,6.12,32.66,0,1
-13.37,5.0,38.61,0,1
-12.94,10.25,43.67,0,2
-13.37,0.0,31.37,0,0
-13.3,6.74,32.98,0,1
-13.09,0.0,30.66,0,0
-13.18,10.43,30.75,0,2
-13.53,5.32,38.16,0,1
-13.34,5.15,30.32,0,1
-13.02,10.84,44.53,1,2
-13.43,0.0,33.69,0,0
-13.43,0.0,31.03,0,0
-12.68,10.19,45.58,1,2
-13.87,0.0,33.97,0,0
-13.5,0.0,32.2,0,0
-12.66,9.38,35.59,1,2
-12.68,10.75,38.5,1,2
-13.58,6.61,38.11,0,1
-13.14,8.65,30.41,0,2
-13.61,6.55,36.13,0,1
-13.88,0.0,33.37,0,0
-13.75,6.85,39.21,0,1
-12.88,10.86,42.54,0,2
-13.96,0.0,34.23,0,0
-13.5,0.0,34.7,0,0
-13.78,0.0,30.09,0,0
-13.46,0.0,32.54,0,0
-13.23,0.0,31.94,0,0
-13.43,7.41,36.43,0,1
-13.47,0.0,30.61,0,0
-13.09,0.0,32.25,0,0
-12.7,8.47,45.95,1,2
-13.59,6.11,33.98,0,1
-13.21,7.18,34.49,0,1
-13.72,0.0,32.66,0,0
-13.18,0.0,33.51,0,0
-13.22,6.73,31.3,0,1
-13.31,5.98,32.08,0,1
-12.52,11.1,37.24,0,2
-13.07,9.14,33.57,0,2
-13.13,0.0,33.93,0,0
-13.57,0.0,32.43,0,0
-13.71,0.0,34.23,0,0
-13.42,5.52,37.08,0,1
-13.66,7.37,36.56,0,1
-12.71,8.02,36.31,1,2
-13.68,7.31,34.45,0,1
-13.65,7.05,31.58,0,1
-12.84,11.44,49.27,0,2
-13.06,10.64,32.7,1,2
-13.64,0.0,31.32,0,0
-13.09,10.31,36.27,0,2
-13.04,0.0,30.86,0,0
-12.69,9.62,32.92,0,2
-13.21,0.0,33.06,0,0
-13.79,0.0,30.88,0,0
-12.65,11.05,38.38,0,2
-12.64,9.49,34.16,0,2
-13.27,10.63,30.35,0,2
-13.16,8.89,36.55,1,2
-13.49,7.02,31.98,0,1
-13.7,0.0,33.31,0,0
-13.27,0.0,31.92,0,0
-12.95,8.63,39.1,0,2
-13.72,0.0,32.49,0,0
-13.58,0.0,32.75,0,0
-13.61,0.0,34.93,0,0
-13.55,5.45,32.76,0,1
-13.44,0.0,32.97,0,0
-13.46,5.98,33.04,0,1
-12.62,9.47,36.9,1,2
-13.52,5.51,32.46,0,1
-13.39,6.63,31.53,0,1
-13.7,6.26,33.23,0,1
-13.17,9.73,48.68,0,2
-12.6,8.64,35.48,0,2
-13.2,5.86,34.83,0,1
-12.75,8.93,43.0,0,2
-13.59,5.89,30.34,0,1
-13.49,0.0,33.81,0,0
-13.1,0.0,31.56,0,0
-12.94,8.55,31.58,1,2
-13.43,0.0,31.52,0,0
-13.29,5.75,32.89,0,1
-13.8,6.14,38.31,0,1
-13.69,5.83,35.78,0,1
-13.45,7.48,33.29,0,1
-13.09,9.43,30.91,0,2
-13.66,6.55,38.61,0,1
-13.7,6.9,36.02,0,1
-13.52,5.37,35.55,0,1
-13.69,0.0,31.02,0,0
-12.81,8.68,30.34,1,2
-13.3,8.56,46.03,1,2
-12.69,9.77,39.29,1,2
-13.41,6.66,39.86,0,1
-13.64,7.93,34.67,0,1
-13.58,0.0,33.91,0,0
-13.87,0.0,31.06,0,0
-13.5,0.0,31.88,0,0
-13.44,0.0,31.04,0,0
-13.89,0.0,31.09,0,0
-12.67,11.48,38.27,1,2
-13.12,0.0,34.41,0,0
-13.73,6.79,30.21,0,1
-13.6,5.52,33.14,0,1
-13.69,6.69,35.29,0,1
-13.77,0.0,32.2,0,0
-13.62,5.1,36.99,0,1
-13.39,5.26,39.8,0,1
-13.45,6.27,31.64,0,1
-13.94,0.0,34.36,0,0
-13.25,9.94,39.04,1,2
-13.93,0.0,33.75,0,0
-13.45,6.72,32.55,0,1
-13.26,8.92,47.18,0,2
-13.82,0.0,32.22,0,0
-12.59,8.4,41.53,1,2
-12.97,9.51,37.0,0,2
-13.34,7.27,31.69,0,1
-13.04,8.78,42.79,0,2
-13.49,6.04,31.76,0,1
-12.81,8.34,47.3,0,2
-13.35,7.05,33.44,0,1
-13.02,10.1,36.72,0,2
-13.86,0.0,30.36,0,0
-12.84,10.53,43.4,0,2
-13.27,7.27,30.64,0,1
-13.17,10.63,48.45,0,2
-12.64,10.75,39.06,0,2
-13.99,0.0,31.81,0,0
-13.16,9.76,32.94,0,2
-13.71,7.7,34.05,0,1
-13.37,0.0,34.26,0,0
-13.26,5.25,33.26,0,1
-13.95,0.0,34.54,0,0
-13.24,7.74,39.25,0,1
-12.84,10.73,37.93,0,2
-13.71,7.65,35.93,0,1
-13.45,0.0,32.77,0,0
-12.71,9.26,34.3,0,2
-12.91,11.88,46.53,0,2
-13.59,6.42,33.91,0,1
-13.41,5.17,31.0,0,1
-13.25,8.25,38.49,1,2
-13.36,0.0,33.87,0,0
-13.07,0.0,30.87,0,0
-13.78,5.19,34.59,0,1
-13.63,0.0,33.68,0,0
-13.52,0.0,32.0,0,0
-13.05,0.0,31.35,0,0
-13.76,6.15,33.96,0,1
-12.73,8.42,41.91,1,2
-13.58,0.0,33.56,0,0
-13.28,11.28,37.38,0,2
-12.58,8.11,46.66,0,2
-13.25,8.26,40.58,0,2
-13.93,0.0,34.19,0,0
-13.01,9.16,40.96,1,2
-13.54,6.48,34.43,0,1
-13.13,10.61,42.68,1,2
-13.38,5.25,30.56,0,1
-13.7,5.62,33.24,0,1
-13.36,0.0,33.19,0,0
-12.9,10.94,39.29,1,2
-13.01,10.6,43.53,1,2
-12.55,9.89,45.86,1,2
-13.25,5.64,38.05,0,1
-13.33,6.91,36.75,0,1
-13.06,8.2,38.12,0,2
-12.99,11.94,32.04,1,2
-13.08,0.0,34.45,0,0
-13.43,7.38,35.17,0,1
-13.23,6.14,38.89,0,1
-13.86,0.0,33.87,0,0
-13.53,0.0,31.97,0,0
-13.77,6.34,30.14,0,1
-12.87,9.28,44.5,0,2
-13.8,0.0,30.83,0,0
-13.32,6.25,38.24,0,1
-13.47,7.79,37.63,0,1
-13.37,5.86,32.98,0,1
-12.71,9.14,35.37,1,2
-12.98,10.67,37.28,0,2
-13.21,6.87,39.32,0,1
-13.15,8.59,40.62,0,2
-13.94,0.0,34.53,0,0
-13.6,0.0,32.56,0,0
-13.76,5.52,37.68,0,1
-13.32,6.14,39.71,0,1
-13.26,11.53,33.92,0,2
-13.32,7.14,33.29,0,1
-12.79,11.65,47.84,0,2
-13.75,7.12,38.33,0,1
-13.41,0.0,30.26,0,0
-13.26,6.37,36.68,0,1
-13.04,0.0,34.87,0,0
-13.62,0.0,34.21,0,0
-13.48,5.97,31.52,0,1
-13.22,7.06,32.09,0,1
-13.54,6.62,32.17,0,1
-13.03,0.0,33.51,0,0
-13.76,0.0,34.69,0,0
-13.97,0.0,30.29,0,0
-13.69,0.0,33.85,0,0
-13.08,10.07,34.54,0,2
-13.49,0.0,32.81,0,0
-13.3,0.0,32.62,0,0
-13.17,8.57,49.27,1,2
-13.47,0.0,32.28,0,0
-13.01,0.0,30.21,0,0
-13.73,7.58,30.66,0,1
-12.84,10.31,31.31,0,2
-13.55,7.73,34.11,0,1
-13.72,0.0,33.02,0,0
-13.22,6.11,36.03,0,1
-13.83,0.0,31.83,0,0
-13.86,0.0,32.18,0,0
-13.42,0.0,30.35,0,0
-13.2,0.0,31.71,0,0
-12.96,9.74,33.59,0,2
-13.64,6.89,34.74,0,1
-13.6,7.4,37.7,0,1
-13.35,0.0,34.39,0,0
-13.66,0.0,31.46,0,0
-12.51,9.42,31.42,1,2
-12.59,10.33,43.97,0,2
-13.91,0.0,32.21,0,0
-13.33,5.88,33.72,0,1
-13.48,0.0,33.58,0,0
-12.97,10.48,43.03,1,2
-13.42,0.0,34.05,0,0
-13.77,0.0,34.34,0,0
-12.62,10.03,31.22,0,2
-13.41,6.93,39.56,0,1
-13.15,8.33,48.27,0,2
-13.41,6.74,30.72,0,1
-12.89,9.71,33.58,0,2
-13.62,7.68,37.24,0,1
-13.34,0.0,34.79,0,0
-13.25,11.17,44.23,0,2
-13.33,6.75,35.33,0,1
-13.21,7.35,34.64,0,1
-13.67,6.24,33.44,0,1
-13.36,5.61,30.57,0,1
-12.75,9.66,36.74,1,2
-13.32,0.0,30.82,0,0
-13.38,6.97,38.49,0,1
-13.26,0.0,31.57,0,0
-13.7,0.0,33.88,0,0
-13.79,0.0,34.94,0,0
-13.13,11.46,45.47,0,2
-12.61,11.27,41.65,1,2
-13.32,5.49,36.38,0,1
-12.62,10.11,31.92,1,2
-13.53,5.55,38.28,0,1
-13.27,6.89,35.25,0,1
-13.01,0.0,34.96,0,0
-12.79,8.51,49.28,0,2
-13.12,0.0,31.26,0,0
-13.96,0.0,34.06,0,0
-13.77,0.0,33.48,0,0
-13.23,0.0,34.25,0,0
-13.5,0.0,32.47,0,0
-13.45,5.62,31.88,0,1
-13.77,7.56,35.93,0,1
-13.21,5.53,33.28,0,1
-13.29,0.0,32.28,0,0
-12.62,8.12,33.37,0,2
-13.08,8.54,45.6,1,2
-13.24,5.01,30.03,0,1
-13.25,8.62,45.93,0,2
-13.06,0.0,34.66,0,0
-13.26,5.53,39.22,0,1
-13.38,0.0,30.03,0,0
-13.15,10.77,36.19,1,2
-13.31,6.3,39.86,0,1
-13.38,7.04,37.9,0,1
-13.4,0.0,30.01,0,0
-13.11,9.65,43.58,0,2
-12.51,8.07,34.8,0,2
-12.62,9.27,33.76,0,2
-13.79,5.32,31.41,0,1
-13.73,6.21,31.67,0,1
-12.84,8.27,49.62,0,2
-12.95,9.11,49.47,1,2
-13.29,0.0,31.05,0,0
-13.29,10.07,31.47,1,2
-13.3,7.06,31.57,0,1
-13.35,0.0,30.74,0,0
-12.83,9.2,33.54,1,2
-12.87,11.15,41.54,0,2
-13.37,6.15,36.82,0,1
-13.06,8.49,48.57,0,2
-12.98,11.36,31.46,0,2
-13.2,10.19,46.49,0,2
-12.52,10.45,44.54,1,2
-13.62,0.0,32.61,0,0
-12.59,8.64,36.75,0,2
-13.63,0.0,31.86,0,0
-12.61,8.92,33.74,0,2
-13.24,10.08,37.04,1,2
-13.21,0.0,31.5,0,0
-13.77,7.28,37.73,0,1
-13.35,0.0,33.67,0,0
-13.8,0.0,32.99,0,0
-13.43,0.0,30.23,0,0
-13.78,0.0,30.12,0,0
-13.27,9.25,42.43,0,2
-12.91,8.46,46.54,0,2
-13.76,7.29,35.47,0,1
-13.62,6.37,35.43,0,1
-13.59,0.0,30.16,0,0
-13.06,9.02,48.96,0,2
-12.67,11.26,41.97,1,2
-13.85,0.0,30.98,0,0
-12.53,8.89,38.62,1,2
-13.25,7.38,35.32,0,1
-13.02,0.0,31.85,0,0
-12.76,11.9,40.46,0,2
-13.32,5.92,37.96,0,1
-13.58,0.0,34.34,0,0
-13.62,7.23,39.48,0,1
-13.98,0.0,32.24,0,0
-13.0,9.42,46.53,0,2
-13.76,5.08,36.86,0,1
-13.97,0.0,31.73,0,0
-12.51,8.16,32.24,1,2
-13.79,7.23,39.64,0,1
-13.78,5.49,36.52,0,1
-13.08,9.51,39.61,1,2
-13.18,0.0,33.84,0,0
-13.11,0.0,32.35,0,0
-13.26,5.81,37.1,0,1
-13.23,11.56,37.48,0,2
-13.47,7.52,39.14,0,1
-12.79,9.81,44.35,0,2
-12.68,8.82,43.81,1,2
-13.27,9.98,38.59,1,2
-12.81,9.85,48.85,0,2
-13.07,9.26,35.36,1,2
-12.78,11.51,47.52,1,2
-13.8,7.54,32.86,0,1
-13.17,10.16,41.72,1,2
-13.1,9.47,31.48,0,2
-13.54,0.0,34.55,0,0
-12.62,9.37,33.21,1,2
-13.64,6.57,36.69,0,1
-13.09,10.39,49.85,0,2
-13.58,0.0,33.98,0,0
-12.74,10.46,43.49,0,2
-13.54,6.23,37.68,0,1
-13.74,5.43,32.77,0,1
-13.45,7.44,39.57,0,1
-13.17,0.0,31.15,0,0
-13.37,6.86,35.78,0,1
-12.53,9.31,35.55,1,2
-13.65,0.0,31.69,0,0
-13.53,7.21,35.9,0,1
-13.66,5.59,30.47,0,1
-13.79,7.65,39.54,0,1
-13.24,5.23,39.24,0,1
-13.67,6.45,31.93,0,1
-12.65,10.06,45.94,0,2
-13.43,0.0,30.54,0,0
-12.66,9.2,41.38,0,2
-13.99,0.0,30.02,0,0
-13.38,5.91,31.04,0,1
-12.6,9.07,35.84,1,2
-12.66,9.05,47.38,1,2
-13.13,8.26,33.82,1,2
-13.25,0.0,30.27,0,0
-13.16,10.69,36.14,0,2
-13.22,5.59,36.12,0,1
-12.83,11.17,45.88,1,2
-13.51,5.01,31.25,0,1
-13.65,7.77,30.92,0,1
-13.3,5.39,39.91,0,1
-13.55,5.51,35.55,0,1
-13.76,0.0,34.59,0,0
-13.26,7.0,32.14,0,1
-13.18,11.93,47.43,0,2
-13.78,7.34,39.44,0,1
-13.06,0.0,32.19,0,0
-13.28,11.05,45.15,0,2
-13.88,0.0,34.7,0,0
-13.51,0.0,30.71,0,0
-12.91,8.34,40.64,0,2
-12.76,11.27,49.4,0,2
-13.39,0.0,31.07,0,0
-13.25,8.89,45.79,1,2
-12.8,10.72,45.77,0,2
-13.29,7.2,35.72,0,1
-13.72,6.1,33.33,0,1
-13.73,5.61,35.17,0,1
-13.75,7.7,37.71,0,1
-13.77,7.84,31.03,0,1
-12.76,10.91,46.55,0,2
-12.92,9.89,46.28,1,2
-13.65,0.0,33.65,0,0
-13.54,5.28,37.74,0,1
-13.26,0.0,30.77,0,0
-12.86,8.1,31.68,1,2
-13.28,9.6,32.69,1,2
-12.81,11.48,40.67,1,2
-13.15,0.0,31.15,0,0
-13.77,6.13,31.08,0,1
-12.9,9.46,46.06,0,2
-13.04,11.59,34.19,0,2
-13.4,5.32,35.88,0,1
-13.26,6.48,34.47,0,1
-13.79,0.0,34.85,0,0
-13.33,0.0,30.61,0,0
-13.86,0.0,32.71,0,0
-13.74,7.18,39.99,0,1
-13.46,5.16,35.68,0,1
-13.56,5.48,36.23,0,1
-13.63,7.53,33.74,0,1
-13.24,0.0,33.31,0,0
-12.78,10.93,49.26,0,2
-13.5,0.0,31.15,0,0
-12.7,8.96,33.48,0,2
-13.4,5.27,33.12,0,1
-13.09,9.0,48.84,1,2
-12.97,8.05,34.27,1,2
-13.33,6.41,30.51,0,1
-13.21,8.39,43.2,1,2
-13.87,0.0,34.3,0,0
-12.61,9.67,34.12,1,2
-13.2,0.0,34.71,0,0
-13.78,5.75,34.38,0,1
-12.61,11.22,43.77,1,2
-13.99,0.0,32.54,0,0
-12.91,9.6,36.75,1,2
-13.45,0.0,31.92,0,0
-13.72,7.0,39.71,0,1
-13.1,9.53,49.19,1,2
-13.58,0.0,31.58,0,0
-13.63,7.12,38.04,0,1
-12.83,8.97,45.04,1,2
-13.41,0.0,31.11,0,0
-13.17,10.15,30.5,1,2
-13.12,0.0,30.78,0,0
-13.24,5.83,35.77,0,1
-12.51,8.95,46.79,0,2
-12.98,10.3,49.79,1,2
-13.25,11.26,34.13,1,2
-13.41,6.1,33.75,0,1
-13.72,6.74,39.6,0,1
-13.0,9.85,46.46,0,2
-12.65,9.5,45.66,0,2
-12.87,11.56,44.61,0,2
-12.6,11.76,32.1,0,2
-12.97,11.15,33.25,1,2
-13.08,11.53,45.46,0,2
-13.82,0.0,32.36,0,0
-13.19,0.0,31.29,0,0
-13.28,6.95,30.66,0,1
-13.73,5.08,34.43,0,1
-13.05,0.0,30.42,0,0
-13.28,6.67,35.23,0,1
-13.28,0.0,33.15,0,0
-13.7,7.55,37.62,0,1
-13.57,7.32,35.52,0,1
-13.78,6.81,35.74,0,1
-12.63,8.33,36.29,0,2
-13.46,0.0,33.92,0,0
-13.02,0.0,33.82,0,0
-13.35,6.95,34.69,0,1
-13.0,9.62,47.86,0,2
-13.34,7.76,39.28,0,1
-13.25,10.17,39.36,0,2
-13.48,5.51,36.47,0,1
-13.45,6.18,30.2,0,1
-13.15,0.0,31.81,0,0
-13.82,0.0,32.41,0,0
-13.79,6.34,33.07,0,1
-13.52,0.0,32.03,0,0
-12.76,10.49,47.88,1,2
-13.6,7.51,36.68,0,1
-13.41,5.97,32.02,0,1
-12.88,10.78,43.38,1,2
-13.06,9.72,35.32,0,2
-12.83,9.36,44.03,0,2
-13.2,8.65,34.65,0,2
-13.25,7.21,32.01,0,1
-13.72,7.88,39.77,0,1
-13.3,6.3,34.7,0,1
-13.53,0.0,30.32,0,0
-12.82,10.89,36.37,1,2
-13.75,6.55,38.36,0,1
-13.37,0.0,34.41,0,0
-13.74,0.0,32.95,0,0
-13.42,7.25,35.58,0,1
-13.99,0.0,34.3,0,0
-13.33,0.0,32.09,0,0
-12.73,10.84,43.73,0,2
-13.54,5.91,36.5,0,1
-13.65,0.0,34.27,0,0
-13.34,0.0,33.8,0,0
-13.14,8.82,33.24,0,2
-13.47,7.73,37.46,0,1
-13.6,6.61,31.08,0,1
-12.67,10.28,34.17,1,2
-13.78,6.48,32.87,0,1
-13.55,5.34,31.89,0,1
-13.69,7.3,31.43,0,1
-13.08,0.0,34.69,0,0
-13.75,7.22,33.25,0,1
-13.22,11.57,47.35,0,2
-13.02,11.64,40.2,0,2
-13.74,0.0,31.1,0,0
-13.53,6.42,33.11,0,1
-12.93,8.47,46.59,0,2
-13.41,0.0,31.99,0,0
-12.66,11.93,41.44,1,2
-13.77,0.0,34.86,0,0
-13.38,7.92,35.68,0,1
-13.96,0.0,34.68,0,0
-13.35,6.77,39.37,0,1
-12.73,8.2,33.38,1,2
-12.7,9.21,34.02,1,2
-13.82,0.0,30.1,0,0
-13.04,0.0,32.81,0,0
-12.89,9.68,49.89,1,2
-13.58,7.69,31.73,0,1
-13.07,0.0,30.37,0,0
-13.78,7.89,32.49,0,1
-13.12,0.0,32.82,0,0
-13.16,0.0,31.25,0,0
-13.29,5.23,36.47,0,1
-13.25,5.2,33.78,0,1
-13.3,5.81,34.68,0,1
-13.71,6.71,36.7,0,1
-13.6,5.01,36.09,0,1
-12.68,10.86,42.08,0,2
-13.78,0.0,31.18,0,0
-12.98,9.84,39.73,0,2
-13.02,8.3,32.96,1,2
-13.21,9.73,31.78,1,2
-13.03,8.8,39.33,0,2
-13.23,8.01,36.04,1,2
-13.43,6.15,34.93,0,1
-13.78,6.4,31.83,0,1
-13.78,7.26,35.79,0,1
-12.92,9.43,47.5,0,2
-13.38,0.0,30.5,0,0
-13.32,0.0,31.61,0,0
-13.07,11.26,38.36,0,2
-13.51,0.0,33.49,0,0
-13.29,0.0,32.09,0,0
-13.6,6.49,31.41,0,1
-13.9,0.0,32.19,0,0
-12.71,9.8,46.92,1,2
-13.1,8.98,37.72,0,2
-13.22,8.96,43.99,0,2
-13.59,7.42,31.94,0,1
-13.23,5.62,32.64,0,1
-13.15,8.09,40.32,1,2
-13.78,6.81,30.62,0,1
-13.04,0.0,33.12,0,0
-13.67,0.0,34.06,0,0
-13.12,8.4,35.05,1,2
-13.89,0.0,31.43,0,0
-13.24,10.46,42.93,1,2
-13.34,0.0,32.52,0,0
-13.29,0.0,34.09,0,0
-13.12,0.0,31.63,0,0
-12.97,11.65,36.76,1,2
-13.22,0.0,30.55,0,0
-12.6,9.8,35.7,1,2
-13.7,6.41,30.31,0,1
-12.83,11.61,30.42,0,2
-13.72,0.0,33.59,0,0
-12.87,8.55,41.81,0,2
-13.17,0.0,33.7,0,0
-13.29,0.0,32.95,0,0
-13.28,9.4,39.33,0,2
-13.64,7.02,34.11,0,1
-13.33,7.91,37.97,0,1
-12.92,10.51,42.56,0,2
-13.05,0.0,34.48,0,0
-13.45,7.66,31.41,0,1
-13.39,0.0,33.44,0,0
-13.75,0.0,31.22,0,0
-13.65,0.0,34.04,0,0
-13.55,6.33,39.42,0,1
-13.69,7.34,33.75,0,1
-13.29,5.94,31.16,0,1
-13.07,0.0,34.41,0,0
-13.1,0.0,34.19,0,0
-12.79,10.47,44.88,0,2
-13.48,5.92,32.29,0,1
-12.75,8.09,40.02,0,2
-13.48,0.0,32.51,0,0
-13.69,0.0,34.27,0,0
-13.28,7.98,31.76,0,1
-13.28,9.44,30.22,1,2
-13.41,6.43,34.55,0,1
-13.16,0.0,31.7,0,0
-13.3,0.0,33.66,0,0
-13.53,0.0,33.85,0,0
-13.18,9.45,40.36,1,2
-13.41,0.0,32.72,0,0
-13.64,5.39,37.35,0,1
-13.61,7.66,34.82,0,1
-13.21,0.0,34.96,0,0
-13.64,0.0,31.21,0,0
-13.78,5.78,35.3,0,1
-12.85,8.69,38.36,1,2
-13.4,0.0,33.9,0,0
-13.2,0.0,31.42,0,0
-13.21,8.14,43.75,0,2
-13.69,0.0,34.6,0,0
-13.94,0.0,31.1,0,0
-13.7,5.08,31.99,0,1
-12.52,10.37,30.09,0,2
-12.87,8.09,37.31,0,2
-12.55,9.05,45.05,0,2
-13.51,7.96,34.55,0,1
-12.76,8.97,46.11,0,2
-13.76,5.82,39.2,0,1
-12.84,11.25,35.84,0,2
-13.41,0.0,30.52,0,0
-13.23,0.0,32.41,0,0
-13.21,11.72,47.41,1,2
-13.5,0.0,31.54,0,0
-13.18,0.0,30.31,0,0
-13.42,0.0,34.6,0,0
-13.69,7.53,35.82,0,1
-13.33,6.71,32.41,0,1
-12.93,10.31,31.76,1,2
-13.15,0.0,34.18,0,0
-13.59,5.86,34.65,0,1
-13.79,6.15,31.38,0,1
-13.22,7.01,30.14,0,1
-13.0,8.93,44.12,0,2
-12.55,10.09,44.99,1,2
-13.72,0.0,31.56,0,0
-13.93,0.0,32.64,0,0
-12.79,11.44,44.06,1,2
-13.03,0.0,33.86,0,0
-13.05,9.85,32.05,1,2
-13.76,6.63,35.23,0,1
-12.87,8.45,36.98,1,2
-13.19,0.0,30.45,0,0
-13.53,6.33,31.49,0,1
-13.07,9.44,48.18,1,2
-13.26,5.43,34.93,0,1
-13.27,10.06,34.27,1,2
-13.26,9.4,34.05,1,2
-13.76,6.16,35.2,0,1
-13.38,7.57,33.48,0,1
-13.45,7.71,31.6,0,1
-13.03,0.0,33.11,0,0
-13.09,11.99,37.18,1,2
-13.9,0.0,30.56,0,0
-12.96,8.62,32.21,0,2
-13.39,6.48,30.63,0,1
-13.87,0.0,30.32,0,0
-13.42,5.45,31.58,0,1
-13.91,0.0,34.52,0,0
-13.74,0.0,31.29,0,0
-12.63,8.49,44.82,1,2
-13.69,0.0,32.31,0,0
-13.58,5.14,34.01,0,1
-13.43,7.43,34.17,0,1
-13.6,0.0,31.88,0,0
-13.5,0.0,31.61,0,0
-12.85,8.79,41.86,1,2
-13.45,6.79,39.0,0,1
-13.64,0.0,32.9,0,0
-13.23,7.77,31.3,0,1
-13.29,5.58,37.35,0,1
-13.06,0.0,31.58,0,0
-12.55,9.1,42.74,0,2
-12.69,11.1,40.69,0,2
-13.34,5.99,34.79,0,1
