current,voltage,temperature,vibration,label
-13.24,16.99,34.86,1,2
-13.78,0.0,34.74,0,0
-13.48,11.5,33.5,0,1
-13.29,13.45,36.31,0,2
-13.89,0.0,32.62,0,0
-13.05,0.0,32.88,0,0
-13.28,0.0,30.6,0,0
-13.69,0.0,34.98,0,0
-13.67,10.4,38.84,0,1
-13.47,9.21,31.52,0,1
-13.58,0.0,30.08,0,0
-13.2,9.52,33.35,0,1
-12.55,14.84,42.44,1,2
-13.53,10.04,37.09,0,1
-13.03,17.41,37.44,0,2
-12.64,13.12,41.71,1,2
-13.46,9.49,37.95,0,1
-13.28,15.09,46.32,1,2
-13.22,13.78,49.35,1,2
-13.23,0.0,30.9,0,0
-13.28,16.98,46.94,1,2
-13.23,9.54,32.59,0,1
-13.77,11.37,31.81,0,1
-13.09,0.0,30.6,0,0
-13.1,13.7,44.31,0,2
-13.67,9.67,31.91,0,1
-13.68,10.46,30.85,0,1
-12.6,13.69,48.2,1,2
-13.08,15.66,36.42,0,2
-13.35,11.28,32.2,0,1
-13.08,17.47,31.0,0,2
-13.16,15.93,44.07,1,2
-13.54,11.02,37.19,0,1
-13.82,0.0,33.72,0,0
-13.66,0.0,30.91,0,0
-13.76,0.0,33.29,0,0
-13.3,11.2,39.64,0,1
-12.55,15.91,39.57,1,2
-13.49,11.84,32.74,0,1
-13.74,0.0,30.84,0,0
-13.32,0.0,33.93,0,0
-13.59,10.77,31.65,0,1
-13.69,9.98,36.71,0,1
-13.6,10.87,39.76,0,1
-13.59,0.0,33.68,0,0
-13.22,0.0,32.37,0,0
-13.54,0.0,30.82,0,0
-12.57,14.71,36.21,0,2
-13.78,9.57,31.17,0,1
-13.37,11.21,32.97,0,1
-13.26,9.61,31.81,0,1
-13.23,0.0,33.9,0,0
-13.15,16.44,36.53,0,2
-13.53,0.0,31.24,0,0
-13.59,10.15,30.63,0,1
-12.98,13.27,37.32,1,2
-13.09,0.0,30.68,0,0
-13.28,11.62,36.0,0,1
-13.25,10.22,30.65,0,1
-13.3,10.62,32.48,0,1
-13.03,15.22,44.81,0,2
-13.85,0.0,31.31,0,0
-13.6,11.84,31.82,0,1
-13.18,14.66,36.64,1,2
-13.23,13.84,39.34,1,2
-12.9,16.93,37.13,1,2
-12.69,15.49,38.81,0,2
-12.96,13.75,46.8,0,2
-12.63,15.75,42.58,1,2
-13.4,0.0,31.29,0,0
-13.67,11.75,33.84,0,1
-13.55,10.96,34.77,0,1
-12.84,16.57,44.16,1,2
-13.34,11.96,36.0,0,1
-13.67,10.14,34.43,0,1
-13.14,17.28,40.14,1,2
-13.43,0.0,31.13,0,0
-13.34,0.0,31.71,0,0
-13.25,14.02,35.66,1,2
-13.06,14.02,32.92,1,2
-13.76,9.08,34.02,0,1
-13.93,0.0,32.87,0,0
-13.85,0.0,31.53,0,0
-12.61,16.36,35.96,1,2
-13.56,0.0,31.08,0,0
-13.07,16.99,32.15,1,2
-13.52,9.45,31.97,0,1
-13.28,9.8,33.3,0,1
-13.76,0.0,32.98,0,0
-13.6,0.0,32.69,0,0
-13.32,11.69,34.26,0,1
-13.34,0.0,30.02,0,0
-13.12,15.39,49.4,1,2
-13.54,0.0,32.92,0,0
-13.23,11.49,39.84,0,1
-13.29,0.0,34.01,0,0
-13.14,0.0,33.78,0,0
-13.79,11.1,33.81,0,1
-12.68,17.74,43.66,0,2
-12.97,15.58,42.67,1,2
-12.57,16.7,41.72,1,2
-13.4,9.77,34.87,0,1
-13.57,10.5,32.53,0,1
-13.42,10.59,35.04,0,1
-13.41,9.29,39.73,0,1
-12.81,15.62,38.06,1,2
-13.29,0.0,32.17,0,0
-13.68,9.0,34.11,0,1
-13.12,17.24,44.79,1,2
-13.2,16.9,38.62,0,2
-12.63,17.57,37.33,1,2
-13.43,0.0,34.65,0,0
-12.8,16.88,39.58,0,2
-13.62,0.0,34.34,0,0
-13.49,0.0,31.15,0,0
-13.56,9.64,37.77,0,1
-13.76,11.44,37.0,0,1
-13.32,9.6,32.7,0,1
-13.15,0.0,31.0,0,0
-13.58,0.0,33.47,0,0
-13.23,15.08,31.4,0,2
-13.77,10.75,36.53,0,1
-13.29,0.0,34.84,0,0
-12.53,14.66,36.12,1,2
-13.01,14.78,31.79,1,2
-13.78,0.0,32.71,0,0
-13.59,0.0,34.84,0,0
-13.88,0.0,30.84,0,0
-13.39,0.0,31.63,0,0
-13.69,0.0,34.81,0,0
-13.55,9.19,31.96,0,1
-13.53,0.0,33.55,0,0
-12.53,16.53,32.51,0,2
-13.02,0.0,34.99,0,0
-13.66,10.26,33.67,0,1
-12.66,17.21,47.52,0,2
-13.6,0.0,34.34,0,0
-13.51,9.52,38.62,0,1
-13.04,0.0,30.91,0,0
-13.24,11.71,35.16,0,1
-13.11,15.93,33.33,0,2
-13.79,11.42,35.89,0,1
-12.55,14.18,40.5,1,2
-13.27,16.92,48.13,0,2
-12.5,17.44,35.69,1,2
-13.0,13.39,31.0,1,2
-13.25,10.13,30.07,0,1
-13.53,0.0,31.21,0,0
-13.21,14.24,35.16,0,2
-13.78,9.74,38.83,0,1
-13.02,0.0,33.05,0,0
-12.91,13.71,49.99,1,2
-13.02,15.61,40.04,0,2
-13.78,0.0,30.38,0,0
-12.85,16.69,45.08,1,2
-13.44,0.0,30.33,0,0
-13.34,9.53,31.55,0,1
-13.15,14.24,44.72,1,2
-13.5,0.0,33.7,0,0
-13.69,0.0,33.21,0,0
-13.41,0.0,31.57,0,0
-12.71,17.11,44.78,0,2
-13.37,10.61,31.4,0,1
-13.19,0.0,34.25,0,0
-13.16,17.11,37.48,0,2
-13.01,14.07,34.95,0,2
-12.8,17.83,36.97,1,2
-13.8,0.0,31.35,0,0
-12.94,15.99,33.3,1,2
-13.63,0.0,30.66,0,0
-13.68,9.86,39.25,0,1
-13.69,11.24,36.52,0,1
-12.67,13.99,37.95,1,2
-12.75,17.81,46.14,0,2
-13.94,0.0,34.27,0,0
-13.73,9.04,38.41,0,1
-13.55,0.0,32.96,0,0
-13.39,10.59,30.39,0,1
-13.42,0.0,31.88,0,0
-13.19,16.17,40.16,1,2
-13.78,0.0,34.97,0,0
-13.96,0.0,34.75,0,0
-13.77,0.0,32.92,0,0
-13.27,11.09,36.48,0,1
-13.12,0.0,30.26,0,0
-13.49,10.08,33.49,0,1
-13.63,10.84,39.45,0,1
-13.73,0.0,31.85,0,0
-12.72,16.08,30.75,1,2
-13.16,0.0,31.99,0,0
-12.69,13.98,36.96,1,2
-13.46,0.0,31.13,0,0
-13.44,9.58,36.83,0,1
-13.2,0.0,33.06,0,0
-12.93,17.63,32.36,1,2
-12.8,15.0,48.59,0,2
-13.1,13.25,30.85,1,2
-13.21,0.0,34.89,0,0
-13.13,13.79,36.78,0,2
-12.98,15.8,38.25,1,2
-13.46,11.17,37.89,0,1
-13.52,11.49,31.95,0,1
-12.7,15.3,40.68,0,2
-13.8,0.0,31.89,0,0
-13.3,11.82,35.28,0,1
-13.15,13.48,47.38,1,2
-12.64,13.75,44.36,0,2
-13.11,16.76,43.18,1,2
-13.39,0.0,30.88,0,0
-13.12,17.67,47.89,1,2
-13.57,11.12,39.0,0,1
-13.24,15.74,31.26,0,2
-13.7,0.0,32.4,0,0
-13.54,0.0,32.91,0,0
-13.55,11.74,32.64,0,1
-13.55,9.27,35.28,0,1
-12.89,14.57,37.56,0,2
-13.82,0.0,33.3,0,0
-14.0,0.0,30.19,0,0
-12.61,15.91,34.3,1,2
-13.3,10.57,39.37,0,1
-13.16,14.47,45.36,1,2
-13.64,10.96,31.79,0,1
-13.01,0.0,34.19,0,0
-12.87,14.56,43.61,0,2
-13.06,17.43,49.73,1,2
-13.03,0.0,32.16,0,0
-13.27,10.54,32.88,0,1
-13.8,0.0,31.39,0,0
-13.46,0.0,33.47,0,0
-12.66,14.77,37.95,0,2
-13.82,0.0,34.8,0,0
-13.48,0.0,30.1,0,0
-12.67,16.06,40.82,0,2
-13.21,0.0,32.09,0,0
-13.55,0.0,31.24,0,0
-13.26,9.88,37.13,0,1
-13.34,0.0,34.23,0,0
-13.04,16.57,47.28,1,2
-13.79,11.75,30.57,0,1
-12.56,15.84,45.88,0,2
-13.34,11.94,32.96,0,1
-13.41,0.0,30.84,0,0
-12.88,13.7,37.83,0,2
-13.2,14.84,41.91,0,2
-13.05,16.35,32.71,0,2
-13.24,17.74,39.3,0,2
-13.86,0.0,34.31,0,0
-13.4,9.18,32.39,0,1
-12.51,16.51,38.49,0,2
-13.07,0.0,30.1,0,0
-13.49,9.69,35.48,0,1
-13.75,10.82,35.03,0,1
-12.5,16.24,48.54,0,2
-13.49,9.45,35.18,0,1
-13.22,0.0,32.24,0,0
-13.75,11.66,34.23,0,1
-13.65,10.13,36.97,0,1
-13.83,0.0,30.43,0,0
-13.43,0.0,30.89,0,0
-13.94,0.0,31.16,0,0
-13.09,0.0,31.63,0,0
-13.48,10.76,38.09,0,1
-13.86,0.0,32.18,0,0
-13.67,10.38,36.95,0,1
-12.64,16.3,40.57,0,2
-12.95,17.08,31.98,1,2
-13.76,10.48,33.88,0,1
-12.88,16.83,42.39,1,2
-13.49,0.0,30.26,0,0
-12.89,14.1,36.55,1,2
-12.88,17.47,31.8,1,2
-13.26,0.0,33.5,0,0
-13.11,0.0,34.86,0,0
-13.03,0.0,31.19,0,0
-13.28,10.87,39.08,0,1
-13.12,14.36,44.24,1,2
-13.49,9.78,31.92,0,1
-13.72,0.0,32.52,0,0
-13.51,0.0,31.24,0,0
-13.7,0.0,30.31,0,0
-12.82,17.14,36.07,0,2
-12.65,14.88,30.15,0,2
-13.23,0.0,31.28,0,0
-13.75,0.0,31.13,0,0
-12.74,15.33,48.92,0,2
-13.05,0.0,33.28,0,0
-13.69,9.9,34.27,0,1
-13.17,14.92,40.26,1,2
-12.99,15.62,48.01,0,2
-13.64,11.87,39.27,0,1
-13.06,16.02,49.81,0,2
-12.87,16.65,32.91,0,2
-13.21,15.4,46.75,0,2
-13.98,0.0,31.18,0,0
-13.45,10.57,34.08,0,1
-12.57,15.43,40.0,0,2
-13.1,16.18,39.62,0,2
-13.1,15.9,47.11,1,2
-13.75,11.77,30.65,0,1
-12.98,16.33,32.97,1,2
-13.97,0.0,30.65,0,0
-13.7,11.73,34.58,0,1
-13.13,13.98,39.88,0,2
-13.14,0.0,32.88,0,0
-12.68,15.3,33.81,1,2
-13.27,9.67,35.21,0,1
-13.67,0.0,32.53,0,0
-13.3,11.82,36.1,0,1
-13.27,15.79,33.53,1,2
-13.22,15.41,43.99,1,2
-12.54,17.1,35.55,1,2
-13.07,16.38,33.01,1,2
-13.31,10.06,32.24,0,1
-13.29,15.88,47.36,1,2
-13.64,10.07,35.36,0,1
-13.27,0.0,33.33,0,0
-13.64,0.0,31.9,0,0
-12.92,14.16,36.55,0,2
-12.97,16.24,49.95,0,2
-13.25,17.97,40.2,1,2
-13.64,0.0,30.95,0,0
-13.66,9.59,31.75,0,1
-12.75,15.7,49.5,0,2
-12.51,17.75,43.31,1,2
-13.77,9.98,31.44,0,1
-13.09,14.65,49.94,0,2
-13.08,15.54,32.39,1,2
-13.67,10.75,37.65,0,1
-13.1,16.08,35.75,1,2
-13.17,0.0,33.48,0,0
-13.96,0.0,32.58,0,0
-13.07,0.0,32.77,0,0
-12.91,16.16,44.71,1,2
-13.27,11.38,32.15,0,1
-13.65,9.95,30.08,0,1
-13.04,17.37,37.11,0,2
-13.07,0.0,30.91,0,0
-13.17,17.55,37.35,0,2
-13.52,10.36,33.55,0,1
-13.35,0.0,30.08,0,0
-13.08,16.89,46.55,1,2
-12.84,17.69,43.11,0,2
-13.61,11.97,36.18,0,1
-13.33,0.0,31.05,0,0
-12.66,15.86,31.77,0,2
-13.75,9.95,38.86,0,1
-13.01,17.7,40.51,1,2
-13.32,10.71,30.74,0,1
-13.2,17.87,42.65,1,2
-13.78,9.14,31.11,0,1
-13.42,0.0,33.2,0,0
-13.25,0.0,30.71,0,0
-13.18,15.95,30.85,0,2
-13.22,14.87,34.69,0,2
-13.07,17.13,34.11,1,2
-12.64,14.03,31.2,1,2
-12.89,16.1,38.9,0,2
-12.94,13.23,34.88,0,2
-13.16,0.0,31.21,0,0
-13.3,9.06,30.41,0,1
-13.04,0.0,30.47,0,0
-13.28,17.71,34.47,1,2
-13.24,10.55,37.73,0,1
-13.13,0.0,30.63,0,0
-13.49,11.68,32.14,0,1
-13.2,15.02,43.86,0,2
-13.41,10.31,34.92,0,1
-13.06,13.38,39.91,0,2
-13.21,17.98,34.84,0,2
-13.17,15.41,34.83,0,2
-12.76,13.63,44.15,1,2
-12.86,16.06,41.76,0,2
-13.13,0.0,30.15,0,0
-13.8,0.0,34.94,0,0
-13.68,0.0,31.36,0,0
-13.61,11.35,39.49,0,1
-13.65,11.88,31.74,0,1
-12.93,15.74,43.49,0,2
-13.29,16.5,36.31,1,2
-12.73,16.5,40.38,1,2
-13.1,0.0,30.22,0,0
-13.26,17.0,46.48,1,2
-13.1,15.67,32.74,0,2
-13.11,13.39,45.03,0,2
-12.56,16.28,40.88,1,2
-12.83,15.65,30.07,0,2
-13.44,10.05,39.3,0,1
-13.53,10.65,30.73,0,1
-13.12,0.0,31.43,0,0
-13.76,9.37,34.79,0,1
-13.63,9.97,32.92,0,1
-13.65,11.3,34.62,0,1
-13.31,9.54,31.18,0,1
-13.58,10.61,39.1,0,1
-13.88,0.0,32.19,0,0
-13.53,9.21,38.85,0,1
-13.27,16.02,48.04,0,2
-13.45,0.0,34.7,0,0
-13.41,0.0,32.02,0,0
-13.5,9.78,33.53,0,1
-12.7,14.45,48.61,1,2
-13.52,10.34,30.25,0,1
-12.75,13.51,48.39,0,2
-13.26,17.23,41.75,0,2
-13.48,11.69,33.67,0,1
-12.8,16.39,30.52,0,2
-13.04,0.0,34.38,0,0
-13.21,0.0,34.49,0,0
-13.04,0.0,33.01,0,0
-13.71,10.47,39.99,0,1
-12.6,13.93,46.0,1,2
-12.53,17.25,39.15,0,2
-13.48,9.07,34.68,0,1
-12.58,16.89,43.76,1,2
-13.33,0.0,30.21,0,0
-12.81,16.34,32.85,0,2
-13.46,11.97,35.03,0,1
-13.18,17.24,35.06,1,2
-13.55,10.59,37.64,0,1
-12.72,16.31,33.37,1,2
-13.27,17.25,41.34,1,2
-13.43,11.12,39.82,0,1
-13.0,17.99,47.28,0,2
-13.64,9.11,35.42,0,1
-13.07,0.0,33.78,0,0
-13.33,9.93,33.77,0,1
-13.59,10.64,35.99,0,1
-13.39,10.35,33.73,0,1
-12.79,17.42,45.52,0,2
-13.12,16.69,35.96,0,2
-13.7,0.0,31.43,0,0
-13.13,14.99,46.9,1,2
-13.26,15.46,45.56,1,2
-13.29,11.41,31.87,0,1
-13.01,13.0,45.19,1,2
-12.99,14.52,31.7,1,2
-13.55,10.48,33.6,0,1
-13.25,17.03,32.22,1,2
-13.23,14.39,32.94,1,2
-13.53,0.0,33.63,0,0
-13.55,11.22,38.7,0,1
-13.04,15.98,46.76,1,2
-12.51,14.32,46.75,1,2
-13.45,10.05,39.79,0,1
-12.57,16.13,31.0,0,2
-12.79,16.74,44.63,1,2
-13.78,0.0,32.84,0,0
-12.86,15.98,30.62,1,2
-13.77,9.35,33.18,0,1
-13.25,13.4,40.09,0,2
-13.67,9.6,38.48,0,1
-13.89,0.0,33.69,0,0
-12.92,15.14,39.94,1,2
-13.44,0.0,34.05,0,0
-13.35,10.93,38.34,0,1
-13.64,10.32,38.3,0,1
-13.54,9.15,38.45,0,1
-13.61,10.89,35.03,0,1
-12.61,16.59,48.96,1,2
-13.73,0.0,32.68,0,0
-13.75,0.0,32.88,0,0
-12.87,17.01,38.62,1,2
-13.63,9.66,39.97,0,1
-13.36,0.0,30.05,0,0
-12.74,15.06,31.14,1,2
-12.74,15.04,32.88,1,2
-13.46,10.14,34.01,0,1
-13.36,0.0,34.14,0,0
-13.4,10.77,35.74,0,1
-12.56,14.79,34.37,1,2
-13.03,0.0,34.46,0,0
-12.95,16.47,42.03,1,2
-13.85,0.0,30.8,0,0
-13.56,11.48,35.29,0,1
-13.55,0.0,34.78,0,0
-13.29,13.39,39.25,0,2
-13.54,10.09,35.26,0,1
-13.64,10.85,38.36,0,1
-13.4,0.0,32.19,0,0
-13.24,0.0,30.68,0,0
-13.34,0.0,31.88,0,0
-13.37,9.5,36.49,0,1
-13.45,10.39,37.08,0,1
-12.75,14.03,43.26,1,2
-13.58,10.94,33.25,0,1
-13.58,0.0,32.48,0,0
-13.64,10.53,32.32,0,1
-12.73,17.48,33.92,1,2
-12.89,17.88,35.87,1,2
-13.28,10.56,39.95,0,1
-13.12,0.0,30.98,0,0
-13.94,0.0,32.84,0,0
-13.59,9.95,35.71,0,1
-13.53,10.41,33.35,0,1
-13.13,13.13,45.46,1,2
-13.54,9.71,30.82,0,1
-13.29,10.35,37.03,0,1
-13.26,14.02,49.89,0,2
-13.18,14.05,32.18,1,2
-14.0,0.0,32.45,0,0
-13.69,9.1,36.08,0,1
-13.5,0.0,33.43,0,0
-13.23,11.16,35.2,0,1
-12.97,13.03,32.71,1,2
-13.68,0.0,31.36,0,0
-13.68,9.48,39.79,0,1
-13.76,0.0,31.69,0,0
-13.73,11.95,36.45,0,1
-12.71,15.88,42.39,1,2
-13.57,9.7,38.27,0,1
-13.21,11.09,31.27,0,1
-13.54,9.29,36.35,0,1
-13.7,0.0,31.53,0,0
-13.79,10.96,31.88,0,1
-13.22,0.0,31.82,0,0
-13.65,10.86,38.66,0,1
-13.36,11.48,36.53,0,1
-13.41,0.0,34.45,0,0
-12.64,15.03,41.7,1,2
-13.61,10.41,34.86,0,1
-13.29,0.0,33.87,0,0
-12.52,14.48,37.86,0,2
-13.25,0.0,30.57,0,0
-13.24,9.56,33.23,0,1
-13.73,9.72,37.63,0,1
-13.72,0.0,32.8,0,0
-13.82,0.0,30.26,0,0
-13.19,14.06,35.16,1,2
-13.99,0.0,31.05,0,0
-13.29,11.01,38.53,0,1
-13.7,10.44,39.45,0,1
-12.52,17.76,42.03,1,2
-13.83,0.0,31.8,0,0
-13.5,10.6,39.31,0,1
-13.7,11.0,32.91,0,1
-13.54,10.91,38.87,0,1
-13.44,0.0,31.3,0,0
-13.32,0.0,34.5,0,0
-13.54,10.24,34.52,0,1
-13.25,11.71,33.34,0,1
-13.92,0.0,33.75,0,0
-13.25,10.0,33.83,0,1
-13.39,11.84,32.72,0,1
-13.29,15.54,42.44,1,2
-13.29,0.0,30.18,0,0
-13.09,13.58,47.26,0,2
-13.89,0.0,34.63,0,0
-13.39,0.0,30.92,0,0
-13.15,17.51,31.57,0,2
-13.5,0.0,32.78,0,0
-13.56,0.0,30.85,0,0
-13.76,0.0,31.17,0,0
-12.54,17.78,32.56,1,2
-13.64,9.2,37.71,0,1
-12.89,16.11,39.84,0,2
-12.73,14.26,35.04,1,2
-13.64,11.66,39.3,0,1
-13.13,15.24,38.65,1,2
-12.63,13.5,32.39,0,2
-13.26,0.0,32.06,0,0
-13.16,16.65,36.16,1,2
-13.44,9.11,37.75,0,1
-13.11,15.16,49.66,0,2
-13.95,0.0,33.53,0,0
-13.39,0.0,34.72,0,0
-12.91,17.29,39.69,0,2
-13.21,15.41,36.84,1,2
-12.51,15.58,33.65,1,2
-13.46,10.76,35.37,0,1
-13.07,17.52,36.79,0,2
-12.86,17.51,39.65,0,2
-12.84,17.45,46.6,1,2
-13.76,9.08,33.76,0,1
-13.12,0.0,34.31,0,0
-13.57,9.09,31.52,0,1
-13.36,0.0,33.37,0,0
-12.91,14.96,40.52,0,2
-13.07,0.0,30.36,0,0
-13.69,11.23,30.72,0,1
-13.78,10.58,31.96,0,1
-13.16,0.0,31.47,0,0
-12.71,13.51,48.29,1,2
-13.18,0.0,31.2,0,0
-13.23,16.76,42.49,0,2
-13.75,10.19,34.5,0,1
-13.68,0.0,34.73,0,0
-12.63,13.76,30.4,0,2
-13.8,0.0,34.0,0,0
-13.26,17.75,45.56,1,2
-12.78,13.42,49.64,0,2
-13.87,0.0,34.88,0,0
-13.26,0.0,31.01,0,0
-12.52,17.71,39.57,1,2
-13.84,0.0,31.74,0,0
-13.89,0.0,30.04,0,0
-13.57,9.44,34.71,0,1
-13.53,0.0,34.96,0,0
-13.65,9.06,32.98,0,1
-13.16,0.0,30.55,0,0
-13.71,0.0,31.46,0,0
-13.25,10.53,31.63,0,1
-12.68,15.73,40.88,1,2
-12.6,13.04,31.32,1,2
-13.73,11.67,33.84,0,1
-13.39,0.0,33.64,0,0
-13.86,0.0,33.32,0,0
-13.12,0.0,31.74,0,0
-12.7,15.09,45.69,1,2
-13.41,11.24,35.86,0,1
-12.65,14.72,31.24,1,2
-13.03,17.62,40.75,1,2
-13.23,16.43,49.04,0,2
-12.57,13.18,30.55,1,2
-13.65,11.96,36.37,0,1
-13.67,11.24,37.06,0,1
-13.31,9.16,36.11,0,1
-13.89,0.0,34.77,0,0
-13.33,10.32,39.88,0,1
-13.28,9.51,32.81,0,1
-12.67,13.88,39.31,1,2
-13.4,10.33,35.57,0,1
-13.58,11.25,36.26,0,1
-12.65,17.08,31.8,0,2
-13.33,9.4,36.84,0,1
-13.3,9.79,33.56,0,1
-13.73,0.0,30.59,0,0
-13.56,9.05,32.02,0,1
-13.39,0.0,34.45,0,0
-13.74,11.65,34.95,0,1
-13.28,10.4,30.75,0,1
-13.28,11.47,32.52,0,1
-13.46,0.0,30.07,0,0
-13.52,0.0,33.92,0,0
-13.53,11.05,38.79,0,1
-13.56,10.98,33.82,0,1
-13.56,9.63,36.18,0,1
-13.5,11.47,36.29,0,1
-13.74,0.0,34.65,0,0
-12.54,14.84,32.94,0,2
-13.07,0.0,34.7,0,0
-13.96,0.0,33.49,0,0
-13.77,9.41,32.37,0,1
-13.77,9.92,32.54,0,1
-12.83,13.16,44.52,0,2
-12.83,16.97,30.73,1,2
-13.24,0.0,30.07,0,0
-13.87,0.0,31.41,0,0
-13.27,0.0,32.15,0,0
-13.69,11.58,39.35,0,1
-12.67,13.24,38.48,0,2
-13.79,9.78,32.37,0,1
-13.3,0.0,34.48,0,0
-13.78,0.0,32.66,0,0
-13.51,11.81,31.75,0,1
-13.35,9.66,35.04,0,1
-13.5,0.0,33.64,0,0
-13.63,9.11,36.87,0,1
-13.94,0.0,34.84,0,0
-13.35,0.0,33.85,0,0
-13.61,11.39,32.68,0,1
-13.51,10.06,33.26,0,1
-13.69,11.78,30.98,0,1
-13.14,17.77,40.18,1,2
-13.11,16.95,42.62,1,2
-13.45,0.0,30.97,0,0
-13.43,11.76,31.8,0,1
-13.03,13.72,36.52,1,2
-13.26,15.92,32.44,1,2
-13.66,11.66,38.9,0,1
-13.71,0.0,30.95,0,0
-13.83,0.0,33.72,0,0
-13.27,16.36,41.5,1,2
-13.24,11.17,30.12,0,1
-12.77,15.73,48.83,1,2
-13.82,0.0,30.98,0,0
-13.53,0.0,32.96,0,0
-13.02,0.0,33.42,0,0
-13.44,10.18,37.22,0,1
-13.34,0.0,34.47,0,0
-13.8,9.34,38.95,0,1
-13.03,0.0,31.98,0,0
-13.51,0.0,33.02,0,0
-13.6,9.22,39.33,0,1
-12.79,13.82,33.71,0,2
-13.33,9.27,32.71,0,1
-14.0,0.0,33.31,0,0
-12.51,15.65,39.73,0,2
-13.76,0.0,34.21,0,0
-13.32,9.97,37.22,0,1
-13.9,0.0,34.82,0,0
-13.45,0.0,30.62,0,0
-13.4,10.82,36.34,0,1
-13.76,11.15,30.56,0,1
-13.42,9.68,39.91,0,1
-13.95,0.0,34.65,0,0
-12.56,15.1,30.5,0,2
-12.53,17.27,38.6,0,2
-13.66,9.67,39.87,0,1
-12.81,13.1,37.6,0,2
-13.27,9.74,34.39,0,1
-13.45,11.75,38.78,0,1
-13.72,0.0,32.46,0,0
-13.72,0.0,32.36,0,0
-13.43,9.61,37.15,0,1
-12.81,15.79,43.86,0,2
-12.53,17.49,31.33,0,2
-12.96,14.8,47.5,1,2
-12.59,15.26,31.11,0,2
-13.23,17.87,41.16,1,2
-12.77,14.46,33.5,0,2
-13.76,10.91,30.71,0,1
-13.09,0.0,34.86,0,0
-13.24,10.64,37.52,0,1
-13.64,0.0,34.94,0,0
-13.4,10.45,31.84,0,1
-13.92,0.0,34.81,0,0
-13.47,9.11,39.91,0,1
-13.59,9.01,32.25,0,1
-13.7,0.0,30.87,0,0
-13.75,9.93,36.77,0,1
-13.63,11.69,34.86,0,1
-13.03,0.0,31.44,0,0
-13.38,9.84,34.86,0,1
-13.61,11.75,35.16,0,1
-12.59,17.98,34.92,0,2
-13.25,10.7,32.92,0,1
-13.65,0.0,32.06,0,0
-13.54,0.0,30.94,0,0
-12.55,15.82,34.45,1,2
-13.17,13.77,40.67,1,2
-12.69,13.24,34.84,0,2
-13.5,11.77,35.42,0,1
-13.72,9.38,37.23,0,1
-12.81,13.07,49.28,0,2
-13.54,0.0,31.66,0,0
-13.44,10.65,35.77,0,1
-13.55,9.29,33.14,0,1
-13.86,0.0,33.41,0,0
-12.82,15.71,35.46,1,2
-12.97,15.43,34.0,1,2
-13.16,0.0,33.63,0,0
-13.83,0.0,32.1,0,0
-12.94,14.27,48.44,1,2
-14.0,0.0,33.87,0,0
-12.62,15.86,42.66,1,2
-12.54,15.13,36.2,1,2
-13.59,0.0,31.42,0,0
-13.63,10.74,33.23,0,1
-13.45,10.32,38.46,0,1
-12.95,16.12,40.85,0,2
-13.14,13.12,37.34,0,2
-13.77,10.15,37.67,0,1
-12.94,14.55,37.2,0,2
-13.49,11.11,34.48,0,1
-13.94,0.0,34.39,0,0
-12.93,16.4,33.44,0,2
-12.69,16.49,45.48,0,2
-13.26,9.58,37.98,0,1
-13.03,15.9,32.93,0,2
-13.21,0.0,34.88,0,0
-13.22,14.33,33.37,1,2
-13.51,11.71,33.5,0,1
-13.23,15.5,41.89,1,2
-13.24,14.07,34.01,1,2
-13.58,9.78,34.6,0,1
-13.26,14.06,32.52,1,2
-13.41,0.0,32.87,0,0
-13.13,14.33,43.86,1,2
-13.96,0.0,31.07,0,0
-13.56,0.0,32.88,0,0
-13.26,0.0,32.35,0,0
-13.38,9.01,31.94,0,1
-13.89,0.0,30.1,0,0
-13.23,11.19,34.43,0,1
-13.25,9.04,36.94,0,1
-13.04,0.0,33.69,0,0
-13.11,0.0,30.72,0,0
-13.64,12.0,30.66,0,1
-12.51,15.6,42.24,0,2
-13.51,10.89,39.83,0,1
-13.99,0.0,31.08,0,0
-13.21,11.3,32.14,0,1
-13.8,11.85,36.81,0,1
-13.37,10.2,35.7,0,1
-13.05,15.0,49.49,0,2
-13.55,10.6,36.51,0,1
-13.45,11.77,39.08,0,1
-13.82,0.0,34.16,0,0
-13.71,11.38,36.81,0,1
-13.73,9.83,34.5,0,1
-13.54,11.79,32.75,0,1
-13.84,0.0,34.96,0,0
-13.42,10.38,38.32,0,1
-13.21,11.76,37.5,0,1
-13.54,11.31,35.94,0,1
-12.85,13.92,32.97,1,2
-13.45,10.34,37.54,0,1
-13.8,0.0,33.69,0,0
-13.63,9.05,33.58,0,1
-13.42,9.63,34.13,0,1
-13.09,0.0,33.91,0,0
-12.9,13.66,33.25,1,2
-13.13,14.77,32.93,0,2
-13.04,0.0,30.79,0,0
-13.51,10.47,33.35,0,1
-13.24,13.48,42.34,1,2
-13.07,13.05,36.53,0,2
-13.41,9.33,39.03,0,1
-13.8,11.73,38.8,0,1
-13.27,15.4,44.2,0,2
-12.91,15.4,49.11,1,2
-13.38,11.17,33.63,0,1
-13.7,9.61,35.48,0,1
-12.83,16.48,34.25,1,2
-13.23,0.0,31.71,0,0
-13.32,9.29,36.16,0,1
-13.03,16.98,45.62,1,2
-13.63,10.19,34.81,0,1
-13.89,0.0,31.05,0,0
-12.79,13.43,42.1,1,2
-13.21,11.81,38.93,0,1
-13.19,0.0,33.79,0,0
-13.27,14.95,34.85,0,2
-13.07,14.2,38.57,1,2
-13.03,13.08,34.64,1,2
-12.77,15.43,49.35,0,2
-13.89,0.0,30.52,0,0
-13.33,9.19,36.25,0,1
-13.72,0.0,30.82,0,0
-13.66,10.91,36.75,0,1
-12.76,15.56,31.29,0,2
-13.52,10.14,31.88,0,1
-13.94,0.0,33.64,0,0
-13.3,0.0,30.2,0,0
-13.77,10.89,37.68,0,1
-13.46,11.11,39.15,0,1
-13.12,0.0,34.25,0,0
-13.2,14.65,42.08,1,2
-13.56,0.0,32.01,0,0
-13.7,0.0,33.79,0,0
-12.51,13.94,46.33,0,2
-13.38,0.0,30.82,0,0
-12.73,13.63,36.93,0,2
-13.61,0.0,32.24,0,0
-13.63,0.0,33.9,0,0
-13.45,11.98,38.14,0,1
-13.47,0.0,32.37,0,0
-13.16,0.0,30.23,0,0
-13.54,11.1,39.53,0,1
-12.84,16.95,47.59,0,2
-13.04,0.0,30.13,0,0
-12.6,16.11,36.12,0,2
-13.72,10.11,31.79,0,1
-13.21,0.0,31.47,0,0
-12.84,17.96,38.76,1,2
-12.5,16.98,36.0,1,2
-13.64,0.0,32.29,0,0
-12.51,14.87,39.86,1,2
-13.13,0.0,33.83,0,0
-12.51,16.42,46.39,0,2
-13.74,9.87,33.89,0,1
-13.65,0.0,34.56,0,0
-13.19,0.0,34.68,0,0
-13.5,11.17,36.65,0,1
-13.47,0.0,34.48,0,0
-12.96,17.96,30.39,0,2
-13.44,10.73,32.48,0,1
-12.66,14.58,45.25,0,2
-13.45,9.1,38.61,0,1
-13.7,11.09,32.31,0,1
-13.63,9.51,37.43,0,1
-13.0,0.0,32.41,0,0
-13.35,11.34,31.92,0,1
-12.97,13.02,44.67,0,2
-12.65,17.33,35.7,0,2
-13.48,11.14,34.73,0,1
-13.91,0.0,32.11,0,0
-13.36,0.0,32.27,0,0
-13.05,0.0,30.35,0,0
-13.17,13.54,32.62,1,2
-13.27,0.0,32.89,0,0
-13.7,0.0,30.11,0,0
-12.62,14.2,36.43,0,2
-13.66,9.48,32.52,0,1
-13.49,11.37,32.04,0,1
-13.1,13.77,31.46,0,2
-13.39,11.57,36.78,0,1
-12.96,15.92,35.24,0,2
-13.36,10.67,33.53,0,1
-12.8,13.53,43.68,0,2
-13.4,0.0,33.21,0,0
-13.37,0.0,32.71,0,0
-13.8,0.0,33.48,0,0
-13.53,0.0,30.74,0,0
-13.65,10.96,30.93,0,1
-13.17,14.33,37.98,1,2
-13.15,0.0,31.58,0,0
-13.49,10.75,39.46,0,1
-13.41,11.14,32.38,0,1
-13.8,0.0,30.64,0,0
-13.25,10.48,38.65,0,1
-13.62,0.0,30.99,0,0
-12.94,13.37,45.97,0,2
-13.27,10.2,35.82,0,1
-13.48,0.0,31.3,0,0
-13.12,15.68,34.29,0,2
-13.05,0.0,32.27,0,0
-13.3,0.0,33.76,0,0
-13.21,17.93,47.97,1,2
-13.29,17.18,43.84,0,2
-12.84,17.91,45.69,0,2
-13.72,10.08,35.23,0,1
-13.35,10.6,34.95,0,1
-13.54,0.0,32.73,0,0
-12.89,13.63,41.02,1,2
-13.37,11.35,30.82,0,1
-12.87,14.54,32.05,1,2
-13.62,9.56,37.14,0,1
-13.43,11.68,39.56,0,1
-13.74,10.47,30.53,0,1
-13.5,9.66,34.46,0,1
-13.76,10.41,34.23,0,1
-13.96,0.0,31.67,0,0
-13.37,9.47,31.6,0,1
-13.73,0.0,33.86,0,0
-13.56,9.07,38.44,0,1
-13.51,11.17,39.3,0,1
-13.64,10.0,30.09,0,1
-12.9,13.64,30.22,1,2
-13.62,0.0,33.15,0,0
-13.13,0.0,31.35,0,0
-13.25,11.99,39.02,0,1
-13.25,13.95,33.81,1,2
-12.61,17.82,40.79,0,2
-13.51,0.0,34.96,0,0
-13.62,10.65,31.44,0,1
-13.51,0.0,33.51,0,0
-13.43,9.77,39.99,0,1
-13.82,0.0,34.65,0,0
-12.89,17.72,47.98,1,2
-13.29,0.0,31.53,0,0
-13.56,10.67,37.67,0,1
-13.61,0.0,31.9,0,0
-12.88,16.67,33.49,0,2
-13.66,11.61,39.73,0,1
-13.09,0.0,30.15,0,0
-13.66,0.0,33.95,0,0
-13.43,10.27,36.84,0,1
-13.74,0.0,34.39,0,0
-13.41,11.28,37.69,0,1
-13.29,17.85,43.08,0,2
-13.15,0.0,33.99,0,0
-13.17,13.02,30.94,0,2
-13.62,10.9,34.94,0,1
-13.46,0.0,32.61,0,0
-13.08,0.0,30.14,0,0
-13.56,9.37,38.9,0,1
-12.63,13.35,37.95,0,2
-13.02,15.18,47.19,0,2
-12.71,17.71,38.8,1,2
-12.76,16.03,41.88,1,2
-13.68,10.01,31.36,0,1
-12.85,13.25,38.28,1,2
-13.73,0.0,33.04,0,0
-13.22,11.23,31.25,0,1
-13.64,11.38,34.56,0,1
-13.78,10.78,39.43,0,1
-13.89,0.0,32.57,0,0
-13.44,0.0,31.53,0,0
-13.04,15.82,37.96,0,2
-13.61,0.0,31.97,0,0
-12.88,15.99,40.65,1,2
-13.5,10.91,34.84,0,1
-13.37,11.01,30.62,0,1
-13.29,13.87,43.68,1,2
-13.73,10.74,33.17,0,1
-13.42,11.44,32.62,0,1
-13.38,0.0,30.02,0,0
-13.07,0.0,31.36,0,0
-13.73,0.0,30.15,0,0
-13.16,17.77,45.96,1,2
-13.17,0.0,30.53,0,0
-13.48,9.67,39.49,0,1
-13.67,0.0,31.21,0,0
-13.39,9.27,36.53,0,1
-13.4,11.79,36.44,0,1
-13.63,0.0,32.75,0,0
-13.45,10.38,32.36,0,1
-13.61,9.96,32.5,0,1
-12.76,13.29,40.41,1,2
-13.75,10.43,38.07,0,1
-13.5,0.0,33.75,0,0
-13.95,0.0,30.39,0,0
-13.39,9.34,35.48,0,1
-13.44,11.07,39.69,0,1
-13.44,10.52,36.26,0,1
-12.62,17.41,48.81,1,2
-13.54,11.22,35.77,0,1
-12.65,14.57,43.86,0,2
-13.35,0.0,34.94,0,0
-13.66,10.19,33.54,0,1
-12.62,16.15,36.26,0,2
-13.36,0.0,34.49,0,0
-13.07,13.26,38.29,0,2
-13.57,0.0,30.81,0,0
-13.24,11.79,37.15,0,1
-13.64,11.46,34.4,0,1
-13.24,9.59,35.04,0,1
-13.08,0.0,34.45,0,0
-12.85,15.98,32.32,0,2
-13.21,17.01,38.09,1,2
-13.31,11.19,30.92,0,1
-13.28,10.62,32.6,0,1
-13.22,0.0,31.69,0,0
-13.28,11.11,38.02,0,1
-12.66,16.19,40.86,0,2
-12.72,13.25,39.52,0,2
-12.8,13.33,39.59,0,2
-13.11,17.77,38.25,1,2
-13.59,0.0,31.98,0,0
-12.68,13.55,43.09,0,2
-13.48,10.69,34.94,0,1
-12.72,14.56,38.55,1,2
-13.53,9.69,39.83,0,1
-13.74,10.77,38.74,0,1
-13.97,0.0,32.12,0,0
-13.35,10.89,36.11,0,1
-13.74,0.0,32.67,0,0
-13.11,14.3,33.53,0,2
-13.28,10.08,32.37,0,1
-13.03,17.01,40.69,0,2
-13.46,9.27,34.66,0,1
-12.92,16.67,31.58,1,2
-12.98,13.41,32.19,1,2
-13.05,16.03,43.53,0,2
-13.54,0.0,32.81,0,0
-12.95,17.54,31.95,1,2
-12.9,13.28,31.04,0,2
-13.17,0.0,32.99,0,0
-12.78,14.68,31.7,1,2
-12.59,16.58,46.3,0,2
-13.79,0.0,31.36,0,0
-13.71,9.94,33.3,0,1
-13.25,15.93,34.12,1,2
-12.67,16.95,43.22,1,2
-13.71,11.58,31.89,0,1
-13.24,15.44,42.75,1,2
-13.23,10.35,30.73,0,1
-12.97,17.7,44.5,0,2
-13.26,11.09,32.02,0,1
-12.91,16.6,47.33,1,2
-13.38,10.67,34.95,0,1
-13.74,11.14,39.81,0,1
-13.77,0.0,32.68,0,0
-13.2,0.0,30.85,0,0
-13.51,10.89,38.43,0,1
-12.83,17.4,44.73,0,2
-13.05,0.0,33.01,0,0
-13.39,11.94,31.99,0,1
-13.08,15.85,30.26,1,2
-12.78,16.79,43.84,1,2
-12.82,14.81,37.2,1,2
-13.25,13.52,31.14,0,2
-13.23,10.76,37.1,0,1
-13.03,0.0,32.22,0,0
-13.82,0.0,32.86,0,0
-14.0,0.0,34.87,0,0
-12.8,13.93,43.86,1,2
-12.61,13.9,40.15,1,2
-13.76,11.51,32.79,0,1
-13.91,0.0,31.48,0,0
-13.57,9.91,38.25,0,1
-13.12,0.0,34.49,0,0
-12.6,16.79,43.67,0,2
-13.26,11.0,31.38,0,1
-12.9,14.19,40.8,0,2
-13.17,0.0,34.24,0,0
-13.78,9.8,32.72,0,1
-12.6,15.73,35.08,0,2
-13.27,16.66,49.01,0,2
-13.51,0.0,33.45,0,0
-13.74,0.0,33.89,0,0
-12.77,15.84,48.8,0,2
-13.73,9.98,38.79,0,1
-13.13,0.0,33.88,0,0
-13.74,0.0,31.05,0,0
-13.53,10.79,36.38,0,1
-13.22,10.55,34.42,0,1
-13.57,9.1,35.98,0,1
-13.32,9.99,32.67,0,1
-12.57,13.14,44.13,1,2
-13.57,0.0,34.98,0,0
-13.57,11.32,33.31,0,1
-12.83,14.46,36.78,1,2
-12.57,17.14,45.64,0,2
-13.19,0.0,32.57,0,0
-13.05,0.0,32.6,0,0
-13.25,17.5,46.32,0,2
-13.19,0.0,31.24,0,0
-13.57,10.83,31.77,0,1
-12.5,15.46,48.6,0,2
-13.23,15.9,43.2,1,2
-13.59,10.8,32.2,0,1
-13.58,0.0,30.1,0,0
-12.74,17.56,36.9,0,2
-12.9,13.53,31.11,1,2
-13.61,10.58,31.52,0,1
-13.22,11.08,39.99,0,1
-13.47,10.51,38.23,0,1
-13.37,9.19,39.44,0,1
-13.96,0.0,33.51,0,0
-12.73,17.31,31.68,1,2
-13.61,10.03,33.77,0,1
-13.33,11.1,36.76,0,1
-13.49,0.0,34.03,0,0
-13.68,10.39,30.44,0,1
-13.31,9.59,36.27,0,1
-13.15,15.06,49.32,0,2
-13.26,15.99,46.92,0,2
-12.75,14.67,41.03,0,2
-13.12,0.0,33.47,0,0
-13.4,0.0,31.1,0,0
-12.62,14.99,40.95,1,2
-12.5,13.3,30.16,1,2
-13.55,11.92,30.59,0,1
-13.95,0.0,31.2,0,0
-12.85,14.03,36.85,1,2
-13.47,0.0,31.07,0,0
-13.31,10.19,38.11,0,1
-13.65,0.0,30.2,0,0
-13.88,0.0,31.32,0,0
-13.11,0.0,33.12,0,0
-13.09,15.89,37.49,0,2
-13.38,10.87,39.42,0,1
-13.52,0.0,30.12,0,0
-13.4,9.86,39.17,0,1
-13.71,9.92,39.34,0,1
-13.41,10.64,36.05,0,1
-13.5,11.22,37.7,0,1
-14.0,0.0,31.0,0,0
-13.49,0.0,33.32,0,0
-13.49,9.75,36.32,0,1
-13.76,11.71,37.01,0,1
-13.04,14.09,42.87,0,2
-13.55,10.18,30.94,0,1
-13.77,11.32,36.15,0,1
-12.84,16.99,39.95,0,2
-13.65,10.07,31.66,0,1
-13.65,0.0,33.72,0,0
-13.6,10.77,31.63,0,1
-13.77,10.6,31.56,0,1
-13.39,0.0,33.62,0,0
-12.7,15.1,30.9,0,2
-13.63,9.11,35.06,0,1
-13.82,0.0,32.26,0,0
-13.96,0.0,30.57,0,0
-13.24,0.0,33.25,0,0
-13.71,10.53,36.82,0,1
-12.59,16.14,37.38,0,2
-13.59,9.61,34.06,0,1
-13.65,0.0,33.16,0,0
-12.85,15.08,36.92,1,2
-13.29,10.38,35.79,0,1
-12.94,13.63,37.34,1,2
-13.69,9.38,36.17,0,1
-12.63,14.55,33.18,1,2
-13.09,15.34,40.14,1,2
-13.5,9.17,39.51,0,1
-13.78,0.0,32.81,0,0
-12.94,14.06,36.82,1,2
-12.76,13.75,40.55,1,2
-13.34,9.97,35.96,0,1
-13.46,0.0,30.23,0,0
-13.2,10.55,32.64,0,1
-13.6,10.43,31.15,0,1
-13.21,15.73,37.0,1,2
-13.31,10.44,31.43,0,1
-13.86,0.0,33.34,0,0
-13.76,9.68,32.54,0,1
-13.79,0.0,34.06,0,0
-12.55,16.33,48.77,1,2
-13.89,0.0,31.01,0,0
-13.51,11.8,39.29,0,1
-13.6,11.11,38.36,0,1
-13.53,10.63,36.18,0,1
-13.69,0.0,33.56,0,0
-13.31,0.0,31.64,0,0
-13.72,0.0,31.24,0,0
-13.67,10.37,39.59,0,1
-13.66,10.37,30.49,0,1
-12.95,16.09,39.99,1,2
-13.25,0.0,31.3,0,0
-12.98,14.46,39.89,1,2
-13.64,11.97,33.64,0,1
-13.24,10.87,37.33,0,1
-13.69,9.67,32.29,0,1
-13.07,0.0,33.9,0,0
-12.53,13.01,37.15,1,2
-13.12,0.0,30.09,0,0
-13.01,13.2,43.21,0,2
-13.43,11.53,37.25,0,1
-12.81,17.3,34.94,0,2
-13.5,0.0,34.99,0,0
-13.61,10.88,37.28,0,1
-13.66,0.0,30.35,0,0
-13.48,11.92,31.56,0,1
-12.67,17.74,46.59,1,2
-12.76,15.04,30.66,1,2
-13.44,10.99,33.73,0,1
-13.78,0.0,33.92,0,0
-13.74,10.04,31.12,0,1
-13.52,10.83,30.58,0,1
-13.51,0.0,33.45,0,0
-13.72,11.18,35.59,0,1
-13.44,0.0,33.49,0,0
-13.94,0.0,33.49,0,0
-13.07,0.0,32.47,0,0
-13.25,0.0,33.09,0,0
-13.23,17.16,46.21,0,2
-13.14,0.0,34.96,0,0
-13.85,0.0,31.03,0,0
-13.46,0.0,34.23,0,0
-13.71,0.0,32.46,0,0
-13.53,9.97,32.54,0,1
-13.11,14.7,37.76,0,2
-12.91,17.56,41.4,0,2
-13.75,0.0,34.25,0,0
-13.12,0.0,30.1,0,0
-13.22,11.46,30.52,0,1
-12.91,17.47,44.5,1,2
-12.78,17.8,48.55,0,2
-13.67,0.0,31.99,0,0
-13.78,10.74,34.34,0,1
-13.2,11.91,32.71,0,1
-12.66,13.41,41.89,1,2
-13.74,9.2,37.01,0,1
-13.65,9.15,30.63,0,1
-13.69,0.0,31.73,0,0
-13.42,9.32,30.53,0,1
-13.68,11.24,39.63,0,1
-13.25,0.0,31.13,0,0
-12.91,16.75,30.9,0,2
-13.67,10.52,36.45,0,1
-13.3,9.7,35.52,0,1
-12.59,16.4,35.38,0,2
-13.63,11.33,31.85,0,1
-13.21,11.39,39.43,0,1
-13.87,0.0,34.15,0,0
-13.17,15.21,37.02,1,2
-12.89,17.55,41.43,0,2
-13.59,10.18,31.97,0,1
-13.94,0.0,32.62,0,0
-12.59,16.06,48.77,0,2
-13.66,0.0,34.99,0,0
-13.22,17.35,42.02,0,2
-13.23,14.04,42.02,0,2
-13.51,9.37,38.43,0,1
-12.95,16.16,37.94,1,2
-13.5,0.0,34.06,0,0
-13.92,0.0,34.62,0,0
-13.63,0.0,33.01,0,0
-13.38,10.59,30.93,0,1
-13.55,9.46,36.88,0,1
-13.44,10.88,33.12,0,1
-12.62,15.13,47.36,0,2
-12.93,13.73,35.92,0,2
-13.2,0.0,30.24,0,0
-13.2,0.0,34.83,0,0
-13.49,0.0,33.97,0,0
-12.99,15.73,32.54,1,2
-13.63,11.65,33.46,0,1
-13.44,11.93,34.28,0,1
-13.38,0.0,33.94,0,0
-13.07,16.72,36.73,1,2
-13.2,0.0,32.39,0,0
-13.44,0.0,30.16,0,0
-13.48,10.17,30.21,0,1
-13.5,11.04,36.1,0,1
-13.88,0.0,31.67,0,0
-13.68,9.35,35.3,0,1
-13.48,11.3,39.3,0,1
-13.83,0.0,34.81,0,0
-13.26,16.96,44.69,1,2
-12.63,13.55,30.06,0,2
-13.53,11.29,35.77,0,1
-13.28,0.0,32.67,0,0
-13.28,13.49,39.69,1,2
-13.69,9.89,38.91,0,1
-13.3,9.96,33.54,0,1
-13.69,9.47,39.02,0,1
-12.65,17.6,44.15,0,2
-12.66,16.5,31.61,0,2
-13.43,11.29,30.75,0,1
-12.95,16.53,32.51,1,2
-12.9,15.24,36.84,1,2
-13.03,14.08,33.88,1,2
-12.88,14.93,39.54,0,2
-13.41,10.76,37.81,0,1
-13.29,9.54,33.33,0,1
-13.22,10.75,32.95,0,1
-13.59,0.0,30.47,0,0
-13.44,9.54,31.71,0,1
-12.79,17.87,31.53,1,2
-13.37,9.8,39.54,0,1
-13.04,0.0,34.12,0,0
-12.54,16.65,30.38,0,2
-13.23,10.85,33.99,0,1
-13.51,9.55,34.45,0,1
-13.16,17.44,48.07,1,2
-13.04,14.87,45.73,0,2
-13.52,9.92,39.43,0,1
-12.66,13.31,30.71,0,2
-13.22,11.01,33.74,0,1
-13.56,10.28,31.47,0,1
-12.53,16.65,32.48,1,2
-13.26,9.38,30.68,0,1
-12.68,16.17,34.21,0,2
-13.29,10.22,30.62,0,1
-13.22,11.31,35.79,0,1
-13.45,9.84,33.42,0,1
-13.11,0.0,33.41,0,0
-12.91,14.17,40.81,1,2
-13.74,10.36,30.67,0,1
-13.44,9.78,36.87,0,1
-13.91,0.0,31.47,0,0
-12.54,13.28,34.11,0,2
-13.28,0.0,34.74,0,0
-13.11,15.03,35.22,1,2
-13.66,0.0,31.47,0,0
-13.67,9.34,30.6,0,1
-12.54,13.2,34.92,0,2
-13.14,0.0,33.53,0,0
-13.01,0.0,31.39,0,0
-13.21,0.0,33.76,0,0
-13.39,11.49,36.96,0,1
-13.66,9.4,32.75,0,1
-12.68,14.37,44.32,1,2
-13.68,0.0,33.26,0,0
-13.71,0.0,32.12,0,0
-13.49,0.0,33.86,0,0
-13.15,13.56,40.0,1,2
-13.4,0.0,34.64,0,0
-13.29,0.0,30.96,0,0
-13.08,14.07,34.89,0,2
-13.7,0.0,31.82,0,0
-13.39,11.25,39.82,0,1
-13.19,14.33,32.93,1,2
-13.24,11.24,34.11,0,1
-13.35,0.0,34.49,0,0
-13.06,0.0,34.45,0,0
-13.14,0.0,31.28,0,0
-12.75,15.17,47.23,1,2
-12.98,17.0,32.31,0,2
-13.21,9.84,36.21,0,1
-12.94,13.62,44.11,1,2
-13.38,11.31,37.24,0,1
-12.94,16.89,34.53,1,2
-13.43,0.0,32.41,0,0
-13.68,10.86,34.17,0,1
-13.72,11.26,33.13,0,1
-13.07,13.25,31.89,0,2
-13.27,11.39,31.62,0,1
-13.71,11.24,38.73,0,1
-13.53,9.64,35.16,0,1
-13.68,9.9,36.4,0,1
-12.59,17.66,44.87,1,2
-13.87,0.0,34.98,0,0
-13.69,11.46,31.92,0,1
-13.11,0.0,33.15,0,0
-13.34,9.78,33.48,0,1
-13.54,10.81,33.46,0,1
-13.21,15.09,30.15,1,2
-13.3,0.0,32.66,0,0
-13.28,0.0,31.99,0,0
-12.56,17.9,49.4,0,2
-13.66,0.0,34.56,0,0
-13.21,9.3,36.42,0,1
-13.67,0.0,34.97,0,0
-13.32,10.02,35.97,0,1
-13.75,9.93,35.23,0,1
-13.45,0.0,32.2,0,0
-13.88,0.0,33.21,0,0
-13.17,14.15,38.62,0,2
-13.56,10.76,38.24,0,1
-13.72,0.0,31.88,0,0
-12.56,13.9,43.92,0,2
-13.26,0.0,31.72,0,0
-13.79,10.09,35.02,0,1
-12.88,16.97,38.19,1,2
-13.62,0.0,34.44,0,0
-13.58,0.0,34.63,0,0
-13.74,11.62,34.36,0,1
-13.77,11.31,32.47,0,1
-13.22,0.0,34.33,0,0
-13.11,14.61,38.1,1,2
-12.8,14.97,46.86,0,2
-13.05,15.08,39.54,1,2
-13.36,11.41,38.87,0,1
-13.16,16.78,35.79,0,2
-13.37,0.0,30.41,0,0
-13.4,9.89,34.35,0,1
-13.76,9.82,30.04,0,1
-13.08,0.0,31.66,0,0
-13.3,14.24,32.37,0,2
-13.82,0.0,32.64,0,0
-13.17,16.35,39.79,0,2
-13.21,11.62,35.58,0,1
-13.44,0.0,34.38,0,0
-12.95,14.4,35.45,1,2
-12.81,15.76,36.55,1,2
-13.22,9.47,35.86,0,1
-13.63,11.52,34.69,0,1
-13.02,15.07,44.04,1,2
-13.36,9.32,34.18,0,1
-13.07,14.0,46.0,0,2
-13.26,16.74,30.55,1,2
-13.98,0.0,33.42,0,0
-12.88,17.4,43.53,1,2
-13.29,0.0,30.45,0,0
-13.04,16.25,44.43,1,2
-13.18,0.0,34.46,0,0
-12.84,15.25,35.96,1,2
-13.75,10.91,30.03,0,1
-13.59,11.35,32.66,0,1
-13.75,10.13,38.26,0,1
-13.54,11.83,37.26,0,1
-13.96,0.0,30.86,0,0
-13.04,0.0,32.34,0,0
-13.58,0.0,34.16,0,0
-13.32,0.0,32.94,0,0
-13.48,9.97,36.49,0,1
-12.78,17.7,47.61,0,2
-13.09,13.27,45.23,0,2
-13.31,9.79,33.31,0,1
-13.21,0.0,32.67,0,0
-13.38,11.98,33.76,0,1
-13.68,9.9,38.31,0,1
-13.71,10.44,36.86,0,1
-13.72,0.0,33.66,0,0
-13.58,0.0,30.07,0,0
-12.96,13.23,45.84,1,2
-12.71,14.23,43.22,1,2
-13.36,0.0,34.77,0,0
-13.03,0.0,30.27,0,0
-12.82,13.61,36.85,0,2
-13.3,14.99,46.69,1,2
-13.85,0.0,31.99,0,0
-13.23,0.0,32.27,0,0
-13.91,0.0,30.25,0,0
-13.54,9.93,31.23,0,1
-13.39,9.1,31.68,0,1
-13.38,0.0,32.97,0,0
-13.09,0.0,34.46,0,0
-13.74,0.0,34.65,0,0
-13.22,0.0,33.4,0,0
-13.74,0.0,31.42,0,0
-13.32,10.63,34.27,0,1
-12.57,15.72,48.14,0,2
-13.09,14.0,48.82,1,2
-13.29,0.0,30.67,0,0
-12.98,15.49,42.65,1,2
-13.79,0.0,34.79,0,0
-13.68,0.0,33.59,0,0
-13.32,10.79,33.02,0,1
-13.76,0.0,34.3,0,0
-13.46,11.63,35.54,0,1
-12.62,15.6,39.79,1,2
-13.34,0.0,34.25,0,0
-12.88,15.22,34.25,1,2
-13.7,9.75,32.95,0,1
-13.38,0.0,33.38,0,0
-13.12,0.0,33.93,0,0
-12.55,17.73,42.49,0,2
-13.21,10.56,30.33,0,1
-13.34,0.0,30.42,0,0
-13.32,0.0,34.99,0,0
-12.87,15.62,40.91,1,2
-13.46,11.52,35.33,0,1
-12.6,15.72,43.56,0,2
-13.37,0.0,30.23,0,0
-12.6,13.49,46.88,1,2
-13.53,0.0,31.15,0,0
-13.06,17.69,47.15,1,2
-13.71,11.49,38.03,0,1
-13.33,11.02,38.59,0,1
-13.78,10.56,37.27,0,1
-13.28,9.8,39.21,0,1
-12.66,16.91,39.89,0,2
-13.72,0.0,33.4,0,0
-13.4,0.0,33.71,0,0
-12.91,13.46,43.52,1,2
-13.29,10.77,37.95,0,1
-13.69,11.54,32.67,0,1
-13.22,14.31,47.13,1,2
-13.17,14.23,35.3,1,2
-13.7,0.0,31.58,0,0
-13.75,11.44,30.22,0,1
-13.98,0.0,32.93,0,0
-13.43,9.58,30.32,0,1
-13.08,15.4,30.94,0,2
-13.37,0.0,30.53,0,0
-13.13,0.0,31.95,0,0
-13.78,10.93,38.91,0,1
-13.9,0.0,32.23,0,0
-12.76,17.64,36.95,1,2
-12.9,14.25,31.36,1,2
-13.46,0.0,33.96,0,0
-13.61,11.95,33.44,0,1
-13.15,0.0,30.42,0,0
-13.33,11.03,36.08,0,1
-13.75,0.0,33.33,0,0
-12.58,16.65,39.44,1,2
-13.64,10.32,38.26,0,1
-13.32,10.6,39.96,0,1
-13.28,0.0,31.3,0,0
-13.37,0.0,30.37,0,0
-13.6,10.79,33.15,0,1
-13.29,14.59,32.06,1,2
-13.45,0.0,34.11,0,0
-13.5,11.75,34.51,0,1
-13.71,11.07,38.02,0,1
-13.22,17.23,35.62,1,2
-12.93,16.92,41.15,0,2
-13.25,17.02,30.14,1,2
-13.6,10.76,30.99,0,1
-13.07,0.0,31.25,0,0
-13.3,11.46,38.56,0,1
-13.21,11.61,37.65,0,1
-12.67,15.83,35.12,0,2
-12.88,14.76,30.97,0,2
-13.39,0.0,34.52,0,0
-13.18,0.0,30.59,0,0
-13.23,10.53,33.5,0,1
-12.79,14.44,43.24,0,2
-13.24,0.0,33.36,0,0
-13.52,11.71,35.42,0,1
-13.13,17.43,45.86,1,2
-13.25,10.53,34.37,0,1
-13.28,10.58,36.22,0,1
-12.69,13.99,44.85,1,2
-13.73,0.0,34.6,0,0
-13.25,0.0,30.64,0,0
-13.64,10.55,38.66,0,1
-13.88,0.0,31.01,0,0
-13.9,0.0,32.67,0,0
-12.76,14.23,43.38,0,2
-12.82,14.63,33.97,1,2
-13.27,16.4,43.0,1,2
-13.65,11.98,39.61,0,1
-12.94,14.65,45.62,0,2
-13.12,13.63,31.29,0,2
-13.08,13.17,42.61,0,2
-12.93,15.97,45.92,0,2
-13.84,0.0,33.53,0,0
-13.06,0.0,34.33,0,0
-13.32,10.5,36.32,0,1
-13.28,0.0,33.69,0,0
-13.2,13.07,41.51,0,2
-13.19,0.0,30.97,0,0
-13.94,0.0,31.47,0,0
-13.89,0.0,31.83,0,0
-13.19,16.28,42.88,1,2
-13.2,17.73,37.5,1,2
-13.2,0.0,34.41,0,0
-13.66,10.57,37.92,0,1
-13.73,10.96,36.45,0,1
-13.4,9.48,31.93,0,1
-13.12,13.04,42.36,0,2
-13.69,9.77,32.56,0,1
-13.76,0.0,33.17,0,0
-12.61,16.69,37.59,1,2
-12.63,16.97,44.44,1,2
-13.1,0.0,32.27,0,0
-12.8,14.9,32.87,1,2
-13.35,11.58,33.45,0,1
-13.21,0.0,30.28,0,0
-13.2,9.46,31.08,0,1
-12.94,17.77,46.05,1,2
-12.99,17.37,40.43,0,2
-13.66,0.0,34.77,0,0
-12.69,13.34,40.32,1,2
-13.36,0.0,31.37,0,0
-13.21,0.0,31.74,0,0
-13.73,9.83,34.1,0,1
-13.91,0.0,33.51,0,0
-13.72,10.17,39.36,0,1
-13.34,9.08,32.22,0,1
-13.42,10.28,32.86,0,1
-13.35,0.0,34.97,0,0
-13.48,0.0,34.71,0,0
-13.03,15.66,41.77,0,2
-13.22,11.41,37.38,0,1
-13.08,16.29,38.6,0,2
-12.59,14.76,30.52,0,2
-13.1,14.46,31.29,0,2
-12.63,17.14,41.05,0,2
-13.28,0.0,30.85,0,0
-12.63,13.73,42.14,1,2
-13.56,0.0,32.97,0,0
-13.46,10.61,33.71,0,1
-13.45,10.17,35.09,0,1
-12.99,16.41,45.71,0,2
-12.92,17.47,35.38,1,2
-13.4,0.0,34.82,0,0
-13.18,14.6,44.07,1,2
-13.57,9.57,39.57,0,1
-13.14,13.54,34.79,1,2
-13.41,11.38,38.91,0,1
-13.04,0.0,30.26,0,0
-13.16,0.0,30.69,0,0
-13.36,9.15,30.64,0,1
-13.66,0.0,34.55,0,0
-13.39,11.68,39.78,0,1
-13.03,0.0,31.52,0,0
-13.01,0.0,31.11,0,0
-12.8,13.82,30.88,0,2
-13.3,0.0,30.33,0,0
-13.76,9.88,38.94,0,1
-13.07,15.23,38.62,1,2
-12.59,17.66,41.12,0,2
-13.03,14.61,43.87,1,2
-13.53,9.9,38.16,0,1
-13.22,0.0,31.76,0,0
-13.07,0.0,34.13,0,0
-13.42,10.82,37.03,0,1
-13.56,11.78,33.08,0,1
-13.05,0.0,30.57,0,0
-13.1,0.0,32.65,0,0
-13.89,0.0,34.79,0,0
-13.23,15.44,33.52,0,2
-13.63,11.56,35.93,0,1
-13.08,0.0,32.57,0,0
-13.26,14.61,30.0,1,2
-13.16,0.0,34.09,0,0
-13.6,0.0,30.56,0,0
-12.72,13.27,35.25,1,2
-13.48,10.12,36.46,0,1
-13.91,0.0,30.17,0,0
-13.55,10.12,35.44,0,1
-13.37,0.0,31.98,0,0
-13.71,9.91,33.63,0,1
-13.65,11.78,35.07,0,1
-12.8,14.19,48.14,0,2
-12.72,14.07,31.21,1,2
-12.54,15.47,44.14,1,2
-13.7,9.75,33.59,0,1
-13.02,0.0,31.37,0,0
-13.69,11.14,36.54,0,1
-13.78,11.32,31.99,0,1
-13.48,9.5,39.92,0,1
-13.46,0.0,33.51,0,0
-13.92,0.0,32.1,0,0
-12.67,17.71,36.83,1,2
-13.74,11.75,36.77,0,1
-12.91,15.14,48.41,1,2
-13.73,10.14,37.87,0,1
-13.97,0.0,34.69,0,0
-13.22,14.68,38.47,1,2
-13.29,10.86,37.04,0,1
-13.49,10.57,30.77,0,1
-13.9,0.0,32.12,0,0
-13.18,0.0,31.21,0,0
-13.37,9.45,31.2,0,1
-12.98,16.25,32.91,0,2
-13.65,0.0,30.08,0,0
-13.25,10.1,39.77,0,1
-13.21,17.15,30.63,0,2
-13.42,9.8,34.42,0,1
-13.02,0.0,34.59,0,0
-13.64,0.0,33.32,0,0
-13.35,10.82,34.62,0,1
-12.75,14.01,34.04,1,2
-13.71,0.0,31.6,0,0
-13.53,11.95,39.1,0,1
-13.02,0.0,32.44,0,0
-13.5,10.87,34.58,0,1
-13.47,10.93,34.08,0,1
-13.1,0.0,30.55,0,0
-13.25,13.65,44.64,0,2
-13.08,16.9,46.7,1,2
-13.35,11.22,37.11,0,1
-13.26,11.73,34.36,0,1
-13.33,9.66,36.82,0,1
-13.62,0.0,34.7,0,0
-12.73,13.87,40.4,1,2
-13.17,17.07,38.04,1,2
-13.69,0.0,33.49,0,0
-13.31,11.52,37.22,0,1
-13.17,13.39,41.03,0,2
-13.43,10.98,33.75,0,1
-13.54,9.17,35.31,0,1
-13.2,16.95,30.29,1,2
-12.88,14.21,31.79,1,2
-13.72,9.29,37.67,0,1
-13.5,9.01,39.27,0,1
-13.58,9.33,38.22,0,1
-13.34,0.0,31.6,0,0
-13.72,11.41,33.43,0,1
-13.02,0.0,32.99,0,0
-13.16,0.0,31.7,0,0
-13.14,13.78,32.97,1,2
-12.89,17.46,42.66,1,2
-13.91,0.0,34.32,0,0
-13.67,10.39,39.89,0,1
-13.06,0.0,33.21,0,0
-13.25,0.0,34.46,0,0
-13.74,0.0,33.66,0,0
-12.55,13.15,35.53,0,2
-12.66,17.43,49.86,0,2
-13.67,9.56,31.73,0,1
-13.85,0.0,33.04,0,0
-13.39,0.0,32.23,0,0
-13.45,9.66,36.19,0,1
-13.36,10.54,36.12,0,1
-13.58,10.99,37.61,0,1
-12.53,14.72,45.79,1,2
-13.16,14.19,39.47,1,2
-13.74,10.43,37.51,0,1
-13.23,16.26,31.09,1,2
-13.45,0.0,33.67,0,0
-13.62,9.53,37.16,0,1
-13.84,0.0,31.52,0,0
-13.78,9.38,30.54,0,1
-13.23,9.53,35.04,0,1
-13.57,11.14,38.62,0,1
-13.36,0.0,32.92,0,0
-12.51,15.3,44.65,0,2
-13.71,9.81,32.58,0,1
-12.89,14.67,31.43,1,2
-13.77,0.0,34.29,0,0
-12.63,17.54,37.8,1,2
-13.28,0.0,34.35,0,0
-13.43,9.81,36.44,0,1
-13.47,0.0,34.44,0,0
-13.18,0.0,33.46,0,0
-13.77,0.0,34.88,0,0
-13.66,0.0,33.39,0,0
-13.71,11.93,39.33,0,1
-13.49,10.79,35.5,0,1
-13.76,10.45,38.79,0,1
-13.14,17.98,31.09,1,2
-13.59,0.0,33.75,0,0
-13.5,11.6,39.71,0,1
-13.43,10.44,37.0,0,1
-13.59,0.0,31.66,0,0
-13.68,9.99,32.88,0,1
-13.91,0.0,31.22,0,0
-13.74,11.05,38.72,0,1
-13.52,0.0,33.69,0,0
-13.56,11.92,30.54,0,1
-12.69,17.42,45.96,1,2
-12.93,13.8,45.26,1,2
-13.3,0.0,33.7,0,0
-13.43,0.0,30.62,0,0
-13.33,9.1,37.16,0,1
-12.87,13.45,33.09,1,2
-13.25,0.0,30.24,0,0
-13.19,14.57,38.77,1,2
-12.89,17.01,36.9,0,2
-13.67,0.0,34.8,0,0
-12.87,17.23,30.64,1,2
-13.67,0.0,32.36,0,0
-13.33,0.0,33.1,0,0
-12.69,17.8,32.41,1,2
-12.77,15.66,34.48,0,2
-13.94,0.0,34.05,0,0
-12.71,14.82,42.84,1,2
-13.42,9.61,30.58,0,1
-13.39,10.2,33.01,0,1
-13.75,11.77,33.29,0,1
-13.1,13.4,40.72,1,2
-13.85,0.0,32.77,0,0
-13.17,0.0,34.68,0,0
-12.88,17.98,41.81,0,2
-13.48,0.0,32.2,0,0
-13.58,0.0,32.7,0,0
-13.2,13.79,43.87,1,2
-13.6,10.77,35.82,0,1
-13.63,0.0,34.32,0,0
-13.81,0.0,34.45,0,0
-13.46,0.0,30.7,0,0
-13.19,15.58,38.68,1,2
-13.19,0.0,32.28,0,0
-13.21,9.37,39.33,0,1
-13.42,0.0,33.16,0,0
-13.59,9.73,32.09,0,1
-12.66,17.62,48.79,1,2
-13.34,10.13,33.58,0,1
-12.88,14.47,34.17,1,2
-13.51,0.0,33.68,0,0
-12.62,15.69,37.76,1,2
-13.67,0.0,33.95,0,0
-13.72,9.04,37.83,0,1
-13.39,11.07,32.07,0,1
-13.36,0.0,31.77,0,0
-13.45,0.0,32.45,0,0
-13.45,9.33,33.22,0,1
-12.53,14.27,48.9,0,2
-13.67,9.88,39.48,0,1
-13.76,9.46,33.86,0,1
-13.2,0.0,34.64,0,0
-12.95,15.16,48.24,1,2
-13.96,0.0,32.45,0,0
-13.71,0.0,34.68,0,0
-12.58,13.03,44.47,1,2
-12.57,15.12,31.84,1,2
-13.24,9.02,31.19,0,1
-13.15,0.0,31.39,0,0
-13.36,11.03,34.41,0,1
-13.09,14.91,32.68,0,2
-13.08,0.0,31.23,0,0
-12.93,15.01,45.44,0,2
-13.6,11.52,34.52,0,1
-14.0,0.0,30.95,0,0
-13.62,9.75,32.55,0,1
-13.15,0.0,30.78,0,0
-13.39,10.7,35.6,0,1
-13.23,10.33,35.24,0,1
-13.55,0.0,32.54,0,0
-13.18,0.0,34.23,0,0
-12.82,17.18,39.9,1,2
-12.7,16.41,44.49,1,2
-12.67,16.83,35.12,0,2
-13.41,0.0,31.05,0,0
-13.71,0.0,32.74,0,0
-13.78,10.01,31.38,0,1
-13.04,0.0,32.49,0,0
-13.21,0.0,34.61,0,0
-13.21,14.52,35.45,1,2
-13.49,0.0,32.39,0,0
-12.82,13.89,46.96,0,2
-12.62,13.92,30.03,0,2
-13.71,0.0,31.71,0,0
-12.83,14.19,42.93,0,2
-13.72,10.57,38.74,0,1
-13.7,10.81,31.2,0,1
-13.63,0.0,32.58,0,0
-12.81,17.5,30.57,1,2
-12.9,16.04,32.25,0,2
-12.85,14.89,41.9,1,2
-13.22,10.61,35.78,0,1
-13.58,0.0,31.17,0,0
-13.46,0.0,31.31,0,0
-13.51,11.44,32.92,0,1
-13.72,0.0,33.03,0,0
-13.65,0.0,32.87,0,0
-12.97,17.22,41.87,1,2
-13.88,0.0,32.66,0,0
-12.54,16.8,38.54,0,2
-13.6,0.0,34.79,0,0
-12.97,13.94,47.05,1,2
-13.58,9.89,34.3,0,1
-13.56,9.34,39.47,0,1
-13.05,17.48,43.64,1,2
-13.42,0.0,34.93,0,0
-13.27,11.14,32.73,0,1
-13.69,0.0,34.86,0,0
-13.07,14.97,40.77,0,2
-12.55,15.08,41.65,1,2
-13.02,0.0,33.48,0,0
-13.07,0.0,33.95,0,0
-13.69,11.38,36.62,0,1
-12.62,17.4,36.04,1,2
-12.9,15.85,45.68,0,2
-13.44,9.81,30.83,0,1
-13.16,0.0,34.24,0,0
-12.77,15.58,37.8,0,2
-13.75,10.79,39.92,0,1
-13.08,0.0,33.29,0,0
-13.1,17.04,48.5,0,2
-13.13,0.0,30.63,0,0
-13.26,10.86,31.04,0,1
-13.46,10.13,35.2,0,1
-13.48,0.0,31.66,0,0
-12.79,14.45,33.68,0,2
-13.41,9.2,31.07,0,1
-13.95,0.0,30.83,0,0
-13.51,10.0,39.83,0,1
-12.87,16.74,38.03,1,2
-13.64,0.0,31.66,0,0
-13.99,0.0,34.15,0,0
-12.56,14.12,35.7,1,2
-13.89,0.0,31.1,0,0
-13.49,11.73,31.68,0,1
-13.3,10.43,37.62,0,1
-13.01,14.17,39.04,1,2
-13.02,15.88,43.28,0,2
-12.8,14.96,34.61,1,2
-13.86,0.0,34.36,0,0
-13.2,0.0,33.83,0,0
-13.63,10.6,31.54,0,1
-13.71,0.0,31.38,0,0
-13.1,14.02,42.98,1,2
-13.28,0.0,34.26,0,0
-13.31,11.01,31.32,0,1
-13.72,9.11,31.2,0,1
-13.64,9.14,36.62,0,1
-13.41,0.0,32.08,0,0
-13.59,9.28,35.24,0,1
-13.1,15.45,46.6,0,2
-13.69,10.59,32.54,0,1
-13.36,11.2,38.38,0,1
-13.5,10.68,30.86,0,1
-13.64,0.0,30.11,0,0
-13.74,11.42,38.12,0,1
-13.34,9.44,34.79,0,1
-13.28,11.29,34.74,0,1
-13.55,0.0,34.73,0,0
-13.34,0.0,34.85,0,0
-13.49,11.44,38.53,0,1
-13.58,0.0,30.55,0,0
-13.42,0.0,31.71,0,0
-12.79,15.27,30.91,0,2
-13.21,9.41,31.04,0,1
-12.71,17.04,31.91,0,2
-13.89,0.0,30.86,0,0
-12.55,15.85,39.77,1,2
-13.0,15.58,46.39,1,2
-12.96,17.81,35.61,0,2
-13.9,0.0,30.52,0,0
-12.94,16.11,39.97,1,2
-13.24,0.0,31.45,0,0
-12.81,15.96,42.79,0,2
-13.41,0.0,32.41,0,0
-13.23,10.71,30.03,0,1
-12.91,13.79,41.78,1,2
-13.69,11.26,33.62,0,1
-13.51,0.0,33.0,0,0
-13.72,11.91,36.74,0,1
-13.59,0.0,31.91,0,0
-13.54,10.48,32.76,0,1
-13.25,0.0,31.67,0,0
-13.26,11.98,35.84,0,1
-12.87,13.41,48.79,0,2
-13.34,0.0,30.44,0,0
-13.07,0.0,30.69,0,0
-13.26,0.0,31.01,0,0
-13.65,0.0,31.76,0,0
-13.63,0.0,30.35,0,0
-13.04,0.0,32.2,0,0
-13.5,9.3,36.09,0,1
-13.5,9.17,35.72,0,1
-12.97,13.94,36.7,1,2
-13.19,0.0,33.09,0,0
-13.16,16.95,34.87,0,2
-13.46,0.0,30.76,0,0
-13.69,11.53,33.99,0,1
-13.74,0.0,30.6,0,0
-13.66,0.0,31.77,0,0
-13.6,9.57,34.73,0,1
-13.28,0.0,33.65,0,0
-13.95,0.0,34.98,0,0
-13.0,14.63,49.67,0,2
-13.22,13.39,38.71,0,2
-12.6,16.32,44.97,1,2
-13.41,11.41,33.91,0,1
-13.82,0.0,31.78,0,0
-13.32,0.0,31.02,0,0
-12.99,15.16,35.02,1,2
-13.22,9.62,36.51,0,1
-13.73,9.87,30.97,0,1
-13.07,0.0,32.35,0,0
-13.27,10.46,39.4,0,1
-13.71,10.3,31.75,0,1
-13.01,15.9,31.21,1,2
-13.27,17.12,44.36,0,2
-13.5,10.94,35.18,0,1
-13.47,0.0,33.37,0,0
-12.61,14.99,31.74,0,2
-13.19,15.56,42.58,0,2
-13.23,0.0,32.33,0,0
-13.6,9.1,31.3,0,1
-12.6,16.81,49.54,1,2
-12.75,17.24,41.44,0,2
-12.91,15.99,35.02,1,2
-12.98,15.07,45.54,0,2
-13.06,15.18,37.54,0,2
-13.04,0.0,31.43,0,0
-13.7,10.02,33.55,0,1
-12.95,16.24,48.56,0,2
-13.24,0.0,33.65,0,0
-12.74,17.06,49.58,0,2
-13.71,10.15,32.42,0,1
-12.73,14.72,34.3,0,2
-13.96,0.0,33.06,0,0
-13.05,13.06,47.43,1,2
-13.45,11.11,35.95,0,1
-13.21,11.33,34.52,0,1
-13.52,11.25,38.99,0,1
-12.98,16.37,45.28,1,2
-13.61,11.55,35.66,0,1
-13.02,13.38,39.18,1,2
-13.48,10.58,39.79,0,1
-13.11,0.0,30.4,0,0
-12.71,16.31,45.3,0,2
-13.7,11.03,38.91,0,1
-13.4,9.07,35.7,0,1
-12.85,16.4,40.96,1,2
-13.16,15.91,34.99,0,2
-13.56,0.0,32.9,0,0
-12.95,17.62,48.73,1,2
-12.76,17.81,33.54,1,2
-12.71,13.75,36.99,0,2
-13.21,10.77,33.62,0,1
-12.93,14.59,39.03,0,2
-12.61,14.65,42.39,1,2
-13.37,10.04,32.88,0,1
-13.27,10.0,34.09,0,1
-12.89,14.1,42.15,1,2
-13.13,0.0,30.2,0,0
-13.89,0.0,32.86,0,0
-13.21,11.64,38.32,0,1
-13.66,9.56,38.23,0,1
-13.36,10.09,33.36,0,1
-13.27,11.53,35.61,0,1
-12.84,15.89,35.03,0,2
-13.58,11.78,35.69,0,1
-13.49,9.55,37.22,0,1
-13.47,9.38,31.28,0,1
-13.33,9.44,38.1,0,1
-13.68,10.64,34.24,0,1
-13.73,9.66,30.78,0,1
-12.74,15.03,39.63,1,2
-12.91,13.13,42.06,0,2
-13.01,17.87,31.94,1,2
-12.88,14.64,47.85,0,2
-12.8,14.06,32.43,0,2
-13.09,15.4,41.01,1,2
-13.64,0.0,31.64,0,0
-13.62,11.13,37.22,0,1
-13.69,0.0,33.52,0,0
-13.66,0.0,30.78,0,0
-13.54,10.36,37.25,0,1
-13.68,0.0,32.81,0,0
-13.79,0.0,34.79,0,0
-12.86,13.96,41.47,0,2
-12.75,17.57,47.81,1,2
-13.44,9.82,32.94,0,1
-13.25,15.06,44.85,1,2
-13.13,0.0,30.19,0,0
-12.55,17.94,38.59,1,2
-12.78,16.32,47.66,1,2
-13.36,9.95,39.13,0,1
-13.6,0.0,33.0,0,0
-12.68,15.59,32.01,0,2
-13.63,10.81,33.71,0,1
-13.22,0.0,34.81,0,0
-13.42,0.0,30.86,0,0
-13.51,9.87,32.39,0,1
-13.93,0.0,34.38,0,0
-12.54,13.74,44.99,1,2
-13.38,0.0,33.17,0,0
-13.6,0.0,34.53,0,0
-13.13,0.0,33.3,0,0
-13.35,9.68,37.76,0,1
-13.66,0.0,30.73,0,0
-12.5,15.38,43.78,0,2
-13.07,0.0,34.85,0,0
-13.28,10.08,35.52,0,1
-12.66,13.4,33.14,1,2
-13.12,0.0,33.6,0,0
-13.45,11.13,33.06,0,1
-13.36,0.0,30.17,0,0
-12.52,17.28,41.41,1,2
-13.13,15.7,46.01,1,2
-13.28,0.0,33.7,0,0
-13.98,0.0,33.59,0,0
-13.68,9.57,34.78,0,1
-13.23,0.0,32.22,0,0
-12.97,17.32,43.22,0,2
-13.4,0.0,31.04,0,0
-13.07,0.0,32.98,0,0
-13.17,17.57,40.59,1,2
-12.98,15.43,30.93,0,2
-13.41,0.0,30.4,0,0
-13.77,0.0,34.36,0,0
-13.65,11.21,31.34,0,1
-13.86,0.0,31.0,0,0
-13.31,0.0,32.02,0,0
-13.62,10.65,39.05,0,1
-13.63,11.15,30.24,0,1
-13.02,14.62,35.56,0,2
-13.47,9.51,38.27,0,1
-12.66,15.56,48.8,1,2
-13.35,10.67,38.7,0,1
-13.78,11.33,33.11,0,1
-13.73,11.08,32.1,0,1
-12.63,17.57,45.35,1,2
-13.29,11.01,32.24,0,1
-13.29,9.09,35.63,0,1
-13.22,0.0,30.85,0,0
-13.59,0.0,31.67,0,0
-12.75,16.0,44.45,0,2
-13.75,9.37,36.13,0,1
-12.81,15.61,35.79,1,2
-13.65,9.84,30.25,0,1
-12.56,14.45,35.77,1,2
-13.8,0.0,31.03,0,0
-12.51,17.86,30.24,0,2
-12.86,13.19,46.11,1,2
-13.97,0.0,32.52,0,0
-13.47,0.0,33.44,0,0
-13.44,9.9,36.22,0,1
-12.99,15.13,37.78,1,2
-12.76,13.56,45.73,1,2
-13.22,0.0,30.88,0,0
-13.0,16.87,47.12,1,2
-12.89,17.31,47.97,0,2
-12.81,17.9,40.44,1,2
-13.11,13.96,46.85,0,2
-13.14,0.0,34.74,0,0
-13.58,10.83,30.37,0,1
-13.31,10.94,30.11,0,1
-13.57,11.4,37.84,0,1
-12.5,13.93,37.84,1,2
-13.32,10.86,30.71,0,1
-13.63,11.6,35.92,0,1
-13.03,0.0,31.11,0,0
-13.5,10.67,35.43,0,1
-13.25,17.07,37.57,1,2
-13.19,0.0,33.19,0,0
-13.37,0.0,32.78,0,0
-13.57,0.0,34.95,0,0
-13.32,9.74,36.14,0,1
-13.71,0.0,32.91,0,0
-12.55,14.27,43.91,0,2
-13.42,10.34,36.51,0,1
-13.14,0.0,33.43,0,0
-12.81,13.59,33.86,0,2
-13.3,0.0,33.71,0,0
-13.26,11.43,35.51,0,1
-12.93,15.47,43.49,0,2
-13.6,10.65,33.85,0,1
-12.59,16.23,43.81,1,2
-13.23,11.96,34.43,0,1
-13.16,0.0,31.44,0,0
-13.78,9.69,38.82,0,1
-13.49,10.53,37.64,0,1
-12.96,14.21,44.28,0,2
-13.35,0.0,31.95,0,0
-13.36,0.0,34.61,0,0
-13.91,0.0,34.98,0,0
-13.82,0.0,34.78,0,0
-12.66,16.64,37.79,1,2
-13.18,0.0,32.46,0,0
-13.67,10.11,35.65,0,1
-13.19,0.0,32.31,0,0
-13.25,14.5,46.2,1,2
-13.63,0.0,34.0,0,0
-13.89,0.0,34.38,0,0
-13.29,10.36,36.15,0,1
-13.69,0.0,33.44,0,0
-13.16,0.0,30.58,0,0
-12.85,17.87,41.83,0,2
-13.59,0.0,30.41,0,0
-12.9,16.48,34.88,0,2
-13.58,0.0,34.67,0,0
-13.47,9.26,37.19,0,1
-13.53,0.0,31.52,0,0
-13.3,11.39,32.37,0,1
-13.58,0.0,30.81,0,0
-13.04,0.0,34.15,0,0
-12.83,16.51,44.88,0,2
-13.26,0.0,31.06,0,0
-13.45,0.0,33.95,0,0
-13.7,10.32,38.8,0,1
-12.71,17.43,42.04,1,2
-13.08,0.0,31.66,0,0
-13.51,0.0,34.04,0,0
-13.72,11.96,39.57,0,1
-13.52,9.04,36.51,0,1
-13.0,13.99,37.19,0,2
-12.69,16.17,33.86,1,2
-13.04,0.0,32.77,0,0
-13.62,11.89,39.91,0,1
-13.41,10.07,32.87,0,1
-12.75,14.59,35.39,1,2
-13.07,0.0,33.38,0,0
-13.45,0.0,30.43,0,0
-12.71,17.45,40.81,0,2
-13.65,10.05,32.63,0,1
-13.5,11.75,38.79,0,1
-13.31,9.77,32.91,0,1
-12.59,13.01,33.11,1,2
-13.77,0.0,32.19,0,0
-12.65,17.13,47.59,0,2
-13.27,14.91,33.54,0,2
-13.68,10.38,39.81,0,1
-13.07,0.0,34.15,0,0
-13.46,0.0,30.19,0,0
-13.78,0.0,32.92,0,0
-13.36,10.23,39.57,0,1
-13.97,0.0,30.24,0,0
-12.88,13.65,33.8,1,2
-13.64,0.0,34.24,0,0
-13.38,10.73,33.43,0,1
-13.59,0.0,33.64,0,0
-13.75,9.68,31.0,0,1
-13.27,0.0,31.81,0,0
-12.6,14.58,35.46,0,2
-12.9,16.44,45.72,0,2
-13.78,0.0,31.64,0,0
-13.6,0.0,31.78,0,0
-12.85,14.3,46.12,1,2
-12.89,14.84,34.37,1,2
-13.34,0.0,31.08,0,0
-13.02,0.0,33.32,0,0
-13.29,14.68,30.74,0,2
-13.67,0.0,32.29,0,0
-13.82,0.0,31.7,0,0
-13.24,9.06,32.5,0,1
-12.53,17.4,41.15,1,2
-12.79,15.56,30.78,1,2
-12.83,15.17,44.57,0,2
-13.18,16.43,42.34,1,2
-13.27,0.0,34.79,0,0
-13.07,0.0,31.55,0,0
-12.7,15.89,33.26,1,2
-12.87,15.89,32.8,0,2
-13.39,11.68,31.77,0,1
-12.68,13.64,48.76,0,2
-13.45,11.24,32.2,0,1
-12.57,13.3,32.0,1,2
-12.86,14.62,43.36,0,2
-13.31,11.66,31.53,0,1
-13.63,0.0,33.05,0,0
-13.78,0.0,32.22,0,0
-13.78,9.35,37.23,0,1
-13.34,9.92,31.86,0,1
-13.44,0.0,30.48,0,0
-13.16,15.38,45.01,0,2
-13.4,0.0,34.8,0,0
-13.14,0.0,31.0,0,0
-13.28,0.0,32.4,0,0
-13.38,11.52,30.18,0,1
-13.44,0.0,32.91,0,0
-13.55,11.37,32.57,0,1
-13.66,11.71,34.81,0,1
-13.49,0.0,34.3,0,0
-13.54,0.0,30.69,0,0
-13.16,17.43,44.55,1,2
-13.29,0.0,34.52,0,0
-13.59,10.6,36.91,0,1
-13.58,10.7,30.63,0,1
-13.7,0.0,31.87,0,0
-13.31,9.73,30.91,0,1
-13.05,15.19,36.05,1,2
-13.71,0.0,33.9,0,0
-13.63,9.0,31.0,0,1
-13.21,10.31,34.87,0,1
-13.25,11.83,36.12,0,1
-13.4,0.0,30.18,0,0
-13.03,0.0,31.64,0,0
-13.36,11.96,39.21,0,1
-13.31,9.26,32.82,0,1
-13.03,17.01,34.69,1,2
-13.15,14.96,35.38,0,2
-13.66,0.0,31.5,0,0
-12.94,13.63,47.0,0,2
-13.64,9.04,34.42,0,1
-13.11,0.0,34.86,0,0
-13.79,11.25,38.78,0,1
-13.8,0.0,31.94,0,0
-13.78,0.0,30.38,0,0
-13.27,11.79,37.9,0,1
-13.36,0.0,34.34,0,0
-13.26,10.46,30.17,0,1
-13.98,0.0,33.59,0,0
-13.66,0.0,31.18,0,0
-13.62,10.68,33.35,0,1
-12.71,13.19,47.61,1,2
-13.34,0.0,32.3,0,0
-13.34,11.14,38.32,0,1
-13.78,10.45,32.43,0,1
-13.83,0.0,31.81,0,0
-13.33,10.72,39.88,0,1
-12.93,15.48,44.4,0,2
-13.15,0.0,31.04,0,0
-13.11,14.35,49.31,0,2
-13.3,11.93,39.72,0,1
-13.27,9.9,35.68,0,1
-13.54,11.44,34.64,0,1
-13.68,11.97,32.96,0,1
-13.67,10.38,32.2,0,1
-13.27,14.82,33.39,0,2
-12.57,14.01,47.31,1,2
-13.37,0.0,32.62,0,0
-13.37,10.66,38.09,0,1
-12.92,16.42,47.4,1,2
-13.68,11.26,38.17,0,1
-13.79,9.15,30.43,0,1
-13.69,0.0,32.16,0,0
-12.81,14.16,33.14,0,2
-12.78,16.23,34.48,0,2
-12.64,17.4,34.9,1,2
-13.38,9.06,38.94,0,1
-13.2,17.06,32.91,0,2
-12.9,15.86,48.52,1,2
-13.58,11.16,38.59,0,1
-13.32,10.03,34.39,0,1
-13.25,0.0,30.19,0,0
-13.41,10.37,39.08,0,1
-13.25,0.0,31.31,0,0
-12.53,16.8,45.7,1,2
-13.21,10.56,30.38,0,1
-13.11,14.21,35.62,1,2
-13.35,9.73,39.32,0,1
-13.23,14.26,37.0,0,2
-13.04,0.0,34.15,0,0
-13.52,9.69,35.28,0,1
-13.24,15.78,44.3,1,2
-12.72,14.45,39.21,1,2
-13.66,0.0,32.98,0,0
-12.67,16.51,34.25,1,2
-12.95,14.12,34.51,1,2
-13.23,17.15,34.01,1,2
-12.82,15.68,44.63,0,2
-13.28,13.56,33.38,1,2
-13.51,0.0,30.4,0,0
-12.91,15.25,42.1,0,2
-13.47,11.31,32.11,0,1
-13.62,10.63,38.11,0,1
-13.35,0.0,32.53,0,0
-13.22,0.0,31.52,0,0
-13.41,11.78,39.04,0,1
-13.37,10.37,38.43,0,1
-13.46,0.0,34.88,0,0
-13.65,10.34,36.54,0,1
-13.7,10.26,34.37,0,1
-12.59,14.02,37.17,1,2
-13.27,9.64,38.82,0,1
-12.55,17.71,37.0,1,2
-13.15,15.02,46.62,1,2
-12.52,17.54,38.01,1,2
-13.1,0.0,34.91,0,0
-13.62,0.0,32.67,0,0
-13.4,0.0,34.44,0,0
-13.72,0.0,31.93,0,0
-13.95,0.0,31.01,0,0
-12.98,16.17,39.59,1,2
-13.66,10.03,35.31,0,1
-12.9,15.28,31.67,1,2
-13.08,0.0,33.58,0,0
-13.14,0.0,30.93,0,0
-13.36,10.43,30.43,0,1
-13.77,0.0,34.84,0,0
-13.46,10.3,39.21,0,1
-13.89,0.0,30.92,0,0
-12.87,13.39,44.19,0,2
-13.94,0.0,31.02,0,0
-13.05,15.76,45.0,1,2
-12.51,16.47,48.48,1,2
-13.12,16.03,30.66,0,2
-13.69,0.0,31.16,0,0
-13.95,0.0,32.53,0,0
-13.68,11.58,32.66,0,1
-13.17,0.0,33.59,0,0
-13.2,11.92,39.1,0,1
-13.3,17.65,30.5,1,2
-13.45,9.9,31.48,0,1
-13.31,10.74,30.2,0,1
-12.68,17.32,37.72,0,2
-13.29,9.58,32.42,0,1
-13.29,0.0,33.17,0,0
-13.76,0.0,31.95,0,0
-13.57,0.0,30.45,0,0
-13.69,0.0,33.98,0,0
-13.67,10.62,35.76,0,1
-13.44,10.79,32.18,0,1
-13.48,10.52,32.03,0,1
-13.42,0.0,31.02,0,0
-13.43,9.3,30.75,0,1
-13.89,0.0,30.55,0,0
-13.43,10.75,38.54,0,1
-13.64,0.0,31.48,0,0
-12.68,15.48,45.79,1,2
-13.5,9.99,36.03,0,1
-13.61,11.8,33.85,0,1
-13.02,17.14,34.85,1,2
-12.89,13.4,40.23,1,2
-13.3,11.55,33.57,0,1
-13.94,0.0,34.98,0,0
-13.33,12.0,37.98,0,1
-12.99,13.64,46.13,0,2
-12.63,16.46,32.11,1,2
-13.05,0.0,32.87,0,0
-13.57,9.82,32.69,0,1
-13.53,10.94,32.48,0,1
-13.0,15.69,32.71,1,2
-13.44,9.22,31.34,0,1
-12.69,16.01,41.35,0,2
-13.53,0.0,33.89,0,0
-13.47,11.68,37.7,0,1
-12.66,13.72,39.54,1,2
-13.97,0.0,33.17,0,0
-13.78,10.41,32.28,0,1
-12.68,17.39,45.98,0,2
-13.42,10.59,31.61,0,1
-13.4,0.0,30.99,0,0
-13.99,0.0,31.9,0,0
-12.88,13.06,41.62,0,2
-13.05,13.42,49.06,1,2
-13.05,13.24,33.97,0,2
-13.66,9.66,30.2,0,1
-13.2,0.0,30.73,0,0
-13.65,11.75,37.7,0,1
-13.65,0.0,30.9,0,0
-12.55,15.35,31.0,0,2
-13.7,0.0,33.81,0,0
-13.64,0.0,34.36,0,0
-12.62,17.47,35.26,0,2
-13.96,0.0,34.34,0,0
-12.57,16.35,42.54,0,2
-13.02,14.16,41.72,0,2
-13.71,0.0,32.61,0,0
-13.29,14.09,42.8,0,2
-14.0,0.0,32.38,0,0
-13.51,0.0,31.14,0,0
-13.15,17.22,43.79,0,2
-13.4,9.71,32.0,0,1
-13.22,11.31,30.19,0,1
-13.67,9.44,33.11,0,1
-12.55,14.95,40.93,1,2
-13.63,11.29,30.54,0,1
-13.46,0.0,30.2,0,0
-12.99,16.69,48.72,0,2
-12.99,13.79,42.38,1,2
-13.58,9.14,34.57,0,1
-12.64,13.82,35.52,1,2
-13.14,17.92,33.56,1,2
-13.79,10.15,37.46,0,1
-13.06,13.3,38.85,1,2
-12.95,16.78,37.18,0,2
-13.38,10.5,31.85,0,1
-12.56,17.01,33.35,1,2
-13.06,14.16,44.69,1,2
-13.67,11.23,31.3,0,1
-13.01,17.25,35.02,0,2
-13.43,0.0,34.84,0,0
-13.2,14.17,48.14,0,2
-12.79,17.05,36.46,0,2
-13.11,0.0,30.11,0,0
-12.55,17.32,43.54,0,2
-13.7,10.75,38.52,0,1
-13.11,14.35,32.32,0,2
-13.66,10.52,38.17,0,1
-13.75,11.86,37.88,0,1
-13.67,0.0,34.65,0,0
-13.68,0.0,30.46,0,0
-13.48,9.87,31.84,0,1
-12.68,13.39,36.72,1,2
-12.88,16.2,44.74,0,2
-12.64,15.39,42.6,1,2
-12.52,15.09,31.18,1,2
-12.91,15.57,32.49,1,2
-13.75,11.96,37.52,0,1
-12.9,13.26,30.03,1,2
-13.9,0.0,33.65,0,0
-13.05,14.93,47.34,0,2
-12.71,16.43,43.98,0,2
-13.17,13.91,40.8,1,2
-12.92,14.89,47.67,0,2
-13.43,10.03,39.41,0,1
-13.69,0.0,31.12,0,0
-13.62,10.06,36.05,0,1
-12.54,13.26,30.04,1,2
-13.43,11.96,31.53,0,1
-12.89,14.46,42.32,1,2
-13.1,0.0,32.42,0,0
-13.25,9.37,32.39,0,1
-14.0,0.0,32.79,0,0
-13.66,0.0,34.69,0,0
-13.13,17.53,49.1,0,2
-13.7,0.0,31.83,0,0
-13.29,0.0,32.82,0,0
-12.89,13.44,42.72,0,2
-13.8,0.0,32.42,0,0
-13.08,0.0,31.26,0,0
-13.78,0.0,34.34,0,0
-12.7,13.42,48.56,0,2
-13.29,15.29,40.98,1,2
-12.75,14.56,47.27,1,2
-13.64,0.0,34.69,0,0
-12.75,15.85,42.26,1,2
-13.29,10.56,38.27,0,1
-12.62,14.95,42.34,1,2
-12.95,13.9,32.17,1,2
-13.42,9.6,38.57,0,1
-13.07,17.69,49.82,0,2
-12.94,14.13,33.56,0,2
-13.23,14.38,38.56,1,2
-13.23,17.66,45.16,1,2
-13.75,9.97,38.62,0,1
-12.61,14.73,39.45,1,2
-13.83,0.0,33.31,0,0
-13.3,11.08,38.94,0,1
-12.62,13.0,37.44,1,2
-13.26,15.34,31.67,1,2
-13.79,10.01,37.01,0,1
-13.22,13.51,44.48,1,2
-13.19,17.24,35.44,1,2
-13.95,0.0,32.34,0,0
-13.1,0.0,31.67,0,0
-13.31,9.7,30.3,0,1
-13.26,11.72,30.83,0,1
-13.3,9.25,36.14,0,1
-13.61,11.99,30.15,0,1
-13.24,9.8,36.43,0,1
-12.62,14.1,38.89,0,2
-13.68,0.0,31.01,0,0
-13.67,0.0,32.95,0,0
-12.88,13.96,46.37,0,2
-13.36,10.78,30.34,0,1
-12.57,14.39,37.56,0,2
-13.67,10.99,35.88,0,1
-13.21,9.04,34.66,0,1
-12.55,13.7,42.68,0,2
-12.56,16.6,42.29,1,2
-13.72,0.0,31.13,0,0
-12.92,13.22,36.93,1,2
-13.29,14.26,34.0,1,2
-13.24,16.27,38.56,1,2
-13.8,0.0,31.66,0,0
-13.77,10.2,35.21,0,1
-13.23,13.24,40.78,1,2
-13.18,0.0,32.31,0,0
-12.97,15.67,40.14,1,2
-13.64,9.99,36.1,0,1
-13.51,0.0,33.27,0,0
-13.21,0.0,34.65,0,0
-13.9,0.0,30.36,0,0
-13.48,11.66,32.29,0,1
-13.42,0.0,34.66,0,0
-13.55,9.37,30.88,0,1
-13.61,0.0,32.88,0,0
-13.21,11.2,39.14,0,1
-13.94,0.0,33.35,0,0
-13.49,0.0,30.81,0,0
-13.51,9.17,30.7,0,1
-12.74,16.57,42.99,1,2
-13.7,9.5,38.22,0,1
-12.97,17.57,43.82,0,2
-13.37,11.99,36.28,0,1
-13.5,9.45,39.31,0,1
-13.82,0.0,31.82,0,0
-13.03,14.71,45.8,0,2
-12.95,17.92,44.21,1,2
-13.37,10.89,32.26,0,1
-13.66,10.53,31.24,0,1
-13.29,9.61,36.72,0,1
-13.39,10.64,32.35,0,1
-13.29,15.05,47.92,1,2
-12.63,15.57,31.3,0,2
-13.17,0.0,31.72,0,0
-13.53,9.51,38.98,0,1
-13.29,14.4,34.83,0,2
-13.62,0.0,31.01,0,0
-12.82,14.85,41.05,0,2
-12.98,15.15,47.55,1,2
-13.01,16.9,36.52,0,2
-13.72,0.0,34.15,0,0
-13.52,9.15,32.58,0,1
-13.65,0.0,30.23,0,0
-13.46,10.8,37.3,0,1
-13.54,11.7,34.59,0,1
-12.89,15.39,30.23,0,2
-13.3,0.0,32.41,0,0
-13.29,10.98,34.7,0,1
-12.99,13.58,35.4,1,2
-13.3,0.0,33.48,0,0
-13.29,14.36,34.7,0,2
-13.02,13.95,43.56,1,2
-13.48,10.06,37.8,0,1
-13.96,0.0,33.39,0,0
-13.32,0.0,34.85,0,0
-12.75,16.66,39.51,0,2
-13.94,0.0,33.04,0,0
-13.53,0.0,34.24,0,0
-13.27,15.23,37.97,1,2
-12.67,15.66,40.85,1,2
-13.54,10.84,30.92,0,1
-13.43,9.75,31.05,0,1
-12.96,13.71,47.06,0,2
-13.74,11.7,30.81,0,1
-12.54,14.55,36.19,1,2
-12.96,14.38,40.47,0,2
-13.53,9.52,33.08,0,1
-13.22,15.29,38.38,0,2
-13.7,0.0,34.02,0,0
-13.74,9.47,35.95,0,1
-13.57,0.0,33.85,0,0
-13.74,11.8,32.67,0,1
-13.43,0.0,33.64,0,0
-13.51,11.37,37.14,0,1
-13.03,15.36,44.65,0,2
-12.52,13.03,47.11,1,2
-13.87,0.0,34.55,0,0
-13.41,11.54,36.08,0,1
-13.29,17.99,44.44,1,2
-13.0,0.0,34.86,0,0
-13.03,16.29,35.0,0,2
-13.95,0.0,33.63,0,0
-13.45,9.32,35.24,0,1
-12.55,16.56,46.27,0,2
-12.99,16.77,43.95,0,2
-13.88,0.0,30.84,0,0
-12.87,16.63,42.83,1,2
-13.56,10.35,31.09,0,1
-13.19,16.06,40.08,0,2
-13.26,11.61,30.02,0,1
-13.44,0.0,34.5,0,0
-13.24,0.0,30.13,0,0
-13.06,16.61,45.32,0,2
-13.81,0.0,31.25,0,0
-12.76,15.26,37.98,0,2
-13.4,0.0,32.29,0,0
-13.8,0.0,30.5,0,0
-13.23,14.47,43.61,1,2
-13.27,15.05,43.09,0,2
-12.83,15.76,49.9,0,2
-12.9,14.21,39.1,0,2
-12.66,14.81,44.52,0,2
-13.7,0.0,34.44,0,0
-13.69,11.78,37.53,0,1
-12.61,16.75,45.75,1,2
-13.59,10.92,33.72,0,1
-13.68,10.96,36.12,0,1
-13.0,0.0,31.47,0,0
-13.65,10.57,37.47,0,1
-13.36,9.44,38.81,0,1
-13.26,10.68,35.11,0,1
-13.73,10.61,32.47,0,1
-13.06,14.29,45.65,1,2
-13.42,10.21,33.89,0,1
-13.49,0.0,31.07,0,0
-13.06,0.0,30.54,0,0
-13.89,0.0,31.87,0,0
-13.73,10.69,32.89,0,1
-13.52,9.12,32.69,0,1
-13.13,0.0,34.0,0,0
-13.79,0.0,33.44,0,0
-13.21,9.09,37.68,0,1
-13.55,10.62,38.13,0,1
-12.84,16.06,42.76,0,2
-13.37,0.0,32.25,0,0
-13.72,9.38,37.64,0,1
-13.92,0.0,30.52,0,0
-13.69,0.0,33.45,0,0
-13.87,0.0,32.28,0,0
-13.64,0.0,34.84,0,0
-13.57,0.0,33.77,0,0
-13.27,14.34,45.27,1,2
-13.49,0.0,30.95,0,0
-13.88,0.0,32.07,0,0
-13.67,11.19,37.47,0,1
-13.49,0.0,33.55,0,0
-12.99,13.87,34.8,1,2
-13.36,0.0,31.3,0,0
-13.58,10.53,37.98,0,1
-13.06,16.58,45.31,0,2
-13.87,0.0,30.99,0,0
-12.96,17.44,36.82,0,2
-13.36,0.0,32.96,0,0
-13.21,9.14,32.05,0,1
-13.49,0.0,33.14,0,0
-13.11,13.08,46.36,0,2
-13.53,11.79,37.78,0,1
-13.86,0.0,30.15,0,0
-13.15,0.0,33.63,0,0
-13.96,0.0,34.27,0,0
-13.62,11.56,36.38,0,1
-13.2,0.0,33.96,0,0
-13.25,14.15,44.0,1,2
-13.25,9.71,38.45,0,1
-12.56,13.99,45.89,1,2
-12.66,13.89,43.31,1,2
-13.71,10.0,31.13,0,1
-13.16,16.43,30.09,0,2
-13.17,14.37,39.77,0,2
-12.75,13.19,35.34,1,2
-13.96,0.0,30.95,0,0
-13.04,14.73,42.02,0,2
-13.31,11.26,31.6,0,1
-13.92,0.0,32.05,0,0
-13.38,9.21,37.79,0,1
-12.67,16.2,36.53,0,2
-13.2,11.13,36.74,0,1
-13.18,0.0,30.88,0,0
-13.74,0.0,32.64,0,0
-12.65,15.32,41.32,0,2
-13.67,0.0,31.4,0,0
-13.15,17.57,35.71,1,2
-13.26,9.14,36.07,0,1
-13.69,11.73,36.3,0,1
-13.57,9.99,36.02,0,1
-13.74,0.0,31.73,0,0
-13.66,11.61,37.68,0,1
-13.4,9.62,33.71,0,1
-13.69,9.91,38.16,0,1
-13.67,11.99,37.92,0,1
-13.75,0.0,34.2,0,0
-12.75,13.62,40.32,1,2
-12.83,14.25,43.54,0,2
-13.39,0.0,31.68,0,0
-13.59,0.0,34.98,0,0
-12.92,16.34,47.44,0,2
-13.08,15.56,47.33,1,2
-13.56,11.26,36.31,0,1
-13.69,9.98,38.12,0,1
-12.86,14.5,40.98,1,2
-13.41,11.43,36.32,0,1
-13.34,10.0,37.78,0,1
-13.17,0.0,34.52,0,0
-13.39,10.5,32.74,0,1
-13.61,10.36,30.36,0,1
-13.3,0.0,34.58,0,0
-13.44,0.0,30.84,0,0
-13.8,11.27,32.56,0,1
-12.92,13.3,39.55,0,2
-13.03,13.45,45.38,0,2
-13.4,0.0,33.47,0,0
-13.13,0.0,30.13,0,0
-13.46,0.0,33.46,0,0
-13.46,0.0,31.41,0,0
-13.79,0.0,30.58,0,0
-13.27,10.99,39.84,0,1
-13.06,17.32,43.61,0,2
-13.99,0.0,34.53,0,0
-13.9,0.0,32.67,0,0
-13.67,0.0,31.99,0,0
-12.5,16.05,39.32,0,2
-13.65,0.0,32.88,0,0
-12.56,17.73,32.37,1,2
-13.59,9.78,35.99,0,1
-13.96,0.0,30.26,0,0
-12.98,13.11,47.73,0,2
-13.46,0.0,32.17,0,0
-13.17,0.0,33.45,0,0
-13.35,0.0,30.96,0,0
-13.2,11.66,39.35,0,1
-12.56,16.39,31.16,0,2
-13.69,0.0,32.51,0,0
-12.99,13.37,42.37,1,2
-13.24,13.1,47.37,1,2
-13.06,13.1,47.13,1,2
-13.21,11.26,30.0,0,1
-13.76,10.24,34.18,0,1
-13.15,14.98,32.2,1,2
-13.04,0.0,33.55,0,0
-13.5,0.0,31.15,0,0
-13.07,0.0,32.73,0,0
-13.07,0.0,34.34,0,0
-13.74,11.73,37.27,0,1
-13.21,9.59,35.48,0,1
-13.32,0.0,33.25,0,0
-13.2,16.41,43.17,1,2
-13.86,0.0,30.87,0,0
-13.21,0.0,32.54,0,0
-13.09,0.0,33.04,0,0
-13.41,9.03,30.58,0,1
-13.52,10.92,30.79,0,1
-13.96,0.0,31.73,0,0
-13.5,0.0,33.9,0,0
-13.11,13.95,36.15,0,2
-13.53,0.0,33.5,0,0
-13.68,9.75,38.06,0,1
-13.68,0.0,30.45,0,0
-12.8,17.35,46.7,0,2
-12.7,13.44,30.26,0,2
-13.5,9.23,34.47,0,1
-13.43,9.54,36.66,0,1
-13.68,0.0,31.78,0,0
-12.83,16.65,31.38,1,2
-12.69,13.58,31.47,0,2
-12.91,13.68,34.94,1,2
-13.57,11.15,38.43,0,1
-13.62,11.9,33.78,0,1
-13.33,10.61,34.1,0,1
-13.8,0.0,30.47,0,0
-13.51,11.72,38.58,0,1
-13.14,0.0,33.68,0,0
-13.48,10.53,31.28,0,1
-12.65,15.78,49.2,1,2
-13.24,0.0,31.2,0,0
-13.25,17.24,49.03,1,2
-12.78,15.53,48.31,1,2
-13.05,14.64,36.91,0,2
-13.02,16.32,38.44,1,2
-13.75,0.0,31.79,0,0
-13.52,10.51,31.55,0,1
-13.67,0.0,34.44,0,0
-13.07,0.0,31.7,0,0
-12.98,13.52,41.32,1,2
-13.59,11.04,38.58,0,1
-13.74,0.0,32.93,0,0
-13.14,16.14,45.98,0,2
-13.64,10.38,32.63,0,1
-12.92,13.79,41.15,0,2
-13.56,9.94,34.7,0,1
-13.48,10.4,31.47,0,1
-13.38,9.13,32.48,0,1
-12.54,14.51,33.37,0,2
-12.65,14.35,31.06,0,2
-12.66,15.4,47.3,0,2
-13.26,14.66,43.49,0,2
-13.78,0.0,30.65,0,0
-12.96,16.92,49.63,1,2
-13.33,10.24,32.33,0,1
-13.35,0.0,33.58,0,0
-12.67,15.76,36.04,1,2
-13.51,10.23,35.15,0,1
-13.43,10.07,35.98,0,1
-12.85,15.16,36.02,0,2
-13.49,0.0,32.3,0,0
-12.75,13.43,45.34,1,2
-13.15,0.0,31.33,0,0
-13.86,0.0,30.62,0,0
-12.93,13.87,43.05,0,2
-13.33,0.0,33.61,0,0
-13.99,0.0,30.7,0,0
-13.41,0.0,34.05,0,0
-12.89,15.06,35.71,0,2
-12.85,14.73,33.4,0,2
-13.92,0.0,34.11,0,0
-13.32,9.64,30.44,0,1
-13.55,0.0,33.92,0,0
-12.55,15.88,32.09,0,2
-13.99,0.0,31.51,0,0
-13.04,15.84,33.27,0,2
-13.11,0.0,34.27,0,0
-13.99,0.0,33.46,0,0
-13.27,16.42,33.73,0,2
-13.5,0.0,34.92,0,0
-13.22,9.09,32.45,0,1
-13.31,0.0,33.35,0,0
-12.67,17.91,31.11,0,2
-12.52,17.94,40.82,0,2
-13.58,0.0,34.56,0,0
-13.69,0.0,34.16,0,0
-13.03,0.0,31.23,0,0
-12.99,15.48,46.04,1,2
-13.92,0.0,32.78,0,0
-13.59,0.0,30.86,0,0
-12.61,16.57,31.38,1,2
-13.44,10.85,30.65,0,1
-12.88,15.87,43.05,0,2
-13.66,10.1,31.3,0,1
-13.04,17.12,44.78,0,2
-12.77,13.06,41.51,0,2
-13.67,9.89,31.04,0,1
-13.04,14.78,35.0,1,2
-12.88,16.16,36.79,0,2
-13.68,10.73,31.95,0,1
-13.91,0.0,32.74,0,0
-13.62,10.3,31.97,0,1
-13.32,9.13,33.02,0,1
-12.89,16.13,48.03,0,2
-13.42,10.65,35.68,0,1
-13.51,0.0,32.24,0,0
-13.23,15.61,45.74,1,2
-13.25,16.65,45.17,0,2
-13.74,10.39,36.4,0,1
-13.37,11.09,31.71,0,1
-13.55,0.0,33.82,0,0
-13.53,0.0,33.87,0,0
-13.15,0.0,34.57,0,0
-13.9,0.0,32.46,0,0
-13.48,0.0,31.23,0,0
-13.69,11.76,30.84,0,1
-13.98,0.0,33.89,0,0
-12.84,16.25,44.57,0,2
-13.26,11.47,32.51,0,1
-13.58,0.0,32.68,0,0
-13.44,0.0,33.52,0,0
-13.06,0.0,31.7,0,0
-13.29,17.0,30.78,0,2
-13.84,0.0,34.61,0,0
-13.99,0.0,34.08,0,0
-13.6,11.18,32.01,0,1
-13.3,0.0,34.53,0,0
-13.25,16.82,49.03,0,2
-12.99,13.08,45.16,0,2
-13.65,0.0,32.32,0,0
-13.53,0.0,34.78,0,0
-12.62,13.78,39.82,1,2
-13.54,11.22,31.74,0,1
-13.36,12.0,32.2,0,1
-13.21,16.57,30.58,0,2
-13.77,11.14,36.13,0,1
-13.62,0.0,32.25,0,0
-12.65,17.09,38.05,1,2
-13.62,9.52,37.6,0,1
-13.29,13.5,48.69,0,2
-13.19,0.0,32.56,0,0
-13.61,0.0,34.41,0,0
-13.19,0.0,33.84,0,0
-12.82,17.66,36.41,0,2
-13.16,17.09,32.6,0,2
-13.04,0.0,30.15,0,0
-13.57,9.11,31.41,0,1
-13.57,9.74,33.67,0,1
-13.7,0.0,34.06,0,0
-13.02,16.76,31.33,1,2
-13.31,0.0,33.92,0,0
-12.68,16.69,41.6,0,2
-13.07,0.0,31.98,0,0
-12.78,15.11,48.59,1,2
-12.51,15.97,39.41,1,2
-12.64,16.08,42.11,0,2
-13.34,0.0,34.76,0,0
-13.87,0.0,33.25,0,0
-13.43,9.84,36.26,0,1
-13.77,0.0,30.84,0,0
-12.98,13.55,30.91,0,2
-13.77,11.82,33.48,0,1
-13.5,0.0,32.73,0,0
-13.78,11.84,38.28,0,1
-13.23,14.49,38.27,1,2
-13.63,0.0,33.51,0,0
-13.99,0.0,32.57,0,0
-12.9,14.67,34.47,1,2
-13.65,10.92,36.46,0,1
-13.08,15.29,48.58,0,2
-13.59,0.0,33.85,0,0
-13.02,17.11,44.47,1,2
-13.49,11.99,35.8,0,1
-13.41,11.5,30.01,0,1
-13.19,15.42,41.64,0,2
-13.97,0.0,31.34,0,0
-13.73,10.34,39.28,0,1
-13.67,0.0,32.75,0,0
-13.02,17.43,45.87,0,2
-13.41,0.0,30.98,0,0
-13.36,9.41,32.5,0,1
-13.96,0.0,33.8,0,0
-13.62,11.52,31.3,0,1
-13.19,13.98,33.64,1,2
-13.07,0.0,33.5,0,0
-13.52,10.29,36.63,0,1
-13.39,11.87,35.77,0,1
-13.49,0.0,32.82,0,0
-13.41,11.88,33.2,0,1
-13.14,0.0,32.24,0,0
-13.57,10.21,36.25,0,1
-13.99,0.0,31.5,0,0
-13.18,0.0,30.79,0,0
-13.03,15.67,42.84,0,2
-13.82,0.0,31.15,0,0
-13.57,0.0,33.71,0,0
-13.18,14.82,35.75,1,2
-13.04,15.85,45.96,0,2
-13.22,11.45,35.65,0,1
-13.04,0.0,31.21,0,0
-12.99,15.98,36.48,0,2
-12.71,16.23,31.08,0,2
-13.2,9.75,39.18,0,1
-13.53,11.55,36.95,0,1
-13.11,0.0,33.09,0,0
-13.01,0.0,32.63,0,0
-13.58,9.04,36.16,0,1
-13.25,14.53,37.95,0,2
-13.96,0.0,31.43,0,0
-13.77,9.79,35.71,0,1
-13.79,9.75,34.69,0,1
-13.27,9.53,37.42,0,1
-13.0,17.94,31.54,1,2
-13.31,10.0,34.9,0,1
-13.42,0.0,33.94,0,0
-12.73,14.36,34.53,0,2
-13.67,0.0,32.77,0,0
-13.43,11.66,39.68,0,1
-13.53,0.0,31.84,0,0
-13.35,0.0,31.83,0,0
-13.61,9.21,31.63,0,1
-13.91,0.0,33.27,0,0
-13.57,9.78,39.41,0,1
-12.61,13.92,40.48,1,2
-13.31,0.0,31.48,0,0
-12.98,16.86,37.04,0,2
-13.57,10.99,34.18,0,1
-13.41,11.34,33.06,0,1
-12.83,16.78,41.43,1,2
-13.7,10.08,30.11,0,1
-12.56,13.25,36.04,1,2
-12.99,16.61,42.37,1,2
-13.85,0.0,30.58,0,0
-13.19,14.38,40.22,0,2
-13.87,0.0,31.01,0,0
-13.42,0.0,31.6,0,0
-13.3,11.48,31.81,0,1
-12.95,17.9,37.95,1,2
-13.5,9.78,39.31,0,1
-13.72,0.0,34.43,0,0
-13.57,0.0,32.73,0,0
-13.21,9.29,31.63,0,1
-13.51,10.66,33.21,0,1
-13.18,16.61,36.57,1,2
-13.3,17.64,45.06,0,2
-13.68,9.42,32.23,0,1
-13.71,0.0,31.19,0,0
-12.58,16.99,47.19,0,2
-12.71,17.74,31.43,0,2
-13.28,14.44,39.24,1,2
-13.54,9.83,38.29,0,1
-12.78,14.51,49.2,0,2
-13.34,11.95,30.24,0,1
-13.32,9.86,38.49,0,1
-13.28,13.46,45.04,0,2
-13.14,0.0,31.03,0,0
-13.77,0.0,34.7,0,0
-13.77,0.0,30.49,0,0
-13.16,0.0,30.18,0,0
-13.55,10.63,39.73,0,1
-12.74,17.76,41.83,0,2
-13.4,0.0,30.22,0,0
-13.59,11.65,37.13,0,1
-13.23,11.7,33.76,0,1
-13.82,0.0,30.53,0,0
-13.97,0.0,33.14,0,0
-13.28,0.0,33.86,0,0
-13.19,0.0,32.16,0,0
-12.5,13.36,30.41,0,2
-13.4,11.74,35.37,0,1
-12.79,15.63,43.46,1,2
-13.3,9.71,36.98,0,1
-13.11,15.21,30.08,0,2
-13.38,11.63,30.82,0,1
-13.17,16.71,32.33,1,2
-13.37,9.67,30.62,0,1
-13.6,10.82,35.33,0,1
-13.31,9.21,35.92,0,1
-13.23,0.0,31.15,0,0
-12.94,15.94,30.12,0,2
-13.33,9.04,38.01,0,1
-12.81,15.82,49.66,1,2
-13.35,10.58,34.31,0,1
-13.63,0.0,33.18,0,0
-13.31,0.0,32.56,0,0
-13.24,16.44,46.21,0,2
-13.0,0.0,31.38,0,0
-13.55,10.23,36.13,0,1
-12.5,17.71,41.1,1,2
-12.93,16.99,43.84,1,2
-13.34,0.0,33.28,0,0
-13.53,0.0,31.93,0,0
-13.21,15.83,33.07,0,2
-13.27,9.33,33.86,0,1
-13.66,9.41,36.27,0,1
-13.01,0.0,30.57,0,0
-13.06,15.18,47.18,0,2
-13.74,11.36,35.96,0,1
-12.64,13.2,40.03,0,2
-13.42,9.99,34.84,0,1
-13.03,13.53,31.55,0,2
-12.72,16.6,43.95,1,2
-12.65,14.62,34.03,1,2
-13.16,16.09,32.27,1,2
-13.12,0.0,34.85,0,0
-13.99,0.0,31.8,0,0
-13.45,11.6,38.01,0,1
-13.55,9.86,32.54,0,1
-13.31,11.55,35.35,0,1
-13.99,0.0,34.27,0,0
-12.55,17.02,38.47,1,2
-13.5,0.0,31.15,0,0
-12.92,13.06,44.5,1,2
-13.3,15.04,38.84,0,2
-13.77,0.0,32.11,0,0
-13.77,0.0,32.2,0,0
-13.11,0.0,33.38,0,0
-13.38,11.56,39.01,0,1
-13.39,0.0,34.62,0,0
-13.15,14.26,42.57,0,2
-13.76,10.75,38.23,0,1
-13.54,9.02,35.85,0,1
-13.57,10.31,39.69,0,1
-12.88,13.8,42.51,0,2
-13.21,0.0,32.95,0,0
-12.7,17.0,34.83,1,2
-12.65,17.29,49.33,1,2
-13.52,0.0,32.91,0,0
-13.55,0.0,30.79,0,0
-13.96,0.0,32.5,0,0
-13.74,9.86,34.92,0,1
-12.79,13.37,30.08,0,2
-12.88,17.48,31.9,0,2
-13.22,13.43,42.25,1,2
-13.26,17.82,41.67,0,2
-13.54,0.0,34.49,0,0
-13.08,0.0,33.57,0,0
-13.62,0.0,30.82,0,0
-13.72,11.08,36.37,0,1
-13.49,0.0,32.58,0,0
-12.58,13.06,43.69,0,2
-13.69,10.4,34.18,0,1
-13.74,0.0,31.06,0,0
-13.05,16.87,43.19,1,2
-13.15,0.0,32.2,0,0
-13.43,10.09,37.59,0,1
-13.34,0.0,31.79,0,0
-13.31,9.82,39.32,0,1
-12.66,14.26,39.63,1,2
-13.19,13.61,44.57,0,2
-13.55,11.04,36.4,0,1
-13.12,16.7,30.08,0,2
-13.09,0.0,33.49,0,0
-13.4,9.32,39.84,0,1
-13.14,17.48,47.9,1,2
-13.08,13.88,41.97,0,2
-13.78,10.51,37.63,0,1
-13.45,9.44,39.95,0,1
-13.57,9.91,38.88,0,1
-13.72,9.47,34.29,0,1
-13.38,0.0,31.2,0,0
-13.65,9.53,33.18,0,1
-13.03,13.89,33.17,1,2
-13.54,9.97,38.63,0,1
-13.3,9.46,36.88,0,1
-13.1,16.15,43.66,1,2
-13.16,0.0,32.2,0,0
-13.3,0.0,34.81,0,0
-12.59,13.2,36.63,1,2
-13.06,13.87,30.44,1,2
-13.38,0.0,30.09,0,0
-13.77,9.79,31.17,0,1
-13.44,10.38,34.85,0,1
-13.83,0.0,31.71,0,0
-13.45,9.52,32.68,0,1
-12.97,17.85,45.0,0,2
-12.65,15.56,34.95,0,2
-13.62,11.57,37.35,0,1
-13.7,10.82,37.22,0,1
-13.77,0.0,34.44,0,0
-13.36,11.15,30.76,0,1
-12.58,14.06,47.35,1,2
-13.68,11.8,36.82,0,1
-13.28,16.38,44.19,0,2
-13.76,0.0,34.19,0,0
-13.4,9.06,35.27,0,1
-13.27,15.58,49.75,0,2
-13.35,0.0,30.89,0,0
-13.29,13.61,43.48,0,2
-13.22,0.0,30.37,0,0
-13.51,10.48,32.33,0,1
-13.61,11.82,30.14,0,1
-13.47,10.12,37.43,0,1
-13.0,0.0,33.16,0,0
-12.62,15.58,37.36,1,2
-13.54,11.7,37.59,0,1
-13.56,0.0,34.68,0,0
-13.87,0.0,33.38,0,0
-13.06,17.53,49.54,0,2
-13.58,9.34,34.64,0,1
-13.14,0.0,33.82,0,0
-13.05,17.46,46.93,1,2
-13.76,11.17,35.59,0,1
-13.83,0.0,33.16,0,0
-12.62,15.41,45.82,0,2
-13.81,0.0,32.51,0,0
-13.05,0.0,33.81,0,0
-13.63,9.89,39.83,0,1
-13.47,0.0,31.22,0,0
-13.5,10.4,38.56,0,1
-12.78,14.7,38.18,0,2
-13.19,0.0,32.54,0,0
-13.25,0.0,33.99,0,0
-13.18,14.82,41.64,0,2
-13.65,0.0,31.39,0,0
-13.11,13.21,30.15,1,2
-13.41,0.0,32.66,0,0
-13.53,9.41,33.41,0,1
-13.41,0.0,31.17,0,0
-13.38,9.04,33.26,0,1
-13.23,15.15,32.78,0,2
-13.52,11.5,31.92,0,1
-12.77,13.6,33.57,0,2
-13.77,0.0,33.78,0,0
-13.12,17.36,49.08,1,2
-13.01,14.82,42.61,1,2
-13.51,0.0,32.71,0,0
-13.29,14.71,45.26,1,2
-13.44,9.62,34.24,0,1
-13.85,0.0,34.31,0,0
-13.5,10.34,39.71,0,1
-13.2,11.68,35.79,0,1
-13.12,17.68,36.72,0,2
-13.68,9.46,34.26,0,1
-14.0,0.0,34.92,0,0
-13.97,0.0,32.2,0,0
-13.54,9.82,34.83,0,1
-13.85,0.0,34.74,0,0
-12.93,14.89,40.6,1,2
-13.77,11.74,31.74,0,1
-13.21,0.0,33.0,0,0
-12.7,15.02,38.53,0,2
-13.24,13.59,39.8,0,2
-13.27,10.92,31.4,0,1
-12.56,13.83,47.06,1,2
-13.4,0.0,32.03,0,0
-13.55,0.0,30.13,0,0
-13.68,9.43,34.21,0,1
-13.07,16.26,44.51,0,2
-13.01,16.92,36.22,0,2
-13.78,11.15,37.71,0,1
-13.5,0.0,32.54,0,0
-13.04,0.0,31.2,0,0
-12.69,17.0,37.6,0,2
-13.94,0.0,32.71,0,0
-13.59,10.85,34.15,0,1
-13.71,11.8,31.04,0,1
-13.43,10.5,38.9,0,1
-13.78,0.0,32.47,0,0
-13.36,9.62,30.89,0,1
-13.07,14.86,30.92,1,2
-13.91,0.0,33.43,0,0
-12.55,13.93,48.22,1,2
-13.9,0.0,30.21,0,0
-13.54,0.0,32.12,0,0
-13.24,16.9,37.06,1,2
-13.62,9.05,37.75,0,1
-13.13,0.0,31.65,0,0
-13.77,9.71,38.42,0,1
-13.79,11.05,33.33,0,1
-13.56,9.99,35.32,0,1
-12.69,15.57,46.81,0,2
-12.92,14.48,37.36,1,2
-13.73,0.0,33.56,0,0
-13.29,17.56,39.42,0,2
-13.02,14.4,46.92,1,2
-13.6,0.0,33.52,0,0
-13.77,0.0,30.8,0,0
-12.97,16.13,48.41,1,2
-13.6,9.41,39.09,0,1
-13.74,9.18,38.78,0,1
-13.65,10.06,38.12,0,1
-13.98,0.0,31.65,0,0
-13.02,13.33,42.89,0,2
-12.54,16.28,48.34,0,2
-13.27,17.19,30.16,1,2
-13.77,10.65,35.43,0,1
-13.6,11.37,39.33,0,1
-13.67,10.08,35.31,0,1
-13.3,11.14,33.65,0,1
-13.93,0.0,33.16,0,0
-13.68,0.0,33.2,0,0
-12.99,16.5,35.41,0,2
-13.09,17.88,49.89,1,2
-13.81,0.0,32.57,0,0
-13.8,10.09,33.45,0,1
-13.08,15.32,41.39,0,2
-12.64,17.74,42.65,1,2
-13.22,0.0,31.44,0,0
-13.78,0.0,30.47,0,0
-12.95,14.61,36.99,1,2
-13.58,11.46,37.39,0,1
-13.9,0.0,32.25,0,0
-13.14,0.0,32.04,0,0
-13.12,17.86,49.16,1,2
-12.76,17.11,40.27,0,2
-13.14,0.0,34.71,0,0
-14.0,0.0,30.12,0,0
-12.66,14.83,41.63,1,2
-13.12,16.92,37.53,0,2
-13.11,0.0,31.71,0,0
-13.4,0.0,33.88,0,0
-13.17,14.42,41.23,0,2
-13.46,0.0,30.68,0,0
-13.56,0.0,31.03,0,0
-13.46,0.0,30.58,0,0
-13.47,0.0,34.69,0,0
-13.31,0.0,30.24,0,0
-12.55,13.47,30.06,1,2
-13.23,0.0,33.35,0,0
-13.04,0.0,34.09,0,0
-13.1,0.0,31.0,0,0
-13.56,0.0,32.71,0,0
-13.06,14.25,36.26,0,2
-13.5,0.0,30.29,0,0
-13.5,11.71,32.45,0,1
-13.58,9.37,38.88,0,1
-13.62,9.9,30.15,0,1
-13.92,0.0,33.84,0,0
-13.06,14.8,32.32,0,2
-13.28,9.87,32.78,0,1
-12.68,17.47,49.8,1,2
-13.6,0.0,30.87,0,0
-13.68,10.85,32.15,0,1
-13.71,0.0,34.29,0,0
-13.68,9.02,35.7,0,1
-13.41,10.33,33.32,0,1
-13.34,11.22,39.6,0,1
-13.04,13.26,43.68,0,2
-12.96,17.77,41.64,1,2
-12.74,14.56,39.94,0,2
-12.58,15.73,49.61,1,2
-12.63,13.54,48.02,0,2
-12.69,17.25,33.28,0,2
-12.64,14.23,41.47,0,2
-13.23,10.31,36.78,0,1
-13.01,0.0,32.41,0,0
-13.49,0.0,33.23,0,0
-13.69,11.18,35.35,0,1
-13.07,0.0,33.45,0,0
-13.23,11.68,37.25,0,1
-12.76,14.13,30.39,1,2
-13.83,0.0,30.22,0,0
-13.13,0.0,31.23,0,0
-12.72,17.75,30.75,1,2
-12.83,16.28,40.55,0,2
-13.51,10.58,32.37,0,1
-13.41,0.0,34.48,0,0
-13.5,11.74,30.56,0,1
-13.22,17.08,34.55,1,2
-12.98,15.72,49.48,0,2
-12.79,13.26,38.59,1,2
-13.24,15.8,47.34,1,2
-13.27,9.18,33.04,0,1
-13.73,11.78,38.68,0,1
-13.77,10.75,37.55,0,1
-13.81,0.0,31.24,0,0
-13.24,14.12,32.68,0,2
-13.63,0.0,31.57,0,0
-13.48,0.0,31.08,0,0
-13.44,0.0,34.26,0,0
-13.65,10.3,37.83,0,1
-13.95,0.0,31.18,0,0
-13.37,11.67,32.02,0,1
-13.63,10.84,33.88,0,1
-13.34,10.01,35.03,0,1
-12.87,16.47,39.88,1,2
-13.02,0.0,33.62,0,0
-13.57,10.79,33.67,0,1
-12.9,17.13,41.99,0,2
-13.6,9.97,34.95,0,1
-13.15,17.93,42.66,0,2
-12.8,14.97,47.65,0,2
-13.53,0.0,33.7,0,0
-13.04,16.44,34.28,0,2
-13.77,0.0,34.77,0,0
-13.12,0.0,30.38,0,0
-13.71,9.01,30.6,0,1
-12.56,15.78,42.62,0,2
-13.28,10.76,34.62,0,1
-13.2,13.25,46.41,1,2
-13.69,0.0,34.75,0,0
-13.29,9.52,38.54,0,1
-13.57,11.16,39.7,0,1
-13.52,10.28,31.51,0,1
-13.25,15.71,38.0,0,2
-13.64,0.0,31.68,0,0
-13.03,16.82,43.79,0,2
-13.88,0.0,31.26,0,0
-13.36,11.5,36.17,0,1
-13.14,0.0,32.11,0,0
-13.08,0.0,34.61,0,0
-12.7,14.45,30.31,1,2
-13.26,10.25,38.57,0,1
-12.98,13.83,30.32,0,2
-13.72,0.0,31.04,0,0
-13.26,15.83,36.87,0,2
-13.15,17.65,49.36,1,2
-12.58,14.51,34.98,0,2
-13.52,9.4,33.83,0,1
-13.66,11.78,38.69,0,1
-13.6,10.82,38.39,0,1
-13.75,9.73,33.47,0,1
-12.8,13.61,35.85,1,2
-13.85,0.0,33.76,0,0
-13.23,13.36,38.95,0,2
-13.53,10.94,35.38,0,1
-13.28,13.29,33.78,0,2
-13.38,11.39,30.58,0,1
-13.69,11.62,34.22,0,1
-13.45,0.0,33.76,0,0
-13.66,10.43,32.14,0,1
-13.75,9.82,31.85,0,1
-13.06,17.08,47.07,0,2
-13.17,0.0,32.78,0,0
-12.95,15.02,40.67,1,2
-13.2,11.17,39.83,0,1
-12.85,17.14,36.38,1,2
-13.37,0.0,34.77,0,0
-12.95,14.51,32.76,0,2
-13.27,13.04,33.9,0,2
-13.6,0.0,33.46,0,0
-13.29,14.58,37.5,0,2
-13.63,9.92,30.95,0,1
-13.16,14.1,43.2,1,2
-13.53,0.0,34.47,0,0
-13.07,15.64,39.68,0,2
-13.53,0.0,30.62,0,0
-13.73,0.0,31.45,0,0
-13.1,16.44,49.61,0,2
-13.87,0.0,30.31,0,0
-13.14,17.75,38.18,1,2
-13.69,0.0,34.1,0,0
-12.86,16.16,32.76,0,2
-12.57,16.44,44.39,0,2
-13.39,9.74,38.02,0,1
-13.11,13.45,47.82,0,2
-13.68,0.0,31.61,0,0
-13.22,0.0,31.74,0,0
-13.6,0.0,33.18,0,0
-12.74,15.39,44.22,0,2
-13.52,0.0,30.51,0,0
-13.41,11.81,30.38,0,1
-13.32,0.0,31.1,0,0
-13.66,0.0,32.98,0,0
-13.71,0.0,30.71,0,0
-13.26,16.79,41.72,1,2
-13.6,11.98,35.69,0,1
-12.8,13.35,31.84,0,2
-13.2,10.08,38.34,0,1
-13.05,0.0,34.24,0,0
-13.64,10.22,32.72,0,1
-12.61,14.3,39.3,1,2
-13.58,11.78,32.57,0,1
-13.53,10.0,32.3,0,1
-13.48,0.0,34.14,0,0
-13.58,11.88,38.63,0,1
-12.9,13.54,49.44,0,2
-12.66,17.46,41.39,1,2
-13.72,9.26,30.54,0,1
-13.44,0.0,30.27,0,0
-12.58,13.69,47.99,1,2
-13.46,0.0,33.33,0,0
-13.19,0.0,31.49,0,0
-13.01,16.93,38.08,0,2
-13.56,9.33,37.27,0,1
-12.81,15.13,34.26,1,2
-13.42,9.41,36.86,0,1
-12.56,15.72,41.76,0,2
-13.27,9.57,37.82,0,1
-13.28,0.0,31.63,0,0
-13.95,0.0,34.42,0,0
-13.5,10.16,39.0,0,1
-13.85,0.0,32.44,0,0
-12.5,15.3,37.68,1,2
-13.55,9.89,32.47,0,1
-13.3,0.0,32.8,0,0
-13.41,11.18,35.9,0,1
-13.51,10.45,30.36,0,1
-13.52,9.24,38.66,0,1
-13.76,0.0,30.28,0,0
-13.24,10.04,38.78,0,1
-13.72,10.51,30.57,0,1
-13.45,0.0,32.38,0,0
-13.17,14.11,46.1,1,2
-13.99,0.0,30.29,0,0
-13.08,13.91,30.9,1,2
-13.23,11.98,35.56,0,1
-12.83,14.62,48.63,0,2
-13.35,10.93,35.0,0,1
-13.08,0.0,32.18,0,0
-13.77,0.0,31.82,0,0
-13.84,0.0,33.22,0,0
-13.29,9.23,36.88,0,1
-12.64,13.07,34.97,0,2
-13.55,11.22,36.22,0,1
-13.5,0.0,30.23,0,0
-13.47,9.08,37.19,0,1
-13.18,0.0,30.38,0,0
-12.92,14.94,43.35,0,2
-13.38,0.0,34.99,0,0
-13.21,9.14,36.15,0,1
-13.27,14.68,39.68,0,2
-13.39,10.41,31.02,0,1
-13.69,0.0,33.32,0,0
-12.63,14.81,31.75,0,2
-13.49,0.0,32.97,0,0
-13.84,0.0,31.62,0,0
-13.6,9.44,34.89,0,1
-13.0,13.0,49.79,0,2
-13.25,15.14,38.08,1,2
-13.59,0.0,33.61,0,0
-13.0,16.25,38.23,0,2
-13.34,0.0,34.22,0,0
-13.6,0.0,30.56,0,0
-13.18,0.0,34.64,0,0
-13.63,10.99,30.22,0,1
-13.31,11.33,33.59,0,1
-12.81,15.83,45.96,1,2
-13.18,0.0,30.64,0,0
-13.31,11.79,38.99,0,1
-13.55,11.24,37.0,0,1
-13.2,9.27,36.1,0,1
-13.61,10.34,37.88,0,1
-12.57,14.52,39.15,1,2
-12.7,16.91,37.32,1,2
-13.38,0.0,33.01,0,0
-13.52,11.18,34.98,0,1
-13.39,0.0,34.86,0,0
-13.7,11.98,37.56,0,1
-13.68,11.2,31.25,0,1
-13.12,0.0,33.36,0,0
-13.35,0.0,32.37,0,0
-13.1,17.06,43.41,0,2
-13.51,9.88,32.99,0,1
-13.21,14.93,47.77,1,2
-13.14,0.0,32.31,0,0
-13.41,11.85,31.08,0,1
-13.86,0.0,30.26,0,0
-13.27,0.0,34.99,0,0
-12.8,14.05,46.54,1,2
-13.37,9.92,32.85,0,1
-13.31,10.96,33.11,0,1
-13.43,0.0,31.33,0,0
-13.4,9.31,37.28,0,1
-13.66,0.0,34.22,0,0
-13.99,0.0,33.85,0,0
-13.64,10.26,33.62,0,1
-13.08,17.6,40.66,0,2
-13.23,10.62,34.26,0,1
-13.15,17.06,31.12,0,2
-12.96,15.03,36.39,0,2
-13.74,11.55,34.28,0,1
-13.0,0.0,34.18,0,0
-13.77,0.0,32.9,0,0
-12.86,13.69,34.05,1,2
-13.61,9.17,35.25,0,1
-13.44,0.0,30.65,0,0
-13.38,9.48,31.82,0,1
-12.69,13.87,31.44,1,2
-13.26,0.0,32.0,0,0
-12.78,17.82,44.76,1,2
-12.52,16.36,40.71,0,2
-12.52,13.13,39.05,1,2
-13.06,0.0,33.17,0,0
-13.87,0.0,33.07,0,0
-13.72,10.55,36.45,0,1
-13.15,16.4,47.73,0,2
-13.79,11.22,31.72,0,1
-13.56,10.77,39.46,0,1
-13.28,9.79,34.0,0,1
-13.4,0.0,34.04,0,0
-13.19,16.95,47.54,0,2
-12.6,16.38,46.58,0,2
-13.12,0.0,32.86,0,0
-13.84,0.0,30.82,0,0
-13.35,0.0,31.89,0,0
-14.0,0.0,33.24,0,0
-13.61,10.24,34.35,0,1
-13.15,17.37,30.94,1,2
-12.68,16.93,40.85,1,2
-13.51,0.0,31.49,0,0
-13.84,0.0,34.31,0,0
-13.72,0.0,32.59,0,0
-13.57,11.22,32.0,0,1
-13.59,0.0,30.81,0,0
-13.11,0.0,31.44,0,0
-12.86,14.4,46.39,0,2
-12.57,14.17,36.18,1,2
-12.62,14.01,47.14,0,2
-12.9,16.8,31.07,1,2
-13.62,0.0,31.59,0,0
-13.48,0.0,30.44,0,0
-13.61,0.0,32.05,0,0
-13.22,0.0,31.61,0,0
-13.93,0.0,30.88,0,0
-12.57,15.08,44.49,1,2
-13.21,11.18,34.94,0,1
-12.59,15.66,44.78,1,2
-13.73,0.0,34.03,0,0
-13.2,0.0,34.44,0,0
-13.65,0.0,34.04,0,0
-13.21,11.73,33.39,0,1
-13.43,0.0,34.84,0,0
-13.08,14.65,45.29,1,2
-13.37,10.7,34.13,0,1
-13.7,10.91,30.33,0,1
-13.25,11.4,39.01,0,1
-13.29,16.05,42.9,0,2
-13.89,0.0,30.24,0,0
-13.21,13.95,30.3,0,2
-13.17,14.26,45.02,0,2
-13.15,0.0,30.19,0,0
-12.84,15.26,30.0,1,2
-13.15,0.0,30.04,0,0
-13.1,0.0,31.6,0,0
-13.24,10.36,39.06,0,1
-13.95,0.0,30.58,0,0
-12.95,16.02,38.3,0,2
-13.54,0.0,31.66,0,0
-13.28,10.66,34.58,0,1
-12.55,16.85,39.35,0,2
-12.55,15.8,40.7,1,2
-13.52,0.0,34.83,0,0
-13.83,0.0,32.09,0,0
-13.83,0.0,31.08,0,0
-12.8,15.86,38.38,1,2
-13.76,0.0,33.29,0,0
-13.75,0.0,34.53,0,0
-13.78,0.0,32.51,0,0
-13.45,9.65,38.3,0,1
-13.0,13.56,43.02,1,2
-13.82,0.0,34.62,0,0
-13.55,9.8,37.55,0,1
-12.76,15.88,48.93,1,2
-13.51,9.48,34.08,0,1
-13.64,9.51,39.3,0,1
-12.51,14.61,43.85,1,2
-12.61,17.55,32.52,1,2
-12.57,13.98,32.75,0,2
-13.8,0.0,30.11,0,0
-12.68,13.29,42.79,0,2
-13.37,11.33,39.76,0,1
-12.65,13.46,33.04,0,2
-13.78,11.94,31.05,0,1
-13.44,11.66,31.12,0,1
-13.27,10.84,33.71,0,1
-13.63,0.0,30.04,0,0
-13.08,14.11,46.09,1,2
-13.77,10.91,38.24,0,1
-13.27,9.56,37.7,0,1
-13.42,0.0,30.67,0,0
-12.92,16.52,48.02,1,2
-13.42,0.0,34.5,0,0
-12.6,16.78,40.26,1,2
-13.74,9.14,31.13,0,1
-13.25,16.53,31.37,1,2
-13.26,13.77,39.67,0,2
-12.98,13.51,30.85,0,2
-13.86,0.0,30.91,0,0
-13.7,11.04,35.26,0,1
-13.26,13.52,42.21,1,2
-13.23,0.0,32.96,0,0
-13.13,17.87,49.09,0,2
-13.7,0.0,33.19,0,0
-12.79,16.41,42.6,0,2
-12.91,14.79,33.56,1,2
-12.86,15.54,41.24,1,2
-13.63,10.3,30.42,0,1
-13.61,11.65,39.89,0,1
-13.4,11.23,38.72,0,1
-13.22,13.52,33.31,0,2
-12.92,17.94,41.99,0,2
-13.91,0.0,33.91,0,0
-13.98,0.0,30.92,0,0
-12.97,14.28,31.37,0,2
-12.75,15.48,49.28,1,2
-12.71,16.71,34.94,0,2
-12.6,14.64,33.35,0,2
-13.73,0.0,30.98,0,0
-13.75,11.09,38.28,0,1
-13.54,10.77,32.98,0,1
-13.65,9.82,34.45,0,1
-13.28,14.84,45.56,1,2
-13.61,10.62,37.18,0,1
-12.84,13.13,34.8,0,2
-13.27,9.89,32.16,0,1
-13.99,0.0,34.39,0,0
-13.49,10.31,30.69,0,1
-13.59,0.0,31.82,0,0
-13.8,10.84,36.84,0,1
-12.52,14.42,45.84,1,2
-13.55,11.45,30.09,0,1
-13.9,0.0,34.99,0,0
-13.21,17.6,45.25,0,2
-13.53,0.0,32.01,0,0
-13.52,11.73,38.95,0,1
-13.74,10.7,33.47,0,1
-13.46,10.33,37.41,0,1
-13.44,10.05,34.21,0,1
-13.64,11.97,37.35,0,1
-12.72,15.89,43.37,1,2
-13.58,10.74,36.24,0,1
-12.69,16.2,45.23,1,2
-13.7,10.26,34.92,0,1
-13.32,11.09,38.43,0,1
-13.55,9.27,35.72,0,1
-13.82,0.0,32.56,0,0
-13.43,10.48,32.26,0,1
-12.57,13.92,44.74,0,2
-13.69,0.0,32.33,0,0
-13.37,0.0,34.11,0,0
-12.99,14.95,31.61,0,2
-13.37,0.0,33.24,0,0
-13.1,13.36,47.04,1,2
-12.8,15.99,40.2,1,2
-13.42,10.47,39.28,0,1
-13.71,9.8,37.41,0,1
-13.45,0.0,30.12,0,0
-13.23,9.23,30.29,0,1
-13.34,11.28,34.11,0,1
-13.06,13.86,42.88,1,2
-12.61,14.63,49.26,0,2
-13.17,0.0,30.42,0,0
-13.43,0.0,32.96,0,0
-13.39,9.43,31.77,0,1
-13.5,10.29,31.16,0,1
-13.23,13.8,49.95,0,2
-13.72,0.0,34.04,0,0
-13.45,10.87,36.02,0,1
-13.75,0.0,31.58,0,0
-13.32,11.53,31.49,0,1
-13.64,10.75,37.35,0,1
-12.81,17.34,35.01,0,2
-13.98,0.0,31.28,0,0
-13.57,0.0,32.22,0,0
-13.4,10.66,37.97,0,1
-12.55,15.28,49.59,0,2
-13.08,0.0,33.44,0,0
-14.0,0.0,31.03,0,0
-13.56,0.0,31.56,0,0
-12.55,14.12,48.04,1,2
-13.46,0.0,32.54,0,0
-13.39,10.59,31.02,0,1
-13.54,11.79,39.11,0,1
-13.03,14.83,40.48,0,2
-12.85,15.6,44.28,0,2
-13.48,9.91,31.68,0,1
-13.31,10.41,37.56,0,1
-12.89,16.66,45.21,0,2
-13.59,11.33,35.71,0,1
-13.26,17.87,45.78,1,2
-13.49,10.85,36.69,0,1
-13.59,9.37,37.34,0,1
-13.62,11.13,39.19,0,1
-13.27,15.82,33.83,1,2
-13.54,11.23,33.95,0,1
-13.27,10.59,39.96,0,1
-13.33,0.0,34.26,0,0
-13.34,11.56,30.76,0,1
-13.34,10.5,30.33,0,1
-13.2,11.62,32.78,0,1
-12.74,17.23,36.02,0,2
-13.99,0.0,33.23,0,0
-13.56,0.0,33.42,0,0
-13.58,10.96,37.28,0,1
-13.27,9.18,32.89,0,1
-13.55,0.0,34.53,0,0
-12.77,14.51,48.19,1,2
-13.36,11.76,33.79,0,1
-12.79,16.17,30.7,0,2
-13.77,9.47,37.02,0,1
-12.53,13.97,46.26,1,2
-13.24,13.15,44.77,0,2
-12.78,17.49,46.74,1,2
-13.55,9.76,37.98,0,1
-13.78,0.0,31.48,0,0
-12.98,16.04,45.95,0,2
-13.43,0.0,33.04,0,0
-12.53,13.73,45.9,0,2
-13.1,13.87,44.68,0,2
-13.2,0.0,31.78,0,0
-13.09,15.56,44.87,1,2
-13.04,0.0,34.09,0,0
-13.45,9.15,33.89,0,1
-13.67,11.03,37.72,0,1
-13.73,10.24,36.8,0,1
-13.49,9.06,36.88,0,1
-13.96,0.0,31.85,0,0
-13.62,0.0,33.4,0,0
-13.27,9.18,37.87,0,1
-13.99,0.0,33.08,0,0
-13.27,15.56,39.76,0,2
-13.78,10.32,39.37,0,1
-12.96,17.12,31.09,1,2
-12.6,14.42,36.86,0,2
-13.66,9.81,33.72,0,1
-13.7,0.0,34.76,0,0
-13.8,11.17,39.55,0,1
-12.59,15.67,47.58,1,2
-13.58,10.92,32.35,0,1
-13.96,0.0,30.69,0,0
-13.31,0.0,30.8,0,0
-12.96,13.98,41.35,0,2
-13.37,10.09,31.5,0,1
-13.24,9.36,31.92,0,1
-13.27,0.0,34.49,0,0
-13.4,11.11,31.26,0,1
-12.82,16.04,48.34,0,2
-13.56,9.94,37.21,0,1
-13.88,0.0,32.78,0,0
-13.29,0.0,33.71,0,0
-12.57,13.95,42.84,0,2
-13.33,10.73,36.0,0,1
-12.53,15.53,35.33,1,2
-12.88,15.78,48.54,0,2
-13.42,0.0,32.97,0,0
-13.46,11.21,32.59,0,1
-13.2,17.18,34.58,0,2
-13.83,0.0,33.52,0,0
-13.93,0.0,34.16,0,0
-13.56,10.21,38.33,0,1
-13.94,0.0,34.91,0,0
-12.89,15.4,41.39,1,2
-13.19,15.41,47.42,0,2
-13.39,0.0,33.96,0,0
-13.02,0.0,34.96,0,0
-13.18,0.0,31.94,0,0
-12.78,16.56,49.28,0,2
-13.7,0.0,32.63,0,0
-13.44,11.64,33.77,0,1
-13.25,17.29,45.86,1,2
-13.7,0.0,34.95,0,0
-13.29,0.0,31.19,0,0
-13.09,13.81,47.88,1,2
-13.55,0.0,32.42,0,0
-13.63,11.52,36.76,0,1
-13.73,0.0,33.68,0,0
-12.77,13.02,38.57,0,2
-13.47,11.7,31.47,0,1
-13.28,16.6,49.99,0,2
-13.3,9.08,36.02,0,1
-13.12,16.13,43.47,1,2
-12.73,17.54,34.46,0,2
-13.77,11.91,31.21,0,1
-13.75,9.66,31.5,0,1
-13.22,10.32,30.57,0,1
-13.83,0.0,31.74,0,0
-13.83,0.0,30.63,0,0
-13.03,17.91,37.75,1,2
-13.23,16.64,32.25,1,2
-13.76,11.95,39.28,0,1
-12.61,14.82,46.51,0,2
-13.23,10.02,37.7,0,1
-13.54,11.68,37.58,0,1
-13.0,14.91,43.54,1,2
-13.59,11.66,30.53,0,1
-13.69,11.01,36.68,0,1
-13.8,0.0,32.06,0,0
-12.82,17.46,41.58,1,2
-13.35,9.82,32.29,0,1
-13.28,11.02,31.29,0,1
-12.81,17.83,47.7,0,2
-13.27,9.53,38.56,0,1
-13.38,0.0,33.0,0,0
-13.57,0.0,31.64,0,0
-13.16,0.0,34.38,0,0
-13.24,0.0,30.91,0,0
-13.9,0.0,34.72,0,0
-13.1,0.0,32.65,0,0
-12.95,17.62,47.23,1,2
-13.23,10.89,32.56,0,1
-12.53,17.28,36.85,1,2
-13.1,0.0,33.64,0,0
-13.49,0.0,30.83,0,0
-13.99,0.0,30.07,0,0
-12.51,15.48,34.82,1,2
-13.61,0.0,30.1,0,0
-13.89,0.0,31.72,0,0
-13.29,9.43,39.63,0,1
-12.88,14.87,33.13,1,2
-13.15,0.0,34.46,0,0
-13.74,11.0,35.33,0,1
-13.35,10.34,38.44,0,1
-12.66,13.81,44.38,1,2
-13.25,17.12,34.0,1,2
-13.71,9.36,38.0,0,1
-13.93,0.0,34.62,0,0
-13.73,11.91,37.21,0,1
-13.97,0.0,32.72,0,0
-13.01,0.0,33.45,0,0
-13.61,9.93,36.68,0,1
-13.75,11.6,33.21,0,1
-13.47,11.33,31.11,0,1
-13.09,17.33,32.77,1,2
-12.99,17.31,44.65,1,2
-12.59,13.33,32.11,1,2
-13.75,11.82,38.37,0,1
-13.35,11.8,35.93,0,1
-13.77,9.46,39.08,0,1
-13.45,0.0,34.9,0,0
-13.72,9.17,36.26,0,1
-13.49,0.0,31.82,0,0
-13.24,16.41,48.26,0,2
-13.26,16.16,41.02,0,2
-12.97,17.67,36.99,0,2
-13.12,17.41,47.07,1,2
-13.27,10.38,37.39,0,1
-12.63,15.37,34.17,0,2
-13.47,0.0,31.12,0,0
-13.73,0.0,32.26,0,0
-12.67,15.15,42.63,0,2
-13.94,0.0,34.91,0,0
-13.1,0.0,31.13,0,0
-13.27,0.0,33.37,0,0
-13.83,0.0,34.23,0,0
-13.93,0.0,33.58,0,0
-12.71,15.33,47.33,0,2
-13.61,11.76,37.6,0,1
-13.75,9.43,38.89,0,1
-13.16,17.19,36.85,0,2
-13.28,17.45,43.49,1,2
-13.65,9.33,32.39,0,1
-13.66,0.0,34.04,0,0
-12.95,14.34,38.0,0,2
-13.98,0.0,32.38,0,0
-13.58,0.0,32.3,0,0
-13.66,0.0,33.31,0,0
-13.72,0.0,33.9,0,0
-13.29,13.53,47.95,1,2
-13.75,0.0,33.97,0,0
-13.8,10.07,35.79,0,1
-13.01,15.18,44.56,0,2
-13.37,0.0,32.52,0,0
-13.2,14.01,46.41,1,2
-12.82,17.97,36.76,1,2
-13.55,11.05,39.44,0,1
-12.84,13.75,30.77,0,2
-12.8,16.11,44.41,0,2
-13.8,11.28,31.93,0,1
-13.71,10.03,35.31,0,1
-13.09,13.19,32.64,0,2
-13.46,0.0,32.36,0,0
-13.66,10.86,33.42,0,1
-13.7,11.01,36.82,0,1
-13.29,16.81,35.28,0,2
-13.32,11.27,33.89,0,1
-13.7,10.62,39.09,0,1
-12.73,15.79,31.03,1,2
-12.88,15.9,43.21,0,2
-13.47,11.21,34.4,0,1
-13.21,15.79,43.77,0,2
-13.21,15.02,48.83,0,2
-12.8,17.49,36.6,1,2
-13.21,15.44,46.91,0,2
-12.67,14.59,33.67,1,2
-13.76,10.98,37.23,0,1
-12.52,18.0,34.63,0,2
-13.79,0.0,30.79,0,0
-13.59,9.45,36.73,0,1
-13.35,0.0,34.62,0,0
-13.74,0.0,30.08,0,0
-13.2,0.0,33.92,0,0
-13.27,15.77,42.32,1,2
-12.55,15.44,30.84,0,2
-13.26,15.75,40.19,0,2
-13.1,16.24,37.62,1,2
-12.52,16.43,32.61,1,2
-12.72,16.91,45.69,0,2
-13.52,0.0,31.62,0,0
-13.4,10.73,34.0,0,1
-13.1,0.0,31.85,0,0
-12.61,15.89,46.48,0,2
-12.81,17.77,39.02,0,2
-13.71,11.15,31.32,0,1
-13.2,13.75,31.38,0,2
-13.42,0.0,30.32,0,0
-13.75,9.07,33.11,0,1
-13.84,0.0,31.83,0,0
-13.76,10.01,32.89,0,1
-13.55,0.0,33.56,0,0
-13.28,10.76,39.01,0,1
-13.26,0.0,31.63,0,0
-12.86,13.55,32.64,1,2
-12.68,13.2,38.97,0,2
-13.33,11.19,34.39,0,1
-13.02,0.0,31.55,0,0
-13.27,9.93,39.0,0,1
-12.61,13.08,39.11,0,2
-13.57,10.55,33.32,0,1
-12.55,17.3,33.52,0,2
-13.16,0.0,33.98,0,0
-13.24,15.76,34.19,1,2
-13.09,13.64,49.51,1,2
-13.44,11.06,38.84,0,1
-13.63,0.0,34.98,0,0
-12.51,15.76,32.84,0,2
-13.67,9.87,37.43,0,1
-12.81,15.72,47.58,1,2
-13.56,10.41,34.47,0,1
-12.94,16.23,38.31,0,2
-13.44,0.0,34.3,0,0
-13.45,10.57,37.81,0,1
-13.61,9.98,31.6,0,1
-13.43,0.0,30.06,0,0
-13.14,13.13,37.61,0,2
-12.61,17.39,48.05,0,2
-13.59,0.0,30.09,0,0
-13.32,0.0,30.63,0,0
-12.92,14.98,37.45,1,2
-13.2,13.31,43.76,1,2
-13.38,0.0,30.48,0,0
-13.55,9.27,34.89,0,1
-13.34,0.0,34.48,0,0
-13.25,14.97,37.44,0,2
-12.59,15.73,30.94,0,2
-13.57,0.0,32.33,0,0
-13.74,11.62,34.1,0,1
-13.36,9.67,33.28,0,1
-13.91,0.0,32.02,0,0
-13.64,0.0,30.1,0,0
-13.46,11.0,39.02,0,1
-12.59,17.35,49.21,0,2
-13.75,10.1,38.8,0,1
-13.99,0.0,33.2,0,0
-13.46,0.0,34.24,0,0
-13.95,0.0,31.96,0,0
-13.08,16.05,48.54,0,2
-12.65,14.89,43.47,0,2
-13.09,0.0,30.96,0,0
-13.27,0.0,30.39,0,0
-13.58,0.0,30.63,0,0
-12.98,17.81,30.28,1,2
-13.34,9.59,36.04,0,1
-12.91,14.55,38.55,1,2
-13.69,10.24,33.43,0,1
-13.21,11.96,33.87,0,1
-13.24,16.49,30.24,1,2
-13.29,0.0,32.17,0,0
-13.73,0.0,33.95,0,0
-13.63,9.14,35.93,0,1
-13.16,0.0,32.01,0,0
-13.57,0.0,34.52,0,0
-13.19,0.0,34.14,0,0
-13.6,11.02,37.97,0,1
-13.45,11.44,36.74,0,1
-13.75,11.99,34.54,0,1
-13.52,0.0,30.77,0,0
-13.05,0.0,30.94,0,0
-12.74,17.88,42.68,0,2
-13.66,0.0,31.22,0,0
-13.68,9.73,31.09,0,1
-12.6,17.33,45.7,0,2
-13.63,0.0,32.22,0,0
-13.11,14.32,36.22,0,2
-13.8,10.88,34.52,0,1
-13.64,0.0,30.07,0,0
-13.06,15.59,43.68,0,2
-13.37,9.95,32.14,0,1
-13.85,0.0,32.24,0,0
-13.27,9.87,39.58,0,1
-13.51,0.0,33.18,0,0
-13.68,11.2,35.54,0,1
-13.42,0.0,30.31,0,0
-13.77,0.0,34.0,0,0
-12.55,16.71,34.87,0,2
-13.93,0.0,33.08,0,0
-13.14,16.75,40.14,1,2
-13.78,0.0,32.86,0,0
-12.81,16.47,35.1,0,2
-13.06,17.67,31.89,1,2
-13.34,9.42,39.07,0,1
-13.91,0.0,33.15,0,0
-13.17,0.0,33.83,0,0
-12.79,17.96,32.58,0,2
-13.3,11.59,34.48,0,1
-12.92,16.7,43.07,0,2
-13.59,0.0,31.91,0,0
-13.44,9.99,36.28,0,1
-12.81,17.88,45.39,1,2
-13.84,0.0,30.64,0,0
-13.73,9.54,37.46,0,1
-12.61,15.13,41.02,0,2
-12.94,17.98,33.29,0,2
-13.64,10.84,37.14,0,1
-13.22,11.7,35.1,0,1
-13.23,14.67,43.57,1,2
-13.76,0.0,32.86,0,0
-13.6,0.0,32.92,0,0
-12.72,15.72,43.43,1,2
-13.9,0.0,33.85,0,0
-13.34,0.0,33.19,0,0
-13.51,9.15,36.11,0,1
-13.74,11.86,38.17,0,1
-13.42,0.0,32.36,0,0
-12.92,16.1,39.35,0,2
-13.45,10.81,36.35,0,1
-13.5,10.18,37.91,0,1
-12.92,17.74,42.66,1,2
-13.01,0.0,34.66,0,0
-13.25,11.43,37.94,0,1
-13.63,9.57,37.06,0,1
-13.6,11.89,32.12,0,1
-13.3,0.0,34.35,0,0
-13.48,9.17,34.23,0,1
-13.27,0.0,33.48,0,0
-13.0,13.43,32.81,1,2
-13.27,0.0,34.5,0,0
-13.3,9.36,35.19,0,1
-13.2,0.0,34.66,0,0
-12.81,14.32,43.58,0,2
-13.21,9.96,39.74,0,1
-13.47,0.0,31.34,0,0
-13.14,13.82,48.25,0,2
-12.72,13.72,36.24,0,2
-13.76,0.0,32.1,0,0
-13.2,11.0,30.03,0,1
-13.43,0.0,32.9,0,0
-13.42,0.0,34.93,0,0
-13.47,11.69,38.48,0,1
-13.75,0.0,34.4,0,0
-13.45,0.0,34.08,0,0
-13.23,17.39,39.76,1,2
-13.31,9.94,30.01,0,1
-13.67,10.13,38.32,0,1
-12.86,13.23,32.49,1,2
-12.77,17.5,46.31,0,2
-13.12,13.93,41.67,1,2
-13.03,15.87,49.51,0,2
-13.36,10.09,34.4,0,1
-13.53,0.0,31.12,0,0
-12.85,15.01,44.11,0,2
-13.16,0.0,31.0,0,0
-13.44,9.66,34.38,0,1
-13.86,0.0,30.22,0,0
-13.77,0.0,34.14,0,0
-13.34,9.08,37.84,0,1
-13.14,16.2,46.78,1,2
-12.73,13.88,47.26,0,2
-13.46,11.84,33.07,0,1
-13.32,0.0,30.28,0,0
-12.99,13.33,31.25,0,2
-13.88,0.0,34.08,0,0
-13.38,10.06,39.86,0,1
-12.76,14.47,43.64,1,2
-12.95,13.2,38.75,1,2
-12.95,15.61,38.93,1,2
-12.73,13.98,45.38,1,2
-12.58,16.51,48.78,0,2
-13.34,0.0,30.27,0,0
-13.68,11.2,36.41,0,1
-12.98,13.54,37.88,1,2
-12.67,14.92,46.97,1,2
-13.25,16.34,35.06,1,2
-13.25,9.04,37.71,0,1
-13.38,11.39,36.5,0,1
-13.43,0.0,32.35,0,0
-13.34,10.45,38.76,0,1
-13.43,11.99,36.9,0,1
-13.3,9.49,36.26,0,1
-12.79,13.8,49.37,0,2
-13.76,11.93,35.93,0,1
-12.82,14.37,45.45,0,2
-12.9,13.4,33.47,0,2
-13.62,10.85,38.25,0,1
-13.37,0.0,34.1,0,0
-13.11,0.0,32.4,0,0
-12.72,14.05,31.42,0,2
-13.24,17.77,38.2,1,2
-13.62,11.16,36.89,0,1
-13.6,9.65,39.6,0,1
-13.11,0.0,31.82,0,0
-13.53,0.0,32.88,0,0
-12.54,13.07,41.21,1,2
-13.94,0.0,30.81,0,0
-12.88,15.08,37.05,0,2
-13.79,9.32,33.51,0,1
-13.98,0.0,31.55,0,0
-13.15,14.76,34.53,0,2
-13.28,10.15,36.86,0,1
-13.43,11.7,37.58,0,1
-12.83,16.19,43.73,0,2
-13.14,0.0,33.02,0,0
-13.93,0.0,31.28,0,0
-13.16,16.1,47.8,1,2
-12.92,14.54,45.93,0,2
-13.2,0.0,32.13,0,0
-13.67,10.56,39.71,0,1
-13.04,15.26,36.69,1,2
-13.08,14.23,45.95,1,2
-13.65,11.62,39.26,0,1
-13.55,11.19,34.27,0,1
-12.55,13.34,36.58,1,2
-13.15,0.0,31.17,0,0
-13.21,16.28,45.34,1,2
-13.05,14.05,40.77,0,2
-13.79,11.73,38.08,0,1
-13.18,13.48,32.08,1,2
-13.23,10.4,35.14,0,1
-13.29,13.84,42.26,1,2
-12.64,16.88,46.26,1,2
-13.69,9.49,31.41,0,1
-13.96,0.0,33.29,0,0
-13.4,10.21,39.33,0,1
-13.79,10.35,33.77,0,1
-13.11,0.0,33.53,0,0
-13.35,10.92,37.3,0,1
-12.64,14.45,40.44,1,2
-13.79,11.22,33.01,0,1
-13.4,0.0,33.16,0,0
-13.93,0.0,32.11,0,0
-13.99,0.0,34.65,0,0
-13.32,9.85,35.19,0,1
-13.5,0.0,31.89,0,0
-13.87,0.0,30.55,0,0
-13.43,0.0,30.93,0,0
-13.21,15.52,33.96,1,2
-12.72,16.07,37.58,1,2
-13.55,11.9,38.27,0,1
-13.01,15.67,46.78,0,2
-13.07,0.0,33.95,0,0
-13.68,11.88,31.65,0,1
-13.52,0.0,32.17,0,0
-13.51,10.17,37.29,0,1
-13.76,11.48,30.44,0,1
-13.04,14.67,44.27,1,2
-13.12,0.0,30.18,0,0
-13.28,11.98,38.44,0,1
-13.03,0.0,31.05,0,0
-12.54,13.5,46.83,0,2
-12.94,14.11,32.97,1,2
-13.55,0.0,31.41,0,0
-13.28,0.0,30.7,0,0
-13.74,10.33,31.84,0,1
-12.78,16.1,40.12,0,2
-13.29,11.23,37.03,0,1
-13.5,10.64,30.55,0,1
-13.66,11.45,38.49,0,1
-13.6,0.0,33.05,0,0
-13.11,14.31,44.71,0,2
-12.54,13.56,41.5,1,2
-13.09,16.26,46.84,1,2
-13.39,11.84,38.67,0,1
-13.51,9.21,33.86,0,1
-13.84,0.0,30.56,0,0
-13.64,10.82,36.81,0,1
-13.61,0.0,33.2,0,0
-13.42,9.33,37.8,0,1
-13.59,11.12,35.79,0,1
-13.68,11.69,34.69,0,1
-13.7,9.14,33.37,0,1
-13.49,0.0,34.15,0,0
-13.22,15.62,42.71,1,2
-13.34,0.0,34.96,0,0
-13.59,11.68,35.37,0,1
-13.34,10.03,33.58,0,1
-13.57,0.0,30.68,0,0
-13.66,10.75,35.39,0,1
-13.25,17.08,49.4,1,2
-13.03,14.73,45.64,0,2
-12.57,13.65,32.83,0,2
-13.7,0.0,32.67,0,0
-13.68,0.0,33.69,0,0
-12.72,14.22,44.44,0,2
-13.6,9.11,38.87,0,1
-13.25,16.8,49.24,0,2
-13.68,0.0,34.63,0,0
-13.88,0.0,34.22,0,0
-13.59,0.0,31.28,0,0
-13.35,10.26,38.62,0,1
-13.7,0.0,32.33,0,0
-13.66,9.2,33.15,0,1
-13.64,9.03,32.04,0,1
-12.94,13.92,44.34,0,2
-12.7,15.7,46.04,0,2
-13.52,11.92,32.15,0,1
-13.59,0.0,33.12,0,0
-13.52,9.48,35.67,0,1
-13.75,9.94,36.14,0,1
-13.37,0.0,30.43,0,0
-13.32,0.0,30.61,0,0
-13.12,17.38,36.85,0,2
-13.25,14.48,45.52,0,2
-12.87,16.65,33.09,1,2
-13.85,0.0,34.9,0,0
-13.14,13.18,34.65,0,2
-13.38,11.94,32.22,0,1
-13.34,10.85,35.8,0,1
-13.11,0.0,30.11,0,0
-13.35,9.21,38.24,0,1
-12.61,15.42,39.85,1,2
-12.87,17.81,47.7,1,2
-13.69,10.81,37.81,0,1
-12.72,17.67,46.51,1,2
-13.84,0.0,34.27,0,0
-13.31,0.0,31.59,0,0
-12.99,17.13,39.09,0,2
-13.34,0.0,33.84,0,0
-13.48,0.0,31.28,0,0
-13.5,0.0,33.14,0,0
-13.35,9.76,38.11,0,1
-13.85,0.0,34.6,0,0
-13.63,0.0,33.76,0,0
-13.27,15.37,39.43,1,2
-13.62,0.0,31.73,0,0
-13.82,0.0,30.72,0,0
-13.09,0.0,32.62,0,0
-13.64,0.0,34.36,0,0
-13.09,15.71,34.01,0,2
-13.48,10.23,36.42,0,1
-13.29,14.95,46.23,1,2
-12.85,17.48,41.84,1,2
-13.69,0.0,32.21,0,0
-12.75,17.13,49.61,1,2
-13.4,11.08,34.89,0,1
-12.72,16.95,43.92,1,2
-13.83,0.0,32.93,0,0
-13.38,10.46,30.18,0,1
-13.66,11.81,36.38,0,1
-13.08,0.0,34.49,0,0
-13.66,0.0,32.1,0,0
-13.34,0.0,31.03,0,0
-13.26,11.08,38.97,0,1
-13.87,0.0,33.95,0,0
-13.27,16.87,47.74,1,2
-13.31,11.16,34.57,0,1
-13.58,10.72,30.39,0,1
-13.05,13.33,48.58,0,2
-13.43,0.0,30.2,0,0
-13.42,9.95,34.92,0,1
-12.82,13.46,41.22,0,2
-12.51,13.4,40.42,0,2
-13.49,9.66,36.06,0,1
-13.21,11.04,36.15,0,1
-12.66,15.04,47.95,1,2
-13.2,15.42,40.42,0,2
-13.83,0.0,32.29,0,0
-13.31,10.64,32.9,0,1
-13.02,0.0,32.36,0,0
-13.78,11.07,32.88,0,1
-12.52,13.24,38.9,1,2
-13.3,11.28,33.67,0,1
-13.67,11.68,36.87,0,1
-13.49,0.0,34.51,0,0
-12.68,13.19,30.99,1,2
-13.32,0.0,33.97,0,0
-12.61,15.14,36.89,0,2
-13.21,0.0,30.44,0,0
-13.41,0.0,34.49,0,0
-12.74,15.55,44.73,0,2
-12.64,13.72,34.16,0,2
-12.83,15.64,33.4,0,2
-13.58,9.29,33.51,0,1
-13.78,9.26,38.72,0,1
-13.53,0.0,30.14,0,0
-13.69,0.0,31.52,0,0
-13.37,0.0,31.36,0,0
-13.16,0.0,33.75,0,0
-13.47,9.56,31.72,0,1
-13.28,16.42,31.2,1,2
-13.04,0.0,31.07,0,0
-12.91,16.86,33.47,0,2
-13.71,11.07,38.27,0,1
-13.09,0.0,32.9,0,0
-13.37,11.12,35.29,0,1
-12.78,16.49,36.98,0,2
-13.6,9.47,36.54,0,1
-13.34,9.26,34.08,0,1
-13.66,11.7,38.99,0,1
-13.13,0.0,31.15,0,0
-12.76,13.03,34.22,1,2
-13.58,0.0,32.63,0,0
-13.37,10.72,34.61,0,1
-13.69,9.83,32.89,0,1
-13.72,0.0,32.41,0,0
-13.28,11.71,34.45,0,1
-13.52,11.0,35.03,0,1
-13.16,13.03,30.93,1,2
-13.46,11.5,35.24,0,1
-13.49,10.87,31.19,0,1
-12.79,15.6,38.76,1,2
-12.73,13.24,49.85,0,2
-13.32,11.75,37.62,0,1
-13.48,10.51,35.24,0,1
-13.26,15.24,42.23,0,2
-13.94,0.0,30.53,0,0
-12.9,14.45,35.95,0,2
-13.26,9.87,34.08,0,1
-13.3,9.32,36.66,0,1
-13.61,0.0,30.43,0,0
-13.39,0.0,30.09,0,0
-13.03,17.23,49.73,0,2
-12.71,14.21,39.93,0,2
-13.72,9.53,38.02,0,1
-13.16,0.0,31.5,0,0
-12.75,14.04,36.39,1,2
-13.29,11.34,32.13,0,1
-13.75,10.5,36.0,0,1
-13.35,0.0,32.17,0,0
-13.28,17.87,42.97,1,2
-13.49,0.0,32.02,0,0
-13.23,13.68,45.75,1,2
-12.96,13.33,42.79,1,2
-13.16,0.0,30.03,0,0
-13.59,9.78,35.81,0,1
-13.03,15.8,34.18,1,2
-13.28,0.0,32.05,0,0
-12.96,14.87,44.28,0,2
-13.75,10.52,39.79,0,1
-13.17,14.9,42.62,1,2
-13.52,10.31,38.44,0,1
-13.35,11.91,32.98,0,1
-13.72,10.08,36.09,0,1
-13.67,9.36,37.61,0,1
-13.64,10.5,35.68,0,1
-13.29,15.09,38.67,1,2
-13.12,0.0,31.67,0,0
-13.88,0.0,31.73,0,0
-13.64,0.0,34.56,0,0
-13.73,11.61,30.72,0,1
-13.57,0.0,31.98,0,0
-13.77,9.39,33.71,0,1
-13.24,0.0,32.67,0,0
-13.47,9.85,31.11,0,1
-13.55,9.47,37.9,0,1
-13.71,0.0,33.89,0,0
-13.61,9.78,33.23,0,1
-12.98,15.28,45.12,0,2
-13.63,10.35,37.58,0,1
-13.82,0.0,30.49,0,0
-12.82,15.43,30.95,0,2
-13.24,13.42,37.08,0,2
-13.19,17.93,46.28,1,2
-12.94,14.1,31.64,1,2
-13.81,0.0,33.3,0,0
-13.03,13.49,34.88,1,2
-13.27,10.04,30.72,0,1
-12.63,17.91,35.56,1,2
-12.94,16.91,46.38,0,2
-12.95,14.02,33.53,1,2
-13.26,10.24,36.19,0,1
-13.98,0.0,31.82,0,0
-13.03,13.16,32.97,0,2
-12.83,16.77,33.93,0,2
-13.24,10.48,32.46,0,1
-13.85,0.0,31.89,0,0
-13.23,0.0,34.01,0,0
-12.82,15.82,43.14,0,2
-13.76,0.0,30.79,0,0
-13.63,10.12,36.57,0,1
-13.1,0.0,32.19,0,0
-12.69,16.84,41.57,0,2
-13.3,9.8,32.92,0,1
-12.94,16.02,33.37,1,2
-12.88,13.9,30.62,1,2
-13.43,11.32,35.03,0,1
-12.91,15.2,37.2,1,2
-13.42,10.48,38.52,0,1
-13.41,9.3,33.34,0,1
-13.01,0.0,32.37,0,0
-13.12,13.76,48.67,0,2
-13.23,0.0,32.72,0,0
-13.43,0.0,34.96,0,0
-13.08,16.04,40.82,0,2
-13.54,10.13,31.54,0,1
-13.12,17.42,32.71,0,2
-13.46,10.37,36.53,0,1
-13.24,0.0,32.21,0,0
-13.41,10.67,33.98,0,1
-13.09,14.62,34.91,0,2
-13.12,13.48,39.11,1,2
-12.82,15.87,39.13,0,2
-12.63,16.55,45.48,0,2
-13.66,11.17,37.75,0,1
-12.58,15.84,47.02,0,2
-13.58,9.89,35.41,0,1
-13.96,0.0,31.26,0,0
-13.01,14.07,31.34,0,2
-13.48,10.54,36.69,0,1
-13.94,0.0,32.6,0,0
-13.38,0.0,32.97,0,0
-13.31,0.0,32.8,0,0
-12.72,14.07,36.53,0,2
-13.37,0.0,32.09,0,0
-13.22,10.2,30.67,0,1
-13.72,0.0,32.84,0,0
-13.44,0.0,33.66,0,0
-12.5,15.34,36.1,1,2
-13.19,0.0,31.0,0,0
-13.2,16.64,31.86,0,2
-13.31,11.96,39.21,0,1
-13.54,10.35,32.06,0,1
-13.62,9.15,31.0,0,1
-13.72,11.27,38.93,0,1
-13.66,9.7,37.49,0,1
-13.26,0.0,30.65,0,0
-12.66,14.37,33.57,0,2
-13.55,0.0,33.85,0,0
-12.89,16.94,37.83,0,2
-13.17,0.0,32.51,0,0
-13.63,0.0,31.08,0,0
-13.79,0.0,31.22,0,0
-13.4,10.11,31.09,0,1
-13.05,13.93,41.2,0,2
-13.22,15.63,42.93,1,2
-13.09,0.0,32.76,0,0
-13.4,0.0,30.33,0,0
-13.76,0.0,30.88,0,0
-13.32,0.0,34.57,0,0
-13.72,10.17,37.02,0,1
-12.53,17.66,36.71,1,2
-13.44,11.24,33.73,0,1
-13.72,9.11,33.67,0,1
-12.61,15.72,37.27,1,2
-13.42,0.0,33.48,0,0
-12.89,16.85,45.14,1,2
-12.96,17.8,34.6,0,2
-12.63,15.29,49.51,1,2
-13.48,11.43,30.88,0,1
-13.44,11.85,32.23,0,1
-13.24,0.0,33.98,0,0
-12.79,17.11,48.55,0,2
-13.22,0.0,34.6,0,0
-13.29,10.85,30.59,0,1
-13.09,0.0,31.21,0,0
-12.91,13.78,42.27,1,2
-13.72,10.13,30.08,0,1
-13.66,0.0,34.8,0,0
-13.32,9.55,38.86,0,1
-13.52,0.0,34.26,0,0
-13.06,0.0,30.19,0,0
-12.79,17.47,43.55,1,2
-13.26,0.0,33.44,0,0
-13.56,10.84,38.24,0,1
-13.69,0.0,31.01,0,0
-13.27,10.56,36.7,0,1
-13.54,11.21,37.64,0,1
-13.06,17.54,45.34,1,2
-12.87,16.48,36.83,1,2
-13.87,0.0,31.35,0,0
-13.09,13.78,35.41,1,2
-13.35,11.57,35.54,0,1
-13.2,0.0,33.18,0,0
-13.45,10.69,33.41,0,1
-13.32,0.0,34.98,0,0
-12.63,14.92,31.86,1,2
-12.97,13.19,32.27,1,2
-13.8,9.52,33.35,0,1
-13.46,10.32,33.09,0,1
-13.4,0.0,34.2,0,0
-12.72,16.69,44.18,1,2
-13.76,9.57,37.39,0,1
-13.26,13.97,47.05,1,2
-12.63,17.69,39.72,0,2
-13.9,0.0,34.45,0,0
-13.5,0.0,31.7,0,0
-13.02,0.0,32.08,0,0
-13.07,0.0,32.01,0,0
-13.17,14.68,33.06,0,2
-13.1,14.45,32.14,0,2
-12.79,17.68,34.98,0,2
-13.01,13.16,44.06,1,2
-12.92,17.93,30.56,0,2
-13.91,0.0,34.4,0,0
-13.21,0.0,33.49,0,0
-13.24,17.56,42.88,0,2
-13.26,11.53,33.52,0,1
-13.66,10.36,32.79,0,1
-13.5,9.57,33.43,0,1
-12.93,16.56,49.47,1,2
-13.12,0.0,30.88,0,0
-13.24,0.0,30.43,0,0
-12.83,16.52,36.27,0,2
-12.66,17.04,39.15,0,2
-13.8,0.0,33.71,0,0
-13.91,0.0,32.27,0,0
-13.51,0.0,33.63,0,0
-13.6,10.5,36.28,0,1
-13.42,0.0,30.32,0,0
-12.61,17.67,34.62,1,2
-13.72,9.5,33.89,0,1
-13.62,10.71,38.66,0,1
-13.22,16.27,32.14,1,2
-13.11,0.0,30.33,0,0
-12.96,15.29,35.92,0,2
-13.14,16.19,47.49,0,2
-13.1,16.04,35.16,1,2
-13.59,10.27,39.37,0,1
-13.89,0.0,31.92,0,0
-12.68,17.24,43.17,0,2
-13.8,10.32,39.55,0,1
-13.99,0.0,30.25,0,0
-13.64,0.0,31.47,0,0
-13.98,0.0,31.98,0,0
-13.71,9.58,32.2,0,1
-13.23,10.59,38.55,0,1
-13.41,0.0,30.65,0,0
-13.98,0.0,32.59,0,0
-13.58,11.56,32.78,0,1
-13.02,0.0,32.66,0,0
-13.42,9.3,33.51,0,1
-13.21,11.43,31.34,0,1
-13.17,14.55,44.55,1,2
-13.22,0.0,32.62,0,0
-13.16,15.07,35.63,1,2
-13.1,15.43,48.71,0,2
-13.69,10.51,31.52,0,1
-13.43,0.0,32.94,0,0
-13.48,10.04,31.55,0,1
-13.13,13.52,47.77,1,2
-13.63,11.25,32.19,0,1
-12.67,13.65,34.55,1,2
-13.41,9.91,38.36,0,1
-13.4,0.0,32.67,0,0
-13.58,9.27,37.16,0,1
-13.73,9.88,31.27,0,1
-12.95,14.35,37.57,1,2
-13.46,0.0,34.05,0,0
-13.27,16.65,34.11,1,2
-13.95,0.0,33.09,0,0
-13.41,9.01,38.13,0,1
-13.35,0.0,34.76,0,0
-12.6,16.94,33.57,1,2
-13.74,11.86,37.19,0,1
-13.86,0.0,32.02,0,0
-13.59,10.32,33.85,0,1
-13.8,0.0,31.21,0,0
-13.01,0.0,34.38,0,0
-12.53,17.57,37.72,0,2
-13.15,0.0,34.44,0,0
-13.48,9.71,36.26,0,1
-13.4,9.1,31.34,0,1
-13.26,9.54,34.48,0,1
-13.26,11.02,31.55,0,1
-12.81,15.44,47.89,1,2
-12.53,16.74,33.08,1,2
-13.38,0.0,34.64,0,0
-13.21,10.6,37.09,0,1
-13.17,13.31,40.53,0,2
-13.81,0.0,33.43,0,0
-13.02,14.68,37.9,1,2
-13.73,9.95,34.26,0,1
-13.25,0.0,31.29,0,0
-13.48,0.0,34.59,0,0
-13.0,13.53,30.14,0,2
-13.0,13.19,37.01,0,2
-13.12,14.95,48.59,0,2
-12.75,17.24,46.7,1,2
-12.86,13.84,47.59,0,2
-13.04,16.27,47.4,0,2
-13.93,0.0,30.33,0,0
-12.75,15.37,47.03,0,2
-12.6,16.74,31.1,0,2
-13.68,0.0,32.64,0,0
-12.88,13.14,39.73,1,2
-12.67,15.9,32.23,1,2
-13.45,9.78,31.09,0,1
-12.84,16.87,42.89,1,2
-13.26,0.0,30.12,0,0
-13.46,10.43,30.36,0,1
-13.28,0.0,32.94,0,0
-12.6,15.36,31.29,0,2
-13.54,0.0,32.62,0,0
-13.36,9.57,38.36,0,1
-12.84,17.42,31.76,0,2
-13.1,13.05,30.83,1,2
-13.7,0.0,34.03,0,0
-13.35,0.0,34.01,0,0
-13.32,0.0,32.14,0,0
-13.91,0.0,31.5,0,0
-13.9,0.0,30.36,0,0
-12.68,13.72,31.73,1,2
-13.72,0.0,32.45,0,0
-13.51,9.36,30.87,0,1
-13.48,11.57,33.6,0,1
-12.85,13.85,37.9,0,2
-13.26,9.96,39.98,0,1
-13.65,9.18,31.95,0,1
-13.45,11.28,37.75,0,1
-13.12,16.21,33.91,1,2
-12.58,16.58,37.42,0,2
-13.09,0.0,33.49,0,0
-13.95,0.0,34.98,0,0
-13.18,0.0,33.78,0,0
-13.81,0.0,30.14,0,0
-13.56,0.0,34.01,0,0
-13.77,10.25,36.22,0,1
-13.06,0.0,33.02,0,0
-13.03,13.62,30.85,0,2
-13.25,0.0,31.07,0,0
-12.52,14.08,39.11,1,2
-12.64,13.49,34.27,1,2
-13.62,9.4,39.23,0,1
-13.77,0.0,33.11,0,0
-13.2,9.01,32.82,0,1
-13.29,10.51,36.1,0,1
-13.34,10.56,39.45,0,1
-12.53,16.6,39.19,1,2
-13.28,14.98,49.85,0,2
-13.44,11.95,38.95,0,1
-13.25,0.0,32.01,0,0
-13.25,11.2,32.22,0,1
-13.23,16.09,37.62,0,2
-12.9,13.23,38.42,1,2
-12.61,14.94,39.65,1,2
-13.31,9.85,32.43,0,1
-13.2,9.37,36.5,0,1
-13.59,10.53,30.43,0,1
-12.77,13.53,34.79,0,2
-13.33,11.59,31.5,0,1
-13.32,11.96,37.87,0,1
-13.66,9.45,32.24,0,1
-12.91,17.9,37.6,0,2
-13.45,11.83,39.65,0,1
-13.1,14.86,40.47,1,2
-13.46,0.0,33.68,0,0
-13.09,13.29,49.53,1,2
-13.12,15.42,36.29,1,2
-13.99,0.0,30.8,0,0
-13.65,11.52,30.8,0,1
-13.28,11.58,35.36,0,1
-13.56,11.25,38.78,0,1
-13.04,17.17,44.11,0,2
-12.79,13.46,30.61,1,2
-13.56,0.0,34.14,0,0
-13.68,10.4,39.44,0,1
-12.66,17.42,31.05,1,2
-13.07,0.0,32.72,0,0
-12.5,13.9,31.56,1,2
-13.35,10.72,38.98,0,1
-13.24,11.52,34.74,0,1
-13.74,11.72,30.81,0,1
-13.18,0.0,34.87,0,0
-12.86,14.11,38.45,1,2
-13.57,10.57,37.19,0,1
-13.51,10.52,33.99,0,1
-12.51,15.22,39.88,0,2
-13.24,0.0,33.95,0,0
-12.93,17.73,46.7,0,2
-12.73,15.79,41.92,0,2
-13.33,10.47,31.17,0,1
-13.46,11.85,38.22,0,1
-13.23,0.0,33.33,0,0
-13.29,15.19,35.07,1,2
-13.67,9.97,32.45,0,1
-12.68,14.26,31.41,0,2
-13.83,0.0,33.4,0,0
-12.77,17.01,44.14,1,2
-13.33,10.73,34.07,0,1
-13.47,0.0,32.5,0,0
-12.82,17.56,48.63,0,2
-13.26,15.47,45.35,1,2
-13.77,0.0,32.04,0,0
-13.67,0.0,31.53,0,0
-13.36,9.02,36.03,0,1
-13.09,0.0,31.7,0,0
-13.71,0.0,30.66,0,0
-13.69,0.0,30.66,0,0
-13.18,15.32,34.3,1,2
-12.68,13.27,41.51,1,2
-13.28,11.96,36.36,0,1
-13.83,0.0,34.69,0,0
-13.23,10.97,36.44,0,1
-13.85,0.0,30.57,0,0
-13.24,0.0,33.29,0,0
-13.09,0.0,32.96,0,0
-13.02,13.91,48.82,0,2
-13.17,14.3,42.08,0,2
-12.82,16.88,35.99,1,2
-13.72,0.0,32.05,0,0
-13.78,0.0,31.72,0,0
-13.61,11.21,37.64,0,1
-13.93,0.0,34.95,0,0
-13.02,15.53,33.11,0,2
-13.66,9.81,35.01,0,1
-13.45,0.0,34.38,0,0
-12.58,16.59,40.6,0,2
-13.26,0.0,33.24,0,0
-12.95,16.19,30.08,0,2
-13.97,0.0,32.17,0,0
-13.75,10.78,38.77,0,1
-13.5,11.01,34.79,0,1
-12.64,15.38,48.94,1,2
-13.28,10.48,32.4,0,1
-13.41,9.55,38.1,0,1
-12.88,15.01,39.94,0,2
-13.34,0.0,30.46,0,0
-13.76,9.69,34.21,0,1
-13.53,0.0,34.71,0,0
-13.27,11.91,37.89,0,1
-13.17,0.0,33.44,0,0
-12.84,15.71,32.98,0,2
-13.84,0.0,33.19,0,0
-13.85,0.0,31.11,0,0
-13.08,17.76,49.49,1,2
-13.95,0.0,30.92,0,0
-13.73,10.1,33.96,0,1
-13.94,0.0,34.11,0,0
-12.93,15.75,44.21,1,2
-13.84,0.0,33.12,0,0
-13.48,10.82,31.12,0,1
-13.74,11.14,38.07,0,1
-12.74,13.61,45.68,0,2
-12.5,15.06,46.43,1,2
-13.65,11.89,38.72,0,1
-13.72,0.0,33.76,0,0
-13.18,16.07,45.47,0,2
-12.83,17.96,36.17,0,2
-13.67,0.0,33.91,0,0
-13.37,10.55,35.32,0,1
-12.55,13.53,31.65,0,2
-13.14,15.31,34.62,1,2
-13.94,0.0,34.26,0,0
-12.67,16.85,48.47,0,2
-13.8,0.0,32.19,0,0
-13.45,0.0,30.35,0,0
-12.8,13.22,39.4,0,2
-13.93,0.0,33.95,0,0
-13.54,0.0,31.0,0,0
-13.96,0.0,31.59,0,0
-13.36,0.0,32.71,0,0
-12.9,15.51,34.51,1,2
-13.53,9.16,31.46,0,1
-13.33,9.3,35.71,0,1
-13.1,15.42,41.76,0,2
-13.76,0.0,32.93,0,0
-13.15,14.14,33.21,1,2
-13.44,9.82,34.41,0,1
-12.93,17.35,33.28,1,2
-12.79,17.6,43.59,1,2
-13.17,17.89,31.78,0,2
-13.24,16.05,39.44,0,2
-13.4,11.0,34.76,0,1
-13.08,13.9,35.3,0,2
-13.61,9.25,37.62,0,1
-13.37,0.0,34.33,0,0
-13.56,11.87,36.43,0,1
-13.27,10.48,37.12,0,1
-13.6,0.0,33.83,0,0
-13.19,16.62,37.62,1,2
-13.13,13.39,42.4,0,2
-13.61,0.0,34.64,0,0
-13.21,0.0,32.27,0,0
-13.23,11.43,34.25,0,1
-13.21,16.91,48.35,1,2
-13.33,0.0,31.77,0,0
-13.34,11.9,33.85,0,1
-13.66,11.25,37.48,0,1
-12.78,17.92,40.62,0,2
-13.75,0.0,32.2,0,0
-13.55,0.0,31.53,0,0
-13.28,10.79,36.01,0,1
-13.74,9.52,37.71,0,1
-12.76,17.39,49.98,1,2
-13.22,11.88,38.88,0,1
-13.66,11.36,38.37,0,1
-13.73,10.15,37.04,0,1
-12.61,15.86,43.12,1,2
-13.26,9.33,32.06,0,1
-13.87,0.0,30.61,0,0
-13.59,0.0,34.97,0,0
-13.78,10.4,37.45,0,1
-13.13,14.55,34.93,0,2
-13.52,10.31,31.94,0,1
-13.33,9.45,31.15,0,1
-13.52,10.05,32.25,0,1
-13.48,0.0,34.03,0,0
-13.59,11.56,31.15,0,1
-13.03,0.0,30.93,0,0
-12.62,16.55,33.92,0,2
-13.06,16.32,41.81,1,2
-12.52,15.69,43.28,0,2
-13.67,0.0,31.15,0,0
-13.96,0.0,30.66,0,0
-13.65,0.0,32.26,0,0
-13.26,11.36,30.16,0,1
-12.61,16.51,41.62,1,2
-13.46,11.05,38.01,0,1
-13.47,11.09,32.91,0,1
-13.72,10.23,36.56,0,1
-13.75,10.49,35.74,0,1
-12.7,15.7,41.8,0,2
-13.01,0.0,32.34,0,0
-12.87,14.43,34.72,1,2
-13.23,0.0,34.63,0,0
-12.71,16.83,45.06,1,2
-12.55,14.02,35.98,1,2
-13.62,9.63,36.48,0,1
-13.57,11.61,34.19,0,1
-13.4,0.0,33.87,0,0
-13.67,9.25,36.29,0,1
-13.62,0.0,34.24,0,0
-13.48,10.11,38.03,0,1
-12.82,13.85,48.46,0,2
-13.98,0.0,32.41,0,0
-13.52,9.42,36.97,0,1
-13.34,10.71,37.86,0,1
-13.57,11.73,36.8,0,1
-12.68,17.66,45.4,0,2
-12.6,17.29,46.61,0,2
-13.07,16.76,36.94,0,2
-13.23,0.0,32.02,0,0
-13.68,9.94,31.32,0,1
-13.34,10.9,34.67,0,1
-12.8,13.79,49.58,0,2
-13.54,10.68,33.23,0,1
-13.21,10.65,39.47,0,1
-13.37,9.68,31.68,0,1
-13.35,10.64,39.78,0,1
-13.41,0.0,30.58,0,0
-13.28,11.84,37.9,0,1
-12.76,13.32,37.99,0,2
-13.51,11.44,34.87,0,1
-13.37,10.51,33.84,0,1
-13.3,10.31,35.49,0,1
-13.24,0.0,32.62,0,0
-13.28,9.06,39.12,0,1
-13.47,0.0,30.67,0,0
-13.66,0.0,30.18,0,0
-13.03,0.0,33.12,0,0
-13.23,15.43,36.03,1,2
-13.38,9.02,32.16,0,1
-13.66,10.07,39.23,0,1
-13.28,15.77,45.65,0,2
-13.31,0.0,30.86,0,0
-13.43,0.0,30.6,0,0
-12.99,13.76,43.63,0,2
-13.36,10.52,32.94,0,1
-13.58,0.0,33.22,0,0
-13.06,13.61,42.16,1,2
-13.81,0.0,33.23,0,0
-13.0,16.41,48.6,1,2
-12.67,16.8,48.34,1,2
-13.09,0.0,30.82,0,0
-13.46,0.0,32.77,0,0
-13.43,0.0,31.3,0,0
-13.92,0.0,34.78,0,0
-12.92,17.1,35.92,0,2
-13.43,0.0,34.36,0,0
-13.78,0.0,33.3,0,0
-13.11,14.62,48.68,1,2
-13.68,0.0,30.8,0,0
-13.26,16.33,40.2,0,2
-13.71,11.69,34.22,0,1
-13.94,0.0,32.7,0,0
-13.21,10.17,32.87,0,1
-13.19,15.23,43.72,0,2
-13.48,0.0,30.32,0,0
-13.86,0.0,32.15,0,0
-13.75,11.54,38.99,0,1
-13.75,10.97,40.0,0,1
-13.71,10.23,31.57,0,1
-13.27,15.95,32.37,1,2
-12.89,16.76,40.91,0,2
-12.85,13.64,42.91,1,2
-12.66,13.23,48.12,1,2
-12.52,15.72,33.74,0,2
-13.4,10.85,33.52,0,1
-12.83,14.73,30.17,1,2
-13.02,0.0,31.18,0,0
-13.05,0.0,31.32,0,0
-13.47,0.0,33.93,0,0
-13.13,17.77,46.27,0,2
-13.59,10.07,32.97,0,1
-13.53,9.81,37.15,0,1
-13.08,0.0,34.6,0,0
-13.42,0.0,34.82,0,0
-13.58,10.1,35.14,0,1
-13.64,9.18,39.44,0,1
-13.68,9.72,38.0,0,1
-12.85,16.47,38.89,1,2
-13.3,11.29,30.14,0,1
-13.04,17.5,37.51,0,2
-13.26,10.97,33.45,0,1
-13.61,10.36,39.37,0,1
-13.57,0.0,33.28,0,0
-13.64,0.0,31.42,0,0
-13.17,0.0,34.81,0,0
-13.3,9.36,30.82,0,1
-12.88,14.36,45.31,0,2
-13.12,0.0,34.91,0,0
-13.78,0.0,30.81,0,0
-12.85,14.93,36.32,0,2
-13.66,9.24,38.33,0,1
-13.21,13.3,47.22,0,2
-12.65,13.07,33.58,1,2
-12.86,15.9,41.08,0,2
-13.62,0.0,33.32,0,0
-13.22,0.0,34.29,0,0
-13.28,0.0,30.13,0,0
-13.53,9.76,35.75,0,1
-13.23,13.59,30.1,1,2
-13.64,0.0,34.68,0,0
-13.35,9.95,37.6,0,1
-13.08,0.0,34.76,0,0
-13.59,0.0,34.11,0,0
-13.51,10.41,39.21,0,1
-12.55,14.4,34.53,1,2
-13.25,14.51,33.4,0,2
-13.31,11.88,36.33,0,1
-13.62,0.0,33.99,0,0
-13.2,10.28,35.12,0,1
-13.29,17.46,45.05,1,2
-13.55,11.9,32.21,0,1
-12.82,13.63,33.44,0,2
-13.35,9.68,36.23,0,1
-12.81,13.65,37.51,0,2
-13.8,11.7,37.68,0,1
-13.52,11.48,32.93,0,1
-12.88,13.39,43.58,1,2
-13.8,0.0,31.24,0,0
-12.96,13.15,46.85,1,2
-13.22,0.0,30.39,0,0
-12.61,17.69,44.29,1,2
-13.41,9.41,39.79,0,1
-13.17,0.0,31.59,0,0
-12.93,13.87,37.65,0,2
-13.73,0.0,30.62,0,0
-13.09,0.0,34.49,0,0
-13.76,9.38,33.89,0,1
-13.34,9.66,32.95,0,1
-12.55,17.9,44.6,1,2
-12.71,14.67,41.51,1,2
-13.44,0.0,34.37,0,0
-13.37,10.61,34.8,0,1
-13.63,11.12,33.13,0,1
-12.65,13.93,33.18,1,2
-12.87,17.77,43.04,1,2
-13.0,0.0,34.71,0,0
-13.55,9.01,37.67,0,1
-13.66,9.45,36.09,0,1
-13.32,0.0,31.43,0,0
-13.47,9.78,35.7,0,1
-13.72,9.08,34.64,0,1
-13.12,0.0,31.77,0,0
-12.76,14.23,31.64,1,2
