timestamp,temp,voltage,label
2026-04-19 11:52:39.679892,27.0,4.0,2
2026-04-19 11:52:44.679892,27.0,4.0,2
2026-04-19 11:52:49.679892,27.0,4.0,2
2026-04-19 11:52:54.679892,27.0,4.0,2
2026-04-19 11:52:59.679892,27.0,4.0,2
2026-04-19 11:53:04.679892,27.0,4.0,2
2026-04-19 11:53:09.679892,27.0,4.0,2
2026-04-19 11:53:14.679892,27.0,4.0,2
2026-04-19 11:53:19.679892,27.0,4.0,2
2026-04-19 11:53:24.679892,27.0,4.0,2
2026-04-19 11:53:29.679892,25.55,2.64,1
2026-04-19 11:53:34.679892,25.02,2.4,1
2026-04-19 11:53:39.679892,25.97,2.47,1
2026-04-19 11:53:44.679892,25.04,2.95,1
2026-04-19 11:53:49.679892,25.31,2.36,1
2026-04-19 11:53:54.679892,25.06,2.52,1
2026-04-19 11:53:59.679892,25.4,2.41,1
2026-04-19 11:54:04.679892,25.08,2.47,1
2026-04-19 11:54:09.679892,25.5,2.44,1
2026-04-19 11:54:14.679892,25.24,2.9,1
2026-04-19 11:54:19.679892,25.86,2.26,1
2026-04-19 11:54:24.679892,0.0,0.0,0
2026-04-19 11:54:29.679892,27.0,4.0,2
2026-04-19 11:54:34.679892,27.0,4.0,2
2026-04-19 11:54:39.679892,27.0,4.0,2
2026-04-19 11:54:44.679892,27.0,4.0,2
2026-04-19 11:54:49.679892,27.0,4.0,2
2026-04-19 11:54:54.679892,25.68,2.43,1
2026-04-19 11:54:59.679892,25.5,2.54,1
2026-04-19 11:55:04.679892,25.39,2.09,1
2026-04-19 11:55:09.679892,25.35,2.48,1
2026-04-19 11:55:14.679892,25.87,2.63,1
2026-04-19 11:55:19.679892,25.12,2.33,1
2026-04-19 11:55:24.679892,27.0,4.0,2
2026-04-19 11:55:29.679892,27.0,4.0,2
2026-04-19 11:55:34.679892,27.0,4.0,2
2026-04-19 11:55:39.679892,27.0,4.0,2
2026-04-19 11:55:44.679892,27.0,4.0,2
2026-04-19 11:55:49.679892,25.12,2.61,1
2026-04-19 11:55:54.679892,25.51,2.98,1
2026-04-19 11:55:59.679892,25.46,2.71,1
2026-04-19 11:56:04.679892,25.09,2.7,1
2026-04-19 11:56:09.679892,25.22,2.39,1
2026-04-19 11:56:14.679892,25.2,2.16,1
2026-04-19 11:56:19.679892,25.69,2.52,1
2026-04-19 11:56:24.679892,25.6,2.45,1
2026-04-19 11:56:29.679892,25.86,2.81,1
2026-04-19 11:56:34.679892,25.02,2.07,1
2026-04-19 11:56:39.679892,25.64,2.72,1
2026-04-19 11:56:44.679892,25.12,2.44,1
2026-04-19 11:56:49.679892,25.77,2.82,1
2026-04-19 11:56:54.679892,25.11,2.26,1
2026-04-19 11:56:59.679892,25.57,2.91,1
2026-04-19 11:57:04.679892,25.21,2.79,1
2026-04-19 11:57:09.679892,25.12,2.05,1
2026-04-19 11:57:14.679892,25.21,2.14,1
2026-04-19 11:57:19.679892,25.58,2.23,1
2026-04-19 11:57:24.679892,25.96,2.59,1
2026-04-19 11:57:29.679892,25.24,2.43,1
2026-04-19 11:57:34.679892,25.03,2.93,1
2026-04-19 11:57:39.679892,25.05,2.49,1
2026-04-19 11:57:44.679892,25.34,2.72,1
2026-04-19 11:57:49.679892,25.64,2.31,1
2026-04-19 11:57:54.679892,25.8,2.73,1
2026-04-19 11:57:59.679892,25.14,2.29,1
2026-04-19 11:58:04.679892,25.3,2.06,1
2026-04-19 11:58:09.679892,0.0,0.0,0
2026-04-19 11:58:14.679892,25.97,2.29,1
2026-04-19 11:58:19.679892,25.38,2.6,1
2026-04-19 11:58:24.679892,25.4,2.62,1
2026-04-19 11:58:29.679892,25.62,2.24,1
2026-04-19 11:58:34.679892,25.91,2.85,1
2026-04-19 11:58:39.679892,25.39,2.91,1
2026-04-19 11:58:44.679892,25.95,2.03,1
2026-04-19 11:58:49.679892,27.0,4.0,2
2026-04-19 11:58:54.679892,27.0,4.0,2
2026-04-19 11:58:59.679892,27.0,4.0,2
2026-04-19 11:59:04.679892,27.0,4.0,2
2026-04-19 11:59:09.679892,27.0,4.0,2
2026-04-19 11:59:14.679892,27.0,4.0,2
2026-04-19 11:59:19.679892,27.0,4.0,2
2026-04-19 11:59:24.679892,27.0,4.0,2
2026-04-19 11:59:29.679892,27.0,4.0,2
2026-04-19 11:59:34.679892,0.0,0.0,0
2026-04-19 11:59:39.679892,0.0,0.0,0
2026-04-19 11:59:44.679892,27.0,4.0,2
2026-04-19 11:59:49.679892,27.0,4.0,2
2026-04-19 11:59:54.679892,27.0,4.0,2
2026-04-19 11:59:59.679892,27.0,4.0,2
2026-04-19 12:00:04.679892,27.0,4.0,2
2026-04-19 12:00:09.679892,27.0,4.0,2
2026-04-19 12:00:14.679892,27.0,4.0,2
2026-04-19 12:00:19.679892,27.0,4.0,2
2026-04-19 12:00:24.679892,27.0,4.0,2
2026-04-19 12:00:29.679892,27.0,4.0,2
2026-04-19 12:00:34.679892,27.0,4.0,2
2026-04-19 12:00:39.679892,27.0,4.0,2
2026-04-19 12:00:44.679892,27.0,4.0,2
2026-04-19 12:00:49.679892,27.0,4.0,2
2026-04-19 12:00:54.679892,27.0,4.0,2
2026-04-19 12:00:59.679892,27.0,4.0,2
2026-04-19 12:01:04.679892,27.0,4.0,2
2026-04-19 12:01:09.679892,0.0,0.0,0
2026-04-19 12:01:14.679892,25.42,2.98,1
2026-04-19 12:01:19.679892,25.94,2.75,1
2026-04-19 12:01:24.679892,25.73,2.94,1
2026-04-19 12:01:29.679892,25.32,2.33,1
2026-04-19 12:01:34.679892,25.8,2.71,1
2026-04-19 12:01:39.679892,25.01,2.83,1
2026-04-19 12:01:44.679892,25.51,2.62,1
2026-04-19 12:01:49.679892,25.05,2.05,1
2026-04-19 12:01:54.679892,25.4,2.61,1
2026-04-19 12:01:59.679892,25.89,2.62,1
2026-04-19 12:02:04.679892,25.02,2.61,1
2026-04-19 12:02:09.679892,25.14,2.27,1
2026-04-19 12:02:14.679892,25.02,2.54,1
2026-04-19 12:02:19.679892,25.17,2.3,1
2026-04-19 12:02:24.679892,25.92,2.8,1
2026-04-19 12:02:29.679892,25.76,2.59,1
2026-04-19 12:02:34.679892,25.99,2.32,1
2026-04-19 12:02:39.679892,25.68,2.94,1
2026-04-19 12:02:44.679892,25.02,2.5,1
2026-04-19 12:02:49.679892,25.91,2.93,1
2026-04-19 12:02:54.679892,25.15,2.48,1
2026-04-19 12:02:59.679892,25.85,2.79,1
2026-04-19 12:03:04.679892,25.13,2.24,1
2026-04-19 12:03:09.679892,25.64,2.25,1
2026-04-19 12:03:14.679892,25.16,2.58,1
2026-04-19 12:03:19.679892,25.07,2.61,1
2026-04-19 12:03:24.679892,25.79,2.97,1
2026-04-19 12:03:29.679892,25.46,2.62,1
2026-04-19 12:03:34.679892,25.19,2.79,1
2026-04-19 12:03:39.679892,25.02,2.34,1
2026-04-19 12:03:44.679892,25.82,2.54,1
2026-04-19 12:03:49.679892,25.87,2.95,1
2026-04-19 12:03:54.679892,25.72,2.34,1
2026-04-19 12:03:59.679892,25.6,2.11,1
2026-04-19 12:04:04.679892,25.69,2.0,1
2026-04-19 12:04:09.679892,25.69,2.49,1
2026-04-19 12:04:14.679892,25.54,2.01,1
2026-04-19 12:04:19.679892,25.5,2.5,1
2026-04-19 12:04:24.679892,25.77,2.17,1
2026-04-19 12:04:29.679892,25.75,2.17,1
2026-04-19 12:04:34.679892,25.47,2.17,1
2026-04-19 12:04:39.679892,25.6,2.14,1
2026-04-19 12:04:44.679892,25.87,2.26,1
2026-04-19 12:04:49.679892,25.18,2.16,1
2026-04-19 12:04:54.679892,25.27,2.01,1
2026-04-19 12:04:59.679892,25.02,2.02,1
2026-04-19 12:05:04.679892,25.66,2.19,1
2026-04-19 12:05:09.679892,25.95,2.85,1
2026-04-19 12:05:14.679892,25.73,2.82,1
2026-04-19 12:05:19.679892,0.0,0.0,0
2026-04-19 12:05:24.679892,27.0,4.0,2
2026-04-19 12:05:29.679892,27.0,4.0,2
2026-04-19 12:05:34.679892,27.0,4.0,2
2026-04-19 12:05:39.679892,27.0,4.0,2
2026-04-19 12:05:44.679892,27.0,4.0,2
2026-04-19 12:05:49.679892,27.0,4.0,2
2026-04-19 12:05:54.679892,25.93,2.26,1
2026-04-19 12:05:59.679892,25.61,2.11,1
2026-04-19 12:06:04.679892,25.12,2.59,1
2026-04-19 12:06:09.679892,25.72,2.84,1
2026-04-19 12:06:14.679892,25.1,2.17,1
2026-04-19 12:06:19.679892,25.54,2.86,1
2026-04-19 12:06:24.679892,25.43,2.32,1
2026-04-19 12:06:29.679892,25.22,2.45,1
2026-04-19 12:06:34.679892,25.62,2.24,1
2026-04-19 12:06:39.679892,25.84,2.37,1
2026-04-19 12:06:44.679892,25.97,2.91,1
2026-04-19 12:06:49.679892,25.39,2.9,1
2026-04-19 12:06:54.679892,25.99,2.67,1
2026-04-19 12:06:59.679892,25.09,2.05,1
2026-04-19 12:07:04.679892,25.01,2.76,1
2026-04-19 12:07:09.679892,25.61,2.68,1
2026-04-19 12:07:14.679892,25.17,2.39,1
2026-04-19 12:07:19.679892,25.52,2.03,1
2026-04-19 12:07:24.679892,25.43,2.84,1
2026-04-19 12:07:29.679892,25.45,2.05,1
2026-04-19 12:07:34.679892,25.59,2.38,1
2026-04-19 12:07:39.679892,25.72,2.21,1
2026-04-19 12:07:44.679892,25.88,2.26,1
2026-04-19 12:07:49.679892,25.99,2.94,1
2026-04-19 12:07:54.679892,25.41,2.47,1
2026-04-19 12:07:59.679892,25.21,2.21,1
2026-04-19 12:08:04.679892,25.59,2.18,1
2026-04-19 12:08:09.679892,25.85,2.1,1
2026-04-19 12:08:14.679892,25.22,2.75,1
2026-04-19 12:08:19.679892,25.57,2.55,1
2026-04-19 12:08:24.679892,25.58,2.23,1
2026-04-19 12:08:29.679892,25.95,2.5,1
2026-04-19 12:08:34.679892,25.05,2.44,1
2026-04-19 12:08:39.679892,25.38,2.58,1
2026-04-19 12:08:44.679892,0.0,0.0,0
2026-04-19 12:08:49.679892,0.0,0.0,0
2026-04-19 12:08:54.679892,27.0,4.0,2
2026-04-19 12:08:59.679892,27.0,4.0,2
2026-04-19 12:09:04.679892,27.0,4.0,2
2026-04-19 12:09:09.679892,27.0,4.0,2
2026-04-19 12:09:14.679892,27.0,4.0,2
2026-04-19 12:09:19.679892,27.0,4.0,2
2026-04-19 12:09:24.679892,0.0,0.0,0
2026-04-19 12:09:29.679892,0.0,0.0,0
2026-04-19 12:09:34.679892,25.73,2.69,1
2026-04-19 12:09:39.679892,25.51,2.14,1
2026-04-19 12:09:44.679892,25.89,2.92,1
2026-04-19 12:09:49.679892,25.44,2.19,1
2026-04-19 12:09:54.679892,25.89,2.81,1
2026-04-19 12:09:59.679892,25.7,2.56,1
2026-04-19 12:10:04.679892,25.87,2.73,1
2026-04-19 12:10:09.679892,25.07,2.81,1
2026-04-19 12:10:14.679892,25.12,2.09,1
2026-04-19 12:10:19.679892,25.66,2.61,1
2026-04-19 12:10:24.679892,25.69,2.78,1
2026-04-19 12:10:29.679892,25.19,2.91,1
2026-04-19 12:10:34.679892,25.38,2.79,1
2026-04-19 12:10:39.679892,25.32,2.13,1
2026-04-19 12:10:44.679892,25.62,2.56,1
2026-04-19 12:10:49.679892,25.53,2.33,1
2026-04-19 12:10:54.679892,25.51,2.77,1
2026-04-19 12:10:59.679892,25.4,2.54,1
2026-04-19 12:11:04.679892,25.69,2.42,1
2026-04-19 12:11:09.679892,25.03,2.9,1
2026-04-19 12:11:14.679892,25.37,2.96,1
2026-04-19 12:11:19.679892,25.82,2.19,1
2026-04-19 12:11:24.679892,25.57,2.76,1
2026-04-19 12:11:29.679892,25.44,2.48,1
2026-04-19 12:11:34.679892,25.37,2.89,1
2026-04-19 12:11:39.679892,25.1,2.92,1
2026-04-19 12:11:44.679892,25.69,2.23,1
2026-04-19 12:11:49.679892,25.43,2.93,1
2026-04-19 12:11:54.679892,25.5,2.84,1
2026-04-19 12:11:59.679892,25.16,2.23,1
2026-04-19 12:12:04.679892,25.61,2.06,1
2026-04-19 12:12:09.679892,25.94,2.51,1
2026-04-19 12:12:14.679892,25.41,2.26,1
2026-04-19 12:12:19.679892,25.43,2.33,1
2026-04-19 12:12:24.679892,25.66,2.21,1
2026-04-19 12:12:29.679892,25.62,2.24,1
2026-04-19 12:12:34.679892,25.98,2.59,1
2026-04-19 12:12:39.679892,25.04,2.09,1
2026-04-19 12:12:44.679892,25.92,2.65,1
2026-04-19 12:12:49.679892,25.14,2.18,1
2026-04-19 12:12:54.679892,25.28,2.32,1
2026-04-19 12:12:59.679892,25.64,2.57,1
2026-04-19 12:13:04.679892,25.98,2.51,1
2026-04-19 12:13:09.679892,0.0,0.0,0
2026-04-19 12:13:14.679892,0.0,0.0,0
2026-04-19 12:13:19.679892,27.0,4.0,2
2026-04-19 12:13:24.679892,27.0,4.0,2
2026-04-19 12:13:29.679892,27.0,4.0,2
2026-04-19 12:13:34.679892,0.0,0.0,0
2026-04-19 12:13:39.679892,25.38,2.46,1
2026-04-19 12:13:44.679892,25.02,2.87,1
2026-04-19 12:13:49.679892,25.73,2.19,1
2026-04-19 12:13:54.679892,25.68,2.38,1
2026-04-19 12:13:59.679892,25.46,2.08,1
2026-04-19 12:14:04.679892,25.35,2.17,1
2026-04-19 12:14:09.679892,25.27,2.12,1
2026-04-19 12:14:14.679892,25.26,2.95,1
2026-04-19 12:14:19.679892,25.96,2.15,1
2026-04-19 12:14:24.679892,25.35,2.14,1
2026-04-19 12:14:29.679892,25.41,2.44,1
2026-04-19 12:14:34.679892,25.12,2.91,1
2026-04-19 12:14:39.679892,25.67,2.12,1
2026-04-19 12:14:44.679892,25.42,2.09,1
2026-04-19 12:14:49.679892,25.48,2.15,1
2026-04-19 12:14:54.679892,25.61,2.54,1
2026-04-19 12:14:59.679892,25.72,2.86,1
2026-04-19 12:15:04.679892,25.21,2.35,1
2026-04-19 12:15:09.679892,25.06,2.17,1
2026-04-19 12:15:14.679892,25.24,2.43,1
2026-04-19 12:15:19.679892,25.97,2.34,1
2026-04-19 12:15:24.679892,25.69,2.34,1
2026-04-19 12:15:29.679892,25.95,2.5,1
2026-04-19 12:15:34.679892,25.35,2.11,1
2026-04-19 12:15:39.679892,25.46,2.55,1
2026-04-19 12:15:44.679892,25.35,2.83,1
2026-04-19 12:15:49.679892,0.0,0.0,0
2026-04-19 12:15:54.679892,25.61,2.18,1
2026-04-19 12:15:59.679892,25.88,2.12,1
2026-04-19 12:16:04.679892,25.83,2.69,1
2026-04-19 12:16:09.679892,25.06,2.97,1
2026-04-19 12:16:14.679892,25.46,2.57,1
2026-04-19 12:16:19.679892,25.54,2.23,1
2026-04-19 12:16:24.679892,25.54,2.62,1
2026-04-19 12:16:29.679892,25.3,2.18,1
2026-04-19 12:16:34.679892,25.68,2.64,1
2026-04-19 12:16:39.679892,25.12,2.05,1
2026-04-19 12:16:44.679892,25.65,2.82,1
2026-04-19 12:16:49.679892,25.62,2.78,1
2026-04-19 12:16:54.679892,25.05,2.83,1
2026-04-19 12:16:59.679892,25.35,2.37,1
2026-04-19 12:17:04.679892,25.7,2.07,1
2026-04-19 12:17:09.679892,25.59,2.6,1
2026-04-19 12:17:14.679892,25.31,2.87,1
2026-04-19 12:17:19.679892,25.9,2.75,1
2026-04-19 12:17:24.679892,25.28,2.36,1
2026-04-19 12:17:29.679892,25.54,2.0,1
2026-04-19 12:17:34.679892,25.22,2.58,1
2026-04-19 12:17:39.679892,25.77,2.53,1
2026-04-19 12:17:44.679892,25.53,2.06,1
2026-04-19 12:17:49.679892,25.28,2.69,1
2026-04-19 12:17:54.679892,25.81,2.94,1
2026-04-19 12:17:59.679892,25.08,2.67,1
2026-04-19 12:18:04.679892,25.36,2.72,1
2026-04-19 12:18:09.679892,25.65,2.37,1
2026-04-19 12:18:14.679892,25.12,2.24,1
2026-04-19 12:18:19.679892,25.01,2.18,1
2026-04-19 12:18:24.679892,25.58,2.0,1
2026-04-19 12:18:29.679892,25.47,2.9,1
2026-04-19 12:18:34.679892,25.07,2.17,1
2026-04-19 12:18:39.679892,0.0,0.0,0
2026-04-19 12:18:44.679892,0.0,0.0,0
2026-04-19 12:18:49.679892,25.75,2.32,1
2026-04-19 12:18:54.679892,25.37,2.17,1
2026-04-19 12:18:59.679892,25.04,2.02,1
2026-04-19 12:19:04.679892,25.23,2.42,1
2026-04-19 12:19:09.679892,25.41,2.27,1
2026-04-19 12:19:14.679892,25.83,2.39,1
2026-04-19 12:19:19.679892,25.77,2.88,1
2026-04-19 12:19:24.679892,25.79,2.42,1
2026-04-19 12:19:29.679892,25.82,2.05,1
2026-04-19 12:19:34.679892,25.64,2.83,1
2026-04-19 12:19:39.679892,25.16,2.28,1
2026-04-19 12:19:44.679892,25.17,2.82,1
2026-04-19 12:19:49.679892,25.94,2.89,1
2026-04-19 12:19:54.679892,25.45,2.33,1
2026-04-19 12:19:59.679892,25.97,2.18,1
2026-04-19 12:20:04.679892,25.68,2.7,1
2026-04-19 12:20:09.679892,25.25,2.56,1
2026-04-19 12:20:14.679892,25.41,2.49,1
2026-04-19 12:20:19.679892,25.81,2.42,1
2026-04-19 12:20:24.679892,25.27,2.26,1
2026-04-19 12:20:29.679892,25.93,2.82,1
2026-04-19 12:20:34.679892,25.55,2.06,1
2026-04-19 12:20:39.679892,25.15,2.4,1
2026-04-19 12:20:44.679892,25.36,2.22,1
2026-04-19 12:20:49.679892,25.62,2.02,1
2026-04-19 12:20:54.679892,25.94,2.92,1
2026-04-19 12:20:59.679892,25.13,2.03,1
2026-04-19 12:21:04.679892,25.38,2.58,1
2026-04-19 12:21:09.679892,25.72,2.49,1
2026-04-19 12:21:14.679892,25.91,2.18,1
2026-04-19 12:21:19.679892,25.39,2.83,1
2026-04-19 12:21:24.679892,25.65,2.61,1
2026-04-19 12:21:29.679892,25.36,2.86,1
2026-04-19 12:21:34.679892,25.87,2.01,1
2026-04-19 12:21:39.679892,25.05,2.55,1
2026-04-19 12:21:44.679892,25.28,2.99,1
2026-04-19 12:21:49.679892,27.0,4.0,2
2026-04-19 12:21:54.679892,27.0,4.0,2
2026-04-19 12:21:59.679892,27.0,4.0,2
2026-04-19 12:22:04.679892,27.0,4.0,2
2026-04-19 12:22:09.679892,27.0,4.0,2
2026-04-19 12:22:14.679892,27.0,4.0,2
2026-04-19 12:22:19.679892,25.01,2.76,1
2026-04-19 12:22:24.679892,25.82,2.45,1
2026-04-19 12:22:29.679892,25.16,2.57,1
2026-04-19 12:22:34.679892,25.24,2.32,1
2026-04-19 12:22:39.679892,25.95,2.33,1
2026-04-19 12:22:44.679892,25.39,2.4,1
2026-04-19 12:22:49.679892,25.85,2.51,1
2026-04-19 12:22:54.679892,25.62,2.01,1
2026-04-19 12:22:59.679892,25.3,2.75,1
2026-04-19 12:23:04.679892,25.93,2.47,1
2026-04-19 12:23:09.679892,25.68,2.34,1
2026-04-19 12:23:14.679892,25.77,2.82,1
2026-04-19 12:23:19.679892,25.78,2.15,1
2026-04-19 12:23:24.679892,25.29,2.79,1
2026-04-19 12:23:29.679892,25.72,2.95,1
2026-04-19 12:23:34.679892,25.17,2.16,1
2026-04-19 12:23:39.679892,25.47,2.83,1
2026-04-19 12:23:44.679892,25.22,2.81,1
2026-04-19 12:23:49.679892,25.27,2.9,1
2026-04-19 12:23:54.679892,25.89,2.22,1
2026-04-19 12:23:59.679892,25.59,2.36,1
2026-04-19 12:24:04.679892,25.29,2.73,1
2026-04-19 12:24:09.679892,25.52,2.09,1
2026-04-19 12:24:14.679892,25.87,2.62,1
2026-04-19 12:24:19.679892,25.71,2.24,1
2026-04-19 12:24:24.679892,25.33,2.45,1
2026-04-19 12:24:29.679892,25.73,2.64,1
2026-04-19 12:24:34.679892,25.07,2.34,1
2026-04-19 12:24:39.679892,25.75,2.09,1
2026-04-19 12:24:44.679892,25.43,2.59,1
2026-04-19 12:24:49.679892,25.72,2.16,1
2026-04-19 12:24:54.679892,25.62,2.3,1
2026-04-19 12:24:59.679892,25.6,2.62,1
2026-04-19 12:25:04.679892,25.5,2.02,1
2026-04-19 12:25:09.679892,25.89,2.04,1
2026-04-19 12:25:14.679892,25.31,2.29,1
2026-04-19 12:25:19.679892,25.76,2.91,1
2026-04-19 12:25:24.679892,25.78,2.03,1
2026-04-19 12:25:29.679892,25.07,2.86,1
2026-04-19 12:25:34.679892,25.43,2.19,1
2026-04-19 12:25:39.679892,25.39,2.48,1
2026-04-19 12:25:44.679892,25.79,2.63,1
2026-04-19 12:25:49.679892,25.77,2.05,1
2026-04-19 12:25:54.679892,25.4,2.47,1
2026-04-19 12:25:59.679892,25.26,2.43,1
2026-04-19 12:26:04.679892,25.18,2.81,1
2026-04-19 12:26:09.679892,25.9,2.02,1
2026-04-19 12:26:14.679892,25.28,2.76,1
2026-04-19 12:26:19.679892,25.24,2.14,1
2026-04-19 12:26:24.679892,25.77,2.85,1
2026-04-19 12:26:29.679892,25.37,2.98,1
2026-04-19 12:26:34.679892,25.08,2.21,1
2026-04-19 12:26:39.679892,25.3,2.97,1
2026-04-19 12:26:44.679892,25.55,2.05,1
2026-04-19 12:26:49.679892,25.71,2.9,1
2026-04-19 12:26:54.679892,25.67,2.8,1
2026-04-19 12:26:59.679892,0.0,0.0,0
2026-04-19 12:27:04.679892,0.0,0.0,0
2026-04-19 12:27:09.679892,27.0,4.0,2
2026-04-19 12:27:14.679892,27.0,4.0,2
2026-04-19 12:27:19.679892,27.0,4.0,2
2026-04-19 12:27:24.679892,27.0,4.0,2
2026-04-19 12:27:29.679892,27.0,4.0,2
2026-04-19 12:27:34.679892,27.0,4.0,2
2026-04-19 12:27:39.679892,27.0,4.0,2
2026-04-19 12:27:44.679892,27.0,4.0,2
2026-04-19 12:27:49.679892,27.0,4.0,2
2026-04-19 12:27:54.679892,27.0,4.0,2
2026-04-19 12:27:59.679892,27.0,4.0,2
2026-04-19 12:28:04.679892,27.0,4.0,2
2026-04-19 12:28:09.679892,27.0,4.0,2
2026-04-19 12:28:14.679892,0.0,0.0,0
2026-04-19 12:28:19.679892,27.0,4.0,2
2026-04-19 12:28:24.679892,27.0,4.0,2
2026-04-19 12:28:29.679892,0.0,0.0,0
2026-04-19 12:28:34.679892,25.03,2.36,1
2026-04-19 12:28:39.679892,25.09,2.28,1
2026-04-19 12:28:44.679892,25.82,2.25,1
2026-04-19 12:28:49.679892,25.52,2.92,1
2026-04-19 12:28:54.679892,25.04,2.35,1
2026-04-19 12:28:59.679892,25.03,2.37,1
2026-04-19 12:29:04.679892,25.84,2.31,1
2026-04-19 12:29:09.679892,25.57,3.0,1
2026-04-19 12:29:14.679892,25.82,3.0,1
2026-04-19 12:29:19.679892,25.46,2.66,1
2026-04-19 12:29:24.679892,25.59,2.96,1
2026-04-19 12:29:29.679892,25.88,2.08,1
2026-04-19 12:29:34.679892,25.35,2.68,1
2026-04-19 12:29:39.679892,25.09,2.85,1
2026-04-19 12:29:44.679892,25.68,2.04,1
2026-04-19 12:29:49.679892,25.71,2.82,1
2026-04-19 12:29:54.679892,25.67,3.0,1
2026-04-19 12:29:59.679892,25.92,2.03,1
2026-04-19 12:30:04.679892,25.64,2.72,1
2026-04-19 12:30:09.679892,25.44,2.46,1
2026-04-19 12:30:14.679892,25.04,2.56,1
2026-04-19 12:30:19.679892,25.88,2.42,1
2026-04-19 12:30:24.679892,25.02,2.9,1
2026-04-19 12:30:29.679892,25.34,2.1,1
2026-04-19 12:30:34.679892,25.7,2.36,1
2026-04-19 12:30:39.679892,25.22,2.06,1
2026-04-19 12:30:44.679892,25.77,2.9,1
2026-04-19 12:30:49.679892,25.07,2.18,1
2026-04-19 12:30:54.679892,25.49,2.95,1
2026-04-19 12:30:59.679892,25.12,2.52,1
2026-04-19 12:31:04.679892,25.65,2.69,1
2026-04-19 12:31:09.679892,25.01,2.71,1
2026-04-19 12:31:14.679892,27.0,4.0,2
2026-04-19 12:31:19.679892,27.0,4.0,2
2026-04-19 12:31:24.679892,27.0,4.0,2
2026-04-19 12:31:29.679892,27.0,4.0,2
2026-04-19 12:31:34.679892,0.0,0.0,0
2026-04-19 12:31:39.679892,25.18,2.32,1
2026-04-19 12:31:44.679892,25.17,2.08,1
2026-04-19 12:31:49.679892,25.78,2.69,1
2026-04-19 12:31:54.679892,25.76,2.92,1
2026-04-19 12:31:59.679892,25.23,2.83,1
2026-04-19 12:32:04.679892,25.45,2.82,1
2026-04-19 12:32:09.679892,25.08,2.93,1
2026-04-19 12:32:14.679892,25.31,2.5,1
2026-04-19 12:32:19.679892,25.39,2.24,1
2026-04-19 12:32:24.679892,25.4,2.36,1
2026-04-19 12:32:29.679892,25.51,2.4,1
2026-04-19 12:32:34.679892,25.71,2.0,1
2026-04-19 12:32:39.679892,25.88,2.18,1
2026-04-19 12:32:44.679892,25.5,2.21,1
2026-04-19 12:32:49.679892,25.77,3.0,1
2026-04-19 12:32:54.679892,25.46,2.86,1
2026-04-19 12:32:59.679892,25.48,2.15,1
2026-04-19 12:33:04.679892,25.16,2.76,1
2026-04-19 12:33:09.679892,25.27,2.92,1
2026-04-19 12:33:14.679892,25.56,2.03,1
2026-04-19 12:33:19.679892,25.84,2.93,1
2026-04-19 12:33:24.679892,25.83,2.45,1
2026-04-19 12:33:29.679892,25.37,2.68,1
2026-04-19 12:33:34.679892,25.51,2.44,1
2026-04-19 12:33:39.679892,25.53,2.19,1
2026-04-19 12:33:44.679892,25.97,2.69,1
2026-04-19 12:33:49.679892,25.11,2.35,1
2026-04-19 12:33:54.679892,25.46,2.3,1
2026-04-19 12:33:59.679892,25.21,2.85,1
2026-04-19 12:34:04.679892,25.42,2.39,1
2026-04-19 12:34:09.679892,25.35,2.44,1
2026-04-19 12:34:14.679892,25.08,2.68,1
2026-04-19 12:34:19.679892,25.85,2.87,1
2026-04-19 12:34:24.679892,25.91,2.32,1
2026-04-19 12:34:29.679892,25.17,2.35,1
2026-04-19 12:34:34.679892,25.94,2.36,1
2026-04-19 12:34:39.679892,25.87,2.13,1
2026-04-19 12:34:44.679892,25.54,2.1,1
2026-04-19 12:34:49.679892,25.55,2.69,1
2026-04-19 12:34:54.679892,25.73,2.14,1
2026-04-19 12:34:59.679892,25.13,2.7,1
2026-04-19 12:35:04.679892,25.55,2.11,1
2026-04-19 12:35:09.679892,25.12,2.26,1
2026-04-19 12:35:14.679892,27.0,4.0,2
2026-04-19 12:35:19.679892,27.0,4.0,2
2026-04-19 12:35:24.679892,27.0,4.0,2
2026-04-19 12:35:29.679892,27.0,4.0,2
2026-04-19 12:35:34.679892,27.0,4.0,2
2026-04-19 12:35:39.679892,27.0,4.0,2
2026-04-19 12:35:44.679892,27.0,4.0,2
2026-04-19 12:35:49.679892,27.0,4.0,2
2026-04-19 12:35:54.679892,27.0,4.0,2
2026-04-19 12:35:59.679892,27.0,4.0,2
2026-04-19 12:36:04.679892,27.0,4.0,2
2026-04-19 12:36:09.679892,27.0,4.0,2
2026-04-19 12:36:14.679892,27.0,4.0,2
2026-04-19 12:36:19.679892,27.0,4.0,2
2026-04-19 12:36:24.679892,27.0,4.0,2
2026-04-19 12:36:29.679892,27.0,4.0,2
2026-04-19 12:36:34.679892,27.0,4.0,2
2026-04-19 12:36:39.679892,27.0,4.0,2
2026-04-19 12:36:44.679892,27.0,4.0,2
2026-04-19 12:36:49.679892,27.0,4.0,2
2026-04-19 12:36:54.679892,0.0,0.0,0
2026-04-19 12:36:59.679892,0.0,0.0,0
2026-04-19 12:37:04.679892,25.17,2.76,1
2026-04-19 12:37:09.679892,25.42,2.34,1
2026-04-19 12:37:14.679892,25.85,2.11,1
2026-04-19 12:37:19.679892,25.97,2.11,1
2026-04-19 12:37:24.679892,25.0,2.7,1
2026-04-19 12:37:29.679892,25.06,2.79,1
2026-04-19 12:37:34.679892,25.08,2.32,1
2026-04-19 12:37:39.679892,25.36,2.37,1
2026-04-19 12:37:44.679892,25.09,2.5,1
2026-04-19 12:37:49.679892,25.82,2.52,1
2026-04-19 12:37:54.679892,25.81,2.21,1
2026-04-19 12:37:59.679892,25.06,2.77,1
2026-04-19 12:38:04.679892,25.55,2.93,1
2026-04-19 12:38:09.679892,25.39,2.07,1
2026-04-19 12:38:14.679892,25.26,2.16,1
2026-04-19 12:38:19.679892,25.73,2.28,1
2026-04-19 12:38:24.679892,25.33,2.48,1
2026-04-19 12:38:29.679892,25.31,2.67,1
2026-04-19 12:38:34.679892,25.33,2.55,1
2026-04-19 12:38:39.679892,25.25,2.24,1
2026-04-19 12:38:44.679892,25.87,2.54,1
2026-04-19 12:38:49.679892,25.96,2.07,1
2026-04-19 12:38:54.679892,25.21,2.19,1
2026-04-19 12:38:59.679892,25.21,2.69,1
2026-04-19 12:39:04.679892,25.47,2.16,1
2026-04-19 12:39:09.679892,25.08,2.02,1
2026-04-19 12:39:14.679892,25.92,2.77,1
2026-04-19 12:39:19.679892,25.1,2.69,1
2026-04-19 12:39:24.679892,25.74,2.9,1
2026-04-19 12:39:29.679892,25.67,2.56,1
2026-04-19 12:39:34.679892,25.01,2.8,1
2026-04-19 12:39:39.679892,25.36,2.46,1
2026-04-19 12:39:44.679892,25.53,2.83,1
2026-04-19 12:39:49.679892,25.93,2.69,1
2026-04-19 12:39:54.679892,25.14,2.22,1
2026-04-19 12:39:59.679892,25.98,2.9,1
2026-04-19 12:40:04.679892,25.71,2.36,1
2026-04-19 12:40:09.679892,25.16,2.59,1
2026-04-19 12:40:14.679892,25.43,2.38,1
2026-04-19 12:40:19.679892,25.17,2.16,1
2026-04-19 12:40:24.679892,25.37,2.58,1
2026-04-19 12:40:29.679892,25.84,2.34,1
2026-04-19 12:40:34.679892,25.57,2.42,1
2026-04-19 12:40:39.679892,25.74,2.97,1
2026-04-19 12:40:44.679892,25.96,2.87,1
2026-04-19 12:40:49.679892,27.0,4.0,2
2026-04-19 12:40:54.679892,27.0,4.0,2
2026-04-19 12:40:59.679892,27.0,4.0,2
2026-04-19 12:41:04.679892,27.0,4.0,2
2026-04-19 12:41:09.679892,27.0,4.0,2
2026-04-19 12:41:14.679892,27.0,4.0,2
2026-04-19 12:41:19.679892,0.0,0.0,0
2026-04-19 12:41:24.679892,25.07,2.31,1
2026-04-19 12:41:29.679892,25.35,2.97,1
2026-04-19 12:41:34.679892,25.84,2.06,1
2026-04-19 12:41:39.679892,25.5,2.57,1
2026-04-19 12:41:44.679892,25.45,2.95,1
2026-04-19 12:41:49.679892,25.7,2.03,1
2026-04-19 12:41:54.679892,27.0,4.0,2
2026-04-19 12:41:59.679892,27.0,4.0,2
2026-04-19 12:42:04.679892,27.0,4.0,2
2026-04-19 12:42:09.679892,27.0,4.0,2
2026-04-19 12:42:14.679892,27.0,4.0,2
2026-04-19 12:42:19.679892,27.0,4.0,2
2026-04-19 12:42:24.679892,27.0,4.0,2
2026-04-19 12:42:29.679892,27.0,4.0,2
2026-04-19 12:42:34.679892,27.0,4.0,2
2026-04-19 12:42:39.679892,27.0,4.0,2
2026-04-19 12:42:44.679892,0.0,0.0,0
2026-04-19 12:42:49.679892,27.0,4.0,2
2026-04-19 12:42:54.679892,27.0,4.0,2
2026-04-19 12:42:59.679892,27.0,4.0,2
2026-04-19 12:43:04.679892,27.0,4.0,2
2026-04-19 12:43:09.679892,27.0,4.0,2
2026-04-19 12:43:14.679892,27.0,4.0,2
2026-04-19 12:43:19.679892,27.0,4.0,2
2026-04-19 12:43:24.679892,27.0,4.0,2
2026-04-19 12:43:29.679892,27.0,4.0,2
2026-04-19 12:43:34.679892,27.0,4.0,2
2026-04-19 12:43:39.679892,27.0,4.0,2
2026-04-19 12:43:44.679892,0.0,0.0,0
2026-04-19 12:43:49.679892,27.0,4.0,2
2026-04-19 12:43:54.679892,27.0,4.0,2
2026-04-19 12:43:59.679892,27.0,4.0,2
2026-04-19 12:44:04.679892,27.0,4.0,2
2026-04-19 12:44:09.679892,27.0,4.0,2
2026-04-19 12:44:14.679892,27.0,4.0,2
2026-04-19 12:44:19.679892,27.0,4.0,2
2026-04-19 12:44:24.679892,27.0,4.0,2
2026-04-19 12:44:29.679892,27.0,4.0,2
2026-04-19 12:44:34.679892,27.0,4.0,2
2026-04-19 12:44:39.679892,27.0,4.0,2
2026-04-19 12:44:44.679892,0.0,0.0,0
2026-04-19 12:44:49.679892,25.72,2.94,1
2026-04-19 12:44:54.679892,25.26,2.79,1
2026-04-19 12:44:59.679892,25.1,2.21,1
2026-04-19 12:45:04.679892,25.78,2.34,1
2026-04-19 12:45:09.679892,25.07,2.56,1
2026-04-19 12:45:14.679892,25.62,2.76,1
2026-04-19 12:45:19.679892,25.57,2.24,1
2026-04-19 12:45:24.679892,25.67,2.39,1
2026-04-19 12:45:29.679892,25.11,2.05,1
2026-04-19 12:45:34.679892,25.17,2.27,1
2026-04-19 12:45:39.679892,25.39,2.0,1
2026-04-19 12:45:44.679892,25.57,2.63,1
2026-04-19 12:45:49.679892,25.04,2.61,1
2026-04-19 12:45:54.679892,25.05,2.32,1
2026-04-19 12:45:59.679892,25.04,2.89,1
2026-04-19 12:46:04.679892,25.92,2.48,1
2026-04-19 12:46:09.679892,25.55,2.41,1
2026-04-19 12:46:14.679892,25.71,2.78,1
2026-04-19 12:46:19.679892,25.81,2.67,1
2026-04-19 12:46:24.679892,25.48,2.74,1
2026-04-19 12:46:29.679892,25.88,2.75,1
2026-04-19 12:46:34.679892,25.54,2.79,1
2026-04-19 12:46:39.679892,25.27,2.13,1
2026-04-19 12:46:44.679892,25.55,2.79,1
2026-04-19 12:46:49.679892,25.68,2.8,1
2026-04-19 12:46:54.679892,25.61,2.22,1
2026-04-19 12:46:59.679892,25.64,2.86,1
2026-04-19 12:47:04.679892,25.73,2.78,1
2026-04-19 12:47:09.679892,25.92,2.58,1
2026-04-19 12:47:14.679892,25.78,2.28,1
2026-04-19 12:47:19.679892,25.35,2.74,1
2026-04-19 12:47:24.679892,25.99,2.8,1
2026-04-19 12:47:29.679892,25.75,2.22,1
2026-04-19 12:47:34.679892,0.0,0.0,0
2026-04-19 12:47:39.679892,25.66,2.69,1
2026-04-19 12:47:44.679892,25.42,2.4,1
2026-04-19 12:47:49.679892,25.22,2.97,1
2026-04-19 12:47:54.679892,25.04,2.47,1
2026-04-19 12:47:59.679892,25.02,2.71,1
2026-04-19 12:48:04.679892,25.84,2.28,1
2026-04-19 12:48:09.679892,25.94,2.83,1
2026-04-19 12:48:14.679892,25.06,2.56,1
2026-04-19 12:48:19.679892,25.68,2.89,1
2026-04-19 12:48:24.679892,25.11,2.05,1
2026-04-19 12:48:29.679892,25.72,2.83,1
2026-04-19 12:48:34.679892,25.4,2.4,1
2026-04-19 12:48:39.679892,25.7,2.99,1
2026-04-19 12:48:44.679892,25.06,2.47,1
2026-04-19 12:48:49.679892,25.83,2.56,1
2026-04-19 12:48:54.679892,25.01,2.26,1
2026-04-19 12:48:59.679892,25.89,2.41,1
2026-04-19 12:49:04.679892,25.4,2.62,1
2026-04-19 12:49:09.679892,25.61,2.14,1
2026-04-19 12:49:14.679892,25.92,2.18,1
2026-04-19 12:49:19.679892,25.81,2.85,1
2026-04-19 12:49:24.679892,25.15,2.81,1
2026-04-19 12:49:29.679892,25.9,2.53,1
2026-04-19 12:49:34.679892,25.03,2.73,1
2026-04-19 12:49:39.679892,25.99,2.99,1
2026-04-19 12:49:44.679892,25.37,2.63,1
2026-04-19 12:49:49.679892,25.89,2.81,1
2026-04-19 12:49:54.679892,25.87,2.95,1
2026-04-19 12:49:59.679892,25.64,2.64,1
2026-04-19 12:50:04.679892,25.18,2.32,1
2026-04-19 12:50:09.679892,25.5,2.54,1
2026-04-19 12:50:14.679892,25.84,2.02,1
2026-04-19 12:50:19.679892,25.48,2.2,1
2026-04-19 12:50:24.679892,27.0,4.0,2
2026-04-19 12:50:29.679892,27.0,4.0,2
2026-04-19 12:50:34.679892,27.0,4.0,2
2026-04-19 12:50:39.679892,27.0,4.0,2
2026-04-19 12:50:44.679892,27.0,4.0,2
2026-04-19 12:50:49.679892,27.0,4.0,2
2026-04-19 12:50:54.679892,0.0,0.0,0
2026-04-19 12:50:59.679892,27.0,4.0,2
2026-04-19 12:51:04.679892,27.0,4.0,2
2026-04-19 12:51:09.679892,27.0,4.0,2
2026-04-19 12:51:14.679892,27.0,4.0,2
2026-04-19 12:51:19.679892,27.0,4.0,2
2026-04-19 12:51:24.679892,27.0,4.0,2
2026-04-19 12:51:29.679892,27.0,4.0,2
2026-04-19 12:51:34.679892,27.0,4.0,2
2026-04-19 12:51:39.679892,27.0,4.0,2
2026-04-19 12:51:44.679892,27.0,4.0,2
2026-04-19 12:51:49.679892,27.0,4.0,2
2026-04-19 12:51:54.679892,27.0,4.0,2
2026-04-19 12:51:59.679892,27.0,4.0,2
2026-04-19 12:52:04.679892,27.0,4.0,2
2026-04-19 12:52:09.679892,27.0,4.0,2
2026-04-19 12:52:14.679892,27.0,4.0,2
2026-04-19 12:52:19.679892,0.0,0.0,0
2026-04-19 12:52:24.679892,27.0,4.0,2
2026-04-19 12:52:29.679892,27.0,4.0,2
2026-04-19 12:52:34.679892,27.0,4.0,2
2026-04-19 12:52:39.679892,27.0,4.0,2
2026-04-19 12:52:44.679892,27.0,4.0,2
2026-04-19 12:52:49.679892,27.0,4.0,2
2026-04-19 12:52:54.679892,25.57,2.63,1
2026-04-19 12:52:59.679892,25.49,2.37,1
2026-04-19 12:53:04.679892,25.11,2.07,1
2026-04-19 12:53:09.679892,25.11,2.19,1
2026-04-19 12:53:14.679892,25.92,2.7,1
2026-04-19 12:53:19.679892,25.31,2.9,1
2026-04-19 12:53:24.679892,25.88,2.57,1
2026-04-19 12:53:29.679892,25.42,2.86,1
2026-04-19 12:53:34.679892,25.84,2.52,1
2026-04-19 12:53:39.679892,25.94,2.99,1
2026-04-19 12:53:44.679892,25.54,2.06,1
2026-04-19 12:53:49.679892,25.91,2.05,1
2026-04-19 12:53:54.679892,25.13,2.37,1
2026-04-19 12:53:59.679892,25.17,2.06,1
2026-04-19 12:54:04.679892,25.72,2.05,1
2026-04-19 12:54:09.679892,25.8,2.94,1
2026-04-19 12:54:14.679892,25.75,2.88,1
2026-04-19 12:54:19.679892,25.73,2.82,1
2026-04-19 12:54:24.679892,25.27,2.63,1
2026-04-19 12:54:29.679892,25.63,2.06,1
2026-04-19 12:54:34.679892,25.94,2.58,1
2026-04-19 12:54:39.679892,25.2,2.68,1
2026-04-19 12:54:44.679892,25.91,2.92,1
2026-04-19 12:54:49.679892,25.99,2.88,1
2026-04-19 12:54:54.679892,25.31,2.4,1
2026-04-19 12:54:59.679892,25.86,2.76,1
2026-04-19 12:55:04.679892,25.58,2.74,1
2026-04-19 12:55:09.679892,25.74,2.83,1
2026-04-19 12:55:14.679892,25.19,2.16,1
2026-04-19 12:55:19.679892,25.8,2.42,1
2026-04-19 12:55:24.679892,25.82,2.4,1
2026-04-19 12:55:29.679892,25.74,2.73,1
2026-04-19 12:55:34.679892,25.32,2.76,1
2026-04-19 12:55:39.679892,25.84,2.97,1
2026-04-19 12:55:44.679892,27.0,4.0,2
2026-04-19 12:55:49.679892,27.0,4.0,2
2026-04-19 12:55:54.679892,27.0,4.0,2
2026-04-19 12:55:59.679892,27.0,4.0,2
2026-04-19 12:56:04.679892,27.0,4.0,2
2026-04-19 12:56:09.679892,27.0,4.0,2
2026-04-19 12:56:14.679892,27.0,4.0,2
2026-04-19 12:56:19.679892,27.0,4.0,2
2026-04-19 12:56:24.679892,27.0,4.0,2
2026-04-19 12:56:29.679892,27.0,4.0,2
2026-04-19 12:56:34.679892,27.0,4.0,2
2026-04-19 12:56:39.679892,27.0,4.0,2
2026-04-19 12:56:44.679892,27.0,4.0,2
2026-04-19 12:56:49.679892,27.0,4.0,2
2026-04-19 12:56:54.679892,25.69,2.37,1
2026-04-19 12:56:59.679892,25.15,2.5,1
2026-04-19 12:57:04.679892,25.69,2.44,1
2026-04-19 12:57:09.679892,25.09,2.22,1
2026-04-19 12:57:14.679892,25.2,2.11,1
2026-04-19 12:57:19.679892,25.18,2.87,1
2026-04-19 12:57:24.679892,25.17,2.34,1
2026-04-19 12:57:29.679892,25.89,2.75,1
2026-04-19 12:57:34.679892,25.89,2.58,1
2026-04-19 12:57:39.679892,25.05,2.5,1
2026-04-19 12:57:44.679892,25.77,2.05,1
2026-04-19 12:57:49.679892,25.88,2.28,1
2026-04-19 12:57:54.679892,25.94,2.98,1
2026-04-19 12:57:59.679892,25.66,2.02,1
2026-04-19 12:58:04.679892,25.43,2.11,1
2026-04-19 12:58:09.679892,25.02,2.28,1
2026-04-19 12:58:14.679892,25.05,2.06,1
2026-04-19 12:58:19.679892,25.07,2.99,1
2026-04-19 12:58:24.679892,25.62,2.96,1
2026-04-19 12:58:29.679892,25.54,2.28,1
2026-04-19 12:58:34.679892,25.02,2.59,1
2026-04-19 12:58:39.679892,25.55,2.04,1
2026-04-19 12:58:44.679892,0.0,0.0,0
2026-04-19 12:58:49.679892,0.0,0.0,0
2026-04-19 12:58:54.679892,0.0,0.0,0
2026-04-19 12:58:59.679892,27.0,4.0,2
2026-04-19 12:59:04.679892,27.0,4.0,2
2026-04-19 12:59:09.679892,0.0,0.0,0
2026-04-19 12:59:14.679892,0.0,0.0,0
2026-04-19 12:59:19.679892,25.86,2.21,1
2026-04-19 12:59:24.679892,25.05,2.42,1
2026-04-19 12:59:29.679892,25.98,2.12,1
2026-04-19 12:59:34.679892,25.25,2.35,1
2026-04-19 12:59:39.679892,25.38,2.0,1
2026-04-19 12:59:44.679892,25.41,2.07,1
2026-04-19 12:59:49.679892,25.91,2.89,1
2026-04-19 12:59:54.679892,25.87,2.63,1
2026-04-19 12:59:59.679892,25.24,2.05,1
2026-04-19 13:00:04.679892,25.4,2.97,1
2026-04-19 13:00:09.679892,25.13,2.81,1
2026-04-19 13:00:14.679892,25.28,2.7,1
2026-04-19 13:00:19.679892,25.41,2.96,1
2026-04-19 13:00:24.679892,25.64,2.09,1
2026-04-19 13:00:29.679892,25.17,2.42,1
2026-04-19 13:00:34.679892,0.0,0.0,0
2026-04-19 13:00:39.679892,25.44,2.14,1
2026-04-19 13:00:44.679892,25.93,2.26,1
2026-04-19 13:00:49.679892,25.34,2.96,1
2026-04-19 13:00:54.679892,25.44,2.56,1
2026-04-19 13:00:59.679892,25.63,2.17,1
2026-04-19 13:01:04.679892,25.73,2.2,1
2026-04-19 13:01:09.679892,25.53,2.72,1
2026-04-19 13:01:14.679892,25.47,2.31,1
2026-04-19 13:01:19.679892,25.21,2.66,1
2026-04-19 13:01:24.679892,25.53,2.15,1
2026-04-19 13:01:29.679892,25.03,2.75,1
2026-04-19 13:01:34.679892,25.99,2.94,1
2026-04-19 13:01:39.679892,25.36,2.97,1
2026-04-19 13:01:44.679892,25.69,2.94,1
2026-04-19 13:01:49.679892,25.3,2.26,1
2026-04-19 13:01:54.679892,25.87,2.6,1
2026-04-19 13:01:59.679892,25.77,2.35,1
2026-04-19 13:02:04.679892,25.0,2.78,1
2026-04-19 13:02:09.679892,25.13,2.46,1
2026-04-19 13:02:14.679892,25.64,2.34,1
2026-04-19 13:02:19.679892,25.79,2.23,1
2026-04-19 13:02:24.679892,25.06,2.04,1
2026-04-19 13:02:29.679892,25.54,2.36,1
2026-04-19 13:02:34.679892,25.48,2.55,1
2026-04-19 13:02:39.679892,25.82,2.3,1
2026-04-19 13:02:44.679892,25.65,2.06,1
2026-04-19 13:02:49.679892,25.02,2.55,1
2026-04-19 13:02:54.679892,25.9,2.24,1
2026-04-19 13:02:59.679892,25.33,2.13,1
2026-04-19 13:03:04.679892,25.0,2.55,1
2026-04-19 13:03:09.679892,25.59,2.35,1
2026-04-19 13:03:14.679892,0.0,0.0,0
2026-04-19 13:03:19.679892,27.0,4.0,2
2026-04-19 13:03:24.679892,27.0,4.0,2
2026-04-19 13:03:29.679892,27.0,4.0,2
2026-04-19 13:03:34.679892,25.01,2.1,1
2026-04-19 13:03:39.679892,25.89,2.25,1
2026-04-19 13:03:44.679892,25.93,2.09,1
2026-04-19 13:03:49.679892,25.65,2.4,1
2026-04-19 13:03:54.679892,25.22,2.24,1
2026-04-19 13:03:59.679892,25.4,2.71,1
2026-04-19 13:04:04.679892,25.58,2.71,1
2026-04-19 13:04:09.679892,25.57,2.61,1
2026-04-19 13:04:14.679892,25.12,2.81,1
2026-04-19 13:04:19.679892,25.48,2.41,1
2026-04-19 13:04:24.679892,25.88,2.16,1
2026-04-19 13:04:29.679892,25.75,2.25,1
2026-04-19 13:04:34.679892,25.61,2.83,1
2026-04-19 13:04:39.679892,25.52,2.06,1
2026-04-19 13:04:44.679892,25.61,2.53,1
2026-04-19 13:04:49.679892,25.95,2.98,1
2026-04-19 13:04:54.679892,25.76,2.69,1
2026-04-19 13:04:59.679892,25.27,2.84,1
2026-04-19 13:05:04.679892,25.64,2.37,1
2026-04-19 13:05:09.679892,25.24,2.27,1
2026-04-19 13:05:14.679892,25.45,2.17,1
2026-04-19 13:05:19.679892,25.46,2.27,1
2026-04-19 13:05:24.679892,25.93,2.81,1
2026-04-19 13:05:29.679892,25.72,2.22,1
2026-04-19 13:05:34.679892,25.77,2.49,1
2026-04-19 13:05:39.679892,25.6,2.81,1
2026-04-19 13:05:44.679892,25.41,2.83,1
2026-04-19 13:05:49.679892,25.83,2.74,1
2026-04-19 13:05:54.679892,25.71,2.59,1
2026-04-19 13:05:59.679892,25.71,2.92,1
2026-04-19 13:06:04.679892,25.38,2.59,1
2026-04-19 13:06:09.679892,25.35,2.2,1
2026-04-19 13:06:14.679892,25.41,2.2,1
2026-04-19 13:06:19.679892,25.58,2.77,1
2026-04-19 13:06:24.679892,25.44,2.17,1
2026-04-19 13:06:29.679892,25.32,2.32,1
2026-04-19 13:06:34.679892,25.26,2.18,1
2026-04-19 13:06:39.679892,25.19,2.4,1
2026-04-19 13:06:44.679892,25.04,2.65,1
2026-04-19 13:06:49.679892,25.08,2.83,1
2026-04-19 13:06:54.679892,25.96,2.44,1
2026-04-19 13:06:59.679892,25.8,2.89,1
2026-04-19 13:07:04.679892,25.94,2.97,1
2026-04-19 13:07:09.679892,25.59,2.77,1
2026-04-19 13:07:14.679892,25.31,2.88,1
2026-04-19 13:07:19.679892,25.56,2.2,1
2026-04-19 13:07:24.679892,25.35,2.56,1
2026-04-19 13:07:29.679892,25.08,2.24,1
2026-04-19 13:07:34.679892,25.9,2.46,1
2026-04-19 13:07:39.679892,26.0,2.4,1
2026-04-19 13:07:44.679892,27.0,4.0,2
2026-04-19 13:07:49.679892,27.0,4.0,2
2026-04-19 13:07:54.679892,27.0,4.0,2
2026-04-19 13:07:59.679892,27.0,4.0,2
2026-04-19 13:08:04.679892,27.0,4.0,2
2026-04-19 13:08:09.679892,27.0,4.0,2
2026-04-19 13:08:14.679892,27.0,4.0,2
2026-04-19 13:08:19.679892,27.0,4.0,2
2026-04-19 13:08:24.679892,27.0,4.0,2
2026-04-19 13:08:29.679892,27.0,4.0,2
2026-04-19 13:08:34.679892,27.0,4.0,2
2026-04-19 13:08:39.679892,27.0,4.0,2
2026-04-19 13:08:44.679892,27.0,4.0,2
2026-04-19 13:08:49.679892,27.0,4.0,2
2026-04-19 13:08:54.679892,27.0,4.0,2
2026-04-19 13:08:59.679892,27.0,4.0,2
2026-04-19 13:09:04.679892,0.0,0.0,0
2026-04-19 13:09:09.679892,0.0,0.0,0
2026-04-19 13:09:14.679892,25.85,2.16,1
2026-04-19 13:09:19.679892,25.11,2.46,1
2026-04-19 13:09:24.679892,25.75,2.37,1
2026-04-19 13:09:29.679892,25.17,2.18,1
2026-04-19 13:09:34.679892,25.44,2.24,1
2026-04-19 13:09:39.679892,25.59,2.79,1
2026-04-19 13:09:44.679892,0.0,0.0,0
2026-04-19 13:09:49.679892,27.0,4.0,2
2026-04-19 13:09:54.679892,27.0,4.0,2
2026-04-19 13:09:59.679892,27.0,4.0,2
2026-04-19 13:10:04.679892,27.0,4.0,2
2026-04-19 13:10:09.679892,27.0,4.0,2
2026-04-19 13:10:14.679892,27.0,4.0,2
2026-04-19 13:10:19.679892,27.0,4.0,2
2026-04-19 13:10:24.679892,27.0,4.0,2
2026-04-19 13:10:29.679892,0.0,0.0,0
2026-04-19 13:10:34.679892,0.0,0.0,0
2026-04-19 13:10:39.679892,27.0,4.0,2
2026-04-19 13:10:44.679892,27.0,4.0,2
2026-04-19 13:10:49.679892,27.0,4.0,2
2026-04-19 13:10:54.679892,27.0,4.0,2
2026-04-19 13:10:59.679892,25.47,2.79,1
2026-04-19 13:11:04.679892,25.74,2.42,1
2026-04-19 13:11:09.679892,25.29,2.67,1
2026-04-19 13:11:14.679892,25.85,2.48,1
2026-04-19 13:11:19.679892,25.48,2.29,1
2026-04-19 13:11:24.679892,25.57,2.38,1
2026-04-19 13:11:29.679892,25.42,2.74,1
2026-04-19 13:11:34.679892,25.2,2.48,1
2026-04-19 13:11:39.679892,25.88,2.06,1
2026-04-19 13:11:44.679892,25.31,3.0,1
2026-04-19 13:11:49.679892,25.87,2.24,1
2026-04-19 13:11:54.679892,25.75,2.85,1
2026-04-19 13:11:59.679892,25.08,2.34,1
2026-04-19 13:12:04.679892,0.0,0.0,0
2026-04-19 13:12:09.679892,27.0,4.0,2
2026-04-19 13:12:14.679892,27.0,4.0,2
2026-04-19 13:12:19.679892,27.0,4.0,2
2026-04-19 13:12:24.679892,27.0,4.0,2
2026-04-19 13:12:29.679892,27.0,4.0,2
2026-04-19 13:12:34.679892,27.0,4.0,2
2026-04-19 13:12:39.679892,0.0,0.0,0
2026-04-19 13:12:44.679892,0.0,0.0,0
2026-04-19 13:12:49.679892,0.0,0.0,0
2026-04-19 13:12:54.679892,27.0,4.0,2
2026-04-19 13:12:59.679892,27.0,4.0,2
2026-04-19 13:13:04.679892,27.0,4.0,2
2026-04-19 13:13:09.679892,27.0,4.0,2
2026-04-19 13:13:14.679892,27.0,4.0,2
2026-04-19 13:13:19.679892,25.05,2.53,1
2026-04-19 13:13:24.679892,25.79,2.61,1
2026-04-19 13:13:29.679892,25.15,2.29,1
2026-04-19 13:13:34.679892,25.88,2.21,1
2026-04-19 13:13:39.679892,25.89,2.68,1
2026-04-19 13:13:44.679892,25.83,2.0,1
2026-04-19 13:13:49.679892,25.98,2.23,1
2026-04-19 13:13:54.679892,25.73,2.64,1
2026-04-19 13:13:59.679892,25.95,2.02,1
2026-04-19 13:14:04.679892,25.83,2.04,1
2026-04-19 13:14:09.679892,27.0,4.0,2
2026-04-19 13:14:14.679892,27.0,4.0,2
2026-04-19 13:14:19.679892,27.0,4.0,2
2026-04-19 13:14:24.679892,27.0,4.0,2
2026-04-19 13:14:29.679892,27.0,4.0,2
2026-04-19 13:14:34.679892,27.0,4.0,2
2026-04-19 13:14:39.679892,27.0,4.0,2
2026-04-19 13:14:44.679892,0.0,0.0,0
2026-04-19 13:14:49.679892,0.0,0.0,0
2026-04-19 13:14:54.679892,0.0,0.0,0
2026-04-19 13:14:59.679892,27.0,4.0,2
2026-04-19 13:15:04.679892,27.0,4.0,2
2026-04-19 13:15:09.679892,27.0,4.0,2
2026-04-19 13:15:14.679892,27.0,4.0,2
2026-04-19 13:15:19.679892,27.0,4.0,2
2026-04-19 13:15:24.679892,27.0,4.0,2
2026-04-19 13:15:29.679892,25.76,2.11,1
2026-04-19 13:15:34.679892,25.71,2.94,1
2026-04-19 13:15:39.679892,25.79,2.69,1
2026-04-19 13:15:44.679892,25.71,2.1,1
2026-04-19 13:15:49.679892,25.79,2.08,1
2026-04-19 13:15:54.679892,25.38,2.95,1
2026-04-19 13:15:59.679892,25.04,2.43,1
2026-04-19 13:16:04.679892,25.89,2.75,1
2026-04-19 13:16:09.679892,25.51,2.06,1
2026-04-19 13:16:14.679892,25.13,2.27,1
2026-04-19 13:16:19.679892,25.83,2.65,1
2026-04-19 13:16:24.679892,25.78,2.53,1
2026-04-19 13:16:29.679892,25.24,2.92,1
2026-04-19 13:16:34.679892,25.04,2.72,1
2026-04-19 13:16:39.679892,25.23,2.58,1
2026-04-19 13:16:44.679892,25.17,2.12,1
2026-04-19 13:16:49.679892,25.67,2.32,1
2026-04-19 13:16:54.679892,25.59,2.68,1
2026-04-19 13:16:59.679892,25.17,2.81,1
2026-04-19 13:17:04.679892,25.13,2.29,1
2026-04-19 13:17:09.679892,25.73,2.3,1
2026-04-19 13:17:14.679892,25.78,2.52,1
2026-04-19 13:17:19.679892,25.09,2.85,1
2026-04-19 13:17:24.679892,25.03,2.62,1
2026-04-19 13:17:29.679892,26.0,2.4,1
2026-04-19 13:17:34.679892,25.96,2.69,1
2026-04-19 13:17:39.679892,25.18,2.5,1
2026-04-19 13:17:44.679892,25.65,2.58,1
2026-04-19 13:17:49.679892,25.19,2.67,1
2026-04-19 13:17:54.679892,25.96,2.88,1
2026-04-19 13:17:59.679892,25.14,2.65,1
2026-04-19 13:18:04.679892,25.0,2.24,1
2026-04-19 13:18:09.679892,25.76,2.81,1
2026-04-19 13:18:14.679892,25.93,2.51,1
2026-04-19 13:18:19.679892,25.6,2.59,1
2026-04-19 13:18:24.679892,25.23,2.04,1
2026-04-19 13:18:29.679892,25.11,2.56,1
2026-04-19 13:18:34.679892,25.82,2.47,1
2026-04-19 13:18:39.679892,25.18,2.4,1
2026-04-19 13:18:44.679892,25.81,2.98,1
2026-04-19 13:18:49.679892,25.11,2.68,1
2026-04-19 13:18:54.679892,25.89,2.73,1
2026-04-19 13:18:59.679892,25.48,2.39,1
2026-04-19 13:19:04.679892,25.65,2.79,1
2026-04-19 13:19:09.679892,25.67,2.21,1
2026-04-19 13:19:14.679892,25.8,2.57,1
2026-04-19 13:19:19.679892,25.16,2.17,1
2026-04-19 13:19:24.679892,25.67,2.02,1
2026-04-19 13:19:29.679892,25.84,2.98,1
2026-04-19 13:19:34.679892,25.25,2.5,1
2026-04-19 13:19:39.679892,25.41,2.41,1
2026-04-19 13:19:44.679892,25.74,2.89,1
2026-04-19 13:19:49.679892,25.42,2.97,1
2026-04-19 13:19:54.679892,25.29,2.93,1
2026-04-19 13:19:59.679892,25.71,2.2,1
2026-04-19 13:20:04.679892,25.33,2.43,1
2026-04-19 13:20:09.679892,0.0,0.0,0
2026-04-19 13:20:14.679892,27.0,4.0,2
2026-04-19 13:20:19.679892,27.0,4.0,2
2026-04-19 13:20:24.679892,27.0,4.0,2
2026-04-19 13:20:29.679892,27.0,4.0,2
2026-04-19 13:20:34.679892,27.0,4.0,2
2026-04-19 13:20:39.679892,27.0,4.0,2
2026-04-19 13:20:44.679892,27.0,4.0,2
2026-04-19 13:20:49.679892,27.0,4.0,2
2026-04-19 13:20:54.679892,25.03,2.81,1
2026-04-19 13:20:59.679892,25.79,2.03,1
2026-04-19 13:21:04.679892,25.92,2.44,1
2026-04-19 13:21:09.679892,25.51,2.42,1
2026-04-19 13:21:14.679892,25.39,2.59,1
2026-04-19 13:21:19.679892,25.95,2.15,1
2026-04-19 13:21:24.679892,25.38,2.23,1
2026-04-19 13:21:29.679892,25.59,2.64,1
2026-04-19 13:21:34.679892,25.56,2.52,1
2026-04-19 13:21:39.679892,25.31,2.23,1
2026-04-19 13:21:44.679892,25.23,2.65,1
2026-04-19 13:21:49.679892,25.8,2.17,1
2026-04-19 13:21:54.679892,25.63,2.61,1
2026-04-19 13:21:59.679892,25.97,2.73,1
2026-04-19 13:22:04.679892,25.32,2.92,1
2026-04-19 13:22:09.679892,25.34,2.33,1
2026-04-19 13:22:14.679892,25.61,2.56,1
2026-04-19 13:22:19.679892,25.8,2.69,1
2026-04-19 13:22:24.679892,25.69,2.61,1
2026-04-19 13:22:29.679892,27.0,4.0,2
2026-04-19 13:22:34.679892,27.0,4.0,2
2026-04-19 13:22:39.679892,27.0,4.0,2
2026-04-19 13:22:44.679892,27.0,4.0,2
2026-04-19 13:22:49.679892,25.01,2.67,1
2026-04-19 13:22:54.679892,25.67,2.71,1
2026-04-19 13:22:59.679892,25.8,2.76,1
2026-04-19 13:23:04.679892,25.4,2.96,1
2026-04-19 13:23:09.679892,25.62,2.79,1
2026-04-19 13:23:14.679892,25.84,2.15,1
2026-04-19 13:23:19.679892,25.79,2.82,1
2026-04-19 13:23:24.679892,25.81,2.87,1
2026-04-19 13:23:29.679892,25.03,2.02,1
2026-04-19 13:23:34.679892,25.98,2.86,1
2026-04-19 13:23:39.679892,25.74,2.52,1
2026-04-19 13:23:44.679892,25.18,2.2,1
2026-04-19 13:23:49.679892,25.65,2.12,1
2026-04-19 13:23:54.679892,25.99,2.69,1
2026-04-19 13:23:59.679892,25.77,2.94,1
2026-04-19 13:24:04.679892,25.54,2.84,1
2026-04-19 13:24:09.679892,25.14,2.98,1
2026-04-19 13:24:14.679892,25.48,2.13,1
2026-04-19 13:24:19.679892,25.45,2.17,1
2026-04-19 13:24:24.679892,25.7,2.85,1
2026-04-19 13:24:29.679892,25.51,2.05,1
2026-04-19 13:24:34.679892,25.76,2.18,1
2026-04-19 13:24:39.679892,25.02,2.2,1
2026-04-19 13:24:44.679892,25.52,2.12,1
2026-04-19 13:24:49.679892,25.56,2.88,1
2026-04-19 13:24:54.679892,25.46,2.32,1
2026-04-19 13:24:59.679892,25.77,2.93,1
2026-04-19 13:25:04.679892,25.39,2.75,1
2026-04-19 13:25:09.679892,25.6,2.56,1
2026-04-19 13:25:14.679892,25.81,3.0,1
2026-04-19 13:25:19.679892,25.67,2.13,1
2026-04-19 13:25:24.679892,25.64,2.97,1
2026-04-19 13:25:29.679892,27.0,4.0,2
2026-04-19 13:25:34.679892,27.0,4.0,2
2026-04-19 13:25:39.679892,27.0,4.0,2
2026-04-19 13:25:44.679892,27.0,4.0,2
2026-04-19 13:25:49.679892,0.0,0.0,0
2026-04-19 13:25:54.679892,0.0,0.0,0
2026-04-19 13:25:59.679892,27.0,4.0,2
2026-04-19 13:26:04.679892,27.0,4.0,2
2026-04-19 13:26:09.679892,27.0,4.0,2
2026-04-19 13:26:14.679892,27.0,4.0,2
2026-04-19 13:26:19.679892,27.0,4.0,2
2026-04-19 13:26:24.679892,27.0,4.0,2
2026-04-19 13:26:29.679892,25.16,2.58,1
2026-04-19 13:26:34.679892,25.5,2.76,1
2026-04-19 13:26:39.679892,25.8,2.98,1
2026-04-19 13:26:44.679892,25.38,2.62,1
2026-04-19 13:26:49.679892,25.38,2.14,1
2026-04-19 13:26:54.679892,0.0,0.0,0
2026-04-19 13:26:59.679892,25.31,2.35,1
2026-04-19 13:27:04.679892,25.91,2.13,1
2026-04-19 13:27:09.679892,25.79,2.48,1
2026-04-19 13:27:14.679892,25.33,2.42,1
2026-04-19 13:27:19.679892,25.97,2.99,1
2026-04-19 13:27:24.679892,25.15,2.77,1
2026-04-19 13:27:29.679892,25.64,2.02,1
2026-04-19 13:27:34.679892,25.51,2.22,1
2026-04-19 13:27:39.679892,25.82,2.35,1
2026-04-19 13:27:44.679892,25.37,2.08,1
2026-04-19 13:27:49.679892,25.76,2.71,1
2026-04-19 13:27:54.679892,25.56,2.34,1
2026-04-19 13:27:59.679892,25.07,2.52,1
2026-04-19 13:28:04.679892,25.52,2.1,1
2026-04-19 13:28:09.679892,25.08,2.98,1
2026-04-19 13:28:14.679892,25.31,2.84,1
2026-04-19 13:28:19.679892,25.99,2.99,1
2026-04-19 13:28:24.679892,25.57,2.26,1
2026-04-19 13:28:29.679892,25.0,2.02,1
2026-04-19 13:28:34.679892,25.81,2.83,1
2026-04-19 13:28:39.679892,25.28,2.56,1
2026-04-19 13:28:44.679892,0.0,0.0,0
2026-04-19 13:28:49.679892,25.04,2.01,1
2026-04-19 13:28:54.679892,25.19,2.62,1
2026-04-19 13:28:59.679892,25.57,2.91,1
2026-04-19 13:29:04.679892,25.21,2.28,1
2026-04-19 13:29:09.679892,25.57,2.86,1
2026-04-19 13:29:14.679892,25.27,2.54,1
2026-04-19 13:29:19.679892,25.43,2.52,1
2026-04-19 13:29:24.679892,25.21,2.02,1
2026-04-19 13:29:29.679892,25.74,2.41,1
2026-04-19 13:29:34.679892,25.39,2.89,1
2026-04-19 13:29:39.679892,25.68,2.83,1
2026-04-19 13:29:44.679892,25.17,2.53,1
2026-04-19 13:29:49.679892,25.51,2.98,1
2026-04-19 13:29:54.679892,25.95,2.46,1
2026-04-19 13:29:59.679892,25.38,2.29,1
2026-04-19 13:30:04.679892,25.67,2.4,1
2026-04-19 13:30:09.679892,25.39,2.53,1
2026-04-19 13:30:14.679892,25.06,2.16,1
2026-04-19 13:30:19.679892,25.85,2.33,1
2026-04-19 13:30:24.679892,25.33,2.14,1
2026-04-19 13:30:29.679892,25.58,2.23,1
2026-04-19 13:30:34.679892,25.25,2.14,1
2026-04-19 13:30:39.679892,25.9,2.82,1
2026-04-19 13:30:44.679892,25.16,2.01,1
2026-04-19 13:30:49.679892,25.79,2.91,1
2026-04-19 13:30:54.679892,25.44,2.09,1
2026-04-19 13:30:59.679892,25.6,2.19,1
2026-04-19 13:31:04.679892,25.54,2.74,1
2026-04-19 13:31:09.679892,25.52,2.93,1
2026-04-19 13:31:14.679892,25.81,2.03,1
2026-04-19 13:31:19.679892,25.58,2.12,1
2026-04-19 13:31:24.679892,25.3,2.59,1
2026-04-19 13:31:29.679892,25.36,2.76,1
2026-04-19 13:31:34.679892,25.46,2.67,1
2026-04-19 13:31:39.679892,27.0,4.0,2
2026-04-19 13:31:44.679892,27.0,4.0,2
2026-04-19 13:31:49.679892,27.0,4.0,2
2026-04-19 13:31:54.679892,27.0,4.0,2
2026-04-19 13:31:59.679892,27.0,4.0,2
2026-04-19 13:32:04.679892,27.0,4.0,2
2026-04-19 13:32:09.679892,27.0,4.0,2
2026-04-19 13:32:14.679892,27.0,4.0,2
2026-04-19 13:32:19.679892,0.0,0.0,0
2026-04-19 13:32:24.679892,27.0,4.0,2
2026-04-19 13:32:29.679892,27.0,4.0,2
2026-04-19 13:32:34.679892,27.0,4.0,2
2026-04-19 13:32:39.679892,27.0,4.0,2
2026-04-19 13:32:44.679892,27.0,4.0,2
2026-04-19 13:32:49.679892,27.0,4.0,2
2026-04-19 13:32:54.679892,27.0,4.0,2
2026-04-19 13:32:59.679892,27.0,4.0,2
2026-04-19 13:33:04.679892,0.0,0.0,0
2026-04-19 13:33:09.679892,0.0,0.0,0
2026-04-19 13:33:14.679892,27.0,4.0,2
2026-04-19 13:33:19.679892,27.0,4.0,2
2026-04-19 13:33:24.679892,27.0,4.0,2
2026-04-19 13:33:29.679892,27.0,4.0,2
2026-04-19 13:33:34.679892,0.0,0.0,0
2026-04-19 13:33:39.679892,0.0,0.0,0
2026-04-19 13:33:44.679892,0.0,0.0,0
2026-04-19 13:33:49.679892,25.52,2.19,1
2026-04-19 13:33:54.679892,25.1,2.34,1
2026-04-19 13:33:59.679892,25.9,2.73,1
2026-04-19 13:34:04.679892,25.94,2.97,1
2026-04-19 13:34:09.679892,25.61,2.69,1
2026-04-19 13:34:14.679892,25.86,2.33,1
2026-04-19 13:34:19.679892,25.04,2.26,1
2026-04-19 13:34:24.679892,25.0,2.18,1
2026-04-19 13:34:29.679892,25.89,2.59,1
2026-04-19 13:34:34.679892,25.82,2.5,1
2026-04-19 13:34:39.679892,25.59,2.54,1
2026-04-19 13:34:44.679892,25.3,2.67,1
2026-04-19 13:34:49.679892,25.87,2.51,1
2026-04-19 13:34:54.679892,25.83,2.28,1
2026-04-19 13:34:59.679892,25.91,2.57,1
2026-04-19 13:35:04.679892,0.0,0.0,0
2026-04-19 13:35:09.679892,0.0,0.0,0
2026-04-19 13:35:14.679892,27.0,4.0,2
2026-04-19 13:35:19.679892,27.0,4.0,2
2026-04-19 13:35:24.679892,0.0,0.0,0
2026-04-19 13:35:29.679892,25.49,2.65,1
2026-04-19 13:35:34.679892,25.92,2.28,1
2026-04-19 13:35:39.679892,25.15,2.31,1
2026-04-19 13:35:44.679892,25.96,2.28,1
2026-04-19 13:35:49.679892,25.68,2.57,1
2026-04-19 13:35:54.679892,25.26,2.39,1
2026-04-19 13:35:59.679892,25.09,2.96,1
2026-04-19 13:36:04.679892,25.7,2.17,1
2026-04-19 13:36:09.679892,25.99,2.46,1
2026-04-19 13:36:14.679892,25.21,2.48,1
2026-04-19 13:36:19.679892,25.71,2.02,1
2026-04-19 13:36:24.679892,25.89,2.96,1
2026-04-19 13:36:29.679892,25.07,2.18,1
2026-04-19 13:36:34.679892,25.63,2.65,1
2026-04-19 13:36:39.679892,26.0,2.54,1
2026-04-19 13:36:44.679892,25.42,2.72,1
2026-04-19 13:36:49.679892,25.84,2.87,1
2026-04-19 13:36:54.679892,25.96,2.63,1
2026-04-19 13:36:59.679892,25.25,2.97,1
2026-04-19 13:37:04.679892,25.95,2.45,1
2026-04-19 13:37:09.679892,25.11,2.54,1
2026-04-19 13:37:14.679892,25.39,2.95,1
2026-04-19 13:37:19.679892,25.58,2.06,1
2026-04-19 13:37:24.679892,25.59,2.71,1
2026-04-19 13:37:29.679892,25.45,2.23,1
2026-04-19 13:37:34.679892,25.8,2.51,1
2026-04-19 13:37:39.679892,25.82,2.42,1
2026-04-19 13:37:44.679892,25.29,2.51,1
2026-04-19 13:37:49.679892,25.15,2.34,1
2026-04-19 13:37:54.679892,25.87,2.9,1
2026-04-19 13:37:59.679892,25.47,2.35,1
2026-04-19 13:38:04.679892,25.04,2.95,1
2026-04-19 13:38:09.679892,25.73,2.17,1
2026-04-19 13:38:14.679892,25.92,2.08,1
2026-04-19 13:38:19.679892,26.0,2.2,1
2026-04-19 13:38:24.679892,25.31,2.36,1
2026-04-19 13:38:29.679892,25.69,2.97,1
2026-04-19 13:38:34.679892,25.87,2.84,1
2026-04-19 13:38:39.679892,25.12,2.59,1
2026-04-19 13:38:44.679892,25.89,2.21,1
2026-04-19 13:38:49.679892,25.45,3.0,1
2026-04-19 13:38:54.679892,25.18,2.55,1
2026-04-19 13:38:59.679892,25.93,2.14,1
2026-04-19 13:39:04.679892,27.0,4.0,2
2026-04-19 13:39:09.679892,27.0,4.0,2
2026-04-19 13:39:14.679892,27.0,4.0,2
2026-04-19 13:39:19.679892,27.0,4.0,2
2026-04-19 13:39:24.679892,25.76,2.25,1
2026-04-19 13:39:29.679892,25.15,2.25,1
2026-04-19 13:39:34.679892,25.16,2.62,1
2026-04-19 13:39:39.679892,25.91,2.71,1
2026-04-19 13:39:44.679892,25.15,2.48,1
2026-04-19 13:39:49.679892,25.86,2.38,1
2026-04-19 13:39:54.679892,25.02,2.85,1
2026-04-19 13:39:59.679892,25.51,2.03,1
2026-04-19 13:40:04.679892,25.2,2.21,1
2026-04-19 13:40:09.679892,25.7,2.86,1
2026-04-19 13:40:14.679892,25.7,2.55,1
2026-04-19 13:40:19.679892,25.21,2.2,1
2026-04-19 13:40:24.679892,25.49,2.19,1
2026-04-19 13:40:29.679892,25.73,2.13,1
2026-04-19 13:40:34.679892,25.75,2.07,1
2026-04-19 13:40:39.679892,25.61,2.13,1
2026-04-19 13:40:44.679892,25.17,2.27,1
2026-04-19 13:40:49.679892,25.16,2.78,1
2026-04-19 13:40:54.679892,25.92,2.5,1
2026-04-19 13:40:59.679892,25.77,2.1,1
2026-04-19 13:41:04.679892,25.88,2.0,1
2026-04-19 13:41:09.679892,25.49,2.8,1
2026-04-19 13:41:14.679892,25.38,2.63,1
2026-04-19 13:41:19.679892,25.33,2.5,1
2026-04-19 13:41:24.679892,25.16,2.41,1
2026-04-19 13:41:29.679892,27.0,4.0,2
2026-04-19 13:41:34.679892,27.0,4.0,2
2026-04-19 13:41:39.679892,27.0,4.0,2
2026-04-19 13:41:44.679892,27.0,4.0,2
2026-04-19 13:41:49.679892,27.0,4.0,2
2026-04-19 13:41:54.679892,27.0,4.0,2
2026-04-19 13:41:59.679892,0.0,0.0,0
2026-04-19 13:42:04.679892,0.0,0.0,0
2026-04-19 13:42:09.679892,27.0,4.0,2
2026-04-19 13:42:14.679892,27.0,4.0,2
2026-04-19 13:42:19.679892,27.0,4.0,2
2026-04-19 13:42:24.679892,27.0,4.0,2
2026-04-19 13:42:29.679892,27.0,4.0,2
2026-04-19 13:42:34.679892,27.0,4.0,2
2026-04-19 13:42:39.679892,27.0,4.0,2
2026-04-19 13:42:44.679892,27.0,4.0,2
2026-04-19 13:42:49.679892,27.0,4.0,2
2026-04-19 13:42:54.679892,27.0,4.0,2
2026-04-19 13:42:59.679892,27.0,4.0,2
2026-04-19 13:43:04.679892,27.0,4.0,2
2026-04-19 13:43:09.679892,27.0,4.0,2
2026-04-19 13:43:14.679892,27.0,4.0,2
2026-04-19 13:43:19.679892,27.0,4.0,2
2026-04-19 13:43:24.679892,27.0,4.0,2
2026-04-19 13:43:29.679892,27.0,4.0,2
2026-04-19 13:43:34.679892,27.0,4.0,2
2026-04-19 13:43:39.679892,27.0,4.0,2
2026-04-19 13:43:44.679892,27.0,4.0,2
2026-04-19 13:43:49.679892,27.0,4.0,2
2026-04-19 13:43:54.679892,27.0,4.0,2
2026-04-19 13:43:59.679892,25.03,2.34,1
2026-04-19 13:44:04.679892,25.53,2.69,1
2026-04-19 13:44:09.679892,25.98,2.84,1
2026-04-19 13:44:14.679892,25.97,2.05,1
2026-04-19 13:44:19.679892,25.51,2.57,1
2026-04-19 13:44:24.679892,25.81,2.91,1
2026-04-19 13:44:29.679892,25.82,2.94,1
2026-04-19 13:44:34.679892,25.86,2.92,1
2026-04-19 13:44:39.679892,25.11,2.23,1
2026-04-19 13:44:44.679892,25.56,2.17,1
2026-04-19 13:44:49.679892,25.88,2.75,1
2026-04-19 13:44:54.679892,25.35,2.94,1
2026-04-19 13:44:59.679892,0.0,0.0,0
2026-04-19 13:45:04.679892,27.0,4.0,2
2026-04-19 13:45:09.679892,27.0,4.0,2
2026-04-19 13:45:14.679892,27.0,4.0,2
2026-04-19 13:45:19.679892,27.0,4.0,2
2026-04-19 13:45:24.679892,27.0,4.0,2
2026-04-19 13:45:29.679892,27.0,4.0,2
2026-04-19 13:45:34.679892,27.0,4.0,2
2026-04-19 13:45:39.679892,27.0,4.0,2
2026-04-19 13:45:44.679892,27.0,4.0,2
2026-04-19 13:45:49.679892,27.0,4.0,2
2026-04-19 13:45:54.679892,27.0,4.0,2
2026-04-19 13:45:59.679892,27.0,4.0,2
2026-04-19 13:46:04.679892,27.0,4.0,2
2026-04-19 13:46:09.679892,27.0,4.0,2
2026-04-19 13:46:14.679892,27.0,4.0,2
2026-04-19 13:46:19.679892,27.0,4.0,2
2026-04-19 13:46:24.679892,0.0,0.0,0
2026-04-19 13:46:29.679892,0.0,0.0,0
2026-04-19 13:46:34.679892,25.98,2.55,1
2026-04-19 13:46:39.679892,25.68,2.6,1
2026-04-19 13:46:44.679892,25.01,2.38,1
2026-04-19 13:46:49.679892,25.75,2.54,1
2026-04-19 13:46:54.679892,25.13,2.11,1
2026-04-19 13:46:59.679892,25.94,2.88,1
2026-04-19 13:47:04.679892,25.1,2.75,1
2026-04-19 13:47:09.679892,25.23,2.2,1
2026-04-19 13:47:14.679892,25.55,2.93,1
2026-04-19 13:47:19.679892,25.76,2.51,1
2026-04-19 13:47:24.679892,25.92,2.24,1
2026-04-19 13:47:29.679892,25.24,2.65,1
2026-04-19 13:47:34.679892,25.34,2.59,1
2026-04-19 13:47:39.679892,25.54,2.48,1
2026-04-19 13:47:44.679892,25.47,2.03,1
2026-04-19 13:47:49.679892,25.18,2.14,1
2026-04-19 13:47:54.679892,25.22,2.6,1
2026-04-19 13:47:59.679892,25.11,2.28,1
2026-04-19 13:48:04.679892,25.97,2.66,1
2026-04-19 13:48:09.679892,25.14,2.66,1
2026-04-19 13:48:14.679892,0.0,0.0,0
2026-04-19 13:48:19.679892,27.0,4.0,2
2026-04-19 13:48:24.679892,27.0,4.0,2
2026-04-19 13:48:29.679892,27.0,4.0,2
2026-04-19 13:48:34.679892,27.0,4.0,2
2026-04-19 13:48:39.679892,27.0,4.0,2
2026-04-19 13:48:44.679892,27.0,4.0,2
2026-04-19 13:48:49.679892,27.0,4.0,2
2026-04-19 13:48:54.679892,27.0,4.0,2
2026-04-19 13:48:59.679892,27.0,4.0,2
2026-04-19 13:49:04.679892,27.0,4.0,2
2026-04-19 13:49:09.679892,0.0,0.0,0
2026-04-19 13:49:14.679892,25.07,2.83,1
2026-04-19 13:49:19.679892,25.38,2.25,1
2026-04-19 13:49:24.679892,25.92,2.72,1
2026-04-19 13:49:29.679892,25.2,2.34,1
2026-04-19 13:49:34.679892,25.18,2.91,1
2026-04-19 13:49:39.679892,25.17,2.64,1
2026-04-19 13:49:44.679892,25.21,2.36,1
2026-04-19 13:49:49.679892,25.21,2.34,1
2026-04-19 13:49:54.679892,25.85,2.36,1
2026-04-19 13:49:59.679892,25.65,2.6,1
2026-04-19 13:50:04.679892,25.78,2.63,1
2026-04-19 13:50:09.679892,25.06,2.1,1
2026-04-19 13:50:14.679892,25.31,2.28,1
2026-04-19 13:50:19.679892,25.19,2.27,1
2026-04-19 13:50:24.679892,25.52,2.25,1
2026-04-19 13:50:29.679892,25.66,2.02,1
2026-04-19 13:50:34.679892,25.53,2.14,1
2026-04-19 13:50:39.679892,25.06,2.33,1
2026-04-19 13:50:44.679892,25.78,2.91,1
2026-04-19 13:50:49.679892,25.56,2.07,1
2026-04-19 13:50:54.679892,25.37,2.92,1
2026-04-19 13:50:59.679892,25.01,2.29,1
2026-04-19 13:51:04.679892,25.22,2.77,1
2026-04-19 13:51:09.679892,25.62,2.5,1
2026-04-19 13:51:14.679892,25.73,2.15,1
2026-04-19 13:51:19.679892,25.36,2.11,1
2026-04-19 13:51:24.679892,25.64,2.47,1
2026-04-19 13:51:29.679892,25.67,2.66,1
2026-04-19 13:51:34.679892,25.32,2.29,1
2026-04-19 13:51:39.679892,25.48,2.55,1
2026-04-19 13:51:44.679892,25.42,2.98,1
2026-04-19 13:51:49.679892,25.74,2.07,1
2026-04-19 13:51:54.679892,25.43,2.23,1
2026-04-19 13:51:59.679892,25.64,2.86,1
2026-04-19 13:52:04.679892,25.18,2.25,1
2026-04-19 13:52:09.679892,25.35,2.44,1
2026-04-19 13:52:14.679892,25.68,2.54,1
2026-04-19 13:52:19.679892,25.11,2.56,1
2026-04-19 13:52:24.679892,25.76,2.42,1
2026-04-19 13:52:29.679892,25.3,2.38,1
2026-04-19 13:52:34.679892,25.03,2.2,1
2026-04-19 13:52:39.679892,25.43,2.75,1
2026-04-19 13:52:44.679892,25.69,2.6,1
2026-04-19 13:52:49.679892,25.47,2.06,1
2026-04-19 13:52:54.679892,25.48,2.58,1
2026-04-19 13:52:59.679892,25.73,2.22,1
2026-04-19 13:53:04.679892,25.7,2.58,1
2026-04-19 13:53:09.679892,25.37,2.06,1
2026-04-19 13:53:14.679892,25.61,2.2,1
2026-04-19 13:53:19.679892,25.72,2.51,1
2026-04-19 13:53:24.679892,25.93,2.81,1
2026-04-19 13:53:29.679892,25.61,2.35,1
2026-04-19 13:53:34.679892,25.31,2.63,1
2026-04-19 13:53:39.679892,25.07,2.2,1
2026-04-19 13:53:44.679892,25.42,2.47,1
2026-04-19 13:53:49.679892,25.24,2.9,1
2026-04-19 13:53:54.679892,25.58,2.29,1
2026-04-19 13:53:59.679892,25.57,2.48,1
2026-04-19 13:54:04.679892,25.72,2.41,1
2026-04-19 13:54:09.679892,25.03,2.57,1
2026-04-19 13:54:14.679892,25.07,2.16,1
2026-04-19 13:54:19.679892,25.46,2.17,1
2026-04-19 13:54:24.679892,25.45,2.57,1
2026-04-19 13:54:29.679892,25.14,2.14,1
2026-04-19 13:54:34.679892,25.45,2.0,1
2026-04-19 13:54:39.679892,25.1,2.51,1
2026-04-19 13:54:44.679892,27.0,4.0,2
2026-04-19 13:54:49.679892,27.0,4.0,2
2026-04-19 13:54:54.679892,27.0,4.0,2
2026-04-19 13:54:59.679892,27.0,4.0,2
2026-04-19 13:55:04.679892,27.0,4.0,2
2026-04-19 13:55:09.679892,27.0,4.0,2
2026-04-19 13:55:14.679892,27.0,4.0,2
2026-04-19 13:55:19.679892,27.0,4.0,2
2026-04-19 13:55:24.679892,27.0,4.0,2
2026-04-19 13:55:29.679892,25.97,2.82,1
2026-04-19 13:55:34.679892,25.8,2.68,1
2026-04-19 13:55:39.679892,25.02,2.33,1
2026-04-19 13:55:44.679892,25.8,2.87,1
2026-04-19 13:55:49.679892,25.43,2.45,1
2026-04-19 13:55:54.679892,25.36,2.29,1
2026-04-19 13:55:59.679892,25.87,2.73,1
2026-04-19 13:56:04.679892,25.1,2.62,1
2026-04-19 13:56:09.679892,25.7,2.01,1
2026-04-19 13:56:14.679892,25.6,2.12,1
2026-04-19 13:56:19.679892,25.59,2.54,1
2026-04-19 13:56:24.679892,25.52,2.58,1
2026-04-19 13:56:29.679892,25.17,2.95,1
2026-04-19 13:56:34.679892,25.89,2.23,1
2026-04-19 13:56:39.679892,25.77,2.51,1
2026-04-19 13:56:44.679892,25.71,2.35,1
2026-04-19 13:56:49.679892,25.9,2.93,1
2026-04-19 13:56:54.679892,25.1,2.61,1
2026-04-19 13:56:59.679892,25.01,2.68,1
2026-04-19 13:57:04.679892,25.68,2.91,1
2026-04-19 13:57:09.679892,25.66,2.95,1
2026-04-19 13:57:14.679892,25.54,2.71,1
2026-04-19 13:57:19.679892,27.0,4.0,2
2026-04-19 13:57:24.679892,27.0,4.0,2
2026-04-19 13:57:29.679892,27.0,4.0,2
2026-04-19 13:57:34.679892,27.0,4.0,2
2026-04-19 13:57:39.679892,27.0,4.0,2
2026-04-19 13:57:44.679892,27.0,4.0,2
2026-04-19 13:57:49.679892,27.0,4.0,2
2026-04-19 13:57:54.679892,27.0,4.0,2
2026-04-19 13:57:59.679892,27.0,4.0,2
2026-04-19 13:58:04.679892,27.0,4.0,2
2026-04-19 13:58:09.679892,27.0,4.0,2
2026-04-19 13:58:14.679892,27.0,4.0,2
2026-04-19 13:58:19.679892,27.0,4.0,2
2026-04-19 13:58:24.679892,27.0,4.0,2
2026-04-19 13:58:29.679892,27.0,4.0,2
2026-04-19 13:58:34.679892,27.0,4.0,2
2026-04-19 13:58:39.679892,27.0,4.0,2
2026-04-19 13:58:44.679892,27.0,4.0,2
2026-04-19 13:58:49.679892,27.0,4.0,2
2026-04-19 13:58:54.679892,27.0,4.0,2
2026-04-19 13:58:59.679892,27.0,4.0,2
2026-04-19 13:59:04.679892,25.12,2.92,1
2026-04-19 13:59:09.679892,25.42,2.72,1
2026-04-19 13:59:14.679892,25.05,2.17,1
2026-04-19 13:59:19.679892,25.89,2.16,1
2026-04-19 13:59:24.679892,25.54,2.84,1
2026-04-19 13:59:29.679892,25.52,2.43,1
2026-04-19 13:59:34.679892,25.76,2.91,1
2026-04-19 13:59:39.679892,25.89,2.42,1
2026-04-19 13:59:44.679892,25.03,2.66,1
2026-04-19 13:59:49.679892,25.68,2.28,1
2026-04-19 13:59:54.679892,25.04,2.15,1
2026-04-19 13:59:59.679892,25.03,2.2,1
2026-04-19 14:00:04.679892,25.57,2.05,1
2026-04-19 14:00:09.679892,25.1,2.6,1
2026-04-19 14:00:14.679892,25.87,2.44,1
2026-04-19 14:00:19.679892,25.58,2.14,1
2026-04-19 14:00:24.679892,25.5,2.52,1
2026-04-19 14:00:29.679892,25.15,2.11,1
2026-04-19 14:00:34.679892,25.01,2.09,1
2026-04-19 14:00:39.679892,25.12,2.28,1
2026-04-19 14:00:44.679892,25.68,2.86,1
2026-04-19 14:00:49.679892,25.01,2.18,1
2026-04-19 14:00:54.679892,25.07,2.67,1
2026-04-19 14:00:59.679892,25.4,2.07,1
2026-04-19 14:01:04.679892,25.46,2.24,1
2026-04-19 14:01:09.679892,25.48,2.89,1
2026-04-19 14:01:14.679892,25.53,2.54,1
2026-04-19 14:01:19.679892,25.32,2.06,1
2026-04-19 14:01:24.679892,0.0,0.0,0
2026-04-19 14:01:29.679892,25.13,2.4,1
2026-04-19 14:01:34.679892,25.92,2.28,1
2026-04-19 14:01:39.679892,25.24,2.31,1
2026-04-19 14:01:44.679892,25.48,2.16,1
2026-04-19 14:01:49.679892,25.84,2.67,1
2026-04-19 14:01:54.679892,25.0,2.42,1
2026-04-19 14:01:59.679892,25.23,2.43,1
2026-04-19 14:02:04.679892,25.16,2.01,1
2026-04-19 14:02:09.679892,25.69,2.67,1
2026-04-19 14:02:14.679892,25.88,2.56,1
2026-04-19 14:02:19.679892,25.27,2.37,1
2026-04-19 14:02:24.679892,25.73,2.75,1
2026-04-19 14:02:29.679892,25.05,2.3,1
2026-04-19 14:02:34.679892,25.03,2.91,1
2026-04-19 14:02:39.679892,25.34,2.89,1
2026-04-19 14:02:44.679892,25.24,2.94,1
2026-04-19 14:02:49.679892,25.06,2.54,1
2026-04-19 14:02:54.679892,25.76,2.9,1
2026-04-19 14:02:59.679892,0.0,0.0,0
2026-04-19 14:03:04.679892,0.0,0.0,0
2026-04-19 14:03:09.679892,25.54,2.35,1
2026-04-19 14:03:14.679892,25.53,2.2,1
2026-04-19 14:03:19.679892,25.87,2.55,1
2026-04-19 14:03:24.679892,25.49,2.33,1
2026-04-19 14:03:29.679892,25.01,2.86,1
2026-04-19 14:03:34.679892,25.97,2.9,1
2026-04-19 14:03:39.679892,25.11,2.19,1
2026-04-19 14:03:44.679892,25.25,2.71,1
2026-04-19 14:03:49.679892,25.26,2.91,1
2026-04-19 14:03:54.679892,25.9,2.2,1
2026-04-19 14:03:59.679892,25.02,2.38,1
2026-04-19 14:04:04.679892,25.09,2.76,1
2026-04-19 14:04:09.679892,25.82,2.14,1
2026-04-19 14:04:14.679892,25.64,2.71,1
2026-04-19 14:04:19.679892,25.46,2.98,1
2026-04-19 14:04:24.679892,25.95,2.75,1
2026-04-19 14:04:29.679892,25.4,2.93,1
2026-04-19 14:04:34.679892,25.5,2.9,1
2026-04-19 14:04:39.679892,25.34,2.39,1
2026-04-19 14:04:44.679892,25.22,2.36,1
2026-04-19 14:04:49.679892,25.49,2.44,1
2026-04-19 14:04:54.679892,25.15,2.19,1
2026-04-19 14:04:59.679892,25.66,2.05,1
2026-04-19 14:05:04.679892,25.45,2.47,1
2026-04-19 14:05:09.679892,25.7,2.9,1
2026-04-19 14:05:14.679892,25.74,2.88,1
2026-04-19 14:05:19.679892,25.46,2.98,1
2026-04-19 14:05:24.679892,25.06,2.93,1
2026-04-19 14:05:29.679892,25.88,2.21,1
2026-04-19 14:05:34.679892,25.19,2.84,1
2026-04-19 14:05:39.679892,25.77,2.92,1
2026-04-19 14:05:44.679892,0.0,0.0,0
2026-04-19 14:05:49.679892,0.0,0.0,0
2026-04-19 14:05:54.679892,25.74,2.45,1
2026-04-19 14:05:59.679892,25.72,2.81,1
2026-04-19 14:06:04.679892,25.7,2.53,1
2026-04-19 14:06:09.679892,25.13,2.01,1
2026-04-19 14:06:14.679892,25.92,2.06,1
2026-04-19 14:06:19.679892,25.37,2.89,1
2026-04-19 14:06:24.679892,25.16,2.9,1
2026-04-19 14:06:29.679892,25.65,2.98,1
2026-04-19 14:06:34.679892,25.62,2.86,1
2026-04-19 14:06:39.679892,25.95,2.55,1
2026-04-19 14:06:44.679892,25.01,2.46,1
2026-04-19 14:06:49.679892,25.29,2.09,1
2026-04-19 14:06:54.679892,25.46,2.6,1
2026-04-19 14:06:59.679892,25.04,2.94,1
2026-04-19 14:07:04.679892,25.82,2.06,1
2026-04-19 14:07:09.679892,25.62,2.7,1
2026-04-19 14:07:14.679892,25.57,2.76,1
2026-04-19 14:07:19.679892,25.88,2.02,1
2026-04-19 14:07:24.679892,25.17,2.43,1
2026-04-19 14:07:29.679892,25.78,2.45,1
2026-04-19 14:07:34.679892,25.5,2.51,1
2026-04-19 14:07:39.679892,25.31,2.13,1
2026-04-19 14:07:44.679892,25.11,2.66,1
2026-04-19 14:07:49.679892,25.98,2.51,1
2026-04-19 14:07:54.679892,25.3,2.99,1
2026-04-19 14:07:59.679892,25.35,2.07,1
2026-04-19 14:08:04.679892,25.64,2.92,1
2026-04-19 14:08:09.679892,25.88,2.58,1
2026-04-19 14:08:14.679892,25.24,2.4,1
2026-04-19 14:08:19.679892,25.52,2.88,1
2026-04-19 14:08:24.679892,25.59,2.63,1
2026-04-19 14:08:29.679892,25.27,2.88,1
2026-04-19 14:08:34.679892,25.55,2.46,1
2026-04-19 14:08:39.679892,25.25,2.17,1
2026-04-19 14:08:44.679892,25.93,2.45,1
2026-04-19 14:08:49.679892,25.03,2.26,1
2026-04-19 14:08:54.679892,25.22,2.27,1
2026-04-19 14:08:59.679892,25.81,2.11,1
2026-04-19 14:09:04.679892,25.16,2.71,1
2026-04-19 14:09:09.679892,25.68,2.17,1
2026-04-19 14:09:14.679892,25.32,2.49,1
2026-04-19 14:09:19.679892,25.91,2.55,1
2026-04-19 14:09:24.679892,27.0,4.0,2
2026-04-19 14:09:29.679892,27.0,4.0,2
2026-04-19 14:09:34.679892,27.0,4.0,2
2026-04-19 14:09:39.679892,27.0,4.0,2
2026-04-19 14:09:44.679892,27.0,4.0,2
2026-04-19 14:09:49.679892,27.0,4.0,2
2026-04-19 14:09:54.679892,27.0,4.0,2
2026-04-19 14:09:59.679892,27.0,4.0,2
2026-04-19 14:10:04.679892,27.0,4.0,2
2026-04-19 14:10:09.679892,25.45,2.37,1
2026-04-19 14:10:14.679892,25.81,2.75,1
2026-04-19 14:10:19.679892,25.56,2.27,1
2026-04-19 14:10:24.679892,25.53,2.83,1
2026-04-19 14:10:29.679892,25.68,2.63,1
2026-04-19 14:10:34.679892,25.06,2.98,1
2026-04-19 14:10:39.679892,25.38,2.4,1
2026-04-19 14:10:44.679892,25.89,2.57,1
2026-04-19 14:10:49.679892,25.5,2.23,1
2026-04-19 14:10:54.679892,25.28,2.34,1
2026-04-19 14:10:59.679892,25.97,2.15,1
2026-04-19 14:11:04.679892,25.52,2.03,1
2026-04-19 14:11:09.679892,25.26,2.96,1
2026-04-19 14:11:14.679892,25.45,2.37,1
2026-04-19 14:11:19.679892,25.95,2.05,1
2026-04-19 14:11:24.679892,25.47,2.08,1
2026-04-19 14:11:29.679892,25.9,2.74,1
2026-04-19 14:11:34.679892,25.51,2.16,1
2026-04-19 14:11:39.679892,25.49,2.9,1
2026-04-19 14:11:44.679892,25.31,2.31,1
2026-04-19 14:11:49.679892,25.0,2.91,1
2026-04-19 14:11:54.679892,25.55,2.67,1
2026-04-19 14:11:59.679892,25.79,2.25,1
2026-04-19 14:12:04.679892,25.12,2.32,1
2026-04-19 14:12:09.679892,25.01,2.44,1
2026-04-19 14:12:14.679892,25.41,2.01,1
2026-04-19 14:12:19.679892,25.28,2.43,1
2026-04-19 14:12:24.679892,25.78,2.92,1
2026-04-19 14:12:29.679892,25.56,2.94,1
2026-04-19 14:12:34.679892,25.64,2.67,1
2026-04-19 14:12:39.679892,25.24,2.48,1
2026-04-19 14:12:44.679892,27.0,4.0,2
2026-04-19 14:12:49.679892,27.0,4.0,2
2026-04-19 14:12:54.679892,27.0,4.0,2
2026-04-19 14:12:59.679892,27.0,4.0,2
2026-04-19 14:13:04.679892,27.0,4.0,2
2026-04-19 14:13:09.679892,27.0,4.0,2
2026-04-19 14:13:14.679892,27.0,4.0,2
2026-04-19 14:13:19.679892,27.0,4.0,2
2026-04-19 14:13:24.679892,27.0,4.0,2
2026-04-19 14:13:29.679892,27.0,4.0,2
2026-04-19 14:13:34.679892,0.0,0.0,0
2026-04-19 14:13:39.679892,25.89,2.89,1
2026-04-19 14:13:44.679892,25.01,2.61,1
2026-04-19 14:13:49.679892,27.0,4.0,2
2026-04-19 14:13:54.679892,27.0,4.0,2
2026-04-19 14:13:59.679892,27.0,4.0,2
2026-04-19 14:14:04.679892,27.0,4.0,2
2026-04-19 14:14:09.679892,27.0,4.0,2
2026-04-19 14:14:14.679892,27.0,4.0,2
2026-04-19 14:14:19.679892,25.28,2.72,1
2026-04-19 14:14:24.679892,25.42,2.98,1
2026-04-19 14:14:29.679892,25.84,2.17,1
2026-04-19 14:14:34.679892,25.59,2.08,1
2026-04-19 14:14:39.679892,25.03,2.94,1
2026-04-19 14:14:44.679892,25.3,2.8,1
2026-04-19 14:14:49.679892,25.59,2.49,1
2026-04-19 14:14:54.679892,25.58,2.99,1
2026-04-19 14:14:59.679892,25.25,2.65,1
2026-04-19 14:15:04.679892,25.88,2.49,1
2026-04-19 14:15:09.679892,25.62,2.04,1
2026-04-19 14:15:14.679892,25.74,2.39,1
2026-04-19 14:15:19.679892,25.75,2.68,1
2026-04-19 14:15:24.679892,25.41,2.64,1
2026-04-19 14:15:29.679892,25.64,2.66,1
2026-04-19 14:15:34.679892,25.48,2.62,1
2026-04-19 14:15:39.679892,25.48,2.55,1
2026-04-19 14:15:44.679892,25.78,2.16,1
2026-04-19 14:15:49.679892,25.37,2.74,1
2026-04-19 14:15:54.679892,25.55,2.45,1
2026-04-19 14:15:59.679892,25.22,2.93,1
2026-04-19 14:16:04.679892,25.15,2.82,1
2026-04-19 14:16:09.679892,25.25,2.53,1
2026-04-19 14:16:14.679892,25.16,2.78,1
2026-04-19 14:16:19.679892,25.08,2.87,1
2026-04-19 14:16:24.679892,25.55,2.88,1
2026-04-19 14:16:29.679892,25.59,2.73,1
2026-04-19 14:16:34.679892,25.14,3.0,1
2026-04-19 14:16:39.679892,25.37,2.49,1
2026-04-19 14:16:44.679892,25.7,2.24,1
2026-04-19 14:16:49.679892,25.39,2.12,1
2026-04-19 14:16:54.679892,0.0,0.0,0
2026-04-19 14:16:59.679892,27.0,4.0,2
2026-04-19 14:17:04.679892,27.0,4.0,2
2026-04-19 14:17:09.679892,27.0,4.0,2
2026-04-19 14:17:14.679892,27.0,4.0,2
2026-04-19 14:17:19.679892,0.0,0.0,0
2026-04-19 14:17:24.679892,27.0,4.0,2
2026-04-19 14:17:29.679892,27.0,4.0,2
2026-04-19 14:17:34.679892,27.0,4.0,2
2026-04-19 14:17:39.679892,27.0,4.0,2
2026-04-19 14:17:44.679892,27.0,4.0,2
2026-04-19 14:17:49.679892,27.0,4.0,2
2026-04-19 14:17:54.679892,25.86,2.76,1
2026-04-19 14:17:59.679892,25.36,2.74,1
2026-04-19 14:18:04.679892,25.35,2.95,1
2026-04-19 14:18:09.679892,25.47,2.14,1
2026-04-19 14:18:14.679892,25.27,2.4,1
2026-04-19 14:18:19.679892,25.38,2.27,1
2026-04-19 14:18:24.679892,25.71,2.55,1
2026-04-19 14:18:29.679892,25.17,2.69,1
2026-04-19 14:18:34.679892,25.04,2.63,1
2026-04-19 14:18:39.679892,25.53,2.22,1
2026-04-19 14:18:44.679892,25.18,2.86,1
2026-04-19 14:18:49.679892,25.28,2.12,1
2026-04-19 14:18:54.679892,25.29,2.29,1
2026-04-19 14:18:59.679892,25.73,2.39,1
2026-04-19 14:19:04.679892,25.99,2.08,1
2026-04-19 14:19:09.679892,25.2,2.29,1
2026-04-19 14:19:14.679892,25.73,2.52,1
2026-04-19 14:19:19.679892,25.2,2.89,1
2026-04-19 14:19:24.679892,27.0,4.0,2
2026-04-19 14:19:29.679892,27.0,4.0,2
2026-04-19 14:19:34.679892,27.0,4.0,2
2026-04-19 14:19:39.679892,27.0,4.0,2
2026-04-19 14:19:44.679892,27.0,4.0,2
2026-04-19 14:19:49.679892,27.0,4.0,2
2026-04-19 14:19:54.679892,27.0,4.0,2
2026-04-19 14:19:59.679892,27.0,4.0,2
2026-04-19 14:20:04.679892,27.0,4.0,2
2026-04-19 14:20:09.679892,27.0,4.0,2
2026-04-19 14:20:14.679892,27.0,4.0,2
2026-04-19 14:20:19.679892,27.0,4.0,2
2026-04-19 14:20:24.679892,27.0,4.0,2
2026-04-19 14:20:29.679892,27.0,4.0,2
2026-04-19 14:20:34.679892,25.85,2.25,1
2026-04-19 14:20:39.679892,25.33,2.46,1
2026-04-19 14:20:44.679892,25.15,2.41,1
2026-04-19 14:20:49.679892,25.87,2.74,1
2026-04-19 14:20:54.679892,26.0,2.3,1
2026-04-19 14:20:59.679892,25.2,2.33,1
2026-04-19 14:21:04.679892,25.97,2.28,1
2026-04-19 14:21:09.679892,25.24,2.74,1
2026-04-19 14:21:14.679892,25.09,2.05,1
2026-04-19 14:21:19.679892,25.6,2.98,1
2026-04-19 14:21:24.679892,25.47,2.26,1
2026-04-19 14:21:29.679892,25.41,2.1,1
2026-04-19 14:21:34.679892,25.78,2.28,1
2026-04-19 14:21:39.679892,25.96,2.45,1
2026-04-19 14:21:44.679892,25.4,2.31,1
2026-04-19 14:21:49.679892,25.81,2.23,1
2026-04-19 14:21:54.679892,25.42,3.0,1
2026-04-19 14:21:59.679892,25.12,2.9,1
2026-04-19 14:22:04.679892,25.74,2.21,1
2026-04-19 14:22:09.679892,25.68,2.81,1
2026-04-19 14:22:14.679892,25.34,2.47,1
2026-04-19 14:22:19.679892,25.64,2.42,1
2026-04-19 14:22:24.679892,25.85,2.47,1
2026-04-19 14:22:29.679892,25.79,2.75,1
2026-04-19 14:22:34.679892,25.05,2.71,1
2026-04-19 14:22:39.679892,25.92,2.01,1
2026-04-19 14:22:44.679892,25.62,2.63,1
2026-04-19 14:22:49.679892,25.98,2.2,1
2026-04-19 14:22:54.679892,25.66,2.01,1
2026-04-19 14:22:59.679892,25.71,2.1,1
2026-04-19 14:23:04.679892,25.95,2.79,1
2026-04-19 14:23:09.679892,25.73,2.24,1
2026-04-19 14:23:14.679892,25.91,2.77,1
2026-04-19 14:23:19.679892,0.0,0.0,0
2026-04-19 14:23:24.679892,25.26,2.88,1
2026-04-19 14:23:29.679892,25.8,2.87,1
2026-04-19 14:23:34.679892,25.78,2.51,1
2026-04-19 14:23:39.679892,25.53,2.55,1
2026-04-19 14:23:44.679892,25.36,2.04,1
2026-04-19 14:23:49.679892,25.66,2.13,1
2026-04-19 14:23:54.679892,25.33,2.69,1
2026-04-19 14:23:59.679892,25.37,2.57,1
2026-04-19 14:24:04.679892,25.89,2.04,1
2026-04-19 14:24:09.679892,25.04,2.08,1
2026-04-19 14:24:14.679892,25.48,2.27,1
2026-04-19 14:24:19.679892,25.71,2.18,1
2026-04-19 14:24:24.679892,0.0,0.0,0
2026-04-19 14:24:29.679892,0.0,0.0,0
2026-04-19 14:24:34.679892,0.0,0.0,0
2026-04-19 14:24:39.679892,27.0,4.0,2
2026-04-19 14:24:44.679892,27.0,4.0,2
2026-04-19 14:24:49.679892,27.0,4.0,2
2026-04-19 14:24:54.679892,27.0,4.0,2
2026-04-19 14:24:59.679892,27.0,4.0,2
2026-04-19 14:25:04.679892,27.0,4.0,2
2026-04-19 14:25:09.679892,27.0,4.0,2
2026-04-19 14:25:14.679892,27.0,4.0,2
2026-04-19 14:25:19.679892,27.0,4.0,2
2026-04-19 14:25:24.679892,25.53,2.92,1
2026-04-19 14:25:29.679892,25.11,2.16,1
2026-04-19 14:25:34.679892,25.78,2.76,1
2026-04-19 14:25:39.679892,25.06,2.14,1
2026-04-19 14:25:44.679892,25.95,2.15,1
2026-04-19 14:25:49.679892,25.89,2.56,1
2026-04-19 14:25:54.679892,25.56,2.58,1
2026-04-19 14:25:59.679892,25.54,2.35,1
2026-04-19 14:26:04.679892,25.1,2.73,1
2026-04-19 14:26:09.679892,25.3,2.54,1
2026-04-19 14:26:14.679892,25.32,2.9,1
2026-04-19 14:26:19.679892,25.72,2.82,1
2026-04-19 14:26:24.679892,25.37,2.31,1
2026-04-19 14:26:29.679892,25.45,2.27,1
2026-04-19 14:26:34.679892,25.59,2.39,1
2026-04-19 14:26:39.679892,25.29,2.32,1
2026-04-19 14:26:44.679892,25.89,2.57,1
2026-04-19 14:26:49.679892,25.79,2.97,1
2026-04-19 14:26:54.679892,25.59,2.47,1
2026-04-19 14:26:59.679892,25.1,2.99,1
2026-04-19 14:27:04.679892,25.12,2.82,1
2026-04-19 14:27:09.679892,25.24,2.73,1
2026-04-19 14:27:14.679892,27.0,4.0,2
2026-04-19 14:27:19.679892,27.0,4.0,2
2026-04-19 14:27:24.679892,27.0,4.0,2
2026-04-19 14:27:29.679892,27.0,4.0,2
2026-04-19 14:27:34.679892,27.0,4.0,2
2026-04-19 14:27:39.679892,27.0,4.0,2
2026-04-19 14:27:44.679892,27.0,4.0,2
2026-04-19 14:27:49.679892,27.0,4.0,2
2026-04-19 14:27:54.679892,27.0,4.0,2
2026-04-19 14:27:59.679892,27.0,4.0,2
2026-04-19 14:28:04.679892,27.0,4.0,2
2026-04-19 14:28:09.679892,27.0,4.0,2
2026-04-19 14:28:14.679892,27.0,4.0,2
2026-04-19 14:28:19.679892,27.0,4.0,2
2026-04-19 14:28:24.679892,27.0,4.0,2
2026-04-19 14:28:29.679892,27.0,4.0,2
2026-04-19 14:28:34.679892,27.0,4.0,2
2026-04-19 14:28:39.679892,0.0,0.0,0
2026-04-19 14:28:44.679892,0.0,0.0,0
2026-04-19 14:28:49.679892,25.28,2.09,1
2026-04-19 14:28:54.679892,25.7,2.97,1
2026-04-19 14:28:59.679892,25.71,2.22,1
2026-04-19 14:29:04.679892,25.79,2.85,1
2026-04-19 14:29:09.679892,0.0,0.0,0
2026-04-19 14:29:14.679892,27.0,4.0,2
2026-04-19 14:29:19.679892,27.0,4.0,2
2026-04-19 14:29:24.679892,27.0,4.0,2
2026-04-19 14:29:29.679892,27.0,4.0,2
2026-04-19 14:29:34.679892,27.0,4.0,2
2026-04-19 14:29:39.679892,0.0,0.0,0
2026-04-19 14:29:44.679892,25.67,2.49,1
2026-04-19 14:29:49.679892,25.34,2.2,1
2026-04-19 14:29:54.679892,25.73,2.5,1
2026-04-19 14:29:59.679892,25.27,2.08,1
2026-04-19 14:30:04.679892,25.02,2.39,1
2026-04-19 14:30:09.679892,25.61,2.74,1
2026-04-19 14:30:14.679892,25.62,2.38,1
2026-04-19 14:30:19.679892,25.08,2.21,1
2026-04-19 14:30:24.679892,25.03,2.87,1
2026-04-19 14:30:29.679892,25.98,2.87,1
2026-04-19 14:30:34.679892,25.88,2.81,1
2026-04-19 14:30:39.679892,25.41,2.67,1
2026-04-19 14:30:44.679892,25.14,2.93,1
2026-04-19 14:30:49.679892,25.08,2.08,1
2026-04-19 14:30:54.679892,25.67,2.45,1
2026-04-19 14:30:59.679892,25.79,2.9,1
2026-04-19 14:31:04.679892,25.84,2.33,1
2026-04-19 14:31:09.679892,25.42,2.83,1
2026-04-19 14:31:14.679892,25.48,2.71,1
2026-04-19 14:31:19.679892,25.79,2.73,1
2026-04-19 14:31:24.679892,25.61,2.92,1
2026-04-19 14:31:29.679892,25.9,2.05,1
2026-04-19 14:31:34.679892,25.63,2.66,1
2026-04-19 14:31:39.679892,25.13,2.71,1
2026-04-19 14:31:44.679892,25.24,2.84,1
2026-04-19 14:31:49.679892,25.25,2.99,1
2026-04-19 14:31:54.679892,25.54,2.12,1
2026-04-19 14:31:59.679892,25.36,2.28,1
2026-04-19 14:32:04.679892,25.98,2.72,1
2026-04-19 14:32:09.679892,25.53,2.78,1
2026-04-19 14:32:14.679892,25.06,2.8,1
2026-04-19 14:32:19.679892,25.26,2.62,1
2026-04-19 14:32:24.679892,25.59,2.62,1
2026-04-19 14:32:29.679892,25.93,2.11,1
2026-04-19 14:32:34.679892,25.05,2.66,1
2026-04-19 14:32:39.679892,25.67,2.74,1
2026-04-19 14:32:44.679892,25.75,2.28,1
2026-04-19 14:32:49.679892,25.54,2.12,1
2026-04-19 14:32:54.679892,25.26,2.24,1
2026-04-19 14:32:59.679892,25.07,2.57,1
2026-04-19 14:33:04.679892,25.74,2.51,1
2026-04-19 14:33:09.679892,25.66,2.47,1
2026-04-19 14:33:14.679892,25.09,2.29,1
2026-04-19 14:33:19.679892,25.99,2.52,1
2026-04-19 14:33:24.679892,25.72,2.67,1
2026-04-19 14:33:29.679892,25.39,2.98,1
2026-04-19 14:33:34.679892,27.0,4.0,2
2026-04-19 14:33:39.679892,27.0,4.0,2
2026-04-19 14:33:44.679892,27.0,4.0,2
2026-04-19 14:33:49.679892,27.0,4.0,2
2026-04-19 14:33:54.679892,27.0,4.0,2
2026-04-19 14:33:59.679892,27.0,4.0,2
2026-04-19 14:34:04.679892,25.72,2.7,1
2026-04-19 14:34:09.679892,25.44,2.15,1
2026-04-19 14:34:14.679892,26.0,2.86,1
2026-04-19 14:34:19.679892,25.57,2.81,1
2026-04-19 14:34:24.679892,25.12,2.26,1
2026-04-19 14:34:29.679892,25.97,2.72,1
2026-04-19 14:34:34.679892,25.35,2.06,1
2026-04-19 14:34:39.679892,25.07,2.1,1
2026-04-19 14:34:44.679892,25.3,2.94,1
2026-04-19 14:34:49.679892,25.74,2.59,1
2026-04-19 14:34:54.679892,25.22,2.16,1
2026-04-19 14:34:59.679892,25.9,2.36,1
2026-04-19 14:35:04.679892,25.44,2.21,1
2026-04-19 14:35:09.679892,25.64,2.22,1
2026-04-19 14:35:14.679892,25.62,2.51,1
2026-04-19 14:35:19.679892,25.93,2.04,1
2026-04-19 14:35:24.679892,25.35,2.19,1
2026-04-19 14:35:29.679892,25.28,2.36,1
2026-04-19 14:35:34.679892,25.31,2.01,1
2026-04-19 14:35:39.679892,25.43,2.73,1
2026-04-19 14:35:44.679892,25.46,2.36,1
2026-04-19 14:35:49.679892,25.82,2.13,1
2026-04-19 14:35:54.679892,27.0,4.0,2
2026-04-19 14:35:59.679892,27.0,4.0,2
2026-04-19 14:36:04.679892,25.44,2.02,1
2026-04-19 14:36:09.679892,25.65,2.21,1
2026-04-19 14:36:14.679892,25.76,2.46,1
2026-04-19 14:36:19.679892,25.45,2.32,1
2026-04-19 14:36:24.679892,25.81,2.05,1
2026-04-19 14:36:29.679892,25.68,2.84,1
2026-04-19 14:36:34.679892,25.58,2.86,1
2026-04-19 14:36:39.679892,25.94,2.62,1
2026-04-19 14:36:44.679892,25.3,2.61,1
2026-04-19 14:36:49.679892,25.1,2.43,1
2026-04-19 14:36:54.679892,25.65,2.1,1
2026-04-19 14:36:59.679892,25.51,2.12,1
2026-04-19 14:37:04.679892,25.36,2.38,1
2026-04-19 14:37:09.679892,25.3,2.33,1
2026-04-19 14:37:14.679892,25.24,2.79,1
2026-04-19 14:37:19.679892,27.0,4.0,2
2026-04-19 14:37:24.679892,27.0,4.0,2
2026-04-19 14:37:29.679892,27.0,4.0,2
2026-04-19 14:37:34.679892,27.0,4.0,2
2026-04-19 14:37:39.679892,27.0,4.0,2
2026-04-19 14:37:44.679892,27.0,4.0,2
2026-04-19 14:37:49.679892,27.0,4.0,2
2026-04-19 14:37:54.679892,27.0,4.0,2
2026-04-19 14:37:59.679892,25.33,2.63,1
2026-04-19 14:38:04.679892,25.28,2.57,1
2026-04-19 14:38:09.679892,25.56,2.25,1
2026-04-19 14:38:14.679892,25.07,2.4,1
2026-04-19 14:38:19.679892,25.27,2.16,1
2026-04-19 14:38:24.679892,25.38,2.13,1
2026-04-19 14:38:29.679892,25.68,2.05,1
2026-04-19 14:38:34.679892,25.66,2.67,1
2026-04-19 14:38:39.679892,25.44,2.67,1
2026-04-19 14:38:44.679892,25.42,2.32,1
2026-04-19 14:38:49.679892,25.59,2.54,1
2026-04-19 14:38:54.679892,25.7,2.51,1
2026-04-19 14:38:59.679892,25.61,2.29,1
2026-04-19 14:39:04.679892,25.69,2.33,1
2026-04-19 14:39:09.679892,25.22,2.39,1
2026-04-19 14:39:14.679892,25.75,2.39,1
2026-04-19 14:39:19.679892,25.06,3.0,1
2026-04-19 14:39:24.679892,25.74,2.16,1
2026-04-19 14:39:29.679892,25.01,2.18,1
2026-04-19 14:39:34.679892,25.78,2.47,1
2026-04-19 14:39:39.679892,25.44,2.67,1
2026-04-19 14:39:44.679892,25.3,2.41,1
2026-04-19 14:39:49.679892,25.58,2.83,1
2026-04-19 14:39:54.679892,25.34,2.56,1
2026-04-19 14:39:59.679892,25.57,2.21,1
2026-04-19 14:40:04.679892,25.77,2.83,1
2026-04-19 14:40:09.679892,25.87,2.49,1
2026-04-19 14:40:14.679892,25.22,2.3,1
2026-04-19 14:40:19.679892,25.93,2.44,1
2026-04-19 14:40:24.679892,25.72,2.65,1
2026-04-19 14:40:29.679892,25.24,2.29,1
2026-04-19 14:40:34.679892,25.82,2.89,1
2026-04-19 14:40:39.679892,25.84,2.93,1
2026-04-19 14:40:44.679892,25.97,2.85,1
2026-04-19 14:40:49.679892,25.95,2.38,1
2026-04-19 14:40:54.679892,25.3,2.96,1
2026-04-19 14:40:59.679892,0.0,0.0,0
2026-04-19 14:41:04.679892,25.5,2.11,1
2026-04-19 14:41:09.679892,25.09,2.46,1
2026-04-19 14:41:14.679892,25.39,2.46,1
2026-04-19 14:41:19.679892,25.57,2.77,1
2026-04-19 14:41:24.679892,25.98,2.55,1
2026-04-19 14:41:29.679892,25.65,2.79,1
2026-04-19 14:41:34.679892,25.77,2.37,1
2026-04-19 14:41:39.679892,25.92,2.62,1
2026-04-19 14:41:44.679892,25.79,2.81,1
2026-04-19 14:41:49.679892,25.2,2.17,1
2026-04-19 14:41:54.679892,25.62,2.06,1
2026-04-19 14:41:59.679892,25.62,2.62,1
2026-04-19 14:42:04.679892,25.62,2.36,1
2026-04-19 14:42:09.679892,25.09,2.83,1
2026-04-19 14:42:14.679892,25.94,2.6,1
2026-04-19 14:42:19.679892,25.56,2.34,1
2026-04-19 14:42:24.679892,25.05,2.13,1
2026-04-19 14:42:29.679892,25.58,2.55,1
2026-04-19 14:42:34.679892,25.64,2.96,1
2026-04-19 14:42:39.679892,25.86,2.58,1
2026-04-19 14:42:44.679892,25.85,2.86,1
2026-04-19 14:42:49.679892,25.5,2.13,1
2026-04-19 14:42:54.679892,25.58,2.4,1
2026-04-19 14:42:59.679892,25.26,2.84,1
2026-04-19 14:43:04.679892,25.07,2.67,1
2026-04-19 14:43:09.679892,25.52,2.36,1
2026-04-19 14:43:14.679892,25.83,2.5,1
2026-04-19 14:43:19.679892,27.0,4.0,2
2026-04-19 14:43:24.679892,27.0,4.0,2
2026-04-19 14:43:29.679892,27.0,4.0,2
2026-04-19 14:43:34.679892,25.53,2.18,1
2026-04-19 14:43:39.679892,25.93,2.79,1
2026-04-19 14:43:44.679892,25.35,2.42,1
2026-04-19 14:43:49.679892,25.79,2.74,1
2026-04-19 14:43:54.679892,25.97,2.86,1
2026-04-19 14:43:59.679892,25.14,2.69,1
2026-04-19 14:44:04.679892,25.43,2.13,1
2026-04-19 14:44:09.679892,25.63,2.31,1
2026-04-19 14:44:14.679892,25.85,2.71,1
2026-04-19 14:44:19.679892,25.6,2.97,1
2026-04-19 14:44:24.679892,25.89,2.41,1
2026-04-19 14:44:29.679892,25.18,2.78,1
2026-04-19 14:44:34.679892,25.3,2.78,1
2026-04-19 14:44:39.679892,25.4,2.33,1
2026-04-19 14:44:44.679892,25.38,2.99,1
2026-04-19 14:44:49.679892,25.91,2.57,1
2026-04-19 14:44:54.679892,25.38,2.87,1
2026-04-19 14:44:59.679892,25.96,2.42,1
2026-04-19 14:45:04.679892,25.76,2.56,1
2026-04-19 14:45:09.679892,25.55,2.76,1
2026-04-19 14:45:14.679892,25.69,2.91,1
2026-04-19 14:45:19.679892,25.7,2.16,1
2026-04-19 14:45:24.679892,25.4,2.92,1
2026-04-19 14:45:29.679892,25.16,2.7,1
2026-04-19 14:45:34.679892,25.46,2.03,1
2026-04-19 14:45:39.679892,25.61,2.38,1
2026-04-19 14:45:44.679892,25.23,2.38,1
2026-04-19 14:45:49.679892,25.27,2.42,1
2026-04-19 14:45:54.679892,25.53,2.14,1
2026-04-19 14:45:59.679892,25.14,2.5,1
2026-04-19 14:46:04.679892,27.0,4.0,2
2026-04-19 14:46:09.679892,27.0,4.0,2
2026-04-19 14:46:14.679892,27.0,4.0,2
2026-04-19 14:46:19.679892,27.0,4.0,2
2026-04-19 14:46:24.679892,27.0,4.0,2
2026-04-19 14:46:29.679892,27.0,4.0,2
2026-04-19 14:46:34.679892,27.0,4.0,2
2026-04-19 14:46:39.679892,27.0,4.0,2
2026-04-19 14:46:44.679892,27.0,4.0,2
2026-04-19 14:46:49.679892,27.0,4.0,2
2026-04-19 14:46:54.679892,27.0,4.0,2
2026-04-19 14:46:59.679892,27.0,4.0,2
2026-04-19 14:47:04.679892,27.0,4.0,2
2026-04-19 14:47:09.679892,27.0,4.0,2
2026-04-19 14:47:14.679892,27.0,4.0,2
2026-04-19 14:47:19.679892,27.0,4.0,2
2026-04-19 14:47:24.679892,27.0,4.0,2
2026-04-19 14:47:29.679892,27.0,4.0,2
2026-04-19 14:47:34.679892,27.0,4.0,2
2026-04-19 14:47:39.679892,27.0,4.0,2
2026-04-19 14:47:44.679892,27.0,4.0,2
2026-04-19 14:47:49.679892,27.0,4.0,2
2026-04-19 14:47:54.679892,27.0,4.0,2
2026-04-19 14:47:59.679892,27.0,4.0,2
2026-04-19 14:48:04.679892,27.0,4.0,2
2026-04-19 14:48:09.679892,27.0,4.0,2
2026-04-19 14:48:14.679892,27.0,4.0,2
2026-04-19 14:48:19.679892,27.0,4.0,2
2026-04-19 14:48:24.679892,27.0,4.0,2
2026-04-19 14:48:29.679892,27.0,4.0,2
2026-04-19 14:48:34.679892,25.23,2.76,1
2026-04-19 14:48:39.679892,25.05,2.71,1
2026-04-19 14:48:44.679892,25.56,2.18,1
2026-04-19 14:48:49.679892,25.65,2.48,1
2026-04-19 14:48:54.679892,25.26,2.48,1
2026-04-19 14:48:59.679892,25.08,2.18,1
2026-04-19 14:49:04.679892,25.28,2.05,1
2026-04-19 14:49:09.679892,25.81,2.8,1
2026-04-19 14:49:14.679892,25.88,2.88,1
2026-04-19 14:49:19.679892,25.92,2.07,1
2026-04-19 14:49:24.679892,25.23,2.91,1
2026-04-19 14:49:29.679892,25.17,2.74,1
2026-04-19 14:49:34.679892,25.47,2.31,1
2026-04-19 14:49:39.679892,25.24,2.78,1
2026-04-19 14:49:44.679892,25.41,2.22,1
2026-04-19 14:49:49.679892,25.87,2.04,1
2026-04-19 14:49:54.679892,25.04,2.47,1
2026-04-19 14:49:59.679892,25.68,2.48,1
2026-04-19 14:50:04.679892,25.23,2.08,1
2026-04-19 14:50:09.679892,25.46,2.05,1
2026-04-19 14:50:14.679892,25.39,2.74,1
2026-04-19 14:50:19.679892,25.64,2.24,1
2026-04-19 14:50:24.679892,25.8,2.44,1
2026-04-19 14:50:29.679892,25.39,2.78,1
2026-04-19 14:50:34.679892,25.63,2.47,1
2026-04-19 14:50:39.679892,0.0,0.0,0
2026-04-19 14:50:44.679892,25.74,2.64,1
2026-04-19 14:50:49.679892,25.83,2.29,1
2026-04-19 14:50:54.679892,25.11,2.79,1
2026-04-19 14:50:59.679892,25.29,2.34,1
2026-04-19 14:51:04.679892,25.59,2.9,1
2026-04-19 14:51:09.679892,25.72,2.63,1
2026-04-19 14:51:14.679892,25.59,2.84,1
2026-04-19 14:51:19.679892,25.98,2.63,1
2026-04-19 14:51:24.679892,25.14,2.15,1
2026-04-19 14:51:29.679892,25.29,2.29,1
2026-04-19 14:51:34.679892,25.84,2.01,1
2026-04-19 14:51:39.679892,25.24,2.91,1
2026-04-19 14:51:44.679892,25.56,2.54,1
2026-04-19 14:51:49.679892,25.44,2.47,1
2026-04-19 14:51:54.679892,25.82,2.25,1
2026-04-19 14:51:59.679892,25.17,2.3,1
2026-04-19 14:52:04.679892,25.13,2.68,1
2026-04-19 14:52:09.679892,25.73,2.66,1
2026-04-19 14:52:14.679892,25.96,2.62,1
2026-04-19 14:52:19.679892,25.87,2.99,1
2026-04-19 14:52:24.679892,25.96,2.17,1
2026-04-19 14:52:29.679892,25.82,2.2,1
2026-04-19 14:52:34.679892,25.13,2.58,1
2026-04-19 14:52:39.679892,25.49,2.87,1
2026-04-19 14:52:44.679892,25.71,2.09,1
2026-04-19 14:52:49.679892,25.9,2.2,1
2026-04-19 14:52:54.679892,25.1,2.01,1
2026-04-19 14:52:59.679892,25.63,2.21,1
2026-04-19 14:53:04.679892,25.52,2.61,1
2026-04-19 14:53:09.679892,25.53,2.42,1
2026-04-19 14:53:14.679892,25.6,2.73,1
2026-04-19 14:53:19.679892,0.0,0.0,0
2026-04-19 14:53:24.679892,0.0,0.0,0
2026-04-19 14:53:29.679892,27.0,4.0,2
2026-04-19 14:53:34.679892,27.0,4.0,2
2026-04-19 14:53:39.679892,25.36,2.48,1
2026-04-19 14:53:44.679892,25.14,2.63,1
2026-04-19 14:53:49.679892,25.59,2.42,1
2026-04-19 14:53:54.679892,25.46,2.61,1
2026-04-19 14:53:59.679892,25.74,2.99,1
2026-04-19 14:54:04.679892,25.89,2.32,1
2026-04-19 14:54:09.679892,25.24,2.37,1
2026-04-19 14:54:14.679892,25.07,2.69,1
2026-04-19 14:54:19.679892,25.35,2.11,1
2026-04-19 14:54:24.679892,25.37,2.5,1
2026-04-19 14:54:29.679892,25.22,2.84,1
2026-04-19 14:54:34.679892,25.93,2.66,1
2026-04-19 14:54:39.679892,25.01,2.55,1
2026-04-19 14:54:44.679892,25.72,2.69,1
2026-04-19 14:54:49.679892,25.2,2.06,1
2026-04-19 14:54:54.679892,25.5,2.79,1
2026-04-19 14:54:59.679892,25.54,2.59,1
2026-04-19 14:55:04.679892,27.0,4.0,2
2026-04-19 14:55:09.679892,27.0,4.0,2
2026-04-19 14:55:14.679892,27.0,4.0,2
2026-04-19 14:55:19.679892,27.0,4.0,2
2026-04-19 14:55:24.679892,27.0,4.0,2
2026-04-19 14:55:29.679892,27.0,4.0,2
2026-04-19 14:55:34.679892,27.0,4.0,2
2026-04-19 14:55:39.679892,27.0,4.0,2
2026-04-19 14:55:44.679892,27.0,4.0,2
2026-04-19 14:55:49.679892,27.0,4.0,2
2026-04-19 14:55:54.679892,25.8,2.18,1
2026-04-19 14:55:59.679892,25.98,2.2,1
2026-04-19 14:56:04.679892,25.57,2.87,1
2026-04-19 14:56:09.679892,25.34,2.94,1
2026-04-19 14:56:14.679892,27.0,4.0,2
2026-04-19 14:56:19.679892,27.0,4.0,2
2026-04-19 14:56:24.679892,27.0,4.0,2
2026-04-19 14:56:29.679892,27.0,4.0,2
2026-04-19 14:56:34.679892,27.0,4.0,2
2026-04-19 14:56:39.679892,0.0,0.0,0
2026-04-19 14:56:44.679892,27.0,4.0,2
2026-04-19 14:56:49.679892,27.0,4.0,2
2026-04-19 14:56:54.679892,27.0,4.0,2
2026-04-19 14:56:59.679892,27.0,4.0,2
2026-04-19 14:57:04.679892,27.0,4.0,2
2026-04-19 14:57:09.679892,27.0,4.0,2
2026-04-19 14:57:14.679892,27.0,4.0,2
2026-04-19 14:57:19.679892,0.0,0.0,0
2026-04-19 14:57:24.679892,0.0,0.0,0
2026-04-19 14:57:29.679892,0.0,0.0,0
2026-04-19 14:57:34.679892,0.0,0.0,0
2026-04-19 14:57:39.679892,27.0,4.0,2
2026-04-19 14:57:44.679892,27.0,4.0,2
2026-04-19 14:57:49.679892,27.0,4.0,2
2026-04-19 14:57:54.679892,27.0,4.0,2
2026-04-19 14:57:59.679892,27.0,4.0,2
2026-04-19 14:58:04.679892,27.0,4.0,2
2026-04-19 14:58:09.679892,27.0,4.0,2
2026-04-19 14:58:14.679892,27.0,4.0,2
2026-04-19 14:58:19.679892,27.0,4.0,2
2026-04-19 14:58:24.679892,27.0,4.0,2
2026-04-19 14:58:29.679892,27.0,4.0,2
2026-04-19 14:58:34.679892,27.0,4.0,2
2026-04-19 14:58:39.679892,27.0,4.0,2
2026-04-19 14:58:44.679892,27.0,4.0,2
2026-04-19 14:58:49.679892,27.0,4.0,2
2026-04-19 14:58:54.679892,27.0,4.0,2
2026-04-19 14:58:59.679892,27.0,4.0,2
2026-04-19 14:59:04.679892,27.0,4.0,2
2026-04-19 14:59:09.679892,27.0,4.0,2
2026-04-19 14:59:14.679892,27.0,4.0,2
2026-04-19 14:59:19.679892,0.0,0.0,0
2026-04-19 14:59:24.679892,25.59,2.42,1
2026-04-19 14:59:29.679892,25.2,2.68,1
2026-04-19 14:59:34.679892,25.76,2.8,1
2026-04-19 14:59:39.679892,25.25,2.61,1
2026-04-19 14:59:44.679892,27.0,4.0,2
2026-04-19 14:59:49.679892,27.0,4.0,2
2026-04-19 14:59:54.679892,27.0,4.0,2
2026-04-19 14:59:59.679892,27.0,4.0,2
2026-04-19 15:00:04.679892,27.0,4.0,2
2026-04-19 15:00:09.679892,27.0,4.0,2
2026-04-19 15:00:14.679892,27.0,4.0,2
2026-04-19 15:00:19.679892,27.0,4.0,2
2026-04-19 15:00:24.679892,27.0,4.0,2
2026-04-19 15:00:29.679892,27.0,4.0,2
2026-04-19 15:00:34.679892,27.0,4.0,2
2026-04-19 15:00:39.679892,27.0,4.0,2
2026-04-19 15:00:44.679892,27.0,4.0,2
2026-04-19 15:00:49.679892,27.0,4.0,2
2026-04-19 15:00:54.679892,27.0,4.0,2
2026-04-19 15:00:59.679892,27.0,4.0,2
2026-04-19 15:01:04.679892,0.0,0.0,0
2026-04-19 15:01:09.679892,27.0,4.0,2
2026-04-19 15:01:14.679892,27.0,4.0,2
2026-04-19 15:01:19.679892,27.0,4.0,2
2026-04-19 15:01:24.679892,27.0,4.0,2
2026-04-19 15:01:29.679892,27.0,4.0,2
2026-04-19 15:01:34.679892,25.0,2.83,1
2026-04-19 15:01:39.679892,25.31,2.91,1
2026-04-19 15:01:44.679892,25.98,2.84,1
2026-04-19 15:01:49.679892,25.03,2.72,1
2026-04-19 15:01:54.679892,25.23,2.67,1
2026-04-19 15:01:59.679892,25.27,2.76,1
2026-04-19 15:02:04.679892,25.83,2.09,1
2026-04-19 15:02:09.679892,25.92,2.45,1
2026-04-19 15:02:14.679892,25.99,2.5,1
2026-04-19 15:02:19.679892,25.92,2.96,1
2026-04-19 15:02:24.679892,25.04,2.85,1
2026-04-19 15:02:29.679892,25.07,2.78,1
2026-04-19 15:02:34.679892,25.38,2.23,1
2026-04-19 15:02:39.679892,25.34,2.5,1
2026-04-19 15:02:44.679892,25.79,2.63,1
2026-04-19 15:02:49.679892,25.94,2.57,1
2026-04-19 15:02:54.679892,25.08,2.78,1
2026-04-19 15:02:59.679892,25.55,2.78,1
2026-04-19 15:03:04.679892,25.04,2.1,1
2026-04-19 15:03:09.679892,25.6,2.37,1
2026-04-19 15:03:14.679892,25.73,2.45,1
2026-04-19 15:03:19.679892,25.01,2.75,1
2026-04-19 15:03:24.679892,25.28,2.35,1
2026-04-19 15:03:29.679892,25.96,2.07,1
2026-04-19 15:03:34.679892,25.61,2.06,1
2026-04-19 15:03:39.679892,25.84,2.79,1
2026-04-19 15:03:44.679892,25.59,2.9,1
2026-04-19 15:03:49.679892,25.13,2.99,1
2026-04-19 15:03:54.679892,25.0,2.36,1
2026-04-19 15:03:59.679892,25.97,2.46,1
2026-04-19 15:04:04.679892,25.26,2.64,1
2026-04-19 15:04:09.679892,25.96,2.99,1
2026-04-19 15:04:14.679892,25.01,2.56,1
2026-04-19 15:04:19.679892,26.0,2.76,1
2026-04-19 15:04:24.679892,25.77,2.68,1
2026-04-19 15:04:29.679892,25.47,2.18,1
2026-04-19 15:04:34.679892,25.95,2.84,1
2026-04-19 15:04:39.679892,25.07,2.73,1
2026-04-19 15:04:44.679892,25.62,2.24,1
2026-04-19 15:04:49.679892,25.59,2.2,1
2026-04-19 15:04:54.679892,25.22,2.45,1
2026-04-19 15:04:59.679892,25.2,2.08,1
2026-04-19 15:05:04.679892,25.97,2.51,1
2026-04-19 15:05:09.679892,25.6,2.08,1
2026-04-19 15:05:14.679892,25.37,2.12,1
2026-04-19 15:05:19.679892,25.32,2.97,1
2026-04-19 15:05:24.679892,25.02,2.28,1
2026-04-19 15:05:29.679892,25.55,2.22,1
2026-04-19 15:05:34.679892,25.64,2.84,1
2026-04-19 15:05:39.679892,25.11,2.62,1
2026-04-19 15:05:44.679892,25.01,2.93,1
2026-04-19 15:05:49.679892,25.09,2.38,1
2026-04-19 15:05:54.679892,0.0,0.0,0
2026-04-19 15:05:59.679892,27.0,4.0,2
2026-04-19 15:06:04.679892,27.0,4.0,2
2026-04-19 15:06:09.679892,27.0,4.0,2
2026-04-19 15:06:14.679892,27.0,4.0,2
2026-04-19 15:06:19.679892,27.0,4.0,2
2026-04-19 15:06:24.679892,27.0,4.0,2
2026-04-19 15:06:29.679892,27.0,4.0,2
2026-04-19 15:06:34.679892,27.0,4.0,2
2026-04-19 15:06:39.679892,27.0,4.0,2
2026-04-19 15:06:44.679892,27.0,4.0,2
2026-04-19 15:06:49.679892,27.0,4.0,2
2026-04-19 15:06:54.679892,27.0,4.0,2
2026-04-19 15:06:59.679892,27.0,4.0,2
2026-04-19 15:07:04.679892,27.0,4.0,2
2026-04-19 15:07:09.679892,27.0,4.0,2
2026-04-19 15:07:14.679892,27.0,4.0,2
2026-04-19 15:07:19.679892,27.0,4.0,2
2026-04-19 15:07:24.679892,0.0,0.0,0
2026-04-19 15:07:29.679892,0.0,0.0,0
2026-04-19 15:07:34.679892,0.0,0.0,0
2026-04-19 15:07:39.679892,27.0,4.0,2
2026-04-19 15:07:44.679892,27.0,4.0,2
2026-04-19 15:07:49.679892,27.0,4.0,2
2026-04-19 15:07:54.679892,27.0,4.0,2
2026-04-19 15:07:59.679892,27.0,4.0,2
2026-04-19 15:08:04.679892,27.0,4.0,2
2026-04-19 15:08:09.679892,25.8,2.37,1
2026-04-19 15:08:14.679892,25.72,2.63,1
2026-04-19 15:08:19.679892,25.45,2.04,1
2026-04-19 15:08:24.679892,25.14,2.68,1
2026-04-19 15:08:29.679892,25.8,2.6,1
2026-04-19 15:08:34.679892,27.0,4.0,2
2026-04-19 15:08:39.679892,27.0,4.0,2
2026-04-19 15:08:44.679892,25.96,2.22,1
2026-04-19 15:08:49.679892,25.71,2.67,1
2026-04-19 15:08:54.679892,25.79,2.88,1
2026-04-19 15:08:59.679892,25.31,2.67,1
2026-04-19 15:09:04.679892,25.13,2.18,1
2026-04-19 15:09:09.679892,25.07,2.08,1
2026-04-19 15:09:14.679892,25.86,2.0,1
2026-04-19 15:09:19.679892,25.29,2.97,1
2026-04-19 15:09:24.679892,25.07,2.24,1
2026-04-19 15:09:29.679892,25.17,2.65,1
2026-04-19 15:09:34.679892,25.06,2.83,1
2026-04-19 15:09:39.679892,25.57,3.0,1
2026-04-19 15:09:44.679892,25.5,2.88,1
2026-04-19 15:09:49.679892,25.79,2.37,1
2026-04-19 15:09:54.679892,25.75,2.41,1
2026-04-19 15:09:59.679892,25.72,2.54,1
2026-04-19 15:10:04.679892,25.6,2.97,1
2026-04-19 15:10:09.679892,25.35,3.0,1
2026-04-19 15:10:14.679892,25.55,2.85,1
2026-04-19 15:10:19.679892,25.99,2.14,1
2026-04-19 15:10:24.679892,25.94,2.01,1
2026-04-19 15:10:29.679892,25.3,2.14,1
2026-04-19 15:10:34.679892,25.75,2.46,1
2026-04-19 15:10:39.679892,25.08,2.51,1
2026-04-19 15:10:44.679892,25.42,2.74,1
2026-04-19 15:10:49.679892,25.39,2.35,1
2026-04-19 15:10:54.679892,25.9,2.96,1
2026-04-19 15:10:59.679892,25.78,2.66,1
2026-04-19 15:11:04.679892,25.69,2.08,1
2026-04-19 15:11:09.679892,25.11,2.1,1
2026-04-19 15:11:14.679892,25.13,2.37,1
2026-04-19 15:11:19.679892,25.62,2.62,1
2026-04-19 15:11:24.679892,25.17,2.1,1
2026-04-19 15:11:29.679892,25.73,2.93,1
2026-04-19 15:11:34.679892,25.9,2.33,1
2026-04-19 15:11:39.679892,25.66,2.31,1
2026-04-19 15:11:44.679892,25.25,2.38,1
2026-04-19 15:11:49.679892,25.05,2.48,1
2026-04-19 15:11:54.679892,25.54,2.61,1
2026-04-19 15:11:59.679892,25.25,2.74,1
2026-04-19 15:12:04.679892,25.86,2.8,1
2026-04-19 15:12:09.679892,25.22,2.25,1
2026-04-19 15:12:14.679892,25.79,2.83,1
2026-04-19 15:12:19.679892,25.64,2.04,1
2026-04-19 15:12:24.679892,25.26,2.81,1
2026-04-19 15:12:29.679892,26.0,2.94,1
2026-04-19 15:12:34.679892,25.23,2.25,1
2026-04-19 15:12:39.679892,25.14,2.74,1
2026-04-19 15:12:44.679892,25.59,2.38,1
2026-04-19 15:12:49.679892,25.03,2.95,1
2026-04-19 15:12:54.679892,25.7,2.86,1
2026-04-19 15:12:59.679892,25.26,2.91,1
2026-04-19 15:13:04.679892,25.59,2.92,1
2026-04-19 15:13:09.679892,25.14,2.68,1
2026-04-19 15:13:14.679892,25.21,2.3,1
2026-04-19 15:13:19.679892,25.61,2.58,1
2026-04-19 15:13:24.679892,25.45,2.97,1
2026-04-19 15:13:29.679892,25.25,2.18,1
2026-04-19 15:13:34.679892,25.73,2.99,1
2026-04-19 15:13:39.679892,25.09,2.59,1
2026-04-19 15:13:44.679892,25.63,2.81,1
2026-04-19 15:13:49.679892,25.37,2.21,1
2026-04-19 15:13:54.679892,25.16,2.03,1
2026-04-19 15:13:59.679892,25.91,2.76,1
2026-04-19 15:14:04.679892,25.06,2.76,1
2026-04-19 15:14:09.679892,25.77,2.54,1
2026-04-19 15:14:14.679892,25.24,2.84,1
2026-04-19 15:14:19.679892,0.0,0.0,0
2026-04-19 15:14:24.679892,0.0,0.0,0
2026-04-19 15:14:29.679892,0.0,0.0,0
2026-04-19 15:14:34.679892,25.3,2.41,1
2026-04-19 15:14:39.679892,25.93,2.52,1
2026-04-19 15:14:44.679892,25.7,2.9,1
2026-04-19 15:14:49.679892,25.57,2.21,1
2026-04-19 15:14:54.679892,25.2,2.25,1
2026-04-19 15:14:59.679892,25.58,2.68,1
2026-04-19 15:15:04.679892,25.96,2.62,1
2026-04-19 15:15:09.679892,25.25,2.52,1
2026-04-19 15:15:14.679892,25.58,2.83,1
2026-04-19 15:15:19.679892,25.11,2.24,1
2026-04-19 15:15:24.679892,25.34,2.01,1
2026-04-19 15:15:29.679892,25.19,2.07,1
2026-04-19 15:15:34.679892,25.88,2.76,1
2026-04-19 15:15:39.679892,25.38,2.35,1
2026-04-19 15:15:44.679892,25.29,2.91,1
2026-04-19 15:15:49.679892,25.41,2.68,1
2026-04-19 15:15:54.679892,25.13,2.76,1
2026-04-19 15:15:59.679892,25.19,2.32,1
2026-04-19 15:16:04.679892,25.69,2.17,1
2026-04-19 15:16:09.679892,25.12,2.14,1
2026-04-19 15:16:14.679892,25.28,2.98,1
2026-04-19 15:16:19.679892,25.42,2.14,1
2026-04-19 15:16:24.679892,25.17,2.55,1
2026-04-19 15:16:29.679892,25.43,2.12,1
2026-04-19 15:16:34.679892,25.71,2.36,1
2026-04-19 15:16:39.679892,25.52,2.96,1
2026-04-19 15:16:44.679892,25.55,2.35,1
2026-04-19 15:16:49.679892,25.37,2.65,1
2026-04-19 15:16:54.679892,0.0,0.0,0
2026-04-19 15:16:59.679892,27.0,4.0,2
2026-04-19 15:17:04.679892,27.0,4.0,2
2026-04-19 15:17:09.679892,27.0,4.0,2
2026-04-19 15:17:14.679892,27.0,4.0,2
2026-04-19 15:17:19.679892,27.0,4.0,2
2026-04-19 15:17:24.679892,27.0,4.0,2
2026-04-19 15:17:29.679892,27.0,4.0,2
2026-04-19 15:17:34.679892,0.0,0.0,0
2026-04-19 15:17:39.679892,25.61,2.94,1
2026-04-19 15:17:44.679892,25.15,2.39,1
2026-04-19 15:17:49.679892,25.31,2.11,1
2026-04-19 15:17:54.679892,25.09,2.09,1
2026-04-19 15:17:59.679892,25.55,2.68,1
2026-04-19 15:18:04.679892,26.0,2.13,1
2026-04-19 15:18:09.679892,25.11,2.12,1
2026-04-19 15:18:14.679892,25.01,2.67,1
2026-04-19 15:18:19.679892,25.68,2.2,1
2026-04-19 15:18:24.679892,25.03,2.78,1
2026-04-19 15:18:29.679892,27.0,4.0,2
2026-04-19 15:18:34.679892,27.0,4.0,2
2026-04-19 15:18:39.679892,27.0,4.0,2
2026-04-19 15:18:44.679892,25.29,2.45,1
2026-04-19 15:18:49.679892,25.77,2.7,1
2026-04-19 15:18:54.679892,25.28,2.74,1
2026-04-19 15:18:59.679892,25.14,2.37,1
2026-04-19 15:19:04.679892,25.56,2.4,1
2026-04-19 15:19:09.679892,25.71,2.92,1
2026-04-19 15:19:14.679892,25.19,2.08,1
2026-04-19 15:19:19.679892,25.69,2.85,1
2026-04-19 15:19:24.679892,0.0,0.0,0
2026-04-19 15:19:29.679892,0.0,0.0,0
2026-04-19 15:19:34.679892,25.17,2.38,1
2026-04-19 15:19:39.679892,25.31,2.47,1
2026-04-19 15:19:44.679892,25.13,2.18,1
2026-04-19 15:19:49.679892,25.25,2.69,1
2026-04-19 15:19:54.679892,25.93,2.98,1
2026-04-19 15:19:59.679892,25.04,2.02,1
2026-04-19 15:20:04.679892,25.55,2.55,1
2026-04-19 15:20:09.679892,25.76,2.97,1
2026-04-19 15:20:14.679892,25.49,2.61,1
2026-04-19 15:20:19.679892,25.68,2.89,1
2026-04-19 15:20:24.679892,25.15,2.32,1
2026-04-19 15:20:29.679892,25.52,2.71,1
2026-04-19 15:20:34.679892,25.05,2.29,1
2026-04-19 15:20:39.679892,25.93,2.69,1
2026-04-19 15:20:44.679892,25.74,2.97,1
2026-04-19 15:20:49.679892,25.22,2.42,1
2026-04-19 15:20:54.679892,25.8,2.32,1
2026-04-19 15:20:59.679892,25.11,2.21,1
2026-04-19 15:21:04.679892,25.09,2.1,1
2026-04-19 15:21:09.679892,25.05,2.83,1
2026-04-19 15:21:14.679892,25.22,2.71,1
2026-04-19 15:21:19.679892,25.34,2.3,1
2026-04-19 15:21:24.679892,25.55,2.93,1
2026-04-19 15:21:29.679892,25.79,2.8,1
2026-04-19 15:21:34.679892,25.69,2.95,1
2026-04-19 15:21:39.679892,25.6,2.08,1
2026-04-19 15:21:44.679892,25.02,2.15,1
2026-04-19 15:21:49.679892,25.6,2.18,1
2026-04-19 15:21:54.679892,25.89,2.93,1
2026-04-19 15:21:59.679892,25.78,2.05,1
2026-04-19 15:22:04.679892,25.85,2.19,1
2026-04-19 15:22:09.679892,25.48,2.54,1
2026-04-19 15:22:14.679892,25.76,2.77,1
2026-04-19 15:22:19.679892,25.66,2.52,1
2026-04-19 15:22:24.679892,25.41,2.54,1
2026-04-19 15:22:29.679892,25.91,2.48,1
2026-04-19 15:22:34.679892,25.77,2.47,1
2026-04-19 15:22:39.679892,25.36,2.79,1
2026-04-19 15:22:44.679892,25.01,2.49,1
2026-04-19 15:22:49.679892,25.55,2.24,1
2026-04-19 15:22:54.679892,25.48,2.24,1
2026-04-19 15:22:59.679892,25.45,2.23,1
2026-04-19 15:23:04.679892,25.48,2.97,1
2026-04-19 15:23:09.679892,25.07,2.24,1
2026-04-19 15:23:14.679892,25.87,2.87,1
2026-04-19 15:23:19.679892,25.91,2.92,1
2026-04-19 15:23:24.679892,25.98,2.16,1
2026-04-19 15:23:29.679892,25.34,2.07,1
2026-04-19 15:23:34.679892,25.66,2.68,1
2026-04-19 15:23:39.679892,25.45,2.06,1
2026-04-19 15:23:44.679892,25.2,2.99,1
2026-04-19 15:23:49.679892,0.0,0.0,0
2026-04-19 15:23:54.679892,25.81,2.36,1
2026-04-19 15:23:59.679892,25.05,2.15,1
2026-04-19 15:24:04.679892,25.66,2.63,1
2026-04-19 15:24:09.679892,25.85,2.34,1
2026-04-19 15:24:14.679892,25.89,2.83,1
2026-04-19 15:24:19.679892,25.31,2.78,1
2026-04-19 15:24:24.679892,25.36,2.08,1
2026-04-19 15:24:29.679892,25.95,2.13,1
2026-04-19 15:24:34.679892,25.99,2.06,1
2026-04-19 15:24:39.679892,25.47,2.86,1
2026-04-19 15:24:44.679892,25.95,2.64,1
2026-04-19 15:24:49.679892,25.54,2.52,1
2026-04-19 15:24:54.679892,25.05,2.74,1
2026-04-19 15:24:59.679892,25.32,2.01,1
2026-04-19 15:25:04.679892,25.2,2.07,1
2026-04-19 15:25:09.679892,27.0,4.0,2
2026-04-19 15:25:14.679892,27.0,4.0,2
2026-04-19 15:25:19.679892,27.0,4.0,2
2026-04-19 15:25:24.679892,27.0,4.0,2
2026-04-19 15:25:29.679892,27.0,4.0,2
2026-04-19 15:25:34.679892,25.08,2.29,1
2026-04-19 15:25:39.679892,25.75,2.0,1
2026-04-19 15:25:44.679892,25.84,2.82,1
2026-04-19 15:25:49.679892,25.31,2.5,1
2026-04-19 15:25:54.679892,25.94,2.34,1
2026-04-19 15:25:59.679892,25.88,2.01,1
2026-04-19 15:26:04.679892,25.94,2.7,1
2026-04-19 15:26:09.679892,25.73,2.37,1
2026-04-19 15:26:14.679892,25.11,2.15,1
2026-04-19 15:26:19.679892,25.9,2.09,1
2026-04-19 15:26:24.679892,25.71,2.46,1
2026-04-19 15:26:29.679892,25.98,2.11,1
2026-04-19 15:26:34.679892,25.76,2.9,1
2026-04-19 15:26:39.679892,25.45,2.33,1
2026-04-19 15:26:44.679892,25.4,2.31,1
2026-04-19 15:26:49.679892,25.21,2.56,1
2026-04-19 15:26:54.679892,25.11,2.07,1
2026-04-19 15:26:59.679892,25.7,2.84,1
2026-04-19 15:27:04.679892,25.05,2.03,1
2026-04-19 15:27:09.679892,25.16,2.4,1
2026-04-19 15:27:14.679892,25.5,2.73,1
2026-04-19 15:27:19.679892,25.21,2.33,1
2026-04-19 15:27:24.679892,25.12,2.29,1
2026-04-19 15:27:29.679892,25.63,2.31,1
2026-04-19 15:27:34.679892,25.91,2.31,1
2026-04-19 15:27:39.679892,25.25,2.21,1
2026-04-19 15:27:44.679892,25.24,2.04,1
2026-04-19 15:27:49.679892,25.66,2.09,1
2026-04-19 15:27:54.679892,25.37,2.66,1
2026-04-19 15:27:59.679892,25.01,2.21,1
2026-04-19 15:28:04.679892,25.18,2.89,1
2026-04-19 15:28:09.679892,25.22,2.7,1
2026-04-19 15:28:14.679892,25.12,2.35,1
2026-04-19 15:28:19.679892,25.57,2.01,1
2026-04-19 15:28:24.679892,25.81,2.37,1
2026-04-19 15:28:29.679892,25.9,2.66,1
2026-04-19 15:28:34.679892,25.03,2.83,1
2026-04-19 15:28:39.679892,25.2,2.04,1
2026-04-19 15:28:44.679892,25.52,2.73,1
2026-04-19 15:28:49.679892,25.68,2.69,1
2026-04-19 15:28:54.679892,25.61,2.94,1
2026-04-19 15:28:59.679892,25.55,2.85,1
2026-04-19 15:29:04.679892,25.68,2.45,1
2026-04-19 15:29:09.679892,25.86,2.02,1
2026-04-19 15:29:14.679892,25.25,2.43,1
2026-04-19 15:29:19.679892,25.41,2.28,1
2026-04-19 15:29:24.679892,25.01,2.74,1
2026-04-19 15:29:29.679892,25.08,2.31,1
2026-04-19 15:29:34.679892,25.35,2.99,1
2026-04-19 15:29:39.679892,25.21,2.36,1
2026-04-19 15:29:44.679892,25.75,2.99,1
2026-04-19 15:29:49.679892,25.92,2.54,1
2026-04-19 15:29:54.679892,25.17,2.62,1
2026-04-19 15:29:59.679892,25.9,2.92,1
2026-04-19 15:30:04.679892,25.81,2.8,1
2026-04-19 15:30:09.679892,25.35,2.4,1
2026-04-19 15:30:14.679892,25.52,2.23,1
2026-04-19 15:30:19.679892,25.73,2.49,1
2026-04-19 15:30:24.679892,25.81,2.6,1
2026-04-19 15:30:29.679892,25.26,2.94,1
2026-04-19 15:30:34.679892,25.14,2.22,1
2026-04-19 15:30:39.679892,25.68,2.46,1
2026-04-19 15:30:44.679892,25.01,2.79,1
2026-04-19 15:30:49.679892,25.47,2.08,1
2026-04-19 15:30:54.679892,25.91,2.87,1
2026-04-19 15:30:59.679892,25.77,2.07,1
2026-04-19 15:31:04.679892,25.89,2.49,1
2026-04-19 15:31:09.679892,25.56,2.14,1
2026-04-19 15:31:14.679892,25.38,2.83,1
2026-04-19 15:31:19.679892,25.63,2.69,1
2026-04-19 15:31:24.679892,25.56,2.46,1
2026-04-19 15:31:29.679892,25.88,2.79,1
2026-04-19 15:31:34.679892,25.59,2.13,1
2026-04-19 15:31:39.679892,25.55,2.11,1
2026-04-19 15:31:44.679892,25.16,2.26,1
2026-04-19 15:31:49.679892,25.7,2.24,1
2026-04-19 15:31:54.679892,25.74,2.71,1
2026-04-19 15:31:59.679892,25.74,2.77,1
2026-04-19 15:32:04.679892,25.02,2.1,1
2026-04-19 15:32:09.679892,25.24,2.45,1
2026-04-19 15:32:14.679892,25.34,2.09,1
2026-04-19 15:32:19.679892,25.44,2.9,1
2026-04-19 15:32:24.679892,25.18,2.04,1
2026-04-19 15:32:29.679892,25.68,2.37,1
2026-04-19 15:32:34.679892,25.85,2.07,1
2026-04-19 15:32:39.679892,25.95,2.76,1
2026-04-19 15:32:44.679892,25.1,2.59,1
2026-04-19 15:32:49.679892,25.12,2.03,1
2026-04-19 15:32:54.679892,25.1,2.34,1
2026-04-19 15:32:59.679892,25.74,2.28,1
2026-04-19 15:33:04.679892,25.58,2.97,1
2026-04-19 15:33:09.679892,25.15,2.07,1
2026-04-19 15:33:14.679892,25.72,2.09,1
2026-04-19 15:33:19.679892,25.65,2.08,1
2026-04-19 15:33:24.679892,25.46,2.58,1
2026-04-19 15:33:29.679892,25.89,2.16,1
2026-04-19 15:33:34.679892,25.1,2.12,1
2026-04-19 15:33:39.679892,25.4,2.01,1
2026-04-19 15:33:44.679892,25.81,2.27,1
2026-04-19 15:33:49.679892,25.33,2.43,1
2026-04-19 15:33:54.679892,25.79,2.26,1
2026-04-19 15:33:59.679892,25.63,3.0,1
2026-04-19 15:34:04.679892,25.97,2.82,1
2026-04-19 15:34:09.679892,25.81,2.39,1
2026-04-19 15:34:14.679892,25.24,2.53,1
2026-04-19 15:34:19.679892,25.42,2.92,1
2026-04-19 15:34:24.679892,25.34,2.59,1
2026-04-19 15:34:29.679892,25.01,2.81,1
2026-04-19 15:34:34.679892,25.97,2.14,1
2026-04-19 15:34:39.679892,0.0,0.0,0
2026-04-19 15:34:44.679892,27.0,4.0,2
2026-04-19 15:34:49.679892,27.0,4.0,2
2026-04-19 15:34:54.679892,27.0,4.0,2
2026-04-19 15:34:59.679892,27.0,4.0,2
2026-04-19 15:35:04.679892,25.9,2.17,1
2026-04-19 15:35:09.679892,25.49,2.18,1
2026-04-19 15:35:14.679892,25.17,2.54,1
2026-04-19 15:35:19.679892,25.32,2.48,1
2026-04-19 15:35:24.679892,25.28,2.24,1
2026-04-19 15:35:29.679892,25.73,2.93,1
2026-04-19 15:35:34.679892,25.19,2.32,1
2026-04-19 15:35:39.679892,25.5,2.61,1
2026-04-19 15:35:44.679892,25.24,2.33,1
2026-04-19 15:35:49.679892,25.66,2.51,1
2026-04-19 15:35:54.679892,25.76,2.67,1
2026-04-19 15:35:59.679892,25.79,2.38,1
2026-04-19 15:36:04.679892,25.29,2.29,1
2026-04-19 15:36:09.679892,25.94,2.51,1
2026-04-19 15:36:14.679892,25.76,2.87,1
2026-04-19 15:36:19.679892,25.6,2.14,1
2026-04-19 15:36:24.679892,25.86,2.78,1
2026-04-19 15:36:29.679892,25.14,2.42,1
2026-04-19 15:36:34.679892,25.22,2.1,1
2026-04-19 15:36:39.679892,25.09,2.71,1
2026-04-19 15:36:44.679892,25.11,2.28,1
2026-04-19 15:36:49.679892,25.11,2.33,1
2026-04-19 15:36:54.679892,25.46,2.57,1
2026-04-19 15:36:59.679892,0.0,0.0,0
2026-04-19 15:37:04.679892,25.52,2.69,1
2026-04-19 15:37:09.679892,25.09,2.65,1
2026-04-19 15:37:14.679892,25.75,2.91,1
2026-04-19 15:37:19.679892,25.85,2.58,1
2026-04-19 15:37:24.679892,25.16,2.51,1
2026-04-19 15:37:29.679892,25.72,2.54,1
2026-04-19 15:37:34.679892,25.71,2.59,1
2026-04-19 15:37:39.679892,25.9,2.48,1
2026-04-19 15:37:44.679892,25.2,2.05,1
2026-04-19 15:37:49.679892,25.79,2.34,1
2026-04-19 15:37:54.679892,25.98,2.76,1
2026-04-19 15:37:59.679892,25.63,3.0,1
2026-04-19 15:38:04.679892,25.04,2.13,1
2026-04-19 15:38:09.679892,25.16,2.91,1
2026-04-19 15:38:14.679892,25.59,2.28,1
2026-04-19 15:38:19.679892,25.57,2.66,1
2026-04-19 15:38:24.679892,25.2,2.23,1
2026-04-19 15:38:29.679892,25.66,2.28,1
2026-04-19 15:38:34.679892,25.62,2.33,1
2026-04-19 15:38:39.679892,25.59,2.69,1
2026-04-19 15:38:44.679892,25.88,2.3,1
2026-04-19 15:38:49.679892,25.53,2.6,1
2026-04-19 15:38:54.679892,0.0,0.0,0
2026-04-19 15:38:59.679892,25.54,2.82,1
2026-04-19 15:39:04.679892,25.79,2.04,1
2026-04-19 15:39:09.679892,25.32,2.31,1
2026-04-19 15:39:14.679892,25.11,2.6,1
2026-04-19 15:39:19.679892,25.65,2.97,1
2026-04-19 15:39:24.679892,25.54,2.73,1
2026-04-19 15:39:29.679892,25.54,2.02,1
2026-04-19 15:39:34.679892,25.06,2.53,1
2026-04-19 15:39:39.679892,25.94,2.68,1
2026-04-19 15:39:44.679892,25.01,2.61,1
2026-04-19 15:39:49.679892,25.91,2.25,1
2026-04-19 15:39:54.679892,25.96,2.55,1
2026-04-19 15:39:59.679892,25.27,2.65,1
2026-04-19 15:40:04.679892,25.38,2.98,1
2026-04-19 15:40:09.679892,25.35,2.92,1
2026-04-19 15:40:14.679892,25.66,2.14,1
2026-04-19 15:40:19.679892,25.99,2.76,1
2026-04-19 15:40:24.679892,25.63,2.81,1
2026-04-19 15:40:29.679892,25.68,2.46,1
2026-04-19 15:40:34.679892,25.06,2.36,1
2026-04-19 15:40:39.679892,25.2,2.59,1
2026-04-19 15:40:44.679892,25.32,2.75,1
2026-04-19 15:40:49.679892,25.73,2.22,1
2026-04-19 15:40:54.679892,25.81,2.68,1
2026-04-19 15:40:59.679892,25.76,2.5,1
2026-04-19 15:41:04.679892,25.58,2.37,1
2026-04-19 15:41:09.679892,25.48,2.76,1
2026-04-19 15:41:14.679892,25.19,2.51,1
2026-04-19 15:41:19.679892,25.66,2.46,1
2026-04-19 15:41:24.679892,25.07,2.23,1
2026-04-19 15:41:29.679892,25.9,2.51,1
2026-04-19 15:41:34.679892,25.26,2.99,1
2026-04-19 15:41:39.679892,25.7,2.37,1
2026-04-19 15:41:44.679892,25.61,2.94,1
2026-04-19 15:41:49.679892,25.1,2.35,1
2026-04-19 15:41:54.679892,25.61,2.94,1
2026-04-19 15:41:59.679892,25.78,2.46,1
2026-04-19 15:42:04.679892,25.77,2.03,1
2026-04-19 15:42:09.679892,25.57,2.87,1
2026-04-19 15:42:14.679892,25.92,2.17,1
2026-04-19 15:42:19.679892,25.81,2.19,1
2026-04-19 15:42:24.679892,25.4,2.36,1
2026-04-19 15:42:29.679892,25.2,2.99,1
2026-04-19 15:42:34.679892,25.7,2.92,1
2026-04-19 15:42:39.679892,25.82,2.59,1
2026-04-19 15:42:44.679892,25.56,2.43,1
2026-04-19 15:42:49.679892,25.44,2.72,1
2026-04-19 15:42:54.679892,25.52,2.2,1
2026-04-19 15:42:59.679892,25.4,2.26,1
2026-04-19 15:43:04.679892,25.85,2.36,1
2026-04-19 15:43:09.679892,25.84,2.43,1
2026-04-19 15:43:14.679892,25.11,2.57,1
2026-04-19 15:43:19.679892,25.86,2.17,1
2026-04-19 15:43:24.679892,25.96,2.12,1
2026-04-19 15:43:29.679892,25.14,2.71,1
2026-04-19 15:43:34.679892,25.96,2.42,1
2026-04-19 15:43:39.679892,25.82,2.88,1
2026-04-19 15:43:44.679892,25.99,2.09,1
2026-04-19 15:43:49.679892,25.0,2.06,1
2026-04-19 15:43:54.679892,25.41,2.67,1
2026-04-19 15:43:59.679892,0.0,0.0,0
2026-04-19 15:44:04.679892,27.0,4.0,2
2026-04-19 15:44:09.679892,27.0,4.0,2
2026-04-19 15:44:14.679892,27.0,4.0,2
2026-04-19 15:44:19.679892,27.0,4.0,2
2026-04-19 15:44:24.679892,27.0,4.0,2
2026-04-19 15:44:29.679892,25.93,2.64,1
2026-04-19 15:44:34.679892,25.79,2.38,1
2026-04-19 15:44:39.679892,25.07,2.92,1
2026-04-19 15:44:44.679892,25.27,2.72,1
2026-04-19 15:44:49.679892,25.77,2.47,1
2026-04-19 15:44:54.679892,25.58,2.19,1
2026-04-19 15:44:59.679892,26.0,2.38,1
2026-04-19 15:45:04.679892,25.3,2.77,1
2026-04-19 15:45:09.679892,25.53,2.58,1
2026-04-19 15:45:14.679892,25.04,2.59,1
2026-04-19 15:45:19.679892,25.67,2.0,1
2026-04-19 15:45:24.679892,25.0,2.77,1
2026-04-19 15:45:29.679892,25.64,2.09,1
2026-04-19 15:45:34.679892,25.63,2.72,1
2026-04-19 15:45:39.679892,25.16,2.72,1
2026-04-19 15:45:44.679892,25.64,2.25,1
2026-04-19 15:45:49.679892,25.65,2.35,1
2026-04-19 15:45:54.679892,25.37,2.23,1
2026-04-19 15:45:59.679892,25.52,2.29,1
2026-04-19 15:46:04.679892,25.15,2.7,1
2026-04-19 15:46:09.679892,26.0,2.67,1
2026-04-19 15:46:14.679892,25.01,2.38,1
2026-04-19 15:46:19.679892,25.97,2.91,1
2026-04-19 15:46:24.679892,25.73,2.11,1
2026-04-19 15:46:29.679892,25.86,2.09,1
2026-04-19 15:46:34.679892,25.08,2.47,1
2026-04-19 15:46:39.679892,25.49,2.47,1
2026-04-19 15:46:44.679892,25.22,2.47,1
2026-04-19 15:46:49.679892,25.65,2.54,1
2026-04-19 15:46:54.679892,25.96,2.96,1
2026-04-19 15:46:59.679892,25.07,2.2,1
2026-04-19 15:47:04.679892,25.33,2.92,1
2026-04-19 15:47:09.679892,25.28,2.35,1
2026-04-19 15:47:14.679892,25.29,2.22,1
2026-04-19 15:47:19.679892,25.81,2.01,1
2026-04-19 15:47:24.679892,25.92,2.78,1
2026-04-19 15:47:29.679892,25.64,2.62,1
2026-04-19 15:47:34.679892,25.85,2.46,1
2026-04-19 15:47:39.679892,25.84,2.87,1
2026-04-19 15:47:44.679892,25.05,2.74,1
2026-04-19 15:47:49.679892,25.68,2.23,1
2026-04-19 15:47:54.679892,25.73,2.06,1
2026-04-19 15:47:59.679892,25.73,2.97,1
2026-04-19 15:48:04.679892,25.46,2.77,1
2026-04-19 15:48:09.679892,25.09,2.6,1
2026-04-19 15:48:14.679892,25.9,2.69,1
2026-04-19 15:48:19.679892,25.37,2.88,1
2026-04-19 15:48:24.679892,25.03,2.93,1
2026-04-19 15:48:29.679892,25.69,2.9,1
2026-04-19 15:48:34.679892,25.38,2.23,1
2026-04-19 15:48:39.679892,25.71,2.5,1
2026-04-19 15:48:44.679892,25.35,2.82,1
2026-04-19 15:48:49.679892,25.17,2.82,1
2026-04-19 15:48:54.679892,25.68,2.61,1
2026-04-19 15:48:59.679892,25.44,2.77,1
2026-04-19 15:49:04.679892,25.1,2.44,1
2026-04-19 15:49:09.679892,25.58,2.09,1
2026-04-19 15:49:14.679892,25.85,2.9,1
2026-04-19 15:49:19.679892,25.77,2.27,1
2026-04-19 15:49:24.679892,25.46,2.03,1
2026-04-19 15:49:29.679892,25.12,2.07,1
2026-04-19 15:49:34.679892,25.23,2.43,1
2026-04-19 15:49:39.679892,25.2,2.47,1
2026-04-19 15:49:44.679892,27.0,4.0,2
2026-04-19 15:49:49.679892,27.0,4.0,2
2026-04-19 15:49:54.679892,27.0,4.0,2
2026-04-19 15:49:59.679892,27.0,4.0,2
2026-04-19 15:50:04.679892,27.0,4.0,2
2026-04-19 15:50:09.679892,0.0,0.0,0
2026-04-19 15:50:14.679892,0.0,0.0,0
2026-04-19 15:50:19.679892,0.0,0.0,0
2026-04-19 15:50:24.679892,0.0,0.0,0
2026-04-19 15:50:29.679892,27.0,4.0,2
2026-04-19 15:50:34.679892,27.0,4.0,2
2026-04-19 15:50:39.679892,27.0,4.0,2
2026-04-19 15:50:44.679892,27.0,4.0,2
2026-04-19 15:50:49.679892,25.77,2.91,1
2026-04-19 15:50:54.679892,25.66,2.55,1
2026-04-19 15:50:59.679892,25.69,2.64,1
2026-04-19 15:51:04.679892,25.64,2.9,1
2026-04-19 15:51:09.679892,25.49,2.79,1
2026-04-19 15:51:14.679892,25.29,2.86,1
2026-04-19 15:51:19.679892,25.68,2.15,1
2026-04-19 15:51:24.679892,25.7,2.27,1
2026-04-19 15:51:29.679892,25.57,2.43,1
2026-04-19 15:51:34.679892,25.38,2.43,1
2026-04-19 15:51:39.679892,25.4,2.02,1
2026-04-19 15:51:44.679892,25.66,2.41,1
2026-04-19 15:51:49.679892,25.56,2.4,1
2026-04-19 15:51:54.679892,25.32,2.15,1
2026-04-19 15:51:59.679892,25.6,2.11,1
2026-04-19 15:52:04.679892,25.94,2.3,1
2026-04-19 15:52:09.679892,25.1,2.56,1
2026-04-19 15:52:14.679892,25.41,2.85,1
2026-04-19 15:52:19.679892,25.55,2.67,1
2026-04-19 15:52:24.679892,25.54,2.11,1
2026-04-19 15:52:29.679892,25.89,2.19,1
2026-04-19 15:52:34.679892,25.77,2.98,1
2026-04-19 15:52:39.679892,25.44,2.33,1
2026-04-19 15:52:44.679892,25.21,2.43,1
2026-04-19 15:52:49.679892,25.48,2.29,1
2026-04-19 15:52:54.679892,25.25,2.01,1
2026-04-19 15:52:59.679892,25.43,2.95,1
2026-04-19 15:53:04.679892,25.08,2.53,1
2026-04-19 15:53:09.679892,27.0,4.0,2
2026-04-19 15:53:14.679892,27.0,4.0,2
2026-04-19 15:53:19.679892,27.0,4.0,2
2026-04-19 15:53:24.679892,27.0,4.0,2
2026-04-19 15:53:29.679892,27.0,4.0,2
2026-04-19 15:53:34.679892,0.0,0.0,0
2026-04-19 15:53:39.679892,27.0,4.0,2
2026-04-19 15:53:44.679892,27.0,4.0,2
2026-04-19 15:53:49.679892,27.0,4.0,2
2026-04-19 15:53:54.679892,0.0,0.0,0
2026-04-19 15:53:59.679892,25.07,2.99,1
2026-04-19 15:54:04.679892,25.07,2.05,1
2026-04-19 15:54:09.679892,25.37,2.62,1
2026-04-19 15:54:14.679892,25.85,2.34,1
2026-04-19 15:54:19.679892,25.16,2.77,1
2026-04-19 15:54:24.679892,25.64,2.18,1
2026-04-19 15:54:29.679892,25.33,2.07,1
2026-04-19 15:54:34.679892,25.97,2.83,1
2026-04-19 15:54:39.679892,25.61,2.15,1
2026-04-19 15:54:44.679892,25.88,2.27,1
2026-04-19 15:54:49.679892,25.72,2.36,1
2026-04-19 15:54:54.679892,25.09,2.56,1
2026-04-19 15:54:59.679892,25.49,2.27,1
2026-04-19 15:55:04.679892,25.16,2.11,1
2026-04-19 15:55:09.679892,25.35,2.86,1
2026-04-19 15:55:14.679892,25.95,2.25,1
2026-04-19 15:55:19.679892,25.77,2.77,1
2026-04-19 15:55:24.679892,25.37,2.57,1
2026-04-19 15:55:29.679892,25.52,2.83,1
2026-04-19 15:55:34.679892,25.3,2.17,1
2026-04-19 15:55:39.679892,25.33,2.75,1
2026-04-19 15:55:44.679892,25.81,2.16,1
2026-04-19 15:55:49.679892,25.47,2.38,1
2026-04-19 15:55:54.679892,25.38,2.06,1
2026-04-19 15:55:59.679892,25.84,2.64,1
2026-04-19 15:56:04.679892,25.02,2.52,1
2026-04-19 15:56:09.679892,25.83,2.61,1
2026-04-19 15:56:14.679892,25.11,2.39,1
2026-04-19 15:56:19.679892,25.85,2.13,1
2026-04-19 15:56:24.679892,25.99,2.12,1
2026-04-19 15:56:29.679892,25.93,2.47,1
2026-04-19 15:56:34.679892,25.88,2.65,1
2026-04-19 15:56:39.679892,25.15,2.72,1
2026-04-19 15:56:44.679892,25.32,2.83,1
2026-04-19 15:56:49.679892,25.69,2.97,1
2026-04-19 15:56:54.679892,25.3,2.53,1
2026-04-19 15:56:59.679892,25.49,2.95,1
2026-04-19 15:57:04.679892,25.07,2.49,1
2026-04-19 15:57:09.679892,25.91,2.98,1
2026-04-19 15:57:14.679892,25.26,2.59,1
2026-04-19 15:57:19.679892,25.58,2.76,1
2026-04-19 15:57:24.679892,25.67,2.44,1
2026-04-19 15:57:29.679892,25.83,2.28,1
2026-04-19 15:57:34.679892,25.58,2.55,1
2026-04-19 15:57:39.679892,25.91,2.07,1
2026-04-19 15:57:44.679892,25.93,2.25,1
2026-04-19 15:57:49.679892,25.41,2.01,1
2026-04-19 15:57:54.679892,25.55,2.65,1
2026-04-19 15:57:59.679892,25.58,2.09,1
2026-04-19 15:58:04.679892,25.7,2.43,1
2026-04-19 15:58:09.679892,25.49,2.84,1
2026-04-19 15:58:14.679892,25.27,2.11,1
2026-04-19 15:58:19.679892,25.11,2.62,1
2026-04-19 15:58:24.679892,25.08,2.31,1
2026-04-19 15:58:29.679892,25.05,2.28,1
2026-04-19 15:58:34.679892,25.44,2.6,1
2026-04-19 15:58:39.679892,25.66,2.17,1
2026-04-19 15:58:44.679892,25.44,2.95,1
2026-04-19 15:58:49.679892,25.6,2.38,1
2026-04-19 15:58:54.679892,25.39,2.53,1
2026-04-19 15:58:59.679892,25.35,2.73,1
2026-04-19 15:59:04.679892,25.52,2.02,1
2026-04-19 15:59:09.679892,25.92,2.32,1
2026-04-19 15:59:14.679892,25.97,2.73,1
2026-04-19 15:59:19.679892,25.82,2.57,1
2026-04-19 15:59:24.679892,25.14,2.38,1
2026-04-19 15:59:29.679892,25.06,2.35,1
2026-04-19 15:59:34.679892,25.74,2.96,1
2026-04-19 15:59:39.679892,25.66,2.66,1
2026-04-19 15:59:44.679892,25.97,2.43,1
2026-04-19 15:59:49.679892,25.77,2.9,1
2026-04-19 15:59:54.679892,25.31,2.92,1
2026-04-19 15:59:59.679892,25.09,2.7,1
2026-04-19 16:00:04.679892,25.82,2.53,1
2026-04-19 16:00:09.679892,25.41,2.39,1
2026-04-19 16:00:14.679892,25.43,2.98,1
2026-04-19 16:00:19.679892,25.42,2.45,1
2026-04-19 16:00:24.679892,25.52,2.71,1
2026-04-19 16:00:29.679892,25.89,2.5,1
2026-04-19 16:00:34.679892,25.78,2.49,1
2026-04-19 16:00:39.679892,25.6,2.61,1
2026-04-19 16:00:44.679892,25.24,2.95,1
2026-04-19 16:00:49.679892,25.37,2.08,1
2026-04-19 16:00:54.679892,25.48,2.76,1
2026-04-19 16:00:59.679892,25.03,2.83,1
2026-04-19 16:01:04.679892,25.49,2.61,1
2026-04-19 16:01:09.679892,25.73,2.71,1
2026-04-19 16:01:14.679892,25.78,2.92,1
2026-04-19 16:01:19.679892,25.7,2.41,1
2026-04-19 16:01:24.679892,25.61,2.75,1
2026-04-19 16:01:29.679892,25.79,2.17,1
2026-04-19 16:01:34.679892,25.26,2.97,1
2026-04-19 16:01:39.679892,25.03,2.83,1
2026-04-19 16:01:44.679892,25.44,2.91,1
2026-04-19 16:01:49.679892,25.56,2.25,1
2026-04-19 16:01:54.679892,25.94,2.42,1
2026-04-19 16:01:59.679892,25.05,2.54,1
2026-04-19 16:02:04.679892,25.58,2.86,1
2026-04-19 16:02:09.679892,25.48,2.97,1
2026-04-19 16:02:14.679892,25.83,2.78,1
2026-04-19 16:02:19.679892,25.5,2.06,1
2026-04-19 16:02:24.679892,25.67,2.33,1
2026-04-19 16:02:29.679892,27.0,4.0,2
2026-04-19 16:02:34.679892,27.0,4.0,2
2026-04-19 16:02:39.679892,27.0,4.0,2
2026-04-19 16:02:44.679892,27.0,4.0,2
2026-04-19 16:02:49.679892,27.0,4.0,2
2026-04-19 16:02:54.679892,27.0,4.0,2
2026-04-19 16:02:59.679892,27.0,4.0,2
2026-04-19 16:03:04.679892,27.0,4.0,2
2026-04-19 16:03:09.679892,27.0,4.0,2
2026-04-19 16:03:14.679892,27.0,4.0,2
2026-04-19 16:03:19.679892,27.0,4.0,2
2026-04-19 16:03:24.679892,27.0,4.0,2
2026-04-19 16:03:29.679892,27.0,4.0,2
2026-04-19 16:03:34.679892,25.74,2.38,1
2026-04-19 16:03:39.679892,25.98,2.79,1
2026-04-19 16:03:44.679892,25.26,2.81,1
2026-04-19 16:03:49.679892,25.24,2.89,1
2026-04-19 16:03:54.679892,25.04,2.56,1
2026-04-19 16:03:59.679892,25.57,2.24,1
2026-04-19 16:04:04.679892,25.09,2.68,1
2026-04-19 16:04:09.679892,25.04,2.28,1
2026-04-19 16:04:14.679892,25.6,2.11,1
2026-04-19 16:04:19.679892,25.98,2.51,1
2026-04-19 16:04:24.679892,25.15,2.12,1
2026-04-19 16:04:29.679892,25.79,2.76,1
2026-04-19 16:04:34.679892,25.67,2.99,1
2026-04-19 16:04:39.679892,25.68,2.31,1
2026-04-19 16:04:44.679892,25.67,2.57,1
2026-04-19 16:04:49.679892,25.25,2.03,1
2026-04-19 16:04:54.679892,25.09,2.91,1
2026-04-19 16:04:59.679892,25.0,2.93,1
2026-04-19 16:05:04.679892,25.14,2.62,1
2026-04-19 16:05:09.679892,25.39,2.48,1
2026-04-19 16:05:14.679892,25.91,2.57,1
2026-04-19 16:05:19.679892,25.51,2.75,1
2026-04-19 16:05:24.679892,25.45,2.27,1
2026-04-19 16:05:29.679892,25.74,2.8,1
2026-04-19 16:05:34.679892,25.8,2.61,1
2026-04-19 16:05:39.679892,25.52,2.73,1
2026-04-19 16:05:44.679892,25.51,2.54,1
2026-04-19 16:05:49.679892,25.3,2.24,1
2026-04-19 16:05:54.679892,0.0,0.0,0
2026-04-19 16:05:59.679892,27.0,4.0,2
2026-04-19 16:06:04.679892,27.0,4.0,2
2026-04-19 16:06:09.679892,27.0,4.0,2
2026-04-19 16:06:14.679892,27.0,4.0,2
2026-04-19 16:06:19.679892,27.0,4.0,2
2026-04-19 16:06:24.679892,27.0,4.0,2
2026-04-19 16:06:29.679892,27.0,4.0,2
2026-04-19 16:06:34.679892,27.0,4.0,2
2026-04-19 16:06:39.679892,0.0,0.0,0
2026-04-19 16:06:44.679892,0.0,0.0,0
2026-04-19 16:06:49.679892,0.0,0.0,0
2026-04-19 16:06:54.679892,27.0,4.0,2
2026-04-19 16:06:59.679892,27.0,4.0,2
2026-04-19 16:07:04.679892,27.0,4.0,2
2026-04-19 16:07:09.679892,27.0,4.0,2
2026-04-19 16:07:14.679892,27.0,4.0,2
2026-04-19 16:07:19.679892,27.0,4.0,2
2026-04-19 16:07:24.679892,27.0,4.0,2
2026-04-19 16:07:29.679892,27.0,4.0,2
2026-04-19 16:07:34.679892,27.0,4.0,2
2026-04-19 16:07:39.679892,27.0,4.0,2
2026-04-19 16:07:44.679892,27.0,4.0,2
2026-04-19 16:07:49.679892,0.0,0.0,0
2026-04-19 16:07:54.679892,25.92,2.6,1
2026-04-19 16:07:59.679892,25.03,2.48,1
2026-04-19 16:08:04.679892,25.64,2.13,1
2026-04-19 16:08:09.679892,25.24,2.58,1
2026-04-19 16:08:14.679892,25.73,2.49,1
2026-04-19 16:08:19.679892,25.76,2.09,1
2026-04-19 16:08:24.679892,25.87,2.53,1
2026-04-19 16:08:29.679892,25.06,2.44,1
2026-04-19 16:08:34.679892,25.15,2.23,1
2026-04-19 16:08:39.679892,25.75,2.21,1
2026-04-19 16:08:44.679892,25.82,2.64,1
2026-04-19 16:08:49.679892,25.96,2.27,1
2026-04-19 16:08:54.679892,25.69,2.01,1
2026-04-19 16:08:59.679892,25.42,2.62,1
2026-04-19 16:09:04.679892,25.78,2.52,1
2026-04-19 16:09:09.679892,25.16,2.03,1
2026-04-19 16:09:14.679892,25.98,2.67,1
2026-04-19 16:09:19.679892,25.3,2.49,1
2026-04-19 16:09:24.679892,25.48,2.69,1
2026-04-19 16:09:29.679892,25.39,2.86,1
2026-04-19 16:09:34.679892,25.52,2.9,1
2026-04-19 16:09:39.679892,25.83,2.04,1
2026-04-19 16:09:44.679892,0.0,0.0,0
2026-04-19 16:09:49.679892,0.0,0.0,0
2026-04-19 16:09:54.679892,27.0,4.0,2
2026-04-19 16:09:59.679892,27.0,4.0,2
2026-04-19 16:10:04.679892,27.0,4.0,2
2026-04-19 16:10:09.679892,27.0,4.0,2
2026-04-19 16:10:14.679892,27.0,4.0,2
2026-04-19 16:10:19.679892,27.0,4.0,2
2026-04-19 16:10:24.679892,27.0,4.0,2
2026-04-19 16:10:29.679892,27.0,4.0,2
2026-04-19 16:10:34.679892,25.49,2.69,1
2026-04-19 16:10:39.679892,25.73,2.87,1
2026-04-19 16:10:44.679892,25.7,2.99,1
2026-04-19 16:10:49.679892,25.91,2.35,1
2026-04-19 16:10:54.679892,25.49,2.71,1
2026-04-19 16:10:59.679892,25.71,2.49,1
2026-04-19 16:11:04.679892,25.13,2.53,1
2026-04-19 16:11:09.679892,25.31,2.81,1
2026-04-19 16:11:14.679892,25.7,2.8,1
2026-04-19 16:11:19.679892,25.25,2.46,1
2026-04-19 16:11:24.679892,25.63,2.03,1
2026-04-19 16:11:29.679892,25.6,2.25,1
2026-04-19 16:11:34.679892,25.64,2.93,1
2026-04-19 16:11:39.679892,25.58,2.14,1
2026-04-19 16:11:44.679892,0.0,0.0,0
2026-04-19 16:11:49.679892,27.0,4.0,2
2026-04-19 16:11:54.679892,27.0,4.0,2
2026-04-19 16:11:59.679892,25.05,2.86,1
2026-04-19 16:12:04.679892,25.43,2.86,1
2026-04-19 16:12:09.679892,25.17,2.64,1
2026-04-19 16:12:14.679892,25.31,2.77,1
2026-04-19 16:12:19.679892,25.65,2.49,1
2026-04-19 16:12:24.679892,25.98,2.73,1
2026-04-19 16:12:29.679892,25.46,2.7,1
2026-04-19 16:12:34.679892,25.02,2.63,1
2026-04-19 16:12:39.679892,25.25,2.82,1
2026-04-19 16:12:44.679892,25.33,2.86,1
2026-04-19 16:12:49.679892,25.92,2.72,1
2026-04-19 16:12:54.679892,25.81,2.35,1
2026-04-19 16:12:59.679892,25.22,2.31,1
2026-04-19 16:13:04.679892,25.65,2.68,1
2026-04-19 16:13:09.679892,25.77,2.3,1
2026-04-19 16:13:14.679892,25.97,2.58,1
2026-04-19 16:13:19.679892,25.47,2.34,1
2026-04-19 16:13:24.679892,25.15,2.57,1
2026-04-19 16:13:29.679892,25.16,2.85,1
2026-04-19 16:13:34.679892,25.25,2.29,1
2026-04-19 16:13:39.679892,25.77,2.41,1
2026-04-19 16:13:44.679892,25.51,2.23,1
2026-04-19 16:13:49.679892,25.44,2.93,1
2026-04-19 16:13:54.679892,25.81,2.1,1
2026-04-19 16:13:59.679892,25.5,2.49,1
2026-04-19 16:14:04.679892,25.77,2.57,1
2026-04-19 16:14:09.679892,0.0,0.0,0
2026-04-19 16:14:14.679892,27.0,4.0,2
2026-04-19 16:14:19.679892,27.0,4.0,2
2026-04-19 16:14:24.679892,27.0,4.0,2
2026-04-19 16:14:29.679892,27.0,4.0,2
2026-04-19 16:14:34.679892,27.0,4.0,2
2026-04-19 16:14:39.679892,27.0,4.0,2
2026-04-19 16:14:44.679892,27.0,4.0,2
2026-04-19 16:14:49.679892,27.0,4.0,2
2026-04-19 16:14:54.679892,27.0,4.0,2
2026-04-19 16:14:59.679892,27.0,4.0,2
2026-04-19 16:15:04.679892,27.0,4.0,2
2026-04-19 16:15:09.679892,27.0,4.0,2
2026-04-19 16:15:14.679892,27.0,4.0,2
2026-04-19 16:15:19.679892,27.0,4.0,2
2026-04-19 16:15:24.679892,27.0,4.0,2
2026-04-19 16:15:29.679892,27.0,4.0,2
2026-04-19 16:15:34.679892,27.0,4.0,2
2026-04-19 16:15:39.679892,27.0,4.0,2
2026-04-19 16:15:44.679892,27.0,4.0,2
2026-04-19 16:15:49.679892,27.0,4.0,2
2026-04-19 16:15:54.679892,27.0,4.0,2
2026-04-19 16:15:59.679892,27.0,4.0,2
2026-04-19 16:16:04.679892,27.0,4.0,2
2026-04-19 16:16:09.679892,27.0,4.0,2
2026-04-19 16:16:14.679892,27.0,4.0,2
2026-04-19 16:16:19.679892,27.0,4.0,2
2026-04-19 16:16:24.679892,25.21,2.4,1
2026-04-19 16:16:29.679892,25.17,2.54,1
2026-04-19 16:16:34.679892,25.01,2.14,1
2026-04-19 16:16:39.679892,25.03,2.25,1
2026-04-19 16:16:44.679892,25.62,2.54,1
2026-04-19 16:16:49.679892,25.29,2.92,1
2026-04-19 16:16:54.679892,25.23,2.11,1
2026-04-19 16:16:59.679892,25.75,2.43,1
2026-04-19 16:17:04.679892,25.52,2.46,1
2026-04-19 16:17:09.679892,25.73,2.65,1
2026-04-19 16:17:14.679892,25.77,2.69,1
2026-04-19 16:17:19.679892,25.55,2.34,1
2026-04-19 16:17:24.679892,25.1,2.15,1
2026-04-19 16:17:29.679892,25.54,2.16,1
2026-04-19 16:17:34.679892,25.25,2.6,1
2026-04-19 16:17:39.679892,25.55,2.15,1
2026-04-19 16:17:44.679892,25.13,2.46,1
2026-04-19 16:17:49.679892,25.41,2.92,1
2026-04-19 16:17:54.679892,25.33,2.55,1
2026-04-19 16:17:59.679892,25.64,2.19,1
2026-04-19 16:18:04.679892,25.49,2.92,1
2026-04-19 16:18:09.679892,25.28,2.57,1
2026-04-19 16:18:14.679892,25.52,2.05,1
2026-04-19 16:18:19.679892,25.91,3.0,1
2026-04-19 16:18:24.679892,25.14,2.02,1
2026-04-19 16:18:29.679892,25.73,2.16,1
2026-04-19 16:18:34.679892,25.57,2.7,1
2026-04-19 16:18:39.679892,25.32,2.42,1
2026-04-19 16:18:44.679892,25.72,2.71,1
2026-04-19 16:18:49.679892,25.52,2.88,1
2026-04-19 16:18:54.679892,27.0,4.0,2
2026-04-19 16:18:59.679892,27.0,4.0,2
2026-04-19 16:19:04.679892,27.0,4.0,2
2026-04-19 16:19:09.679892,27.0,4.0,2
2026-04-19 16:19:14.679892,27.0,4.0,2
2026-04-19 16:19:19.679892,27.0,4.0,2
2026-04-19 16:19:24.679892,27.0,4.0,2
2026-04-19 16:19:29.679892,27.0,4.0,2
2026-04-19 16:19:34.679892,27.0,4.0,2
2026-04-19 16:19:39.679892,27.0,4.0,2
2026-04-19 16:19:44.679892,27.0,4.0,2
2026-04-19 16:19:49.679892,27.0,4.0,2
2026-04-19 16:19:54.679892,0.0,0.0,0
2026-04-19 16:19:59.679892,25.35,2.14,1
2026-04-19 16:20:04.679892,25.27,2.99,1
2026-04-19 16:20:09.679892,25.86,2.4,1
2026-04-19 16:20:14.679892,25.66,2.13,1
2026-04-19 16:20:19.679892,25.29,2.49,1
2026-04-19 16:20:24.679892,25.02,2.78,1
2026-04-19 16:20:29.679892,25.27,2.53,1
2026-04-19 16:20:34.679892,25.85,2.71,1
2026-04-19 16:20:39.679892,26.0,2.02,1
2026-04-19 16:20:44.679892,25.63,2.1,1
2026-04-19 16:20:49.679892,25.55,2.44,1
2026-04-19 16:20:54.679892,25.94,2.48,1
2026-04-19 16:20:59.679892,25.71,2.31,1
2026-04-19 16:21:04.679892,25.22,2.73,1
2026-04-19 16:21:09.679892,25.3,2.17,1
2026-04-19 16:21:14.679892,25.65,2.92,1
2026-04-19 16:21:19.679892,25.5,2.57,1
2026-04-19 16:21:24.679892,25.7,2.67,1
2026-04-19 16:21:29.679892,25.47,2.38,1
2026-04-19 16:21:34.679892,25.56,2.53,1
2026-04-19 16:21:39.679892,25.65,2.93,1
2026-04-19 16:21:44.679892,25.4,2.76,1
2026-04-19 16:21:49.679892,25.57,2.1,1
2026-04-19 16:21:54.679892,25.19,2.29,1
2026-04-19 16:21:59.679892,25.19,2.94,1
2026-04-19 16:22:04.679892,25.3,2.16,1
2026-04-19 16:22:09.679892,25.57,2.56,1
2026-04-19 16:22:14.679892,25.89,2.85,1
2026-04-19 16:22:19.679892,27.0,4.0,2
2026-04-19 16:22:24.679892,27.0,4.0,2
2026-04-19 16:22:29.679892,27.0,4.0,2
2026-04-19 16:22:34.679892,27.0,4.0,2
2026-04-19 16:22:39.679892,27.0,4.0,2
2026-04-19 16:22:44.679892,27.0,4.0,2
2026-04-19 16:22:49.679892,27.0,4.0,2
2026-04-19 16:22:54.679892,27.0,4.0,2
2026-04-19 16:22:59.679892,27.0,4.0,2
2026-04-19 16:23:04.679892,27.0,4.0,2
2026-04-19 16:23:09.679892,27.0,4.0,2
2026-04-19 16:23:14.679892,0.0,0.0,0
2026-04-19 16:23:19.679892,27.0,4.0,2
2026-04-19 16:23:24.679892,27.0,4.0,2
2026-04-19 16:23:29.679892,0.0,0.0,0
2026-04-19 16:23:34.679892,25.81,2.87,1
2026-04-19 16:23:39.679892,25.81,2.31,1
2026-04-19 16:23:44.679892,25.37,2.15,1
2026-04-19 16:23:49.679892,25.11,2.7,1
2026-04-19 16:23:54.679892,25.51,2.86,1
2026-04-19 16:23:59.679892,0.0,0.0,0
2026-04-19 16:24:04.679892,25.02,2.97,1
2026-04-19 16:24:09.679892,25.77,2.84,1
2026-04-19 16:24:14.679892,25.97,2.07,1
2026-04-19 16:24:19.679892,25.66,2.94,1
2026-04-19 16:24:24.679892,25.74,2.82,1
2026-04-19 16:24:29.679892,25.48,2.34,1
2026-04-19 16:24:34.679892,25.61,2.65,1
2026-04-19 16:24:39.679892,25.48,2.39,1
2026-04-19 16:24:44.679892,25.04,2.48,1
2026-04-19 16:24:49.679892,25.17,2.8,1
2026-04-19 16:24:54.679892,25.08,2.06,1
2026-04-19 16:24:59.679892,25.85,2.04,1
2026-04-19 16:25:04.679892,25.08,2.02,1
2026-04-19 16:25:09.679892,25.75,2.31,1
2026-04-19 16:25:14.679892,25.36,2.91,1
2026-04-19 16:25:19.679892,25.43,2.56,1
2026-04-19 16:25:24.679892,25.83,2.71,1
2026-04-19 16:25:29.679892,25.33,2.72,1
2026-04-19 16:25:34.679892,25.6,2.54,1
2026-04-19 16:25:39.679892,25.46,2.55,1
2026-04-19 16:25:44.679892,25.74,2.25,1
2026-04-19 16:25:49.679892,25.02,2.76,1
2026-04-19 16:25:54.679892,25.05,2.83,1
2026-04-19 16:25:59.679892,25.75,2.01,1
2026-04-19 16:26:04.679892,25.62,2.29,1
2026-04-19 16:26:09.679892,25.8,2.09,1
2026-04-19 16:26:14.679892,25.74,2.26,1
2026-04-19 16:26:19.679892,25.64,2.85,1
2026-04-19 16:26:24.679892,25.64,2.25,1
2026-04-19 16:26:29.679892,25.18,2.05,1
2026-04-19 16:26:34.679892,27.0,4.0,2
2026-04-19 16:26:39.679892,27.0,4.0,2
2026-04-19 16:26:44.679892,27.0,4.0,2
2026-04-19 16:26:49.679892,27.0,4.0,2
2026-04-19 16:26:54.679892,27.0,4.0,2
2026-04-19 16:26:59.679892,27.0,4.0,2
2026-04-19 16:27:04.679892,27.0,4.0,2
2026-04-19 16:27:09.679892,27.0,4.0,2
2026-04-19 16:27:14.679892,27.0,4.0,2
2026-04-19 16:27:19.679892,27.0,4.0,2
2026-04-19 16:27:24.679892,27.0,4.0,2
2026-04-19 16:27:29.679892,27.0,4.0,2
2026-04-19 16:27:34.679892,0.0,0.0,0
2026-04-19 16:27:39.679892,27.0,4.0,2
2026-04-19 16:27:44.679892,27.0,4.0,2
2026-04-19 16:27:49.679892,27.0,4.0,2
2026-04-19 16:27:54.679892,27.0,4.0,2
2026-04-19 16:27:59.679892,25.94,2.61,1
2026-04-19 16:28:04.679892,25.93,2.43,1
2026-04-19 16:28:09.679892,25.19,2.23,1
2026-04-19 16:28:14.679892,25.4,2.02,1
2026-04-19 16:28:19.679892,25.75,2.3,1
2026-04-19 16:28:24.679892,25.85,2.05,1
2026-04-19 16:28:29.679892,25.42,2.31,1
2026-04-19 16:28:34.679892,25.04,2.17,1
2026-04-19 16:28:39.679892,25.42,2.85,1
2026-04-19 16:28:44.679892,25.7,2.88,1
2026-04-19 16:28:49.679892,25.44,2.34,1
2026-04-19 16:28:54.679892,25.43,2.5,1
2026-04-19 16:28:59.679892,25.91,2.07,1
2026-04-19 16:29:04.679892,25.03,2.78,1
2026-04-19 16:29:09.679892,25.59,2.78,1
2026-04-19 16:29:14.679892,25.92,2.84,1
2026-04-19 16:29:19.679892,25.89,2.82,1
2026-04-19 16:29:24.679892,25.86,2.4,1
2026-04-19 16:29:29.679892,25.76,2.59,1
2026-04-19 16:29:34.679892,25.32,2.82,1
2026-04-19 16:29:39.679892,25.26,2.23,1
2026-04-19 16:29:44.679892,25.83,2.51,1
2026-04-19 16:29:49.679892,25.9,2.09,1
2026-04-19 16:29:54.679892,25.76,2.31,1
2026-04-19 16:29:59.679892,25.33,2.15,1
2026-04-19 16:30:04.679892,25.39,2.74,1
2026-04-19 16:30:09.679892,25.24,2.08,1
2026-04-19 16:30:14.679892,25.93,2.9,1
2026-04-19 16:30:19.679892,25.64,2.61,1
2026-04-19 16:30:24.679892,25.94,2.22,1
2026-04-19 16:30:29.679892,25.62,2.04,1
2026-04-19 16:30:34.679892,25.1,2.81,1
2026-04-19 16:30:39.679892,25.89,2.12,1
2026-04-19 16:30:44.679892,25.8,2.78,1
2026-04-19 16:30:49.679892,25.06,2.91,1
2026-04-19 16:30:54.679892,25.98,2.62,1
2026-04-19 16:30:59.679892,25.38,2.54,1
2026-04-19 16:31:04.679892,25.54,2.48,1
2026-04-19 16:31:09.679892,27.0,4.0,2
2026-04-19 16:31:14.679892,27.0,4.0,2
2026-04-19 16:31:19.679892,27.0,4.0,2
2026-04-19 16:31:24.679892,27.0,4.0,2
2026-04-19 16:31:29.679892,27.0,4.0,2
2026-04-19 16:31:34.679892,27.0,4.0,2
2026-04-19 16:31:39.679892,27.0,4.0,2
2026-04-19 16:31:44.679892,27.0,4.0,2
2026-04-19 16:31:49.679892,27.0,4.0,2
2026-04-19 16:31:54.679892,27.0,4.0,2
2026-04-19 16:31:59.679892,27.0,4.0,2
2026-04-19 16:32:04.679892,27.0,4.0,2
2026-04-19 16:32:09.679892,25.86,2.83,1
2026-04-19 16:32:14.679892,25.24,2.25,1
2026-04-19 16:32:19.679892,25.67,2.48,1
2026-04-19 16:32:24.679892,25.66,2.44,1
2026-04-19 16:32:29.679892,25.99,2.48,1
2026-04-19 16:32:34.679892,25.48,2.2,1
2026-04-19 16:32:39.679892,25.12,2.2,1
2026-04-19 16:32:44.679892,25.58,2.12,1
2026-04-19 16:32:49.679892,25.51,2.61,1
2026-04-19 16:32:54.679892,25.89,2.34,1
2026-04-19 16:32:59.679892,25.37,2.38,1
2026-04-19 16:33:04.679892,0.0,0.0,0
2026-04-19 16:33:09.679892,0.0,0.0,0
2026-04-19 16:33:14.679892,25.97,2.95,1
2026-04-19 16:33:19.679892,25.61,2.52,1
2026-04-19 16:33:24.679892,25.96,2.87,1
2026-04-19 16:33:29.679892,25.26,2.55,1
2026-04-19 16:33:34.679892,25.86,2.2,1
2026-04-19 16:33:39.679892,25.38,2.12,1
2026-04-19 16:33:44.679892,25.87,2.88,1
2026-04-19 16:33:49.679892,25.6,2.54,1
2026-04-19 16:33:54.679892,25.34,2.22,1
2026-04-19 16:33:59.679892,25.63,2.59,1
2026-04-19 16:34:04.679892,25.55,2.28,1
2026-04-19 16:34:09.679892,25.67,2.26,1
2026-04-19 16:34:14.679892,25.27,2.05,1
2026-04-19 16:34:19.679892,25.18,2.24,1
2026-04-19 16:34:24.679892,25.54,2.83,1
2026-04-19 16:34:29.679892,25.46,2.24,1
2026-04-19 16:34:34.679892,25.03,2.76,1
2026-04-19 16:34:39.679892,25.26,2.74,1
2026-04-19 16:34:44.679892,25.85,2.69,1
2026-04-19 16:34:49.679892,25.16,2.25,1
2026-04-19 16:34:54.679892,25.89,2.92,1
2026-04-19 16:34:59.679892,25.16,2.58,1
2026-04-19 16:35:04.679892,27.0,4.0,2
2026-04-19 16:35:09.679892,27.0,4.0,2
2026-04-19 16:35:14.679892,27.0,4.0,2
2026-04-19 16:35:19.679892,27.0,4.0,2
2026-04-19 16:35:24.679892,27.0,4.0,2
2026-04-19 16:35:29.679892,27.0,4.0,2
2026-04-19 16:35:34.679892,27.0,4.0,2
2026-04-19 16:35:39.679892,27.0,4.0,2
2026-04-19 16:35:44.679892,0.0,0.0,0
2026-04-19 16:35:49.679892,0.0,0.0,0
2026-04-19 16:35:54.679892,0.0,0.0,0
2026-04-19 16:35:59.679892,25.27,2.75,1
2026-04-19 16:36:04.679892,25.36,2.75,1
2026-04-19 16:36:09.679892,25.34,2.9,1
2026-04-19 16:36:14.679892,25.12,2.03,1
2026-04-19 16:36:19.679892,25.44,2.71,1
2026-04-19 16:36:24.679892,25.85,2.6,1
2026-04-19 16:36:29.679892,25.82,2.36,1
2026-04-19 16:36:34.679892,25.43,2.92,1
2026-04-19 16:36:39.679892,25.86,2.86,1
2026-04-19 16:36:44.679892,25.32,2.24,1
2026-04-19 16:36:49.679892,25.39,2.16,1
2026-04-19 16:36:54.679892,25.71,2.9,1
2026-04-19 16:36:59.679892,25.1,2.02,1
2026-04-19 16:37:04.679892,25.11,2.93,1
2026-04-19 16:37:09.679892,25.19,2.22,1
2026-04-19 16:37:14.679892,25.01,2.48,1
2026-04-19 16:37:19.679892,25.18,2.3,1
2026-04-19 16:37:24.679892,25.46,2.56,1
2026-04-19 16:37:29.679892,25.98,2.68,1
2026-04-19 16:37:34.679892,25.11,2.43,1
2026-04-19 16:37:39.679892,25.2,2.76,1
2026-04-19 16:37:44.679892,25.13,2.75,1
2026-04-19 16:37:49.679892,25.36,2.71,1
2026-04-19 16:37:54.679892,25.59,2.67,1
2026-04-19 16:37:59.679892,25.91,2.56,1
2026-04-19 16:38:04.679892,25.05,2.82,1
2026-04-19 16:38:09.679892,25.45,2.55,1
2026-04-19 16:38:14.679892,25.73,2.95,1
2026-04-19 16:38:19.679892,25.77,2.33,1
2026-04-19 16:38:24.679892,25.51,2.92,1
2026-04-19 16:38:29.679892,25.22,2.08,1
2026-04-19 16:38:34.679892,25.74,2.15,1
2026-04-19 16:38:39.679892,25.65,2.64,1
2026-04-19 16:38:44.679892,25.49,2.6,1
2026-04-19 16:38:49.679892,25.36,2.18,1
2026-04-19 16:38:54.679892,25.86,2.84,1
2026-04-19 16:38:59.679892,25.59,2.75,1
2026-04-19 16:39:04.679892,25.6,2.29,1
2026-04-19 16:39:09.679892,25.66,2.65,1
2026-04-19 16:39:14.679892,25.1,2.05,1
2026-04-19 16:39:19.679892,25.65,2.17,1
2026-04-19 16:39:24.679892,25.64,2.02,1
2026-04-19 16:39:29.679892,25.52,2.35,1
2026-04-19 16:39:34.679892,25.13,2.9,1
2026-04-19 16:39:39.679892,25.29,2.95,1
2026-04-19 16:39:44.679892,25.67,2.4,1
2026-04-19 16:39:49.679892,25.61,2.71,1
2026-04-19 16:39:54.679892,25.1,2.63,1
2026-04-19 16:39:59.679892,25.15,2.86,1
2026-04-19 16:40:04.679892,25.59,2.37,1
2026-04-19 16:40:09.679892,25.38,2.31,1
2026-04-19 16:40:14.679892,25.31,2.77,1
2026-04-19 16:40:19.679892,25.03,2.75,1
2026-04-19 16:40:24.679892,0.0,0.0,0
2026-04-19 16:40:29.679892,0.0,0.0,0
2026-04-19 16:40:34.679892,0.0,0.0,0
2026-04-19 16:40:39.679892,27.0,4.0,2
2026-04-19 16:40:44.679892,27.0,4.0,2
2026-04-19 16:40:49.679892,26.0,2.13,1
2026-04-19 16:40:54.679892,25.38,2.42,1
2026-04-19 16:40:59.679892,25.04,2.99,1
2026-04-19 16:41:04.679892,25.05,2.64,1
2026-04-19 16:41:09.679892,25.58,2.08,1
2026-04-19 16:41:14.679892,25.92,2.99,1
2026-04-19 16:41:19.679892,25.26,2.53,1
2026-04-19 16:41:24.679892,25.72,2.47,1
2026-04-19 16:41:29.679892,25.78,2.48,1
2026-04-19 16:41:34.679892,25.25,2.05,1
2026-04-19 16:41:39.679892,25.95,2.01,1
2026-04-19 16:41:44.679892,25.06,2.71,1
2026-04-19 16:41:49.679892,25.96,2.05,1
2026-04-19 16:41:54.679892,25.71,2.33,1
2026-04-19 16:41:59.679892,25.5,2.24,1
2026-04-19 16:42:04.679892,25.61,2.23,1
2026-04-19 16:42:09.679892,25.67,2.16,1
2026-04-19 16:42:14.679892,25.86,2.87,1
2026-04-19 16:42:19.679892,25.18,2.37,1
2026-04-19 16:42:24.679892,25.25,2.07,1
2026-04-19 16:42:29.679892,25.89,2.53,1
2026-04-19 16:42:34.679892,25.74,2.61,1
2026-04-19 16:42:39.679892,27.0,4.0,2
2026-04-19 16:42:44.679892,27.0,4.0,2
2026-04-19 16:42:49.679892,27.0,4.0,2
2026-04-19 16:42:54.679892,27.0,4.0,2
2026-04-19 16:42:59.679892,27.0,4.0,2
2026-04-19 16:43:04.679892,0.0,0.0,0
2026-04-19 16:43:09.679892,25.88,2.03,1
2026-04-19 16:43:14.679892,25.07,2.14,1
2026-04-19 16:43:19.679892,25.07,2.44,1
2026-04-19 16:43:24.679892,25.42,2.65,1
2026-04-19 16:43:29.679892,26.0,2.83,1
2026-04-19 16:43:34.679892,25.32,2.16,1
2026-04-19 16:43:39.679892,25.9,2.77,1
2026-04-19 16:43:44.679892,25.58,2.43,1
2026-04-19 16:43:49.679892,25.74,2.88,1
2026-04-19 16:43:54.679892,25.68,2.44,1
2026-04-19 16:43:59.679892,25.41,2.55,1
2026-04-19 16:44:04.679892,25.79,2.75,1
2026-04-19 16:44:09.679892,25.99,2.87,1
2026-04-19 16:44:14.679892,25.88,2.13,1
2026-04-19 16:44:19.679892,25.76,2.96,1
2026-04-19 16:44:24.679892,25.67,2.57,1
2026-04-19 16:44:29.679892,25.88,2.33,1
2026-04-19 16:44:34.679892,25.11,2.26,1
2026-04-19 16:44:39.679892,25.01,2.18,1
2026-04-19 16:44:44.679892,25.09,2.61,1
2026-04-19 16:44:49.679892,25.13,2.12,1
2026-04-19 16:44:54.679892,25.83,2.26,1
2026-04-19 16:44:59.679892,25.87,2.44,1
2026-04-19 16:45:04.679892,25.39,2.08,1
2026-04-19 16:45:09.679892,25.12,2.67,1
2026-04-19 16:45:14.679892,25.29,2.22,1
2026-04-19 16:45:19.679892,25.24,2.01,1
2026-04-19 16:45:24.679892,25.58,2.79,1
2026-04-19 16:45:29.679892,25.65,2.59,1
2026-04-19 16:45:34.679892,25.2,2.09,1
2026-04-19 16:45:39.679892,25.15,2.78,1
2026-04-19 16:45:44.679892,25.75,2.28,1
2026-04-19 16:45:49.679892,25.2,2.35,1
2026-04-19 16:45:54.679892,25.88,2.19,1
2026-04-19 16:45:59.679892,25.5,2.5,1
2026-04-19 16:46:04.679892,25.5,2.54,1
2026-04-19 16:46:09.679892,25.32,2.75,1
2026-04-19 16:46:14.679892,25.99,2.01,1
2026-04-19 16:46:19.679892,27.0,4.0,2
2026-04-19 16:46:24.679892,27.0,4.0,2
2026-04-19 16:46:29.679892,25.23,2.99,1
2026-04-19 16:46:34.679892,25.34,2.01,1
2026-04-19 16:46:39.679892,25.08,2.01,1
2026-04-19 16:46:44.679892,25.33,2.37,1
2026-04-19 16:46:49.679892,25.88,2.1,1
2026-04-19 16:46:54.679892,25.97,2.5,1
2026-04-19 16:46:59.679892,25.72,2.76,1
2026-04-19 16:47:04.679892,25.11,2.24,1
2026-04-19 16:47:09.679892,25.2,2.22,1
2026-04-19 16:47:14.679892,25.38,2.0,1
2026-04-19 16:47:19.679892,25.56,2.17,1
2026-04-19 16:47:24.679892,25.68,2.58,1
2026-04-19 16:47:29.679892,25.89,2.48,1
2026-04-19 16:47:34.679892,25.85,2.23,1
2026-04-19 16:47:39.679892,25.65,2.13,1
2026-04-19 16:47:44.679892,25.8,2.3,1
2026-04-19 16:47:49.679892,25.67,2.97,1
2026-04-19 16:47:54.679892,25.05,2.48,1
2026-04-19 16:47:59.679892,25.79,2.07,1
2026-04-19 16:48:04.679892,25.27,2.36,1
2026-04-19 16:48:09.679892,25.68,2.95,1
2026-04-19 16:48:14.679892,25.56,2.95,1
2026-04-19 16:48:19.679892,25.75,2.09,1
2026-04-19 16:48:24.679892,25.05,2.46,1
2026-04-19 16:48:29.679892,0.0,0.0,0
2026-04-19 16:48:34.679892,25.81,2.26,1
2026-04-19 16:48:39.679892,25.78,2.35,1
2026-04-19 16:48:44.679892,25.67,2.0,1
2026-04-19 16:48:49.679892,25.5,2.88,1
2026-04-19 16:48:54.679892,25.7,2.4,1
2026-04-19 16:48:59.679892,25.29,2.68,1
2026-04-19 16:49:04.679892,25.24,2.69,1
2026-04-19 16:49:09.679892,25.86,2.6,1
2026-04-19 16:49:14.679892,25.32,2.19,1
2026-04-19 16:49:19.679892,25.36,2.31,1
2026-04-19 16:49:24.679892,25.57,2.38,1
2026-04-19 16:49:29.679892,25.7,2.17,1
2026-04-19 16:49:34.679892,25.73,2.38,1
2026-04-19 16:49:39.679892,25.6,2.02,1
2026-04-19 16:49:44.679892,25.22,2.94,1
2026-04-19 16:49:49.679892,25.33,2.56,1
2026-04-19 16:49:54.679892,25.23,2.98,1
2026-04-19 16:49:59.679892,25.31,2.61,1
2026-04-19 16:50:04.679892,25.29,2.98,1
2026-04-19 16:50:09.679892,25.24,2.35,1
2026-04-19 16:50:14.679892,25.58,2.7,1
2026-04-19 16:50:19.679892,25.57,2.06,1
2026-04-19 16:50:24.679892,25.15,2.3,1
2026-04-19 16:50:29.679892,25.65,2.95,1
2026-04-19 16:50:34.679892,25.9,2.97,1
2026-04-19 16:50:39.679892,25.08,2.53,1
2026-04-19 16:50:44.679892,25.04,2.44,1
2026-04-19 16:50:49.679892,25.16,2.12,1
2026-04-19 16:50:54.679892,25.58,2.92,1
2026-04-19 16:50:59.679892,25.48,2.43,1
2026-04-19 16:51:04.679892,25.73,2.3,1
2026-04-19 16:51:09.679892,0.0,0.0,0
2026-04-19 16:51:14.679892,27.0,4.0,2
2026-04-19 16:51:19.679892,27.0,4.0,2
2026-04-19 16:51:24.679892,27.0,4.0,2
2026-04-19 16:51:29.679892,0.0,0.0,0
2026-04-19 16:51:34.679892,0.0,0.0,0
2026-04-19 16:51:39.679892,27.0,4.0,2
2026-04-19 16:51:44.679892,27.0,4.0,2
2026-04-19 16:51:49.679892,27.0,4.0,2
2026-04-19 16:51:54.679892,27.0,4.0,2
2026-04-19 16:51:59.679892,27.0,4.0,2
2026-04-19 16:52:04.679892,27.0,4.0,2
2026-04-19 16:52:09.679892,27.0,4.0,2
2026-04-19 16:52:14.679892,27.0,4.0,2
2026-04-19 16:52:19.679892,25.72,2.74,1
2026-04-19 16:52:24.679892,25.77,2.79,1
2026-04-19 16:52:29.679892,25.14,2.46,1
2026-04-19 16:52:34.679892,25.73,2.23,1
2026-04-19 16:52:39.679892,25.24,2.0,1
2026-04-19 16:52:44.679892,25.5,2.77,1
2026-04-19 16:52:49.679892,25.91,2.91,1
2026-04-19 16:52:54.679892,25.26,2.35,1
2026-04-19 16:52:59.679892,25.91,2.92,1
2026-04-19 16:53:04.679892,25.83,2.38,1
2026-04-19 16:53:09.679892,25.61,2.27,1
2026-04-19 16:53:14.679892,25.17,2.53,1
2026-04-19 16:53:19.679892,25.36,2.08,1
2026-04-19 16:53:24.679892,25.04,2.62,1
2026-04-19 16:53:29.679892,25.26,2.36,1
2026-04-19 16:53:34.679892,25.72,2.14,1
2026-04-19 16:53:39.679892,25.87,2.23,1
2026-04-19 16:53:44.679892,25.39,2.3,1
2026-04-19 16:53:49.679892,25.67,2.36,1
2026-04-19 16:53:54.679892,25.03,2.11,1
2026-04-19 16:53:59.679892,25.4,2.58,1
2026-04-19 16:54:04.679892,25.63,2.91,1
2026-04-19 16:54:09.679892,25.78,2.75,1
2026-04-19 16:54:14.679892,0.0,0.0,0
2026-04-19 16:54:19.679892,0.0,0.0,0
2026-04-19 16:54:24.679892,0.0,0.0,0
2026-04-19 16:54:29.679892,0.0,0.0,0
2026-04-19 16:54:34.679892,0.0,0.0,0
2026-04-19 16:54:39.679892,27.0,4.0,2
2026-04-19 16:54:44.679892,27.0,4.0,2
2026-04-19 16:54:49.679892,27.0,4.0,2
2026-04-19 16:54:54.679892,27.0,4.0,2
2026-04-19 16:54:59.679892,27.0,4.0,2
2026-04-19 16:55:04.679892,27.0,4.0,2
2026-04-19 16:55:09.679892,25.67,2.21,1
2026-04-19 16:55:14.679892,25.46,2.34,1
2026-04-19 16:55:19.679892,25.27,2.36,1
2026-04-19 16:55:24.679892,25.6,2.95,1
2026-04-19 16:55:29.679892,25.1,2.54,1
2026-04-19 16:55:34.679892,25.89,2.17,1
2026-04-19 16:55:39.679892,25.35,2.05,1
2026-04-19 16:55:44.679892,25.04,2.17,1
2026-04-19 16:55:49.679892,25.69,2.38,1
2026-04-19 16:55:54.679892,25.84,2.77,1
2026-04-19 16:55:59.679892,25.93,2.28,1
2026-04-19 16:56:04.679892,25.51,2.54,1
2026-04-19 16:56:09.679892,25.59,2.08,1
2026-04-19 16:56:14.679892,25.17,3.0,1
2026-04-19 16:56:19.679892,25.96,2.87,1
2026-04-19 16:56:24.679892,25.83,2.66,1
2026-04-19 16:56:29.679892,0.0,0.0,0
2026-04-19 16:56:34.679892,0.0,0.0,0
2026-04-19 16:56:39.679892,27.0,4.0,2
2026-04-19 16:56:44.679892,27.0,4.0,2
2026-04-19 16:56:49.679892,27.0,4.0,2
2026-04-19 16:56:54.679892,27.0,4.0,2
2026-04-19 16:56:59.679892,27.0,4.0,2
2026-04-19 16:57:04.679892,27.0,4.0,2
2026-04-19 16:57:09.679892,0.0,0.0,0
2026-04-19 16:57:14.679892,27.0,4.0,2
2026-04-19 16:57:19.679892,27.0,4.0,2
2026-04-19 16:57:24.679892,27.0,4.0,2
2026-04-19 16:57:29.679892,27.0,4.0,2
2026-04-19 16:57:34.679892,27.0,4.0,2
2026-04-19 16:57:39.679892,27.0,4.0,2
2026-04-19 16:57:44.679892,27.0,4.0,2
2026-04-19 16:57:49.679892,27.0,4.0,2
2026-04-19 16:57:54.679892,27.0,4.0,2
2026-04-19 16:57:59.679892,27.0,4.0,2
2026-04-19 16:58:04.679892,27.0,4.0,2
2026-04-19 16:58:09.679892,27.0,4.0,2
2026-04-19 16:58:14.679892,25.69,2.6,1
2026-04-19 16:58:19.679892,25.38,2.51,1
2026-04-19 16:58:24.679892,25.37,2.86,1
2026-04-19 16:58:29.679892,25.74,2.26,1
2026-04-19 16:58:34.679892,25.1,2.71,1
2026-04-19 16:58:39.679892,25.05,2.8,1
2026-04-19 16:58:44.679892,25.88,2.26,1
2026-04-19 16:58:49.679892,25.62,2.08,1
2026-04-19 16:58:54.679892,25.32,2.6,1
2026-04-19 16:58:59.679892,25.55,2.76,1
2026-04-19 16:59:04.679892,25.28,2.66,1
2026-04-19 16:59:09.679892,25.0,2.75,1
2026-04-19 16:59:14.679892,25.78,2.67,1
2026-04-19 16:59:19.679892,25.87,2.41,1
2026-04-19 16:59:24.679892,25.01,2.9,1
2026-04-19 16:59:29.679892,25.79,2.97,1
2026-04-19 16:59:34.679892,25.58,2.57,1
2026-04-19 16:59:39.679892,25.72,2.51,1
2026-04-19 16:59:44.679892,25.07,2.07,1
2026-04-19 16:59:49.679892,25.97,2.18,1
2026-04-19 16:59:54.679892,25.38,2.26,1
2026-04-19 16:59:59.679892,25.58,2.91,1
2026-04-19 17:00:04.679892,25.75,2.76,1
2026-04-19 17:00:09.679892,25.05,2.52,1
2026-04-19 17:00:14.679892,25.18,2.95,1
2026-04-19 17:00:19.679892,25.84,2.7,1
2026-04-19 17:00:24.679892,25.86,2.82,1
2026-04-19 17:00:29.679892,25.41,2.58,1
2026-04-19 17:00:34.679892,25.93,2.09,1
2026-04-19 17:00:39.679892,25.14,2.76,1
2026-04-19 17:00:44.679892,25.26,2.49,1
2026-04-19 17:00:49.679892,25.29,2.12,1
2026-04-19 17:00:54.679892,25.01,2.65,1
2026-04-19 17:00:59.679892,25.63,2.18,1
2026-04-19 17:01:04.679892,25.44,2.85,1
2026-04-19 17:01:09.679892,25.06,2.05,1
2026-04-19 17:01:14.679892,25.4,2.17,1
2026-04-19 17:01:19.679892,0.0,0.0,0
2026-04-19 17:01:24.679892,0.0,0.0,0
2026-04-19 17:01:29.679892,25.2,2.58,1
2026-04-19 17:01:34.679892,25.83,2.73,1
2026-04-19 17:01:39.679892,25.53,2.41,1
2026-04-19 17:01:44.679892,25.97,2.94,1
2026-04-19 17:01:49.679892,25.23,2.48,1
2026-04-19 17:01:54.679892,25.79,2.36,1
2026-04-19 17:01:59.679892,25.94,2.55,1
2026-04-19 17:02:04.679892,25.01,2.97,1
2026-04-19 17:02:09.679892,25.27,2.03,1
2026-04-19 17:02:14.679892,25.72,2.81,1
2026-04-19 17:02:19.679892,25.81,2.47,1
2026-04-19 17:02:24.679892,25.26,2.56,1
2026-04-19 17:02:29.679892,25.28,2.33,1
2026-04-19 17:02:34.679892,25.54,2.14,1
2026-04-19 17:02:39.679892,25.69,2.24,1
2026-04-19 17:02:44.679892,25.93,2.58,1
2026-04-19 17:02:49.679892,25.73,2.82,1
2026-04-19 17:02:54.679892,25.67,2.35,1
2026-04-19 17:02:59.679892,25.1,2.47,1
2026-04-19 17:03:04.679892,25.72,2.51,1
2026-04-19 17:03:09.679892,25.04,2.95,1
2026-04-19 17:03:14.679892,25.92,2.99,1
2026-04-19 17:03:19.679892,25.67,2.88,1
2026-04-19 17:03:24.679892,25.76,2.31,1
2026-04-19 17:03:29.679892,25.64,2.21,1
2026-04-19 17:03:34.679892,25.41,2.5,1
2026-04-19 17:03:39.679892,25.31,2.3,1
2026-04-19 17:03:44.679892,25.62,2.4,1
2026-04-19 17:03:49.679892,25.4,2.01,1
2026-04-19 17:03:54.679892,25.41,2.2,1
2026-04-19 17:03:59.679892,25.01,2.72,1
2026-04-19 17:04:04.679892,25.59,2.31,1
2026-04-19 17:04:09.679892,25.24,2.28,1
2026-04-19 17:04:14.679892,25.12,2.51,1
2026-04-19 17:04:19.679892,25.45,2.4,1
2026-04-19 17:04:24.679892,25.77,2.82,1
2026-04-19 17:04:29.679892,25.69,2.29,1
2026-04-19 17:04:34.679892,25.2,2.07,1
2026-04-19 17:04:39.679892,25.96,2.81,1
2026-04-19 17:04:44.679892,25.18,2.33,1
2026-04-19 17:04:49.679892,25.34,2.61,1
2026-04-19 17:04:54.679892,25.46,2.74,1
2026-04-19 17:04:59.679892,25.25,2.52,1
2026-04-19 17:05:04.679892,25.05,2.28,1
2026-04-19 17:05:09.679892,25.57,2.21,1
2026-04-19 17:05:14.679892,25.4,2.09,1
2026-04-19 17:05:19.679892,27.0,4.0,2
2026-04-19 17:05:24.679892,27.0,4.0,2
2026-04-19 17:05:29.679892,27.0,4.0,2
2026-04-19 17:05:34.679892,27.0,4.0,2
2026-04-19 17:05:39.679892,27.0,4.0,2
2026-04-19 17:05:44.679892,27.0,4.0,2
2026-04-19 17:05:49.679892,0.0,0.0,0
2026-04-19 17:05:54.679892,25.94,2.82,1
2026-04-19 17:05:59.679892,25.93,2.35,1
2026-04-19 17:06:04.679892,25.91,2.28,1
2026-04-19 17:06:09.679892,25.68,2.27,1
2026-04-19 17:06:14.679892,25.74,2.89,1
2026-04-19 17:06:19.679892,25.5,2.81,1
2026-04-19 17:06:24.679892,25.16,2.75,1
2026-04-19 17:06:29.679892,25.5,2.31,1
2026-04-19 17:06:34.679892,25.07,2.02,1
2026-04-19 17:06:39.679892,25.28,2.76,1
2026-04-19 17:06:44.679892,25.84,2.5,1
2026-04-19 17:06:49.679892,25.08,2.28,1
2026-04-19 17:06:54.679892,25.21,2.29,1
2026-04-19 17:06:59.679892,25.45,2.49,1
2026-04-19 17:07:04.679892,25.6,2.25,1
2026-04-19 17:07:09.679892,25.79,2.85,1
2026-04-19 17:07:14.679892,25.98,2.43,1
2026-04-19 17:07:19.679892,25.79,2.27,1
2026-04-19 17:07:24.679892,25.4,2.21,1
2026-04-19 17:07:29.679892,25.02,2.63,1
2026-04-19 17:07:34.679892,25.45,2.84,1
2026-04-19 17:07:39.679892,25.26,2.36,1
2026-04-19 17:07:44.679892,25.92,2.48,1
2026-04-19 17:07:49.679892,25.02,2.42,1
2026-04-19 17:07:54.679892,25.18,3.0,1
2026-04-19 17:07:59.679892,25.06,2.62,1
2026-04-19 17:08:04.679892,25.21,2.94,1
2026-04-19 17:08:09.679892,25.33,2.94,1
2026-04-19 17:08:14.679892,25.77,2.64,1
2026-04-19 17:08:19.679892,25.06,2.69,1
2026-04-19 17:08:24.679892,25.17,2.7,1
2026-04-19 17:08:29.679892,25.91,2.87,1
2026-04-19 17:08:34.679892,25.81,2.03,1
2026-04-19 17:08:39.679892,25.25,2.9,1
2026-04-19 17:08:44.679892,25.39,2.17,1
2026-04-19 17:08:49.679892,25.32,2.34,1
2026-04-19 17:08:54.679892,25.61,2.5,1
2026-04-19 17:08:59.679892,25.8,2.25,1
2026-04-19 17:09:04.679892,25.82,2.87,1
2026-04-19 17:09:09.679892,25.64,2.44,1
2026-04-19 17:09:14.679892,25.36,2.41,1
2026-04-19 17:09:19.679892,25.2,2.46,1
2026-04-19 17:09:24.679892,25.93,2.8,1
2026-04-19 17:09:29.679892,25.3,2.13,1
2026-04-19 17:09:34.679892,27.0,4.0,2
2026-04-19 17:09:39.679892,27.0,4.0,2
2026-04-19 17:09:44.679892,27.0,4.0,2
2026-04-19 17:09:49.679892,27.0,4.0,2
2026-04-19 17:09:54.679892,27.0,4.0,2
2026-04-19 17:09:59.679892,25.67,2.42,1
2026-04-19 17:10:04.679892,25.78,2.11,1
2026-04-19 17:10:09.679892,27.0,4.0,2
2026-04-19 17:10:14.679892,27.0,4.0,2
2026-04-19 17:10:19.679892,27.0,4.0,2
2026-04-19 17:10:24.679892,27.0,4.0,2
2026-04-19 17:10:29.679892,0.0,0.0,0
2026-04-19 17:10:34.679892,25.21,2.9,1
2026-04-19 17:10:39.679892,25.04,2.21,1
2026-04-19 17:10:44.679892,25.14,2.53,1
2026-04-19 17:10:49.679892,25.46,2.45,1
2026-04-19 17:10:54.679892,25.73,2.32,1
2026-04-19 17:10:59.679892,25.06,2.87,1
2026-04-19 17:11:04.679892,25.55,2.61,1
2026-04-19 17:11:09.679892,25.46,2.89,1
2026-04-19 17:11:14.679892,25.19,2.53,1
2026-04-19 17:11:19.679892,25.03,2.79,1
2026-04-19 17:11:24.679892,25.52,2.19,1
2026-04-19 17:11:29.679892,25.93,2.29,1
2026-04-19 17:11:34.679892,25.41,2.33,1
2026-04-19 17:11:39.679892,25.95,2.76,1
2026-04-19 17:11:44.679892,25.86,2.68,1
2026-04-19 17:11:49.679892,25.94,2.07,1
2026-04-19 17:11:54.679892,25.79,2.09,1
2026-04-19 17:11:59.679892,25.02,2.21,1
2026-04-19 17:12:04.679892,25.14,2.66,1
2026-04-19 17:12:09.679892,0.0,0.0,0
2026-04-19 17:12:14.679892,25.64,2.81,1
2026-04-19 17:12:19.679892,25.96,2.86,1
2026-04-19 17:12:24.679892,25.04,2.66,1
2026-04-19 17:12:29.679892,25.9,2.07,1
2026-04-19 17:12:34.679892,25.56,2.24,1
2026-04-19 17:12:39.679892,25.13,2.43,1
2026-04-19 17:12:44.679892,25.89,2.77,1
2026-04-19 17:12:49.679892,25.83,2.78,1
2026-04-19 17:12:54.679892,25.86,2.55,1
2026-04-19 17:12:59.679892,25.72,2.79,1
2026-04-19 17:13:04.679892,25.59,2.95,1
2026-04-19 17:13:09.679892,25.48,2.41,1
2026-04-19 17:13:14.679892,27.0,4.0,2
2026-04-19 17:13:19.679892,27.0,4.0,2
2026-04-19 17:13:24.679892,27.0,4.0,2
2026-04-19 17:13:29.679892,0.0,0.0,0
2026-04-19 17:13:34.679892,27.0,4.0,2
2026-04-19 17:13:39.679892,27.0,4.0,2
2026-04-19 17:13:44.679892,27.0,4.0,2
2026-04-19 17:13:49.679892,27.0,4.0,2
2026-04-19 17:13:54.679892,27.0,4.0,2
2026-04-19 17:13:59.679892,27.0,4.0,2
2026-04-19 17:14:04.679892,27.0,4.0,2
2026-04-19 17:14:09.679892,27.0,4.0,2
2026-04-19 17:14:14.679892,27.0,4.0,2
2026-04-19 17:14:19.679892,27.0,4.0,2
2026-04-19 17:14:24.679892,0.0,0.0,0
2026-04-19 17:14:29.679892,0.0,0.0,0
2026-04-19 17:14:34.679892,0.0,0.0,0
2026-04-19 17:14:39.679892,0.0,0.0,0
2026-04-19 17:14:44.679892,0.0,0.0,0
2026-04-19 17:14:49.679892,27.0,4.0,2
2026-04-19 17:14:54.679892,27.0,4.0,2
2026-04-19 17:14:59.679892,25.41,2.03,1
2026-04-19 17:15:04.679892,25.41,2.82,1
2026-04-19 17:15:09.679892,25.56,2.48,1
2026-04-19 17:15:14.679892,25.43,2.09,1
2026-04-19 17:15:19.679892,25.11,2.86,1
2026-04-19 17:15:24.679892,25.55,2.36,1
2026-04-19 17:15:29.679892,25.71,2.57,1
2026-04-19 17:15:34.679892,25.12,2.31,1
2026-04-19 17:15:39.679892,25.54,2.9,1
2026-04-19 17:15:44.679892,25.08,2.13,1
2026-04-19 17:15:49.679892,25.96,2.77,1
2026-04-19 17:15:54.679892,25.98,2.29,1
2026-04-19 17:15:59.679892,25.4,2.99,1
2026-04-19 17:16:04.679892,25.03,2.12,1
2026-04-19 17:16:09.679892,25.49,2.07,1
2026-04-19 17:16:14.679892,25.7,2.45,1
2026-04-19 17:16:19.679892,25.32,2.64,1
2026-04-19 17:16:24.679892,25.96,2.68,1
2026-04-19 17:16:29.679892,25.74,2.45,1
2026-04-19 17:16:34.679892,25.42,2.74,1
2026-04-19 17:16:39.679892,25.62,2.81,1
2026-04-19 17:16:44.679892,25.75,2.63,1
2026-04-19 17:16:49.679892,25.76,2.85,1
2026-04-19 17:16:54.679892,25.8,2.12,1
2026-04-19 17:16:59.679892,25.32,2.53,1
2026-04-19 17:17:04.679892,25.12,2.05,1
2026-04-19 17:17:09.679892,25.78,2.62,1
2026-04-19 17:17:14.679892,25.55,2.71,1
2026-04-19 17:17:19.679892,25.13,2.6,1
2026-04-19 17:17:24.679892,27.0,4.0,2
2026-04-19 17:17:29.679892,27.0,4.0,2
2026-04-19 17:17:34.679892,27.0,4.0,2
2026-04-19 17:17:39.679892,27.0,4.0,2
2026-04-19 17:17:44.679892,27.0,4.0,2
2026-04-19 17:17:49.679892,27.0,4.0,2
2026-04-19 17:17:54.679892,27.0,4.0,2
2026-04-19 17:17:59.679892,27.0,4.0,2
2026-04-19 17:18:04.679892,27.0,4.0,2
2026-04-19 17:18:09.679892,25.4,2.36,1
2026-04-19 17:18:14.679892,25.19,2.95,1
2026-04-19 17:18:19.679892,25.53,2.12,1
2026-04-19 17:18:24.679892,25.52,2.53,1
2026-04-19 17:18:29.679892,25.27,2.13,1
2026-04-19 17:18:34.679892,25.85,2.74,1
2026-04-19 17:18:39.679892,25.69,2.5,1
2026-04-19 17:18:44.679892,25.93,2.65,1
2026-04-19 17:18:49.679892,25.54,2.73,1
2026-04-19 17:18:54.679892,25.62,2.58,1
2026-04-19 17:18:59.679892,25.97,2.49,1
2026-04-19 17:19:04.679892,25.52,2.13,1
2026-04-19 17:19:09.679892,25.62,2.92,1
2026-04-19 17:19:14.679892,25.8,2.4,1
2026-04-19 17:19:19.679892,25.71,2.08,1
2026-04-19 17:19:24.679892,25.2,2.45,1
2026-04-19 17:19:29.679892,25.86,2.69,1
2026-04-19 17:19:34.679892,25.66,2.04,1
2026-04-19 17:19:39.679892,25.48,2.92,1
2026-04-19 17:19:44.679892,25.26,2.31,1
2026-04-19 17:19:49.679892,25.82,2.61,1
2026-04-19 17:19:54.679892,25.47,2.53,1
2026-04-19 17:19:59.679892,25.67,2.7,1
2026-04-19 17:20:04.679892,25.36,2.67,1
2026-04-19 17:20:09.679892,25.82,2.29,1
2026-04-19 17:20:14.679892,25.19,2.49,1
2026-04-19 17:20:19.679892,25.32,2.48,1
2026-04-19 17:20:24.679892,26.0,2.62,1
2026-04-19 17:20:29.679892,25.95,2.65,1
2026-04-19 17:20:34.679892,25.33,2.44,1
2026-04-19 17:20:39.679892,25.51,2.0,1
2026-04-19 17:20:44.679892,25.02,2.72,1
2026-04-19 17:20:49.679892,25.87,2.33,1
2026-04-19 17:20:54.679892,25.19,2.69,1
2026-04-19 17:20:59.679892,25.17,2.96,1
2026-04-19 17:21:04.679892,25.26,2.86,1
2026-04-19 17:21:09.679892,25.48,2.21,1
2026-04-19 17:21:14.679892,25.56,2.28,1
2026-04-19 17:21:19.679892,25.56,2.8,1
2026-04-19 17:21:24.679892,25.69,2.2,1
2026-04-19 17:21:29.679892,25.85,2.81,1
2026-04-19 17:21:34.679892,25.95,2.84,1
2026-04-19 17:21:39.679892,25.64,2.04,1
2026-04-19 17:21:44.679892,25.83,2.49,1
2026-04-19 17:21:49.679892,25.24,2.48,1
2026-04-19 17:21:54.679892,25.91,2.0,1
2026-04-19 17:21:59.679892,25.15,2.64,1
2026-04-19 17:22:04.679892,25.85,2.1,1
2026-04-19 17:22:09.679892,25.97,2.82,1
2026-04-19 17:22:14.679892,25.56,2.55,1
2026-04-19 17:22:19.679892,25.1,2.69,1
2026-04-19 17:22:24.679892,25.52,2.54,1
2026-04-19 17:22:29.679892,25.76,2.49,1
2026-04-19 17:22:34.679892,25.88,2.65,1
2026-04-19 17:22:39.679892,25.37,2.14,1
2026-04-19 17:22:44.679892,25.87,2.74,1
2026-04-19 17:22:49.679892,25.27,2.01,1
2026-04-19 17:22:54.679892,25.86,2.74,1
2026-04-19 17:22:59.679892,25.03,2.52,1
2026-04-19 17:23:04.679892,25.75,2.31,1
2026-04-19 17:23:09.679892,25.69,2.24,1
2026-04-19 17:23:14.679892,25.78,2.61,1
2026-04-19 17:23:19.679892,25.01,2.23,1
2026-04-19 17:23:24.679892,25.02,2.75,1
2026-04-19 17:23:29.679892,27.0,4.0,2
2026-04-19 17:23:34.679892,27.0,4.0,2
2026-04-19 17:23:39.679892,27.0,4.0,2
2026-04-19 17:23:44.679892,27.0,4.0,2
2026-04-19 17:23:49.679892,27.0,4.0,2
2026-04-19 17:23:54.679892,25.14,2.2,1
2026-04-19 17:23:59.679892,25.87,2.95,1
2026-04-19 17:24:04.679892,25.74,2.78,1
2026-04-19 17:24:09.679892,25.19,2.14,1
2026-04-19 17:24:14.679892,25.74,2.3,1
2026-04-19 17:24:19.679892,25.21,2.64,1
2026-04-19 17:24:24.679892,25.58,2.81,1
2026-04-19 17:24:29.679892,25.18,2.25,1
2026-04-19 17:24:34.679892,25.66,2.95,1
2026-04-19 17:24:39.679892,25.42,2.02,1
2026-04-19 17:24:44.679892,25.79,2.76,1
2026-04-19 17:24:49.679892,25.12,2.49,1
2026-04-19 17:24:54.679892,25.92,2.06,1
2026-04-19 17:24:59.679892,25.35,2.48,1
2026-04-19 17:25:04.679892,25.12,2.79,1
2026-04-19 17:25:09.679892,25.89,2.09,1
2026-04-19 17:25:14.679892,25.29,2.35,1
2026-04-19 17:25:19.679892,25.14,2.44,1
2026-04-19 17:25:24.679892,25.3,2.92,1
2026-04-19 17:25:29.679892,27.0,4.0,2
2026-04-19 17:25:34.679892,27.0,4.0,2
2026-04-19 17:25:39.679892,0.0,0.0,0
2026-04-19 17:25:44.679892,0.0,0.0,0
2026-04-19 17:25:49.679892,25.78,2.94,1
2026-04-19 17:25:54.679892,25.13,2.7,1
2026-04-19 17:25:59.679892,25.03,2.75,1
2026-04-19 17:26:04.679892,25.45,2.4,1
2026-04-19 17:26:09.679892,25.31,2.38,1
2026-04-19 17:26:14.679892,25.82,2.8,1
2026-04-19 17:26:19.679892,25.25,2.64,1
2026-04-19 17:26:24.679892,25.04,2.72,1
2026-04-19 17:26:29.679892,25.24,2.67,1
2026-04-19 17:26:34.679892,25.14,2.62,1
2026-04-19 17:26:39.679892,25.34,2.75,1
2026-04-19 17:26:44.679892,25.76,2.9,1
2026-04-19 17:26:49.679892,25.66,2.27,1
2026-04-19 17:26:54.679892,25.73,2.56,1
2026-04-19 17:26:59.679892,25.42,2.28,1
2026-04-19 17:27:04.679892,25.01,2.19,1
2026-04-19 17:27:09.679892,25.5,3.0,1
2026-04-19 17:27:14.679892,25.92,2.94,1
2026-04-19 17:27:19.679892,25.26,2.5,1
2026-04-19 17:27:24.679892,27.0,4.0,2
2026-04-19 17:27:29.679892,27.0,4.0,2
2026-04-19 17:27:34.679892,27.0,4.0,2
2026-04-19 17:27:39.679892,0.0,0.0,0
2026-04-19 17:27:44.679892,0.0,0.0,0
2026-04-19 17:27:49.679892,27.0,4.0,2
2026-04-19 17:27:54.679892,27.0,4.0,2
2026-04-19 17:27:59.679892,27.0,4.0,2
2026-04-19 17:28:04.679892,27.0,4.0,2
2026-04-19 17:28:09.679892,27.0,4.0,2
2026-04-19 17:28:14.679892,27.0,4.0,2
2026-04-19 17:28:19.679892,27.0,4.0,2
2026-04-19 17:28:24.679892,27.0,4.0,2
2026-04-19 17:28:29.679892,27.0,4.0,2
2026-04-19 17:28:34.679892,0.0,0.0,0
2026-04-19 17:28:39.679892,0.0,0.0,0
2026-04-19 17:28:44.679892,27.0,4.0,2
2026-04-19 17:28:49.679892,27.0,4.0,2
2026-04-19 17:28:54.679892,27.0,4.0,2
2026-04-19 17:28:59.679892,27.0,4.0,2
2026-04-19 17:29:04.679892,27.0,4.0,2
2026-04-19 17:29:09.679892,0.0,0.0,0
2026-04-19 17:29:14.679892,25.78,2.84,1
2026-04-19 17:29:19.679892,25.12,2.96,1
2026-04-19 17:29:24.679892,25.54,2.32,1
2026-04-19 17:29:29.679892,25.83,2.95,1
2026-04-19 17:29:34.679892,25.47,2.32,1
2026-04-19 17:29:39.679892,25.04,2.87,1
2026-04-19 17:29:44.679892,25.95,2.12,1
2026-04-19 17:29:49.679892,25.13,2.47,1
2026-04-19 17:29:54.679892,25.84,2.46,1
2026-04-19 17:29:59.679892,25.67,2.24,1
2026-04-19 17:30:04.679892,25.88,2.84,1
2026-04-19 17:30:09.679892,25.14,2.39,1
2026-04-19 17:30:14.679892,25.32,2.06,1
2026-04-19 17:30:19.679892,25.34,2.47,1
2026-04-19 17:30:24.679892,25.09,2.02,1
2026-04-19 17:30:29.679892,25.53,2.98,1
2026-04-19 17:30:34.679892,25.86,2.09,1
2026-04-19 17:30:39.679892,27.0,4.0,2
2026-04-19 17:30:44.679892,27.0,4.0,2
2026-04-19 17:30:49.679892,27.0,4.0,2
2026-04-19 17:30:54.679892,27.0,4.0,2
2026-04-19 17:30:59.679892,0.0,0.0,0
2026-04-19 17:31:04.679892,0.0,0.0,0
2026-04-19 17:31:09.679892,0.0,0.0,0
2026-04-19 17:31:14.679892,27.0,4.0,2
2026-04-19 17:31:19.679892,27.0,4.0,2
2026-04-19 17:31:24.679892,27.0,4.0,2
2026-04-19 17:31:29.679892,27.0,4.0,2
2026-04-19 17:31:34.679892,27.0,4.0,2
2026-04-19 17:31:39.679892,27.0,4.0,2
2026-04-19 17:31:44.679892,0.0,0.0,0
2026-04-19 17:31:49.679892,27.0,4.0,2
2026-04-19 17:31:54.679892,27.0,4.0,2
2026-04-19 17:31:59.679892,0.0,0.0,0
2026-04-19 17:32:04.679892,27.0,4.0,2
2026-04-19 17:32:09.679892,27.0,4.0,2
2026-04-19 17:32:14.679892,25.14,2.13,1
2026-04-19 17:32:19.679892,25.18,2.19,1
2026-04-19 17:32:24.679892,25.33,2.12,1
2026-04-19 17:32:29.679892,25.85,2.07,1
2026-04-19 17:32:34.679892,25.38,2.84,1
2026-04-19 17:32:39.679892,25.53,2.37,1
2026-04-19 17:32:44.679892,25.79,2.39,1
2026-04-19 17:32:49.679892,25.29,2.13,1
2026-04-19 17:32:54.679892,25.89,2.14,1
2026-04-19 17:32:59.679892,25.57,2.66,1
2026-04-19 17:33:04.679892,25.95,2.54,1
2026-04-19 17:33:09.679892,25.93,2.59,1
2026-04-19 17:33:14.679892,25.7,2.99,1
2026-04-19 17:33:19.679892,25.77,2.21,1
2026-04-19 17:33:24.679892,25.78,2.14,1
2026-04-19 17:33:29.679892,25.59,2.91,1
2026-04-19 17:33:34.679892,25.35,2.84,1
2026-04-19 17:33:39.679892,25.41,2.24,1
2026-04-19 17:33:44.679892,25.14,2.67,1
2026-04-19 17:33:49.679892,25.59,2.5,1
2026-04-19 17:33:54.679892,25.51,2.75,1
2026-04-19 17:33:59.679892,25.72,2.86,1
2026-04-19 17:34:04.679892,25.4,2.11,1
2026-04-19 17:34:09.679892,25.68,2.26,1
2026-04-19 17:34:14.679892,0.0,0.0,0
2026-04-19 17:34:19.679892,27.0,4.0,2
2026-04-19 17:34:24.679892,27.0,4.0,2
2026-04-19 17:34:29.679892,27.0,4.0,2
2026-04-19 17:34:34.679892,27.0,4.0,2
2026-04-19 17:34:39.679892,0.0,0.0,0
2026-04-19 17:34:44.679892,25.68,2.24,1
2026-04-19 17:34:49.679892,26.0,2.47,1
2026-04-19 17:34:54.679892,25.95,2.16,1
2026-04-19 17:34:59.679892,27.0,4.0,2
2026-04-19 17:35:04.679892,27.0,4.0,2
2026-04-19 17:35:09.679892,27.0,4.0,2
2026-04-19 17:35:14.679892,27.0,4.0,2
2026-04-19 17:35:19.679892,27.0,4.0,2
2026-04-19 17:35:24.679892,27.0,4.0,2
2026-04-19 17:35:29.679892,0.0,0.0,0
2026-04-19 17:35:34.679892,25.61,2.75,1
2026-04-19 17:35:39.679892,25.79,2.55,1
2026-04-19 17:35:44.679892,25.33,2.17,1
2026-04-19 17:35:49.679892,0.0,0.0,0
2026-04-19 17:35:54.679892,0.0,0.0,0
2026-04-19 17:35:59.679892,25.1,2.5,1
2026-04-19 17:36:04.679892,25.18,2.39,1
2026-04-19 17:36:09.679892,25.9,2.78,1
2026-04-19 17:36:14.679892,25.62,2.7,1
2026-04-19 17:36:19.679892,25.28,2.32,1
2026-04-19 17:36:24.679892,25.36,2.29,1
2026-04-19 17:36:29.679892,25.88,2.81,1
2026-04-19 17:36:34.679892,25.49,2.99,1
2026-04-19 17:36:39.679892,25.86,2.49,1
2026-04-19 17:36:44.679892,25.27,2.82,1
2026-04-19 17:36:49.679892,25.68,2.39,1
2026-04-19 17:36:54.679892,25.97,2.82,1
2026-04-19 17:36:59.679892,0.0,0.0,0
2026-04-19 17:37:04.679892,25.43,2.97,1
2026-04-19 17:37:09.679892,25.4,2.91,1
2026-04-19 17:37:14.679892,25.58,2.05,1
2026-04-19 17:37:19.679892,25.93,3.0,1
2026-04-19 17:37:24.679892,25.14,2.39,1
2026-04-19 17:37:29.679892,25.46,2.64,1
2026-04-19 17:37:34.679892,25.81,2.27,1
2026-04-19 17:37:39.679892,25.01,2.87,1
2026-04-19 17:37:44.679892,25.93,2.57,1
2026-04-19 17:37:49.679892,25.93,2.58,1
2026-04-19 17:37:54.679892,25.31,2.23,1
2026-04-19 17:37:59.679892,25.33,2.15,1
2026-04-19 17:38:04.679892,25.77,2.8,1
2026-04-19 17:38:09.679892,25.14,2.87,1
2026-04-19 17:38:14.679892,25.97,2.19,1
2026-04-19 17:38:19.679892,25.37,2.47,1
2026-04-19 17:38:24.679892,25.92,2.55,1
2026-04-19 17:38:29.679892,25.44,2.04,1
2026-04-19 17:38:34.679892,25.05,2.13,1
2026-04-19 17:38:39.679892,25.13,2.45,1
2026-04-19 17:38:44.679892,25.37,2.69,1
2026-04-19 17:38:49.679892,25.1,2.46,1
2026-04-19 17:38:54.679892,25.41,2.49,1
2026-04-19 17:38:59.679892,25.08,2.74,1
2026-04-19 17:39:04.679892,25.23,2.34,1
2026-04-19 17:39:09.679892,25.32,2.83,1
2026-04-19 17:39:14.679892,25.19,2.57,1
2026-04-19 17:39:19.679892,25.73,2.13,1
2026-04-19 17:39:24.679892,25.28,2.22,1
2026-04-19 17:39:29.679892,25.5,2.42,1
2026-04-19 17:39:34.679892,25.83,2.62,1
2026-04-19 17:39:39.679892,25.28,2.03,1
2026-04-19 17:39:44.679892,25.04,2.07,1
2026-04-19 17:39:49.679892,25.71,2.09,1
2026-04-19 17:39:54.679892,25.97,2.17,1
2026-04-19 17:39:59.679892,0.0,0.0,0
2026-04-19 17:40:04.679892,27.0,4.0,2
2026-04-19 17:40:09.679892,27.0,4.0,2
2026-04-19 17:40:14.679892,27.0,4.0,2
2026-04-19 17:40:19.679892,27.0,4.0,2
2026-04-19 17:40:24.679892,27.0,4.0,2
2026-04-19 17:40:29.679892,0.0,0.0,0
2026-04-19 17:40:34.679892,27.0,4.0,2
2026-04-19 17:40:39.679892,27.0,4.0,2
2026-04-19 17:40:44.679892,27.0,4.0,2
2026-04-19 17:40:49.679892,0.0,0.0,0
2026-04-19 17:40:54.679892,25.85,2.59,1
2026-04-19 17:40:59.679892,25.84,2.85,1
2026-04-19 17:41:04.679892,25.78,2.53,1
2026-04-19 17:41:09.679892,25.41,2.59,1
2026-04-19 17:41:14.679892,25.78,2.06,1
2026-04-19 17:41:19.679892,25.24,2.32,1
2026-04-19 17:41:24.679892,25.83,2.88,1
2026-04-19 17:41:29.679892,25.44,2.96,1
2026-04-19 17:41:34.679892,25.06,2.56,1
2026-04-19 17:41:39.679892,25.52,2.63,1
2026-04-19 17:41:44.679892,25.86,2.99,1
2026-04-19 17:41:49.679892,25.68,2.89,1
2026-04-19 17:41:54.679892,25.83,2.57,1
2026-04-19 17:41:59.679892,25.82,2.88,1
2026-04-19 17:42:04.679892,25.4,2.49,1
2026-04-19 17:42:09.679892,25.41,2.74,1
2026-04-19 17:42:14.679892,25.13,2.39,1
2026-04-19 17:42:19.679892,25.85,2.38,1
2026-04-19 17:42:24.679892,25.31,2.9,1
2026-04-19 17:42:29.679892,27.0,4.0,2
2026-04-19 17:42:34.679892,27.0,4.0,2
2026-04-19 17:42:39.679892,0.0,0.0,0
2026-04-19 17:42:44.679892,27.0,4.0,2
2026-04-19 17:42:49.679892,27.0,4.0,2
2026-04-19 17:42:54.679892,27.0,4.0,2
2026-04-19 17:42:59.679892,27.0,4.0,2
2026-04-19 17:43:04.679892,27.0,4.0,2
2026-04-19 17:43:09.679892,0.0,0.0,0
2026-04-19 17:43:14.679892,0.0,0.0,0
2026-04-19 17:43:19.679892,25.88,2.27,1
2026-04-19 17:43:24.679892,25.3,2.91,1
2026-04-19 17:43:29.679892,25.01,2.86,1
2026-04-19 17:43:34.679892,25.65,2.96,1
2026-04-19 17:43:39.679892,27.0,4.0,2
2026-04-19 17:43:44.679892,27.0,4.0,2
2026-04-19 17:43:49.679892,0.0,0.0,0
2026-04-19 17:43:54.679892,25.18,2.71,1
2026-04-19 17:43:59.679892,25.38,2.9,1
2026-04-19 17:44:04.679892,25.44,2.82,1
2026-04-19 17:44:09.679892,25.76,2.56,1
2026-04-19 17:44:14.679892,25.54,2.78,1
2026-04-19 17:44:19.679892,25.3,2.3,1
2026-04-19 17:44:24.679892,25.46,2.2,1
2026-04-19 17:44:29.679892,25.84,2.12,1
2026-04-19 17:44:34.679892,25.02,2.73,1
2026-04-19 17:44:39.679892,25.47,2.19,1
2026-04-19 17:44:44.679892,25.84,2.19,1
2026-04-19 17:44:49.679892,25.32,2.84,1
2026-04-19 17:44:54.679892,25.68,2.24,1
2026-04-19 17:44:59.679892,25.13,2.76,1
2026-04-19 17:45:04.679892,25.45,2.83,1
2026-04-19 17:45:09.679892,25.22,2.43,1
2026-04-19 17:45:14.679892,25.63,2.54,1
2026-04-19 17:45:19.679892,25.28,2.15,1
2026-04-19 17:45:24.679892,25.74,2.27,1
2026-04-19 17:45:29.679892,25.13,2.27,1
2026-04-19 17:45:34.679892,25.78,2.51,1
2026-04-19 17:45:39.679892,25.2,2.23,1
2026-04-19 17:45:44.679892,25.82,2.14,1
2026-04-19 17:45:49.679892,25.89,2.54,1
2026-04-19 17:45:54.679892,25.7,2.76,1
2026-04-19 17:45:59.679892,25.57,2.49,1
2026-04-19 17:46:04.679892,25.42,2.95,1
2026-04-19 17:46:09.679892,25.66,2.41,1
2026-04-19 17:46:14.679892,25.56,2.6,1
2026-04-19 17:46:19.679892,25.36,2.88,1
2026-04-19 17:46:24.679892,25.65,2.28,1
2026-04-19 17:46:29.679892,25.85,2.97,1
2026-04-19 17:46:34.679892,25.39,2.32,1
2026-04-19 17:46:39.679892,25.35,2.8,1
2026-04-19 17:46:44.679892,25.68,2.41,1
2026-04-19 17:46:49.679892,25.01,2.38,1
2026-04-19 17:46:54.679892,25.32,2.6,1
2026-04-19 17:46:59.679892,25.35,2.67,1
2026-04-19 17:47:04.679892,25.88,2.57,1
2026-04-19 17:47:09.679892,25.01,2.95,1
2026-04-19 17:47:14.679892,25.14,2.19,1
2026-04-19 17:47:19.679892,25.46,2.54,1
2026-04-19 17:47:24.679892,25.21,2.9,1
2026-04-19 17:47:29.679892,25.13,2.75,1
2026-04-19 17:47:34.679892,25.4,2.65,1
2026-04-19 17:47:39.679892,25.98,3.0,1
2026-04-19 17:47:44.679892,25.6,2.1,1
2026-04-19 17:47:49.679892,25.16,2.75,1
2026-04-19 17:47:54.679892,25.87,2.74,1
2026-04-19 17:47:59.679892,25.29,2.34,1
2026-04-19 17:48:04.679892,25.46,2.01,1
2026-04-19 17:48:09.679892,25.32,2.09,1
2026-04-19 17:48:14.679892,25.06,2.93,1
2026-04-19 17:48:19.679892,25.46,2.31,1
2026-04-19 17:48:24.679892,25.55,2.82,1
2026-04-19 17:48:29.679892,25.95,2.86,1
2026-04-19 17:48:34.679892,25.41,2.38,1
2026-04-19 17:48:39.679892,25.72,2.2,1
2026-04-19 17:48:44.679892,25.36,2.91,1
2026-04-19 17:48:49.679892,25.21,2.43,1
2026-04-19 17:48:54.679892,25.88,2.92,1
2026-04-19 17:48:59.679892,25.73,2.31,1
2026-04-19 17:49:04.679892,0.0,0.0,0
2026-04-19 17:49:09.679892,25.3,2.28,1
2026-04-19 17:49:14.679892,25.41,2.7,1
2026-04-19 17:49:19.679892,25.94,2.38,1
2026-04-19 17:49:24.679892,25.03,2.85,1
2026-04-19 17:49:29.679892,25.43,2.73,1
2026-04-19 17:49:34.679892,25.86,2.46,1
2026-04-19 17:49:39.679892,25.47,2.02,1
2026-04-19 17:49:44.679892,25.79,2.75,1
2026-04-19 17:49:49.679892,25.74,2.65,1
2026-04-19 17:49:54.679892,25.49,2.56,1
2026-04-19 17:49:59.679892,25.13,2.31,1
2026-04-19 17:50:04.679892,25.38,2.59,1
2026-04-19 17:50:09.679892,25.99,2.4,1
2026-04-19 17:50:14.679892,25.59,2.73,1
2026-04-19 17:50:19.679892,25.21,2.79,1
2026-04-19 17:50:24.679892,25.93,2.46,1
2026-04-19 17:50:29.679892,25.18,2.56,1
2026-04-19 17:50:34.679892,25.48,2.43,1
2026-04-19 17:50:39.679892,25.68,2.35,1
2026-04-19 17:50:44.679892,25.17,2.36,1
2026-04-19 17:50:49.679892,25.01,2.94,1
2026-04-19 17:50:54.679892,25.72,2.72,1
2026-04-19 17:50:59.679892,25.86,2.95,1
2026-04-19 17:51:04.679892,25.79,2.61,1
2026-04-19 17:51:09.679892,25.68,2.35,1
2026-04-19 17:51:14.679892,25.13,2.89,1
2026-04-19 17:51:19.679892,25.97,2.2,1
2026-04-19 17:51:24.679892,25.8,2.95,1
2026-04-19 17:51:29.679892,25.53,2.38,1
2026-04-19 17:51:34.679892,25.71,2.33,1
2026-04-19 17:51:39.679892,25.92,2.13,1
2026-04-19 17:51:44.679892,25.43,2.78,1
2026-04-19 17:51:49.679892,25.13,2.74,1
2026-04-19 17:51:54.679892,25.79,2.56,1
2026-04-19 17:51:59.679892,25.64,2.25,1
2026-04-19 17:52:04.679892,25.7,2.21,1
2026-04-19 17:52:09.679892,25.2,2.17,1
2026-04-19 17:52:14.679892,25.65,3.0,1
2026-04-19 17:52:19.679892,25.67,2.94,1
2026-04-19 17:52:24.679892,25.24,2.65,1
2026-04-19 17:52:29.679892,25.81,2.88,1
2026-04-19 17:52:34.679892,25.09,2.87,1
2026-04-19 17:52:39.679892,25.09,2.01,1
2026-04-19 17:52:44.679892,25.6,2.77,1
2026-04-19 17:52:49.679892,25.3,2.45,1
2026-04-19 17:52:54.679892,25.12,2.51,1
2026-04-19 17:52:59.679892,25.57,2.18,1
2026-04-19 17:53:04.679892,25.54,2.15,1
2026-04-19 17:53:09.679892,25.04,2.34,1
2026-04-19 17:53:14.679892,25.85,2.52,1
2026-04-19 17:53:19.679892,25.47,2.95,1
2026-04-19 17:53:24.679892,25.13,2.63,1
2026-04-19 17:53:29.679892,25.05,2.09,1
2026-04-19 17:53:34.679892,25.48,2.08,1
2026-04-19 17:53:39.679892,25.63,2.16,1
2026-04-19 17:53:44.679892,25.35,2.72,1
2026-04-19 17:53:49.679892,25.34,2.0,1
2026-04-19 17:53:54.679892,25.71,2.24,1
2026-04-19 17:53:59.679892,25.95,2.98,1
2026-04-19 17:54:04.679892,25.26,2.17,1
2026-04-19 17:54:09.679892,27.0,4.0,2
2026-04-19 17:54:14.679892,27.0,4.0,2
2026-04-19 17:54:19.679892,27.0,4.0,2
2026-04-19 17:54:24.679892,27.0,4.0,2
2026-04-19 17:54:29.679892,27.0,4.0,2
2026-04-19 17:54:34.679892,27.0,4.0,2
2026-04-19 17:54:39.679892,27.0,4.0,2
2026-04-19 17:54:44.679892,0.0,0.0,0
2026-04-19 17:54:49.679892,27.0,4.0,2
2026-04-19 17:54:54.679892,27.0,4.0,2
2026-04-19 17:54:59.679892,27.0,4.0,2
2026-04-19 17:55:04.679892,27.0,4.0,2
2026-04-19 17:55:09.679892,27.0,4.0,2
2026-04-19 17:55:14.679892,27.0,4.0,2
2026-04-19 17:55:19.679892,27.0,4.0,2
2026-04-19 17:55:24.679892,27.0,4.0,2
2026-04-19 17:55:29.679892,27.0,4.0,2
2026-04-19 17:55:34.679892,27.0,4.0,2
2026-04-19 17:55:39.679892,27.0,4.0,2
2026-04-19 17:55:44.679892,27.0,4.0,2
2026-04-19 17:55:49.679892,25.46,2.96,1
2026-04-19 17:55:54.679892,25.01,2.21,1
2026-04-19 17:55:59.679892,25.48,2.68,1
2026-04-19 17:56:04.679892,25.96,2.07,1
2026-04-19 17:56:09.679892,25.92,2.96,1
2026-04-19 17:56:14.679892,25.18,2.75,1
2026-04-19 17:56:19.679892,25.73,2.8,1
2026-04-19 17:56:24.679892,25.78,2.1,1
2026-04-19 17:56:29.679892,25.46,2.28,1
2026-04-19 17:56:34.679892,25.92,2.83,1
2026-04-19 17:56:39.679892,25.24,2.39,1
2026-04-19 17:56:44.679892,25.92,2.28,1
2026-04-19 17:56:49.679892,25.23,2.16,1
2026-04-19 17:56:54.679892,25.0,2.85,1
2026-04-19 17:56:59.679892,25.41,2.52,1
2026-04-19 17:57:04.679892,25.88,2.8,1
2026-04-19 17:57:09.679892,25.62,2.25,1
2026-04-19 17:57:14.679892,25.25,2.84,1
2026-04-19 17:57:19.679892,25.77,2.76,1
2026-04-19 17:57:24.679892,25.4,2.6,1
2026-04-19 17:57:29.679892,25.43,2.03,1
2026-04-19 17:57:34.679892,25.5,2.71,1
2026-04-19 17:57:39.679892,25.56,2.64,1
2026-04-19 17:57:44.679892,25.73,2.14,1
2026-04-19 17:57:49.679892,25.0,2.12,1
2026-04-19 17:57:54.679892,27.0,4.0,2
2026-04-19 17:57:59.679892,27.0,4.0,2
2026-04-19 17:58:04.679892,27.0,4.0,2
2026-04-19 17:58:09.679892,27.0,4.0,2
2026-04-19 17:58:14.679892,27.0,4.0,2
2026-04-19 17:58:19.679892,27.0,4.0,2
2026-04-19 17:58:24.679892,27.0,4.0,2
2026-04-19 17:58:29.679892,25.26,2.68,1
2026-04-19 17:58:34.679892,25.9,2.31,1
2026-04-19 17:58:39.679892,25.71,2.52,1
2026-04-19 17:58:44.679892,25.41,2.17,1
2026-04-19 17:58:49.679892,25.75,2.04,1
2026-04-19 17:58:54.679892,25.17,2.46,1
2026-04-19 17:58:59.679892,25.05,2.73,1
2026-04-19 17:59:04.679892,25.39,2.74,1
2026-04-19 17:59:09.679892,25.48,2.1,1
2026-04-19 17:59:14.679892,25.12,2.61,1
2026-04-19 17:59:19.679892,25.69,2.67,1
2026-04-19 17:59:24.679892,25.8,2.85,1
2026-04-19 17:59:29.679892,25.2,2.39,1
2026-04-19 17:59:34.679892,25.04,2.01,1
2026-04-19 17:59:39.679892,25.44,2.49,1
2026-04-19 17:59:44.679892,25.79,2.61,1
2026-04-19 17:59:49.679892,25.97,2.06,1
2026-04-19 17:59:54.679892,25.47,2.05,1
2026-04-19 17:59:59.679892,25.56,2.58,1
2026-04-19 18:00:04.679892,25.79,2.13,1
2026-04-19 18:00:09.679892,25.54,2.27,1
2026-04-19 18:00:14.679892,25.8,2.22,1
2026-04-19 18:00:19.679892,25.68,2.34,1
2026-04-19 18:00:24.679892,25.65,2.74,1
2026-04-19 18:00:29.679892,25.99,2.43,1
2026-04-19 18:00:34.679892,25.33,2.18,1
2026-04-19 18:00:39.679892,25.41,2.47,1
2026-04-19 18:00:44.679892,25.72,2.7,1
2026-04-19 18:00:49.679892,25.6,2.19,1
2026-04-19 18:00:54.679892,25.12,2.43,1
2026-04-19 18:00:59.679892,25.68,2.34,1
2026-04-19 18:01:04.679892,25.52,2.72,1
2026-04-19 18:01:09.679892,25.86,2.04,1
2026-04-19 18:01:14.679892,25.61,2.26,1
2026-04-19 18:01:19.679892,25.43,2.31,1
2026-04-19 18:01:24.679892,25.77,2.92,1
2026-04-19 18:01:29.679892,25.18,2.4,1
2026-04-19 18:01:34.679892,25.19,2.32,1
2026-04-19 18:01:39.679892,25.33,2.76,1
2026-04-19 18:01:44.679892,25.89,2.54,1
2026-04-19 18:01:49.679892,25.59,2.9,1
2026-04-19 18:01:54.679892,25.3,2.06,1
2026-04-19 18:01:59.679892,27.0,4.0,2
2026-04-19 18:02:04.679892,27.0,4.0,2
2026-04-19 18:02:09.679892,27.0,4.0,2
2026-04-19 18:02:14.679892,27.0,4.0,2
2026-04-19 18:02:19.679892,27.0,4.0,2
2026-04-19 18:02:24.679892,27.0,4.0,2
2026-04-19 18:02:29.679892,27.0,4.0,2
2026-04-19 18:02:34.679892,27.0,4.0,2
2026-04-19 18:02:39.679892,25.54,2.84,1
2026-04-19 18:02:44.679892,25.6,2.93,1
2026-04-19 18:02:49.679892,25.48,2.45,1
2026-04-19 18:02:54.679892,25.1,2.26,1
2026-04-19 18:02:59.679892,25.56,2.63,1
2026-04-19 18:03:04.679892,25.31,2.14,1
2026-04-19 18:03:09.679892,25.78,2.91,1
2026-04-19 18:03:14.679892,25.61,2.3,1
2026-04-19 18:03:19.679892,25.71,2.4,1
2026-04-19 18:03:24.679892,25.48,2.8,1
2026-04-19 18:03:29.679892,25.22,2.59,1
2026-04-19 18:03:34.679892,25.65,2.75,1
2026-04-19 18:03:39.679892,25.57,2.65,1
2026-04-19 18:03:44.679892,25.39,2.55,1
2026-04-19 18:03:49.679892,25.44,2.63,1
2026-04-19 18:03:54.679892,25.89,2.22,1
2026-04-19 18:03:59.679892,25.73,2.31,1
2026-04-19 18:04:04.679892,25.95,2.13,1
2026-04-19 18:04:09.679892,25.96,2.67,1
2026-04-19 18:04:14.679892,27.0,4.0,2
2026-04-19 18:04:19.679892,27.0,4.0,2
2026-04-19 18:04:24.679892,27.0,4.0,2
2026-04-19 18:04:29.679892,27.0,4.0,2
2026-04-19 18:04:34.679892,27.0,4.0,2
2026-04-19 18:04:39.679892,0.0,0.0,0
2026-04-19 18:04:44.679892,25.85,2.64,1
2026-04-19 18:04:49.679892,25.79,2.67,1
2026-04-19 18:04:54.679892,25.77,2.63,1
2026-04-19 18:04:59.679892,25.32,2.31,1
2026-04-19 18:05:04.679892,25.97,2.03,1
2026-04-19 18:05:09.679892,25.42,2.66,1
2026-04-19 18:05:14.679892,25.89,2.35,1
2026-04-19 18:05:19.679892,25.79,2.32,1
2026-04-19 18:05:24.679892,25.35,2.45,1
2026-04-19 18:05:29.679892,25.16,2.7,1
2026-04-19 18:05:34.679892,25.4,2.43,1
2026-04-19 18:05:39.679892,25.41,2.71,1
2026-04-19 18:05:44.679892,25.98,2.17,1
2026-04-19 18:05:49.679892,25.9,2.64,1
2026-04-19 18:05:54.679892,25.78,2.09,1
2026-04-19 18:05:59.679892,25.99,2.84,1
2026-04-19 18:06:04.679892,25.06,2.77,1
2026-04-19 18:06:09.679892,25.52,2.73,1
2026-04-19 18:06:14.679892,25.35,2.25,1
2026-04-19 18:06:19.679892,25.32,2.12,1
2026-04-19 18:06:24.679892,25.81,2.25,1
2026-04-19 18:06:29.679892,25.38,2.01,1
2026-04-19 18:06:34.679892,25.09,2.63,1
2026-04-19 18:06:39.679892,25.55,2.7,1
2026-04-19 18:06:44.679892,27.0,4.0,2
2026-04-19 18:06:49.679892,27.0,4.0,2
2026-04-19 18:06:54.679892,27.0,4.0,2
2026-04-19 18:06:59.679892,27.0,4.0,2
2026-04-19 18:07:04.679892,27.0,4.0,2
2026-04-19 18:07:09.679892,25.62,2.46,1
2026-04-19 18:07:14.679892,25.33,2.8,1
2026-04-19 18:07:19.679892,25.22,2.89,1
2026-04-19 18:07:24.679892,25.93,2.67,1
2026-04-19 18:07:29.679892,0.0,0.0,0
2026-04-19 18:07:34.679892,0.0,0.0,0
2026-04-19 18:07:39.679892,27.0,4.0,2
2026-04-19 18:07:44.679892,27.0,4.0,2
2026-04-19 18:07:49.679892,27.0,4.0,2
2026-04-19 18:07:54.679892,27.0,4.0,2
2026-04-19 18:07:59.679892,27.0,4.0,2
2026-04-19 18:08:04.679892,27.0,4.0,2
2026-04-19 18:08:09.679892,27.0,4.0,2
2026-04-19 18:08:14.679892,27.0,4.0,2
2026-04-19 18:08:19.679892,27.0,4.0,2
2026-04-19 18:08:24.679892,25.64,2.59,1
2026-04-19 18:08:29.679892,25.33,2.73,1
2026-04-19 18:08:34.679892,25.3,2.01,1
2026-04-19 18:08:39.679892,25.98,2.12,1
2026-04-19 18:08:44.679892,25.84,2.66,1
2026-04-19 18:08:49.679892,25.84,2.55,1
2026-04-19 18:08:54.679892,25.54,2.01,1
2026-04-19 18:08:59.679892,25.75,2.9,1
2026-04-19 18:09:04.679892,26.0,2.86,1
2026-04-19 18:09:09.679892,25.33,2.74,1
2026-04-19 18:09:14.679892,25.42,2.88,1
2026-04-19 18:09:19.679892,25.61,2.77,1
2026-04-19 18:09:24.679892,25.36,2.58,1
2026-04-19 18:09:29.679892,25.99,2.32,1
2026-04-19 18:09:34.679892,25.78,2.19,1
2026-04-19 18:09:39.679892,25.6,2.21,1
2026-04-19 18:09:44.679892,25.46,2.32,1
2026-04-19 18:09:49.679892,25.24,2.55,1
2026-04-19 18:09:54.679892,25.5,2.78,1
2026-04-19 18:09:59.679892,25.28,2.85,1
2026-04-19 18:10:04.679892,25.95,2.49,1
2026-04-19 18:10:09.679892,25.81,2.48,1
2026-04-19 18:10:14.679892,25.52,2.04,1
2026-04-19 18:10:19.679892,25.05,2.51,1
2026-04-19 18:10:24.679892,0.0,0.0,0
2026-04-19 18:10:29.679892,25.07,2.88,1
2026-04-19 18:10:34.679892,25.31,2.96,1
2026-04-19 18:10:39.679892,25.82,2.85,1
2026-04-19 18:10:44.679892,25.14,2.92,1
2026-04-19 18:10:49.679892,25.0,2.31,1
2026-04-19 18:10:54.679892,25.65,2.05,1
2026-04-19 18:10:59.679892,25.74,2.61,1
2026-04-19 18:11:04.679892,25.98,2.77,1
2026-04-19 18:11:09.679892,25.11,2.84,1
2026-04-19 18:11:14.679892,25.74,2.95,1
2026-04-19 18:11:19.679892,25.83,2.46,1
2026-04-19 18:11:24.679892,25.14,2.27,1
2026-04-19 18:11:29.679892,25.51,2.3,1
2026-04-19 18:11:34.679892,25.37,2.32,1
2026-04-19 18:11:39.679892,25.18,2.02,1
2026-04-19 18:11:44.679892,25.39,2.0,1
2026-04-19 18:11:49.679892,25.11,2.6,1
2026-04-19 18:11:54.679892,25.8,2.63,1
2026-04-19 18:11:59.679892,25.5,2.5,1
2026-04-19 18:12:04.679892,25.34,2.8,1
2026-04-19 18:12:09.679892,25.15,2.42,1
2026-04-19 18:12:14.679892,25.22,2.24,1
2026-04-19 18:12:19.679892,25.2,2.74,1
2026-04-19 18:12:24.679892,25.24,2.6,1
2026-04-19 18:12:29.679892,25.56,2.51,1
2026-04-19 18:12:34.679892,25.22,2.21,1
2026-04-19 18:12:39.679892,25.29,2.08,1
2026-04-19 18:12:44.679892,25.56,2.04,1
2026-04-19 18:12:49.679892,25.09,2.67,1
2026-04-19 18:12:54.679892,25.34,2.67,1
2026-04-19 18:12:59.679892,25.16,2.61,1
2026-04-19 18:13:04.679892,25.65,2.88,1
2026-04-19 18:13:09.679892,25.03,2.64,1
2026-04-19 18:13:14.679892,25.96,2.31,1
2026-04-19 18:13:19.679892,25.19,2.13,1
2026-04-19 18:13:24.679892,25.1,2.91,1
2026-04-19 18:13:29.679892,25.51,2.58,1
2026-04-19 18:13:34.679892,25.13,2.11,1
2026-04-19 18:13:39.679892,25.18,2.48,1
2026-04-19 18:13:44.679892,0.0,0.0,0
2026-04-19 18:13:49.679892,0.0,0.0,0
2026-04-19 18:13:54.679892,25.17,2.01,1
2026-04-19 18:13:59.679892,25.57,2.58,1
2026-04-19 18:14:04.679892,25.82,2.97,1
2026-04-19 18:14:09.679892,25.23,2.71,1
2026-04-19 18:14:14.679892,25.5,2.52,1
2026-04-19 18:14:19.679892,25.28,2.96,1
2026-04-19 18:14:24.679892,25.25,2.47,1
2026-04-19 18:14:29.679892,25.04,2.02,1
2026-04-19 18:14:34.679892,25.28,2.59,1
2026-04-19 18:14:39.679892,25.32,2.38,1
2026-04-19 18:14:44.679892,25.64,2.52,1
2026-04-19 18:14:49.679892,25.37,2.26,1
2026-04-19 18:14:54.679892,25.51,2.64,1
2026-04-19 18:14:59.679892,25.24,2.74,1
2026-04-19 18:15:04.679892,25.71,2.02,1
2026-04-19 18:15:09.679892,25.7,2.97,1
2026-04-19 18:15:14.679892,25.77,2.37,1
2026-04-19 18:15:19.679892,25.65,2.73,1
2026-04-19 18:15:24.679892,25.36,2.99,1
2026-04-19 18:15:29.679892,25.02,2.66,1
2026-04-19 18:15:34.679892,25.65,2.05,1
2026-04-19 18:15:39.679892,25.83,2.03,1
2026-04-19 18:15:44.679892,25.0,2.95,1
2026-04-19 18:15:49.679892,25.33,2.91,1
2026-04-19 18:15:54.679892,25.18,2.0,1
2026-04-19 18:15:59.679892,25.03,2.94,1
2026-04-19 18:16:04.679892,0.0,0.0,0
2026-04-19 18:16:09.679892,25.57,2.98,1
2026-04-19 18:16:14.679892,25.09,2.11,1
2026-04-19 18:16:19.679892,25.79,2.75,1
2026-04-19 18:16:24.679892,25.3,2.13,1
2026-04-19 18:16:29.679892,25.55,2.82,1
2026-04-19 18:16:34.679892,25.47,2.83,1
2026-04-19 18:16:39.679892,25.72,2.39,1
2026-04-19 18:16:44.679892,25.61,2.79,1
2026-04-19 18:16:49.679892,25.68,2.89,1
2026-04-19 18:16:54.679892,25.56,2.27,1
2026-04-19 18:16:59.679892,25.72,2.13,1
2026-04-19 18:17:04.679892,25.59,2.48,1
2026-04-19 18:17:09.679892,25.11,2.83,1
2026-04-19 18:17:14.679892,25.41,2.84,1
2026-04-19 18:17:19.679892,25.99,2.85,1
2026-04-19 18:17:24.679892,25.68,2.58,1
2026-04-19 18:17:29.679892,25.09,2.09,1
2026-04-19 18:17:34.679892,25.03,2.07,1
2026-04-19 18:17:39.679892,25.11,2.4,1
2026-04-19 18:17:44.679892,25.15,2.81,1
2026-04-19 18:17:49.679892,25.56,2.05,1
2026-04-19 18:17:54.679892,25.38,2.94,1
2026-04-19 18:17:59.679892,25.37,2.19,1
2026-04-19 18:18:04.679892,25.37,2.33,1
2026-04-19 18:18:09.679892,25.29,2.17,1
2026-04-19 18:18:14.679892,25.13,2.7,1
2026-04-19 18:18:19.679892,25.32,2.76,1
2026-04-19 18:18:24.679892,25.1,2.77,1
2026-04-19 18:18:29.679892,25.92,2.97,1
2026-04-19 18:18:34.679892,25.35,2.18,1
2026-04-19 18:18:39.679892,25.33,2.01,1
2026-04-19 18:18:44.679892,27.0,4.0,2
2026-04-19 18:18:49.679892,27.0,4.0,2
2026-04-19 18:18:54.679892,27.0,4.0,2
2026-04-19 18:18:59.679892,27.0,4.0,2
2026-04-19 18:19:04.679892,27.0,4.0,2
2026-04-19 18:19:09.679892,27.0,4.0,2
2026-04-19 18:19:14.679892,27.0,4.0,2
2026-04-19 18:19:19.679892,0.0,0.0,0
2026-04-19 18:19:24.679892,0.0,0.0,0
2026-04-19 18:19:29.679892,25.19,2.86,1
2026-04-19 18:19:34.679892,25.82,2.57,1
2026-04-19 18:19:39.679892,25.46,2.03,1
2026-04-19 18:19:44.679892,25.44,2.04,1
2026-04-19 18:19:49.679892,25.12,2.03,1
2026-04-19 18:19:54.679892,25.59,2.89,1
2026-04-19 18:19:59.679892,25.81,2.1,1
2026-04-19 18:20:04.679892,25.46,2.62,1
2026-04-19 18:20:09.679892,25.16,2.93,1
2026-04-19 18:20:14.679892,25.25,2.56,1
2026-04-19 18:20:19.679892,25.67,2.97,1
2026-04-19 18:20:24.679892,25.51,2.69,1
2026-04-19 18:20:29.679892,25.83,2.18,1
2026-04-19 18:20:34.679892,25.04,2.57,1
2026-04-19 18:20:39.679892,25.25,2.53,1
2026-04-19 18:20:44.679892,25.44,2.25,1
2026-04-19 18:20:49.679892,25.79,2.35,1
2026-04-19 18:20:54.679892,25.01,2.13,1
2026-04-19 18:20:59.679892,25.79,2.45,1
2026-04-19 18:21:04.679892,25.75,3.0,1
2026-04-19 18:21:09.679892,0.0,0.0,0
2026-04-19 18:21:14.679892,25.73,2.49,1
2026-04-19 18:21:19.679892,25.99,2.56,1
2026-04-19 18:21:24.679892,25.59,2.69,1
2026-04-19 18:21:29.679892,25.35,2.24,1
2026-04-19 18:21:34.679892,25.65,2.4,1
2026-04-19 18:21:39.679892,25.82,2.25,1
2026-04-19 18:21:44.679892,25.72,2.11,1
2026-04-19 18:21:49.679892,0.0,0.0,0
2026-04-19 18:21:54.679892,0.0,0.0,0
2026-04-19 18:21:59.679892,0.0,0.0,0
2026-04-19 18:22:04.679892,27.0,4.0,2
2026-04-19 18:22:09.679892,27.0,4.0,2
2026-04-19 18:22:14.679892,27.0,4.0,2
2026-04-19 18:22:19.679892,27.0,4.0,2
2026-04-19 18:22:24.679892,27.0,4.0,2
2026-04-19 18:22:29.679892,27.0,4.0,2
2026-04-19 18:22:34.679892,27.0,4.0,2
2026-04-19 18:22:39.679892,27.0,4.0,2
2026-04-19 18:22:44.679892,27.0,4.0,2
2026-04-19 18:22:49.679892,27.0,4.0,2
2026-04-19 18:22:54.679892,25.05,2.16,1
2026-04-19 18:22:59.679892,25.07,2.43,1
2026-04-19 18:23:04.679892,25.92,2.5,1
2026-04-19 18:23:09.679892,25.38,2.59,1
2026-04-19 18:23:14.679892,25.34,2.47,1
2026-04-19 18:23:19.679892,25.13,2.57,1
2026-04-19 18:23:24.679892,25.32,2.96,1
2026-04-19 18:23:29.679892,25.74,2.32,1
2026-04-19 18:23:34.679892,25.45,2.62,1
2026-04-19 18:23:39.679892,25.09,2.49,1
2026-04-19 18:23:44.679892,25.82,2.19,1
2026-04-19 18:23:49.679892,25.06,2.61,1
2026-04-19 18:23:54.679892,25.5,2.39,1
2026-04-19 18:23:59.679892,25.09,2.55,1
2026-04-19 18:24:04.679892,25.4,2.86,1
2026-04-19 18:24:09.679892,25.44,2.05,1
2026-04-19 18:24:14.679892,25.74,2.84,1
2026-04-19 18:24:19.679892,25.57,2.59,1
2026-04-19 18:24:24.679892,25.22,2.13,1
2026-04-19 18:24:29.679892,25.43,2.59,1
2026-04-19 18:24:34.679892,25.2,2.88,1
2026-04-19 18:24:39.679892,25.78,2.51,1
2026-04-19 18:24:44.679892,25.19,2.04,1
2026-04-19 18:24:49.679892,25.12,2.72,1
2026-04-19 18:24:54.679892,25.86,2.66,1
2026-04-19 18:24:59.679892,25.59,2.47,1
2026-04-19 18:25:04.679892,25.93,2.71,1
2026-04-19 18:25:09.679892,25.09,2.67,1
2026-04-19 18:25:14.679892,25.76,2.31,1
2026-04-19 18:25:19.679892,25.58,2.79,1
2026-04-19 18:25:24.679892,27.0,4.0,2
2026-04-19 18:25:29.679892,27.0,4.0,2
2026-04-19 18:25:34.679892,27.0,4.0,2
2026-04-19 18:25:39.679892,27.0,4.0,2
2026-04-19 18:25:44.679892,27.0,4.0,2
2026-04-19 18:25:49.679892,25.45,2.51,1
2026-04-19 18:25:54.679892,25.26,2.61,1
2026-04-19 18:25:59.679892,25.87,2.34,1
2026-04-19 18:26:04.679892,25.71,2.79,1
2026-04-19 18:26:09.679892,25.08,2.81,1
2026-04-19 18:26:14.679892,25.64,2.81,1
2026-04-19 18:26:19.679892,25.41,2.5,1
2026-04-19 18:26:24.679892,0.0,0.0,0
2026-04-19 18:26:29.679892,27.0,4.0,2
2026-04-19 18:26:34.679892,27.0,4.0,2
2026-04-19 18:26:39.679892,27.0,4.0,2
2026-04-19 18:26:44.679892,27.0,4.0,2
2026-04-19 18:26:49.679892,27.0,4.0,2
2026-04-19 18:26:54.679892,27.0,4.0,2
2026-04-19 18:26:59.679892,25.74,2.87,1
2026-04-19 18:27:04.679892,25.17,2.76,1
2026-04-19 18:27:09.679892,25.74,2.23,1
2026-04-19 18:27:14.679892,25.29,2.43,1
2026-04-19 18:27:19.679892,25.23,2.73,1
2026-04-19 18:27:24.679892,25.2,2.11,1
2026-04-19 18:27:29.679892,25.15,2.31,1
2026-04-19 18:27:34.679892,25.12,2.48,1
2026-04-19 18:27:39.679892,0.0,0.0,0
2026-04-19 18:27:44.679892,27.0,4.0,2
2026-04-19 18:27:49.679892,27.0,4.0,2
2026-04-19 18:27:54.679892,27.0,4.0,2
2026-04-19 18:27:59.679892,27.0,4.0,2
2026-04-19 18:28:04.679892,27.0,4.0,2
2026-04-19 18:28:09.679892,27.0,4.0,2
2026-04-19 18:28:14.679892,27.0,4.0,2
2026-04-19 18:28:19.679892,27.0,4.0,2
2026-04-19 18:28:24.679892,27.0,4.0,2
2026-04-19 18:28:29.679892,27.0,4.0,2
2026-04-19 18:28:34.679892,27.0,4.0,2
2026-04-19 18:28:39.679892,27.0,4.0,2
2026-04-19 18:28:44.679892,27.0,4.0,2
2026-04-19 18:28:49.679892,27.0,4.0,2
2026-04-19 18:28:54.679892,27.0,4.0,2
2026-04-19 18:28:59.679892,27.0,4.0,2
2026-04-19 18:29:04.679892,27.0,4.0,2
2026-04-19 18:29:09.679892,27.0,4.0,2
2026-04-19 18:29:14.679892,27.0,4.0,2
2026-04-19 18:29:19.679892,27.0,4.0,2
2026-04-19 18:29:24.679892,27.0,4.0,2
2026-04-19 18:29:29.679892,27.0,4.0,2
2026-04-19 18:29:34.679892,25.36,2.59,1
2026-04-19 18:29:39.679892,25.37,2.48,1
2026-04-19 18:29:44.679892,25.87,2.72,1
2026-04-19 18:29:49.679892,25.03,2.6,1
2026-04-19 18:29:54.679892,25.44,2.79,1
2026-04-19 18:29:59.679892,25.35,2.38,1
2026-04-19 18:30:04.679892,25.85,2.71,1
2026-04-19 18:30:09.679892,25.72,2.23,1
2026-04-19 18:30:14.679892,25.4,2.08,1
2026-04-19 18:30:19.679892,25.72,2.65,1
2026-04-19 18:30:24.679892,25.79,2.39,1
2026-04-19 18:30:29.679892,27.0,4.0,2
2026-04-19 18:30:34.679892,27.0,4.0,2
2026-04-19 18:30:39.679892,27.0,4.0,2
2026-04-19 18:30:44.679892,27.0,4.0,2
2026-04-19 18:30:49.679892,0.0,0.0,0
2026-04-19 18:30:54.679892,27.0,4.0,2
2026-04-19 18:30:59.679892,27.0,4.0,2
2026-04-19 18:31:04.679892,27.0,4.0,2
2026-04-19 18:31:09.679892,25.42,2.79,1
2026-04-19 18:31:14.679892,25.3,2.38,1
2026-04-19 18:31:19.679892,25.02,2.88,1
2026-04-19 18:31:24.679892,25.95,2.04,1
2026-04-19 18:31:29.679892,25.35,2.07,1
2026-04-19 18:31:34.679892,25.48,2.04,1
2026-04-19 18:31:39.679892,25.15,2.72,1
2026-04-19 18:31:44.679892,25.37,2.25,1
2026-04-19 18:31:49.679892,25.69,2.69,1
2026-04-19 18:31:54.679892,25.83,2.6,1
2026-04-19 18:31:59.679892,25.73,2.6,1
2026-04-19 18:32:04.679892,25.35,2.9,1
2026-04-19 18:32:09.679892,25.99,2.37,1
2026-04-19 18:32:14.679892,25.93,2.86,1
2026-04-19 18:32:19.679892,25.09,2.78,1
2026-04-19 18:32:24.679892,25.27,2.85,1
2026-04-19 18:32:29.679892,25.81,2.82,1
2026-04-19 18:32:34.679892,25.2,2.63,1
2026-04-19 18:32:39.679892,25.24,2.96,1
2026-04-19 18:32:44.679892,25.51,2.36,1
2026-04-19 18:32:49.679892,25.33,2.49,1
2026-04-19 18:32:54.679892,25.96,2.99,1
2026-04-19 18:32:59.679892,25.87,2.32,1
2026-04-19 18:33:04.679892,25.16,2.62,1
2026-04-19 18:33:09.679892,25.52,2.37,1
2026-04-19 18:33:14.679892,25.59,2.6,1
2026-04-19 18:33:19.679892,25.75,2.29,1
2026-04-19 18:33:24.679892,25.54,2.41,1
2026-04-19 18:33:29.679892,25.71,2.01,1
2026-04-19 18:33:34.679892,25.01,2.71,1
2026-04-19 18:33:39.679892,25.02,2.36,1
2026-04-19 18:33:44.679892,25.61,2.18,1
2026-04-19 18:33:49.679892,25.49,2.27,1
2026-04-19 18:33:54.679892,25.93,2.53,1
2026-04-19 18:33:59.679892,25.22,2.22,1
2026-04-19 18:34:04.679892,25.14,2.14,1
2026-04-19 18:34:09.679892,25.85,2.38,1
2026-04-19 18:34:14.679892,25.5,2.56,1
2026-04-19 18:34:19.679892,25.43,2.97,1
2026-04-19 18:34:24.679892,25.0,2.77,1
2026-04-19 18:34:29.679892,25.12,2.71,1
2026-04-19 18:34:34.679892,25.47,2.84,1
2026-04-19 18:34:39.679892,25.72,2.63,1
2026-04-19 18:34:44.679892,25.33,2.06,1
2026-04-19 18:34:49.679892,25.09,2.32,1
2026-04-19 18:34:54.679892,25.52,2.91,1
2026-04-19 18:34:59.679892,25.55,2.14,1
2026-04-19 18:35:04.679892,25.49,3.0,1
2026-04-19 18:35:09.679892,25.5,2.3,1
2026-04-19 18:35:14.679892,25.85,2.45,1
2026-04-19 18:35:19.679892,25.04,2.84,1
2026-04-19 18:35:24.679892,25.05,2.04,1
2026-04-19 18:35:29.679892,25.88,2.86,1
2026-04-19 18:35:34.679892,27.0,4.0,2
2026-04-19 18:35:39.679892,27.0,4.0,2
2026-04-19 18:35:44.679892,27.0,4.0,2
2026-04-19 18:35:49.679892,27.0,4.0,2
2026-04-19 18:35:54.679892,27.0,4.0,2
2026-04-19 18:35:59.679892,27.0,4.0,2
2026-04-19 18:36:04.679892,27.0,4.0,2
2026-04-19 18:36:09.679892,27.0,4.0,2
2026-04-19 18:36:14.679892,27.0,4.0,2
2026-04-19 18:36:19.679892,27.0,4.0,2
2026-04-19 18:36:24.679892,27.0,4.0,2
2026-04-19 18:36:29.679892,0.0,0.0,0
2026-04-19 18:36:34.679892,27.0,4.0,2
2026-04-19 18:36:39.679892,27.0,4.0,2
2026-04-19 18:36:44.679892,27.0,4.0,2
2026-04-19 18:36:49.679892,27.0,4.0,2
2026-04-19 18:36:54.679892,27.0,4.0,2
2026-04-19 18:36:59.679892,27.0,4.0,2
2026-04-19 18:37:04.679892,27.0,4.0,2
2026-04-19 18:37:09.679892,27.0,4.0,2
2026-04-19 18:37:14.679892,0.0,0.0,0
2026-04-19 18:37:19.679892,25.51,2.43,1
2026-04-19 18:37:24.679892,25.3,2.62,1
2026-04-19 18:37:29.679892,25.53,2.06,1
2026-04-19 18:37:34.679892,25.29,2.33,1
2026-04-19 18:37:39.679892,25.98,2.86,1
2026-04-19 18:37:44.679892,25.24,2.83,1
2026-04-19 18:37:49.679892,0.0,0.0,0
2026-04-19 18:37:54.679892,0.0,0.0,0
2026-04-19 18:37:59.679892,0.0,0.0,0
2026-04-19 18:38:04.679892,25.5,2.35,1
2026-04-19 18:38:09.679892,25.43,2.36,1
2026-04-19 18:38:14.679892,25.14,2.65,1
2026-04-19 18:38:19.679892,25.41,2.71,1
2026-04-19 18:38:24.679892,25.27,2.06,1
2026-04-19 18:38:29.679892,25.23,2.47,1
2026-04-19 18:38:34.679892,25.18,2.67,1
2026-04-19 18:38:39.679892,25.02,2.72,1
2026-04-19 18:38:44.679892,25.16,2.5,1
2026-04-19 18:38:49.679892,25.23,2.71,1
2026-04-19 18:38:54.679892,25.88,2.2,1
2026-04-19 18:38:59.679892,25.13,2.17,1
2026-04-19 18:39:04.679892,25.44,2.09,1
2026-04-19 18:39:09.679892,25.79,2.84,1
2026-04-19 18:39:14.679892,25.01,2.21,1
2026-04-19 18:39:19.679892,25.41,2.54,1
2026-04-19 18:39:24.679892,25.29,2.73,1
2026-04-19 18:39:29.679892,25.78,2.05,1
2026-04-19 18:39:34.679892,25.05,2.92,1
2026-04-19 18:39:39.679892,25.94,2.38,1
2026-04-19 18:39:44.679892,25.1,2.94,1
2026-04-19 18:39:49.679892,0.0,0.0,0
2026-04-19 18:39:54.679892,25.4,2.78,1
2026-04-19 18:39:59.679892,25.25,2.04,1
2026-04-19 18:40:04.679892,25.05,2.48,1
2026-04-19 18:40:09.679892,25.18,2.3,1
2026-04-19 18:40:14.679892,25.06,2.84,1
2026-04-19 18:40:19.679892,25.17,2.49,1
2026-04-19 18:40:24.679892,25.09,2.7,1
2026-04-19 18:40:29.679892,25.01,2.04,1
2026-04-19 18:40:34.679892,25.33,2.71,1
2026-04-19 18:40:39.679892,25.87,2.05,1
2026-04-19 18:40:44.679892,25.56,2.66,1
2026-04-19 18:40:49.679892,25.92,2.15,1
2026-04-19 18:40:54.679892,25.99,2.69,1
2026-04-19 18:40:59.679892,25.69,2.08,1
2026-04-19 18:41:04.679892,25.56,2.08,1
2026-04-19 18:41:09.679892,25.17,2.6,1
2026-04-19 18:41:14.679892,25.81,2.04,1
2026-04-19 18:41:19.679892,25.36,2.15,1
2026-04-19 18:41:24.679892,25.22,2.26,1
2026-04-19 18:41:29.679892,25.14,2.52,1
2026-04-19 18:41:34.679892,25.12,2.23,1
2026-04-19 18:41:39.679892,25.73,2.12,1
2026-04-19 18:41:44.679892,25.04,2.77,1
2026-04-19 18:41:49.679892,25.69,2.58,1
2026-04-19 18:41:54.679892,25.25,2.6,1
2026-04-19 18:41:59.679892,25.88,2.22,1
2026-04-19 18:42:04.679892,25.96,2.83,1
2026-04-19 18:42:09.679892,25.21,2.92,1
2026-04-19 18:42:14.679892,25.13,2.91,1
2026-04-19 18:42:19.679892,25.13,2.8,1
2026-04-19 18:42:24.679892,25.1,2.21,1
2026-04-19 18:42:29.679892,25.48,2.05,1
2026-04-19 18:42:34.679892,25.43,2.27,1
2026-04-19 18:42:39.679892,27.0,4.0,2
2026-04-19 18:42:44.679892,27.0,4.0,2
2026-04-19 18:42:49.679892,27.0,4.0,2
2026-04-19 18:42:54.679892,27.0,4.0,2
2026-04-19 18:42:59.679892,27.0,4.0,2
2026-04-19 18:43:04.679892,27.0,4.0,2
2026-04-19 18:43:09.679892,27.0,4.0,2
2026-04-19 18:43:14.679892,27.0,4.0,2
2026-04-19 18:43:19.679892,27.0,4.0,2
2026-04-19 18:43:24.679892,27.0,4.0,2
2026-04-19 18:43:29.679892,27.0,4.0,2
2026-04-19 18:43:34.679892,0.0,0.0,0
2026-04-19 18:43:39.679892,25.55,2.92,1
2026-04-19 18:43:44.679892,25.7,2.84,1
2026-04-19 18:43:49.679892,25.41,2.05,1
2026-04-19 18:43:54.679892,25.86,2.04,1
2026-04-19 18:43:59.679892,25.24,2.76,1
2026-04-19 18:44:04.679892,25.36,2.79,1
2026-04-19 18:44:09.679892,25.32,2.65,1
2026-04-19 18:44:14.679892,25.38,2.34,1
2026-04-19 18:44:19.679892,25.61,2.96,1
2026-04-19 18:44:24.679892,25.29,2.07,1
2026-04-19 18:44:29.679892,25.26,2.43,1
2026-04-19 18:44:34.679892,25.99,2.12,1
2026-04-19 18:44:39.679892,25.27,2.11,1
2026-04-19 18:44:44.679892,25.34,2.56,1
2026-04-19 18:44:49.679892,25.86,2.2,1
2026-04-19 18:44:54.679892,25.85,2.47,1
2026-04-19 18:44:59.679892,25.02,2.41,1
2026-04-19 18:45:04.679892,25.21,2.77,1
2026-04-19 18:45:09.679892,25.1,2.67,1
2026-04-19 18:45:14.679892,25.08,2.52,1
2026-04-19 18:45:19.679892,25.95,2.37,1
2026-04-19 18:45:24.679892,25.66,2.89,1
2026-04-19 18:45:29.679892,25.82,2.79,1
2026-04-19 18:45:34.679892,25.99,2.84,1
2026-04-19 18:45:39.679892,25.33,2.84,1
2026-04-19 18:45:44.679892,25.76,2.78,1
2026-04-19 18:45:49.679892,25.46,2.87,1
2026-04-19 18:45:54.679892,25.45,2.88,1
2026-04-19 18:45:59.679892,25.42,2.61,1
2026-04-19 18:46:04.679892,25.92,2.76,1
2026-04-19 18:46:09.679892,25.96,2.72,1
2026-04-19 18:46:14.679892,25.77,2.3,1
2026-04-19 18:46:19.679892,25.46,2.44,1
2026-04-19 18:46:24.679892,25.44,2.84,1
2026-04-19 18:46:29.679892,25.01,2.9,1
2026-04-19 18:46:34.679892,25.76,2.22,1
2026-04-19 18:46:39.679892,25.14,2.95,1
2026-04-19 18:46:44.679892,25.54,2.93,1
2026-04-19 18:46:49.679892,25.79,2.43,1
2026-04-19 18:46:54.679892,25.77,2.2,1
2026-04-19 18:46:59.679892,25.16,2.08,1
2026-04-19 18:47:04.679892,25.8,2.75,1
2026-04-19 18:47:09.679892,25.26,2.59,1
2026-04-19 18:47:14.679892,25.76,2.78,1
2026-04-19 18:47:19.679892,25.29,2.47,1
2026-04-19 18:47:24.679892,25.24,2.47,1
2026-04-19 18:47:29.679892,25.01,2.49,1
2026-04-19 18:47:34.679892,25.67,2.01,1
2026-04-19 18:47:39.679892,25.38,2.08,1
2026-04-19 18:47:44.679892,25.47,2.99,1
2026-04-19 18:47:49.679892,25.14,2.17,1
2026-04-19 18:47:54.679892,25.4,2.72,1
2026-04-19 18:47:59.679892,25.9,2.95,1
2026-04-19 18:48:04.679892,25.15,2.81,1
2026-04-19 18:48:09.679892,25.35,2.6,1
2026-04-19 18:48:14.679892,25.05,2.98,1
2026-04-19 18:48:19.679892,25.72,2.67,1
2026-04-19 18:48:24.679892,25.53,2.22,1
2026-04-19 18:48:29.679892,25.65,2.3,1
2026-04-19 18:48:34.679892,25.29,2.45,1
2026-04-19 18:48:39.679892,25.89,2.38,1
2026-04-19 18:48:44.679892,0.0,0.0,0
2026-04-19 18:48:49.679892,0.0,0.0,0
2026-04-19 18:48:54.679892,0.0,0.0,0
2026-04-19 18:48:59.679892,0.0,0.0,0
2026-04-19 18:49:04.679892,27.0,4.0,2
2026-04-19 18:49:09.679892,27.0,4.0,2
2026-04-19 18:49:14.679892,27.0,4.0,2
2026-04-19 18:49:19.679892,27.0,4.0,2
2026-04-19 18:49:24.679892,27.0,4.0,2
2026-04-19 18:49:29.679892,27.0,4.0,2
2026-04-19 18:49:34.679892,27.0,4.0,2
2026-04-19 18:49:39.679892,27.0,4.0,2
2026-04-19 18:49:44.679892,27.0,4.0,2
2026-04-19 18:49:49.679892,27.0,4.0,2
2026-04-19 18:49:54.679892,27.0,4.0,2
2026-04-19 18:49:59.679892,27.0,4.0,2
2026-04-19 18:50:04.679892,0.0,0.0,0
2026-04-19 18:50:09.679892,27.0,4.0,2
2026-04-19 18:50:14.679892,27.0,4.0,2
2026-04-19 18:50:19.679892,27.0,4.0,2
2026-04-19 18:50:24.679892,27.0,4.0,2
2026-04-19 18:50:29.679892,27.0,4.0,2
2026-04-19 18:50:34.679892,27.0,4.0,2
2026-04-19 18:50:39.679892,27.0,4.0,2
2026-04-19 18:50:44.679892,27.0,4.0,2
2026-04-19 18:50:49.679892,27.0,4.0,2
2026-04-19 18:50:54.679892,27.0,4.0,2
2026-04-19 18:50:59.679892,27.0,4.0,2
2026-04-19 18:51:04.679892,27.0,4.0,2
2026-04-19 18:51:09.679892,27.0,4.0,2
2026-04-19 18:51:14.679892,27.0,4.0,2
2026-04-19 18:51:19.679892,27.0,4.0,2
2026-04-19 18:51:24.679892,27.0,4.0,2
2026-04-19 18:51:29.679892,27.0,4.0,2
2026-04-19 18:51:34.679892,27.0,4.0,2
2026-04-19 18:51:39.679892,27.0,4.0,2
2026-04-19 18:51:44.679892,27.0,4.0,2
2026-04-19 18:51:49.679892,25.66,2.43,1
2026-04-19 18:51:54.679892,25.08,2.98,1
2026-04-19 18:51:59.679892,25.98,2.6,1
2026-04-19 18:52:04.679892,25.46,2.78,1
2026-04-19 18:52:09.679892,25.46,2.91,1
2026-04-19 18:52:14.679892,25.81,2.89,1
2026-04-19 18:52:19.679892,25.63,2.41,1
2026-04-19 18:52:24.679892,25.3,2.34,1
2026-04-19 18:52:29.679892,25.57,2.41,1
2026-04-19 18:52:34.679892,25.02,2.15,1
2026-04-19 18:52:39.679892,25.7,2.7,1
2026-04-19 18:52:44.679892,25.43,2.23,1
2026-04-19 18:52:49.679892,25.33,2.05,1
2026-04-19 18:52:54.679892,25.37,2.92,1
2026-04-19 18:52:59.679892,25.39,2.9,1
2026-04-19 18:53:04.679892,25.02,2.61,1
2026-04-19 18:53:09.679892,25.83,2.51,1
2026-04-19 18:53:14.679892,25.42,2.56,1
2026-04-19 18:53:19.679892,25.92,2.25,1
2026-04-19 18:53:24.679892,25.79,2.19,1
2026-04-19 18:53:29.679892,25.9,2.02,1
2026-04-19 18:53:34.679892,25.27,2.63,1
2026-04-19 18:53:39.679892,25.76,2.07,1
2026-04-19 18:53:44.679892,25.92,2.47,1
2026-04-19 18:53:49.679892,25.57,2.55,1
2026-04-19 18:53:54.679892,25.35,2.97,1
2026-04-19 18:53:59.679892,26.0,2.22,1
2026-04-19 18:54:04.679892,25.28,2.26,1
2026-04-19 18:54:09.679892,25.96,2.85,1
2026-04-19 18:54:14.679892,25.05,2.1,1
2026-04-19 18:54:19.679892,25.29,2.71,1
2026-04-19 18:54:24.679892,25.06,2.32,1
2026-04-19 18:54:29.679892,25.7,2.88,1
2026-04-19 18:54:34.679892,25.02,2.35,1
2026-04-19 18:54:39.679892,25.5,2.94,1
2026-04-19 18:54:44.679892,25.05,2.88,1
2026-04-19 18:54:49.679892,25.42,2.34,1
2026-04-19 18:54:54.679892,25.53,2.74,1
2026-04-19 18:54:59.679892,25.38,2.69,1
2026-04-19 18:55:04.679892,25.55,2.16,1
2026-04-19 18:55:09.679892,25.13,2.99,1
2026-04-19 18:55:14.679892,25.24,2.14,1
2026-04-19 18:55:19.679892,25.62,2.07,1
2026-04-19 18:55:24.679892,25.9,2.18,1
2026-04-19 18:55:29.679892,25.8,2.24,1
2026-04-19 18:55:34.679892,25.04,2.22,1
2026-04-19 18:55:39.679892,25.19,2.93,1
2026-04-19 18:55:44.679892,25.88,2.97,1
2026-04-19 18:55:49.679892,25.37,2.93,1
2026-04-19 18:55:54.679892,25.32,2.14,1
2026-04-19 18:55:59.679892,25.56,2.83,1
2026-04-19 18:56:04.679892,25.85,2.61,1
2026-04-19 18:56:09.679892,25.42,2.38,1
2026-04-19 18:56:14.679892,27.0,4.0,2
2026-04-19 18:56:19.679892,27.0,4.0,2
2026-04-19 18:56:24.679892,27.0,4.0,2
2026-04-19 18:56:29.679892,27.0,4.0,2
2026-04-19 18:56:34.679892,27.0,4.0,2
2026-04-19 18:56:39.679892,0.0,0.0,0
2026-04-19 18:56:44.679892,27.0,4.0,2
2026-04-19 18:56:49.679892,27.0,4.0,2
2026-04-19 18:56:54.679892,27.0,4.0,2
2026-04-19 18:56:59.679892,0.0,0.0,0
2026-04-19 18:57:04.679892,0.0,0.0,0
2026-04-19 18:57:09.679892,25.62,2.44,1
2026-04-19 18:57:14.679892,25.55,2.49,1
2026-04-19 18:57:19.679892,25.09,2.8,1
2026-04-19 18:57:24.679892,25.96,2.97,1
2026-04-19 18:57:29.679892,25.64,2.46,1
2026-04-19 18:57:34.679892,25.96,2.47,1
2026-04-19 18:57:39.679892,25.74,2.92,1
2026-04-19 18:57:44.679892,25.55,2.72,1
2026-04-19 18:57:49.679892,25.75,2.24,1
2026-04-19 18:57:54.679892,25.18,2.85,1
2026-04-19 18:57:59.679892,25.02,2.13,1
2026-04-19 18:58:04.679892,25.76,2.38,1
2026-04-19 18:58:09.679892,0.0,0.0,0
2026-04-19 18:58:14.679892,27.0,4.0,2
2026-04-19 18:58:19.679892,27.0,4.0,2
2026-04-19 18:58:24.679892,25.54,2.58,1
2026-04-19 18:58:29.679892,25.91,2.61,1
2026-04-19 18:58:34.679892,25.01,2.34,1
2026-04-19 18:58:39.679892,25.03,2.86,1
2026-04-19 18:58:44.679892,25.39,2.39,1
2026-04-19 18:58:49.679892,25.58,2.29,1
2026-04-19 18:58:54.679892,25.21,2.55,1
2026-04-19 18:58:59.679892,25.02,2.93,1
2026-04-19 18:59:04.679892,25.52,2.18,1
2026-04-19 18:59:09.679892,25.84,2.55,1
2026-04-19 18:59:14.679892,25.73,2.59,1
2026-04-19 18:59:19.679892,25.39,2.56,1
2026-04-19 18:59:24.679892,25.94,2.75,1
2026-04-19 18:59:29.679892,25.79,2.33,1
2026-04-19 18:59:34.679892,25.98,2.96,1
2026-04-19 18:59:39.679892,25.56,2.71,1
2026-04-19 18:59:44.679892,25.59,2.79,1
2026-04-19 18:59:49.679892,25.22,2.85,1
2026-04-19 18:59:54.679892,25.41,2.84,1
2026-04-19 18:59:59.679892,25.2,2.69,1
2026-04-19 19:00:04.679892,25.82,2.62,1
2026-04-19 19:00:09.679892,25.74,2.98,1
2026-04-19 19:00:14.679892,25.46,2.53,1
2026-04-19 19:00:19.679892,25.81,2.71,1
2026-04-19 19:00:24.679892,25.07,2.77,1
2026-04-19 19:00:29.679892,25.19,2.69,1
2026-04-19 19:00:34.679892,25.07,2.84,1
2026-04-19 19:00:39.679892,25.39,2.87,1
2026-04-19 19:00:44.679892,25.67,2.38,1
2026-04-19 19:00:49.679892,25.0,2.24,1
2026-04-19 19:00:54.679892,25.57,2.0,1
2026-04-19 19:00:59.679892,25.7,2.23,1
2026-04-19 19:01:04.679892,25.47,2.83,1
2026-04-19 19:01:09.679892,0.0,0.0,0
2026-04-19 19:01:14.679892,0.0,0.0,0
2026-04-19 19:01:19.679892,0.0,0.0,0
2026-04-19 19:01:24.679892,27.0,4.0,2
2026-04-19 19:01:29.679892,27.0,4.0,2
2026-04-19 19:01:34.679892,27.0,4.0,2
2026-04-19 19:01:39.679892,27.0,4.0,2
2026-04-19 19:01:44.679892,27.0,4.0,2
2026-04-19 19:01:49.679892,27.0,4.0,2
2026-04-19 19:01:54.679892,27.0,4.0,2
2026-04-19 19:01:59.679892,27.0,4.0,2
2026-04-19 19:02:04.679892,27.0,4.0,2
2026-04-19 19:02:09.679892,27.0,4.0,2
2026-04-19 19:02:14.679892,27.0,4.0,2
2026-04-19 19:02:19.679892,27.0,4.0,2
2026-04-19 19:02:24.679892,0.0,0.0,0
2026-04-19 19:02:29.679892,0.0,0.0,0
2026-04-19 19:02:34.679892,0.0,0.0,0
2026-04-19 19:02:39.679892,27.0,4.0,2
2026-04-19 19:02:44.679892,27.0,4.0,2
2026-04-19 19:02:49.679892,27.0,4.0,2
2026-04-19 19:02:54.679892,27.0,4.0,2
2026-04-19 19:02:59.679892,27.0,4.0,2
2026-04-19 19:03:04.679892,27.0,4.0,2
2026-04-19 19:03:09.679892,25.69,2.83,1
2026-04-19 19:03:14.679892,25.21,2.12,1
2026-04-19 19:03:19.679892,25.88,2.7,1
2026-04-19 19:03:24.679892,25.22,2.96,1
2026-04-19 19:03:29.679892,25.59,2.69,1
2026-04-19 19:03:34.679892,25.7,2.27,1
2026-04-19 19:03:39.679892,25.61,2.11,1
2026-04-19 19:03:44.679892,25.17,2.04,1
2026-04-19 19:03:49.679892,25.21,2.9,1
2026-04-19 19:03:54.679892,25.01,2.31,1
2026-04-19 19:03:59.679892,25.64,2.95,1
2026-04-19 19:04:04.679892,25.04,2.52,1
2026-04-19 19:04:09.679892,25.6,2.88,1
2026-04-19 19:04:14.679892,25.3,2.46,1
2026-04-19 19:04:19.679892,25.57,2.49,1
2026-04-19 19:04:24.679892,25.65,2.27,1
2026-04-19 19:04:29.679892,25.11,2.3,1
2026-04-19 19:04:34.679892,25.69,2.91,1
2026-04-19 19:04:39.679892,25.98,2.76,1
2026-04-19 19:04:44.679892,25.16,2.32,1
2026-04-19 19:04:49.679892,25.32,2.21,1
2026-04-19 19:04:54.679892,25.16,2.01,1
2026-04-19 19:04:59.679892,25.38,2.47,1
2026-04-19 19:05:04.679892,25.13,2.43,1
2026-04-19 19:05:09.679892,25.32,2.23,1
2026-04-19 19:05:14.679892,25.54,2.99,1
2026-04-19 19:05:19.679892,25.33,2.72,1
2026-04-19 19:05:24.679892,25.38,2.64,1
2026-04-19 19:05:29.679892,25.5,2.08,1
2026-04-19 19:05:34.679892,25.62,2.48,1
2026-04-19 19:05:39.679892,25.82,2.26,1
2026-04-19 19:05:44.679892,25.57,2.03,1
2026-04-19 19:05:49.679892,25.05,2.11,1
2026-04-19 19:05:54.679892,25.68,2.1,1
2026-04-19 19:05:59.679892,25.21,2.68,1
2026-04-19 19:06:04.679892,25.3,2.73,1
2026-04-19 19:06:09.679892,25.89,2.61,1
2026-04-19 19:06:14.679892,25.97,2.2,1
2026-04-19 19:06:19.679892,25.99,2.39,1
2026-04-19 19:06:24.679892,25.89,2.6,1
2026-04-19 19:06:29.679892,25.27,2.66,1
2026-04-19 19:06:34.679892,25.48,2.64,1
2026-04-19 19:06:39.679892,25.44,2.88,1
2026-04-19 19:06:44.679892,25.08,2.67,1
2026-04-19 19:06:49.679892,25.87,2.08,1
2026-04-19 19:06:54.679892,25.86,2.08,1
2026-04-19 19:06:59.679892,25.07,2.86,1
2026-04-19 19:07:04.679892,25.53,2.88,1
2026-04-19 19:07:09.679892,25.78,2.58,1
2026-04-19 19:07:14.679892,25.67,2.81,1
2026-04-19 19:07:19.679892,25.87,2.5,1
2026-04-19 19:07:24.679892,25.32,2.25,1
2026-04-19 19:07:29.679892,25.11,2.6,1
2026-04-19 19:07:34.679892,25.76,2.65,1
2026-04-19 19:07:39.679892,25.15,2.84,1
2026-04-19 19:07:44.679892,25.28,2.55,1
2026-04-19 19:07:49.679892,25.86,2.98,1
2026-04-19 19:07:54.679892,25.32,2.76,1
2026-04-19 19:07:59.679892,25.05,2.5,1
2026-04-19 19:08:04.679892,25.44,2.74,1
2026-04-19 19:08:09.679892,25.53,2.19,1
2026-04-19 19:08:14.679892,25.23,2.2,1
2026-04-19 19:08:19.679892,25.53,2.4,1
2026-04-19 19:08:24.679892,25.63,2.02,1
2026-04-19 19:08:29.679892,25.67,2.43,1
2026-04-19 19:08:34.679892,25.24,2.63,1
2026-04-19 19:08:39.679892,25.41,2.89,1
2026-04-19 19:08:44.679892,25.41,2.36,1
2026-04-19 19:08:49.679892,25.29,2.83,1
2026-04-19 19:08:54.679892,25.6,2.65,1
2026-04-19 19:08:59.679892,25.58,2.8,1
2026-04-19 19:09:04.679892,25.96,2.66,1
2026-04-19 19:09:09.679892,25.94,2.73,1
2026-04-19 19:09:14.679892,25.44,2.23,1
2026-04-19 19:09:19.679892,25.47,2.03,1
2026-04-19 19:09:24.679892,25.96,2.44,1
2026-04-19 19:09:29.679892,25.17,2.4,1
2026-04-19 19:09:34.679892,25.94,2.84,1
2026-04-19 19:09:39.679892,25.03,2.32,1
2026-04-19 19:09:44.679892,25.65,2.08,1
2026-04-19 19:09:49.679892,25.3,2.87,1
2026-04-19 19:09:54.679892,25.07,2.44,1
2026-04-19 19:09:59.679892,0.0,0.0,0
2026-04-19 19:10:04.679892,25.3,2.37,1
2026-04-19 19:10:09.679892,25.17,2.27,1
2026-04-19 19:10:14.679892,25.08,2.01,1
2026-04-19 19:10:19.679892,25.98,2.64,1
2026-04-19 19:10:24.679892,25.75,2.84,1
2026-04-19 19:10:29.679892,25.91,2.56,1
2026-04-19 19:10:34.679892,25.82,2.31,1
2026-04-19 19:10:39.679892,25.22,2.52,1
2026-04-19 19:10:44.679892,25.24,2.78,1
2026-04-19 19:10:49.679892,25.98,2.71,1
2026-04-19 19:10:54.679892,25.91,2.55,1
2026-04-19 19:10:59.679892,25.59,2.5,1
2026-04-19 19:11:04.679892,25.78,2.75,1
2026-04-19 19:11:09.679892,25.65,2.07,1
2026-04-19 19:11:14.679892,25.31,2.5,1
2026-04-19 19:11:19.679892,25.37,2.95,1
2026-04-19 19:11:24.679892,25.91,2.27,1
2026-04-19 19:11:29.679892,25.74,2.85,1
2026-04-19 19:11:34.679892,25.39,2.17,1
2026-04-19 19:11:39.679892,25.63,2.35,1
2026-04-19 19:11:44.679892,25.94,2.84,1
2026-04-19 19:11:49.679892,25.44,2.95,1
2026-04-19 19:11:54.679892,25.82,2.5,1
2026-04-19 19:11:59.679892,0.0,0.0,0
2026-04-19 19:12:04.679892,27.0,4.0,2
2026-04-19 19:12:09.679892,27.0,4.0,2
2026-04-19 19:12:14.679892,27.0,4.0,2
2026-04-19 19:12:19.679892,27.0,4.0,2
2026-04-19 19:12:24.679892,0.0,0.0,0
2026-04-19 19:12:29.679892,0.0,0.0,0
2026-04-19 19:12:34.679892,0.0,0.0,0
2026-04-19 19:12:39.679892,0.0,0.0,0
2026-04-19 19:12:44.679892,0.0,0.0,0
2026-04-19 19:12:49.679892,0.0,0.0,0
2026-04-19 19:12:54.679892,27.0,4.0,2
2026-04-19 19:12:59.679892,27.0,4.0,2
2026-04-19 19:13:04.679892,27.0,4.0,2
2026-04-19 19:13:09.679892,25.62,2.42,1
2026-04-19 19:13:14.679892,25.14,2.09,1
2026-04-19 19:13:19.679892,25.35,2.25,1
2026-04-19 19:13:24.679892,25.26,2.38,1
2026-04-19 19:13:29.679892,25.57,2.72,1
2026-04-19 19:13:34.679892,25.79,2.48,1
2026-04-19 19:13:39.679892,25.28,2.04,1
2026-04-19 19:13:44.679892,25.43,2.86,1
2026-04-19 19:13:49.679892,25.12,2.89,1
2026-04-19 19:13:54.679892,25.44,2.28,1
2026-04-19 19:13:59.679892,25.04,2.54,1
2026-04-19 19:14:04.679892,25.56,2.97,1
2026-04-19 19:14:09.679892,25.56,2.18,1
2026-04-19 19:14:14.679892,25.35,2.74,1
2026-04-19 19:14:19.679892,25.97,2.34,1
2026-04-19 19:14:24.679892,25.6,2.83,1
2026-04-19 19:14:29.679892,25.21,2.59,1
2026-04-19 19:14:34.679892,25.1,2.7,1
2026-04-19 19:14:39.679892,25.33,2.52,1
2026-04-19 19:14:44.679892,25.17,2.25,1
2026-04-19 19:14:49.679892,27.0,4.0,2
2026-04-19 19:14:54.679892,27.0,4.0,2
2026-04-19 19:14:59.679892,27.0,4.0,2
2026-04-19 19:15:04.679892,27.0,4.0,2
2026-04-19 19:15:09.679892,27.0,4.0,2
2026-04-19 19:15:14.679892,27.0,4.0,2
2026-04-19 19:15:19.679892,27.0,4.0,2
2026-04-19 19:15:24.679892,27.0,4.0,2
2026-04-19 19:15:29.679892,27.0,4.0,2
2026-04-19 19:15:34.679892,27.0,4.0,2
2026-04-19 19:15:39.679892,27.0,4.0,2
2026-04-19 19:15:44.679892,25.99,2.63,1
2026-04-19 19:15:49.679892,25.29,2.38,1
2026-04-19 19:15:54.679892,25.69,2.18,1
2026-04-19 19:15:59.679892,25.04,3.0,1
2026-04-19 19:16:04.679892,25.65,2.32,1
2026-04-19 19:16:09.679892,25.32,2.48,1
2026-04-19 19:16:14.679892,25.91,2.29,1
2026-04-19 19:16:19.679892,25.13,2.3,1
2026-04-19 19:16:24.679892,25.18,2.82,1
2026-04-19 19:16:29.679892,25.51,2.94,1
2026-04-19 19:16:34.679892,25.65,2.43,1
2026-04-19 19:16:39.679892,25.79,2.14,1
2026-04-19 19:16:44.679892,25.42,2.94,1
2026-04-19 19:16:49.679892,25.95,2.15,1
2026-04-19 19:16:54.679892,25.76,2.86,1
2026-04-19 19:16:59.679892,25.23,2.4,1
2026-04-19 19:17:04.679892,25.34,2.34,1
2026-04-19 19:17:09.679892,25.22,2.2,1
2026-04-19 19:17:14.679892,25.52,2.45,1
2026-04-19 19:17:19.679892,25.59,2.56,1
2026-04-19 19:17:24.679892,25.52,2.73,1
2026-04-19 19:17:29.679892,25.31,2.36,1
2026-04-19 19:17:34.679892,25.94,2.37,1
2026-04-19 19:17:39.679892,25.22,2.43,1
2026-04-19 19:17:44.679892,25.35,2.25,1
2026-04-19 19:17:49.679892,25.15,2.0,1
2026-04-19 19:17:54.679892,25.16,2.22,1
2026-04-19 19:17:59.679892,25.93,2.17,1
2026-04-19 19:18:04.679892,25.16,2.67,1
2026-04-19 19:18:09.679892,25.9,2.87,1
2026-04-19 19:18:14.679892,25.04,2.85,1
2026-04-19 19:18:19.679892,25.66,2.27,1
2026-04-19 19:18:24.679892,25.61,2.08,1
2026-04-19 19:18:29.679892,25.71,2.33,1
2026-04-19 19:18:34.679892,25.66,2.39,1
2026-04-19 19:18:39.679892,25.12,2.83,1
2026-04-19 19:18:44.679892,25.67,2.37,1
2026-04-19 19:18:49.679892,25.8,2.18,1
2026-04-19 19:18:54.679892,25.82,2.98,1
2026-04-19 19:18:59.679892,25.7,2.52,1
2026-04-19 19:19:04.679892,25.56,2.17,1
2026-04-19 19:19:09.679892,25.24,2.27,1
2026-04-19 19:19:14.679892,25.84,2.83,1
2026-04-19 19:19:19.679892,25.65,2.15,1
2026-04-19 19:19:24.679892,26.0,2.0,1
2026-04-19 19:19:29.679892,25.74,2.42,1
2026-04-19 19:19:34.679892,25.71,2.62,1
2026-04-19 19:19:39.679892,25.2,2.33,1
2026-04-19 19:19:44.679892,25.48,2.26,1
2026-04-19 19:19:49.679892,25.85,2.68,1
2026-04-19 19:19:54.679892,0.0,0.0,0
2026-04-19 19:19:59.679892,0.0,0.0,0
2026-04-19 19:20:04.679892,27.0,4.0,2
2026-04-19 19:20:09.679892,27.0,4.0,2
2026-04-19 19:20:14.679892,27.0,4.0,2
2026-04-19 19:20:19.679892,27.0,4.0,2
2026-04-19 19:20:24.679892,27.0,4.0,2
2026-04-19 19:20:29.679892,27.0,4.0,2
2026-04-19 19:20:34.679892,27.0,4.0,2
2026-04-19 19:20:39.679892,27.0,4.0,2
2026-04-19 19:20:44.679892,27.0,4.0,2
2026-04-19 19:20:49.679892,27.0,4.0,2
2026-04-19 19:20:54.679892,27.0,4.0,2
2026-04-19 19:20:59.679892,27.0,4.0,2
2026-04-19 19:21:04.679892,27.0,4.0,2
2026-04-19 19:21:09.679892,27.0,4.0,2
2026-04-19 19:21:14.679892,27.0,4.0,2
2026-04-19 19:21:19.679892,27.0,4.0,2
2026-04-19 19:21:24.679892,27.0,4.0,2
2026-04-19 19:21:29.679892,27.0,4.0,2
2026-04-19 19:21:34.679892,27.0,4.0,2
2026-04-19 19:21:39.679892,27.0,4.0,2
2026-04-19 19:21:44.679892,0.0,0.0,0
2026-04-19 19:21:49.679892,0.0,0.0,0
2026-04-19 19:21:54.679892,25.07,2.81,1
2026-04-19 19:21:59.679892,25.12,2.27,1
2026-04-19 19:22:04.679892,25.21,2.13,1
2026-04-19 19:22:09.679892,25.32,2.45,1
2026-04-19 19:22:14.679892,25.4,2.52,1
2026-04-19 19:22:19.679892,25.34,2.48,1
2026-04-19 19:22:24.679892,25.6,2.44,1
2026-04-19 19:22:29.679892,25.24,2.5,1
2026-04-19 19:22:34.679892,25.78,2.94,1
2026-04-19 19:22:39.679892,25.02,2.56,1
2026-04-19 19:22:44.679892,0.0,0.0,0
2026-04-19 19:22:49.679892,0.0,0.0,0
2026-04-19 19:22:54.679892,25.66,2.13,1
2026-04-19 19:22:59.679892,25.66,2.99,1
2026-04-19 19:23:04.679892,25.26,2.83,1
2026-04-19 19:23:09.679892,25.76,2.99,1
2026-04-19 19:23:14.679892,25.62,2.88,1
2026-04-19 19:23:19.679892,0.0,0.0,0
2026-04-19 19:23:24.679892,27.0,4.0,2
2026-04-19 19:23:29.679892,27.0,4.0,2
2026-04-19 19:23:34.679892,27.0,4.0,2
2026-04-19 19:23:39.679892,27.0,4.0,2
2026-04-19 19:23:44.679892,27.0,4.0,2
2026-04-19 19:23:49.679892,27.0,4.0,2
2026-04-19 19:23:54.679892,27.0,4.0,2
2026-04-19 19:23:59.679892,27.0,4.0,2
2026-04-19 19:24:04.679892,27.0,4.0,2
2026-04-19 19:24:09.679892,27.0,4.0,2
2026-04-19 19:24:14.679892,27.0,4.0,2
2026-04-19 19:24:19.679892,25.12,2.41,1
2026-04-19 19:24:24.679892,25.35,2.79,1
2026-04-19 19:24:29.679892,25.88,2.85,1
2026-04-19 19:24:34.679892,25.03,2.15,1
2026-04-19 19:24:39.679892,25.93,2.37,1
2026-04-19 19:24:44.679892,25.02,2.89,1
2026-04-19 19:24:49.679892,25.71,2.3,1
2026-04-19 19:24:54.679892,25.33,2.3,1
2026-04-19 19:24:59.679892,25.93,2.84,1
2026-04-19 19:25:04.679892,25.62,2.64,1
2026-04-19 19:25:09.679892,25.72,2.8,1
2026-04-19 19:25:14.679892,25.91,2.51,1
2026-04-19 19:25:19.679892,25.42,2.74,1
2026-04-19 19:25:24.679892,25.48,2.1,1
2026-04-19 19:25:29.679892,25.51,2.23,1
2026-04-19 19:25:34.679892,25.72,2.3,1
2026-04-19 19:25:39.679892,25.9,2.02,1
2026-04-19 19:25:44.679892,25.7,2.0,1
2026-04-19 19:25:49.679892,25.51,2.16,1
2026-04-19 19:25:54.679892,25.33,2.36,1
2026-04-19 19:25:59.679892,25.36,2.75,1
2026-04-19 19:26:04.679892,25.67,2.12,1
2026-04-19 19:26:09.679892,25.55,2.3,1
2026-04-19 19:26:14.679892,25.71,2.39,1
2026-04-19 19:26:19.679892,25.86,2.08,1
2026-04-19 19:26:24.679892,25.13,2.45,1
2026-04-19 19:26:29.679892,25.18,2.75,1
2026-04-19 19:26:34.679892,25.24,2.46,1
2026-04-19 19:26:39.679892,27.0,4.0,2
2026-04-19 19:26:44.679892,27.0,4.0,2
2026-04-19 19:26:49.679892,27.0,4.0,2
2026-04-19 19:26:54.679892,27.0,4.0,2
2026-04-19 19:26:59.679892,27.0,4.0,2
2026-04-19 19:27:04.679892,27.0,4.0,2
2026-04-19 19:27:09.679892,27.0,4.0,2
2026-04-19 19:27:14.679892,25.04,2.67,1
2026-04-19 19:27:19.679892,25.19,2.5,1
2026-04-19 19:27:24.679892,25.83,2.29,1
2026-04-19 19:27:29.679892,25.62,2.06,1
2026-04-19 19:27:34.679892,25.5,2.88,1
2026-04-19 19:27:39.679892,25.81,2.6,1
2026-04-19 19:27:44.679892,25.42,2.63,1
2026-04-19 19:27:49.679892,25.07,2.41,1
2026-04-19 19:27:54.679892,25.38,2.53,1
2026-04-19 19:27:59.679892,25.75,2.93,1
2026-04-19 19:28:04.679892,25.78,2.67,1
2026-04-19 19:28:09.679892,25.61,2.22,1
2026-04-19 19:28:14.679892,25.8,2.58,1
2026-04-19 19:28:19.679892,25.66,2.9,1
2026-04-19 19:28:24.679892,25.35,2.13,1
2026-04-19 19:28:29.679892,25.56,2.28,1
2026-04-19 19:28:34.679892,25.53,2.12,1
2026-04-19 19:28:39.679892,25.66,2.33,1
2026-04-19 19:28:44.679892,25.1,2.11,1
2026-04-19 19:28:49.679892,25.28,2.9,1
2026-04-19 19:28:54.679892,25.37,2.37,1
2026-04-19 19:28:59.679892,25.29,2.39,1
2026-04-19 19:29:04.679892,25.45,2.56,1
2026-04-19 19:29:09.679892,25.87,2.36,1
2026-04-19 19:29:14.679892,25.06,2.52,1
2026-04-19 19:29:19.679892,25.06,2.86,1
2026-04-19 19:29:24.679892,25.84,2.8,1
2026-04-19 19:29:29.679892,0.0,0.0,0
2026-04-19 19:29:34.679892,25.25,2.61,1
2026-04-19 19:29:39.679892,25.76,2.18,1
2026-04-19 19:29:44.679892,25.28,2.67,1
2026-04-19 19:29:49.679892,25.38,2.18,1
2026-04-19 19:29:54.679892,25.04,2.44,1
2026-04-19 19:29:59.679892,25.48,2.43,1
2026-04-19 19:30:04.679892,25.62,2.97,1
2026-04-19 19:30:09.679892,25.6,2.05,1
2026-04-19 19:30:14.679892,25.72,2.29,1
2026-04-19 19:30:19.679892,25.95,2.37,1
2026-04-19 19:30:24.679892,25.23,2.95,1
2026-04-19 19:30:29.679892,26.0,2.06,1
2026-04-19 19:30:34.679892,25.41,2.94,1
2026-04-19 19:30:39.679892,25.7,2.34,1
2026-04-19 19:30:44.679892,25.13,2.75,1
2026-04-19 19:30:49.679892,25.55,2.42,1
2026-04-19 19:30:54.679892,25.12,2.41,1
2026-04-19 19:30:59.679892,25.23,2.49,1
2026-04-19 19:31:04.679892,25.79,2.77,1
2026-04-19 19:31:09.679892,25.85,2.18,1
2026-04-19 19:31:14.679892,25.22,2.98,1
2026-04-19 19:31:19.679892,25.47,2.02,1
2026-04-19 19:31:24.679892,25.27,2.0,1
2026-04-19 19:31:29.679892,25.28,2.22,1
2026-04-19 19:31:34.679892,25.35,2.83,1
2026-04-19 19:31:39.679892,25.84,2.12,1
2026-04-19 19:31:44.679892,25.08,2.36,1
2026-04-19 19:31:49.679892,25.45,2.61,1
2026-04-19 19:31:54.679892,25.33,2.4,1
2026-04-19 19:31:59.679892,0.0,0.0,0
2026-04-19 19:32:04.679892,27.0,4.0,2
2026-04-19 19:32:09.679892,27.0,4.0,2
2026-04-19 19:32:14.679892,27.0,4.0,2
2026-04-19 19:32:19.679892,27.0,4.0,2
2026-04-19 19:32:24.679892,27.0,4.0,2
2026-04-19 19:32:29.679892,27.0,4.0,2
2026-04-19 19:32:34.679892,27.0,4.0,2
2026-04-19 19:32:39.679892,27.0,4.0,2
2026-04-19 19:32:44.679892,27.0,4.0,2
2026-04-19 19:32:49.679892,27.0,4.0,2
2026-04-19 19:32:54.679892,27.0,4.0,2
2026-04-19 19:32:59.679892,27.0,4.0,2
2026-04-19 19:33:04.679892,27.0,4.0,2
2026-04-19 19:33:09.679892,25.64,2.12,1
2026-04-19 19:33:14.679892,25.01,2.57,1
2026-04-19 19:33:19.679892,25.89,2.19,1
2026-04-19 19:33:24.679892,25.01,2.31,1
2026-04-19 19:33:29.679892,25.33,3.0,1
2026-04-19 19:33:34.679892,25.6,2.16,1
2026-04-19 19:33:39.679892,25.78,2.07,1
2026-04-19 19:33:44.679892,25.03,2.05,1
2026-04-19 19:33:49.679892,25.25,2.5,1
2026-04-19 19:33:54.679892,25.23,2.97,1
2026-04-19 19:33:59.679892,25.66,2.67,1
2026-04-19 19:34:04.679892,25.44,2.44,1
2026-04-19 19:34:09.679892,25.03,2.23,1
2026-04-19 19:34:14.679892,26.0,2.54,1
2026-04-19 19:34:19.679892,25.85,2.78,1
2026-04-19 19:34:24.679892,25.65,2.88,1
2026-04-19 19:34:29.679892,25.87,2.21,1
2026-04-19 19:34:34.679892,25.61,2.63,1
2026-04-19 19:34:39.679892,25.67,2.15,1
2026-04-19 19:34:44.679892,25.18,2.73,1
2026-04-19 19:34:49.679892,25.1,2.92,1
2026-04-19 19:34:54.679892,25.21,2.57,1
2026-04-19 19:34:59.679892,25.03,2.62,1
2026-04-19 19:35:04.679892,27.0,4.0,2
2026-04-19 19:35:09.679892,27.0,4.0,2
2026-04-19 19:35:14.679892,27.0,4.0,2
2026-04-19 19:35:19.679892,27.0,4.0,2
2026-04-19 19:35:24.679892,27.0,4.0,2
2026-04-19 19:35:29.679892,27.0,4.0,2
2026-04-19 19:35:34.679892,27.0,4.0,2
2026-04-19 19:35:39.679892,27.0,4.0,2
2026-04-19 19:35:44.679892,27.0,4.0,2
2026-04-19 19:35:49.679892,27.0,4.0,2
2026-04-19 19:35:54.679892,27.0,4.0,2
2026-04-19 19:35:59.679892,27.0,4.0,2
2026-04-19 19:36:04.679892,27.0,4.0,2
2026-04-19 19:36:09.679892,27.0,4.0,2
2026-04-19 19:36:14.679892,27.0,4.0,2
2026-04-19 19:36:19.679892,27.0,4.0,2
2026-04-19 19:36:24.679892,27.0,4.0,2
2026-04-19 19:36:29.679892,27.0,4.0,2
2026-04-19 19:36:34.679892,27.0,4.0,2
2026-04-19 19:36:39.679892,0.0,0.0,0
2026-04-19 19:36:44.679892,27.0,4.0,2
2026-04-19 19:36:49.679892,27.0,4.0,2
2026-04-19 19:36:54.679892,27.0,4.0,2
2026-04-19 19:36:59.679892,27.0,4.0,2
2026-04-19 19:37:04.679892,25.74,2.2,1
2026-04-19 19:37:09.679892,25.02,2.56,1
2026-04-19 19:37:14.679892,25.62,2.52,1
2026-04-19 19:37:19.679892,25.8,2.6,1
2026-04-19 19:37:24.679892,25.02,2.11,1
2026-04-19 19:37:29.679892,25.76,2.07,1
2026-04-19 19:37:34.679892,25.97,2.6,1
2026-04-19 19:37:39.679892,25.36,2.63,1
2026-04-19 19:37:44.679892,25.62,2.3,1
2026-04-19 19:37:49.679892,25.67,2.09,1
2026-04-19 19:37:54.679892,25.42,2.33,1
2026-04-19 19:37:59.679892,25.54,2.37,1
2026-04-19 19:38:04.679892,25.6,2.58,1
2026-04-19 19:38:09.679892,25.22,2.64,1
2026-04-19 19:38:14.679892,25.12,2.79,1
2026-04-19 19:38:19.679892,25.96,2.16,1
2026-04-19 19:38:24.679892,25.54,2.22,1
2026-04-19 19:38:29.679892,25.85,2.47,1
2026-04-19 19:38:34.679892,25.68,2.6,1
2026-04-19 19:38:39.679892,25.86,2.69,1
2026-04-19 19:38:44.679892,25.9,2.03,1
2026-04-19 19:38:49.679892,25.83,2.89,1
2026-04-19 19:38:54.679892,25.1,2.8,1
2026-04-19 19:38:59.679892,25.52,2.54,1
2026-04-19 19:39:04.679892,25.22,2.65,1
2026-04-19 19:39:09.679892,25.47,2.26,1
2026-04-19 19:39:14.679892,25.36,2.4,1
2026-04-19 19:39:19.679892,25.36,2.29,1
2026-04-19 19:39:24.679892,25.19,2.27,1
2026-04-19 19:39:29.679892,25.34,2.26,1
2026-04-19 19:39:34.679892,25.77,2.38,1
2026-04-19 19:39:39.679892,25.36,2.26,1
2026-04-19 19:39:44.679892,25.0,2.12,1
2026-04-19 19:39:49.679892,25.3,2.3,1
2026-04-19 19:39:54.679892,25.15,2.77,1
2026-04-19 19:39:59.679892,25.5,2.33,1
2026-04-19 19:40:04.679892,25.68,2.79,1
2026-04-19 19:40:09.679892,25.6,2.22,1
2026-04-19 19:40:14.679892,25.54,2.92,1
2026-04-19 19:40:19.679892,25.43,2.45,1
2026-04-19 19:40:24.679892,25.73,2.38,1
2026-04-19 19:40:29.679892,25.94,2.18,1
2026-04-19 19:40:34.679892,25.42,2.07,1
2026-04-19 19:40:39.679892,25.34,2.18,1
2026-04-19 19:40:44.679892,25.98,2.04,1
2026-04-19 19:40:49.679892,27.0,4.0,2
2026-04-19 19:40:54.679892,27.0,4.0,2
2026-04-19 19:40:59.679892,27.0,4.0,2
2026-04-19 19:41:04.679892,27.0,4.0,2
2026-04-19 19:41:09.679892,25.75,2.5,1
2026-04-19 19:41:14.679892,25.23,2.06,1
2026-04-19 19:41:19.679892,25.88,2.14,1
2026-04-19 19:41:24.679892,25.9,2.67,1
2026-04-19 19:41:29.679892,27.0,4.0,2
2026-04-19 19:41:34.679892,27.0,4.0,2
2026-04-19 19:41:39.679892,27.0,4.0,2
2026-04-19 19:41:44.679892,27.0,4.0,2
2026-04-19 19:41:49.679892,25.24,2.4,1
2026-04-19 19:41:54.679892,25.82,2.23,1
2026-04-19 19:41:59.679892,25.33,2.4,1
2026-04-19 19:42:04.679892,25.19,2.75,1
2026-04-19 19:42:09.679892,25.05,2.99,1
2026-04-19 19:42:14.679892,27.0,4.0,2
2026-04-19 19:42:19.679892,27.0,4.0,2
2026-04-19 19:42:24.679892,25.72,2.97,1
2026-04-19 19:42:29.679892,25.47,2.87,1
2026-04-19 19:42:34.679892,25.28,2.32,1
2026-04-19 19:42:39.679892,25.11,2.9,1
2026-04-19 19:42:44.679892,25.24,2.79,1
2026-04-19 19:42:49.679892,25.6,2.7,1
2026-04-19 19:42:54.679892,25.53,2.5,1
2026-04-19 19:42:59.679892,25.1,2.49,1
2026-04-19 19:43:04.679892,25.48,2.13,1
2026-04-19 19:43:09.679892,25.91,2.01,1
2026-04-19 19:43:14.679892,25.59,2.33,1
2026-04-19 19:43:19.679892,25.52,2.9,1
2026-04-19 19:43:24.679892,25.91,2.11,1
2026-04-19 19:43:29.679892,25.21,2.68,1
2026-04-19 19:43:34.679892,25.32,2.15,1
2026-04-19 19:43:39.679892,25.61,2.78,1
2026-04-19 19:43:44.679892,25.15,2.75,1
2026-04-19 19:43:49.679892,25.87,2.26,1
2026-04-19 19:43:54.679892,25.34,2.83,1
2026-04-19 19:43:59.679892,25.72,2.72,1
2026-04-19 19:44:04.679892,25.98,2.93,1
2026-04-19 19:44:09.679892,25.12,2.83,1
2026-04-19 19:44:14.679892,25.41,2.22,1
2026-04-19 19:44:19.679892,25.01,2.87,1
2026-04-19 19:44:24.679892,25.66,2.21,1
2026-04-19 19:44:29.679892,25.42,2.84,1
2026-04-19 19:44:34.679892,25.88,2.97,1
2026-04-19 19:44:39.679892,25.34,2.7,1
2026-04-19 19:44:44.679892,25.24,2.34,1
2026-04-19 19:44:49.679892,25.08,2.31,1
2026-04-19 19:44:54.679892,25.85,2.3,1
2026-04-19 19:44:59.679892,25.77,2.39,1
2026-04-19 19:45:04.679892,25.76,2.37,1
2026-04-19 19:45:09.679892,25.49,2.65,1
2026-04-19 19:45:14.679892,25.76,2.15,1
2026-04-19 19:45:19.679892,25.45,2.56,1
2026-04-19 19:45:24.679892,25.25,2.96,1
2026-04-19 19:45:29.679892,25.38,2.49,1
2026-04-19 19:45:34.679892,25.09,2.17,1
2026-04-19 19:45:39.679892,25.02,2.77,1
2026-04-19 19:45:44.679892,25.77,2.79,1
2026-04-19 19:45:49.679892,25.13,2.61,1
2026-04-19 19:45:54.679892,25.31,2.82,1
2026-04-19 19:45:59.679892,25.69,2.81,1
2026-04-19 19:46:04.679892,25.64,2.32,1
2026-04-19 19:46:09.679892,25.06,2.03,1
2026-04-19 19:46:14.679892,25.23,2.53,1
2026-04-19 19:46:19.679892,27.0,4.0,2
2026-04-19 19:46:24.679892,27.0,4.0,2
2026-04-19 19:46:29.679892,27.0,4.0,2
2026-04-19 19:46:34.679892,27.0,4.0,2
2026-04-19 19:46:39.679892,25.27,2.83,1
2026-04-19 19:46:44.679892,25.8,2.76,1
2026-04-19 19:46:49.679892,25.83,2.72,1
2026-04-19 19:46:54.679892,25.39,2.26,1
2026-04-19 19:46:59.679892,25.34,2.32,1
2026-04-19 19:47:04.679892,25.73,2.49,1
2026-04-19 19:47:09.679892,25.02,2.48,1
2026-04-19 19:47:14.679892,25.82,2.46,1
2026-04-19 19:47:19.679892,25.02,2.32,1
2026-04-19 19:47:24.679892,25.97,2.58,1
2026-04-19 19:47:29.679892,25.82,2.78,1
2026-04-19 19:47:34.679892,25.41,2.94,1
2026-04-19 19:47:39.679892,25.88,2.12,1
2026-04-19 19:47:44.679892,25.15,2.74,1
2026-04-19 19:47:49.679892,25.02,2.37,1
2026-04-19 19:47:54.679892,25.52,2.21,1
2026-04-19 19:47:59.679892,25.21,2.72,1
2026-04-19 19:48:04.679892,25.08,2.74,1
2026-04-19 19:48:09.679892,25.8,2.99,1
2026-04-19 19:48:14.679892,25.65,2.86,1
2026-04-19 19:48:19.679892,25.68,2.92,1
2026-04-19 19:48:24.679892,25.54,2.74,1
2026-04-19 19:48:29.679892,25.02,2.91,1
2026-04-19 19:48:34.679892,25.74,2.62,1
2026-04-19 19:48:39.679892,25.86,2.98,1
2026-04-19 19:48:44.679892,27.0,4.0,2
2026-04-19 19:48:49.679892,27.0,4.0,2
2026-04-19 19:48:54.679892,27.0,4.0,2
2026-04-19 19:48:59.679892,25.67,2.55,1
2026-04-19 19:49:04.679892,25.38,2.91,1
2026-04-19 19:49:09.679892,25.95,2.26,1
2026-04-19 19:49:14.679892,25.45,2.22,1
2026-04-19 19:49:19.679892,25.46,2.86,1
2026-04-19 19:49:24.679892,25.16,2.74,1
2026-04-19 19:49:29.679892,25.67,2.15,1
2026-04-19 19:49:34.679892,25.19,2.7,1
2026-04-19 19:49:39.679892,25.85,2.26,1
2026-04-19 19:49:44.679892,25.84,2.19,1
2026-04-19 19:49:49.679892,25.99,2.45,1
2026-04-19 19:49:54.679892,25.1,2.77,1
2026-04-19 19:49:59.679892,25.78,2.77,1
2026-04-19 19:50:04.679892,25.55,2.99,1
2026-04-19 19:50:09.679892,26.0,2.21,1
2026-04-19 19:50:14.679892,25.04,2.12,1
2026-04-19 19:50:19.679892,25.38,2.33,1
2026-04-19 19:50:24.679892,25.33,2.62,1
2026-04-19 19:50:29.679892,25.94,2.75,1
2026-04-19 19:50:34.679892,25.63,2.49,1
2026-04-19 19:50:39.679892,25.22,2.52,1
2026-04-19 19:50:44.679892,25.92,2.75,1
2026-04-19 19:50:49.679892,25.6,2.13,1
2026-04-19 19:50:54.679892,25.31,2.85,1
2026-04-19 19:50:59.679892,25.03,2.93,1
2026-04-19 19:51:04.679892,25.17,2.62,1
2026-04-19 19:51:09.679892,25.6,2.31,1
2026-04-19 19:51:14.679892,25.75,2.84,1
2026-04-19 19:51:19.679892,25.85,2.13,1
2026-04-19 19:51:24.679892,25.62,2.69,1
2026-04-19 19:51:29.679892,27.0,4.0,2
2026-04-19 19:51:34.679892,27.0,4.0,2
2026-04-19 19:51:39.679892,27.0,4.0,2
2026-04-19 19:51:44.679892,27.0,4.0,2
2026-04-19 19:51:49.679892,27.0,4.0,2
2026-04-19 19:51:54.679892,27.0,4.0,2
2026-04-19 19:51:59.679892,27.0,4.0,2
2026-04-19 19:52:04.679892,27.0,4.0,2
2026-04-19 19:52:09.679892,27.0,4.0,2
2026-04-19 19:52:14.679892,27.0,4.0,2
2026-04-19 19:52:19.679892,27.0,4.0,2
2026-04-19 19:52:24.679892,27.0,4.0,2
2026-04-19 19:52:29.679892,27.0,4.0,2
2026-04-19 19:52:34.679892,27.0,4.0,2
2026-04-19 19:52:39.679892,27.0,4.0,2
2026-04-19 19:52:44.679892,27.0,4.0,2
2026-04-19 19:52:49.679892,27.0,4.0,2
2026-04-19 19:52:54.679892,27.0,4.0,2
2026-04-19 19:52:59.679892,27.0,4.0,2
2026-04-19 19:53:04.679892,27.0,4.0,2
2026-04-19 19:53:09.679892,27.0,4.0,2
2026-04-19 19:53:14.679892,27.0,4.0,2
2026-04-19 19:53:19.679892,27.0,4.0,2
2026-04-19 19:53:24.679892,27.0,4.0,2
2026-04-19 19:53:29.679892,0.0,0.0,0
2026-04-19 19:53:34.679892,27.0,4.0,2
2026-04-19 19:53:39.679892,27.0,4.0,2
2026-04-19 19:53:44.679892,27.0,4.0,2
2026-04-19 19:53:49.679892,27.0,4.0,2
2026-04-19 19:53:54.679892,27.0,4.0,2
2026-04-19 19:53:59.679892,27.0,4.0,2
2026-04-19 19:54:04.679892,27.0,4.0,2
2026-04-19 19:54:09.679892,27.0,4.0,2
2026-04-19 19:54:14.679892,27.0,4.0,2
2026-04-19 19:54:19.679892,0.0,0.0,0
2026-04-19 19:54:24.679892,27.0,4.0,2
2026-04-19 19:54:29.679892,27.0,4.0,2
2026-04-19 19:54:34.679892,27.0,4.0,2
2026-04-19 19:54:39.679892,27.0,4.0,2
2026-04-19 19:54:44.679892,27.0,4.0,2
2026-04-19 19:54:49.679892,27.0,4.0,2
2026-04-19 19:54:54.679892,27.0,4.0,2
2026-04-19 19:54:59.679892,0.0,0.0,0
2026-04-19 19:55:04.679892,0.0,0.0,0
2026-04-19 19:55:09.679892,0.0,0.0,0
2026-04-19 19:55:14.679892,0.0,0.0,0
2026-04-19 19:55:19.679892,27.0,4.0,2
2026-04-19 19:55:24.679892,27.0,4.0,2
2026-04-19 19:55:29.679892,27.0,4.0,2
2026-04-19 19:55:34.679892,25.79,2.76,1
2026-04-19 19:55:39.679892,25.22,2.25,1
2026-04-19 19:55:44.679892,25.69,2.77,1
2026-04-19 19:55:49.679892,25.37,2.42,1
2026-04-19 19:55:54.679892,25.89,2.88,1
2026-04-19 19:55:59.679892,25.03,2.06,1
2026-04-19 19:56:04.679892,25.34,2.96,1
2026-04-19 19:56:09.679892,25.0,2.15,1
2026-04-19 19:56:14.679892,25.12,2.88,1
2026-04-19 19:56:19.679892,25.12,2.25,1
2026-04-19 19:56:24.679892,25.22,2.77,1
2026-04-19 19:56:29.679892,25.37,2.2,1
2026-04-19 19:56:34.679892,25.9,2.6,1
2026-04-19 19:56:39.679892,25.21,2.96,1
2026-04-19 19:56:44.679892,25.25,2.89,1
2026-04-19 19:56:49.679892,25.33,2.65,1
2026-04-19 19:56:54.679892,25.58,2.73,1
2026-04-19 19:56:59.679892,25.69,2.33,1
2026-04-19 19:57:04.679892,25.89,2.82,1
2026-04-19 19:57:09.679892,25.4,2.47,1
2026-04-19 19:57:14.679892,25.39,2.9,1
2026-04-19 19:57:19.679892,25.51,2.84,1
2026-04-19 19:57:24.679892,25.53,2.51,1
2026-04-19 19:57:29.679892,25.34,2.67,1
2026-04-19 19:57:34.679892,25.58,2.7,1
2026-04-19 19:57:39.679892,25.16,2.38,1
2026-04-19 19:57:44.679892,25.29,2.24,1
2026-04-19 19:57:49.679892,25.82,2.27,1
2026-04-19 19:57:54.679892,0.0,0.0,0
2026-04-19 19:57:59.679892,0.0,0.0,0
2026-04-19 19:58:04.679892,0.0,0.0,0
2026-04-19 19:58:09.679892,25.42,2.32,1
2026-04-19 19:58:14.679892,25.42,2.21,1
2026-04-19 19:58:19.679892,25.52,2.45,1
2026-04-19 19:58:24.679892,25.25,2.8,1
2026-04-19 19:58:29.679892,25.81,2.24,1
2026-04-19 19:58:34.679892,25.94,2.03,1
2026-04-19 19:58:39.679892,25.72,2.03,1
2026-04-19 19:58:44.679892,25.69,2.82,1
2026-04-19 19:58:49.679892,25.42,2.99,1
2026-04-19 19:58:54.679892,25.05,2.25,1
2026-04-19 19:58:59.679892,25.06,2.54,1
2026-04-19 19:59:04.679892,25.95,2.31,1
2026-04-19 19:59:09.679892,25.15,2.31,1
2026-04-19 19:59:14.679892,25.12,2.71,1
2026-04-19 19:59:19.679892,25.93,2.65,1
2026-04-19 19:59:24.679892,25.75,2.68,1
2026-04-19 19:59:29.679892,25.97,2.7,1
2026-04-19 19:59:34.679892,25.47,2.01,1
2026-04-19 19:59:39.679892,25.27,2.41,1
2026-04-19 19:59:44.679892,25.41,2.57,1
2026-04-19 19:59:49.679892,25.78,2.59,1
2026-04-19 19:59:54.679892,25.48,2.31,1
2026-04-19 19:59:59.679892,25.42,2.94,1
2026-04-19 20:00:04.679892,25.41,2.29,1
2026-04-19 20:00:09.679892,25.86,2.37,1
2026-04-19 20:00:14.679892,25.98,2.41,1
2026-04-19 20:00:19.679892,25.62,2.39,1
2026-04-19 20:00:24.679892,27.0,4.0,2
2026-04-19 20:00:29.679892,27.0,4.0,2
2026-04-19 20:00:34.679892,27.0,4.0,2
2026-04-19 20:00:39.679892,27.0,4.0,2
2026-04-19 20:00:44.679892,27.0,4.0,2
2026-04-19 20:00:49.679892,27.0,4.0,2
2026-04-19 20:00:54.679892,25.91,2.51,1
2026-04-19 20:00:59.679892,25.39,2.7,1
2026-04-19 20:01:04.679892,25.59,2.03,1
2026-04-19 20:01:09.679892,25.72,2.09,1
2026-04-19 20:01:14.679892,25.32,2.59,1
2026-04-19 20:01:19.679892,25.17,2.49,1
2026-04-19 20:01:24.679892,25.72,2.57,1
2026-04-19 20:01:29.679892,25.89,2.14,1
2026-04-19 20:01:34.679892,25.76,2.8,1
2026-04-19 20:01:39.679892,25.43,2.32,1
2026-04-19 20:01:44.679892,25.67,2.3,1
2026-04-19 20:01:49.679892,25.86,2.33,1
2026-04-19 20:01:54.679892,25.01,2.69,1
2026-04-19 20:01:59.679892,25.55,2.28,1
2026-04-19 20:02:04.679892,25.06,2.21,1
2026-04-19 20:02:09.679892,25.72,2.51,1
2026-04-19 20:02:14.679892,25.55,2.98,1
2026-04-19 20:02:19.679892,25.61,2.86,1
2026-04-19 20:02:24.679892,25.67,2.28,1
2026-04-19 20:02:29.679892,25.17,2.42,1
2026-04-19 20:02:34.679892,25.09,2.69,1
2026-04-19 20:02:39.679892,25.82,2.45,1
2026-04-19 20:02:44.679892,25.83,2.36,1
2026-04-19 20:02:49.679892,25.87,2.11,1
2026-04-19 20:02:54.679892,25.3,2.61,1
2026-04-19 20:02:59.679892,25.86,2.95,1
2026-04-19 20:03:04.679892,25.42,2.45,1
2026-04-19 20:03:09.679892,25.28,2.6,1
2026-04-19 20:03:14.679892,25.69,2.78,1
2026-04-19 20:03:19.679892,25.05,2.77,1
2026-04-19 20:03:24.679892,25.46,2.9,1
2026-04-19 20:03:29.679892,25.21,2.72,1
2026-04-19 20:03:34.679892,25.37,2.01,1
2026-04-19 20:03:39.679892,27.0,4.0,2
2026-04-19 20:03:44.679892,27.0,4.0,2
2026-04-19 20:03:49.679892,27.0,4.0,2
2026-04-19 20:03:54.679892,27.0,4.0,2
2026-04-19 20:03:59.679892,27.0,4.0,2
2026-04-19 20:04:04.679892,27.0,4.0,2
2026-04-19 20:04:09.679892,27.0,4.0,2
2026-04-19 20:04:14.679892,25.52,2.01,1
2026-04-19 20:04:19.679892,25.62,2.24,1
2026-04-19 20:04:24.679892,25.48,2.95,1
2026-04-19 20:04:29.679892,25.36,2.18,1
2026-04-19 20:04:34.679892,25.88,2.08,1
2026-04-19 20:04:39.679892,25.84,2.77,1
2026-04-19 20:04:44.679892,25.24,2.55,1
2026-04-19 20:04:49.679892,25.07,2.22,1
2026-04-19 20:04:54.679892,25.28,2.81,1
2026-04-19 20:04:59.679892,25.14,2.78,1
2026-04-19 20:05:04.679892,25.85,2.84,1
2026-04-19 20:05:09.679892,25.88,2.1,1
2026-04-19 20:05:14.679892,25.67,2.84,1
2026-04-19 20:05:19.679892,25.34,2.4,1
2026-04-19 20:05:24.679892,25.93,2.06,1
2026-04-19 20:05:29.679892,25.8,2.97,1
2026-04-19 20:05:34.679892,25.06,2.7,1
2026-04-19 20:05:39.679892,25.61,2.08,1
2026-04-19 20:05:44.679892,25.66,2.94,1
2026-04-19 20:05:49.679892,25.86,2.62,1
2026-04-19 20:05:54.679892,25.07,2.5,1
2026-04-19 20:05:59.679892,25.98,2.13,1
2026-04-19 20:06:04.679892,25.34,2.86,1
2026-04-19 20:06:09.679892,25.0,2.14,1
2026-04-19 20:06:14.679892,25.78,2.6,1
2026-04-19 20:06:19.679892,25.35,2.41,1
2026-04-19 20:06:24.679892,25.76,2.47,1
2026-04-19 20:06:29.679892,25.64,2.53,1
2026-04-19 20:06:34.679892,25.8,2.5,1
2026-04-19 20:06:39.679892,25.07,2.86,1
2026-04-19 20:06:44.679892,25.9,2.49,1
2026-04-19 20:06:49.679892,25.89,2.45,1
2026-04-19 20:06:54.679892,25.68,2.24,1
2026-04-19 20:06:59.679892,25.27,2.59,1
2026-04-19 20:07:04.679892,25.09,2.38,1
2026-04-19 20:07:09.679892,25.74,2.71,1
2026-04-19 20:07:14.679892,25.42,2.89,1
2026-04-19 20:07:19.679892,27.0,4.0,2
2026-04-19 20:07:24.679892,27.0,4.0,2
2026-04-19 20:07:29.679892,27.0,4.0,2
2026-04-19 20:07:34.679892,27.0,4.0,2
2026-04-19 20:07:39.679892,0.0,0.0,0
2026-04-19 20:07:44.679892,25.21,2.86,1
2026-04-19 20:07:49.679892,25.61,2.66,1
2026-04-19 20:07:54.679892,25.1,2.93,1
2026-04-19 20:07:59.679892,25.02,2.91,1
2026-04-19 20:08:04.679892,25.17,2.17,1
2026-04-19 20:08:09.679892,25.63,2.78,1
2026-04-19 20:08:14.679892,25.12,2.78,1
2026-04-19 20:08:19.679892,25.01,2.21,1
2026-04-19 20:08:24.679892,25.81,2.45,1
2026-04-19 20:08:29.679892,25.27,2.44,1
2026-04-19 20:08:34.679892,27.0,4.0,2
2026-04-19 20:08:39.679892,27.0,4.0,2
2026-04-19 20:08:44.679892,27.0,4.0,2
2026-04-19 20:08:49.679892,27.0,4.0,2
2026-04-19 20:08:54.679892,27.0,4.0,2
2026-04-19 20:08:59.679892,27.0,4.0,2
2026-04-19 20:09:04.679892,25.67,2.93,1
2026-04-19 20:09:09.679892,25.84,2.7,1
2026-04-19 20:09:14.679892,25.13,2.03,1
2026-04-19 20:09:19.679892,25.21,2.26,1
2026-04-19 20:09:24.679892,25.57,2.15,1
2026-04-19 20:09:29.679892,25.02,2.34,1
2026-04-19 20:09:34.679892,25.09,2.78,1
2026-04-19 20:09:39.679892,25.71,2.01,1
2026-04-19 20:09:44.679892,25.04,2.54,1
2026-04-19 20:09:49.679892,25.65,2.45,1
2026-04-19 20:09:54.679892,25.15,2.73,1
2026-04-19 20:09:59.679892,25.84,2.66,1
2026-04-19 20:10:04.679892,25.5,2.04,1
2026-04-19 20:10:09.679892,25.48,2.81,1
2026-04-19 20:10:14.679892,25.04,2.05,1
2026-04-19 20:10:19.679892,25.53,2.42,1
2026-04-19 20:10:24.679892,25.34,2.92,1
2026-04-19 20:10:29.679892,25.28,2.02,1
2026-04-19 20:10:34.679892,25.64,2.38,1
2026-04-19 20:10:39.679892,25.13,2.27,1
2026-04-19 20:10:44.679892,25.49,2.11,1
2026-04-19 20:10:49.679892,25.87,2.12,1
2026-04-19 20:10:54.679892,25.12,2.87,1
2026-04-19 20:10:59.679892,25.62,2.78,1
2026-04-19 20:11:04.679892,25.07,2.65,1
2026-04-19 20:11:09.679892,0.0,0.0,0
2026-04-19 20:11:14.679892,27.0,4.0,2
2026-04-19 20:11:19.679892,27.0,4.0,2
2026-04-19 20:11:24.679892,27.0,4.0,2
2026-04-19 20:11:29.679892,27.0,4.0,2
2026-04-19 20:11:34.679892,27.0,4.0,2
2026-04-19 20:11:39.679892,27.0,4.0,2
2026-04-19 20:11:44.679892,27.0,4.0,2
2026-04-19 20:11:49.679892,27.0,4.0,2
2026-04-19 20:11:54.679892,27.0,4.0,2
2026-04-19 20:11:59.679892,27.0,4.0,2
2026-04-19 20:12:04.679892,27.0,4.0,2
2026-04-19 20:12:09.679892,27.0,4.0,2
2026-04-19 20:12:14.679892,27.0,4.0,2
2026-04-19 20:12:19.679892,27.0,4.0,2
2026-04-19 20:12:24.679892,0.0,0.0,0
2026-04-19 20:12:29.679892,0.0,0.0,0
2026-04-19 20:12:34.679892,25.41,2.4,1
