timestamp,current,voltage,temperature,vibration,label
2026-03-25 11:44:00.399819,-13.25,0.0,32.0,0,0
2026-03-25 11:44:05.399819,-13.52,0.0,32.0,0,0
2026-03-25 11:44:10.399819,-13.23,0.0,32.0,0,0
2026-03-25 11:44:15.399819,-13.44,6.36,39.86,0,1
2026-03-25 11:44:20.399819,-13.28,8.34,43.89,1,2
2026-03-25 11:44:25.399819,-13.04,9.35,45.67,1,2
2026-03-25 11:44:30.399819,-13.69,7.95,33.21,0,1
2026-03-25 11:44:35.399819,-13.54,7.23,33.81,0,1
2026-03-25 11:44:40.399819,-12.76,11.82,43.18,1,2
2026-03-25 11:44:45.399819,-13.12,0.0,32.0,0,0
2026-03-25 11:44:50.399819,-13.25,0.0,32.0,0,0
2026-03-25 11:44:55.399819,-13.32,5.63,33.33,0,1
2026-03-25 11:45:00.399819,-12.9,8.43,39.71,1,2
2026-03-25 11:45:05.399819,-13.24,8.27,47.44,1,2
2026-03-25 11:45:10.399819,-13.47,5.97,36.49,0,1
2026-03-25 11:45:15.399819,-12.96,9.74,35.36,1,2
2026-03-25 11:45:20.399819,-13.39,5.25,37.29,0,1
2026-03-25 11:45:25.399819,-13.15,8.45,38.6,1,2
2026-03-25 11:45:30.399819,-13.3,11.24,48.72,1,2
2026-03-25 11:45:35.399819,-14.0,0.0,32.0,0,0
2026-03-25 11:45:40.399819,-13.43,7.43,37.19,0,1
2026-03-25 11:45:45.399819,-13.38,6.32,35.22,0,1
2026-03-25 11:45:50.399819,-13.36,6.06,30.47,0,1
2026-03-25 11:45:55.399819,-13.59,0.0,32.0,0,0
2026-03-25 11:46:00.399819,-13.46,6.64,35.83,0,1
2026-03-25 11:46:05.399819,-13.42,0.0,32.0,0,0
2026-03-25 11:46:10.399819,-13.4,0.0,32.0,0,0
2026-03-25 11:46:15.399819,-13.4,5.1,36.46,0,1
2026-03-25 11:46:20.399819,-12.92,11.8,47.38,1,2
2026-03-25 11:46:25.399819,-12.99,10.01,48.81,1,2
2026-03-25 11:46:30.399819,-13.97,0.0,32.0,0,0
2026-03-25 11:46:35.399819,-13.1,0.0,32.0,0,0
2026-03-25 11:46:40.399819,-13.4,7.76,33.66,0,1
2026-03-25 11:46:45.399819,-13.08,8.52,52.45,1,2
2026-03-25 11:46:50.399819,-13.44,5.59,39.75,0,1
2026-03-25 11:46:55.399819,-13.66,6.58,31.63,0,1
2026-03-25 11:47:00.399819,-13.03,0.0,32.0,0,0
2026-03-25 11:47:05.399819,-13.72,0.0,32.0,0,0
2026-03-25 11:47:10.399819,-13.67,0.0,32.0,0,0
2026-03-25 11:47:15.399819,-13.83,0.0,32.0,0,0
2026-03-25 11:47:20.399819,-12.76,11.32,48.8,1,2
2026-03-25 11:47:25.399819,-13.63,5.72,31.33,0,1
2026-03-25 11:47:30.399819,-13.05,0.0,32.0,0,0
2026-03-25 11:47:35.399819,-12.91,9.36,44.68,1,2
2026-03-25 11:47:40.399819,-12.73,11.19,47.56,1,2
2026-03-25 11:47:45.399819,-13.07,8.59,51.35,1,2
2026-03-25 11:47:50.399819,-13.42,6.51,39.81,0,1
2026-03-25 11:47:55.399819,-12.95,10.63,42.55,1,2
2026-03-25 11:48:00.399819,-13.32,7.18,33.26,0,1
2026-03-25 11:48:05.399819,-13.43,0.0,32.0,0,0
2026-03-25 11:48:10.399819,-13.97,0.0,32.0,0,0
2026-03-25 11:48:15.399819,-13.27,9.11,35.23,1,2
2026-03-25 11:48:20.399819,-13.26,0.0,32.0,0,0
2026-03-25 11:48:25.399819,-13.08,0.0,32.0,0,0
2026-03-25 11:48:30.399819,-13.38,5.0,30.3,0,1
2026-03-25 11:48:35.399819,-13.17,11.98,52.8,1,2
2026-03-25 11:48:40.399819,-13.56,6.7,32.49,0,1
2026-03-25 11:48:45.399819,-13.36,7.8,34.81,0,1
2026-03-25 11:48:50.399819,-13.35,0.0,32.0,0,0
2026-03-25 11:48:55.399819,-13.81,0.0,32.0,0,0
2026-03-25 11:49:00.399819,-13.24,8.57,39.45,1,2
2026-03-25 11:49:05.399819,-12.99,11.45,42.29,1,2
2026-03-25 11:49:10.399819,-13.49,5.58,33.38,0,1
2026-03-25 11:49:15.399819,-13.85,0.0,32.0,0,0
2026-03-25 11:49:20.399819,-13.48,0.0,32.0,0,0
2026-03-25 11:49:25.399819,-13.61,0.0,32.0,0,0
2026-03-25 11:49:30.399819,-13.27,0.0,32.0,0,0
2026-03-25 11:49:35.399819,-13.47,0.0,32.0,0,0
2026-03-25 11:49:40.399819,-13.77,0.0,32.0,0,0
2026-03-25 11:49:45.399819,-13.32,6.88,32.98,0,1
2026-03-25 11:49:50.399819,-13.19,0.0,32.0,0,0
2026-03-25 11:49:55.399819,-13.31,7.32,35.79,0,1
2026-03-25 11:50:00.399819,-13.66,5.09,37.89,0,1
2026-03-25 11:50:05.399819,-13.07,10.31,41.18,1,2
2026-03-25 11:50:10.399819,-13.75,0.0,32.0,0,0
2026-03-25 11:50:15.399819,-13.34,0.0,32.0,0,0
2026-03-25 11:50:20.399819,-13.91,0.0,32.0,0,0
2026-03-25 11:50:25.399819,-12.76,11.28,46.9,1,2
2026-03-25 11:50:30.399819,-13.07,0.0,32.0,0,0
2026-03-25 11:50:35.399819,-13.33,6.17,34.94,0,1
2026-03-25 11:50:40.399819,-13.66,7.73,31.61,0,1
2026-03-25 11:50:45.399819,-13.34,5.46,30.88,0,1
2026-03-25 11:50:50.399819,-13.22,0.0,32.0,0,0
2026-03-25 11:50:55.399819,-12.78,8.33,54.87,1,2
2026-03-25 11:51:00.399819,-12.78,9.95,43.64,1,2
2026-03-25 11:51:05.399819,-13.02,8.67,47.2,1,2
2026-03-25 11:51:10.399819,-13.35,0.0,32.0,0,0
2026-03-25 11:51:15.399819,-13.22,0.0,32.0,0,0
2026-03-25 11:51:20.399819,-13.05,9.19,40.06,1,2
2026-03-25 11:51:25.399819,-13.14,8.1,39.63,1,2
2026-03-25 11:51:30.399819,-13.46,6.46,33.23,0,1
2026-03-25 11:51:35.399819,-13.7,6.38,33.24,0,1
2026-03-25 11:51:40.399819,-13.29,11.54,51.87,1,2
2026-03-25 11:51:45.399819,-13.66,0.0,32.0,0,0
2026-03-25 11:51:50.399819,-13.39,6.58,33.64,0,1
2026-03-25 11:51:55.399819,-13.47,6.11,36.94,0,1
2026-03-25 11:52:00.399819,-13.29,8.54,37.96,1,2
2026-03-25 11:52:05.399819,-13.24,9.43,53.37,1,2
2026-03-25 11:52:10.399819,-13.88,0.0,32.0,0,0
2026-03-25 11:52:15.399819,-12.77,8.36,47.81,1,2
2026-03-25 11:52:20.399819,-12.83,10.94,42.67,1,2
2026-03-25 11:52:25.399819,-12.84,10.09,51.45,1,2
2026-03-25 11:52:30.399819,-13.09,10.58,49.15,1,2
2026-03-25 11:52:35.399819,-13.63,7.36,34.07,0,1
2026-03-25 11:52:40.399819,-13.67,0.0,32.0,0,0
2026-03-25 11:52:45.399819,-12.8,8.19,42.92,1,2
2026-03-25 11:52:50.399819,-13.27,11.56,51.62,1,2
2026-03-25 11:52:55.399819,-13.78,0.0,32.0,0,0
2026-03-25 11:53:00.399819,-13.39,6.96,33.67,0,1
2026-03-25 11:53:05.399819,-13.68,0.0,32.0,0,0
2026-03-25 11:53:10.399819,-13.4,5.18,33.17,0,1
2026-03-25 11:53:15.399819,-13.42,7.1,35.36,0,1
2026-03-25 11:53:20.399819,-13.52,7.49,37.39,0,1
2026-03-25 11:53:25.399819,-13.62,6.89,35.14,0,1
2026-03-25 11:53:30.399819,-13.01,9.26,42.26,1,2
2026-03-25 11:53:35.399819,-12.93,9.67,45.81,1,2
2026-03-25 11:53:40.399819,-12.81,10.3,52.04,1,2
2026-03-25 11:53:45.399819,-12.77,9.97,47.56,1,2
2026-03-25 11:53:50.399819,-13.56,5.42,35.38,0,1
2026-03-25 11:53:55.399819,-13.33,6.14,38.15,0,1
2026-03-25 11:54:00.399819,-12.97,10.04,40.06,1,2
2026-03-25 11:54:05.399819,-13.24,9.81,48.22,1,2
2026-03-25 11:54:10.399819,-13.48,0.0,32.0,0,0
2026-03-25 11:54:15.399819,-13.05,0.0,32.0,0,0
2026-03-25 11:54:20.399819,-13.15,8.12,41.96,1,2
2026-03-25 11:54:25.399819,-13.51,6.65,34.83,0,1
2026-03-25 11:54:30.399819,-13.32,0.0,32.0,0,0
2026-03-25 11:54:35.399819,-12.82,9.32,40.79,1,2
2026-03-25 11:54:40.399819,-13.65,5.12,38.84,0,1
2026-03-25 11:54:45.399819,-13.0,0.0,32.0,0,0
2026-03-25 11:54:50.399819,-13.59,7.65,34.31,0,1
2026-03-25 11:54:55.399819,-13.59,6.3,31.12,0,1
2026-03-25 11:55:00.399819,-13.86,0.0,32.0,0,0
2026-03-25 11:55:05.399819,-13.67,5.51,39.16,0,1
2026-03-25 11:55:10.399819,-13.73,0.0,32.0,0,0
2026-03-25 11:55:15.399819,-13.11,9.9,52.27,1,2
2026-03-25 11:55:20.399819,-13.6,7.98,39.9,0,1
2026-03-25 11:55:25.399819,-13.47,0.0,32.0,0,0
2026-03-25 11:55:30.399819,-13.35,5.71,30.88,0,1
2026-03-25 11:55:35.399819,-13.66,7.97,35.86,0,1
2026-03-25 11:55:40.399819,-13.25,0.0,32.0,0,0
2026-03-25 11:55:45.399819,-12.74,11.42,51.29,1,2
2026-03-25 11:55:50.399819,-12.76,8.3,52.49,1,2
2026-03-25 11:55:55.399819,-13.56,7.79,33.49,0,1
2026-03-25 11:56:00.399819,-13.01,0.0,32.0,0,0
2026-03-25 11:56:05.399819,-12.89,8.84,53.08,1,2
2026-03-25 11:56:10.399819,-13.39,5.72,37.16,0,1
2026-03-25 11:56:15.399819,-13.22,10.33,43.71,1,2
2026-03-25 11:56:20.399819,-13.41,5.64,39.32,0,1
2026-03-25 11:56:25.399819,-13.74,0.0,32.0,0,0
2026-03-25 11:56:30.399819,-13.55,7.42,38.43,0,1
2026-03-25 11:56:35.399819,-13.15,10.17,40.46,1,2
2026-03-25 11:56:40.399819,-13.52,5.51,35.24,0,1
2026-03-25 11:56:45.399819,-13.55,6.8,38.33,0,1
2026-03-25 11:56:50.399819,-13.68,5.15,31.3,0,1
2026-03-25 11:56:55.399819,-13.64,0.0,32.0,0,0
2026-03-25 11:57:00.399819,-12.87,9.04,52.92,1,2
2026-03-25 11:57:05.399819,-13.5,5.58,33.3,0,1
2026-03-25 11:57:10.399819,-13.36,6.17,37.07,0,1
2026-03-25 11:57:15.399819,-13.86,0.0,32.0,0,0
2026-03-25 11:57:20.399819,-13.5,7.16,36.79,0,1
2026-03-25 11:57:25.399819,-13.59,5.69,35.31,0,1
2026-03-25 11:57:30.399819,-12.96,10.04,53.55,1,2
2026-03-25 11:57:35.399819,-12.87,11.32,43.58,1,2
2026-03-25 11:57:40.399819,-13.47,6.71,39.52,0,1
2026-03-25 11:57:45.399819,-13.82,0.0,32.0,0,0
2026-03-25 11:57:50.399819,-13.87,0.0,32.0,0,0
2026-03-25 11:57:55.399819,-13.77,0.0,32.0,0,0
2026-03-25 11:58:00.399819,-13.63,6.0,31.18,0,1
2026-03-25 11:58:05.399819,-12.79,11.5,54.9,1,2
2026-03-25 11:58:10.399819,-13.07,0.0,32.0,0,0
2026-03-25 11:58:15.399819,-13.22,11.01,39.14,1,2
2026-03-25 11:58:20.399819,-13.51,5.59,32.53,0,1
2026-03-25 11:58:25.399819,-12.79,9.84,44.59,1,2
2026-03-25 11:58:30.399819,-13.88,0.0,32.0,0,0
2026-03-25 11:58:35.399819,-13.24,0.0,32.0,0,0
2026-03-25 11:58:40.399819,-13.4,0.0,32.0,0,0
2026-03-25 11:58:45.399819,-13.22,11.66,39.18,1,2
2026-03-25 11:58:50.399819,-13.64,5.5,36.75,0,1
2026-03-25 11:58:55.399819,-13.37,6.89,34.36,0,1
2026-03-25 11:59:00.399819,-13.7,7.54,32.29,0,1
2026-03-25 11:59:05.399819,-13.5,5.75,36.56,0,1
2026-03-25 11:59:10.399819,-13.48,7.41,31.1,0,1
2026-03-25 11:59:15.399819,-13.44,0.0,32.0,0,0
2026-03-25 11:59:20.399819,-13.3,0.0,32.0,0,0
2026-03-25 11:59:25.399819,-13.23,0.0,32.0,0,0
2026-03-25 11:59:30.399819,-13.16,9.65,45.87,1,2
2026-03-25 11:59:35.399819,-13.69,5.65,31.3,0,1
2026-03-25 11:59:40.399819,-13.43,5.69,31.06,0,1
2026-03-25 11:59:45.399819,-13.93,0.0,32.0,0,0
2026-03-25 11:59:50.399819,-13.17,0.0,32.0,0,0
2026-03-25 11:59:55.399819,-12.99,11.57,52.75,1,2
2026-03-25 12:00:00.399819,-13.47,0.0,32.0,0,0
2026-03-25 12:00:05.399819,-13.08,10.77,52.35,1,2
2026-03-25 12:00:10.399819,-13.36,7.38,33.54,0,1
2026-03-25 12:00:15.399819,-13.32,7.3,37.29,0,1
2026-03-25 12:00:20.399819,-13.03,10.66,35.85,1,2
2026-03-25 12:00:25.399819,-13.67,7.42,39.55,0,1
2026-03-25 12:00:30.399819,-13.23,10.49,48.44,1,2
2026-03-25 12:00:35.399819,-13.05,8.57,49.4,1,2
2026-03-25 12:00:40.399819,-13.57,0.0,32.0,0,0
2026-03-25 12:00:45.399819,-13.24,11.14,51.87,1,2
2026-03-25 12:00:50.399819,-13.86,0.0,32.0,0,0
2026-03-25 12:00:55.399819,-13.39,7.52,35.85,0,1
2026-03-25 12:01:00.399819,-13.13,0.0,32.0,0,0
2026-03-25 12:01:05.399819,-13.03,10.06,37.04,1,2
2026-03-25 12:01:10.399819,-12.86,11.59,38.27,1,2
2026-03-25 12:01:15.399819,-13.23,11.52,52.37,1,2
2026-03-25 12:01:20.399819,-13.17,0.0,32.0,0,0
2026-03-25 12:01:25.399819,-12.79,9.4,41.76,1,2
2026-03-25 12:01:30.399819,-13.03,8.61,54.69,1,2
2026-03-25 12:01:35.399819,-13.46,0.0,32.0,0,0
2026-03-25 12:01:40.399819,-13.09,0.0,32.0,0,0
2026-03-25 12:01:45.399819,-13.52,6.06,35.23,0,1
2026-03-25 12:01:50.399819,-13.48,7.65,34.9,0,1
2026-03-25 12:01:55.399819,-12.78,8.18,50.88,1,2
2026-03-25 12:02:00.399819,-13.23,8.63,49.32,1,2
2026-03-25 12:02:05.399819,-13.29,8.76,37.79,1,2
2026-03-25 12:02:10.399819,-13.13,0.0,32.0,0,0
2026-03-25 12:02:15.399819,-13.67,6.87,32.87,0,1
2026-03-25 12:02:20.399819,-13.66,6.92,30.3,0,1
2026-03-25 12:02:25.399819,-13.43,7.76,35.68,0,1
2026-03-25 12:02:30.399819,-13.32,7.45,39.6,0,1
2026-03-25 12:02:35.399819,-13.2,9.78,43.49,1,2
2026-03-25 12:02:40.399819,-13.52,5.24,37.76,0,1
2026-03-25 12:02:45.399819,-13.85,0.0,32.0,0,0
2026-03-25 12:02:50.399819,-13.07,10.2,53.05,1,2
2026-03-25 12:02:55.399819,-13.62,7.07,32.29,0,1
2026-03-25 12:03:00.399819,-13.86,0.0,32.0,0,0
2026-03-25 12:03:05.399819,-13.4,5.05,34.92,0,1
2026-03-25 12:03:10.399819,-13.44,0.0,32.0,0,0
2026-03-25 12:03:15.399819,-13.28,0.0,32.0,0,0
2026-03-25 12:03:20.399819,-12.88,8.07,46.16,1,2
2026-03-25 12:03:25.399819,-13.18,0.0,32.0,0,0
2026-03-25 12:03:30.399819,-13.36,5.15,35.89,0,1
2026-03-25 12:03:35.399819,-13.69,5.39,38.18,0,1
2026-03-25 12:03:40.399819,-13.26,0.0,32.0,0,0
2026-03-25 12:03:45.399819,-13.31,7.98,38.46,0,1
2026-03-25 12:03:50.399819,-13.64,5.16,34.45,0,1
2026-03-25 12:03:55.399819,-13.13,10.03,41.87,1,2
2026-03-25 12:04:00.399819,-13.05,0.0,32.0,0,0
2026-03-25 12:04:05.399819,-13.31,5.61,38.9,0,1
2026-03-25 12:04:10.399819,-13.9,0.0,32.0,0,0
2026-03-25 12:04:15.399819,-13.39,7.75,38.21,0,1
2026-03-25 12:04:20.399819,-13.32,6.71,31.56,0,1
2026-03-25 12:04:25.399819,-13.61,0.0,32.0,0,0
2026-03-25 12:04:30.399819,-13.32,7.14,30.43,0,1
2026-03-25 12:04:35.399819,-12.88,9.42,54.86,1,2
2026-03-25 12:04:40.399819,-13.68,0.0,32.0,0,0
2026-03-25 12:04:45.399819,-13.58,0.0,32.0,0,0
2026-03-25 12:04:50.399819,-13.65,7.59,33.13,0,1
2026-03-25 12:04:55.399819,-13.61,7.91,34.41,0,1
2026-03-25 12:05:00.399819,-13.75,0.0,32.0,0,0
2026-03-25 12:05:05.399819,-13.48,0.0,32.0,0,0
2026-03-25 12:05:10.399819,-13.57,7.76,35.06,0,1
2026-03-25 12:05:15.399819,-13.3,5.17,35.33,0,1
2026-03-25 12:05:20.399819,-13.8,0.0,32.0,0,0
2026-03-25 12:05:25.399819,-13.37,7.12,31.78,0,1
2026-03-25 12:05:30.399819,-13.48,5.28,36.35,0,1
2026-03-25 12:05:35.399819,-13.14,10.04,48.74,1,2
2026-03-25 12:05:40.399819,-13.24,0.0,32.0,0,0
2026-03-25 12:05:45.399819,-13.1,8.45,40.58,1,2
2026-03-25 12:05:50.399819,-12.97,8.63,41.01,1,2
2026-03-25 12:05:55.399819,-13.47,5.36,36.07,0,1
2026-03-25 12:06:00.399819,-13.65,6.47,36.08,0,1
2026-03-25 12:06:05.399819,-13.15,0.0,32.0,0,0
2026-03-25 12:06:10.399819,-12.78,8.63,50.55,1,2
2026-03-25 12:06:15.399819,-13.58,0.0,32.0,0,0
2026-03-25 12:06:20.399819,-12.73,10.32,50.01,1,2
2026-03-25 12:06:25.399819,-13.97,0.0,32.0,0,0
2026-03-25 12:06:30.399819,-13.55,7.63,36.87,0,1
2026-03-25 12:06:35.399819,-13.08,10.56,35.51,1,2
2026-03-25 12:06:40.399819,-13.41,6.15,33.46,0,1
2026-03-25 12:06:45.399819,-13.06,8.63,47.82,1,2
2026-03-25 12:06:50.399819,-13.22,0.0,32.0,0,0
2026-03-25 12:06:55.399819,-13.23,0.0,32.0,0,0
2026-03-25 12:07:00.399819,-13.06,11.98,44.45,1,2
2026-03-25 12:07:05.399819,-13.37,5.2,33.52,0,1
2026-03-25 12:07:10.399819,-13.25,0.0,32.0,0,0
2026-03-25 12:07:15.399819,-13.5,5.04,38.41,0,1
2026-03-25 12:07:20.399819,-13.48,0.0,32.0,0,0
2026-03-25 12:07:25.399819,-13.46,6.48,33.24,0,1
2026-03-25 12:07:30.399819,-13.37,6.67,36.87,0,1
2026-03-25 12:07:35.399819,-13.73,0.0,32.0,0,0
2026-03-25 12:07:40.399819,-13.18,9.37,53.96,1,2
2026-03-25 12:07:45.399819,-13.84,0.0,32.0,0,0
2026-03-25 12:07:50.399819,-13.61,5.13,34.63,0,1
2026-03-25 12:07:55.399819,-13.35,0.0,32.0,0,0
2026-03-25 12:08:00.399819,-12.9,8.88,45.23,1,2
2026-03-25 12:08:05.399819,-13.11,11.69,42.3,1,2
2026-03-25 12:08:10.399819,-12.92,8.85,54.65,1,2
2026-03-25 12:08:15.399819,-12.86,11.59,52.65,1,2
2026-03-25 12:08:20.399819,-13.33,5.11,38.51,0,1
2026-03-25 12:08:25.399819,-13.59,0.0,32.0,0,0
2026-03-25 12:08:30.399819,-13.18,11.45,50.39,1,2
2026-03-25 12:08:35.399819,-13.48,7.12,34.25,0,1
2026-03-25 12:08:40.399819,-13.74,0.0,32.0,0,0
2026-03-25 12:08:45.399819,-13.03,8.97,44.95,1,2
2026-03-25 12:08:50.399819,-12.86,11.21,43.22,1,2
2026-03-25 12:08:55.399819,-12.97,11.47,42.65,1,2
2026-03-25 12:09:00.399819,-13.25,9.75,48.53,1,2
2026-03-25 12:09:05.399819,-13.16,0.0,32.0,0,0
2026-03-25 12:09:10.399819,-13.52,7.8,36.98,0,1
2026-03-25 12:09:15.399819,-12.98,10.6,42.02,1,2
2026-03-25 12:09:20.399819,-13.58,5.59,33.13,0,1
2026-03-25 12:09:25.399819,-13.33,6.37,36.31,0,1
2026-03-25 12:09:30.399819,-13.5,0.0,32.0,0,0
2026-03-25 12:09:35.399819,-13.06,10.08,39.05,1,2
2026-03-25 12:09:40.399819,-13.61,7.05,31.04,0,1
2026-03-25 12:09:45.399819,-13.38,7.17,35.57,0,1
2026-03-25 12:09:50.399819,-13.33,5.5,33.39,0,1
2026-03-25 12:09:55.399819,-13.34,7.42,38.8,0,1
2026-03-25 12:10:00.399819,-13.45,7.16,32.82,0,1
2026-03-25 12:10:05.399819,-13.49,7.58,39.28,0,1
2026-03-25 12:10:10.399819,-13.58,5.59,35.89,0,1
2026-03-25 12:10:15.399819,-13.65,7.32,33.5,0,1
2026-03-25 12:10:20.399819,-13.52,6.73,32.98,0,1
2026-03-25 12:10:25.399819,-13.67,5.74,38.69,0,1
2026-03-25 12:10:30.399819,-13.6,6.69,32.1,0,1
2026-03-25 12:10:35.399819,-13.15,0.0,32.0,0,0
2026-03-25 12:10:40.399819,-13.35,0.0,32.0,0,0
2026-03-25 12:10:45.399819,-12.9,8.97,45.63,1,2
2026-03-25 12:10:50.399819,-12.93,10.36,47.96,1,2
2026-03-25 12:10:55.399819,-13.55,6.85,38.82,0,1
2026-03-25 12:11:00.399819,-13.42,0.0,32.0,0,0
2026-03-25 12:11:05.399819,-13.66,6.49,36.76,0,1
2026-03-25 12:11:10.399819,-14.0,0.0,32.0,0,0
2026-03-25 12:11:15.399819,-13.24,9.42,42.23,1,2
2026-03-25 12:11:20.399819,-13.66,7.13,31.44,0,1
2026-03-25 12:11:25.399819,-13.43,6.56,37.48,0,1
2026-03-25 12:11:30.399819,-13.47,0.0,32.0,0,0
2026-03-25 12:11:35.399819,-13.13,8.41,45.08,1,2
2026-03-25 12:11:40.399819,-12.99,8.82,45.82,1,2
2026-03-25 12:11:45.399819,-12.74,11.42,40.41,1,2
2026-03-25 12:11:50.399819,-13.9,0.0,32.0,0,0
2026-03-25 12:11:55.399819,-12.71,8.28,47.14,1,2
2026-03-25 12:12:00.399819,-13.24,0.0,32.0,0,0
2026-03-25 12:12:05.399819,-12.93,11.75,54.17,1,2
2026-03-25 12:12:10.399819,-13.32,7.7,36.96,0,1
2026-03-25 12:12:15.399819,-13.16,8.36,36.21,1,2
2026-03-25 12:12:20.399819,-13.19,11.53,37.96,1,2
2026-03-25 12:12:25.399819,-12.95,11.38,39.81,1,2
2026-03-25 12:12:30.399819,-13.15,10.56,42.12,1,2
2026-03-25 12:12:35.399819,-13.12,8.49,43.05,1,2
2026-03-25 12:12:40.399819,-13.65,5.02,30.01,0,1
2026-03-25 12:12:45.399819,-13.96,0.0,32.0,0,0
2026-03-25 12:12:50.399819,-13.02,9.25,36.53,1,2
2026-03-25 12:12:55.399819,-13.3,0.0,32.0,0,0
2026-03-25 12:13:00.399819,-13.15,8.81,54.16,1,2
2026-03-25 12:13:05.399819,-13.47,5.85,34.83,0,1
2026-03-25 12:13:10.399819,-13.33,6.2,34.95,0,1
2026-03-25 12:13:15.399819,-13.32,5.03,39.49,0,1
2026-03-25 12:13:20.399819,-13.0,10.87,42.48,1,2
2026-03-25 12:13:25.399819,-13.78,0.0,32.0,0,0
2026-03-25 12:13:30.399819,-13.02,9.03,52.84,1,2
2026-03-25 12:13:35.399819,-13.68,6.77,33.36,0,1
2026-03-25 12:13:40.399819,-13.14,0.0,32.0,0,0
2026-03-25 12:13:45.399819,-13.68,5.68,30.52,0,1
2026-03-25 12:13:50.399819,-13.19,0.0,32.0,0,0
2026-03-25 12:13:55.399819,-13.02,11.13,39.33,1,2
2026-03-25 12:14:00.399819,-13.13,8.11,36.6,1,2
2026-03-25 12:14:05.399819,-12.92,8.22,35.45,1,2
2026-03-25 12:14:10.399819,-13.74,0.0,32.0,0,0
2026-03-25 12:14:15.399819,-12.82,10.41,47.49,1,2
2026-03-25 12:14:20.399819,-13.56,0.0,32.0,0,0
2026-03-25 12:14:25.399819,-13.26,0.0,32.0,0,0
2026-03-25 12:14:30.399819,-13.67,6.25,35.46,0,1
2026-03-25 12:14:35.399819,-13.14,10.09,37.41,1,2
2026-03-25 12:14:40.399819,-13.93,0.0,32.0,0,0
2026-03-25 12:14:45.399819,-13.69,7.47,36.64,0,1
2026-03-25 12:14:50.399819,-13.88,0.0,32.0,0,0
2026-03-25 12:14:55.399819,-13.62,6.87,35.88,0,1
2026-03-25 12:15:00.399819,-13.16,10.95,37.77,1,2
2026-03-25 12:15:05.399819,-13.1,0.0,32.0,0,0
2026-03-25 12:15:10.399819,-12.9,9.7,40.14,1,2
2026-03-25 12:15:15.399819,-13.05,10.17,54.48,1,2
2026-03-25 12:15:20.399819,-13.29,8.2,43.23,1,2
2026-03-25 12:15:25.399819,-13.3,8.25,54.84,1,2
2026-03-25 12:15:30.399819,-12.87,9.87,49.2,1,2
2026-03-25 12:15:35.399819,-13.18,0.0,32.0,0,0
2026-03-25 12:15:40.399819,-13.22,11.66,41.9,1,2
2026-03-25 12:15:45.399819,-13.45,6.33,36.13,0,1
2026-03-25 12:15:50.399819,-13.55,5.86,34.4,0,1
2026-03-25 12:15:55.399819,-13.46,0.0,32.0,0,0
2026-03-25 12:16:00.399819,-13.81,0.0,32.0,0,0
2026-03-25 12:16:05.399819,-12.82,10.32,52.89,1,2
2026-03-25 12:16:10.399819,-12.94,9.86,53.41,1,2
2026-03-25 12:16:15.399819,-13.73,0.0,32.0,0,0
2026-03-25 12:16:20.399819,-13.71,0.0,32.0,0,0
2026-03-25 12:16:25.399819,-12.83,11.89,39.82,1,2
2026-03-25 12:16:30.399819,-12.77,8.25,49.05,1,2
2026-03-25 12:16:35.399819,-13.53,0.0,32.0,0,0
2026-03-25 12:16:40.399819,-12.72,11.64,53.25,1,2
2026-03-25 12:16:45.399819,-13.5,0.0,32.0,0,0
2026-03-25 12:16:50.399819,-13.31,5.88,35.38,0,1
2026-03-25 12:16:55.399819,-12.83,10.74,43.16,1,2
2026-03-25 12:17:00.399819,-13.27,0.0,32.0,0,0
2026-03-25 12:17:05.399819,-13.51,7.26,34.14,0,1
2026-03-25 12:17:10.399819,-12.82,11.54,35.27,1,2
2026-03-25 12:17:15.399819,-13.66,7.31,39.87,0,1
2026-03-25 12:17:20.399819,-13.08,8.79,46.88,1,2
2026-03-25 12:17:25.399819,-13.21,0.0,32.0,0,0
2026-03-25 12:17:30.399819,-12.83,9.37,41.08,1,2
2026-03-25 12:17:35.399819,-12.75,10.57,41.32,1,2
2026-03-25 12:17:40.399819,-13.48,0.0,32.0,0,0
2026-03-25 12:17:45.399819,-13.19,0.0,32.0,0,0
2026-03-25 12:17:50.399819,-13.66,6.58,33.83,0,1
2026-03-25 12:17:55.399819,-13.34,0.0,32.0,0,0
2026-03-25 12:18:00.399819,-13.37,0.0,32.0,0,0
2026-03-25 12:18:05.399819,-13.61,7.28,35.68,0,1
2026-03-25 12:18:10.399819,-13.1,11.95,51.65,1,2
2026-03-25 12:18:15.399819,-13.53,0.0,32.0,0,0
2026-03-25 12:18:20.399819,-13.55,7.42,37.3,0,1
2026-03-25 12:18:25.399819,-13.69,0.0,32.0,0,0
2026-03-25 12:18:30.399819,-13.57,6.0,31.66,0,1
2026-03-25 12:18:35.399819,-12.82,10.5,51.87,1,2
2026-03-25 12:18:40.399819,-13.46,7.23,36.31,0,1
2026-03-25 12:18:45.399819,-13.68,0.0,32.0,0,0
2026-03-25 12:18:50.399819,-13.39,5.86,34.29,0,1
2026-03-25 12:18:55.399819,-13.98,0.0,32.0,0,0
2026-03-25 12:19:00.399819,-13.43,6.85,35.61,0,1
2026-03-25 12:19:05.399819,-13.58,7.8,34.25,0,1
2026-03-25 12:19:10.399819,-12.87,9.5,50.18,1,2
2026-03-25 12:19:15.399819,-12.82,10.37,37.57,1,2
2026-03-25 12:19:20.399819,-13.13,9.71,38.42,1,2
2026-03-25 12:19:25.399819,-13.25,10.7,46.59,1,2
2026-03-25 12:19:30.399819,-13.66,7.83,31.47,0,1
2026-03-25 12:19:35.399819,-13.25,10.4,48.72,1,2
2026-03-25 12:19:40.399819,-12.98,9.66,37.56,1,2
2026-03-25 12:19:45.399819,-13.48,6.74,38.0,0,1
2026-03-25 12:19:50.399819,-13.15,0.0,32.0,0,0
2026-03-25 12:19:55.399819,-13.47,5.9,39.46,0,1
2026-03-25 12:20:00.399819,-13.39,0.0,32.0,0,0
2026-03-25 12:20:05.399819,-13.25,11.1,46.15,1,2
2026-03-25 12:20:10.399819,-13.2,0.0,32.0,0,0
2026-03-25 12:20:15.399819,-12.82,9.44,46.08,1,2
2026-03-25 12:20:20.399819,-13.7,6.4,30.43,0,1
2026-03-25 12:20:25.399819,-13.97,0.0,32.0,0,0
2026-03-25 12:20:30.399819,-13.15,0.0,32.0,0,0
2026-03-25 12:20:35.399819,-13.18,9.15,51.49,1,2
2026-03-25 12:20:40.399819,-12.95,11.8,37.55,1,2
2026-03-25 12:20:45.399819,-13.57,0.0,32.0,0,0
2026-03-25 12:20:50.399819,-13.05,0.0,32.0,0,0
2026-03-25 12:20:55.399819,-13.94,0.0,32.0,0,0
2026-03-25 12:21:00.399819,-13.39,0.0,32.0,0,0
2026-03-25 12:21:05.399819,-13.5,5.64,36.62,0,1
2026-03-25 12:21:10.399819,-13.4,7.98,38.31,0,1
2026-03-25 12:21:15.399819,-13.29,11.91,44.64,1,2
2026-03-25 12:21:20.399819,-12.91,9.64,41.43,1,2
2026-03-25 12:21:25.399819,-13.0,11.94,43.98,1,2
2026-03-25 12:21:30.399819,-13.41,0.0,32.0,0,0
2026-03-25 12:21:35.399819,-12.77,10.82,45.31,1,2
2026-03-25 12:21:40.399819,-13.04,0.0,32.0,0,0
2026-03-25 12:21:45.399819,-13.52,0.0,32.0,0,0
2026-03-25 12:21:50.399819,-13.43,0.0,32.0,0,0
2026-03-25 12:21:55.399819,-13.43,6.53,34.41,0,1
2026-03-25 12:22:00.399819,-13.47,0.0,32.0,0,0
2026-03-25 12:22:05.399819,-13.11,0.0,32.0,0,0
2026-03-25 12:22:10.399819,-13.55,5.98,30.45,0,1
2026-03-25 12:22:15.399819,-13.7,0.0,32.0,0,0
2026-03-25 12:22:20.399819,-13.0,0.0,32.0,0,0
2026-03-25 12:22:25.399819,-13.57,0.0,32.0,0,0
2026-03-25 12:22:30.399819,-13.23,10.32,53.13,1,2
2026-03-25 12:22:35.399819,-12.84,9.19,45.6,1,2
2026-03-25 12:22:40.399819,-13.04,0.0,32.0,0,0
2026-03-25 12:22:45.399819,-13.08,0.0,32.0,0,0
2026-03-25 12:22:50.399819,-13.34,5.43,33.43,0,1
2026-03-25 12:22:55.399819,-13.39,5.88,36.84,0,1
2026-03-25 12:23:00.399819,-13.51,6.03,36.57,0,1
2026-03-25 12:23:05.399819,-13.26,0.0,32.0,0,0
2026-03-25 12:23:10.399819,-13.03,9.23,48.39,1,2
2026-03-25 12:23:15.399819,-12.99,10.72,42.12,1,2
2026-03-25 12:23:20.399819,-13.4,6.67,32.16,0,1
2026-03-25 12:23:25.399819,-13.09,10.72,35.68,1,2
2026-03-25 12:23:30.399819,-13.06,10.99,40.79,1,2
2026-03-25 12:23:35.399819,-12.99,9.0,54.81,1,2
2026-03-25 12:23:40.399819,-13.54,5.58,37.13,0,1
2026-03-25 12:23:45.399819,-13.47,5.57,33.31,0,1
2026-03-25 12:23:50.399819,-13.51,6.97,33.47,0,1
2026-03-25 12:23:55.399819,-13.29,11.12,41.97,1,2
2026-03-25 12:24:00.399819,-13.35,0.0,32.0,0,0
2026-03-25 12:24:05.399819,-12.89,10.83,36.49,1,2
2026-03-25 12:24:10.399819,-13.49,6.66,39.07,0,1
2026-03-25 12:24:15.399819,-13.54,5.04,34.7,0,1
2026-03-25 12:24:20.399819,-13.4,6.76,36.14,0,1
2026-03-25 12:24:25.399819,-13.52,0.0,32.0,0,0
2026-03-25 12:24:30.399819,-13.49,0.0,32.0,0,0
2026-03-25 12:24:35.399819,-13.17,0.0,32.0,0,0
2026-03-25 12:24:40.399819,-12.99,9.77,47.16,1,2
2026-03-25 12:24:45.399819,-12.71,9.05,46.8,1,2
2026-03-25 12:24:50.399819,-13.48,7.07,35.26,0,1
2026-03-25 12:24:55.399819,-13.37,0.0,32.0,0,0
2026-03-25 12:25:00.399819,-12.71,9.18,47.67,1,2
2026-03-25 12:25:05.399819,-13.14,11.33,46.55,1,2
2026-03-25 12:25:10.399819,-13.09,0.0,32.0,0,0
2026-03-25 12:25:15.399819,-13.07,0.0,32.0,0,0
2026-03-25 12:25:20.399819,-13.89,0.0,32.0,0,0
2026-03-25 12:25:25.399819,-13.3,5.67,34.79,0,1
2026-03-25 12:25:30.399819,-13.54,7.78,35.46,0,1
2026-03-25 12:25:35.399819,-12.94,8.51,41.61,1,2
2026-03-25 12:25:40.399819,-13.24,0.0,32.0,0,0
2026-03-25 12:25:45.399819,-13.07,9.76,44.84,1,2
2026-03-25 12:25:50.399819,-13.88,0.0,32.0,0,0
2026-03-25 12:25:55.399819,-13.94,0.0,32.0,0,0
2026-03-25 12:26:00.399819,-12.83,10.98,45.95,1,2
2026-03-25 12:26:05.399819,-13.02,0.0,32.0,0,0
2026-03-25 12:26:10.399819,-13.29,8.77,47.49,1,2
2026-03-25 12:26:15.399819,-13.65,0.0,32.0,0,0
2026-03-25 12:26:20.399819,-13.16,10.28,43.43,1,2
2026-03-25 12:26:25.399819,-13.59,7.51,33.69,0,1
2026-03-25 12:26:30.399819,-13.44,6.28,39.27,0,1
2026-03-25 12:26:35.399819,-13.37,7.33,34.39,0,1
2026-03-25 12:26:40.399819,-13.33,7.15,34.83,0,1
2026-03-25 12:26:45.399819,-13.11,0.0,32.0,0,0
2026-03-25 12:26:50.399819,-13.41,0.0,32.0,0,0
2026-03-25 12:26:55.399819,-13.31,7.97,34.97,0,1
2026-03-25 12:27:00.399819,-13.36,6.72,30.62,0,1
2026-03-25 12:27:05.399819,-13.45,7.88,34.86,0,1
2026-03-25 12:27:10.399819,-12.82,11.78,41.56,1,2
2026-03-25 12:27:15.399819,-13.38,7.08,32.86,0,1
2026-03-25 12:27:20.399819,-13.59,7.17,38.75,0,1
2026-03-25 12:27:25.399819,-13.4,0.0,32.0,0,0
2026-03-25 12:27:30.399819,-13.23,0.0,32.0,0,0
2026-03-25 12:27:35.399819,-13.78,0.0,32.0,0,0
2026-03-25 12:27:40.399819,-12.94,10.78,45.53,1,2
2026-03-25 12:27:45.399819,-13.67,6.79,32.05,0,1
2026-03-25 12:27:50.399819,-13.1,10.31,41.42,1,2
2026-03-25 12:27:55.399819,-13.08,11.01,54.79,1,2
2026-03-25 12:28:00.399819,-12.95,9.92,38.41,1,2
2026-03-25 12:28:05.399819,-12.97,11.22,45.19,1,2
2026-03-25 12:28:10.399819,-13.13,0.0,32.0,0,0
2026-03-25 12:28:15.399819,-13.66,6.46,30.41,0,1
2026-03-25 12:28:20.399819,-13.23,0.0,32.0,0,0
2026-03-25 12:28:25.399819,-13.16,9.66,52.31,1,2
2026-03-25 12:28:30.399819,-12.96,10.47,45.13,1,2
2026-03-25 12:28:35.399819,-13.5,0.0,32.0,0,0
2026-03-25 12:28:40.399819,-12.94,10.57,45.0,1,2
2026-03-25 12:28:45.399819,-13.88,0.0,32.0,0,0
2026-03-25 12:28:50.399819,-13.27,9.57,54.42,1,2
2026-03-25 12:28:55.399819,-13.07,8.89,39.1,1,2
2026-03-25 12:29:00.399819,-12.84,9.31,35.99,1,2
2026-03-25 12:29:05.399819,-12.79,10.62,47.2,1,2
2026-03-25 12:29:10.399819,-13.12,0.0,32.0,0,0
2026-03-25 12:29:15.399819,-13.48,7.14,33.31,0,1
2026-03-25 12:29:20.399819,-13.62,5.89,36.58,0,1
2026-03-25 12:29:25.399819,-13.89,0.0,32.0,0,0
2026-03-25 12:29:30.399819,-13.6,0.0,32.0,0,0
2026-03-25 12:29:35.399819,-13.12,10.37,41.46,1,2
2026-03-25 12:29:40.399819,-13.16,0.0,32.0,0,0
2026-03-25 12:29:45.399819,-13.65,6.4,32.64,0,1
2026-03-25 12:29:50.399819,-13.71,0.0,32.0,0,0
2026-03-25 12:29:55.399819,-13.44,6.49,36.17,0,1
2026-03-25 12:30:00.399819,-12.86,10.36,36.64,1,2
2026-03-25 12:30:05.399819,-13.56,5.34,34.11,0,1
2026-03-25 12:30:10.399819,-13.69,0.0,32.0,0,0
2026-03-25 12:30:15.399819,-12.92,10.29,49.85,1,2
2026-03-25 12:30:20.399819,-12.79,11.61,52.88,1,2
2026-03-25 12:30:25.399819,-13.68,5.89,30.31,0,1
2026-03-25 12:30:30.399819,-13.32,6.06,35.66,0,1
2026-03-25 12:30:35.399819,-13.83,0.0,32.0,0,0
2026-03-25 12:30:40.399819,-13.06,10.58,40.45,1,2
2026-03-25 12:30:45.399819,-13.06,10.4,50.05,1,2
2026-03-25 12:30:50.399819,-12.8,8.22,38.15,1,2
2026-03-25 12:30:55.399819,-13.03,10.63,40.03,1,2
2026-03-25 12:31:00.399819,-13.51,5.57,34.18,0,1
2026-03-25 12:31:05.399819,-13.16,8.34,48.49,1,2
2026-03-25 12:31:10.399819,-13.33,6.26,33.15,0,1
2026-03-25 12:31:15.399819,-13.82,0.0,32.0,0,0
2026-03-25 12:31:20.399819,-13.3,8.75,54.89,1,2
2026-03-25 12:31:25.399819,-13.59,7.7,30.87,0,1
2026-03-25 12:31:30.399819,-13.09,9.38,43.29,1,2
2026-03-25 12:31:35.399819,-13.45,7.31,39.91,0,1
2026-03-25 12:31:40.399819,-12.8,8.86,38.92,1,2
2026-03-25 12:31:45.399819,-13.56,7.36,39.79,0,1
2026-03-25 12:31:50.399819,-13.34,6.03,39.9,0,1
2026-03-25 12:31:55.399819,-13.36,5.01,30.67,0,1
2026-03-25 12:32:00.399819,-12.9,8.96,39.48,1,2
2026-03-25 12:32:05.399819,-13.64,7.44,35.12,0,1
2026-03-25 12:32:10.399819,-13.4,7.99,38.13,0,1
2026-03-25 12:32:15.399819,-12.72,11.88,40.71,1,2
2026-03-25 12:32:20.399819,-12.95,9.98,53.84,1,2
2026-03-25 12:32:25.399819,-12.71,10.5,52.45,1,2
2026-03-25 12:32:30.399819,-12.74,8.59,51.44,1,2
2026-03-25 12:32:35.399819,-13.36,0.0,32.0,0,0
2026-03-25 12:32:40.399819,-12.76,10.09,45.11,1,2
2026-03-25 12:32:45.399819,-13.48,0.0,32.0,0,0
2026-03-25 12:32:50.399819,-12.73,8.34,40.65,1,2
2026-03-25 12:32:55.399819,-13.56,6.61,38.06,0,1
2026-03-25 12:33:00.399819,-13.4,0.0,32.0,0,0
2026-03-25 12:33:05.399819,-13.2,8.19,35.04,1,2
2026-03-25 12:33:10.399819,-13.65,0.0,32.0,0,0
2026-03-25 12:33:15.399819,-13.31,6.37,30.51,0,1
2026-03-25 12:33:20.399819,-12.71,11.65,38.83,1,2
2026-03-25 12:33:25.399819,-13.12,8.48,54.06,1,2
2026-03-25 12:33:30.399819,-12.71,9.26,46.18,1,2
2026-03-25 12:33:35.399819,-13.24,9.65,48.42,1,2
2026-03-25 12:33:40.399819,-13.46,0.0,32.0,0,0
2026-03-25 12:33:45.399819,-13.42,7.82,39.29,0,1
2026-03-25 12:33:50.399819,-13.59,6.77,38.38,0,1
2026-03-25 12:33:55.399819,-13.65,7.97,33.41,0,1
2026-03-25 12:34:00.399819,-13.08,8.75,46.4,1,2
2026-03-25 12:34:05.399819,-13.1,10.46,48.73,1,2
2026-03-25 12:34:10.399819,-12.87,11.19,35.39,1,2
2026-03-25 12:34:15.399819,-13.36,5.15,33.77,0,1
2026-03-25 12:34:20.399819,-13.08,9.29,37.36,1,2
2026-03-25 12:34:25.399819,-13.95,0.0,32.0,0,0
2026-03-25 12:34:30.399819,-13.38,6.4,30.79,0,1
2026-03-25 12:34:35.399819,-13.7,0.0,32.0,0,0
2026-03-25 12:34:40.399819,-13.53,0.0,32.0,0,0
2026-03-25 12:34:45.399819,-13.77,0.0,32.0,0,0
2026-03-25 12:34:50.399819,-13.24,11.78,45.63,1,2
2026-03-25 12:34:55.399819,-13.37,0.0,32.0,0,0
2026-03-25 12:35:00.399819,-13.52,6.8,34.04,0,1
2026-03-25 12:35:05.399819,-13.23,9.3,39.7,1,2
2026-03-25 12:35:10.399819,-13.63,0.0,32.0,0,0
2026-03-25 12:35:15.399819,-13.48,7.36,39.9,0,1
2026-03-25 12:35:20.399819,-13.3,5.71,33.48,0,1
2026-03-25 12:35:25.399819,-13.65,6.52,34.49,0,1
2026-03-25 12:35:30.399819,-13.56,5.05,37.66,0,1
2026-03-25 12:35:35.399819,-13.64,0.0,32.0,0,0
2026-03-25 12:35:40.399819,-13.67,7.88,37.0,0,1
2026-03-25 12:35:45.399819,-13.14,8.29,47.75,1,2
2026-03-25 12:35:50.399819,-13.15,8.14,36.35,1,2
2026-03-25 12:35:55.399819,-13.11,9.5,48.83,1,2
2026-03-25 12:36:00.399819,-13.12,10.01,36.12,1,2
2026-03-25 12:36:05.399819,-13.64,6.46,30.14,0,1
2026-03-25 12:36:10.399819,-13.21,0.0,32.0,0,0
2026-03-25 12:36:15.399819,-13.42,5.34,30.08,0,1
2026-03-25 12:36:20.399819,-13.57,6.57,36.24,0,1
2026-03-25 12:36:25.399819,-13.14,0.0,32.0,0,0
2026-03-25 12:36:30.399819,-13.66,0.0,32.0,0,0
2026-03-25 12:36:35.399819,-13.45,7.38,36.51,0,1
2026-03-25 12:36:40.399819,-13.54,5.11,39.85,0,1
2026-03-25 12:36:45.399819,-13.43,0.0,32.0,0,0
2026-03-25 12:36:50.399819,-13.37,7.09,36.63,0,1
2026-03-25 12:36:55.399819,-13.68,7.67,36.79,0,1
2026-03-25 12:37:00.399819,-13.78,0.0,32.0,0,0
2026-03-25 12:37:05.399819,-13.39,5.76,37.44,0,1
2026-03-25 12:37:10.399819,-13.4,0.0,32.0,0,0
2026-03-25 12:37:15.399819,-13.02,10.79,39.17,1,2
2026-03-25 12:37:20.399819,-13.56,6.8,31.01,0,1
2026-03-25 12:37:25.399819,-13.27,10.34,40.15,1,2
2026-03-25 12:37:30.399819,-13.24,9.51,49.08,1,2
2026-03-25 12:37:35.399819,-13.43,7.47,33.86,0,1
2026-03-25 12:37:40.399819,-13.69,0.0,32.0,0,0
2026-03-25 12:37:45.399819,-12.9,10.38,40.56,1,2
2026-03-25 12:37:50.399819,-13.72,0.0,32.0,0,0
2026-03-25 12:37:55.399819,-12.9,8.5,39.77,1,2
2026-03-25 12:38:00.399819,-13.15,11.08,38.41,1,2
2026-03-25 12:38:05.399819,-13.59,6.36,30.83,0,1
2026-03-25 12:38:10.399819,-13.42,7.34,38.42,0,1
2026-03-25 12:38:15.399819,-13.58,6.16,36.42,0,1
2026-03-25 12:38:20.399819,-12.94,8.15,43.57,1,2
2026-03-25 12:38:25.399819,-13.11,8.53,52.94,1,2
2026-03-25 12:38:30.399819,-13.83,0.0,32.0,0,0
2026-03-25 12:38:35.399819,-12.78,9.0,42.93,1,2
2026-03-25 12:38:40.399819,-13.38,5.74,33.27,0,1
2026-03-25 12:38:45.399819,-13.13,0.0,32.0,0,0
2026-03-25 12:38:50.399819,-13.23,10.56,42.44,1,2
2026-03-25 12:38:55.399819,-13.41,7.51,39.22,0,1
2026-03-25 12:39:00.399819,-13.22,10.16,38.3,1,2
2026-03-25 12:39:05.399819,-13.88,0.0,32.0,0,0
2026-03-25 12:39:10.399819,-13.56,0.0,32.0,0,0
2026-03-25 12:39:15.399819,-12.98,8.27,37.68,1,2
2026-03-25 12:39:20.399819,-13.26,10.65,38.97,1,2
2026-03-25 12:39:25.399819,-13.42,6.97,31.69,0,1
2026-03-25 12:39:30.399819,-13.59,0.0,32.0,0,0
2026-03-25 12:39:35.399819,-12.98,10.71,37.95,1,2
2026-03-25 12:39:40.399819,-12.92,8.95,53.92,1,2
2026-03-25 12:39:45.399819,-12.91,9.53,49.19,1,2
2026-03-25 12:39:50.399819,-13.31,5.06,39.65,0,1
2026-03-25 12:39:55.399819,-13.01,9.27,36.56,1,2
2026-03-25 12:40:00.399819,-12.83,9.73,47.91,1,2
2026-03-25 12:40:05.399819,-13.6,5.36,31.3,0,1
2026-03-25 12:40:10.399819,-13.37,0.0,32.0,0,0
2026-03-25 12:40:15.399819,-12.75,10.03,53.17,1,2
2026-03-25 12:40:20.399819,-13.37,6.89,30.89,0,1
2026-03-25 12:40:25.399819,-13.3,7.81,34.0,0,1
2026-03-25 12:40:30.399819,-13.5,0.0,32.0,0,0
2026-03-25 12:40:35.399819,-13.09,11.63,42.12,1,2
2026-03-25 12:40:40.399819,-12.82,9.88,35.71,1,2
2026-03-25 12:40:45.399819,-12.71,8.17,54.87,1,2
2026-03-25 12:40:50.399819,-13.19,11.45,45.04,1,2
2026-03-25 12:40:55.399819,-12.97,9.11,41.34,1,2
2026-03-25 12:41:00.399819,-13.42,5.27,32.91,0,1
2026-03-25 12:41:05.399819,-13.66,0.0,32.0,0,0
2026-03-25 12:41:10.399819,-13.81,0.0,32.0,0,0
2026-03-25 12:41:15.399819,-13.06,8.9,47.56,1,2
2026-03-25 12:41:20.399819,-13.42,7.43,39.12,0,1
2026-03-25 12:41:25.399819,-12.94,10.18,37.66,1,2
2026-03-25 12:41:30.399819,-13.7,0.0,32.0,0,0
2026-03-25 12:41:35.399819,-13.24,10.52,45.58,1,2
2026-03-25 12:41:40.399819,-12.96,11.25,35.21,1,2
2026-03-25 12:41:45.399819,-12.71,9.28,50.61,1,2
2026-03-25 12:41:50.399819,-13.26,10.65,53.53,1,2
2026-03-25 12:41:55.399819,-13.23,11.6,54.81,1,2
2026-03-25 12:42:00.399819,-13.84,0.0,32.0,0,0
2026-03-25 12:42:05.399819,-13.31,7.34,30.78,0,1
2026-03-25 12:42:10.399819,-13.25,0.0,32.0,0,0
2026-03-25 12:42:15.399819,-12.91,10.75,46.15,1,2
2026-03-25 12:42:20.399819,-13.31,6.05,35.44,0,1
2026-03-25 12:42:25.399819,-13.03,11.86,39.71,1,2
2026-03-25 12:42:30.399819,-13.1,11.59,48.43,1,2
2026-03-25 12:42:35.399819,-13.13,0.0,32.0,0,0
2026-03-25 12:42:40.399819,-13.23,0.0,32.0,0,0
2026-03-25 12:42:45.399819,-13.19,8.57,37.23,1,2
2026-03-25 12:42:50.399819,-12.81,11.95,35.67,1,2
2026-03-25 12:42:55.399819,-13.6,0.0,32.0,0,0
2026-03-25 12:43:00.399819,-12.98,10.02,44.71,1,2
2026-03-25 12:43:05.399819,-13.88,0.0,32.0,0,0
2026-03-25 12:43:10.399819,-13.09,0.0,32.0,0,0
2026-03-25 12:43:15.399819,-13.1,0.0,32.0,0,0
2026-03-25 12:43:20.399819,-13.65,0.0,32.0,0,0
2026-03-25 12:43:25.399819,-13.04,10.49,48.38,1,2
2026-03-25 12:43:30.399819,-13.24,9.05,44.39,1,2
2026-03-25 12:43:35.399819,-13.11,9.11,48.01,1,2
2026-03-25 12:43:40.399819,-12.75,10.06,41.06,1,2
2026-03-25 12:43:45.399819,-13.27,0.0,32.0,0,0
2026-03-25 12:43:50.399819,-13.98,0.0,32.0,0,0
2026-03-25 12:43:55.399819,-13.05,0.0,32.0,0,0
2026-03-25 12:44:00.399819,-13.96,0.0,32.0,0,0
2026-03-25 12:44:05.399819,-13.92,0.0,32.0,0,0
2026-03-25 12:44:10.399819,-13.15,8.57,46.27,1,2
2026-03-25 12:44:15.399819,-12.9,10.11,50.23,1,2
2026-03-25 12:44:20.399819,-12.71,11.29,52.09,1,2
2026-03-25 12:44:25.399819,-13.65,7.2,33.92,0,1
2026-03-25 12:44:30.399819,-12.84,11.25,39.12,1,2
2026-03-25 12:44:35.399819,-13.91,0.0,32.0,0,0
2026-03-25 12:44:40.399819,-13.32,0.0,32.0,0,0
2026-03-25 12:44:45.399819,-13.48,5.73,30.26,0,1
2026-03-25 12:44:50.399819,-13.12,9.44,46.05,1,2
2026-03-25 12:44:55.399819,-13.09,0.0,32.0,0,0
2026-03-25 12:45:00.399819,-13.5,7.14,33.77,0,1
2026-03-25 12:45:05.399819,-13.14,10.56,38.22,1,2
2026-03-25 12:45:10.399819,-13.74,0.0,32.0,0,0
2026-03-25 12:45:15.399819,-13.97,0.0,32.0,0,0
2026-03-25 12:45:20.399819,-13.61,7.61,36.35,0,1
2026-03-25 12:45:25.399819,-13.7,6.24,39.22,0,1
2026-03-25 12:45:30.399819,-12.98,11.29,46.52,1,2
2026-03-25 12:45:35.399819,-13.44,0.0,32.0,0,0
2026-03-25 12:45:40.399819,-13.07,10.65,53.84,1,2
2026-03-25 12:45:45.399819,-12.91,8.24,54.92,1,2
2026-03-25 12:45:50.399819,-13.72,0.0,32.0,0,0
2026-03-25 12:45:55.399819,-12.7,8.28,40.59,1,2
2026-03-25 12:46:00.399819,-13.14,8.9,54.01,1,2
2026-03-25 12:46:05.399819,-12.83,10.17,36.79,1,2
2026-03-25 12:46:10.399819,-12.76,9.91,37.39,1,2
2026-03-25 12:46:15.399819,-13.56,5.39,32.67,0,1
2026-03-25 12:46:20.399819,-13.67,7.78,39.29,0,1
2026-03-25 12:46:25.399819,-13.5,6.58,38.54,0,1
2026-03-25 12:46:30.399819,-13.52,6.84,31.74,0,1
2026-03-25 12:46:35.399819,-12.8,9.07,45.23,1,2
2026-03-25 12:46:40.399819,-13.67,6.21,32.96,0,1
2026-03-25 12:46:45.399819,-13.04,10.43,43.76,1,2
2026-03-25 12:46:50.399819,-13.61,0.0,32.0,0,0
2026-03-25 12:46:55.399819,-13.36,0.0,32.0,0,0
2026-03-25 12:47:00.399819,-13.73,0.0,32.0,0,0
2026-03-25 12:47:05.399819,-13.52,6.94,35.77,0,1
2026-03-25 12:47:10.399819,-12.78,10.68,44.63,1,2
2026-03-25 12:47:15.399819,-13.37,6.04,37.8,0,1
2026-03-25 12:47:20.399819,-13.08,9.01,40.93,1,2
2026-03-25 12:47:25.399819,-13.1,0.0,32.0,0,0
2026-03-25 12:47:30.399819,-13.57,6.92,38.38,0,1
2026-03-25 12:47:35.399819,-13.26,11.87,42.36,1,2
2026-03-25 12:47:40.399819,-13.03,0.0,32.0,0,0
2026-03-25 12:47:45.399819,-13.2,8.93,48.26,1,2
2026-03-25 12:47:50.399819,-13.48,5.84,38.98,0,1
2026-03-25 12:47:55.399819,-13.4,5.25,36.26,0,1
2026-03-25 12:48:00.399819,-13.61,6.82,35.14,0,1
2026-03-25 12:48:05.399819,-13.26,10.55,46.84,1,2
2026-03-25 12:48:10.399819,-13.18,8.54,37.39,1,2
2026-03-25 12:48:15.399819,-13.31,7.39,37.54,0,1
2026-03-25 12:48:20.399819,-12.81,11.53,50.63,1,2
2026-03-25 12:48:25.399819,-13.69,5.7,36.55,0,1
2026-03-25 12:48:30.399819,-13.08,0.0,32.0,0,0
2026-03-25 12:48:35.399819,-13.16,9.07,52.0,1,2
2026-03-25 12:48:40.399819,-13.0,9.4,46.24,1,2
2026-03-25 12:48:45.399819,-13.27,8.86,50.99,1,2
2026-03-25 12:48:50.399819,-13.52,0.0,32.0,0,0
2026-03-25 12:48:55.399819,-13.81,0.0,32.0,0,0
2026-03-25 12:49:00.399819,-13.9,0.0,32.0,0,0
2026-03-25 12:49:05.399819,-13.35,5.53,35.25,0,1
2026-03-25 12:49:10.399819,-13.63,6.04,33.66,0,1
2026-03-25 12:49:15.399819,-13.67,7.14,37.05,0,1
2026-03-25 12:49:20.399819,-13.6,6.72,32.56,0,1
2026-03-25 12:49:25.399819,-12.99,10.7,43.26,1,2
2026-03-25 12:49:30.399819,-13.47,0.0,32.0,0,0
2026-03-25 12:49:35.399819,-13.71,0.0,32.0,0,0
2026-03-25 12:49:40.399819,-13.19,0.0,32.0,0,0
2026-03-25 12:49:45.399819,-13.54,6.07,31.09,0,1
2026-03-25 12:49:50.399819,-13.28,0.0,32.0,0,0
2026-03-25 12:49:55.399819,-13.14,10.2,54.72,1,2
2026-03-25 12:50:00.399819,-13.68,0.0,32.0,0,0
2026-03-25 12:50:05.399819,-13.6,7.22,33.94,0,1
2026-03-25 12:50:10.399819,-13.34,5.06,37.1,0,1
2026-03-25 12:50:15.399819,-12.83,9.01,35.31,1,2
2026-03-25 12:50:20.399819,-12.78,8.81,38.89,1,2
2026-03-25 12:50:25.399819,-13.41,7.93,35.73,0,1
2026-03-25 12:50:30.399819,-13.96,0.0,32.0,0,0
2026-03-25 12:50:35.399819,-12.71,11.82,37.23,1,2
2026-03-25 12:50:40.399819,-13.09,8.26,48.83,1,2
2026-03-25 12:50:45.399819,-13.39,5.88,33.54,0,1
2026-03-25 12:50:50.399819,-13.69,0.0,32.0,0,0
2026-03-25 12:50:55.399819,-13.11,10.85,54.16,1,2
2026-03-25 12:51:00.399819,-13.37,5.91,38.15,0,1
2026-03-25 12:51:05.399819,-13.24,0.0,32.0,0,0
2026-03-25 12:51:10.399819,-13.59,6.2,35.46,0,1
2026-03-25 12:51:15.399819,-13.69,6.9,36.49,0,1
2026-03-25 12:51:20.399819,-13.48,5.84,31.69,0,1
2026-03-25 12:51:25.399819,-13.5,7.78,39.09,0,1
2026-03-25 12:51:30.399819,-13.58,0.0,32.0,0,0
2026-03-25 12:51:35.399819,-13.28,0.0,32.0,0,0
2026-03-25 12:51:40.399819,-13.22,0.0,32.0,0,0
2026-03-25 12:51:45.399819,-13.64,5.08,30.25,0,1
2026-03-25 12:51:50.399819,-13.03,0.0,32.0,0,0
2026-03-25 12:51:55.399819,-12.89,8.46,44.34,1,2
2026-03-25 12:52:00.399819,-13.43,5.6,39.7,0,1
2026-03-25 12:52:05.399819,-13.14,10.77,41.89,1,2
2026-03-25 12:52:10.399819,-13.5,0.0,32.0,0,0
2026-03-25 12:52:15.399819,-13.12,11.72,53.51,1,2
2026-03-25 12:52:20.399819,-13.62,5.73,31.88,0,1
2026-03-25 12:52:25.399819,-13.37,7.9,38.32,0,1
2026-03-25 12:52:30.399819,-13.17,9.25,48.27,1,2
2026-03-25 12:52:35.399819,-13.98,0.0,32.0,0,0
2026-03-25 12:52:40.399819,-12.9,8.73,49.5,1,2
2026-03-25 12:52:45.399819,-13.67,0.0,32.0,0,0
2026-03-25 12:52:50.399819,-13.78,0.0,32.0,0,0
2026-03-25 12:52:55.399819,-13.43,5.39,37.73,0,1
2026-03-25 12:53:00.399819,-13.28,0.0,32.0,0,0
2026-03-25 12:53:05.399819,-13.3,0.0,32.0,0,0
2026-03-25 12:53:10.399819,-13.44,7.6,30.09,0,1
2026-03-25 12:53:15.399819,-13.46,7.24,33.79,0,1
2026-03-25 12:53:20.399819,-13.66,0.0,32.0,0,0
2026-03-25 12:53:25.399819,-13.71,0.0,32.0,0,0
2026-03-25 12:53:30.399819,-13.41,7.28,32.22,0,1
2026-03-25 12:53:35.399819,-13.55,0.0,32.0,0,0
2026-03-25 12:53:40.399819,-13.69,5.36,37.26,0,1
2026-03-25 12:53:45.399819,-13.35,7.96,38.86,0,1
2026-03-25 12:53:50.399819,-12.73,8.4,48.31,1,2
2026-03-25 12:53:55.399819,-13.82,0.0,32.0,0,0
2026-03-25 12:54:00.399819,-12.94,10.81,40.84,1,2
2026-03-25 12:54:05.399819,-12.93,11.27,39.98,1,2
2026-03-25 12:54:10.399819,-13.34,6.57,30.01,0,1
2026-03-25 12:54:15.399819,-13.4,0.0,32.0,0,0
2026-03-25 12:54:20.399819,-13.62,6.65,37.92,0,1
2026-03-25 12:54:25.399819,-13.23,8.14,54.69,1,2
2026-03-25 12:54:30.399819,-13.81,0.0,32.0,0,0
2026-03-25 12:54:35.399819,-13.58,5.91,35.7,0,1
2026-03-25 12:54:40.399819,-13.61,6.4,34.49,0,1
2026-03-25 12:54:45.399819,-13.19,10.88,37.33,1,2
2026-03-25 12:54:50.399819,-13.36,6.24,39.37,0,1
2026-03-25 12:54:55.399819,-13.01,9.93,37.8,1,2
2026-03-25 12:55:00.399819,-13.59,0.0,32.0,0,0
2026-03-25 12:55:05.399819,-13.14,11.45,37.86,1,2
2026-03-25 12:55:10.399819,-13.37,5.43,31.38,0,1
2026-03-25 12:55:15.399819,-13.31,7.07,37.05,0,1
2026-03-25 12:55:20.399819,-13.25,8.3,40.16,1,2
2026-03-25 12:55:25.399819,-13.31,5.48,34.97,0,1
2026-03-25 12:55:30.399819,-13.07,9.0,39.46,1,2
2026-03-25 12:55:35.399819,-13.45,7.96,35.33,0,1
2026-03-25 12:55:40.399819,-13.17,9.42,44.75,1,2
2026-03-25 12:55:45.399819,-13.7,6.06,32.49,0,1
2026-03-25 12:55:50.399819,-13.22,11.47,36.47,1,2
2026-03-25 12:55:55.399819,-13.18,8.94,45.19,1,2
2026-03-25 12:56:00.399819,-13.22,0.0,32.0,0,0
2026-03-25 12:56:05.399819,-13.15,9.91,48.06,1,2
2026-03-25 12:56:10.399819,-13.56,0.0,32.0,0,0
2026-03-25 12:56:15.399819,-12.82,9.9,42.11,1,2
2026-03-25 12:56:20.399819,-13.41,6.05,35.64,0,1
2026-03-25 12:56:25.399819,-13.66,5.84,38.6,0,1
2026-03-25 12:56:30.399819,-13.11,0.0,32.0,0,0
2026-03-25 12:56:35.399819,-13.29,11.15,36.43,1,2
2026-03-25 12:56:40.399819,-13.66,6.96,38.42,0,1
2026-03-25 12:56:45.399819,-13.57,7.45,37.97,0,1
2026-03-25 12:56:50.399819,-13.67,5.83,30.6,0,1
2026-03-25 12:56:55.399819,-13.36,7.12,31.13,0,1
2026-03-25 12:57:00.399819,-13.2,0.0,32.0,0,0
2026-03-25 12:57:05.399819,-13.22,0.0,32.0,0,0
2026-03-25 12:57:10.399819,-13.6,5.63,33.97,0,1
2026-03-25 12:57:15.399819,-12.74,9.38,50.41,1,2
2026-03-25 12:57:20.399819,-13.23,0.0,32.0,0,0
2026-03-25 12:57:25.399819,-13.56,0.0,32.0,0,0
2026-03-25 12:57:30.399819,-13.0,8.33,49.45,1,2
2026-03-25 12:57:35.399819,-13.55,6.56,39.19,0,1
2026-03-25 12:57:40.399819,-13.67,6.65,36.79,0,1
2026-03-25 12:57:45.399819,-13.14,0.0,32.0,0,0
2026-03-25 12:57:50.399819,-12.76,10.79,38.6,1,2
2026-03-25 12:57:55.399819,-13.37,0.0,32.0,0,0
2026-03-25 12:58:00.399819,-13.22,10.81,41.72,1,2
2026-03-25 12:58:05.399819,-13.36,0.0,32.0,0,0
2026-03-25 12:58:10.399819,-13.18,8.82,44.29,1,2
2026-03-25 12:58:15.399819,-13.54,0.0,32.0,0,0
2026-03-25 12:58:20.399819,-13.26,10.44,39.39,1,2
2026-03-25 12:58:25.399819,-12.85,9.23,51.97,1,2
2026-03-25 12:58:30.399819,-13.45,8.0,32.49,0,1
2026-03-25 12:58:35.399819,-13.92,0.0,32.0,0,0
2026-03-25 12:58:40.399819,-13.97,0.0,32.0,0,0
2026-03-25 12:58:45.399819,-13.88,0.0,32.0,0,0
2026-03-25 12:58:50.399819,-12.75,11.91,44.51,1,2
2026-03-25 12:58:55.399819,-13.63,7.84,39.87,0,1
2026-03-25 12:59:00.399819,-12.76,9.14,38.14,1,2
2026-03-25 12:59:05.399819,-13.26,0.0,32.0,0,0
2026-03-25 12:59:10.399819,-13.27,9.55,50.93,1,2
2026-03-25 12:59:15.399819,-13.36,6.73,34.32,0,1
2026-03-25 12:59:20.399819,-13.58,6.87,32.6,0,1
2026-03-25 12:59:25.399819,-13.08,0.0,32.0,0,0
2026-03-25 12:59:30.399819,-13.43,7.65,36.3,0,1
2026-03-25 12:59:35.399819,-13.49,0.0,32.0,0,0
2026-03-25 12:59:40.399819,-13.48,6.81,30.24,0,1
2026-03-25 12:59:45.399819,-13.58,7.2,39.57,0,1
2026-03-25 12:59:50.399819,-13.13,10.96,53.56,1,2
2026-03-25 12:59:55.399819,-13.39,7.82,36.4,0,1
2026-03-25 13:00:00.399819,-13.37,0.0,32.0,0,0
2026-03-25 13:00:05.399819,-13.39,0.0,32.0,0,0
2026-03-25 13:00:10.399819,-13.62,0.0,32.0,0,0
2026-03-25 13:00:15.399819,-13.13,8.32,39.44,1,2
2026-03-25 13:00:20.399819,-13.5,5.34,35.03,0,1
2026-03-25 13:00:25.399819,-13.92,0.0,32.0,0,0
2026-03-25 13:00:30.399819,-13.32,0.0,32.0,0,0
2026-03-25 13:00:35.399819,-12.79,9.6,37.67,1,2
2026-03-25 13:00:40.399819,-13.6,6.56,37.77,0,1
2026-03-25 13:00:45.399819,-13.67,7.37,31.5,0,1
2026-03-25 13:00:50.399819,-12.81,9.02,42.32,1,2
2026-03-25 13:00:55.399819,-13.03,9.92,40.58,1,2
2026-03-25 13:01:00.399819,-13.34,0.0,32.0,0,0
2026-03-25 13:01:05.399819,-13.2,0.0,32.0,0,0
2026-03-25 13:01:10.399819,-12.99,10.58,36.56,1,2
2026-03-25 13:01:15.399819,-13.04,0.0,32.0,0,0
2026-03-25 13:01:20.399819,-13.55,7.52,35.33,0,1
2026-03-25 13:01:25.399819,-13.68,0.0,32.0,0,0
2026-03-25 13:01:30.399819,-12.95,10.27,36.57,1,2
2026-03-25 13:01:35.399819,-13.13,11.26,42.69,1,2
2026-03-25 13:01:40.399819,-12.76,10.2,48.47,1,2
2026-03-25 13:01:45.399819,-12.87,10.47,39.62,1,2
2026-03-25 13:01:50.399819,-13.38,7.57,38.79,0,1
2026-03-25 13:01:55.399819,-13.2,0.0,32.0,0,0
2026-03-25 13:02:00.399819,-13.7,0.0,32.0,0,0
2026-03-25 13:02:05.399819,-13.1,10.05,52.11,1,2
2026-03-25 13:02:10.399819,-13.2,9.85,48.54,1,2
2026-03-25 13:02:15.399819,-13.67,6.92,39.82,0,1
2026-03-25 13:02:20.399819,-13.06,0.0,32.0,0,0
2026-03-25 13:02:25.399819,-13.04,0.0,32.0,0,0
2026-03-25 13:02:30.399819,-13.38,6.8,35.94,0,1
2026-03-25 13:02:35.399819,-13.24,10.62,41.32,1,2
2026-03-25 13:02:40.399819,-13.19,9.67,46.9,1,2
2026-03-25 13:02:45.399819,-13.38,7.99,38.93,0,1
2026-03-25 13:02:50.399819,-13.26,8.02,54.06,1,2
2026-03-25 13:02:55.399819,-13.69,7.2,35.03,0,1
2026-03-25 13:03:00.399819,-13.31,5.63,30.59,0,1
2026-03-25 13:03:05.399819,-13.42,7.81,40.0,0,1
2026-03-25 13:03:10.399819,-13.74,0.0,32.0,0,0
2026-03-25 13:03:15.399819,-12.89,8.45,43.71,1,2
2026-03-25 13:03:20.399819,-13.68,0.0,32.0,0,0
2026-03-25 13:03:25.399819,-13.43,0.0,32.0,0,0
2026-03-25 13:03:30.399819,-13.13,0.0,32.0,0,0
2026-03-25 13:03:35.399819,-13.37,0.0,32.0,0,0
2026-03-25 13:03:40.399819,-13.3,8.26,36.18,1,2
2026-03-25 13:03:45.399819,-12.85,9.35,39.85,1,2
2026-03-25 13:03:50.399819,-13.82,0.0,32.0,0,0
2026-03-25 13:03:55.399819,-13.68,7.14,32.39,0,1
2026-03-25 13:04:00.399819,-13.35,7.15,35.71,0,1
2026-03-25 13:04:05.399819,-13.68,5.83,33.57,0,1
2026-03-25 13:04:10.399819,-13.48,0.0,32.0,0,0
2026-03-25 13:04:15.399819,-12.87,8.48,43.86,1,2
2026-03-25 13:04:20.399819,-13.59,6.42,35.48,0,1
2026-03-25 13:04:25.399819,-13.02,11.95,45.16,1,2
2026-03-25 13:04:30.399819,-12.83,9.45,54.06,1,2
2026-03-25 13:04:35.399819,-13.16,9.24,52.05,1,2
2026-03-25 13:04:40.399819,-13.43,5.41,39.17,0,1
2026-03-25 13:04:45.399819,-12.81,10.24,45.31,1,2
2026-03-25 13:04:50.399819,-13.29,11.53,50.35,1,2
2026-03-25 13:04:55.399819,-13.33,6.78,36.68,0,1
2026-03-25 13:05:00.399819,-12.9,11.06,50.89,1,2
2026-03-25 13:05:05.399819,-12.81,9.46,37.35,1,2
2026-03-25 13:05:10.399819,-13.83,0.0,32.0,0,0
2026-03-25 13:05:15.399819,-13.67,7.8,33.48,0,1
2026-03-25 13:05:20.399819,-12.83,8.46,52.22,1,2
2026-03-25 13:05:25.399819,-12.72,10.31,46.61,1,2
2026-03-25 13:05:30.399819,-13.25,0.0,32.0,0,0
2026-03-25 13:05:35.399819,-13.39,7.13,37.36,0,1
2026-03-25 13:05:40.399819,-13.26,9.65,49.12,1,2
2026-03-25 13:05:45.399819,-13.68,0.0,32.0,0,0
2026-03-25 13:05:50.399819,-13.35,5.66,35.72,0,1
2026-03-25 13:05:55.399819,-12.86,11.22,50.35,1,2
2026-03-25 13:06:00.399819,-13.54,7.25,37.02,0,1
2026-03-25 13:06:05.399819,-13.29,10.0,54.71,1,2
2026-03-25 13:06:10.399819,-13.73,0.0,32.0,0,0
2026-03-25 13:06:15.399819,-12.88,10.81,43.86,1,2
2026-03-25 13:06:20.399819,-13.67,5.32,39.77,0,1
2026-03-25 13:06:25.399819,-13.36,6.68,36.14,0,1
2026-03-25 13:06:30.399819,-13.27,0.0,32.0,0,0
2026-03-25 13:06:35.399819,-13.13,0.0,32.0,0,0
2026-03-25 13:06:40.399819,-13.31,6.08,35.91,0,1
2026-03-25 13:06:45.399819,-13.54,0.0,32.0,0,0
2026-03-25 13:06:50.399819,-13.14,9.11,53.89,1,2
2026-03-25 13:06:55.399819,-12.9,11.82,46.41,1,2
2026-03-25 13:07:00.399819,-13.44,7.1,33.75,0,1
2026-03-25 13:07:05.399819,-12.86,8.01,51.89,1,2
2026-03-25 13:07:10.399819,-13.8,0.0,32.0,0,0
2026-03-25 13:07:15.399819,-13.36,5.14,34.55,0,1
2026-03-25 13:07:20.399819,-13.39,0.0,32.0,0,0
2026-03-25 13:07:25.399819,-13.05,8.68,37.59,1,2
2026-03-25 13:07:30.399819,-13.09,9.32,49.72,1,2
2026-03-25 13:07:35.399819,-13.21,0.0,32.0,0,0
2026-03-25 13:07:40.399819,-13.13,9.6,53.74,1,2
2026-03-25 13:07:45.399819,-12.73,10.51,52.49,1,2
2026-03-25 13:07:50.399819,-13.51,0.0,32.0,0,0
2026-03-25 13:07:55.399819,-13.22,11.55,49.89,1,2
2026-03-25 13:08:00.399819,-13.23,0.0,32.0,0,0
2026-03-25 13:08:05.399819,-13.48,0.0,32.0,0,0
2026-03-25 13:08:10.399819,-13.49,0.0,32.0,0,0
2026-03-25 13:08:15.399819,-13.15,0.0,32.0,0,0
2026-03-25 13:08:20.399819,-13.99,0.0,32.0,0,0
2026-03-25 13:08:25.399819,-13.83,0.0,32.0,0,0
2026-03-25 13:08:30.399819,-13.44,0.0,32.0,0,0
2026-03-25 13:08:35.399819,-13.47,7.84,38.31,0,1
2026-03-25 13:08:40.399819,-13.61,0.0,32.0,0,0
2026-03-25 13:08:45.399819,-13.35,5.2,32.79,0,1
2026-03-25 13:08:50.399819,-13.62,7.61,35.26,0,1
2026-03-25 13:08:55.399819,-13.6,7.0,37.0,0,1
2026-03-25 13:09:00.399819,-13.74,0.0,32.0,0,0
2026-03-25 13:09:05.399819,-13.12,9.64,45.97,1,2
2026-03-25 13:09:10.399819,-13.43,0.0,32.0,0,0
2026-03-25 13:09:15.399819,-13.02,0.0,32.0,0,0
2026-03-25 13:09:20.399819,-13.15,11.78,43.31,1,2
2026-03-25 13:09:25.399819,-13.11,9.1,45.8,1,2
2026-03-25 13:09:30.399819,-13.56,5.68,39.22,0,1
2026-03-25 13:09:35.399819,-13.33,6.88,35.26,0,1
2026-03-25 13:09:40.399819,-13.58,5.37,34.12,0,1
2026-03-25 13:09:45.399819,-13.26,8.87,52.26,1,2
2026-03-25 13:09:50.399819,-13.64,0.0,32.0,0,0
2026-03-25 13:09:55.399819,-13.62,5.24,35.15,0,1
2026-03-25 13:10:00.399819,-13.57,5.27,33.28,0,1
2026-03-25 13:10:05.399819,-13.22,9.5,41.25,1,2
2026-03-25 13:10:10.399819,-13.39,0.0,32.0,0,0
2026-03-25 13:10:15.399819,-13.46,6.31,30.02,0,1
2026-03-25 13:10:20.399819,-13.2,8.46,35.14,1,2
2026-03-25 13:10:25.399819,-13.17,8.07,41.24,1,2
2026-03-25 13:10:30.399819,-13.43,0.0,32.0,0,0
2026-03-25 13:10:35.399819,-13.36,7.41,36.11,0,1
2026-03-25 13:10:40.399819,-13.89,0.0,32.0,0,0
2026-03-25 13:10:45.399819,-13.11,8.85,39.81,1,2
2026-03-25 13:10:50.399819,-13.63,0.0,32.0,0,0
2026-03-25 13:10:55.399819,-12.87,11.15,37.12,1,2
2026-03-25 13:11:00.399819,-12.71,8.3,54.65,1,2
2026-03-25 13:11:05.399819,-13.58,0.0,32.0,0,0
2026-03-25 13:11:10.399819,-12.92,10.19,49.13,1,2
2026-03-25 13:11:15.399819,-13.12,0.0,32.0,0,0
2026-03-25 13:11:20.399819,-13.06,0.0,32.0,0,0
2026-03-25 13:11:25.399819,-13.05,8.41,41.89,1,2
2026-03-25 13:11:30.399819,-13.31,0.0,32.0,0,0
2026-03-25 13:11:35.399819,-13.09,11.84,50.79,1,2
2026-03-25 13:11:40.399819,-13.54,0.0,32.0,0,0
2026-03-25 13:11:45.399819,-13.66,6.82,36.11,0,1
2026-03-25 13:11:50.399819,-13.39,7.23,35.46,0,1
2026-03-25 13:11:55.399819,-13.43,5.18,39.48,0,1
2026-03-25 13:12:00.399819,-13.54,0.0,32.0,0,0
2026-03-25 13:12:05.399819,-13.26,0.0,32.0,0,0
2026-03-25 13:12:10.399819,-12.77,10.17,37.05,1,2
2026-03-25 13:12:15.399819,-12.99,8.85,45.07,1,2
2026-03-25 13:12:20.399819,-12.84,11.66,46.51,1,2
2026-03-25 13:12:25.399819,-13.66,6.79,38.95,0,1
2026-03-25 13:12:30.399819,-13.35,5.54,36.66,0,1
2026-03-25 13:12:35.399819,-13.23,8.75,48.97,1,2
2026-03-25 13:12:40.399819,-13.62,7.71,30.76,0,1
2026-03-25 13:12:45.399819,-13.41,6.17,35.6,0,1
2026-03-25 13:12:50.399819,-13.9,0.0,32.0,0,0
2026-03-25 13:12:55.399819,-13.66,6.42,37.71,0,1
2026-03-25 13:13:00.399819,-13.44,5.54,36.85,0,1
2026-03-25 13:13:05.399819,-13.28,9.36,38.3,1,2
2026-03-25 13:13:10.399819,-13.46,0.0,32.0,0,0
2026-03-25 13:13:15.399819,-13.11,0.0,32.0,0,0
2026-03-25 13:13:20.399819,-13.4,0.0,32.0,0,0
2026-03-25 13:13:25.399819,-13.02,10.35,39.19,1,2
2026-03-25 13:13:30.399819,-12.83,10.37,51.66,1,2
2026-03-25 13:13:35.399819,-13.93,0.0,32.0,0,0
2026-03-25 13:13:40.399819,-13.91,0.0,32.0,0,0
2026-03-25 13:13:45.399819,-13.94,0.0,32.0,0,0
2026-03-25 13:13:50.399819,-13.27,8.07,49.8,1,2
2026-03-25 13:13:55.399819,-12.88,11.37,49.86,1,2
2026-03-25 13:14:00.399819,-12.85,9.06,35.06,1,2
2026-03-25 13:14:05.399819,-13.61,7.43,30.37,0,1
2026-03-25 13:14:10.399819,-13.38,7.47,33.02,0,1
2026-03-25 13:14:15.399819,-13.36,0.0,32.0,0,0
2026-03-25 13:14:20.399819,-13.62,5.62,38.29,0,1
2026-03-25 13:14:25.399819,-13.37,0.0,32.0,0,0
2026-03-25 13:14:30.399819,-13.26,8.46,37.66,1,2
2026-03-25 13:14:35.399819,-13.58,7.76,37.78,0,1
2026-03-25 13:14:40.399819,-13.59,5.24,38.51,0,1
2026-03-25 13:14:45.399819,-13.44,0.0,32.0,0,0
2026-03-25 13:14:50.399819,-13.66,0.0,32.0,0,0
2026-03-25 13:14:55.399819,-13.82,0.0,32.0,0,0
2026-03-25 13:15:00.399819,-13.67,7.06,38.58,0,1
2026-03-25 13:15:05.399819,-13.38,5.83,35.03,0,1
2026-03-25 13:15:10.399819,-13.21,11.53,35.53,1,2
2026-03-25 13:15:15.399819,-13.52,5.52,35.12,0,1
2026-03-25 13:15:20.399819,-13.54,0.0,32.0,0,0
2026-03-25 13:15:25.399819,-12.77,11.66,38.87,1,2
2026-03-25 13:15:30.399819,-12.99,9.63,35.21,1,2
2026-03-25 13:15:35.399819,-13.58,6.16,32.2,0,1
2026-03-25 13:15:40.399819,-13.47,6.67,35.77,0,1
2026-03-25 13:15:45.399819,-13.48,7.55,39.59,0,1
2026-03-25 13:15:50.399819,-13.99,0.0,32.0,0,0
2026-03-25 13:15:55.399819,-12.73,11.37,47.99,1,2
2026-03-25 13:16:00.399819,-13.31,0.0,32.0,0,0
2026-03-25 13:16:05.399819,-13.44,6.4,34.26,0,1
2026-03-25 13:16:10.399819,-13.5,0.0,32.0,0,0
2026-03-25 13:16:15.399819,-13.04,10.46,41.62,1,2
2026-03-25 13:16:20.399819,-13.34,7.09,36.51,0,1
2026-03-25 13:16:25.399819,-13.54,7.29,33.0,0,1
2026-03-25 13:16:30.399819,-13.81,0.0,32.0,0,0
2026-03-25 13:16:35.399819,-13.32,7.38,37.21,0,1
2026-03-25 13:16:40.399819,-13.58,5.34,30.54,0,1
2026-03-25 13:16:45.399819,-13.09,9.4,39.19,1,2
2026-03-25 13:16:50.399819,-13.1,8.37,46.45,1,2
2026-03-25 13:16:55.399819,-13.41,5.21,33.99,0,1
2026-03-25 13:17:00.399819,-13.63,5.08,39.48,0,1
2026-03-25 13:17:05.399819,-13.08,10.09,51.06,1,2
2026-03-25 13:17:10.399819,-13.58,5.66,33.12,0,1
2026-03-25 13:17:15.399819,-13.19,10.64,39.85,1,2
2026-03-25 13:17:20.399819,-13.66,7.49,34.28,0,1
2026-03-25 13:17:25.399819,-13.69,6.54,31.97,0,1
2026-03-25 13:17:30.399819,-13.76,0.0,32.0,0,0
2026-03-25 13:17:35.399819,-13.26,10.09,46.96,1,2
2026-03-25 13:17:40.399819,-13.56,7.05,31.01,0,1
2026-03-25 13:17:45.399819,-12.85,10.1,35.87,1,2
2026-03-25 13:17:50.399819,-13.63,7.93,33.44,0,1
2026-03-25 13:17:55.399819,-13.09,11.98,36.12,1,2
2026-03-25 13:18:00.399819,-12.91,9.98,45.42,1,2
2026-03-25 13:18:05.399819,-13.45,0.0,32.0,0,0
2026-03-25 13:18:10.399819,-13.49,7.54,37.63,0,1
2026-03-25 13:18:15.399819,-13.63,6.28,38.64,0,1
2026-03-25 13:18:20.399819,-13.14,10.89,48.93,1,2
2026-03-25 13:18:25.399819,-13.65,5.72,38.66,0,1
2026-03-25 13:18:30.399819,-13.47,7.35,39.69,0,1
2026-03-25 13:18:35.399819,-12.81,9.58,44.28,1,2
2026-03-25 13:18:40.399819,-12.97,11.31,38.68,1,2
2026-03-25 13:18:45.399819,-13.35,5.48,36.41,0,1
2026-03-25 13:18:50.399819,-12.9,10.24,50.28,1,2
2026-03-25 13:18:55.399819,-13.95,0.0,32.0,0,0
2026-03-25 13:19:00.399819,-13.62,5.28,30.95,0,1
2026-03-25 13:19:05.399819,-13.66,5.49,37.97,0,1
2026-03-25 13:19:10.399819,-13.46,6.85,32.36,0,1
2026-03-25 13:19:15.399819,-13.49,0.0,32.0,0,0
2026-03-25 13:19:20.399819,-13.55,6.98,31.48,0,1
2026-03-25 13:19:25.399819,-13.47,5.64,33.4,0,1
2026-03-25 13:19:30.399819,-13.58,0.0,32.0,0,0
2026-03-25 13:19:35.399819,-13.03,11.7,41.1,1,2
2026-03-25 13:19:40.399819,-13.09,9.79,44.27,1,2
2026-03-25 13:19:45.399819,-13.38,7.63,39.62,0,1
2026-03-25 13:19:50.399819,-12.73,9.48,38.38,1,2
2026-03-25 13:19:55.399819,-13.13,0.0,32.0,0,0
2026-03-25 13:20:00.399819,-13.47,6.95,36.03,0,1
2026-03-25 13:20:05.399819,-13.27,0.0,32.0,0,0
2026-03-25 13:20:10.399819,-12.96,11.05,42.45,1,2
2026-03-25 13:20:15.399819,-12.98,8.09,54.82,1,2
2026-03-25 13:20:20.399819,-12.79,11.8,38.77,1,2
2026-03-25 13:20:25.399819,-13.66,0.0,32.0,0,0
2026-03-25 13:20:30.399819,-13.43,0.0,32.0,0,0
2026-03-25 13:20:35.399819,-13.88,0.0,32.0,0,0
2026-03-25 13:20:40.399819,-13.46,0.0,32.0,0,0
2026-03-25 13:20:45.399819,-13.29,0.0,32.0,0,0
2026-03-25 13:20:50.399819,-13.19,0.0,32.0,0,0
2026-03-25 13:20:55.399819,-13.06,11.53,50.05,1,2
2026-03-25 13:21:00.399819,-13.77,0.0,32.0,0,0
2026-03-25 13:21:05.399819,-13.1,10.15,54.9,1,2
2026-03-25 13:21:10.399819,-13.37,0.0,32.0,0,0
2026-03-25 13:21:15.399819,-13.84,0.0,32.0,0,0
2026-03-25 13:21:20.399819,-12.81,8.07,42.35,1,2
2026-03-25 13:21:25.399819,-13.18,8.72,50.52,1,2
2026-03-25 13:21:30.399819,-12.79,11.86,48.68,1,2
2026-03-25 13:21:35.399819,-13.7,0.0,32.0,0,0
2026-03-25 13:21:40.399819,-13.34,0.0,32.0,0,0
2026-03-25 13:21:45.399819,-13.73,0.0,32.0,0,0
2026-03-25 13:21:50.399819,-13.48,0.0,32.0,0,0
2026-03-25 13:21:55.399819,-13.67,7.82,32.48,0,1
2026-03-25 13:22:00.399819,-13.51,5.34,35.2,0,1
2026-03-25 13:22:05.399819,-13.39,0.0,32.0,0,0
2026-03-25 13:22:10.399819,-13.71,0.0,32.0,0,0
2026-03-25 13:22:15.399819,-13.73,0.0,32.0,0,0
2026-03-25 13:22:20.399819,-13.41,5.44,38.16,0,1
2026-03-25 13:22:25.399819,-13.22,9.18,48.01,1,2
2026-03-25 13:22:30.399819,-13.53,7.8,35.22,0,1
2026-03-25 13:22:35.399819,-13.58,0.0,32.0,0,0
2026-03-25 13:22:40.399819,-13.89,0.0,32.0,0,0
2026-03-25 13:22:45.399819,-13.61,0.0,32.0,0,0
2026-03-25 13:22:50.399819,-12.96,9.04,43.57,1,2
2026-03-25 13:22:55.399819,-13.03,0.0,32.0,0,0
2026-03-25 13:23:00.399819,-13.38,5.54,35.52,0,1
2026-03-25 13:23:05.399819,-13.59,0.0,32.0,0,0
2026-03-25 13:23:10.399819,-13.23,11.14,38.04,1,2
2026-03-25 13:23:15.399819,-13.73,0.0,32.0,0,0
2026-03-25 13:23:20.399819,-13.67,5.8,31.75,0,1
2026-03-25 13:23:25.399819,-13.35,5.4,30.16,0,1
2026-03-25 13:23:30.399819,-13.89,0.0,32.0,0,0
2026-03-25 13:23:35.399819,-13.16,10.87,47.33,1,2
2026-03-25 13:23:40.399819,-12.96,11.76,44.64,1,2
2026-03-25 13:23:45.399819,-12.97,11.27,39.9,1,2
2026-03-25 13:23:50.399819,-13.06,8.24,54.59,1,2
2026-03-25 13:23:55.399819,-13.61,7.22,34.81,0,1
2026-03-25 13:24:00.399819,-13.31,6.75,34.29,0,1
2026-03-25 13:24:05.399819,-13.51,7.75,31.59,0,1
2026-03-25 13:24:10.399819,-12.72,11.71,53.14,1,2
2026-03-25 13:24:15.399819,-13.44,0.0,32.0,0,0
2026-03-25 13:24:20.399819,-13.42,7.32,34.75,0,1
2026-03-25 13:24:25.399819,-13.96,0.0,32.0,0,0
2026-03-25 13:24:30.399819,-13.76,0.0,32.0,0,0
2026-03-25 13:24:35.399819,-13.04,0.0,32.0,0,0
2026-03-25 13:24:40.399819,-13.16,8.31,45.79,1,2
2026-03-25 13:24:45.399819,-13.6,6.75,36.55,0,1
2026-03-25 13:24:50.399819,-12.76,11.58,54.78,1,2
2026-03-25 13:24:55.399819,-13.6,0.0,32.0,0,0
2026-03-25 13:25:00.399819,-13.88,0.0,32.0,0,0
2026-03-25 13:25:05.399819,-13.68,5.5,31.07,0,1
2026-03-25 13:25:10.399819,-13.43,0.0,32.0,0,0
2026-03-25 13:25:15.399819,-13.36,5.81,32.67,0,1
2026-03-25 13:25:20.399819,-13.03,0.0,32.0,0,0
2026-03-25 13:25:25.399819,-13.37,6.98,35.96,0,1
2026-03-25 13:25:30.399819,-13.57,5.01,35.47,0,1
2026-03-25 13:25:35.399819,-12.8,9.49,50.19,1,2
2026-03-25 13:25:40.399819,-13.59,0.0,32.0,0,0
2026-03-25 13:25:45.399819,-13.54,0.0,32.0,0,0
2026-03-25 13:25:50.399819,-12.7,8.49,35.84,1,2
2026-03-25 13:25:55.399819,-13.63,0.0,32.0,0,0
2026-03-25 13:26:00.399819,-13.34,6.45,30.75,0,1
2026-03-25 13:26:05.399819,-13.89,0.0,32.0,0,0
2026-03-25 13:26:10.399819,-12.76,10.3,49.83,1,2
2026-03-25 13:26:15.399819,-13.5,7.81,39.59,0,1
2026-03-25 13:26:20.399819,-13.02,0.0,32.0,0,0
2026-03-25 13:26:25.399819,-13.05,0.0,32.0,0,0
2026-03-25 13:26:30.399819,-13.64,7.44,30.55,0,1
2026-03-25 13:26:35.399819,-13.67,0.0,32.0,0,0
2026-03-25 13:26:40.399819,-13.27,0.0,32.0,0,0
2026-03-25 13:26:45.399819,-12.78,10.24,52.14,1,2
2026-03-25 13:26:50.399819,-13.68,7.54,32.06,0,1
2026-03-25 13:26:55.399819,-13.08,11.8,51.41,1,2
2026-03-25 13:27:00.399819,-13.28,0.0,32.0,0,0
2026-03-25 13:27:05.399819,-13.18,8.92,46.67,1,2
2026-03-25 13:27:10.399819,-13.45,0.0,32.0,0,0
2026-03-25 13:27:15.399819,-13.4,5.23,33.73,0,1
2026-03-25 13:27:20.399819,-13.32,7.11,30.63,0,1
2026-03-25 13:27:25.399819,-13.55,0.0,32.0,0,0
2026-03-25 13:27:30.399819,-13.33,5.29,34.11,0,1
2026-03-25 13:27:35.399819,-12.73,11.64,35.89,1,2
2026-03-25 13:27:40.399819,-13.1,10.0,51.99,1,2
2026-03-25 13:27:45.399819,-13.6,7.3,32.89,0,1
2026-03-25 13:27:50.399819,-13.44,0.0,32.0,0,0
2026-03-25 13:27:55.399819,-13.01,8.63,41.2,1,2
2026-03-25 13:28:00.399819,-13.27,0.0,32.0,0,0
2026-03-25 13:28:05.399819,-13.16,9.0,41.7,1,2
2026-03-25 13:28:10.399819,-12.78,9.93,37.61,1,2
2026-03-25 13:28:15.399819,-13.26,0.0,32.0,0,0
2026-03-25 13:28:20.399819,-12.74,8.14,43.61,1,2
2026-03-25 13:28:25.399819,-13.54,6.15,36.86,0,1
2026-03-25 13:28:30.399819,-13.41,7.88,33.5,0,1
2026-03-25 13:28:35.399819,-13.44,7.85,36.76,0,1
2026-03-25 13:28:40.399819,-13.38,5.17,35.06,0,1
2026-03-25 13:28:45.399819,-13.54,5.17,37.63,0,1
2026-03-25 13:28:50.399819,-12.93,11.53,37.1,1,2
2026-03-25 13:28:55.399819,-13.2,0.0,32.0,0,0
2026-03-25 13:29:00.399819,-13.05,8.71,37.79,1,2
2026-03-25 13:29:05.399819,-13.5,6.99,39.55,0,1
2026-03-25 13:29:10.399819,-13.09,0.0,32.0,0,0
2026-03-25 13:29:15.399819,-13.12,11.1,54.31,1,2
2026-03-25 13:29:20.399819,-13.01,11.79,51.9,1,2
2026-03-25 13:29:25.399819,-13.22,10.51,44.38,1,2
2026-03-25 13:29:30.399819,-13.63,6.24,33.1,0,1
2026-03-25 13:29:35.399819,-13.59,5.94,36.44,0,1
2026-03-25 13:29:40.399819,-13.42,5.4,36.08,0,1
2026-03-25 13:29:45.399819,-12.73,11.11,38.08,1,2
2026-03-25 13:29:50.399819,-13.53,7.68,38.3,0,1
2026-03-25 13:29:55.399819,-13.6,0.0,32.0,0,0
2026-03-25 13:30:00.399819,-12.8,10.73,38.77,1,2
2026-03-25 13:30:05.399819,-13.26,0.0,32.0,0,0
2026-03-25 13:30:10.399819,-13.76,0.0,32.0,0,0
2026-03-25 13:30:15.399819,-13.34,0.0,32.0,0,0
2026-03-25 13:30:20.399819,-13.32,6.68,31.33,0,1
2026-03-25 13:30:25.399819,-13.47,0.0,32.0,0,0
2026-03-25 13:30:30.399819,-13.62,7.51,39.68,0,1
2026-03-25 13:30:35.399819,-13.59,7.31,34.21,0,1
2026-03-25 13:30:40.399819,-13.62,0.0,32.0,0,0
2026-03-25 13:30:45.399819,-13.4,6.54,32.09,0,1
2026-03-25 13:30:50.399819,-12.8,8.59,49.92,1,2
2026-03-25 13:30:55.399819,-13.34,5.15,38.64,0,1
2026-03-25 13:31:00.399819,-13.13,10.54,45.18,1,2
2026-03-25 13:31:05.399819,-13.0,11.19,45.17,1,2
2026-03-25 13:31:10.399819,-13.33,7.96,34.0,0,1
2026-03-25 13:31:15.399819,-13.63,7.53,31.34,0,1
2026-03-25 13:31:20.399819,-13.71,0.0,32.0,0,0
2026-03-25 13:31:25.399819,-12.77,8.59,40.86,1,2
2026-03-25 13:31:30.399819,-13.56,0.0,32.0,0,0
2026-03-25 13:31:35.399819,-13.8,0.0,32.0,0,0
2026-03-25 13:31:40.399819,-13.32,6.59,30.01,0,1
2026-03-25 13:31:45.399819,-13.0,8.34,49.16,1,2
2026-03-25 13:31:50.399819,-13.55,7.61,39.09,0,1
2026-03-25 13:31:55.399819,-13.81,0.0,32.0,0,0
2026-03-25 13:32:00.399819,-13.97,0.0,32.0,0,0
2026-03-25 13:32:05.399819,-13.61,0.0,32.0,0,0
2026-03-25 13:32:10.399819,-12.97,10.01,51.42,1,2
2026-03-25 13:32:15.399819,-13.31,0.0,32.0,0,0
2026-03-25 13:32:20.399819,-13.59,7.04,38.83,0,1
2026-03-25 13:32:25.399819,-12.96,9.9,47.67,1,2
2026-03-25 13:32:30.399819,-13.52,5.52,34.65,0,1
2026-03-25 13:32:35.399819,-13.88,0.0,32.0,0,0
2026-03-25 13:32:40.399819,-13.6,0.0,32.0,0,0
2026-03-25 13:32:45.399819,-13.37,0.0,32.0,0,0
2026-03-25 13:32:50.399819,-13.59,6.88,34.86,0,1
2026-03-25 13:32:55.399819,-13.18,9.33,51.12,1,2
2026-03-25 13:33:00.399819,-13.46,6.53,30.26,0,1
2026-03-25 13:33:05.399819,-13.47,0.0,32.0,0,0
2026-03-25 13:33:10.399819,-13.55,0.0,32.0,0,0
2026-03-25 13:33:15.399819,-13.56,7.47,33.2,0,1
2026-03-25 13:33:20.399819,-13.45,7.52,36.78,0,1
2026-03-25 13:33:25.399819,-13.0,10.29,35.1,1,2
2026-03-25 13:33:30.399819,-13.49,6.96,35.89,0,1
2026-03-25 13:33:35.399819,-13.09,0.0,32.0,0,0
2026-03-25 13:33:40.399819,-13.52,5.35,38.2,0,1
2026-03-25 13:33:45.399819,-13.61,5.27,39.45,0,1
2026-03-25 13:33:50.399819,-13.45,0.0,32.0,0,0
2026-03-25 13:33:55.399819,-13.66,5.41,32.66,0,1
2026-03-25 13:34:00.399819,-13.63,0.0,32.0,0,0
2026-03-25 13:34:05.399819,-13.6,0.0,32.0,0,0
2026-03-25 13:34:10.399819,-13.73,0.0,32.0,0,0
2026-03-25 13:34:15.399819,-13.45,6.66,39.81,0,1
2026-03-25 13:34:20.399819,-13.08,0.0,32.0,0,0
2026-03-25 13:34:25.399819,-12.79,8.49,46.5,1,2
2026-03-25 13:34:30.399819,-13.34,7.22,39.27,0,1
2026-03-25 13:34:35.399819,-13.49,7.31,32.94,0,1
2026-03-25 13:34:40.399819,-13.06,10.97,48.39,1,2
2026-03-25 13:34:45.399819,-12.86,11.82,46.98,1,2
2026-03-25 13:34:50.399819,-12.79,10.89,40.54,1,2
2026-03-25 13:34:55.399819,-13.22,0.0,32.0,0,0
2026-03-25 13:35:00.399819,-12.77,9.7,43.79,1,2
2026-03-25 13:35:05.399819,-13.33,7.76,32.09,0,1
2026-03-25 13:35:10.399819,-13.57,0.0,32.0,0,0
2026-03-25 13:35:15.399819,-13.4,7.91,35.21,0,1
2026-03-25 13:35:20.399819,-13.43,0.0,32.0,0,0
2026-03-25 13:35:25.399819,-12.87,11.04,41.04,1,2
2026-03-25 13:35:30.399819,-13.56,5.51,31.04,0,1
2026-03-25 13:35:35.399819,-13.34,7.42,36.3,0,1
2026-03-25 13:35:40.399819,-13.51,6.6,33.01,0,1
2026-03-25 13:35:45.399819,-13.14,0.0,32.0,0,0
2026-03-25 13:35:50.399819,-13.29,8.36,39.02,1,2
2026-03-25 13:35:55.399819,-13.52,6.11,35.56,0,1
2026-03-25 13:36:00.399819,-12.89,8.27,36.12,1,2
2026-03-25 13:36:05.399819,-13.63,0.0,32.0,0,0
2026-03-25 13:36:10.399819,-12.81,8.02,53.12,1,2
2026-03-25 13:36:15.399819,-13.37,7.28,35.66,0,1
2026-03-25 13:36:20.399819,-12.72,12.0,43.36,1,2
2026-03-25 13:36:25.399819,-12.88,8.55,40.09,1,2
2026-03-25 13:36:30.399819,-13.31,6.58,30.76,0,1
2026-03-25 13:36:35.399819,-14.0,0.0,32.0,0,0
2026-03-25 13:36:40.399819,-13.47,0.0,32.0,0,0
2026-03-25 13:36:45.399819,-13.19,8.04,54.91,1,2
2026-03-25 13:36:50.399819,-12.94,8.22,52.42,1,2
2026-03-25 13:36:55.399819,-13.35,0.0,32.0,0,0
2026-03-25 13:37:00.399819,-13.09,0.0,32.0,0,0
2026-03-25 13:37:05.399819,-13.48,6.04,33.45,0,1
2026-03-25 13:37:10.399819,-13.12,9.49,54.51,1,2
2026-03-25 13:37:15.399819,-13.8,0.0,32.0,0,0
2026-03-25 13:37:20.399819,-13.25,0.0,32.0,0,0
2026-03-25 13:37:25.399819,-13.37,7.61,31.62,0,1
2026-03-25 13:37:30.399819,-13.8,0.0,32.0,0,0
2026-03-25 13:37:35.399819,-13.29,0.0,32.0,0,0
2026-03-25 13:37:40.399819,-13.67,7.78,35.26,0,1
2026-03-25 13:37:45.399819,-13.41,0.0,32.0,0,0
2026-03-25 13:37:50.399819,-13.75,0.0,32.0,0,0
2026-03-25 13:37:55.399819,-12.79,8.97,53.54,1,2
2026-03-25 13:38:00.399819,-13.24,0.0,32.0,0,0
2026-03-25 13:38:05.399819,-13.06,9.6,49.26,1,2
2026-03-25 13:38:10.399819,-12.82,11.37,51.95,1,2
2026-03-25 13:38:15.399819,-12.79,8.47,46.25,1,2
2026-03-25 13:38:20.399819,-13.72,0.0,32.0,0,0
2026-03-25 13:38:25.399819,-13.53,6.76,37.11,0,1
2026-03-25 13:38:30.399819,-13.62,5.33,36.73,0,1
2026-03-25 13:38:35.399819,-12.82,9.81,48.32,1,2
2026-03-25 13:38:40.399819,-13.91,0.0,32.0,0,0
2026-03-25 13:38:45.399819,-13.47,7.25,36.81,0,1
2026-03-25 13:38:50.399819,-13.35,7.04,33.96,0,1
2026-03-25 13:38:55.399819,-12.75,8.85,45.38,1,2
2026-03-25 13:39:00.399819,-13.63,7.27,37.55,0,1
2026-03-25 13:39:05.399819,-13.08,0.0,32.0,0,0
2026-03-25 13:39:10.399819,-12.85,11.92,40.53,1,2
2026-03-25 13:39:15.399819,-13.56,7.49,38.91,0,1
2026-03-25 13:39:20.399819,-13.04,11.54,35.05,1,2
2026-03-25 13:39:25.399819,-13.21,0.0,32.0,0,0
2026-03-25 13:39:30.399819,-13.19,0.0,32.0,0,0
2026-03-25 13:39:35.399819,-13.24,10.51,43.69,1,2
2026-03-25 13:39:40.399819,-13.68,5.13,31.45,0,1
2026-03-25 13:39:45.399819,-13.04,10.38,36.16,1,2
2026-03-25 13:39:50.399819,-13.6,0.0,32.0,0,0
2026-03-25 13:39:55.399819,-13.57,6.92,34.11,0,1
2026-03-25 13:40:00.399819,-13.29,10.72,46.78,1,2
2026-03-25 13:40:05.399819,-13.06,10.25,44.51,1,2
2026-03-25 13:40:10.399819,-13.48,6.55,32.49,0,1
2026-03-25 13:40:15.399819,-13.89,0.0,32.0,0,0
2026-03-25 13:40:20.399819,-13.14,9.24,46.88,1,2
2026-03-25 13:40:25.399819,-12.74,8.25,45.6,1,2
2026-03-25 13:40:30.399819,-13.23,0.0,32.0,0,0
2026-03-25 13:40:35.399819,-12.96,9.64,37.46,1,2
2026-03-25 13:40:40.399819,-13.82,0.0,32.0,0,0
2026-03-25 13:40:45.399819,-13.93,0.0,32.0,0,0
2026-03-25 13:40:50.399819,-13.59,7.4,33.78,0,1
2026-03-25 13:40:55.399819,-13.1,10.71,46.74,1,2
2026-03-25 13:41:00.399819,-13.17,0.0,32.0,0,0
2026-03-25 13:41:05.399819,-13.51,7.33,34.79,0,1
2026-03-25 13:41:10.399819,-13.88,0.0,32.0,0,0
2026-03-25 13:41:15.399819,-13.16,11.9,47.7,1,2
2026-03-25 13:41:20.399819,-13.16,10.93,37.23,1,2
2026-03-25 13:41:25.399819,-13.67,0.0,32.0,0,0
2026-03-25 13:41:30.399819,-12.77,8.55,46.26,1,2
2026-03-25 13:41:35.399819,-13.43,5.81,35.99,0,1
2026-03-25 13:41:40.399819,-13.91,0.0,32.0,0,0
2026-03-25 13:41:45.399819,-13.03,0.0,32.0,0,0
2026-03-25 13:41:50.399819,-13.37,7.9,38.18,0,1
2026-03-25 13:41:55.399819,-13.54,6.44,34.8,0,1
2026-03-25 13:42:00.399819,-14.0,0.0,32.0,0,0
2026-03-25 13:42:05.399819,-13.32,5.91,36.64,0,1
2026-03-25 13:42:10.399819,-13.0,0.0,32.0,0,0
2026-03-25 13:42:15.399819,-13.39,0.0,32.0,0,0
2026-03-25 13:42:20.399819,-12.9,10.2,36.64,1,2
2026-03-25 13:42:25.399819,-12.77,9.06,50.86,1,2
2026-03-25 13:42:30.399819,-13.91,0.0,32.0,0,0
2026-03-25 13:42:35.399819,-13.46,7.4,36.22,0,1
2026-03-25 13:42:40.399819,-13.23,11.83,49.15,1,2
2026-03-25 13:42:45.399819,-13.34,5.21,39.08,0,1
2026-03-25 13:42:50.399819,-13.12,9.68,46.81,1,2
2026-03-25 13:42:55.399819,-12.9,9.1,46.63,1,2
2026-03-25 13:43:00.399819,-14.0,0.0,32.0,0,0
2026-03-25 13:43:05.399819,-13.89,0.0,32.0,0,0
2026-03-25 13:43:10.399819,-13.5,5.24,32.99,0,1
2026-03-25 13:43:15.399819,-13.32,5.99,38.88,0,1
2026-03-25 13:43:20.399819,-13.56,7.32,37.85,0,1
2026-03-25 13:43:25.399819,-13.32,5.29,39.39,0,1
2026-03-25 13:43:30.399819,-12.89,11.53,47.59,1,2
2026-03-25 13:43:35.399819,-13.55,5.77,30.35,0,1
2026-03-25 13:43:40.399819,-13.51,7.29,36.31,0,1
2026-03-25 13:43:45.399819,-13.48,7.31,36.08,0,1
2026-03-25 13:43:50.399819,-12.97,9.53,54.55,1,2
2026-03-25 13:43:55.399819,-13.69,0.0,32.0,0,0
2026-03-25 13:44:00.399819,-13.34,7.35,34.93,0,1
2026-03-25 13:44:05.399819,-12.74,9.8,38.07,1,2
2026-03-25 13:44:10.399819,-13.12,8.23,53.47,1,2
2026-03-25 13:44:15.399819,-13.97,0.0,32.0,0,0
2026-03-25 13:44:20.399819,-13.52,0.0,32.0,0,0
2026-03-25 13:44:25.399819,-13.52,6.59,36.69,0,1
2026-03-25 13:44:30.399819,-13.19,8.18,51.84,1,2
2026-03-25 13:44:35.399819,-13.62,6.35,34.86,0,1
2026-03-25 13:44:40.399819,-13.61,6.92,34.94,0,1
2026-03-25 13:44:45.399819,-13.58,5.96,31.01,0,1
2026-03-25 13:44:50.399819,-13.11,8.2,48.26,1,2
2026-03-25 13:44:55.399819,-13.58,0.0,32.0,0,0
2026-03-25 13:45:00.399819,-13.29,10.51,47.35,1,2
2026-03-25 13:45:05.399819,-13.4,7.95,35.92,0,1
2026-03-25 13:45:10.399819,-13.66,5.64,30.97,0,1
2026-03-25 13:45:15.399819,-13.38,6.24,32.34,0,1
2026-03-25 13:45:20.399819,-13.44,7.46,38.85,0,1
2026-03-25 13:45:25.399819,-12.78,11.99,45.8,1,2
2026-03-25 13:45:30.399819,-13.29,0.0,32.0,0,0
2026-03-25 13:45:35.399819,-13.27,8.91,44.83,1,2
2026-03-25 13:45:40.399819,-13.12,10.75,49.79,1,2
2026-03-25 13:45:45.399819,-12.8,9.19,43.29,1,2
2026-03-25 13:45:50.399819,-13.56,7.94,30.77,0,1
2026-03-25 13:45:55.399819,-13.67,7.96,31.91,0,1
2026-03-25 13:46:00.399819,-13.05,8.07,53.85,1,2
2026-03-25 13:46:05.399819,-13.38,5.81,38.79,0,1
2026-03-25 13:46:10.399819,-13.61,7.94,39.54,0,1
2026-03-25 13:46:15.399819,-13.54,6.01,35.81,0,1
2026-03-25 13:46:20.399819,-13.01,0.0,32.0,0,0
2026-03-25 13:46:25.399819,-13.64,5.05,35.41,0,1
2026-03-25 13:46:30.399819,-13.96,0.0,32.0,0,0
2026-03-25 13:46:35.399819,-13.66,0.0,32.0,0,0
2026-03-25 13:46:40.399819,-13.3,0.0,32.0,0,0
2026-03-25 13:46:45.399819,-12.8,8.51,43.57,1,2
2026-03-25 13:46:50.399819,-12.89,9.19,52.48,1,2
2026-03-25 13:46:55.399819,-13.76,0.0,32.0,0,0
2026-03-25 13:47:00.399819,-13.28,11.89,38.93,1,2
2026-03-25 13:47:05.399819,-13.64,5.09,37.19,0,1
2026-03-25 13:47:10.399819,-12.95,11.74,35.36,1,2
2026-03-25 13:47:15.399819,-13.31,5.23,38.77,0,1
2026-03-25 13:47:20.399819,-13.61,5.06,39.27,0,1
2026-03-25 13:47:25.399819,-13.61,0.0,32.0,0,0
2026-03-25 13:47:30.399819,-12.91,11.64,40.91,1,2
2026-03-25 13:47:35.399819,-13.37,0.0,32.0,0,0
2026-03-25 13:47:40.399819,-13.54,6.94,36.67,0,1
2026-03-25 13:47:45.399819,-13.36,7.67,30.78,0,1
2026-03-25 13:47:50.399819,-12.72,10.6,47.72,1,2
2026-03-25 13:47:55.399819,-13.45,5.82,33.28,0,1
2026-03-25 13:48:00.399819,-13.44,7.88,34.52,0,1
2026-03-25 13:48:05.399819,-12.7,10.58,39.92,1,2
2026-03-25 13:48:10.399819,-13.1,9.34,38.31,1,2
2026-03-25 13:48:15.399819,-13.33,0.0,32.0,0,0
2026-03-25 13:48:20.399819,-13.74,0.0,32.0,0,0
2026-03-25 13:48:25.399819,-13.36,0.0,32.0,0,0
2026-03-25 13:48:30.399819,-12.93,11.97,48.67,1,2
2026-03-25 13:48:35.399819,-13.24,11.49,40.91,1,2
2026-03-25 13:48:40.399819,-12.98,11.39,52.12,1,2
2026-03-25 13:48:45.399819,-13.13,0.0,32.0,0,0
2026-03-25 13:48:50.399819,-13.65,0.0,32.0,0,0
2026-03-25 13:48:55.399819,-13.43,7.89,38.55,0,1
2026-03-25 13:49:00.399819,-13.31,6.52,31.68,0,1
2026-03-25 13:49:05.399819,-12.85,8.64,52.18,1,2
2026-03-25 13:49:10.399819,-13.21,11.84,45.93,1,2
2026-03-25 13:49:15.399819,-13.29,11.99,50.72,1,2
2026-03-25 13:49:20.399819,-13.62,6.94,39.21,0,1
2026-03-25 13:49:25.399819,-13.57,5.73,33.55,0,1
2026-03-25 13:49:30.399819,-13.0,0.0,32.0,0,0
2026-03-25 13:49:35.399819,-13.21,8.06,35.58,1,2
2026-03-25 13:49:40.399819,-13.18,0.0,32.0,0,0
2026-03-25 13:49:45.399819,-13.02,10.6,52.79,1,2
2026-03-25 13:49:50.399819,-13.82,0.0,32.0,0,0
2026-03-25 13:49:55.399819,-13.01,8.16,53.15,1,2
2026-03-25 13:50:00.399819,-13.59,0.0,32.0,0,0
2026-03-25 13:50:05.399819,-13.61,0.0,32.0,0,0
2026-03-25 13:50:10.399819,-13.37,6.13,37.84,0,1
2026-03-25 13:50:15.399819,-13.1,0.0,32.0,0,0
2026-03-25 13:50:20.399819,-13.48,6.41,31.38,0,1
2026-03-25 13:50:25.399819,-13.48,0.0,32.0,0,0
2026-03-25 13:50:30.399819,-13.58,7.05,39.81,0,1
2026-03-25 13:50:35.399819,-13.2,10.0,36.85,1,2
2026-03-25 13:50:40.399819,-13.4,7.37,37.81,0,1
2026-03-25 13:50:45.399819,-13.78,0.0,32.0,0,0
2026-03-25 13:50:50.399819,-13.55,7.44,32.93,0,1
2026-03-25 13:50:55.399819,-13.4,0.0,32.0,0,0
2026-03-25 13:51:00.399819,-13.39,0.0,32.0,0,0
2026-03-25 13:51:05.399819,-12.91,11.71,36.84,1,2
2026-03-25 13:51:10.399819,-12.95,8.5,53.82,1,2
2026-03-25 13:51:15.399819,-12.94,11.55,42.75,1,2
2026-03-25 13:51:20.399819,-13.59,6.97,39.9,0,1
2026-03-25 13:51:25.399819,-12.87,9.4,44.58,1,2
2026-03-25 13:51:30.399819,-13.55,5.73,34.24,0,1
2026-03-25 13:51:35.399819,-13.4,7.22,32.33,0,1
2026-03-25 13:51:40.399819,-12.86,10.45,46.21,1,2
2026-03-25 13:51:45.399819,-13.46,5.73,34.94,0,1
2026-03-25 13:51:50.399819,-12.72,11.88,44.58,1,2
2026-03-25 13:51:55.399819,-13.97,0.0,32.0,0,0
2026-03-25 13:52:00.399819,-12.85,8.62,54.0,1,2
2026-03-25 13:52:05.399819,-13.15,9.91,37.98,1,2
2026-03-25 13:52:10.399819,-13.33,6.87,31.07,0,1
2026-03-25 13:52:15.399819,-13.79,0.0,32.0,0,0
2026-03-25 13:52:20.399819,-12.75,9.35,43.07,1,2
2026-03-25 13:52:25.399819,-13.61,6.14,32.31,0,1
2026-03-25 13:52:30.399819,-13.47,0.0,32.0,0,0
2026-03-25 13:52:35.399819,-13.36,5.55,30.97,0,1
2026-03-25 13:52:40.399819,-13.61,6.3,35.47,0,1
2026-03-25 13:52:45.399819,-13.2,10.8,42.04,1,2
2026-03-25 13:52:50.399819,-12.87,8.79,38.28,1,2
2026-03-25 13:52:55.399819,-13.33,7.48,35.0,0,1
2026-03-25 13:53:00.399819,-13.06,9.78,47.45,1,2
2026-03-25 13:53:05.399819,-13.51,6.68,37.32,0,1
2026-03-25 13:53:10.399819,-13.15,11.66,44.49,1,2
2026-03-25 13:53:15.399819,-13.34,5.24,35.93,0,1
2026-03-25 13:53:20.399819,-13.64,7.89,30.87,0,1
2026-03-25 13:53:25.399819,-13.63,0.0,32.0,0,0
2026-03-25 13:53:30.399819,-13.14,10.62,35.54,1,2
2026-03-25 13:53:35.399819,-13.66,6.65,33.34,0,1
2026-03-25 13:53:40.399819,-13.33,5.61,37.91,0,1
2026-03-25 13:53:45.399819,-13.24,9.83,36.63,1,2
2026-03-25 13:53:50.399819,-13.85,0.0,32.0,0,0
2026-03-25 13:53:55.399819,-13.84,0.0,32.0,0,0
2026-03-25 13:54:00.399819,-13.65,0.0,32.0,0,0
2026-03-25 13:54:05.399819,-13.11,10.4,41.74,1,2
2026-03-25 13:54:10.399819,-13.31,6.22,31.52,0,1
2026-03-25 13:54:15.399819,-13.2,9.26,37.43,1,2
2026-03-25 13:54:20.399819,-13.69,6.55,30.72,0,1
2026-03-25 13:54:25.399819,-13.84,0.0,32.0,0,0
2026-03-25 13:54:30.399819,-12.98,10.43,52.5,1,2
2026-03-25 13:54:35.399819,-12.86,11.55,37.9,1,2
2026-03-25 13:54:40.399819,-13.13,0.0,32.0,0,0
2026-03-25 13:54:45.399819,-13.31,0.0,32.0,0,0
2026-03-25 13:54:50.399819,-13.24,0.0,32.0,0,0
2026-03-25 13:54:55.399819,-13.26,11.22,49.23,1,2
2026-03-25 13:55:00.399819,-13.41,7.03,35.73,0,1
2026-03-25 13:55:05.399819,-13.67,0.0,32.0,0,0
2026-03-25 13:55:10.399819,-13.66,0.0,32.0,0,0
2026-03-25 13:55:15.399819,-13.24,9.78,36.27,1,2
2026-03-25 13:55:20.399819,-13.25,0.0,32.0,0,0
2026-03-25 13:55:25.399819,-13.16,0.0,32.0,0,0
2026-03-25 13:55:30.399819,-13.21,10.48,53.1,1,2
2026-03-25 13:55:35.399819,-13.44,7.45,32.42,0,1
2026-03-25 13:55:40.399819,-13.27,8.65,45.97,1,2
2026-03-25 13:55:45.399819,-13.94,0.0,32.0,0,0
2026-03-25 13:55:50.399819,-13.02,0.0,32.0,0,0
2026-03-25 13:55:55.399819,-13.82,0.0,32.0,0,0
2026-03-25 13:56:00.399819,-12.77,8.38,42.81,1,2
2026-03-25 13:56:05.399819,-13.22,9.37,43.65,1,2
2026-03-25 13:56:10.399819,-13.24,8.51,50.97,1,2
2026-03-25 13:56:15.399819,-13.38,6.8,33.51,0,1
2026-03-25 13:56:20.399819,-12.72,9.59,35.88,1,2
2026-03-25 13:56:25.399819,-13.29,11.52,50.97,1,2
2026-03-25 13:56:30.399819,-13.47,7.33,31.79,0,1
2026-03-25 13:56:35.399819,-13.5,7.18,31.62,0,1
2026-03-25 13:56:40.399819,-13.07,0.0,32.0,0,0
2026-03-25 13:56:45.399819,-13.55,6.15,34.78,0,1
2026-03-25 13:56:50.399819,-13.5,0.0,32.0,0,0
2026-03-25 13:56:55.399819,-13.67,5.32,35.76,0,1
2026-03-25 13:57:00.399819,-13.42,0.0,32.0,0,0
2026-03-25 13:57:05.399819,-13.1,0.0,32.0,0,0
2026-03-25 13:57:10.399819,-12.89,10.75,54.14,1,2
2026-03-25 13:57:15.399819,-13.53,6.07,32.69,0,1
2026-03-25 13:57:20.399819,-12.83,10.63,35.25,1,2
2026-03-25 13:57:25.399819,-13.14,0.0,32.0,0,0
2026-03-25 13:57:30.399819,-12.82,9.33,42.54,1,2
2026-03-25 13:57:35.399819,-13.53,0.0,32.0,0,0
2026-03-25 13:57:40.399819,-13.12,0.0,32.0,0,0
2026-03-25 13:57:45.399819,-13.91,0.0,32.0,0,0
2026-03-25 13:57:50.399819,-12.88,10.32,37.62,1,2
2026-03-25 13:57:55.399819,-13.05,0.0,32.0,0,0
2026-03-25 13:58:00.399819,-13.61,5.68,34.92,0,1
2026-03-25 13:58:05.399819,-13.56,5.69,33.97,0,1
2026-03-25 13:58:10.399819,-13.17,0.0,32.0,0,0
2026-03-25 13:58:15.399819,-13.39,0.0,32.0,0,0
2026-03-25 13:58:20.399819,-12.83,9.21,52.05,1,2
2026-03-25 13:58:25.399819,-13.38,0.0,32.0,0,0
2026-03-25 13:58:30.399819,-13.63,6.73,36.87,0,1
2026-03-25 13:58:35.399819,-13.4,0.0,32.0,0,0
2026-03-25 13:58:40.399819,-13.1,10.4,43.05,1,2
2026-03-25 13:58:45.399819,-13.01,11.0,44.34,1,2
2026-03-25 13:58:50.399819,-12.92,9.14,45.91,1,2
2026-03-25 13:58:55.399819,-13.68,0.0,32.0,0,0
2026-03-25 13:59:00.399819,-13.35,0.0,32.0,0,0
2026-03-25 13:59:05.399819,-13.69,7.98,31.92,0,1
2026-03-25 13:59:10.399819,-12.78,10.8,52.99,1,2
2026-03-25 13:59:15.399819,-13.49,0.0,32.0,0,0
2026-03-25 13:59:20.399819,-13.4,0.0,32.0,0,0
2026-03-25 13:59:25.399819,-13.41,5.78,35.29,0,1
2026-03-25 13:59:30.399819,-13.03,8.18,49.79,1,2
2026-03-25 13:59:35.399819,-13.44,5.44,36.8,0,1
2026-03-25 13:59:40.399819,-13.11,0.0,32.0,0,0
2026-03-25 13:59:45.399819,-13.64,0.0,32.0,0,0
2026-03-25 13:59:50.399819,-13.73,0.0,32.0,0,0
2026-03-25 13:59:55.399819,-13.65,0.0,32.0,0,0
2026-03-25 14:00:00.399819,-13.6,6.53,33.4,0,1
2026-03-25 14:00:05.399819,-13.48,0.0,32.0,0,0
2026-03-25 14:00:10.399819,-13.95,0.0,32.0,0,0
2026-03-25 14:00:15.399819,-12.8,9.43,35.67,1,2
2026-03-25 14:00:20.399819,-13.19,9.02,37.08,1,2
2026-03-25 14:00:25.399819,-12.81,11.52,41.74,1,2
2026-03-25 14:00:30.399819,-12.99,9.88,48.41,1,2
2026-03-25 14:00:35.399819,-13.38,6.63,37.16,0,1
2026-03-25 14:00:40.399819,-13.08,11.29,46.16,1,2
2026-03-25 14:00:45.399819,-12.86,11.75,46.61,1,2
2026-03-25 14:00:50.399819,-13.04,11.76,43.42,1,2
2026-03-25 14:00:55.399819,-13.37,5.5,34.31,0,1
2026-03-25 14:01:00.399819,-13.56,6.87,32.92,0,1
2026-03-25 14:01:05.399819,-13.06,0.0,32.0,0,0
2026-03-25 14:01:10.399819,-13.14,8.18,36.85,1,2
2026-03-25 14:01:15.399819,-13.77,0.0,32.0,0,0
2026-03-25 14:01:20.399819,-13.64,0.0,32.0,0,0
2026-03-25 14:01:25.399819,-13.51,7.55,33.19,0,1
2026-03-25 14:01:30.399819,-13.0,8.41,45.88,1,2
2026-03-25 14:01:35.399819,-13.96,0.0,32.0,0,0
2026-03-25 14:01:40.399819,-13.26,11.29,46.93,1,2
2026-03-25 14:01:45.399819,-13.42,5.65,37.27,0,1
2026-03-25 14:01:50.399819,-13.84,0.0,32.0,0,0
2026-03-25 14:01:55.399819,-13.43,5.95,36.4,0,1
2026-03-25 14:02:00.399819,-13.62,7.82,35.13,0,1
2026-03-25 14:02:05.399819,-13.58,6.12,35.98,0,1
2026-03-25 14:02:10.399819,-13.42,0.0,32.0,0,0
2026-03-25 14:02:15.399819,-12.84,8.61,52.98,1,2
2026-03-25 14:02:20.399819,-13.16,0.0,32.0,0,0
2026-03-25 14:02:25.399819,-13.46,5.24,33.68,0,1
2026-03-25 14:02:30.399819,-13.36,5.7,32.04,0,1
2026-03-25 14:02:35.399819,-13.14,8.37,53.15,1,2
2026-03-25 14:02:40.399819,-13.4,0.0,32.0,0,0
2026-03-25 14:02:45.399819,-12.92,9.17,54.69,1,2
2026-03-25 14:02:50.399819,-13.11,0.0,32.0,0,0
2026-03-25 14:02:55.399819,-13.52,7.73,30.55,0,1
2026-03-25 14:03:00.399819,-13.49,6.88,34.21,0,1
2026-03-25 14:03:05.399819,-13.88,0.0,32.0,0,0
2026-03-25 14:03:10.399819,-13.65,7.95,38.51,0,1
2026-03-25 14:03:15.399819,-13.32,0.0,32.0,0,0
2026-03-25 14:03:20.399819,-13.01,0.0,32.0,0,0
2026-03-25 14:03:25.399819,-12.85,11.47,54.49,1,2
2026-03-25 14:03:30.399819,-13.02,11.77,41.65,1,2
2026-03-25 14:03:35.399819,-13.02,11.07,45.98,1,2
2026-03-25 14:03:40.399819,-13.64,6.28,34.2,0,1
2026-03-25 14:03:45.399819,-13.74,0.0,32.0,0,0
2026-03-25 14:03:50.399819,-13.53,0.0,32.0,0,0
2026-03-25 14:03:55.399819,-13.21,11.89,41.95,1,2
2026-03-25 14:04:00.399819,-13.61,0.0,32.0,0,0
2026-03-25 14:04:05.399819,-12.72,11.45,45.64,1,2
2026-03-25 14:04:10.399819,-13.12,11.02,40.21,1,2
2026-03-25 14:04:15.399819,-13.08,0.0,32.0,0,0
2026-03-25 14:04:20.399819,-13.64,0.0,32.0,0,0
2026-03-25 14:04:25.399819,-13.31,0.0,32.0,0,0
2026-03-25 14:04:30.399819,-13.38,6.39,36.05,0,1
2026-03-25 14:04:35.399819,-13.39,6.25,36.97,0,1
2026-03-25 14:04:40.399819,-12.71,11.51,50.6,1,2
2026-03-25 14:04:45.399819,-13.32,7.06,35.2,0,1
2026-03-25 14:04:50.399819,-12.74,10.13,52.59,1,2
2026-03-25 14:04:55.399819,-13.63,5.98,37.79,0,1
2026-03-25 14:05:00.399819,-13.1,9.5,49.3,1,2
2026-03-25 14:05:05.399819,-13.13,11.49,45.17,1,2
2026-03-25 14:05:10.399819,-13.1,0.0,32.0,0,0
2026-03-25 14:05:15.399819,-12.89,9.37,49.34,1,2
2026-03-25 14:05:20.399819,-13.56,6.14,37.42,0,1
2026-03-25 14:05:25.399819,-13.49,7.48,30.03,0,1
2026-03-25 14:05:30.399819,-13.09,9.8,53.99,1,2
2026-03-25 14:05:35.399819,-13.33,6.72,30.03,0,1
2026-03-25 14:05:40.399819,-13.94,0.0,32.0,0,0
2026-03-25 14:05:45.399819,-12.96,8.38,54.6,1,2
2026-03-25 14:05:50.399819,-13.98,0.0,32.0,0,0
2026-03-25 14:05:55.399819,-13.55,7.78,38.03,0,1
2026-03-25 14:06:00.399819,-13.86,0.0,32.0,0,0
2026-03-25 14:06:05.399819,-13.3,7.94,35.94,0,1
2026-03-25 14:06:10.399819,-13.69,0.0,32.0,0,0
2026-03-25 14:06:15.399819,-12.92,10.93,47.47,1,2
2026-03-25 14:06:20.399819,-13.57,7.3,37.23,0,1
2026-03-25 14:06:25.399819,-12.84,11.94,38.1,1,2
2026-03-25 14:06:30.399819,-13.88,0.0,32.0,0,0
2026-03-25 14:06:35.399819,-12.87,9.21,35.77,1,2
2026-03-25 14:06:40.399819,-13.07,11.59,48.83,1,2
2026-03-25 14:06:45.399819,-13.6,0.0,32.0,0,0
2026-03-25 14:06:50.399819,-12.8,10.94,38.04,1,2
2026-03-25 14:06:55.399819,-13.02,11.94,37.02,1,2
2026-03-25 14:07:00.399819,-13.59,6.38,34.99,0,1
2026-03-25 14:07:05.399819,-13.52,6.25,35.76,0,1
2026-03-25 14:07:10.399819,-13.92,0.0,32.0,0,0
2026-03-25 14:07:15.399819,-13.8,0.0,32.0,0,0
2026-03-25 14:07:20.399819,-13.58,5.62,35.34,0,1
2026-03-25 14:07:25.399819,-12.92,9.78,50.99,1,2
2026-03-25 14:07:30.399819,-12.78,9.05,41.12,1,2
2026-03-25 14:07:35.399819,-13.43,5.51,34.67,0,1
2026-03-25 14:07:40.399819,-13.47,0.0,32.0,0,0
2026-03-25 14:07:45.399819,-13.17,9.91,43.52,1,2
2026-03-25 14:07:50.399819,-13.19,0.0,32.0,0,0
2026-03-25 14:07:55.399819,-13.42,6.83,31.78,0,1
2026-03-25 14:08:00.399819,-13.59,7.33,37.87,0,1
2026-03-25 14:08:05.399819,-13.8,0.0,32.0,0,0
2026-03-25 14:08:10.399819,-13.0,11.89,46.41,1,2
2026-03-25 14:08:15.399819,-13.08,11.57,51.83,1,2
2026-03-25 14:08:20.399819,-12.84,10.74,50.62,1,2
2026-03-25 14:08:25.399819,-13.58,0.0,32.0,0,0
2026-03-25 14:08:30.399819,-13.32,6.0,38.26,0,1
2026-03-25 14:08:35.399819,-13.1,0.0,32.0,0,0
2026-03-25 14:08:40.399819,-13.52,6.01,37.03,0,1
2026-03-25 14:08:45.399819,-13.68,6.7,34.08,0,1
2026-03-25 14:08:50.399819,-13.52,0.0,32.0,0,0
2026-03-25 14:08:55.399819,-13.56,7.35,39.73,0,1
2026-03-25 14:09:00.399819,-13.87,0.0,32.0,0,0
2026-03-25 14:09:05.399819,-13.11,0.0,32.0,0,0
2026-03-25 14:09:10.399819,-13.24,10.82,48.86,1,2
2026-03-25 14:09:15.399819,-13.67,7.65,38.45,0,1
2026-03-25 14:09:20.399819,-12.92,9.36,45.03,1,2
2026-03-25 14:09:25.399819,-13.0,8.63,37.29,1,2
2026-03-25 14:09:30.399819,-12.78,9.28,50.04,1,2
2026-03-25 14:09:35.399819,-13.5,6.74,34.86,0,1
2026-03-25 14:09:40.399819,-13.58,0.0,32.0,0,0
2026-03-25 14:09:45.399819,-13.33,7.35,32.13,0,1
2026-03-25 14:09:50.399819,-13.06,0.0,32.0,0,0
2026-03-25 14:09:55.399819,-12.82,10.15,39.15,1,2
2026-03-25 14:10:00.399819,-13.15,11.18,48.24,1,2
2026-03-25 14:10:05.399819,-13.58,7.77,36.17,0,1
2026-03-25 14:10:10.399819,-13.06,8.0,49.73,1,2
2026-03-25 14:10:15.399819,-13.45,6.07,33.59,0,1
2026-03-25 14:10:20.399819,-13.56,6.1,36.88,0,1
2026-03-25 14:10:25.399819,-12.97,9.18,42.77,1,2
2026-03-25 14:10:30.399819,-13.69,0.0,32.0,0,0
2026-03-25 14:10:35.399819,-13.3,11.08,45.75,1,2
2026-03-25 14:10:40.399819,-12.92,9.92,54.88,1,2
2026-03-25 14:10:45.399819,-13.57,6.16,37.12,0,1
2026-03-25 14:10:50.399819,-13.19,0.0,32.0,0,0
2026-03-25 14:10:55.399819,-13.52,0.0,32.0,0,0
2026-03-25 14:11:00.399819,-13.45,6.4,35.6,0,1
2026-03-25 14:11:05.399819,-12.84,9.92,51.78,1,2
2026-03-25 14:11:10.399819,-13.48,6.08,30.43,0,1
2026-03-25 14:11:15.399819,-13.29,9.88,52.49,1,2
2026-03-25 14:11:20.399819,-13.08,11.34,52.95,1,2
2026-03-25 14:11:25.399819,-13.01,9.46,46.17,1,2
2026-03-25 14:11:30.399819,-13.08,10.39,39.67,1,2
2026-03-25 14:11:35.399819,-13.22,0.0,32.0,0,0
2026-03-25 14:11:40.399819,-13.51,0.0,32.0,0,0
2026-03-25 14:11:45.399819,-13.82,0.0,32.0,0,0
2026-03-25 14:11:50.399819,-13.37,0.0,32.0,0,0
2026-03-25 14:11:55.399819,-13.05,11.46,37.99,1,2
2026-03-25 14:12:00.399819,-13.75,0.0,32.0,0,0
2026-03-25 14:12:05.399819,-12.81,8.91,54.3,1,2
2026-03-25 14:12:10.399819,-13.56,0.0,32.0,0,0
2026-03-25 14:12:15.399819,-13.52,7.55,39.48,0,1
2026-03-25 14:12:20.399819,-13.66,5.19,33.54,0,1
2026-03-25 14:12:25.399819,-13.45,7.45,35.82,0,1
2026-03-25 14:12:30.399819,-13.0,0.0,32.0,0,0
2026-03-25 14:12:35.399819,-13.47,0.0,32.0,0,0
2026-03-25 14:12:40.399819,-13.68,5.48,35.31,0,1
2026-03-25 14:12:45.399819,-13.56,7.94,30.3,0,1
2026-03-25 14:12:50.399819,-13.11,11.47,51.2,1,2
2026-03-25 14:12:55.399819,-12.86,11.81,43.4,1,2
2026-03-25 14:13:00.399819,-12.73,10.03,43.11,1,2
2026-03-25 14:13:05.399819,-13.6,0.0,32.0,0,0
2026-03-25 14:13:10.399819,-13.87,0.0,32.0,0,0
2026-03-25 14:13:15.399819,-13.42,6.95,36.11,0,1
2026-03-25 14:13:20.399819,-12.84,11.91,46.73,1,2
2026-03-25 14:13:25.399819,-12.89,11.74,46.39,1,2
2026-03-25 14:13:30.399819,-13.57,6.41,34.36,0,1
2026-03-25 14:13:35.399819,-13.6,6.9,30.53,0,1
2026-03-25 14:13:40.399819,-13.33,0.0,32.0,0,0
2026-03-25 14:13:45.399819,-13.63,0.0,32.0,0,0
2026-03-25 14:13:50.399819,-12.72,8.33,45.77,1,2
2026-03-25 14:13:55.399819,-13.31,6.19,39.74,0,1
2026-03-25 14:14:00.399819,-13.25,0.0,32.0,0,0
2026-03-25 14:14:05.399819,-13.14,11.82,38.54,1,2
2026-03-25 14:14:10.399819,-13.09,9.47,42.05,1,2
2026-03-25 14:14:15.399819,-13.81,0.0,32.0,0,0
2026-03-25 14:14:20.399819,-12.91,11.08,49.97,1,2
2026-03-25 14:14:25.399819,-13.33,5.17,31.72,0,1
2026-03-25 14:14:30.399819,-13.42,6.09,37.72,0,1
2026-03-25 14:14:35.399819,-13.07,10.57,48.56,1,2
2026-03-25 14:14:40.399819,-12.74,10.34,37.14,1,2
2026-03-25 14:14:45.399819,-13.53,6.39,39.81,0,1
2026-03-25 14:14:50.399819,-13.67,5.84,32.78,0,1
2026-03-25 14:14:55.399819,-13.66,7.28,33.13,0,1
2026-03-25 14:15:00.399819,-13.64,6.3,36.39,0,1
2026-03-25 14:15:05.399819,-13.6,7.08,36.68,0,1
2026-03-25 14:15:10.399819,-13.74,0.0,32.0,0,0
2026-03-25 14:15:15.399819,-13.79,0.0,32.0,0,0
2026-03-25 14:15:20.399819,-13.93,0.0,32.0,0,0
2026-03-25 14:15:25.399819,-12.86,10.17,51.88,1,2
2026-03-25 14:15:30.399819,-13.05,0.0,32.0,0,0
2026-03-25 14:15:35.399819,-13.14,0.0,32.0,0,0
2026-03-25 14:15:40.399819,-13.62,7.44,31.08,0,1
2026-03-25 14:15:45.399819,-12.94,8.08,38.4,1,2
2026-03-25 14:15:50.399819,-12.95,10.42,40.03,1,2
2026-03-25 14:15:55.399819,-13.05,8.63,46.4,1,2
2026-03-25 14:16:00.399819,-13.43,0.0,32.0,0,0
2026-03-25 14:16:05.399819,-13.82,0.0,32.0,0,0
2026-03-25 14:16:10.399819,-14.0,0.0,32.0,0,0
2026-03-25 14:16:15.399819,-13.26,10.96,43.84,1,2
2026-03-25 14:16:20.399819,-13.16,9.04,50.3,1,2
2026-03-25 14:16:25.399819,-13.65,0.0,32.0,0,0
2026-03-25 14:16:30.399819,-13.01,11.11,42.03,1,2
2026-03-25 14:16:35.399819,-12.71,10.9,44.21,1,2
2026-03-25 14:16:40.399819,-12.86,11.54,52.76,1,2
2026-03-25 14:16:45.399819,-13.46,5.96,32.77,0,1
2026-03-25 14:16:50.399819,-13.77,0.0,32.0,0,0
2026-03-25 14:16:55.399819,-13.04,10.16,52.79,1,2
2026-03-25 14:17:00.399819,-13.29,0.0,32.0,0,0
2026-03-25 14:17:05.399819,-12.78,11.0,51.66,1,2
2026-03-25 14:17:10.399819,-13.47,6.7,30.35,0,1
2026-03-25 14:17:15.399819,-13.23,10.51,50.13,1,2
2026-03-25 14:17:20.399819,-13.2,10.37,51.81,1,2
2026-03-25 14:17:25.399819,-13.25,11.43,51.85,1,2
2026-03-25 14:17:30.399819,-13.21,8.82,45.9,1,2
2026-03-25 14:17:35.399819,-12.86,10.09,41.97,1,2
2026-03-25 14:17:40.399819,-13.28,8.69,50.47,1,2
2026-03-25 14:17:45.399819,-13.66,0.0,32.0,0,0
2026-03-25 14:17:50.399819,-13.45,0.0,32.0,0,0
2026-03-25 14:17:55.399819,-13.65,6.48,30.99,0,1
2026-03-25 14:18:00.399819,-13.61,6.08,35.33,0,1
2026-03-25 14:18:05.399819,-13.39,0.0,32.0,0,0
2026-03-25 14:18:10.399819,-13.61,7.05,32.36,0,1
2026-03-25 14:18:15.399819,-13.92,0.0,32.0,0,0
2026-03-25 14:18:20.399819,-13.46,0.0,32.0,0,0
2026-03-25 14:18:25.399819,-13.35,0.0,32.0,0,0
2026-03-25 14:18:30.399819,-13.23,10.97,51.72,1,2
2026-03-25 14:18:35.399819,-13.34,7.48,30.81,0,1
2026-03-25 14:18:40.399819,-13.62,5.36,32.8,0,1
2026-03-25 14:18:45.399819,-13.59,5.01,39.34,0,1
2026-03-25 14:18:50.399819,-13.34,5.73,32.85,0,1
2026-03-25 14:18:55.399819,-13.15,10.98,45.1,1,2
2026-03-25 14:19:00.399819,-13.41,6.72,30.57,0,1
2026-03-25 14:19:05.399819,-13.7,0.0,32.0,0,0
2026-03-25 14:19:10.399819,-13.34,0.0,32.0,0,0
2026-03-25 14:19:15.399819,-12.86,9.05,35.16,1,2
2026-03-25 14:19:20.399819,-13.04,9.85,36.64,1,2
2026-03-25 14:19:25.399819,-13.02,11.73,36.93,1,2
2026-03-25 14:19:30.399819,-12.97,11.92,45.34,1,2
2026-03-25 14:19:35.399819,-13.59,6.15,36.13,0,1
2026-03-25 14:19:40.399819,-13.31,7.99,38.02,0,1
2026-03-25 14:19:45.399819,-13.12,9.38,40.95,1,2
2026-03-25 14:19:50.399819,-13.76,0.0,32.0,0,0
2026-03-25 14:19:55.399819,-13.03,10.58,54.81,1,2
2026-03-25 14:20:00.399819,-13.74,0.0,32.0,0,0
2026-03-25 14:20:05.399819,-13.55,0.0,32.0,0,0
2026-03-25 14:20:10.399819,-12.99,11.51,38.98,1,2
2026-03-25 14:20:15.399819,-13.33,6.09,34.83,0,1
2026-03-25 14:20:20.399819,-13.14,8.4,44.81,1,2
2026-03-25 14:20:25.399819,-13.5,7.55,38.69,0,1
2026-03-25 14:20:30.399819,-13.68,5.75,30.97,0,1
2026-03-25 14:20:35.399819,-13.26,9.52,50.73,1,2
2026-03-25 14:20:40.399819,-13.6,6.13,37.06,0,1
2026-03-25 14:20:45.399819,-12.84,9.89,46.91,1,2
2026-03-25 14:20:50.399819,-13.03,0.0,32.0,0,0
2026-03-25 14:20:55.399819,-13.02,0.0,32.0,0,0
2026-03-25 14:21:00.399819,-13.23,0.0,32.0,0,0
2026-03-25 14:21:05.399819,-13.29,8.68,41.61,1,2
2026-03-25 14:21:10.399819,-13.42,7.47,35.05,0,1
2026-03-25 14:21:15.399819,-13.69,5.1,31.38,0,1
2026-03-25 14:21:20.399819,-13.4,0.0,32.0,0,0
2026-03-25 14:21:25.399819,-12.96,11.74,43.85,1,2
2026-03-25 14:21:30.399819,-13.17,8.56,51.03,1,2
2026-03-25 14:21:35.399819,-13.49,6.93,35.06,0,1
2026-03-25 14:21:40.399819,-13.15,9.58,52.44,1,2
2026-03-25 14:21:45.399819,-13.53,5.01,36.69,0,1
2026-03-25 14:21:50.399819,-13.03,9.01,40.21,1,2
2026-03-25 14:21:55.399819,-13.82,0.0,32.0,0,0
2026-03-25 14:22:00.399819,-13.34,7.91,39.89,0,1
2026-03-25 14:22:05.399819,-13.13,0.0,32.0,0,0
2026-03-25 14:22:10.399819,-13.5,0.0,32.0,0,0
2026-03-25 14:22:15.399819,-13.04,10.07,46.12,1,2
2026-03-25 14:22:20.399819,-12.82,10.46,54.48,1,2
2026-03-25 14:22:25.399819,-13.17,10.49,38.78,1,2
2026-03-25 14:22:30.399819,-13.2,10.44,53.91,1,2
2026-03-25 14:22:35.399819,-13.03,8.06,44.15,1,2
2026-03-25 14:22:40.399819,-13.06,10.95,54.24,1,2
2026-03-25 14:22:45.399819,-13.62,5.13,34.06,0,1
2026-03-25 14:22:50.399819,-13.67,0.0,32.0,0,0
2026-03-25 14:22:55.399819,-13.62,0.0,32.0,0,0
2026-03-25 14:23:00.399819,-13.3,0.0,32.0,0,0
2026-03-25 14:23:05.399819,-13.28,0.0,32.0,0,0
2026-03-25 14:23:10.399819,-13.84,0.0,32.0,0,0
2026-03-25 14:23:15.399819,-13.35,6.24,34.76,0,1
2026-03-25 14:23:20.399819,-13.61,6.69,36.32,0,1
2026-03-25 14:23:25.399819,-13.01,8.79,50.41,1,2
2026-03-25 14:23:30.399819,-13.83,0.0,32.0,0,0
2026-03-25 14:23:35.399819,-13.52,5.12,33.13,0,1
2026-03-25 14:23:40.399819,-13.57,7.48,34.52,0,1
2026-03-25 14:23:45.399819,-13.48,6.25,34.88,0,1
2026-03-25 14:23:50.399819,-13.38,0.0,32.0,0,0
2026-03-25 14:23:55.399819,-13.33,0.0,32.0,0,0
2026-03-25 14:24:00.399819,-13.24,11.87,50.65,1,2
2026-03-25 14:24:05.399819,-12.88,8.83,35.51,1,2
2026-03-25 14:24:10.399819,-13.71,0.0,32.0,0,0
2026-03-25 14:24:15.399819,-13.62,5.15,34.88,0,1
2026-03-25 14:24:20.399819,-13.17,8.43,50.06,1,2
2026-03-25 14:24:25.399819,-12.96,10.79,50.22,1,2
2026-03-25 14:24:30.399819,-13.49,7.14,37.64,0,1
2026-03-25 14:24:35.399819,-13.5,5.84,38.62,0,1
2026-03-25 14:24:40.399819,-12.94,8.17,53.92,1,2
2026-03-25 14:24:45.399819,-13.24,11.56,50.55,1,2
2026-03-25 14:24:50.399819,-13.02,8.53,47.94,1,2
2026-03-25 14:24:55.399819,-13.4,7.23,31.07,0,1
2026-03-25 14:25:00.399819,-13.33,5.84,37.08,0,1
2026-03-25 14:25:05.399819,-12.88,9.12,47.81,1,2
2026-03-25 14:25:10.399819,-13.62,7.12,37.16,0,1
2026-03-25 14:25:15.399819,-13.68,0.0,32.0,0,0
2026-03-25 14:25:20.399819,-13.03,8.37,53.15,1,2
2026-03-25 14:25:25.399819,-13.45,5.8,37.07,0,1
2026-03-25 14:25:30.399819,-13.59,0.0,32.0,0,0
2026-03-25 14:25:35.399819,-13.65,6.52,34.22,0,1
2026-03-25 14:25:40.399819,-13.37,5.72,30.62,0,1
2026-03-25 14:25:45.399819,-13.1,8.02,41.1,1,2
2026-03-25 14:25:50.399819,-13.53,0.0,32.0,0,0
2026-03-25 14:25:55.399819,-12.72,11.15,39.43,1,2
2026-03-25 14:26:00.399819,-13.37,0.0,32.0,0,0
2026-03-25 14:26:05.399819,-13.65,0.0,32.0,0,0
2026-03-25 14:26:10.399819,-13.47,0.0,32.0,0,0
2026-03-25 14:26:15.399819,-13.43,5.78,38.82,0,1
2026-03-25 14:26:20.399819,-12.78,11.17,48.83,1,2
2026-03-25 14:26:25.399819,-13.07,9.85,36.14,1,2
2026-03-25 14:26:30.399819,-13.98,0.0,32.0,0,0
2026-03-25 14:26:35.399819,-13.8,0.0,32.0,0,0
2026-03-25 14:26:40.399819,-13.84,0.0,32.0,0,0
2026-03-25 14:26:45.399819,-13.37,0.0,32.0,0,0
2026-03-25 14:26:50.399819,-13.87,0.0,32.0,0,0
2026-03-25 14:26:55.399819,-13.07,8.75,46.97,1,2
2026-03-25 14:27:00.399819,-13.1,0.0,32.0,0,0
2026-03-25 14:27:05.399819,-13.33,6.87,36.9,0,1
2026-03-25 14:27:10.399819,-12.88,10.32,46.15,1,2
2026-03-25 14:27:15.399819,-13.1,8.13,49.41,1,2
2026-03-25 14:27:20.399819,-13.71,0.0,32.0,0,0
2026-03-25 14:27:25.399819,-13.32,0.0,32.0,0,0
2026-03-25 14:27:30.399819,-12.75,11.02,47.09,1,2
2026-03-25 14:27:35.399819,-13.0,9.66,45.76,1,2
2026-03-25 14:27:40.399819,-13.64,6.32,32.72,0,1
2026-03-25 14:27:45.399819,-13.49,7.21,39.5,0,1
2026-03-25 14:27:50.399819,-13.64,7.86,31.09,0,1
2026-03-25 14:27:55.399819,-13.09,10.08,53.38,1,2
2026-03-25 14:28:00.399819,-12.8,8.34,51.02,1,2
2026-03-25 14:28:05.399819,-13.25,0.0,32.0,0,0
2026-03-25 14:28:10.399819,-13.43,0.0,32.0,0,0
2026-03-25 14:28:15.399819,-13.4,7.23,36.68,0,1
2026-03-25 14:28:20.399819,-13.14,0.0,32.0,0,0
2026-03-25 14:28:25.399819,-13.95,0.0,32.0,0,0
2026-03-25 14:28:30.399819,-13.75,0.0,32.0,0,0
2026-03-25 14:28:35.399819,-13.68,0.0,32.0,0,0
2026-03-25 14:28:40.399819,-13.27,8.74,45.34,1,2
2026-03-25 14:28:45.399819,-13.38,5.73,36.95,0,1
2026-03-25 14:28:50.399819,-13.88,0.0,32.0,0,0
2026-03-25 14:28:55.399819,-13.51,0.0,32.0,0,0
2026-03-25 14:29:00.399819,-13.31,0.0,32.0,0,0
2026-03-25 14:29:05.399819,-12.91,9.99,46.82,1,2
2026-03-25 14:29:10.399819,-13.67,6.48,31.95,0,1
2026-03-25 14:29:15.399819,-13.83,0.0,32.0,0,0
2026-03-25 14:29:20.399819,-13.62,5.25,34.14,0,1
2026-03-25 14:29:25.399819,-13.09,0.0,32.0,0,0
2026-03-25 14:29:30.399819,-13.67,6.26,32.18,0,1
2026-03-25 14:29:35.399819,-13.4,5.52,30.71,0,1
2026-03-25 14:29:40.399819,-13.69,5.48,30.53,0,1
2026-03-25 14:29:45.399819,-13.65,7.4,38.72,0,1
2026-03-25 14:29:50.399819,-13.94,0.0,32.0,0,0
2026-03-25 14:29:55.399819,-12.85,9.74,48.01,1,2
2026-03-25 14:30:00.399819,-13.39,6.23,35.57,0,1
2026-03-25 14:30:05.399819,-13.06,0.0,32.0,0,0
2026-03-25 14:30:10.399819,-13.38,6.58,38.01,0,1
2026-03-25 14:30:15.399819,-12.92,8.31,35.74,1,2
2026-03-25 14:30:20.399819,-12.95,11.07,46.8,1,2
2026-03-25 14:30:25.399819,-13.53,7.98,38.09,0,1
2026-03-25 14:30:30.399819,-13.81,0.0,32.0,0,0
2026-03-25 14:30:35.399819,-12.92,9.79,38.1,1,2
2026-03-25 14:30:40.399819,-13.16,9.64,37.44,1,2
2026-03-25 14:30:45.399819,-13.32,0.0,32.0,0,0
2026-03-25 14:30:50.399819,-13.14,11.86,41.36,1,2
2026-03-25 14:30:55.399819,-13.66,6.75,36.24,0,1
2026-03-25 14:31:00.399819,-13.24,10.01,54.95,1,2
2026-03-25 14:31:05.399819,-13.98,0.0,32.0,0,0
2026-03-25 14:31:10.399819,-12.89,10.53,38.07,1,2
2026-03-25 14:31:15.399819,-13.27,0.0,32.0,0,0
2026-03-25 14:31:20.399819,-13.0,11.97,49.15,1,2
2026-03-25 14:31:25.399819,-13.41,7.82,38.85,0,1
2026-03-25 14:31:30.399819,-12.77,10.7,39.67,1,2
2026-03-25 14:31:35.399819,-13.49,6.34,36.07,0,1
2026-03-25 14:31:40.399819,-12.88,8.26,48.76,1,2
2026-03-25 14:31:45.399819,-13.39,6.69,33.93,0,1
2026-03-25 14:31:50.399819,-12.84,9.42,54.74,1,2
2026-03-25 14:31:55.399819,-13.46,6.12,36.27,0,1
2026-03-25 14:32:00.399819,-13.55,7.02,34.67,0,1
2026-03-25 14:32:05.399819,-12.97,11.89,52.33,1,2
2026-03-25 14:32:10.399819,-13.1,0.0,32.0,0,0
2026-03-25 14:32:15.399819,-12.9,8.71,45.2,1,2
2026-03-25 14:32:20.399819,-12.93,10.93,36.04,1,2
2026-03-25 14:32:25.399819,-13.31,7.15,37.01,0,1
2026-03-25 14:32:30.399819,-13.42,7.43,31.58,0,1
2026-03-25 14:32:35.399819,-13.59,5.16,34.78,0,1
2026-03-25 14:32:40.399819,-13.43,7.11,30.96,0,1
2026-03-25 14:32:45.399819,-13.09,8.38,42.01,1,2
2026-03-25 14:32:50.399819,-13.23,11.94,54.08,1,2
2026-03-25 14:32:55.399819,-13.44,6.62,35.17,0,1
2026-03-25 14:33:00.399819,-13.36,6.51,34.43,0,1
2026-03-25 14:33:05.399819,-12.86,8.07,39.56,1,2
2026-03-25 14:33:10.399819,-13.17,0.0,32.0,0,0
2026-03-25 14:33:15.399819,-13.16,0.0,32.0,0,0
2026-03-25 14:33:20.399819,-13.56,7.25,38.78,0,1
2026-03-25 14:33:25.399819,-13.69,5.83,39.22,0,1
2026-03-25 14:33:30.399819,-12.88,8.15,38.25,1,2
2026-03-25 14:33:35.399819,-13.63,6.87,30.41,0,1
2026-03-25 14:33:40.399819,-13.16,0.0,32.0,0,0
2026-03-25 14:33:45.399819,-13.27,11.96,45.59,1,2
2026-03-25 14:33:50.399819,-13.6,0.0,32.0,0,0
2026-03-25 14:33:55.399819,-12.74,11.78,38.16,1,2
2026-03-25 14:34:00.399819,-12.99,8.31,44.91,1,2
2026-03-25 14:34:05.399819,-13.39,6.64,32.57,0,1
2026-03-25 14:34:10.399819,-12.87,10.89,38.29,1,2
2026-03-25 14:34:15.399819,-13.33,5.37,38.13,0,1
2026-03-25 14:34:20.399819,-13.28,8.59,44.52,1,2
2026-03-25 14:34:25.399819,-13.47,7.04,35.57,0,1
2026-03-25 14:34:30.399819,-13.21,10.79,35.29,1,2
2026-03-25 14:34:35.399819,-13.48,0.0,32.0,0,0
2026-03-25 14:34:40.399819,-13.52,0.0,32.0,0,0
2026-03-25 14:34:45.399819,-13.19,0.0,32.0,0,0
2026-03-25 14:34:50.399819,-13.36,7.6,35.14,0,1
2026-03-25 14:34:55.399819,-13.25,11.75,43.33,1,2
2026-03-25 14:35:00.399819,-13.14,8.1,53.14,1,2
2026-03-25 14:35:05.399819,-13.18,10.58,39.96,1,2
2026-03-25 14:35:10.399819,-12.73,8.96,46.68,1,2
2026-03-25 14:35:15.399819,-13.58,0.0,32.0,0,0
2026-03-25 14:35:20.399819,-13.83,0.0,32.0,0,0
2026-03-25 14:35:25.399819,-13.19,0.0,32.0,0,0
2026-03-25 14:35:30.399819,-13.38,6.59,31.52,0,1
2026-03-25 14:35:35.399819,-13.84,0.0,32.0,0,0
2026-03-25 14:35:40.399819,-13.22,10.82,47.22,1,2
2026-03-25 14:35:45.399819,-13.2,8.45,41.32,1,2
2026-03-25 14:35:50.399819,-13.61,7.57,39.36,0,1
2026-03-25 14:35:55.399819,-13.31,5.12,36.39,0,1
2026-03-25 14:36:00.399819,-13.84,0.0,32.0,0,0
2026-03-25 14:36:05.399819,-13.91,0.0,32.0,0,0
2026-03-25 14:36:10.399819,-12.91,9.33,42.86,1,2
2026-03-25 14:36:15.399819,-13.2,9.06,50.1,1,2
2026-03-25 14:36:20.399819,-13.3,0.0,32.0,0,0
2026-03-25 14:36:25.399819,-13.92,0.0,32.0,0,0
2026-03-25 14:36:30.399819,-12.91,9.47,41.81,1,2
2026-03-25 14:36:35.399819,-13.37,7.0,34.49,0,1
2026-03-25 14:36:40.399819,-13.42,6.17,38.43,0,1
2026-03-25 14:36:45.399819,-12.72,11.94,53.52,1,2
2026-03-25 14:36:50.399819,-13.32,0.0,32.0,0,0
2026-03-25 14:36:55.399819,-13.75,0.0,32.0,0,0
2026-03-25 14:37:00.399819,-13.7,7.02,35.55,0,1
2026-03-25 14:37:05.399819,-13.04,8.33,36.19,1,2
2026-03-25 14:37:10.399819,-13.58,5.32,31.22,0,1
2026-03-25 14:37:15.399819,-13.35,7.25,33.69,0,1
2026-03-25 14:37:20.399819,-13.63,7.67,38.8,0,1
2026-03-25 14:37:25.399819,-13.08,0.0,32.0,0,0
2026-03-25 14:37:30.399819,-13.8,0.0,32.0,0,0
2026-03-25 14:37:35.399819,-13.09,0.0,32.0,0,0
2026-03-25 14:37:40.399819,-13.06,11.99,46.17,1,2
2026-03-25 14:37:45.399819,-13.35,0.0,32.0,0,0
2026-03-25 14:37:50.399819,-13.58,0.0,32.0,0,0
2026-03-25 14:37:55.399819,-13.99,0.0,32.0,0,0
2026-03-25 14:38:00.399819,-13.06,9.75,43.85,1,2
2026-03-25 14:38:05.399819,-12.97,9.97,37.22,1,2
2026-03-25 14:38:10.399819,-12.72,10.12,52.41,1,2
2026-03-25 14:38:15.399819,-13.54,0.0,32.0,0,0
2026-03-25 14:38:20.399819,-13.7,7.73,30.5,0,1
2026-03-25 14:38:25.399819,-13.03,0.0,32.0,0,0
2026-03-25 14:38:30.399819,-13.49,7.87,39.55,0,1
2026-03-25 14:38:35.399819,-13.51,0.0,32.0,0,0
2026-03-25 14:38:40.399819,-13.53,5.53,31.15,0,1
2026-03-25 14:38:45.399819,-13.25,8.82,44.38,1,2
2026-03-25 14:38:50.399819,-13.6,7.25,36.87,0,1
2026-03-25 14:38:55.399819,-13.58,5.46,38.42,0,1
2026-03-25 14:39:00.399819,-12.76,11.5,51.75,1,2
2026-03-25 14:39:05.399819,-12.84,9.98,50.93,1,2
2026-03-25 14:39:10.399819,-13.14,0.0,32.0,0,0
2026-03-25 14:39:15.399819,-12.81,9.65,36.77,1,2
2026-03-25 14:39:20.399819,-12.84,9.63,47.62,1,2
2026-03-25 14:39:25.399819,-13.07,9.3,41.16,1,2
2026-03-25 14:39:30.399819,-13.13,10.67,44.92,1,2
2026-03-25 14:39:35.399819,-12.98,10.35,54.32,1,2
2026-03-25 14:39:40.399819,-13.24,8.2,47.16,1,2
2026-03-25 14:39:45.399819,-13.11,11.3,45.68,1,2
2026-03-25 14:39:50.399819,-13.45,0.0,32.0,0,0
2026-03-25 14:39:55.399819,-13.35,0.0,32.0,0,0
2026-03-25 14:40:00.399819,-12.81,10.05,45.81,1,2
2026-03-25 14:40:05.399819,-13.55,5.13,31.91,0,1
2026-03-25 14:40:10.399819,-13.15,9.95,41.61,1,2
2026-03-25 14:40:15.399819,-13.02,10.3,38.06,1,2
2026-03-25 14:40:20.399819,-13.5,7.34,35.25,0,1
2026-03-25 14:40:25.399819,-13.4,0.0,32.0,0,0
2026-03-25 14:40:30.399819,-13.02,11.27,47.74,1,2
2026-03-25 14:40:35.399819,-12.99,9.42,52.32,1,2
2026-03-25 14:40:40.399819,-13.63,7.0,31.44,0,1
2026-03-25 14:40:45.399819,-12.95,9.63,52.64,1,2
2026-03-25 14:40:50.399819,-13.39,7.34,35.54,0,1
2026-03-25 14:40:55.399819,-13.22,0.0,32.0,0,0
2026-03-25 14:41:00.399819,-13.27,0.0,32.0,0,0
2026-03-25 14:41:05.399819,-13.56,0.0,32.0,0,0
2026-03-25 14:41:10.399819,-13.13,11.04,50.72,1,2
2026-03-25 14:41:15.399819,-13.36,0.0,32.0,0,0
2026-03-25 14:41:20.399819,-13.21,0.0,32.0,0,0
2026-03-25 14:41:25.399819,-13.47,0.0,32.0,0,0
2026-03-25 14:41:30.399819,-13.01,0.0,32.0,0,0
2026-03-25 14:41:35.399819,-13.41,0.0,32.0,0,0
2026-03-25 14:41:40.399819,-13.86,0.0,32.0,0,0
2026-03-25 14:41:45.399819,-13.28,9.08,46.25,1,2
2026-03-25 14:41:50.399819,-12.99,9.19,42.96,1,2
2026-03-25 14:41:55.399819,-13.65,0.0,32.0,0,0
2026-03-25 14:42:00.399819,-13.2,9.0,43.77,1,2
2026-03-25 14:42:05.399819,-13.53,0.0,32.0,0,0
2026-03-25 14:42:10.399819,-13.74,0.0,32.0,0,0
2026-03-25 14:42:15.399819,-13.75,0.0,32.0,0,0
2026-03-25 14:42:20.399819,-12.83,8.45,53.06,1,2
2026-03-25 14:42:25.399819,-13.13,9.61,52.36,1,2
2026-03-25 14:42:30.399819,-13.64,7.95,33.0,0,1
2026-03-25 14:42:35.399819,-13.28,11.84,43.99,1,2
2026-03-25 14:42:40.399819,-13.59,0.0,32.0,0,0
2026-03-25 14:42:45.399819,-13.23,11.24,48.74,1,2
2026-03-25 14:42:50.399819,-13.37,7.81,30.42,0,1
2026-03-25 14:42:55.399819,-13.53,5.78,34.64,0,1
2026-03-25 14:43:00.399819,-13.04,9.98,38.82,1,2
2026-03-25 14:43:05.399819,-13.15,11.21,47.11,1,2
2026-03-25 14:43:10.399819,-13.2,10.51,39.02,1,2
2026-03-25 14:43:15.399819,-13.38,6.91,34.87,0,1
2026-03-25 14:43:20.399819,-13.52,0.0,32.0,0,0
2026-03-25 14:43:25.399819,-13.66,7.63,34.7,0,1
2026-03-25 14:43:30.399819,-13.36,6.8,36.52,0,1
2026-03-25 14:43:35.399819,-13.96,0.0,32.0,0,0
2026-03-25 14:43:40.399819,-13.38,6.83,37.28,0,1
2026-03-25 14:43:45.399819,-13.67,6.37,33.39,0,1
2026-03-25 14:43:50.399819,-13.68,5.24,36.4,0,1
2026-03-25 14:43:55.399819,-13.65,7.12,36.61,0,1
2026-03-25 14:44:00.399819,-12.97,9.01,45.79,1,2
2026-03-25 14:44:05.399819,-12.81,9.19,36.64,1,2
2026-03-25 14:44:10.399819,-13.92,0.0,32.0,0,0
2026-03-25 14:44:15.399819,-13.55,5.3,36.39,0,1
2026-03-25 14:44:20.399819,-13.12,8.44,39.98,1,2
2026-03-25 14:44:25.399819,-13.35,5.54,30.99,0,1
2026-03-25 14:44:30.399819,-13.43,0.0,32.0,0,0
2026-03-25 14:44:35.399819,-13.33,6.83,32.69,0,1
2026-03-25 14:44:40.399819,-13.18,0.0,32.0,0,0
2026-03-25 14:44:45.399819,-13.57,0.0,32.0,0,0
2026-03-25 14:44:50.399819,-13.56,6.11,38.97,0,1
2026-03-25 14:44:55.399819,-13.2,8.9,44.74,1,2
2026-03-25 14:45:00.399819,-13.11,11.61,47.6,1,2
2026-03-25 14:45:05.399819,-13.33,0.0,32.0,0,0
2026-03-25 14:45:10.399819,-12.77,11.21,44.51,1,2
2026-03-25 14:45:15.399819,-12.94,9.37,54.66,1,2
2026-03-25 14:45:20.399819,-13.6,5.59,32.65,0,1
2026-03-25 14:45:25.399819,-13.37,7.21,30.38,0,1
2026-03-25 14:45:30.399819,-13.36,0.0,32.0,0,0
2026-03-25 14:45:35.399819,-13.14,8.18,40.84,1,2
2026-03-25 14:45:40.399819,-13.25,0.0,32.0,0,0
2026-03-25 14:45:45.399819,-13.7,6.42,35.42,0,1
2026-03-25 14:45:50.399819,-13.54,7.63,32.29,0,1
2026-03-25 14:45:55.399819,-13.54,5.1,39.28,0,1
2026-03-25 14:46:00.399819,-12.98,8.28,46.38,1,2
2026-03-25 14:46:05.399819,-13.23,0.0,32.0,0,0
2026-03-25 14:46:10.399819,-13.52,5.3,36.12,0,1
2026-03-25 14:46:15.399819,-13.91,0.0,32.0,0,0
2026-03-25 14:46:20.399819,-13.02,8.04,47.38,1,2
2026-03-25 14:46:25.399819,-12.95,10.29,41.31,1,2
2026-03-25 14:46:30.399819,-13.43,7.88,31.47,0,1
2026-03-25 14:46:35.399819,-13.58,0.0,32.0,0,0
2026-03-25 14:46:40.399819,-12.92,8.21,36.88,1,2
2026-03-25 14:46:45.399819,-13.37,7.68,35.03,0,1
2026-03-25 14:46:50.399819,-13.44,7.44,33.57,0,1
2026-03-25 14:46:55.399819,-12.72,10.2,44.56,1,2
2026-03-25 14:47:00.399819,-13.02,0.0,32.0,0,0
2026-03-25 14:47:05.399819,-13.48,0.0,32.0,0,0
2026-03-25 14:47:10.399819,-12.95,9.87,36.48,1,2
2026-03-25 14:47:15.399819,-13.07,8.3,48.39,1,2
2026-03-25 14:47:20.399819,-13.01,0.0,32.0,0,0
2026-03-25 14:47:25.399819,-13.57,0.0,32.0,0,0
2026-03-25 14:47:30.399819,-12.86,10.58,38.4,1,2
2026-03-25 14:47:35.399819,-13.4,0.0,32.0,0,0
2026-03-25 14:47:40.399819,-13.64,7.44,39.14,0,1
2026-03-25 14:47:45.399819,-13.39,6.03,38.82,0,1
2026-03-25 14:47:50.399819,-12.74,10.48,48.3,1,2
2026-03-25 14:47:55.399819,-13.28,8.58,42.18,1,2
2026-03-25 14:48:00.399819,-12.88,10.38,44.37,1,2
2026-03-25 14:48:05.399819,-13.34,5.72,30.0,0,1
2026-03-25 14:48:10.399819,-13.38,5.52,35.92,0,1
2026-03-25 14:48:15.399819,-13.3,0.0,32.0,0,0
2026-03-25 14:48:20.399819,-13.64,7.79,33.03,0,1
2026-03-25 14:48:25.399819,-13.04,0.0,32.0,0,0
2026-03-25 14:48:30.399819,-13.61,5.29,34.75,0,1
2026-03-25 14:48:35.399819,-13.36,6.22,39.12,0,1
2026-03-25 14:48:40.399819,-13.64,7.86,38.2,0,1
2026-03-25 14:48:45.399819,-13.16,0.0,32.0,0,0
2026-03-25 14:48:50.399819,-12.88,10.78,37.27,1,2
2026-03-25 14:48:55.399819,-13.91,0.0,32.0,0,0
2026-03-25 14:49:00.399819,-13.61,0.0,32.0,0,0
2026-03-25 14:49:05.399819,-12.74,11.43,37.44,1,2
2026-03-25 14:49:10.399819,-13.23,8.82,38.91,1,2
2026-03-25 14:49:15.399819,-13.14,0.0,32.0,0,0
2026-03-25 14:49:20.399819,-13.02,9.34,46.56,1,2
2026-03-25 14:49:25.399819,-13.14,9.18,42.33,1,2
2026-03-25 14:49:30.399819,-13.43,0.0,32.0,0,0
2026-03-25 14:49:35.399819,-13.68,7.69,36.72,0,1
2026-03-25 14:49:40.399819,-13.63,7.11,32.9,0,1
2026-03-25 14:49:45.399819,-13.33,7.28,39.82,0,1
2026-03-25 14:49:50.399819,-13.03,0.0,32.0,0,0
2026-03-25 14:49:55.399819,-13.75,0.0,32.0,0,0
2026-03-25 14:50:00.399819,-13.01,0.0,32.0,0,0
2026-03-25 14:50:05.399819,-13.56,0.0,32.0,0,0
2026-03-25 14:50:10.399819,-13.42,6.22,34.41,0,1
2026-03-25 14:50:15.399819,-13.61,5.3,37.93,0,1
2026-03-25 14:50:20.399819,-13.16,8.17,54.27,1,2
2026-03-25 14:50:25.399819,-13.59,6.3,30.83,0,1
2026-03-25 14:50:30.399819,-13.51,7.1,36.72,0,1
2026-03-25 14:50:35.399819,-13.26,10.24,43.63,1,2
2026-03-25 14:50:40.399819,-13.45,7.94,34.54,0,1
2026-03-25 14:50:45.399819,-13.37,6.17,38.67,0,1
2026-03-25 14:50:50.399819,-13.21,8.18,39.11,1,2
2026-03-25 14:50:55.399819,-13.11,10.48,53.15,1,2
2026-03-25 14:51:00.399819,-13.09,11.48,53.49,1,2
2026-03-25 14:51:05.399819,-13.37,5.56,35.14,0,1
2026-03-25 14:51:10.399819,-13.57,5.24,32.32,0,1
2026-03-25 14:51:15.399819,-13.68,0.0,32.0,0,0
2026-03-25 14:51:20.399819,-13.71,0.0,32.0,0,0
2026-03-25 14:51:25.399819,-13.27,8.4,52.55,1,2
2026-03-25 14:51:30.399819,-13.39,8.0,32.69,0,1
2026-03-25 14:51:35.399819,-13.23,0.0,32.0,0,0
2026-03-25 14:51:40.399819,-13.35,6.96,34.75,0,1
2026-03-25 14:51:45.399819,-12.79,9.48,35.62,1,2
2026-03-25 14:51:50.399819,-13.1,10.69,38.87,1,2
2026-03-25 14:51:55.399819,-13.2,11.77,39.81,1,2
2026-03-25 14:52:00.399819,-13.11,8.03,42.53,1,2
2026-03-25 14:52:05.399819,-13.48,5.78,30.54,0,1
2026-03-25 14:52:10.399819,-12.73,11.75,45.79,1,2
2026-03-25 14:52:15.399819,-13.03,0.0,32.0,0,0
2026-03-25 14:52:20.399819,-12.87,9.19,47.06,1,2
2026-03-25 14:52:25.399819,-13.56,0.0,32.0,0,0
2026-03-25 14:52:30.399819,-13.04,10.32,49.44,1,2
2026-03-25 14:52:35.399819,-13.47,0.0,32.0,0,0
2026-03-25 14:52:40.399819,-13.7,5.84,36.29,0,1
2026-03-25 14:52:45.399819,-13.25,8.87,51.26,1,2
2026-03-25 14:52:50.399819,-13.51,0.0,32.0,0,0
2026-03-25 14:52:55.399819,-13.65,6.68,32.6,0,1
2026-03-25 14:53:00.399819,-12.72,9.98,54.31,1,2
2026-03-25 14:53:05.399819,-13.52,0.0,32.0,0,0
2026-03-25 14:53:10.399819,-13.29,11.54,44.18,1,2
2026-03-25 14:53:15.399819,-13.44,7.14,33.87,0,1
2026-03-25 14:53:20.399819,-13.46,5.91,35.09,0,1
2026-03-25 14:53:25.399819,-13.32,6.33,34.75,0,1
2026-03-25 14:53:30.399819,-13.34,7.2,38.28,0,1
2026-03-25 14:53:35.399819,-13.28,8.72,36.89,1,2
2026-03-25 14:53:40.399819,-12.76,9.65,52.17,1,2
2026-03-25 14:53:45.399819,-13.3,7.53,37.43,0,1
2026-03-25 14:53:50.399819,-12.86,8.54,48.81,1,2
2026-03-25 14:53:55.399819,-13.4,0.0,32.0,0,0
2026-03-25 14:54:00.399819,-12.8,11.65,45.32,1,2
2026-03-25 14:54:05.399819,-13.43,5.56,37.12,0,1
2026-03-25 14:54:10.399819,-13.39,5.82,38.43,0,1
2026-03-25 14:54:15.399819,-13.82,0.0,32.0,0,0
2026-03-25 14:54:20.399819,-13.34,7.94,36.22,0,1
2026-03-25 14:54:25.399819,-12.78,11.29,41.42,1,2
2026-03-25 14:54:30.399819,-12.85,9.32,52.37,1,2
2026-03-25 14:54:35.399819,-13.25,11.95,35.52,1,2
2026-03-25 14:54:40.399819,-13.96,0.0,32.0,0,0
2026-03-25 14:54:45.399819,-13.16,8.68,38.92,1,2
2026-03-25 14:54:50.399819,-13.45,7.79,30.02,0,1
2026-03-25 14:54:55.399819,-13.41,7.95,34.52,0,1
2026-03-25 14:55:00.399819,-13.38,7.86,39.58,0,1
2026-03-25 14:55:05.399819,-12.79,11.96,40.63,1,2
2026-03-25 14:55:10.399819,-13.49,5.81,39.49,0,1
2026-03-25 14:55:15.399819,-13.91,0.0,32.0,0,0
2026-03-25 14:55:20.399819,-13.48,5.41,33.54,0,1
2026-03-25 14:55:25.399819,-13.69,6.71,38.31,0,1
2026-03-25 14:55:30.399819,-13.05,10.69,39.48,1,2
2026-03-25 14:55:35.399819,-13.54,7.05,39.61,0,1
2026-03-25 14:55:40.399819,-13.48,6.19,34.34,0,1
2026-03-25 14:55:45.399819,-13.65,5.48,33.11,0,1
2026-03-25 14:55:50.399819,-13.18,0.0,32.0,0,0
2026-03-25 14:55:55.399819,-13.48,0.0,32.0,0,0
2026-03-25 14:56:00.399819,-13.21,0.0,32.0,0,0
2026-03-25 14:56:05.399819,-12.88,8.69,41.57,1,2
2026-03-25 14:56:10.399819,-13.69,5.67,35.11,0,1
2026-03-25 14:56:15.399819,-13.53,5.39,35.66,0,1
2026-03-25 14:56:20.399819,-12.73,10.7,50.41,1,2
2026-03-25 14:56:25.399819,-13.44,5.84,37.09,0,1
2026-03-25 14:56:30.399819,-13.3,10.11,51.3,1,2
2026-03-25 14:56:35.399819,-13.07,0.0,32.0,0,0
2026-03-25 14:56:40.399819,-13.47,0.0,32.0,0,0
2026-03-25 14:56:45.399819,-13.18,8.74,53.23,1,2
2026-03-25 14:56:50.399819,-13.79,0.0,32.0,0,0
2026-03-25 14:56:55.399819,-13.11,9.39,50.74,1,2
2026-03-25 14:57:00.399819,-13.18,0.0,32.0,0,0
2026-03-25 14:57:05.399819,-12.93,11.48,45.99,1,2
2026-03-25 14:57:10.399819,-13.88,0.0,32.0,0,0
2026-03-25 14:57:15.399819,-12.8,11.09,37.61,1,2
2026-03-25 14:57:20.399819,-13.35,5.87,34.55,0,1
2026-03-25 14:57:25.399819,-13.2,11.93,52.31,1,2
2026-03-25 14:57:30.399819,-13.71,0.0,32.0,0,0
2026-03-25 14:57:35.399819,-13.85,0.0,32.0,0,0
2026-03-25 14:57:40.399819,-13.42,6.4,31.8,0,1
2026-03-25 14:57:45.399819,-13.42,7.42,30.57,0,1
2026-03-25 14:57:50.399819,-12.89,9.69,36.58,1,2
2026-03-25 14:57:55.399819,-13.41,5.16,34.36,0,1
2026-03-25 14:58:00.399819,-13.67,6.18,30.88,0,1
2026-03-25 14:58:05.399819,-13.33,6.68,31.87,0,1
2026-03-25 14:58:10.399819,-12.86,11.29,35.73,1,2
2026-03-25 14:58:15.399819,-13.63,6.1,31.53,0,1
2026-03-25 14:58:20.399819,-13.29,11.58,36.92,1,2
2026-03-25 14:58:25.399819,-13.29,0.0,32.0,0,0
2026-03-25 14:58:30.399819,-13.94,0.0,32.0,0,0
2026-03-25 14:58:35.399819,-13.21,0.0,32.0,0,0
2026-03-25 14:58:40.399819,-13.91,0.0,32.0,0,0
2026-03-25 14:58:45.399819,-13.62,6.91,38.39,0,1
2026-03-25 14:58:50.399819,-13.98,0.0,32.0,0,0
2026-03-25 14:58:55.399819,-13.4,7.68,32.87,0,1
2026-03-25 14:59:00.399819,-13.67,7.59,31.81,0,1
2026-03-25 14:59:05.399819,-13.13,9.51,51.18,1,2
2026-03-25 14:59:10.399819,-13.29,0.0,32.0,0,0
2026-03-25 14:59:15.399819,-13.16,11.88,54.39,1,2
2026-03-25 14:59:20.399819,-13.74,0.0,32.0,0,0
2026-03-25 14:59:25.399819,-13.5,7.18,32.88,0,1
2026-03-25 14:59:30.399819,-13.91,0.0,32.0,0,0
2026-03-25 14:59:35.399819,-13.44,0.0,32.0,0,0
2026-03-25 14:59:40.399819,-13.56,6.91,32.33,0,1
2026-03-25 14:59:45.399819,-12.72,11.71,35.75,1,2
2026-03-25 14:59:50.399819,-13.38,7.11,31.2,0,1
2026-03-25 14:59:55.399819,-13.59,6.61,30.04,0,1
2026-03-25 15:00:00.399819,-12.77,11.56,52.39,1,2
2026-03-25 15:00:05.399819,-13.09,11.85,46.0,1,2
2026-03-25 15:00:10.399819,-13.38,0.0,32.0,0,0
2026-03-25 15:00:15.399819,-13.39,7.81,34.36,0,1
2026-03-25 15:00:20.399819,-13.33,6.53,30.18,0,1
2026-03-25 15:00:25.399819,-13.89,0.0,32.0,0,0
2026-03-25 15:00:30.399819,-13.25,8.79,45.76,1,2
2026-03-25 15:00:35.399819,-13.41,0.0,32.0,0,0
2026-03-25 15:00:40.399819,-13.1,0.0,32.0,0,0
2026-03-25 15:00:45.399819,-13.67,5.84,38.01,0,1
2026-03-25 15:00:50.399819,-13.07,11.75,35.94,1,2
2026-03-25 15:00:55.399819,-13.49,6.32,38.3,0,1
2026-03-25 15:01:00.399819,-12.93,11.64,42.22,1,2
2026-03-25 15:01:05.399819,-13.12,0.0,32.0,0,0
2026-03-25 15:01:10.399819,-13.07,10.49,36.77,1,2
2026-03-25 15:01:15.399819,-13.59,7.02,38.04,0,1
2026-03-25 15:01:20.399819,-13.36,0.0,32.0,0,0
2026-03-25 15:01:25.399819,-13.15,0.0,32.0,0,0
2026-03-25 15:01:30.399819,-12.97,9.11,53.71,1,2
2026-03-25 15:01:35.399819,-13.22,0.0,32.0,0,0
2026-03-25 15:01:40.399819,-13.47,5.31,31.64,0,1
2026-03-25 15:01:45.399819,-13.99,0.0,32.0,0,0
2026-03-25 15:01:50.399819,-13.58,0.0,32.0,0,0
2026-03-25 15:01:55.399819,-13.49,5.6,38.91,0,1
2026-03-25 15:02:00.399819,-13.79,0.0,32.0,0,0
2026-03-25 15:02:05.399819,-13.42,5.37,38.79,0,1
2026-03-25 15:02:10.399819,-13.6,0.0,32.0,0,0
2026-03-25 15:02:15.399819,-13.2,9.45,48.3,1,2
2026-03-25 15:02:20.399819,-13.2,0.0,32.0,0,0
2026-03-25 15:02:25.399819,-13.58,6.24,38.85,0,1
2026-03-25 15:02:30.399819,-13.57,7.71,38.04,0,1
2026-03-25 15:02:35.399819,-13.38,7.71,30.32,0,1
2026-03-25 15:02:40.399819,-13.02,8.56,44.3,1,2
2026-03-25 15:02:45.399819,-12.88,11.71,50.22,1,2
2026-03-25 15:02:50.399819,-13.2,0.0,32.0,0,0
2026-03-25 15:02:55.399819,-13.82,0.0,32.0,0,0
2026-03-25 15:03:00.399819,-13.22,10.72,42.46,1,2
2026-03-25 15:03:05.399819,-12.94,11.06,44.27,1,2
2026-03-25 15:03:10.399819,-13.36,7.88,37.17,0,1
2026-03-25 15:03:15.399819,-13.21,10.09,41.88,1,2
2026-03-25 15:03:20.399819,-13.39,0.0,32.0,0,0
2026-03-25 15:03:25.399819,-13.91,0.0,32.0,0,0
2026-03-25 15:03:30.399819,-13.45,0.0,32.0,0,0
2026-03-25 15:03:35.399819,-12.97,10.1,51.83,1,2
2026-03-25 15:03:40.399819,-13.54,5.59,35.14,0,1
2026-03-25 15:03:45.399819,-12.8,10.1,46.74,1,2
2026-03-25 15:03:50.399819,-12.71,11.1,38.98,1,2
2026-03-25 15:03:55.399819,-13.21,0.0,32.0,0,0
2026-03-25 15:04:00.399819,-13.0,11.07,47.57,1,2
2026-03-25 15:04:05.399819,-13.56,0.0,32.0,0,0
2026-03-25 15:04:10.399819,-13.13,0.0,32.0,0,0
2026-03-25 15:04:15.399819,-13.62,6.11,38.25,0,1
2026-03-25 15:04:20.399819,-12.73,10.19,44.81,1,2
2026-03-25 15:04:25.399819,-13.52,7.91,36.15,0,1
2026-03-25 15:04:30.399819,-13.73,0.0,32.0,0,0
2026-03-25 15:04:35.399819,-13.37,0.0,32.0,0,0
2026-03-25 15:04:40.399819,-13.92,0.0,32.0,0,0
2026-03-25 15:04:45.399819,-13.57,0.0,32.0,0,0
2026-03-25 15:04:50.399819,-13.21,8.66,40.39,1,2
2026-03-25 15:04:55.399819,-13.82,0.0,32.0,0,0
2026-03-25 15:05:00.399819,-13.93,0.0,32.0,0,0
2026-03-25 15:05:05.399819,-13.62,7.25,33.34,0,1
2026-03-25 15:05:10.399819,-13.22,0.0,32.0,0,0
2026-03-25 15:05:15.399819,-13.62,7.26,30.77,0,1
2026-03-25 15:05:20.399819,-13.42,5.24,39.59,0,1
2026-03-25 15:05:25.399819,-13.03,11.56,39.25,1,2
2026-03-25 15:05:30.399819,-13.36,5.29,34.86,0,1
2026-03-25 15:05:35.399819,-13.19,11.49,37.81,1,2
2026-03-25 15:05:40.399819,-13.25,10.67,35.47,1,2
2026-03-25 15:05:45.399819,-13.33,6.46,30.18,0,1
2026-03-25 15:05:50.399819,-12.93,11.23,47.82,1,2
2026-03-25 15:05:55.399819,-13.11,8.23,45.85,1,2
2026-03-25 15:06:00.399819,-13.21,0.0,32.0,0,0
2026-03-25 15:06:05.399819,-13.26,0.0,32.0,0,0
2026-03-25 15:06:10.399819,-13.09,9.13,39.15,1,2
2026-03-25 15:06:15.399819,-13.57,7.66,33.9,0,1
2026-03-25 15:06:20.399819,-13.24,0.0,32.0,0,0
2026-03-25 15:06:25.399819,-12.71,11.27,37.43,1,2
2026-03-25 15:06:30.399819,-13.37,6.02,32.19,0,1
2026-03-25 15:06:35.399819,-13.58,7.93,35.59,0,1
2026-03-25 15:06:40.399819,-13.44,7.02,39.99,0,1
2026-03-25 15:06:45.399819,-13.63,0.0,32.0,0,0
2026-03-25 15:06:50.399819,-13.52,6.7,39.07,0,1
2026-03-25 15:06:55.399819,-13.46,5.77,38.44,0,1
2026-03-25 15:07:00.399819,-13.67,5.29,37.87,0,1
2026-03-25 15:07:05.399819,-13.25,9.76,39.81,1,2
2026-03-25 15:07:10.399819,-13.03,9.2,41.42,1,2
2026-03-25 15:07:15.399819,-13.2,9.73,53.55,1,2
2026-03-25 15:07:20.399819,-13.36,0.0,32.0,0,0
2026-03-25 15:07:25.399819,-13.09,11.36,40.67,1,2
2026-03-25 15:07:30.399819,-13.01,10.94,54.02,1,2
2026-03-25 15:07:35.399819,-13.18,11.89,49.14,1,2
2026-03-25 15:07:40.399819,-13.8,0.0,32.0,0,0
2026-03-25 15:07:45.399819,-13.48,7.43,36.78,0,1
2026-03-25 15:07:50.399819,-13.54,6.94,38.47,0,1
2026-03-25 15:07:55.399819,-12.74,9.15,46.34,1,2
2026-03-25 15:08:00.399819,-13.14,9.31,42.61,1,2
2026-03-25 15:08:05.399819,-13.67,5.1,30.67,0,1
2026-03-25 15:08:10.399819,-13.01,0.0,32.0,0,0
2026-03-25 15:08:15.399819,-13.5,7.84,30.59,0,1
2026-03-25 15:08:20.399819,-13.14,8.53,53.15,1,2
2026-03-25 15:08:25.399819,-12.82,9.45,50.59,1,2
2026-03-25 15:08:30.399819,-13.42,0.0,32.0,0,0
2026-03-25 15:08:35.399819,-13.45,7.42,37.73,0,1
2026-03-25 15:08:40.399819,-13.84,0.0,32.0,0,0
2026-03-25 15:08:45.399819,-13.55,6.46,39.76,0,1
2026-03-25 15:08:50.399819,-13.97,0.0,32.0,0,0
2026-03-25 15:08:55.399819,-13.65,7.16,36.26,0,1
2026-03-25 15:09:00.399819,-13.34,6.19,32.97,0,1
2026-03-25 15:09:05.399819,-12.98,8.06,45.47,1,2
2026-03-25 15:09:10.399819,-13.5,0.0,32.0,0,0
2026-03-25 15:09:15.399819,-13.15,0.0,32.0,0,0
2026-03-25 15:09:20.399819,-13.76,0.0,32.0,0,0
2026-03-25 15:09:25.399819,-13.43,6.17,34.91,0,1
2026-03-25 15:09:30.399819,-12.83,11.12,46.92,1,2
2026-03-25 15:09:35.399819,-13.37,7.37,38.47,0,1
2026-03-25 15:09:40.399819,-13.92,0.0,32.0,0,0
2026-03-25 15:09:45.399819,-13.25,11.72,39.6,1,2
2026-03-25 15:09:50.399819,-13.4,6.8,33.65,0,1
2026-03-25 15:09:55.399819,-13.88,0.0,32.0,0,0
2026-03-25 15:10:00.399819,-13.27,0.0,32.0,0,0
2026-03-25 15:10:05.399819,-13.94,0.0,32.0,0,0
2026-03-25 15:10:10.399819,-13.1,11.5,51.09,1,2
2026-03-25 15:10:15.399819,-13.01,0.0,32.0,0,0
2026-03-25 15:10:20.399819,-13.17,0.0,32.0,0,0
2026-03-25 15:10:25.399819,-13.55,6.27,37.78,0,1
2026-03-25 15:10:30.399819,-13.11,0.0,32.0,0,0
2026-03-25 15:10:35.399819,-13.65,0.0,32.0,0,0
2026-03-25 15:10:40.399819,-13.83,0.0,32.0,0,0
2026-03-25 15:10:45.399819,-13.31,0.0,32.0,0,0
2026-03-25 15:10:50.399819,-13.82,0.0,32.0,0,0
2026-03-25 15:10:55.399819,-13.56,0.0,32.0,0,0
2026-03-25 15:11:00.399819,-13.01,9.66,48.35,1,2
2026-03-25 15:11:05.399819,-12.87,11.99,44.75,1,2
2026-03-25 15:11:10.399819,-13.94,0.0,32.0,0,0
2026-03-25 15:11:15.399819,-13.31,7.14,30.33,0,1
2026-03-25 15:11:20.399819,-12.81,10.07,54.83,1,2
2026-03-25 15:11:25.399819,-13.27,8.93,35.18,1,2
2026-03-25 15:11:30.399819,-13.71,0.0,32.0,0,0
2026-03-25 15:11:35.399819,-13.5,7.61,37.76,0,1
2026-03-25 15:11:40.399819,-13.35,7.52,32.72,0,1
2026-03-25 15:11:45.399819,-13.57,7.79,33.96,0,1
2026-03-25 15:11:50.399819,-12.87,9.66,50.92,1,2
2026-03-25 15:11:55.399819,-13.55,5.97,35.27,0,1
2026-03-25 15:12:00.399819,-13.04,9.25,49.31,1,2
2026-03-25 15:12:05.399819,-13.56,5.55,37.27,0,1
2026-03-25 15:12:10.399819,-13.54,7.08,35.16,0,1
2026-03-25 15:12:15.399819,-13.33,0.0,32.0,0,0
2026-03-25 15:12:20.399819,-12.79,11.51,42.52,1,2
2026-03-25 15:12:25.399819,-13.76,0.0,32.0,0,0
2026-03-25 15:12:30.399819,-13.38,6.4,32.49,0,1
2026-03-25 15:12:35.399819,-13.41,7.36,39.43,0,1
2026-03-25 15:12:40.399819,-13.84,0.0,32.0,0,0
2026-03-25 15:12:45.399819,-12.94,10.11,37.52,1,2
2026-03-25 15:12:50.399819,-13.25,9.37,46.29,1,2
2026-03-25 15:12:55.399819,-13.93,0.0,32.0,0,0
2026-03-25 15:13:00.399819,-13.55,5.03,34.6,0,1
2026-03-25 15:13:05.399819,-13.04,0.0,32.0,0,0
2026-03-25 15:13:10.399819,-13.68,5.56,36.35,0,1
2026-03-25 15:13:15.399819,-13.47,5.14,35.3,0,1
2026-03-25 15:13:20.399819,-13.39,0.0,32.0,0,0
2026-03-25 15:13:25.399819,-13.55,0.0,32.0,0,0
2026-03-25 15:13:30.399819,-13.98,0.0,32.0,0,0
2026-03-25 15:13:35.399819,-13.79,0.0,32.0,0,0
2026-03-25 15:13:40.399819,-13.46,5.51,31.38,0,1
2026-03-25 15:13:45.399819,-13.85,0.0,32.0,0,0
2026-03-25 15:13:50.399819,-13.75,0.0,32.0,0,0
2026-03-25 15:13:55.399819,-13.47,0.0,32.0,0,0
2026-03-25 15:14:00.399819,-13.5,5.31,39.06,0,1
2026-03-25 15:14:05.399819,-13.56,5.52,38.18,0,1
2026-03-25 15:14:10.399819,-13.75,0.0,32.0,0,0
2026-03-25 15:14:15.399819,-13.68,0.0,32.0,0,0
2026-03-25 15:14:20.399819,-13.34,0.0,32.0,0,0
2026-03-25 15:14:25.399819,-13.68,0.0,32.0,0,0
2026-03-25 15:14:30.399819,-13.29,8.76,41.39,1,2
2026-03-25 15:14:35.399819,-13.48,0.0,32.0,0,0
2026-03-25 15:14:40.399819,-13.06,11.59,37.39,1,2
2026-03-25 15:14:45.399819,-12.96,11.1,39.83,1,2
2026-03-25 15:14:50.399819,-13.39,0.0,32.0,0,0
2026-03-25 15:14:55.399819,-13.54,5.13,39.03,0,1
2026-03-25 15:15:00.399819,-13.65,6.66,39.31,0,1
2026-03-25 15:15:05.399819,-13.57,0.0,32.0,0,0
2026-03-25 15:15:10.399819,-13.44,7.52,32.36,0,1
2026-03-25 15:15:15.399819,-13.42,0.0,32.0,0,0
2026-03-25 15:15:20.399819,-13.41,7.09,37.68,0,1
2026-03-25 15:15:25.399819,-13.58,5.73,34.26,0,1
2026-03-25 15:15:30.399819,-13.22,11.78,50.75,1,2
2026-03-25 15:15:35.399819,-13.7,0.0,32.0,0,0
2026-03-25 15:15:40.399819,-13.61,5.54,32.3,0,1
2026-03-25 15:15:45.399819,-13.5,7.97,33.64,0,1
2026-03-25 15:15:50.399819,-13.69,5.55,37.08,0,1
2026-03-25 15:15:55.399819,-13.47,6.3,34.82,0,1
2026-03-25 15:16:00.399819,-13.14,11.5,44.18,1,2
2026-03-25 15:16:05.399819,-13.26,0.0,32.0,0,0
2026-03-25 15:16:10.399819,-12.93,11.17,50.09,1,2
2026-03-25 15:16:15.399819,-13.29,10.66,45.6,1,2
2026-03-25 15:16:20.399819,-13.15,0.0,32.0,0,0
2026-03-25 15:16:25.399819,-13.1,11.37,51.79,1,2
2026-03-25 15:16:30.399819,-13.41,0.0,32.0,0,0
2026-03-25 15:16:35.399819,-13.21,0.0,32.0,0,0
2026-03-25 15:16:40.399819,-13.89,0.0,32.0,0,0
2026-03-25 15:16:45.399819,-13.55,5.5,39.25,0,1
2026-03-25 15:16:50.399819,-12.72,11.34,49.49,1,2
2026-03-25 15:16:55.399819,-13.31,6.71,35.64,0,1
2026-03-25 15:17:00.399819,-12.99,9.78,42.84,1,2
2026-03-25 15:17:05.399819,-12.89,9.52,53.98,1,2
2026-03-25 15:17:10.399819,-13.01,0.0,32.0,0,0
2026-03-25 15:17:15.399819,-13.11,9.36,50.99,1,2
2026-03-25 15:17:20.399819,-13.78,0.0,32.0,0,0
2026-03-25 15:17:25.399819,-13.08,0.0,32.0,0,0
2026-03-25 15:17:30.399819,-13.19,11.5,54.98,1,2
2026-03-25 15:17:35.399819,-12.74,8.45,51.8,1,2
2026-03-25 15:17:40.399819,-13.07,0.0,32.0,0,0
2026-03-25 15:17:45.399819,-13.31,5.91,36.9,0,1
2026-03-25 15:17:50.399819,-13.02,9.1,54.83,1,2
2026-03-25 15:17:55.399819,-13.73,0.0,32.0,0,0
2026-03-25 15:18:00.399819,-12.84,8.42,39.84,1,2
2026-03-25 15:18:05.399819,-13.22,11.44,48.76,1,2
2026-03-25 15:18:10.399819,-13.39,7.79,36.94,0,1
2026-03-25 15:18:15.399819,-13.42,5.98,37.28,0,1
2026-03-25 15:18:20.399819,-12.76,9.86,44.61,1,2
2026-03-25 15:18:25.399819,-13.54,0.0,32.0,0,0
2026-03-25 15:18:30.399819,-13.4,5.71,33.28,0,1
2026-03-25 15:18:35.399819,-13.67,7.49,33.73,0,1
2026-03-25 15:18:40.399819,-13.05,0.0,32.0,0,0
2026-03-25 15:18:45.399819,-13.39,0.0,32.0,0,0
2026-03-25 15:18:50.399819,-13.43,0.0,32.0,0,0
2026-03-25 15:18:55.399819,-12.87,9.62,51.21,1,2
2026-03-25 15:19:00.399819,-12.88,8.56,43.09,1,2
2026-03-25 15:19:05.399819,-12.86,11.93,52.08,1,2
2026-03-25 15:19:10.399819,-13.47,6.49,35.36,0,1
2026-03-25 15:19:15.399819,-13.93,0.0,32.0,0,0
2026-03-25 15:19:20.399819,-13.7,0.0,32.0,0,0
2026-03-25 15:19:25.399819,-13.79,0.0,32.0,0,0
2026-03-25 15:19:30.399819,-13.13,10.31,44.39,1,2
2026-03-25 15:19:35.399819,-12.7,9.59,36.6,1,2
2026-03-25 15:19:40.399819,-13.74,0.0,32.0,0,0
2026-03-25 15:19:45.399819,-13.11,10.4,44.74,1,2
2026-03-25 15:19:50.399819,-12.89,8.33,49.48,1,2
2026-03-25 15:19:55.399819,-12.86,8.75,53.71,1,2
2026-03-25 15:20:00.399819,-12.84,9.43,39.3,1,2
2026-03-25 15:20:05.399819,-13.84,0.0,32.0,0,0
2026-03-25 15:20:10.399819,-13.5,7.88,31.44,0,1
2026-03-25 15:20:15.399819,-12.85,10.11,52.78,1,2
2026-03-25 15:20:20.399819,-13.15,0.0,32.0,0,0
2026-03-25 15:20:25.399819,-13.43,0.0,32.0,0,0
2026-03-25 15:20:30.399819,-13.07,10.81,51.81,1,2
2026-03-25 15:20:35.399819,-13.51,7.23,34.2,0,1
2026-03-25 15:20:40.399819,-13.32,6.08,39.99,0,1
2026-03-25 15:20:45.399819,-13.16,9.75,50.3,1,2
2026-03-25 15:20:50.399819,-13.02,0.0,32.0,0,0
2026-03-25 15:20:55.399819,-12.88,9.81,46.07,1,2
2026-03-25 15:21:00.399819,-13.76,0.0,32.0,0,0
2026-03-25 15:21:05.399819,-13.22,9.69,49.36,1,2
2026-03-25 15:21:10.399819,-12.9,10.07,36.15,1,2
2026-03-25 15:21:15.399819,-13.95,0.0,32.0,0,0
2026-03-25 15:21:20.399819,-13.55,7.88,31.06,0,1
2026-03-25 15:21:25.399819,-12.91,8.76,48.1,1,2
2026-03-25 15:21:30.399819,-13.24,8.77,50.27,1,2
2026-03-25 15:21:35.399819,-13.39,6.61,39.01,0,1
2026-03-25 15:21:40.399819,-13.53,6.16,39.71,0,1
2026-03-25 15:21:45.399819,-13.57,6.4,30.95,0,1
2026-03-25 15:21:50.399819,-13.45,6.97,35.25,0,1
2026-03-25 15:21:55.399819,-13.01,9.95,40.12,1,2
2026-03-25 15:22:00.399819,-13.5,0.0,32.0,0,0
2026-03-25 15:22:05.399819,-13.68,5.87,33.37,0,1
2026-03-25 15:22:10.399819,-12.99,9.07,43.3,1,2
2026-03-25 15:22:15.399819,-13.19,9.39,42.48,1,2
2026-03-25 15:22:20.399819,-12.86,9.86,49.62,1,2
2026-03-25 15:22:25.399819,-13.54,7.39,36.55,0,1
2026-03-25 15:22:30.399819,-13.68,7.63,30.92,0,1
2026-03-25 15:22:35.399819,-13.69,6.34,33.77,0,1
2026-03-25 15:22:40.399819,-13.14,0.0,32.0,0,0
2026-03-25 15:22:45.399819,-13.13,10.51,35.06,1,2
2026-03-25 15:22:50.399819,-13.44,7.93,37.78,0,1
2026-03-25 15:22:55.399819,-13.67,7.14,36.82,0,1
2026-03-25 15:23:00.399819,-12.96,9.45,40.99,1,2
2026-03-25 15:23:05.399819,-13.02,11.21,39.35,1,2
2026-03-25 15:23:10.399819,-13.62,0.0,32.0,0,0
2026-03-25 15:23:15.399819,-13.46,0.0,32.0,0,0
2026-03-25 15:23:20.399819,-12.98,9.0,43.27,1,2
2026-03-25 15:23:25.399819,-13.23,10.79,42.89,1,2
2026-03-25 15:23:30.399819,-13.46,5.94,32.43,0,1
2026-03-25 15:23:35.399819,-13.52,7.2,39.01,0,1
2026-03-25 15:23:40.399819,-13.6,6.37,35.1,0,1
2026-03-25 15:23:45.399819,-13.11,8.71,42.04,1,2
2026-03-25 15:23:50.399819,-13.11,10.21,54.46,1,2
2026-03-25 15:23:55.399819,-13.35,6.53,33.24,0,1
2026-03-25 15:24:00.399819,-13.53,7.96,39.46,0,1
2026-03-25 15:24:05.399819,-13.16,0.0,32.0,0,0
2026-03-25 15:24:10.399819,-13.14,0.0,32.0,0,0
2026-03-25 15:24:15.399819,-13.29,8.69,54.42,1,2
2026-03-25 15:24:20.399819,-13.55,6.1,30.67,0,1
2026-03-25 15:24:25.399819,-13.17,0.0,32.0,0,0
2026-03-25 15:24:30.399819,-13.6,7.26,34.12,0,1
2026-03-25 15:24:35.399819,-12.88,11.15,50.29,1,2
2026-03-25 15:24:40.399819,-13.5,7.51,31.74,0,1
2026-03-25 15:24:45.399819,-13.7,0.0,32.0,0,0
2026-03-25 15:24:50.399819,-13.5,5.64,33.82,0,1
2026-03-25 15:24:55.399819,-13.38,0.0,32.0,0,0
2026-03-25 15:25:00.399819,-13.08,8.92,43.57,1,2
2026-03-25 15:25:05.399819,-13.41,7.83,32.03,0,1
2026-03-25 15:25:10.399819,-13.01,8.01,45.81,1,2
2026-03-25 15:25:15.399819,-13.39,0.0,32.0,0,0
2026-03-25 15:25:20.399819,-13.32,5.98,36.02,0,1
2026-03-25 15:25:25.399819,-13.13,8.34,37.32,1,2
2026-03-25 15:25:30.399819,-13.66,6.41,33.1,0,1
2026-03-25 15:25:35.399819,-13.49,7.58,38.49,0,1
2026-03-25 15:25:40.399819,-13.09,8.97,46.41,1,2
2026-03-25 15:25:45.399819,-13.6,5.47,35.44,0,1
2026-03-25 15:25:50.399819,-13.6,5.16,37.95,0,1
2026-03-25 15:25:55.399819,-13.56,0.0,32.0,0,0
2026-03-25 15:26:00.399819,-13.19,0.0,32.0,0,0
2026-03-25 15:26:05.399819,-13.4,6.05,32.27,0,1
2026-03-25 15:26:10.399819,-13.31,7.43,36.05,0,1
2026-03-25 15:26:15.399819,-12.92,8.93,49.23,1,2
2026-03-25 15:26:20.399819,-12.87,8.59,53.84,1,2
2026-03-25 15:26:25.399819,-13.43,7.03,32.34,0,1
2026-03-25 15:26:30.399819,-12.97,11.71,46.05,1,2
2026-03-25 15:26:35.399819,-13.04,0.0,32.0,0,0
2026-03-25 15:26:40.399819,-13.55,5.12,36.44,0,1
2026-03-25 15:26:45.399819,-12.96,8.18,44.42,1,2
2026-03-25 15:26:50.399819,-13.66,0.0,32.0,0,0
2026-03-25 15:26:55.399819,-13.56,5.01,31.6,0,1
2026-03-25 15:27:00.399819,-13.27,11.05,54.34,1,2
2026-03-25 15:27:05.399819,-13.24,8.67,35.66,1,2
2026-03-25 15:27:10.399819,-13.54,0.0,32.0,0,0
2026-03-25 15:27:15.399819,-13.56,5.45,36.85,0,1
2026-03-25 15:27:20.399819,-12.79,8.72,49.81,1,2
2026-03-25 15:27:25.399819,-12.85,8.56,50.69,1,2
2026-03-25 15:27:30.399819,-13.68,0.0,32.0,0,0
2026-03-25 15:27:35.399819,-13.63,5.9,39.25,0,1
2026-03-25 15:27:40.399819,-13.1,0.0,32.0,0,0
2026-03-25 15:27:45.399819,-12.94,9.27,40.47,1,2
2026-03-25 15:27:50.399819,-12.74,8.19,53.56,1,2
2026-03-25 15:27:55.399819,-12.89,11.96,40.13,1,2
2026-03-25 15:28:00.399819,-13.61,0.0,32.0,0,0
2026-03-25 15:28:05.399819,-13.68,5.71,31.36,0,1
2026-03-25 15:28:10.399819,-12.72,11.67,39.83,1,2
2026-03-25 15:28:15.399819,-12.81,9.83,53.6,1,2
2026-03-25 15:28:20.399819,-13.31,5.05,39.52,0,1
2026-03-25 15:28:25.399819,-13.99,0.0,32.0,0,0
2026-03-25 15:28:30.399819,-13.04,8.84,47.51,1,2
2026-03-25 15:28:35.399819,-13.4,7.34,32.42,0,1
2026-03-25 15:28:40.399819,-13.19,11.31,53.61,1,2
2026-03-25 15:28:45.399819,-13.17,11.44,40.79,1,2
2026-03-25 15:28:50.399819,-13.53,0.0,32.0,0,0
2026-03-25 15:28:55.399819,-13.27,10.22,46.1,1,2
2026-03-25 15:29:00.399819,-13.34,0.0,32.0,0,0
2026-03-25 15:29:05.399819,-13.78,0.0,32.0,0,0
2026-03-25 15:29:10.399819,-13.2,8.57,45.53,1,2
2026-03-25 15:29:15.399819,-13.61,6.24,33.43,0,1
2026-03-25 15:29:20.399819,-13.12,10.96,46.58,1,2
2026-03-25 15:29:25.399819,-13.58,5.95,38.56,0,1
2026-03-25 15:29:30.399819,-13.2,0.0,32.0,0,0
2026-03-25 15:29:35.399819,-13.4,7.94,33.2,0,1
2026-03-25 15:29:40.399819,-12.87,9.84,47.86,1,2
2026-03-25 15:29:45.399819,-13.12,8.88,49.63,1,2
2026-03-25 15:29:50.399819,-13.01,8.24,39.15,1,2
2026-03-25 15:29:55.399819,-12.79,11.53,38.11,1,2
2026-03-25 15:30:00.399819,-13.46,0.0,32.0,0,0
2026-03-25 15:30:05.399819,-13.95,0.0,32.0,0,0
2026-03-25 15:30:10.399819,-13.56,0.0,32.0,0,0
2026-03-25 15:30:15.399819,-13.56,6.66,33.51,0,1
2026-03-25 15:30:20.399819,-12.72,10.2,40.4,1,2
2026-03-25 15:30:25.399819,-13.19,0.0,32.0,0,0
2026-03-25 15:30:30.399819,-13.17,10.51,39.6,1,2
2026-03-25 15:30:35.399819,-13.6,7.38,36.76,0,1
2026-03-25 15:30:40.399819,-13.61,0.0,32.0,0,0
2026-03-25 15:30:45.399819,-13.09,11.54,41.79,1,2
2026-03-25 15:30:50.399819,-13.52,5.69,30.5,0,1
2026-03-25 15:30:55.399819,-13.47,0.0,32.0,0,0
2026-03-25 15:31:00.399819,-13.12,8.23,49.59,1,2
2026-03-25 15:31:05.399819,-12.94,9.38,49.64,1,2
2026-03-25 15:31:10.399819,-13.04,8.48,53.06,1,2
2026-03-25 15:31:15.399819,-12.76,9.38,50.79,1,2
2026-03-25 15:31:20.399819,-12.71,11.88,45.55,1,2
2026-03-25 15:31:25.399819,-13.34,6.83,39.31,0,1
2026-03-25 15:31:30.399819,-13.39,5.72,33.41,0,1
2026-03-25 15:31:35.399819,-13.64,0.0,32.0,0,0
2026-03-25 15:31:40.399819,-13.44,0.0,32.0,0,0
2026-03-25 15:31:45.399819,-13.09,11.94,43.75,1,2
2026-03-25 15:31:50.399819,-13.19,9.25,46.01,1,2
2026-03-25 15:31:55.399819,-13.02,9.98,50.33,1,2
2026-03-25 15:32:00.399819,-13.33,5.62,30.8,0,1
2026-03-25 15:32:05.399819,-13.5,7.86,39.48,0,1
2026-03-25 15:32:10.399819,-13.38,5.48,30.79,0,1
2026-03-25 15:32:15.399819,-13.79,0.0,32.0,0,0
2026-03-25 15:32:20.399819,-13.06,9.31,37.81,1,2
2026-03-25 15:32:25.399819,-13.45,0.0,32.0,0,0
2026-03-25 15:32:30.399819,-13.58,0.0,32.0,0,0
2026-03-25 15:32:35.399819,-13.04,0.0,32.0,0,0
2026-03-25 15:32:40.399819,-13.11,0.0,32.0,0,0
2026-03-25 15:32:45.399819,-13.02,10.1,39.62,1,2
2026-03-25 15:32:50.399819,-12.96,8.91,36.89,1,2
2026-03-25 15:32:55.399819,-13.26,10.55,47.86,1,2
2026-03-25 15:33:00.399819,-13.11,8.26,50.14,1,2
2026-03-25 15:33:05.399819,-13.85,0.0,32.0,0,0
2026-03-25 15:33:10.399819,-12.91,10.09,47.17,1,2
2026-03-25 15:33:15.399819,-13.87,0.0,32.0,0,0
2026-03-25 15:33:20.399819,-13.47,6.25,39.35,0,1
2026-03-25 15:33:25.399819,-13.37,0.0,32.0,0,0
2026-03-25 15:33:30.399819,-13.61,7.8,37.23,0,1
2026-03-25 15:33:35.399819,-13.56,7.82,35.43,0,1
2026-03-25 15:33:40.399819,-13.46,5.7,32.69,0,1
2026-03-25 15:33:45.399819,-13.45,5.26,33.58,0,1
2026-03-25 15:33:50.399819,-13.29,8.02,53.44,1,2
2026-03-25 15:33:55.399819,-13.47,5.75,35.36,0,1
2026-03-25 15:34:00.399819,-12.97,9.53,41.16,1,2
2026-03-25 15:34:05.399819,-13.34,7.24,38.35,0,1
2026-03-25 15:34:10.399819,-13.33,6.5,33.59,0,1
2026-03-25 15:34:15.399819,-12.86,10.9,45.24,1,2
2026-03-25 15:34:20.399819,-13.4,5.91,34.36,0,1
2026-03-25 15:34:25.399819,-13.37,0.0,32.0,0,0
2026-03-25 15:34:30.399819,-13.32,5.76,30.78,0,1
2026-03-25 15:34:35.399819,-13.66,6.48,36.84,0,1
2026-03-25 15:34:40.399819,-12.96,11.68,53.56,1,2
2026-03-25 15:34:45.399819,-13.32,7.47,37.27,0,1
2026-03-25 15:34:50.399819,-13.7,7.16,32.03,0,1
2026-03-25 15:34:55.399819,-12.96,8.31,41.78,1,2
2026-03-25 15:35:00.399819,-13.69,5.55,34.07,0,1
2026-03-25 15:35:05.399819,-13.35,6.44,31.55,0,1
2026-03-25 15:35:10.399819,-13.49,7.83,31.88,0,1
2026-03-25 15:35:15.399819,-13.31,0.0,32.0,0,0
2026-03-25 15:35:20.399819,-12.79,9.17,40.27,1,2
2026-03-25 15:35:25.399819,-13.58,7.0,38.64,0,1
2026-03-25 15:35:30.399819,-13.55,6.53,31.4,0,1
2026-03-25 15:35:35.399819,-13.68,5.84,36.99,0,1
2026-03-25 15:35:40.399819,-13.42,0.0,32.0,0,0
2026-03-25 15:35:45.399819,-13.85,0.0,32.0,0,0
2026-03-25 15:35:50.399819,-13.02,0.0,32.0,0,0
2026-03-25 15:35:55.399819,-13.99,0.0,32.0,0,0
2026-03-25 15:36:00.399819,-13.25,10.69,44.4,1,2
2026-03-25 15:36:05.399819,-13.14,8.83,37.83,1,2
2026-03-25 15:36:10.399819,-13.11,10.17,51.38,1,2
2026-03-25 15:36:15.399819,-13.33,0.0,32.0,0,0
2026-03-25 15:36:20.399819,-13.06,0.0,32.0,0,0
2026-03-25 15:36:25.399819,-13.36,0.0,32.0,0,0
2026-03-25 15:36:30.399819,-13.24,10.33,52.03,1,2
2026-03-25 15:36:35.399819,-13.43,5.15,31.22,0,1
2026-03-25 15:36:40.399819,-13.1,11.09,35.49,1,2
2026-03-25 15:36:45.399819,-13.3,0.0,32.0,0,0
2026-03-25 15:36:50.399819,-13.39,0.0,32.0,0,0
2026-03-25 15:36:55.399819,-13.5,7.86,30.7,0,1
2026-03-25 15:37:00.399819,-12.79,11.76,42.82,1,2
2026-03-25 15:37:05.399819,-13.71,0.0,32.0,0,0
2026-03-25 15:37:10.399819,-13.42,6.71,38.55,0,1
2026-03-25 15:37:15.399819,-12.74,11.4,43.9,1,2
2026-03-25 15:37:20.399819,-13.39,6.69,35.14,0,1
2026-03-25 15:37:25.399819,-13.39,0.0,32.0,0,0
2026-03-25 15:37:30.399819,-13.06,0.0,32.0,0,0
2026-03-25 15:37:35.399819,-13.28,0.0,32.0,0,0
2026-03-25 15:37:40.399819,-13.55,7.29,37.57,0,1
2026-03-25 15:37:45.399819,-13.28,8.41,49.45,1,2
2026-03-25 15:37:50.399819,-13.43,0.0,32.0,0,0
2026-03-25 15:37:55.399819,-13.07,0.0,32.0,0,0
2026-03-25 15:38:00.399819,-13.38,0.0,32.0,0,0
2026-03-25 15:38:05.399819,-13.32,5.39,36.11,0,1
2026-03-25 15:38:10.399819,-12.88,9.69,36.88,1,2
2026-03-25 15:38:15.399819,-12.85,9.74,35.1,1,2
2026-03-25 15:38:20.399819,-12.78,9.14,37.44,1,2
2026-03-25 15:38:25.399819,-13.32,0.0,32.0,0,0
2026-03-25 15:38:30.399819,-13.68,7.61,30.34,0,1
2026-03-25 15:38:35.399819,-12.78,8.29,35.29,1,2
2026-03-25 15:38:40.399819,-13.36,7.76,31.94,0,1
2026-03-25 15:38:45.399819,-13.46,6.59,37.55,0,1
2026-03-25 15:38:50.399819,-13.18,11.49,49.65,1,2
2026-03-25 15:38:55.399819,-12.89,9.24,37.13,1,2
2026-03-25 15:39:00.399819,-13.36,0.0,32.0,0,0
2026-03-25 15:39:05.399819,-13.47,7.98,33.16,0,1
2026-03-25 15:39:10.399819,-13.42,5.63,32.76,0,1
2026-03-25 15:39:15.399819,-12.77,10.96,50.28,1,2
2026-03-25 15:39:20.399819,-13.53,0.0,32.0,0,0
2026-03-25 15:39:25.399819,-13.29,0.0,32.0,0,0
2026-03-25 15:39:30.399819,-13.08,9.94,51.9,1,2
2026-03-25 15:39:35.399819,-13.96,0.0,32.0,0,0
2026-03-25 15:39:40.399819,-13.31,7.21,31.35,0,1
2026-03-25 15:39:45.399819,-13.2,9.67,37.62,1,2
2026-03-25 15:39:50.399819,-13.98,0.0,32.0,0,0
2026-03-25 15:39:55.399819,-13.66,7.78,37.0,0,1
2026-03-25 15:40:00.399819,-13.21,11.86,39.3,1,2
2026-03-25 15:40:05.399819,-13.32,5.83,35.39,0,1
2026-03-25 15:40:10.399819,-13.44,6.7,38.44,0,1
2026-03-25 15:40:15.399819,-13.53,7.96,39.8,0,1
2026-03-25 15:40:20.399819,-13.66,5.71,33.51,0,1
2026-03-25 15:40:25.399819,-13.95,0.0,32.0,0,0
2026-03-25 15:40:30.399819,-13.03,0.0,32.0,0,0
2026-03-25 15:40:35.399819,-12.92,8.24,47.6,1,2
2026-03-25 15:40:40.399819,-13.19,9.02,37.67,1,2
2026-03-25 15:40:45.399819,-12.76,11.46,38.34,1,2
2026-03-25 15:40:50.399819,-13.0,8.79,42.24,1,2
2026-03-25 15:40:55.399819,-13.03,0.0,32.0,0,0
2026-03-25 15:41:00.399819,-13.97,0.0,32.0,0,0
2026-03-25 15:41:05.399819,-13.32,6.71,37.01,0,1
2026-03-25 15:41:10.399819,-13.31,5.76,38.01,0,1
2026-03-25 15:41:15.399819,-13.59,5.84,39.37,0,1
2026-03-25 15:41:20.399819,-13.03,9.83,41.3,1,2
2026-03-25 15:41:25.399819,-13.31,6.48,37.57,0,1
2026-03-25 15:41:30.399819,-13.69,6.87,35.72,0,1
2026-03-25 15:41:35.399819,-13.23,0.0,32.0,0,0
2026-03-25 15:41:40.399819,-13.92,0.0,32.0,0,0
2026-03-25 15:41:45.399819,-13.19,0.0,32.0,0,0
2026-03-25 15:41:50.399819,-13.18,8.72,40.95,1,2
2026-03-25 15:41:55.399819,-13.63,7.84,33.67,0,1
2026-03-25 15:42:00.399819,-13.84,0.0,32.0,0,0
2026-03-25 15:42:05.399819,-13.26,0.0,32.0,0,0
2026-03-25 15:42:10.399819,-13.46,6.5,39.64,0,1
2026-03-25 15:42:15.399819,-13.54,7.92,38.22,0,1
2026-03-25 15:42:20.399819,-13.28,0.0,32.0,0,0
2026-03-25 15:42:25.399819,-12.9,10.64,42.56,1,2
2026-03-25 15:42:30.399819,-13.11,0.0,32.0,0,0
2026-03-25 15:42:35.399819,-13.1,10.0,46.67,1,2
2026-03-25 15:42:40.399819,-13.4,0.0,32.0,0,0
2026-03-25 15:42:45.399819,-13.07,0.0,32.0,0,0
2026-03-25 15:42:50.399819,-13.2,11.1,36.81,1,2
2026-03-25 15:42:55.399819,-13.56,7.73,33.06,0,1
2026-03-25 15:43:00.399819,-13.55,5.81,36.89,0,1
2026-03-25 15:43:05.399819,-13.84,0.0,32.0,0,0
2026-03-25 15:43:10.399819,-13.76,0.0,32.0,0,0
2026-03-25 15:43:15.399819,-13.55,7.82,31.17,0,1
2026-03-25 15:43:20.399819,-13.46,6.54,39.38,0,1
2026-03-25 15:43:25.399819,-13.43,7.26,30.36,0,1
2026-03-25 15:43:30.399819,-13.54,0.0,32.0,0,0
2026-03-25 15:43:35.399819,-13.37,7.04,36.59,0,1
2026-03-25 15:43:40.399819,-13.25,9.18,41.58,1,2
2026-03-25 15:43:45.399819,-13.2,8.47,51.0,1,2
2026-03-25 15:43:50.399819,-13.16,8.98,35.48,1,2
2026-03-25 15:43:55.399819,-12.81,10.79,35.96,1,2
2026-03-25 15:44:00.399819,-13.5,0.0,32.0,0,0
2026-03-25 15:44:05.399819,-13.14,10.35,42.35,1,2
2026-03-25 15:44:10.399819,-13.44,0.0,32.0,0,0
2026-03-25 15:44:15.399819,-12.77,11.08,43.37,1,2
2026-03-25 15:44:20.399819,-13.4,7.84,32.78,0,1
2026-03-25 15:44:25.399819,-13.4,7.62,36.43,0,1
2026-03-25 15:44:30.399819,-13.23,0.0,32.0,0,0
2026-03-25 15:44:35.399819,-13.07,0.0,32.0,0,0
2026-03-25 15:44:40.399819,-13.18,10.09,49.16,1,2
2026-03-25 15:44:45.399819,-13.58,5.99,38.85,0,1
2026-03-25 15:44:50.399819,-13.51,5.14,37.09,0,1
2026-03-25 15:44:55.399819,-13.18,0.0,32.0,0,0
2026-03-25 15:45:00.399819,-13.12,0.0,32.0,0,0
2026-03-25 15:45:05.399819,-13.28,0.0,32.0,0,0
2026-03-25 15:45:10.399819,-13.59,6.25,35.46,0,1
2026-03-25 15:45:15.399819,-13.03,9.43,44.81,1,2
2026-03-25 15:45:20.399819,-12.88,10.28,50.0,1,2
2026-03-25 15:45:25.399819,-12.71,9.6,46.96,1,2
2026-03-25 15:45:30.399819,-13.79,0.0,32.0,0,0
2026-03-25 15:45:35.399819,-12.99,9.1,43.19,1,2
2026-03-25 15:45:40.399819,-13.11,11.18,41.56,1,2
2026-03-25 15:45:45.399819,-13.15,10.93,52.95,1,2
2026-03-25 15:45:50.399819,-13.13,8.79,45.88,1,2
2026-03-25 15:45:55.399819,-13.76,0.0,32.0,0,0
2026-03-25 15:46:00.399819,-13.14,8.44,38.88,1,2
2026-03-25 15:46:05.399819,-13.28,0.0,32.0,0,0
2026-03-25 15:46:10.399819,-13.6,5.71,32.96,0,1
2026-03-25 15:46:15.399819,-13.52,0.0,32.0,0,0
2026-03-25 15:46:20.399819,-13.21,0.0,32.0,0,0
2026-03-25 15:46:25.399819,-12.71,10.3,38.44,1,2
2026-03-25 15:46:30.399819,-13.21,9.4,41.62,1,2
2026-03-25 15:46:35.399819,-13.32,0.0,32.0,0,0
2026-03-25 15:46:40.399819,-12.87,8.01,38.18,1,2
2026-03-25 15:46:45.399819,-13.26,0.0,32.0,0,0
2026-03-25 15:46:50.399819,-13.82,0.0,32.0,0,0
2026-03-25 15:46:55.399819,-13.52,7.07,38.84,0,1
2026-03-25 15:47:00.399819,-13.99,0.0,32.0,0,0
2026-03-25 15:47:05.399819,-13.17,11.01,54.74,1,2
2026-03-25 15:47:10.399819,-13.12,0.0,32.0,0,0
2026-03-25 15:47:15.399819,-13.33,5.73,37.82,0,1
2026-03-25 15:47:20.399819,-13.21,0.0,32.0,0,0
2026-03-25 15:47:25.399819,-13.6,5.37,37.36,0,1
2026-03-25 15:47:30.399819,-13.13,8.47,39.69,1,2
2026-03-25 15:47:35.399819,-13.16,11.91,42.25,1,2
2026-03-25 15:47:40.399819,-13.39,0.0,32.0,0,0
2026-03-25 15:47:45.399819,-13.28,10.75,35.82,1,2
2026-03-25 15:47:50.399819,-13.32,5.14,37.67,0,1
2026-03-25 15:47:55.399819,-13.21,9.63,52.96,1,2
2026-03-25 15:48:00.399819,-13.01,11.28,42.14,1,2
2026-03-25 15:48:05.399819,-13.2,11.96,53.57,1,2
2026-03-25 15:48:10.399819,-12.96,9.06,35.46,1,2
2026-03-25 15:48:15.399819,-13.89,0.0,32.0,0,0
2026-03-25 15:48:20.399819,-12.91,9.08,36.85,1,2
2026-03-25 15:48:25.399819,-13.41,5.78,30.6,0,1
2026-03-25 15:48:30.399819,-13.13,8.51,45.93,1,2
2026-03-25 15:48:35.399819,-12.99,10.03,36.4,1,2
2026-03-25 15:48:40.399819,-13.21,0.0,32.0,0,0
2026-03-25 15:48:45.399819,-13.54,7.85,31.11,0,1
2026-03-25 15:48:50.399819,-13.54,0.0,32.0,0,0
2026-03-25 15:48:55.399819,-13.08,0.0,32.0,0,0
2026-03-25 15:49:00.399819,-13.25,8.45,40.81,1,2
2026-03-25 15:49:05.399819,-12.97,11.74,37.88,1,2
2026-03-25 15:49:10.399819,-13.5,0.0,32.0,0,0
2026-03-25 15:49:15.399819,-13.57,6.74,35.5,0,1
2026-03-25 15:49:20.399819,-13.8,0.0,32.0,0,0
2026-03-25 15:49:25.399819,-13.07,0.0,32.0,0,0
2026-03-25 15:49:30.399819,-12.83,8.34,45.53,1,2
2026-03-25 15:49:35.399819,-13.27,0.0,32.0,0,0
2026-03-25 15:49:40.399819,-13.23,0.0,32.0,0,0
2026-03-25 15:49:45.399819,-13.34,5.97,37.41,0,1
2026-03-25 15:49:50.399819,-13.65,7.97,37.57,0,1
2026-03-25 15:49:55.399819,-13.6,6.49,35.55,0,1
2026-03-25 15:50:00.399819,-13.89,0.0,32.0,0,0
2026-03-25 15:50:05.399819,-12.99,8.21,38.25,1,2
2026-03-25 15:50:10.399819,-13.57,7.61,33.67,0,1
2026-03-25 15:50:15.399819,-13.12,0.0,32.0,0,0
2026-03-25 15:50:20.399819,-13.89,0.0,32.0,0,0
2026-03-25 15:50:25.399819,-13.66,6.81,35.23,0,1
2026-03-25 15:50:30.399819,-13.69,0.0,32.0,0,0
2026-03-25 15:50:35.399819,-12.78,9.59,42.88,1,2
2026-03-25 15:50:40.399819,-13.61,7.04,36.65,0,1
2026-03-25 15:50:45.399819,-13.41,7.72,33.47,0,1
2026-03-25 15:50:50.399819,-13.41,0.0,32.0,0,0
2026-03-25 15:50:55.399819,-12.99,8.87,41.68,1,2
2026-03-25 15:51:00.399819,-13.61,0.0,32.0,0,0
2026-03-25 15:51:05.399819,-13.63,6.7,31.38,0,1
2026-03-25 15:51:10.399819,-13.15,8.12,51.29,1,2
2026-03-25 15:51:15.399819,-12.86,10.44,48.24,1,2
2026-03-25 15:51:20.399819,-13.41,0.0,32.0,0,0
2026-03-25 15:51:25.399819,-13.29,8.5,35.1,1,2
2026-03-25 15:51:30.399819,-13.31,0.0,32.0,0,0
2026-03-25 15:51:35.399819,-13.76,0.0,32.0,0,0
2026-03-25 15:51:40.399819,-13.03,0.0,32.0,0,0
2026-03-25 15:51:45.399819,-13.2,10.25,40.4,1,2
2026-03-25 15:51:50.399819,-13.69,6.16,33.43,0,1
2026-03-25 15:51:55.399819,-13.45,0.0,32.0,0,0
2026-03-25 15:52:00.399819,-13.25,8.29,45.97,1,2
2026-03-25 15:52:05.399819,-13.42,5.8,36.97,0,1
2026-03-25 15:52:10.399819,-13.56,5.46,39.61,0,1
2026-03-25 15:52:15.399819,-13.22,9.16,39.88,1,2
2026-03-25 15:52:20.399819,-13.52,7.29,30.18,0,1
2026-03-25 15:52:25.399819,-13.1,9.06,44.22,1,2
2026-03-25 15:52:30.399819,-12.77,10.24,52.15,1,2
2026-03-25 15:52:35.399819,-13.67,5.26,34.83,0,1
2026-03-25 15:52:40.399819,-13.04,10.23,51.67,1,2
2026-03-25 15:52:45.399819,-13.56,0.0,32.0,0,0
2026-03-25 15:52:50.399819,-13.46,6.74,37.72,0,1
2026-03-25 15:52:55.399819,-13.07,9.21,43.19,1,2
2026-03-25 15:53:00.399819,-13.15,0.0,32.0,0,0
2026-03-25 15:53:05.399819,-12.97,9.54,45.49,1,2
2026-03-25 15:53:10.399819,-13.42,0.0,32.0,0,0
2026-03-25 15:53:15.399819,-12.99,10.76,36.68,1,2
2026-03-25 15:53:20.399819,-12.76,8.3,50.18,1,2
2026-03-25 15:53:25.399819,-13.54,5.8,33.18,0,1
2026-03-25 15:53:30.399819,-13.48,7.14,35.88,0,1
2026-03-25 15:53:35.399819,-13.54,6.68,38.35,0,1
2026-03-25 15:53:40.399819,-13.33,0.0,32.0,0,0
2026-03-25 15:53:45.399819,-13.06,10.35,52.96,1,2
2026-03-25 15:53:50.399819,-13.24,0.0,32.0,0,0
2026-03-25 15:53:55.399819,-12.72,11.49,51.54,1,2
2026-03-25 15:54:00.399819,-13.41,6.6,36.33,0,1
2026-03-25 15:54:05.399819,-13.85,0.0,32.0,0,0
2026-03-25 15:54:10.399819,-12.71,11.34,43.83,1,2
2026-03-25 15:54:15.399819,-13.6,7.1,34.36,0,1
2026-03-25 15:54:20.399819,-13.51,6.72,37.26,0,1
2026-03-25 15:54:25.399819,-12.85,9.76,39.19,1,2
2026-03-25 15:54:30.399819,-13.08,0.0,32.0,0,0
2026-03-25 15:54:35.399819,-13.05,0.0,32.0,0,0
2026-03-25 15:54:40.399819,-13.08,10.42,43.68,1,2
2026-03-25 15:54:45.399819,-12.99,10.49,41.15,1,2
2026-03-25 15:54:50.399819,-12.94,8.42,35.42,1,2
2026-03-25 15:54:55.399819,-13.98,0.0,32.0,0,0
2026-03-25 15:55:00.399819,-13.07,10.67,37.97,1,2
2026-03-25 15:55:05.399819,-13.6,6.88,36.96,0,1
2026-03-25 15:55:10.399819,-12.71,8.3,38.67,1,2
2026-03-25 15:55:15.399819,-12.97,9.52,39.53,1,2
2026-03-25 15:55:20.399819,-13.5,7.81,36.2,0,1
2026-03-25 15:55:25.399819,-13.65,6.92,33.15,0,1
2026-03-25 15:55:30.399819,-13.43,5.74,37.86,0,1
2026-03-25 15:55:35.399819,-12.94,10.15,38.37,1,2
2026-03-25 15:55:40.399819,-13.6,0.0,32.0,0,0
2026-03-25 15:55:45.399819,-13.74,0.0,32.0,0,0
2026-03-25 15:55:50.399819,-12.99,8.12,36.69,1,2
2026-03-25 15:55:55.399819,-13.48,7.8,31.84,0,1
2026-03-25 15:56:00.399819,-13.56,7.48,35.29,0,1
2026-03-25 15:56:05.399819,-13.96,0.0,32.0,0,0
2026-03-25 15:56:10.399819,-13.21,11.22,49.67,1,2
2026-03-25 15:56:15.399819,-12.87,10.62,46.84,1,2
2026-03-25 15:56:20.399819,-13.02,9.14,51.49,1,2
2026-03-25 15:56:25.399819,-13.51,6.98,34.84,0,1
2026-03-25 15:56:30.399819,-13.71,0.0,32.0,0,0
2026-03-25 15:56:35.399819,-12.96,10.69,46.06,1,2
2026-03-25 15:56:40.399819,-13.11,11.29,50.39,1,2
2026-03-25 15:56:45.399819,-12.77,11.61,43.14,1,2
2026-03-25 15:56:50.399819,-13.6,5.58,31.06,0,1
2026-03-25 15:56:55.399819,-13.59,7.44,33.36,0,1
2026-03-25 15:57:00.399819,-13.21,0.0,32.0,0,0
2026-03-25 15:57:05.399819,-13.54,0.0,32.0,0,0
2026-03-25 15:57:10.399819,-13.47,5.79,32.53,0,1
2026-03-25 15:57:15.399819,-13.55,5.07,30.92,0,1
2026-03-25 15:57:20.399819,-13.16,0.0,32.0,0,0
2026-03-25 15:57:25.399819,-13.74,0.0,32.0,0,0
2026-03-25 15:57:30.399819,-13.33,7.15,32.8,0,1
2026-03-25 15:57:35.399819,-13.4,6.93,30.39,0,1
2026-03-25 15:57:40.399819,-13.01,0.0,32.0,0,0
2026-03-25 15:57:45.399819,-13.16,11.89,38.61,1,2
2026-03-25 15:57:50.399819,-13.71,0.0,32.0,0,0
2026-03-25 15:57:55.399819,-13.74,0.0,32.0,0,0
2026-03-25 15:58:00.399819,-13.32,7.73,34.78,0,1
2026-03-25 15:58:05.399819,-13.07,9.02,43.08,1,2
2026-03-25 15:58:10.399819,-13.11,0.0,32.0,0,0
2026-03-25 15:58:15.399819,-13.37,6.87,38.27,0,1
2026-03-25 15:58:20.399819,-13.17,0.0,32.0,0,0
2026-03-25 15:58:25.399819,-13.46,6.34,38.98,0,1
2026-03-25 15:58:30.399819,-13.36,6.32,36.21,0,1
2026-03-25 15:58:35.399819,-13.65,7.24,36.09,0,1
2026-03-25 15:58:40.399819,-13.44,0.0,32.0,0,0
2026-03-25 15:58:45.399819,-13.65,0.0,32.0,0,0
2026-03-25 15:58:50.399819,-13.33,6.98,32.49,0,1
2026-03-25 15:58:55.399819,-13.2,0.0,32.0,0,0
2026-03-25 15:59:00.399819,-13.45,6.91,38.84,0,1
2026-03-25 15:59:05.399819,-13.13,10.11,52.99,1,2
2026-03-25 15:59:10.399819,-13.7,0.0,32.0,0,0
2026-03-25 15:59:15.399819,-13.56,6.55,32.77,0,1
2026-03-25 15:59:20.399819,-13.47,6.07,38.62,0,1
2026-03-25 15:59:25.399819,-13.69,0.0,32.0,0,0
2026-03-25 15:59:30.399819,-13.25,0.0,32.0,0,0
2026-03-25 15:59:35.399819,-13.28,0.0,32.0,0,0
2026-03-25 15:59:40.399819,-13.3,6.09,31.36,0,1
2026-03-25 15:59:45.399819,-13.16,0.0,32.0,0,0
2026-03-25 15:59:50.399819,-12.74,8.66,49.97,1,2
2026-03-25 15:59:55.399819,-13.64,7.25,34.4,0,1
2026-03-25 16:00:00.399819,-13.66,5.95,36.28,0,1
2026-03-25 16:00:05.399819,-13.06,0.0,32.0,0,0
2026-03-25 16:00:10.399819,-13.29,0.0,32.0,0,0
2026-03-25 16:00:15.399819,-13.4,7.44,37.55,0,1
2026-03-25 16:00:20.399819,-13.07,8.3,39.2,1,2
2026-03-25 16:00:25.399819,-13.62,7.77,32.9,0,1
2026-03-25 16:00:30.399819,-12.74,11.04,51.1,1,2
2026-03-25 16:00:35.399819,-13.32,6.19,35.81,0,1
2026-03-25 16:00:40.399819,-13.51,6.92,36.38,0,1
2026-03-25 16:00:45.399819,-13.49,7.38,39.09,0,1
2026-03-25 16:00:50.399819,-13.6,7.29,35.69,0,1
2026-03-25 16:00:55.399819,-13.28,10.28,41.7,1,2
2026-03-25 16:01:00.399819,-12.76,10.76,35.83,1,2
2026-03-25 16:01:05.399819,-13.01,9.81,50.31,1,2
2026-03-25 16:01:10.399819,-13.43,0.0,32.0,0,0
2026-03-25 16:01:15.399819,-13.62,0.0,32.0,0,0
2026-03-25 16:01:20.399819,-13.54,0.0,32.0,0,0
2026-03-25 16:01:25.399819,-12.89,8.09,37.07,1,2
2026-03-25 16:01:30.399819,-13.16,11.05,50.2,1,2
2026-03-25 16:01:35.399819,-13.31,6.34,38.48,0,1
2026-03-25 16:01:40.399819,-12.93,10.84,39.13,1,2
2026-03-25 16:01:45.399819,-13.46,5.3,34.88,0,1
2026-03-25 16:01:50.399819,-13.08,10.26,45.94,1,2
2026-03-25 16:01:55.399819,-13.33,5.53,36.51,0,1
2026-03-25 16:02:00.399819,-13.11,10.0,38.86,1,2
2026-03-25 16:02:05.399819,-13.49,7.18,33.83,0,1
2026-03-25 16:02:10.399819,-13.32,6.24,31.21,0,1
2026-03-25 16:02:15.399819,-13.25,0.0,32.0,0,0
2026-03-25 16:02:20.399819,-13.27,0.0,32.0,0,0
2026-03-25 16:02:25.399819,-13.26,0.0,32.0,0,0
2026-03-25 16:02:30.399819,-13.55,5.7,31.79,0,1
2026-03-25 16:02:35.399819,-13.0,9.34,50.69,1,2
2026-03-25 16:02:40.399819,-13.48,6.21,30.1,0,1
2026-03-25 16:02:45.399819,-13.15,9.45,41.32,1,2
2026-03-25 16:02:50.399819,-13.41,6.55,32.85,0,1
2026-03-25 16:02:55.399819,-13.44,6.88,37.84,0,1
2026-03-25 16:03:00.399819,-13.6,0.0,32.0,0,0
2026-03-25 16:03:05.399819,-13.14,9.8,50.61,1,2
2026-03-25 16:03:10.399819,-13.07,11.56,42.28,1,2
2026-03-25 16:03:15.399819,-12.91,11.58,51.97,1,2
2026-03-25 16:03:20.399819,-13.26,8.93,52.56,1,2
2026-03-25 16:03:25.399819,-13.45,7.75,30.86,0,1
2026-03-25 16:03:30.399819,-13.22,10.72,42.45,1,2
2026-03-25 16:03:35.399819,-13.56,6.71,36.33,0,1
2026-03-25 16:03:40.399819,-13.65,0.0,32.0,0,0
2026-03-25 16:03:45.399819,-13.57,5.3,36.05,0,1
2026-03-25 16:03:50.399819,-13.84,0.0,32.0,0,0
2026-03-25 16:03:55.399819,-13.01,0.0,32.0,0,0
2026-03-25 16:04:00.399819,-12.82,8.52,37.71,1,2
2026-03-25 16:04:05.399819,-13.68,5.13,37.88,0,1
2026-03-25 16:04:10.399819,-13.01,11.69,39.77,1,2
2026-03-25 16:04:15.399819,-13.53,6.78,30.84,0,1
2026-03-25 16:04:20.399819,-13.06,9.62,49.78,1,2
2026-03-25 16:04:25.399819,-13.53,6.54,38.85,0,1
2026-03-25 16:04:30.399819,-13.05,8.76,45.1,1,2
2026-03-25 16:04:35.399819,-13.62,6.08,30.17,0,1
2026-03-25 16:04:40.399819,-13.4,6.82,31.06,0,1
2026-03-25 16:04:45.399819,-13.45,5.83,36.45,0,1
2026-03-25 16:04:50.399819,-12.89,8.69,37.02,1,2
2026-03-25 16:04:55.399819,-12.94,10.38,51.35,1,2
2026-03-25 16:05:00.399819,-13.38,5.85,33.33,0,1
2026-03-25 16:05:05.399819,-13.04,9.47,40.58,1,2
2026-03-25 16:05:10.399819,-13.4,7.49,37.67,0,1
2026-03-25 16:05:15.399819,-13.02,8.42,51.05,1,2
2026-03-25 16:05:20.399819,-13.13,9.01,41.52,1,2
2026-03-25 16:05:25.399819,-13.7,5.25,39.7,0,1
2026-03-25 16:05:30.399819,-13.76,0.0,32.0,0,0
2026-03-25 16:05:35.399819,-13.72,0.0,32.0,0,0
2026-03-25 16:05:40.399819,-12.92,10.84,42.74,1,2
2026-03-25 16:05:45.399819,-13.45,5.4,30.89,0,1
2026-03-25 16:05:50.399819,-13.45,6.61,38.38,0,1
2026-03-25 16:05:55.399819,-13.27,10.28,38.98,1,2
2026-03-25 16:06:00.399819,-12.93,10.5,47.52,1,2
2026-03-25 16:06:05.399819,-13.0,10.28,52.7,1,2
2026-03-25 16:06:10.399819,-13.91,0.0,32.0,0,0
2026-03-25 16:06:15.399819,-12.85,11.52,46.3,1,2
2026-03-25 16:06:20.399819,-13.5,7.97,36.61,0,1
2026-03-25 16:06:25.399819,-13.55,6.94,36.37,0,1
2026-03-25 16:06:30.399819,-13.11,11.85,40.32,1,2
2026-03-25 16:06:35.399819,-12.84,8.46,47.21,1,2
2026-03-25 16:06:40.399819,-13.29,8.3,41.51,1,2
2026-03-25 16:06:45.399819,-13.82,0.0,32.0,0,0
2026-03-25 16:06:50.399819,-12.77,10.94,41.92,1,2
2026-03-25 16:06:55.399819,-12.76,10.19,38.55,1,2
2026-03-25 16:07:00.399819,-13.36,5.56,37.3,0,1
2026-03-25 16:07:05.399819,-13.17,0.0,32.0,0,0
2026-03-25 16:07:10.399819,-13.38,5.73,34.03,0,1
2026-03-25 16:07:15.399819,-13.48,6.38,34.46,0,1
2026-03-25 16:07:20.399819,-12.86,10.03,46.49,1,2
2026-03-25 16:07:25.399819,-13.29,10.5,51.66,1,2
2026-03-25 16:07:30.399819,-13.47,6.19,32.1,0,1
2026-03-25 16:07:35.399819,-13.98,0.0,32.0,0,0
2026-03-25 16:07:40.399819,-13.88,0.0,32.0,0,0
2026-03-25 16:07:45.399819,-13.35,6.07,33.18,0,1
2026-03-25 16:07:50.399819,-13.26,0.0,32.0,0,0
2026-03-25 16:07:55.399819,-12.84,11.76,39.98,1,2
2026-03-25 16:08:00.399819,-13.9,0.0,32.0,0,0
2026-03-25 16:08:05.399819,-13.43,5.93,31.77,0,1
2026-03-25 16:08:10.399819,-12.96,11.41,44.42,1,2
2026-03-25 16:08:15.399819,-13.66,0.0,32.0,0,0
2026-03-25 16:08:20.399819,-13.12,8.32,54.87,1,2
2026-03-25 16:08:25.399819,-13.54,5.12,33.28,0,1
2026-03-25 16:08:30.399819,-13.99,0.0,32.0,0,0
2026-03-25 16:08:35.399819,-13.43,5.07,39.19,0,1
2026-03-25 16:08:40.399819,-13.55,6.04,36.88,0,1
2026-03-25 16:08:45.399819,-12.99,10.27,48.57,1,2
2026-03-25 16:08:50.399819,-13.55,5.16,37.83,0,1
2026-03-25 16:08:55.399819,-13.16,8.79,37.28,1,2
2026-03-25 16:09:00.399819,-13.17,8.74,50.67,1,2
2026-03-25 16:09:05.399819,-13.61,6.64,34.42,0,1
2026-03-25 16:09:10.399819,-13.48,5.69,32.4,0,1
2026-03-25 16:09:15.399819,-13.65,0.0,32.0,0,0
2026-03-25 16:09:20.399819,-13.91,0.0,32.0,0,0
2026-03-25 16:09:25.399819,-12.83,10.3,41.4,1,2
2026-03-25 16:09:30.399819,-13.57,6.58,32.79,0,1
2026-03-25 16:09:35.399819,-13.15,9.7,51.39,1,2
2026-03-25 16:09:40.399819,-13.28,0.0,32.0,0,0
2026-03-25 16:09:45.399819,-13.63,7.8,38.31,0,1
2026-03-25 16:09:50.399819,-13.91,0.0,32.0,0,0
2026-03-25 16:09:55.399819,-13.31,0.0,32.0,0,0
2026-03-25 16:10:00.399819,-13.43,6.25,38.0,0,1
2026-03-25 16:10:05.399819,-13.25,9.32,50.67,1,2
2026-03-25 16:10:10.399819,-13.27,10.75,40.51,1,2
2026-03-25 16:10:15.399819,-13.04,8.86,46.12,1,2
2026-03-25 16:10:20.399819,-13.77,0.0,32.0,0,0
2026-03-25 16:10:25.399819,-13.02,9.88,35.37,1,2
2026-03-25 16:10:30.399819,-13.02,8.13,43.6,1,2
2026-03-25 16:10:35.399819,-13.32,0.0,32.0,0,0
2026-03-25 16:10:40.399819,-13.31,6.51,34.58,0,1
2026-03-25 16:10:45.399819,-13.32,7.22,39.02,0,1
2026-03-25 16:10:50.399819,-13.25,11.08,42.89,1,2
2026-03-25 16:10:55.399819,-13.45,0.0,32.0,0,0
2026-03-25 16:11:00.399819,-13.23,10.29,54.28,1,2
2026-03-25 16:11:05.399819,-13.52,0.0,32.0,0,0
2026-03-25 16:11:10.399819,-13.65,7.81,36.77,0,1
2026-03-25 16:11:15.399819,-13.6,0.0,32.0,0,0
2026-03-25 16:11:20.399819,-13.57,7.07,38.88,0,1
2026-03-25 16:11:25.399819,-12.77,8.74,40.74,1,2
2026-03-25 16:11:30.399819,-13.26,0.0,32.0,0,0
2026-03-25 16:11:35.399819,-13.83,0.0,32.0,0,0
2026-03-25 16:11:40.399819,-13.25,8.05,48.02,1,2
2026-03-25 16:11:45.399819,-12.86,9.73,38.75,1,2
2026-03-25 16:11:50.399819,-12.91,11.84,54.78,1,2
2026-03-25 16:11:55.399819,-13.27,11.06,46.92,1,2
2026-03-25 16:12:00.399819,-13.57,6.66,35.63,0,1
2026-03-25 16:12:05.399819,-13.4,0.0,32.0,0,0
2026-03-25 16:12:10.399819,-13.2,0.0,32.0,0,0
2026-03-25 16:12:15.399819,-13.81,0.0,32.0,0,0
2026-03-25 16:12:20.399819,-13.25,0.0,32.0,0,0
2026-03-25 16:12:25.399819,-12.94,10.13,37.4,1,2
2026-03-25 16:12:30.399819,-13.85,0.0,32.0,0,0
2026-03-25 16:12:35.399819,-13.44,0.0,32.0,0,0
2026-03-25 16:12:40.399819,-13.53,6.38,38.68,0,1
2026-03-25 16:12:45.399819,-13.77,0.0,32.0,0,0
2026-03-25 16:12:50.399819,-13.51,5.05,38.1,0,1
2026-03-25 16:12:55.399819,-13.23,9.42,49.16,1,2
2026-03-25 16:13:00.399819,-13.17,9.93,46.65,1,2
2026-03-25 16:13:05.399819,-13.46,6.85,33.66,0,1
2026-03-25 16:13:10.399819,-13.3,10.43,40.5,1,2
2026-03-25 16:13:15.399819,-13.26,10.28,47.2,1,2
2026-03-25 16:13:20.399819,-13.35,5.12,32.0,0,1
2026-03-25 16:13:25.399819,-12.93,11.53,44.56,1,2
2026-03-25 16:13:30.399819,-13.27,10.66,45.76,1,2
2026-03-25 16:13:35.399819,-13.22,0.0,32.0,0,0
2026-03-25 16:13:40.399819,-13.51,7.26,35.29,0,1
2026-03-25 16:13:45.399819,-13.1,0.0,32.0,0,0
2026-03-25 16:13:50.399819,-13.61,6.01,37.72,0,1
2026-03-25 16:13:55.399819,-13.57,7.8,30.76,0,1
2026-03-25 16:14:00.399819,-13.0,9.67,38.23,1,2
2026-03-25 16:14:05.399819,-13.15,8.66,52.98,1,2
2026-03-25 16:14:10.399819,-13.22,0.0,32.0,0,0
2026-03-25 16:14:15.399819,-12.86,9.74,53.25,1,2
2026-03-25 16:14:20.399819,-13.24,10.61,41.41,1,2
2026-03-25 16:14:25.399819,-13.81,0.0,32.0,0,0
2026-03-25 16:14:30.399819,-12.75,9.25,43.27,1,2
2026-03-25 16:14:35.399819,-13.28,9.65,39.03,1,2
2026-03-25 16:14:40.399819,-13.47,7.05,38.14,0,1
2026-03-25 16:14:45.399819,-13.45,5.25,31.72,0,1
2026-03-25 16:14:50.399819,-13.01,9.23,44.36,1,2
2026-03-25 16:14:55.399819,-13.08,0.0,32.0,0,0
2026-03-25 16:15:00.399819,-13.66,7.84,35.93,0,1
2026-03-25 16:15:05.399819,-13.02,0.0,32.0,0,0
2026-03-25 16:15:10.399819,-12.91,8.84,42.75,1,2
2026-03-25 16:15:15.399819,-13.41,7.27,35.84,0,1
2026-03-25 16:15:20.399819,-13.44,5.61,30.91,0,1
2026-03-25 16:15:25.399819,-13.18,8.34,42.43,1,2
2026-03-25 16:15:30.399819,-13.64,6.35,32.52,0,1
2026-03-25 16:15:35.399819,-13.82,0.0,32.0,0,0
2026-03-25 16:15:40.399819,-13.84,0.0,32.0,0,0
2026-03-25 16:15:45.399819,-13.23,11.02,48.53,1,2
2026-03-25 16:15:50.399819,-13.62,7.16,37.8,0,1
2026-03-25 16:15:55.399819,-13.37,6.98,36.63,0,1
2026-03-25 16:16:00.399819,-13.26,9.22,36.45,1,2
2026-03-25 16:16:05.399819,-13.22,0.0,32.0,0,0
2026-03-25 16:16:10.399819,-13.17,0.0,32.0,0,0
2026-03-25 16:16:15.399819,-12.74,10.78,42.9,1,2
2026-03-25 16:16:20.399819,-12.73,10.41,45.31,1,2
2026-03-25 16:16:25.399819,-13.14,8.7,54.53,1,2
2026-03-25 16:16:30.399819,-13.38,7.15,30.69,0,1
2026-03-25 16:16:35.399819,-12.94,9.14,54.96,1,2
2026-03-25 16:16:40.399819,-12.73,8.97,54.25,1,2
2026-03-25 16:16:45.399819,-13.86,0.0,32.0,0,0
2026-03-25 16:16:50.399819,-13.52,6.53,34.81,0,1
2026-03-25 16:16:55.399819,-13.07,9.05,54.28,1,2
2026-03-25 16:17:00.399819,-13.07,11.01,45.99,1,2
2026-03-25 16:17:05.399819,-13.64,7.72,30.67,0,1
2026-03-25 16:17:10.399819,-13.72,0.0,32.0,0,0
2026-03-25 16:17:15.399819,-12.97,9.71,40.53,1,2
2026-03-25 16:17:20.399819,-13.05,0.0,32.0,0,0
2026-03-25 16:17:25.399819,-13.4,6.94,37.38,0,1
2026-03-25 16:17:30.399819,-13.35,0.0,32.0,0,0
2026-03-25 16:17:35.399819,-12.97,10.39,39.66,1,2
2026-03-25 16:17:40.399819,-13.64,0.0,32.0,0,0
2026-03-25 16:17:45.399819,-13.33,5.32,39.53,0,1
2026-03-25 16:17:50.399819,-13.02,0.0,32.0,0,0
2026-03-25 16:17:55.399819,-13.26,8.45,49.46,1,2
2026-03-25 16:18:00.399819,-13.11,8.43,37.08,1,2
2026-03-25 16:18:05.399819,-13.13,10.86,36.46,1,2
2026-03-25 16:18:10.399819,-13.42,6.35,36.91,0,1
2026-03-25 16:18:15.399819,-13.83,0.0,32.0,0,0
2026-03-25 16:18:20.399819,-13.44,5.56,35.48,0,1
2026-03-25 16:18:25.399819,-13.58,6.5,30.0,0,1
2026-03-25 16:18:30.399819,-13.1,11.68,51.4,1,2
2026-03-25 16:18:35.399819,-13.27,0.0,32.0,0,0
2026-03-25 16:18:40.399819,-13.3,0.0,32.0,0,0
2026-03-25 16:18:45.399819,-13.47,6.67,35.47,0,1
2026-03-25 16:18:50.399819,-13.13,9.16,54.7,1,2
2026-03-25 16:18:55.399819,-12.84,11.22,36.88,1,2
2026-03-25 16:19:00.399819,-13.26,0.0,32.0,0,0
2026-03-25 16:19:05.399819,-13.31,0.0,32.0,0,0
2026-03-25 16:19:10.399819,-12.88,10.47,41.5,1,2
2026-03-25 16:19:15.399819,-13.79,0.0,32.0,0,0
2026-03-25 16:19:20.399819,-12.79,9.43,54.86,1,2
2026-03-25 16:19:25.399819,-13.38,0.0,32.0,0,0
2026-03-25 16:19:30.399819,-13.47,0.0,32.0,0,0
2026-03-25 16:19:35.399819,-13.68,0.0,32.0,0,0
2026-03-25 16:19:40.399819,-13.11,0.0,32.0,0,0
2026-03-25 16:19:45.399819,-13.64,7.43,36.05,0,1
2026-03-25 16:19:50.399819,-13.34,5.91,32.77,0,1
2026-03-25 16:19:55.399819,-12.88,8.4,40.65,1,2
2026-03-25 16:20:00.399819,-13.2,0.0,32.0,0,0
2026-03-25 16:20:05.399819,-13.4,0.0,32.0,0,0
2026-03-25 16:20:10.399819,-13.03,8.23,43.53,1,2
2026-03-25 16:20:15.399819,-13.43,0.0,32.0,0,0
2026-03-25 16:20:20.399819,-13.63,0.0,32.0,0,0
2026-03-25 16:20:25.399819,-13.66,6.75,36.32,0,1
2026-03-25 16:20:30.399819,-12.85,10.79,46.12,1,2
2026-03-25 16:20:35.399819,-13.95,0.0,32.0,0,0
2026-03-25 16:20:40.399819,-13.27,0.0,32.0,0,0
2026-03-25 16:20:45.399819,-12.71,11.84,51.45,1,2
2026-03-25 16:20:50.399819,-13.08,9.13,53.05,1,2
2026-03-25 16:20:55.399819,-12.92,9.87,50.07,1,2
2026-03-25 16:21:00.399819,-13.37,5.81,36.38,0,1
2026-03-25 16:21:05.399819,-13.09,0.0,32.0,0,0
2026-03-25 16:21:10.399819,-13.28,9.85,38.77,1,2
2026-03-25 16:21:15.399819,-13.71,0.0,32.0,0,0
2026-03-25 16:21:20.399819,-13.52,5.29,35.91,0,1
2026-03-25 16:21:25.399819,-13.48,5.34,33.89,0,1
2026-03-25 16:21:30.399819,-13.21,11.16,49.1,1,2
2026-03-25 16:21:35.399819,-12.78,10.07,41.15,1,2
2026-03-25 16:21:40.399819,-13.39,0.0,32.0,0,0
2026-03-25 16:21:45.399819,-13.17,10.02,50.66,1,2
2026-03-25 16:21:50.399819,-13.11,0.0,32.0,0,0
2026-03-25 16:21:55.399819,-13.09,0.0,32.0,0,0
2026-03-25 16:22:00.399819,-13.43,5.84,33.05,0,1
2026-03-25 16:22:05.399819,-13.67,7.02,34.87,0,1
2026-03-25 16:22:10.399819,-13.44,7.63,30.97,0,1
2026-03-25 16:22:15.399819,-13.01,9.99,46.94,1,2
2026-03-25 16:22:20.399819,-13.22,0.0,32.0,0,0
2026-03-25 16:22:25.399819,-13.56,0.0,32.0,0,0
2026-03-25 16:22:30.399819,-13.16,0.0,32.0,0,0
2026-03-25 16:22:35.399819,-13.33,7.89,33.51,0,1
2026-03-25 16:22:40.399819,-13.35,0.0,32.0,0,0
2026-03-25 16:22:45.399819,-13.07,0.0,32.0,0,0
2026-03-25 16:22:50.399819,-12.94,10.86,41.78,1,2
2026-03-25 16:22:55.399819,-13.77,0.0,32.0,0,0
2026-03-25 16:23:00.399819,-13.28,8.68,41.07,1,2
2026-03-25 16:23:05.399819,-12.8,11.44,36.23,1,2
2026-03-25 16:23:10.399819,-13.2,0.0,32.0,0,0
2026-03-25 16:23:15.399819,-13.25,8.74,40.83,1,2
2026-03-25 16:23:20.399819,-13.59,5.33,37.33,0,1
2026-03-25 16:23:25.399819,-12.94,10.35,54.76,1,2
2026-03-25 16:23:30.399819,-13.41,6.63,38.58,0,1
2026-03-25 16:23:35.399819,-13.35,6.86,38.58,0,1
2026-03-25 16:23:40.399819,-13.48,5.91,33.98,0,1
2026-03-25 16:23:45.399819,-13.48,6.05,32.98,0,1
2026-03-25 16:23:50.399819,-13.28,9.7,48.92,1,2
2026-03-25 16:23:55.399819,-13.68,7.06,33.65,0,1
2026-03-25 16:24:00.399819,-13.61,0.0,32.0,0,0
2026-03-25 16:24:05.399819,-13.73,0.0,32.0,0,0
2026-03-25 16:24:10.399819,-13.6,5.97,34.72,0,1
2026-03-25 16:24:15.399819,-13.15,9.05,35.09,1,2
2026-03-25 16:24:20.399819,-12.73,8.17,41.33,1,2
2026-03-25 16:24:25.399819,-13.34,0.0,32.0,0,0
2026-03-25 16:24:30.399819,-13.56,0.0,32.0,0,0
2026-03-25 16:24:35.399819,-13.29,8.71,52.59,1,2
2026-03-25 16:24:40.399819,-13.3,9.36,46.57,1,2
2026-03-25 16:24:45.399819,-12.84,10.75,42.04,1,2
2026-03-25 16:24:50.399819,-13.19,0.0,32.0,0,0
2026-03-25 16:24:55.399819,-13.98,0.0,32.0,0,0
2026-03-25 16:25:00.399819,-12.97,9.61,42.08,1,2
2026-03-25 16:25:05.399819,-13.66,0.0,32.0,0,0
2026-03-25 16:25:10.399819,-13.2,8.3,35.51,1,2
2026-03-25 16:25:15.399819,-13.1,0.0,32.0,0,0
2026-03-25 16:25:20.399819,-13.15,11.3,41.67,1,2
2026-03-25 16:25:25.399819,-13.09,0.0,32.0,0,0
2026-03-25 16:25:30.399819,-13.42,7.72,36.13,0,1
2026-03-25 16:25:35.399819,-12.73,9.33,37.55,1,2
2026-03-25 16:25:40.399819,-13.38,6.38,36.02,0,1
2026-03-25 16:25:45.399819,-12.73,9.26,39.62,1,2
2026-03-25 16:25:50.399819,-13.25,8.18,53.99,1,2
2026-03-25 16:25:55.399819,-13.42,6.22,35.59,0,1
2026-03-25 16:26:00.399819,-12.73,9.42,51.01,1,2
2026-03-25 16:26:05.399819,-13.63,0.0,32.0,0,0
2026-03-25 16:26:10.399819,-13.27,10.23,44.61,1,2
2026-03-25 16:26:15.399819,-13.13,11.9,43.12,1,2
2026-03-25 16:26:20.399819,-13.22,11.44,42.06,1,2
2026-03-25 16:26:25.399819,-13.19,0.0,32.0,0,0
2026-03-25 16:26:30.399819,-13.6,0.0,32.0,0,0
2026-03-25 16:26:35.399819,-13.65,6.2,35.53,0,1
2026-03-25 16:26:40.399819,-13.61,7.21,39.17,0,1
2026-03-25 16:26:45.399819,-13.82,0.0,32.0,0,0
2026-03-25 16:26:50.399819,-12.85,10.38,41.95,1,2
2026-03-25 16:26:55.399819,-13.37,0.0,32.0,0,0
2026-03-25 16:27:00.399819,-13.36,0.0,32.0,0,0
2026-03-25 16:27:05.399819,-13.36,6.06,39.25,0,1
2026-03-25 16:27:10.399819,-12.71,8.22,49.3,1,2
2026-03-25 16:27:15.399819,-12.76,10.17,39.17,1,2
2026-03-25 16:27:20.399819,-13.67,6.04,35.68,0,1
2026-03-25 16:27:25.399819,-13.46,7.82,30.92,0,1
2026-03-25 16:27:30.399819,-13.02,9.53,41.59,1,2
2026-03-25 16:27:35.399819,-13.6,5.55,37.36,0,1
2026-03-25 16:27:40.399819,-13.66,6.66,33.41,0,1
2026-03-25 16:27:45.399819,-13.65,7.27,31.75,0,1
2026-03-25 16:27:50.399819,-13.21,0.0,32.0,0,0
2026-03-25 16:27:55.399819,-13.37,5.52,34.75,0,1
2026-03-25 16:28:00.399819,-13.48,0.0,32.0,0,0
2026-03-25 16:28:05.399819,-13.0,0.0,32.0,0,0
2026-03-25 16:28:10.399819,-13.46,0.0,32.0,0,0
2026-03-25 16:28:15.399819,-13.95,0.0,32.0,0,0
2026-03-25 16:28:20.399819,-13.18,0.0,32.0,0,0
2026-03-25 16:28:25.399819,-13.51,5.96,37.63,0,1
2026-03-25 16:28:30.399819,-13.08,0.0,32.0,0,0
2026-03-25 16:28:35.399819,-13.82,0.0,32.0,0,0
2026-03-25 16:28:40.399819,-13.14,10.42,53.59,1,2
2026-03-25 16:28:45.399819,-13.41,0.0,32.0,0,0
2026-03-25 16:28:50.399819,-13.54,0.0,32.0,0,0
2026-03-25 16:28:55.399819,-13.49,6.14,36.71,0,1
2026-03-25 16:29:00.399819,-12.71,8.78,40.16,1,2
2026-03-25 16:29:05.399819,-13.01,11.46,54.14,1,2
2026-03-25 16:29:10.399819,-13.29,10.29,41.42,1,2
2026-03-25 16:29:15.399819,-13.85,0.0,32.0,0,0
2026-03-25 16:29:20.399819,-13.41,7.61,30.5,0,1
2026-03-25 16:29:25.399819,-13.06,0.0,32.0,0,0
2026-03-25 16:29:30.399819,-12.99,8.35,35.96,1,2
2026-03-25 16:29:35.399819,-13.16,0.0,32.0,0,0
2026-03-25 16:29:40.399819,-13.62,7.66,31.09,0,1
2026-03-25 16:29:45.399819,-13.7,0.0,32.0,0,0
2026-03-25 16:29:50.399819,-12.92,11.76,41.56,1,2
2026-03-25 16:29:55.399819,-12.9,10.2,47.0,1,2
2026-03-25 16:30:00.399819,-13.76,0.0,32.0,0,0
2026-03-25 16:30:05.399819,-13.84,0.0,32.0,0,0
2026-03-25 16:30:10.399819,-13.45,0.0,32.0,0,0
2026-03-25 16:30:15.399819,-13.17,0.0,32.0,0,0
2026-03-25 16:30:20.399819,-13.42,0.0,32.0,0,0
2026-03-25 16:30:25.399819,-13.22,10.27,39.33,1,2
2026-03-25 16:30:30.399819,-13.97,0.0,32.0,0,0
2026-03-25 16:30:35.399819,-13.47,0.0,32.0,0,0
2026-03-25 16:30:40.399819,-13.3,5.41,30.15,0,1
2026-03-25 16:30:45.399819,-13.18,9.16,52.42,1,2
2026-03-25 16:30:50.399819,-13.97,0.0,32.0,0,0
2026-03-25 16:30:55.399819,-13.64,0.0,32.0,0,0
2026-03-25 16:31:00.399819,-13.85,0.0,32.0,0,0
2026-03-25 16:31:05.399819,-13.47,0.0,32.0,0,0
2026-03-25 16:31:10.399819,-13.97,0.0,32.0,0,0
2026-03-25 16:31:15.399819,-13.29,0.0,32.0,0,0
2026-03-25 16:31:20.399819,-13.98,0.0,32.0,0,0
2026-03-25 16:31:25.399819,-13.25,10.64,39.07,1,2
2026-03-25 16:31:30.399819,-13.43,0.0,32.0,0,0
2026-03-25 16:31:35.399819,-13.88,0.0,32.0,0,0
2026-03-25 16:31:40.399819,-13.33,0.0,32.0,0,0
2026-03-25 16:31:45.399819,-13.49,0.0,32.0,0,0
2026-03-25 16:31:50.399819,-13.32,6.49,34.97,0,1
2026-03-25 16:31:55.399819,-13.42,7.11,34.88,0,1
2026-03-25 16:32:00.399819,-12.75,10.25,54.52,1,2
2026-03-25 16:32:05.399819,-13.3,6.17,37.83,0,1
2026-03-25 16:32:10.399819,-13.97,0.0,32.0,0,0
2026-03-25 16:32:15.399819,-13.67,0.0,32.0,0,0
2026-03-25 16:32:20.399819,-13.33,0.0,32.0,0,0
2026-03-25 16:32:25.399819,-13.21,9.23,53.97,1,2
2026-03-25 16:32:30.399819,-12.9,11.63,36.68,1,2
2026-03-25 16:32:35.399819,-13.18,0.0,32.0,0,0
2026-03-25 16:32:40.399819,-13.37,6.34,34.23,0,1
2026-03-25 16:32:45.399819,-12.92,10.93,50.81,1,2
2026-03-25 16:32:50.399819,-13.73,0.0,32.0,0,0
2026-03-25 16:32:55.399819,-13.03,0.0,32.0,0,0
2026-03-25 16:33:00.399819,-12.86,9.31,38.02,1,2
2026-03-25 16:33:05.399819,-13.19,10.68,42.07,1,2
2026-03-25 16:33:10.399819,-13.08,0.0,32.0,0,0
2026-03-25 16:33:15.399819,-13.34,5.06,32.35,0,1
2026-03-25 16:33:20.399819,-13.46,0.0,32.0,0,0
2026-03-25 16:33:25.399819,-13.13,8.72,50.81,1,2
2026-03-25 16:33:30.399819,-13.64,6.27,34.99,0,1
2026-03-25 16:33:35.399819,-13.49,5.62,35.23,0,1
2026-03-25 16:33:40.399819,-13.6,0.0,32.0,0,0
2026-03-25 16:33:45.399819,-13.25,9.13,45.63,1,2
2026-03-25 16:33:50.399819,-13.73,0.0,32.0,0,0
2026-03-25 16:33:55.399819,-12.79,11.1,50.19,1,2
2026-03-25 16:34:00.399819,-12.94,11.37,49.14,1,2
2026-03-25 16:34:05.399819,-13.78,0.0,32.0,0,0
2026-03-25 16:34:10.399819,-13.96,0.0,32.0,0,0
2026-03-25 16:34:15.399819,-13.52,6.26,34.51,0,1
2026-03-25 16:34:20.399819,-13.05,11.52,53.85,1,2
2026-03-25 16:34:25.399819,-12.95,11.13,53.36,1,2
2026-03-25 16:34:30.399819,-13.68,0.0,32.0,0,0
2026-03-25 16:34:35.399819,-13.53,0.0,32.0,0,0
2026-03-25 16:34:40.399819,-12.86,8.97,47.43,1,2
2026-03-25 16:34:45.399819,-12.99,10.16,43.83,1,2
2026-03-25 16:34:50.399819,-13.07,10.79,49.17,1,2
2026-03-25 16:34:55.399819,-13.37,6.43,37.89,0,1
2026-03-25 16:35:00.399819,-12.87,9.28,44.24,1,2
2026-03-25 16:35:05.399819,-13.65,6.05,31.46,0,1
2026-03-25 16:35:10.399819,-12.78,11.82,46.51,1,2
2026-03-25 16:35:15.399819,-13.21,10.37,51.68,1,2
2026-03-25 16:35:20.399819,-13.14,10.05,46.51,1,2
2026-03-25 16:35:25.399819,-12.97,11.22,42.16,1,2
2026-03-25 16:35:30.399819,-13.52,7.65,32.45,0,1
2026-03-25 16:35:35.399819,-12.8,11.04,50.57,1,2
2026-03-25 16:35:40.399819,-13.6,7.01,35.3,0,1
2026-03-25 16:35:45.399819,-12.72,11.24,47.96,1,2
2026-03-25 16:35:50.399819,-12.89,8.96,46.53,1,2
2026-03-25 16:35:55.399819,-13.36,5.39,34.43,0,1
2026-03-25 16:36:00.399819,-13.29,0.0,32.0,0,0
2026-03-25 16:36:05.399819,-13.8,0.0,32.0,0,0
2026-03-25 16:36:10.399819,-13.71,0.0,32.0,0,0
2026-03-25 16:36:15.399819,-12.81,10.47,49.76,1,2
2026-03-25 16:36:20.399819,-13.21,0.0,32.0,0,0
2026-03-25 16:36:25.399819,-13.3,9.85,45.2,1,2
2026-03-25 16:36:30.399819,-13.59,7.43,39.24,0,1
2026-03-25 16:36:35.399819,-13.61,7.21,36.2,0,1
2026-03-25 16:36:40.399819,-13.33,5.05,35.77,0,1
2026-03-25 16:36:45.399819,-13.3,7.86,38.57,0,1
2026-03-25 16:36:50.399819,-13.69,5.99,33.56,0,1
2026-03-25 16:36:55.399819,-13.64,0.0,32.0,0,0
2026-03-25 16:37:00.399819,-13.18,0.0,32.0,0,0
2026-03-25 16:37:05.399819,-13.11,10.86,40.06,1,2
2026-03-25 16:37:10.399819,-12.77,11.18,41.44,1,2
2026-03-25 16:37:15.399819,-13.38,6.03,35.5,0,1
2026-03-25 16:37:20.399819,-13.25,10.6,36.87,1,2
2026-03-25 16:37:25.399819,-12.72,9.75,35.42,1,2
2026-03-25 16:37:30.399819,-13.46,0.0,32.0,0,0
2026-03-25 16:37:35.399819,-13.11,8.1,35.69,1,2
2026-03-25 16:37:40.399819,-13.03,0.0,32.0,0,0
2026-03-25 16:37:45.399819,-13.59,5.68,35.97,0,1
2026-03-25 16:37:50.399819,-13.01,0.0,32.0,0,0
2026-03-25 16:37:55.399819,-13.64,0.0,32.0,0,0
2026-03-25 16:38:00.399819,-13.49,5.31,38.29,0,1
2026-03-25 16:38:05.399819,-13.0,9.25,48.09,1,2
2026-03-25 16:38:10.399819,-13.69,0.0,32.0,0,0
2026-03-25 16:38:15.399819,-13.17,11.71,43.45,1,2
2026-03-25 16:38:20.399819,-13.64,5.35,32.93,0,1
2026-03-25 16:38:25.399819,-13.13,0.0,32.0,0,0
2026-03-25 16:38:30.399819,-13.04,0.0,32.0,0,0
2026-03-25 16:38:35.399819,-13.59,6.57,38.17,0,1
2026-03-25 16:38:40.399819,-13.37,6.08,30.52,0,1
2026-03-25 16:38:45.399819,-13.05,0.0,32.0,0,0
2026-03-25 16:38:50.399819,-13.51,7.66,30.91,0,1
2026-03-25 16:38:55.399819,-12.73,8.41,50.32,1,2
2026-03-25 16:39:00.399819,-13.59,6.9,37.55,0,1
2026-03-25 16:39:05.399819,-13.63,7.25,34.26,0,1
2026-03-25 16:39:10.399819,-12.77,11.14,38.47,1,2
2026-03-25 16:39:15.399819,-13.05,0.0,32.0,0,0
2026-03-25 16:39:20.399819,-13.34,0.0,32.0,0,0
2026-03-25 16:39:25.399819,-12.97,8.56,49.8,1,2
2026-03-25 16:39:30.399819,-13.81,0.0,32.0,0,0
2026-03-25 16:39:35.399819,-13.47,0.0,32.0,0,0
2026-03-25 16:39:40.399819,-13.08,9.48,44.1,1,2
2026-03-25 16:39:45.399819,-13.35,0.0,32.0,0,0
2026-03-25 16:39:50.399819,-13.62,5.38,37.23,0,1
2026-03-25 16:39:55.399819,-13.54,7.31,36.85,0,1
2026-03-25 16:40:00.399819,-13.93,0.0,32.0,0,0
2026-03-25 16:40:05.399819,-12.99,11.79,53.54,1,2
2026-03-25 16:40:10.399819,-13.32,6.32,37.43,0,1
2026-03-25 16:40:15.399819,-13.48,7.2,32.58,0,1
2026-03-25 16:40:20.399819,-13.83,0.0,32.0,0,0
2026-03-25 16:40:25.399819,-13.64,0.0,32.0,0,0
2026-03-25 16:40:30.399819,-12.8,11.99,39.14,1,2
2026-03-25 16:40:35.399819,-12.89,10.45,39.69,1,2
2026-03-25 16:40:40.399819,-13.38,5.75,35.53,0,1
2026-03-25 16:40:45.399819,-13.2,11.14,53.26,1,2
2026-03-25 16:40:50.399819,-13.41,6.23,30.53,0,1
2026-03-25 16:40:55.399819,-13.31,0.0,32.0,0,0
2026-03-25 16:41:00.399819,-13.79,0.0,32.0,0,0
2026-03-25 16:41:05.399819,-13.42,0.0,32.0,0,0
2026-03-25 16:41:10.399819,-13.41,0.0,32.0,0,0
2026-03-25 16:41:15.399819,-13.73,0.0,32.0,0,0
2026-03-25 16:41:20.399819,-13.53,0.0,32.0,0,0
2026-03-25 16:41:25.399819,-13.57,6.93,35.09,0,1
2026-03-25 16:41:30.399819,-13.22,9.4,50.74,1,2
2026-03-25 16:41:35.399819,-13.6,6.46,31.7,0,1
2026-03-25 16:41:40.399819,-12.76,11.18,47.01,1,2
2026-03-25 16:41:45.399819,-13.59,5.21,38.26,0,1
2026-03-25 16:41:50.399819,-13.11,0.0,32.0,0,0
2026-03-25 16:41:55.399819,-13.53,6.34,30.19,0,1
2026-03-25 16:42:00.399819,-12.94,8.44,42.42,1,2
2026-03-25 16:42:05.399819,-13.1,9.13,46.58,1,2
2026-03-25 16:42:10.399819,-13.31,5.93,31.9,0,1
2026-03-25 16:42:15.399819,-13.54,5.07,37.05,0,1
2026-03-25 16:42:20.399819,-12.79,11.45,51.94,1,2
2026-03-25 16:42:25.399819,-13.21,0.0,32.0,0,0
2026-03-25 16:42:30.399819,-13.35,5.6,30.59,0,1
2026-03-25 16:42:35.399819,-13.49,0.0,32.0,0,0
2026-03-25 16:42:40.399819,-12.9,11.37,40.35,1,2
2026-03-25 16:42:45.399819,-13.58,6.77,38.25,0,1
2026-03-25 16:42:50.399819,-13.09,0.0,32.0,0,0
2026-03-25 16:42:55.399819,-13.35,7.85,31.69,0,1
2026-03-25 16:43:00.399819,-13.49,5.29,32.09,0,1
2026-03-25 16:43:05.399819,-12.82,10.81,43.87,1,2
2026-03-25 16:43:10.399819,-13.71,0.0,32.0,0,0
2026-03-25 16:43:15.399819,-12.86,10.21,45.98,1,2
2026-03-25 16:43:20.399819,-13.45,0.0,32.0,0,0
2026-03-25 16:43:25.399819,-13.04,0.0,32.0,0,0
2026-03-25 16:43:30.399819,-13.41,0.0,32.0,0,0
2026-03-25 16:43:35.399819,-13.52,5.66,30.62,0,1
2026-03-25 16:43:40.399819,-13.06,10.5,40.9,1,2
2026-03-25 16:43:45.399819,-12.83,10.12,50.33,1,2
2026-03-25 16:43:50.399819,-13.69,5.16,37.57,0,1
2026-03-25 16:43:55.399819,-13.19,0.0,32.0,0,0
2026-03-25 16:44:00.399819,-13.12,0.0,32.0,0,0
2026-03-25 16:44:05.399819,-12.73,9.63,48.43,1,2
2026-03-25 16:44:10.399819,-13.09,8.82,52.42,1,2
2026-03-25 16:44:15.399819,-13.71,0.0,32.0,0,0
2026-03-25 16:44:20.399819,-13.25,0.0,32.0,0,0
2026-03-25 16:44:25.399819,-13.24,9.19,51.53,1,2
2026-03-25 16:44:30.399819,-13.63,6.24,30.88,0,1
2026-03-25 16:44:35.399819,-13.42,5.33,38.81,0,1
2026-03-25 16:44:40.399819,-13.23,0.0,32.0,0,0
2026-03-25 16:44:45.399819,-13.36,0.0,32.0,0,0
2026-03-25 16:44:50.399819,-12.79,10.76,54.2,1,2
2026-03-25 16:44:55.399819,-13.38,0.0,32.0,0,0
2026-03-25 16:45:00.399819,-12.74,8.43,40.61,1,2
2026-03-25 16:45:05.399819,-12.99,9.77,42.96,1,2
2026-03-25 16:45:10.399819,-13.52,5.17,36.73,0,1
2026-03-25 16:45:15.399819,-13.69,6.58,36.76,0,1
2026-03-25 16:45:20.399819,-13.64,0.0,32.0,0,0
2026-03-25 16:45:25.399819,-13.32,0.0,32.0,0,0
2026-03-25 16:45:30.399819,-13.53,5.03,34.67,0,1
2026-03-25 16:45:35.399819,-13.04,10.73,50.81,1,2
2026-03-25 16:45:40.399819,-13.35,0.0,32.0,0,0
2026-03-25 16:45:45.399819,-13.38,7.64,36.59,0,1
2026-03-25 16:45:50.399819,-13.41,0.0,32.0,0,0
2026-03-25 16:45:55.399819,-13.54,7.18,37.84,0,1
2026-03-25 16:46:00.399819,-13.54,6.22,35.61,0,1
2026-03-25 16:46:05.399819,-13.44,5.49,38.25,0,1
2026-03-25 16:46:10.399819,-13.33,6.94,38.71,0,1
2026-03-25 16:46:15.399819,-13.01,0.0,32.0,0,0
2026-03-25 16:46:20.399819,-13.04,8.65,40.53,1,2
2026-03-25 16:46:25.399819,-13.48,7.08,32.9,0,1
2026-03-25 16:46:30.399819,-12.83,10.23,50.9,1,2
2026-03-25 16:46:35.399819,-13.14,10.98,52.64,1,2
2026-03-25 16:46:40.399819,-13.51,7.51,32.69,0,1
2026-03-25 16:46:45.399819,-13.26,11.41,46.01,1,2
2026-03-25 16:46:50.399819,-13.81,0.0,32.0,0,0
2026-03-25 16:46:55.399819,-13.14,10.59,45.3,1,2
2026-03-25 16:47:00.399819,-12.95,10.61,51.7,1,2
2026-03-25 16:47:05.399819,-13.63,5.02,33.61,0,1
2026-03-25 16:47:10.399819,-13.21,0.0,32.0,0,0
2026-03-25 16:47:15.399819,-13.15,8.33,39.18,1,2
2026-03-25 16:47:20.399819,-13.3,7.66,36.45,0,1
2026-03-25 16:47:25.399819,-13.1,0.0,32.0,0,0
2026-03-25 16:47:30.399819,-13.35,5.13,37.37,0,1
2026-03-25 16:47:35.399819,-13.49,0.0,32.0,0,0
2026-03-25 16:47:40.399819,-13.45,7.15,35.39,0,1
2026-03-25 16:47:45.399819,-13.24,10.02,42.72,1,2
2026-03-25 16:47:50.399819,-13.54,0.0,32.0,0,0
2026-03-25 16:47:55.399819,-13.18,0.0,32.0,0,0
2026-03-25 16:48:00.399819,-13.45,5.83,32.35,0,1
2026-03-25 16:48:05.399819,-12.92,10.22,39.81,1,2
2026-03-25 16:48:10.399819,-13.9,0.0,32.0,0,0
2026-03-25 16:48:15.399819,-13.32,0.0,32.0,0,0
2026-03-25 16:48:20.399819,-13.23,11.98,43.52,1,2
2026-03-25 16:48:25.399819,-12.74,9.49,36.67,1,2
2026-03-25 16:48:30.399819,-13.25,10.9,41.54,1,2
2026-03-25 16:48:35.399819,-13.37,7.02,36.61,0,1
2026-03-25 16:48:40.399819,-13.63,7.76,34.9,0,1
2026-03-25 16:48:45.399819,-13.65,7.2,30.65,0,1
2026-03-25 16:48:50.399819,-13.46,0.0,32.0,0,0
2026-03-25 16:48:55.399819,-13.63,0.0,32.0,0,0
2026-03-25 16:49:00.399819,-13.01,8.99,53.94,1,2
2026-03-25 16:49:05.399819,-13.68,7.99,35.68,0,1
2026-03-25 16:49:10.399819,-13.46,5.9,31.61,0,1
2026-03-25 16:49:15.399819,-13.08,10.92,46.69,1,2
2026-03-25 16:49:20.399819,-12.74,11.92,48.58,1,2
2026-03-25 16:49:25.399819,-13.04,9.59,51.27,1,2
2026-03-25 16:49:30.399819,-13.69,5.09,39.08,0,1
2026-03-25 16:49:35.399819,-13.4,5.58,33.09,0,1
2026-03-25 16:49:40.399819,-13.38,6.71,35.24,0,1
2026-03-25 16:49:45.399819,-12.92,8.67,49.48,1,2
2026-03-25 16:49:50.399819,-13.09,10.01,52.22,1,2
2026-03-25 16:49:55.399819,-13.32,6.65,31.43,0,1
2026-03-25 16:50:00.399819,-13.96,0.0,32.0,0,0
2026-03-25 16:50:05.399819,-13.47,0.0,32.0,0,0
2026-03-25 16:50:10.399819,-13.56,5.92,35.76,0,1
2026-03-25 16:50:15.399819,-13.55,6.8,33.57,0,1
2026-03-25 16:50:20.399819,-12.81,10.43,48.98,1,2
2026-03-25 16:50:25.399819,-13.38,5.7,37.96,0,1
2026-03-25 16:50:30.399819,-13.26,8.52,39.1,1,2
2026-03-25 16:50:35.399819,-13.88,0.0,32.0,0,0
2026-03-25 16:50:40.399819,-13.51,7.17,32.72,0,1
2026-03-25 16:50:45.399819,-13.47,0.0,32.0,0,0
2026-03-25 16:50:50.399819,-13.64,7.96,39.27,0,1
2026-03-25 16:50:55.399819,-13.66,7.79,35.99,0,1
2026-03-25 16:51:00.399819,-12.73,8.6,54.5,1,2
2026-03-25 16:51:05.399819,-13.42,0.0,32.0,0,0
2026-03-25 16:51:10.399819,-12.84,9.15,36.13,1,2
2026-03-25 16:51:15.399819,-13.54,0.0,32.0,0,0
2026-03-25 16:51:20.399819,-13.14,0.0,32.0,0,0
2026-03-25 16:51:25.399819,-13.37,0.0,32.0,0,0
2026-03-25 16:51:30.399819,-13.3,7.85,34.96,0,1
2026-03-25 16:51:35.399819,-12.71,9.58,53.0,1,2
2026-03-25 16:51:40.399819,-13.14,0.0,32.0,0,0
2026-03-25 16:51:45.399819,-13.69,7.52,30.37,0,1
2026-03-25 16:51:50.399819,-13.17,0.0,32.0,0,0
2026-03-25 16:51:55.399819,-13.49,0.0,32.0,0,0
2026-03-25 16:52:00.399819,-13.76,0.0,32.0,0,0
2026-03-25 16:52:05.399819,-13.56,5.41,38.39,0,1
2026-03-25 16:52:10.399819,-13.78,0.0,32.0,0,0
2026-03-25 16:52:15.399819,-13.77,0.0,32.0,0,0
2026-03-25 16:52:20.399819,-13.58,0.0,32.0,0,0
2026-03-25 16:52:25.399819,-12.74,9.4,47.14,1,2
2026-03-25 16:52:30.399819,-13.1,0.0,32.0,0,0
2026-03-25 16:52:35.399819,-13.24,0.0,32.0,0,0
2026-03-25 16:52:40.399819,-12.95,8.03,41.28,1,2
2026-03-25 16:52:45.399819,-13.02,0.0,32.0,0,0
2026-03-25 16:52:50.399819,-13.32,5.14,33.49,0,1
2026-03-25 16:52:55.399819,-12.92,8.96,41.57,1,2
2026-03-25 16:53:00.399819,-13.97,0.0,32.0,0,0
2026-03-25 16:53:05.399819,-13.22,0.0,32.0,0,0
2026-03-25 16:53:10.399819,-12.91,11.78,38.32,1,2
2026-03-25 16:53:15.399819,-13.08,10.21,48.43,1,2
2026-03-25 16:53:20.399819,-13.32,5.06,31.0,0,1
2026-03-25 16:53:25.399819,-13.49,7.92,34.04,0,1
2026-03-25 16:53:30.399819,-13.47,6.83,30.83,0,1
2026-03-25 16:53:35.399819,-13.22,0.0,32.0,0,0
2026-03-25 16:53:40.399819,-13.13,0.0,32.0,0,0
2026-03-25 16:53:45.399819,-12.75,9.38,39.22,1,2
2026-03-25 16:53:50.399819,-13.51,5.4,39.64,0,1
2026-03-25 16:53:55.399819,-13.42,0.0,32.0,0,0
2026-03-25 16:54:00.399819,-13.15,0.0,32.0,0,0
2026-03-25 16:54:05.399819,-13.42,6.13,39.15,0,1
2026-03-25 16:54:10.399819,-13.25,0.0,32.0,0,0
2026-03-25 16:54:15.399819,-13.54,5.67,33.62,0,1
2026-03-25 16:54:20.399819,-12.9,8.25,36.78,1,2
2026-03-25 16:54:25.399819,-13.1,10.33,44.14,1,2
2026-03-25 16:54:30.399819,-13.52,0.0,32.0,0,0
2026-03-25 16:54:35.399819,-13.53,6.92,35.41,0,1
2026-03-25 16:54:40.399819,-13.2,8.06,46.16,1,2
2026-03-25 16:54:45.399819,-13.47,6.46,36.48,0,1
2026-03-25 16:54:50.399819,-13.68,0.0,32.0,0,0
2026-03-25 16:54:55.399819,-13.8,0.0,32.0,0,0
2026-03-25 16:55:00.399819,-13.33,5.24,37.39,0,1
2026-03-25 16:55:05.399819,-13.68,0.0,32.0,0,0
2026-03-25 16:55:10.399819,-13.15,10.12,39.77,1,2
2026-03-25 16:55:15.399819,-13.11,10.65,39.53,1,2
2026-03-25 16:55:20.399819,-13.67,7.99,30.34,0,1
2026-03-25 16:55:25.399819,-13.37,7.81,33.73,0,1
2026-03-25 16:55:30.399819,-13.63,0.0,32.0,0,0
2026-03-25 16:55:35.399819,-13.25,9.13,54.18,1,2
2026-03-25 16:55:40.399819,-13.69,5.88,33.75,0,1
2026-03-25 16:55:45.399819,-13.63,6.52,35.39,0,1
2026-03-25 16:55:50.399819,-13.1,10.63,43.91,1,2
2026-03-25 16:55:55.399819,-13.64,7.1,36.15,0,1
2026-03-25 16:56:00.399819,-13.21,8.51,48.15,1,2
2026-03-25 16:56:05.399819,-13.44,0.0,32.0,0,0
2026-03-25 16:56:10.399819,-13.83,0.0,32.0,0,0
2026-03-25 16:56:15.399819,-13.54,5.84,34.47,0,1
2026-03-25 16:56:20.399819,-13.18,8.77,39.81,1,2
2026-03-25 16:56:25.399819,-12.87,9.35,40.71,1,2
2026-03-25 16:56:30.399819,-13.14,0.0,32.0,0,0
2026-03-25 16:56:35.399819,-13.68,0.0,32.0,0,0
2026-03-25 16:56:40.399819,-12.78,9.62,48.86,1,2
2026-03-25 16:56:45.399819,-12.75,10.32,44.93,1,2
2026-03-25 16:56:50.399819,-12.77,11.11,48.24,1,2
2026-03-25 16:56:55.399819,-13.56,0.0,32.0,0,0
2026-03-25 16:57:00.399819,-13.3,0.0,32.0,0,0
2026-03-25 16:57:05.399819,-13.06,0.0,32.0,0,0
2026-03-25 16:57:10.399819,-13.68,5.26,32.03,0,1
2026-03-25 16:57:15.399819,-13.03,10.18,41.37,1,2
2026-03-25 16:57:20.399819,-12.79,10.18,43.5,1,2
2026-03-25 16:57:25.399819,-13.4,7.54,33.37,0,1
2026-03-25 16:57:30.399819,-13.36,7.36,31.22,0,1
2026-03-25 16:57:35.399819,-13.49,6.28,30.13,0,1
2026-03-25 16:57:40.399819,-13.72,0.0,32.0,0,0
2026-03-25 16:57:45.399819,-13.72,0.0,32.0,0,0
2026-03-25 16:57:50.399819,-13.47,7.61,39.84,0,1
2026-03-25 16:57:55.399819,-13.47,6.19,35.18,0,1
2026-03-25 16:58:00.399819,-13.43,6.65,38.3,0,1
2026-03-25 16:58:05.399819,-13.11,9.51,45.99,1,2
2026-03-25 16:58:10.399819,-13.72,0.0,32.0,0,0
2026-03-25 16:58:15.399819,-13.01,11.9,48.2,1,2
2026-03-25 16:58:20.399819,-13.62,5.72,32.66,0,1
2026-03-25 16:58:25.399819,-13.5,0.0,32.0,0,0
2026-03-25 16:58:30.399819,-12.86,10.31,48.58,1,2
2026-03-25 16:58:35.399819,-13.96,0.0,32.0,0,0
2026-03-25 16:58:40.399819,-13.49,0.0,32.0,0,0
2026-03-25 16:58:45.399819,-13.6,6.87,35.24,0,1
2026-03-25 16:58:50.399819,-13.26,9.64,43.48,1,2
2026-03-25 16:58:55.399819,-13.66,7.22,32.92,0,1
2026-03-25 16:59:00.399819,-13.25,0.0,32.0,0,0
2026-03-25 16:59:05.399819,-12.89,9.42,49.52,1,2
2026-03-25 16:59:10.399819,-13.68,0.0,32.0,0,0
2026-03-25 16:59:15.399819,-13.45,6.88,37.31,0,1
2026-03-25 16:59:20.399819,-12.72,9.11,54.67,1,2
2026-03-25 16:59:25.399819,-13.48,5.86,35.25,0,1
2026-03-25 16:59:30.399819,-13.78,0.0,32.0,0,0
2026-03-25 16:59:35.399819,-13.63,7.11,33.52,0,1
2026-03-25 16:59:40.399819,-13.97,0.0,32.0,0,0
2026-03-25 16:59:45.399819,-13.91,0.0,32.0,0,0
2026-03-25 16:59:50.399819,-13.2,10.74,40.54,1,2
2026-03-25 16:59:55.399819,-13.88,0.0,32.0,0,0
2026-03-25 17:00:00.399819,-13.15,8.1,46.45,1,2
2026-03-25 17:00:05.399819,-12.79,10.09,49.57,1,2
2026-03-25 17:00:10.399819,-13.76,0.0,32.0,0,0
2026-03-25 17:00:15.399819,-12.8,11.63,43.27,1,2
2026-03-25 17:00:20.399819,-13.14,10.77,42.62,1,2
2026-03-25 17:00:25.399819,-13.18,10.08,40.56,1,2
2026-03-25 17:00:30.399819,-13.2,0.0,32.0,0,0
2026-03-25 17:00:35.399819,-13.76,0.0,32.0,0,0
2026-03-25 17:00:40.399819,-12.74,11.5,46.01,1,2
2026-03-25 17:00:45.399819,-13.24,10.3,36.69,1,2
2026-03-25 17:00:50.399819,-12.76,9.4,42.73,1,2
2026-03-25 17:00:55.399819,-13.23,8.28,53.51,1,2
2026-03-25 17:01:00.399819,-13.49,7.22,37.59,0,1
2026-03-25 17:01:05.399819,-13.63,7.06,33.98,0,1
2026-03-25 17:01:10.399819,-13.01,0.0,32.0,0,0
2026-03-25 17:01:15.399819,-13.36,5.65,32.31,0,1
2026-03-25 17:01:20.399819,-13.37,0.0,32.0,0,0
2026-03-25 17:01:25.399819,-13.28,0.0,32.0,0,0
2026-03-25 17:01:30.399819,-13.68,6.35,35.66,0,1
2026-03-25 17:01:35.399819,-12.97,8.44,38.6,1,2
2026-03-25 17:01:40.399819,-13.05,11.83,42.19,1,2
2026-03-25 17:01:45.399819,-13.34,7.91,30.61,0,1
2026-03-25 17:01:50.399819,-13.46,7.46,30.24,0,1
2026-03-25 17:01:55.399819,-13.06,0.0,32.0,0,0
2026-03-25 17:02:00.399819,-13.66,7.7,31.62,0,1
2026-03-25 17:02:05.399819,-13.13,8.26,52.84,1,2
2026-03-25 17:02:10.399819,-12.96,10.32,46.17,1,2
2026-03-25 17:02:15.399819,-13.64,7.9,33.64,0,1
2026-03-25 17:02:20.399819,-13.26,0.0,32.0,0,0
2026-03-25 17:02:25.399819,-13.69,7.68,33.93,0,1
2026-03-25 17:02:30.399819,-13.61,0.0,32.0,0,0
2026-03-25 17:02:35.399819,-13.56,7.77,30.93,0,1
2026-03-25 17:02:40.399819,-13.55,6.4,31.98,0,1
2026-03-25 17:02:45.399819,-13.92,0.0,32.0,0,0
2026-03-25 17:02:50.399819,-13.57,6.86,31.23,0,1
2026-03-25 17:02:55.399819,-12.84,11.94,53.0,1,2
2026-03-25 17:03:00.399819,-13.3,10.24,46.33,1,2
2026-03-25 17:03:05.399819,-13.62,5.64,36.07,0,1
2026-03-25 17:03:10.399819,-13.66,0.0,32.0,0,0
2026-03-25 17:03:15.399819,-13.0,8.96,50.1,1,2
2026-03-25 17:03:20.399819,-13.64,0.0,32.0,0,0
2026-03-25 17:03:25.399819,-13.56,7.93,33.04,0,1
2026-03-25 17:03:30.399819,-13.49,7.36,39.45,0,1
2026-03-25 17:03:35.399819,-13.12,0.0,32.0,0,0
2026-03-25 17:03:40.399819,-13.31,5.83,36.73,0,1
2026-03-25 17:03:45.399819,-13.45,0.0,32.0,0,0
2026-03-25 17:03:50.399819,-13.02,0.0,32.0,0,0
2026-03-25 17:03:55.399819,-13.41,5.22,36.61,0,1
2026-03-25 17:04:00.399819,-13.01,9.77,54.73,1,2
2026-03-25 17:04:05.399819,-13.54,7.62,30.48,0,1
2026-03-25 17:04:10.399819,-13.1,10.13,53.2,1,2
2026-03-25 17:04:15.399819,-13.0,11.63,52.84,1,2
2026-03-25 17:04:20.399819,-13.3,6.32,31.85,0,1
2026-03-25 17:04:25.399819,-13.76,0.0,32.0,0,0
2026-03-25 17:04:30.399819,-13.67,7.52,35.18,0,1
2026-03-25 17:04:35.399819,-12.96,10.09,35.84,1,2
2026-03-25 17:04:40.399819,-12.99,10.71,41.82,1,2
2026-03-25 17:04:45.399819,-13.3,0.0,32.0,0,0
2026-03-25 17:04:50.399819,-13.12,0.0,32.0,0,0
2026-03-25 17:04:55.399819,-13.35,5.97,38.69,0,1
2026-03-25 17:05:00.399819,-13.2,8.29,36.31,1,2
2026-03-25 17:05:05.399819,-13.02,0.0,32.0,0,0
2026-03-25 17:05:10.399819,-13.52,5.98,38.13,0,1
2026-03-25 17:05:15.399819,-13.3,9.17,54.83,1,2
2026-03-25 17:05:20.399819,-13.46,5.14,34.52,0,1
2026-03-25 17:05:25.399819,-13.64,5.08,37.17,0,1
2026-03-25 17:05:30.399819,-13.08,0.0,32.0,0,0
2026-03-25 17:05:35.399819,-13.56,5.52,38.2,0,1
2026-03-25 17:05:40.399819,-12.98,8.14,47.66,1,2
2026-03-25 17:05:45.399819,-12.9,8.66,42.83,1,2
2026-03-25 17:05:50.399819,-13.34,5.37,30.5,0,1
2026-03-25 17:05:55.399819,-13.42,5.94,31.11,0,1
2026-03-25 17:06:00.399819,-13.09,0.0,32.0,0,0
2026-03-25 17:06:05.399819,-12.88,11.81,42.98,1,2
2026-03-25 17:06:10.399819,-12.7,8.36,52.13,1,2
2026-03-25 17:06:15.399819,-13.2,0.0,32.0,0,0
2026-03-25 17:06:20.399819,-13.42,6.26,38.79,0,1
2026-03-25 17:06:25.399819,-13.53,5.33,36.96,0,1
2026-03-25 17:06:30.399819,-13.66,0.0,32.0,0,0
2026-03-25 17:06:35.399819,-13.7,0.0,32.0,0,0
2026-03-25 17:06:40.399819,-13.4,5.76,39.16,0,1
2026-03-25 17:06:45.399819,-12.85,11.53,50.53,1,2
2026-03-25 17:06:50.399819,-13.34,6.06,33.02,0,1
2026-03-25 17:06:55.399819,-13.27,0.0,32.0,0,0
2026-03-25 17:07:00.399819,-12.96,11.62,39.44,1,2
2026-03-25 17:07:05.399819,-13.66,6.46,37.42,0,1
2026-03-25 17:07:10.399819,-13.27,0.0,32.0,0,0
2026-03-25 17:07:15.399819,-13.49,0.0,32.0,0,0
2026-03-25 17:07:20.399819,-13.96,0.0,32.0,0,0
2026-03-25 17:07:25.399819,-13.34,6.92,33.54,0,1
2026-03-25 17:07:30.399819,-13.61,5.65,32.68,0,1
2026-03-25 17:07:35.399819,-13.25,8.49,52.34,1,2
2026-03-25 17:07:40.399819,-12.74,9.78,54.79,1,2
2026-03-25 17:07:45.399819,-13.37,0.0,32.0,0,0
2026-03-25 17:07:50.399819,-13.76,0.0,32.0,0,0
2026-03-25 17:07:55.399819,-13.31,5.54,32.33,0,1
2026-03-25 17:08:00.399819,-13.42,6.27,32.54,0,1
2026-03-25 17:08:05.399819,-13.94,0.0,32.0,0,0
2026-03-25 17:08:10.399819,-12.73,10.05,43.65,1,2
2026-03-25 17:08:15.399819,-13.6,0.0,32.0,0,0
2026-03-25 17:08:20.399819,-13.11,11.81,41.37,1,2
2026-03-25 17:08:25.399819,-13.39,6.5,35.84,0,1
2026-03-25 17:08:30.399819,-12.81,9.22,54.99,1,2
2026-03-25 17:08:35.399819,-13.65,5.59,36.66,0,1
2026-03-25 17:08:40.399819,-13.31,7.41,34.23,0,1
2026-03-25 17:08:45.399819,-13.25,10.92,40.66,1,2
2026-03-25 17:08:50.399819,-13.09,11.56,36.47,1,2
2026-03-25 17:08:55.399819,-13.31,0.0,32.0,0,0
2026-03-25 17:09:00.399819,-13.6,5.83,35.84,0,1
2026-03-25 17:09:05.399819,-13.55,0.0,32.0,0,0
2026-03-25 17:09:10.399819,-13.55,6.79,36.13,0,1
2026-03-25 17:09:15.399819,-13.85,0.0,32.0,0,0
2026-03-25 17:09:20.399819,-13.28,10.55,47.3,1,2
2026-03-25 17:09:25.399819,-12.98,10.74,50.39,1,2
2026-03-25 17:09:30.399819,-13.67,5.64,38.7,0,1
2026-03-25 17:09:35.399819,-13.41,5.96,36.74,0,1
2026-03-25 17:09:40.399819,-13.04,8.54,47.88,1,2
2026-03-25 17:09:45.399819,-13.22,11.42,37.59,1,2
2026-03-25 17:09:50.399819,-13.27,9.04,44.2,1,2
2026-03-25 17:09:55.399819,-13.59,0.0,32.0,0,0
2026-03-25 17:10:00.399819,-13.0,10.68,50.07,1,2
2026-03-25 17:10:05.399819,-12.8,11.38,37.31,1,2
2026-03-25 17:10:10.399819,-13.95,0.0,32.0,0,0
2026-03-25 17:10:15.399819,-13.12,9.08,41.13,1,2
2026-03-25 17:10:20.399819,-13.37,7.98,39.05,0,1
2026-03-25 17:10:25.399819,-13.62,5.04,31.42,0,1
2026-03-25 17:10:30.399819,-12.74,8.01,51.8,1,2
2026-03-25 17:10:35.399819,-13.35,7.91,38.78,0,1
2026-03-25 17:10:40.399819,-13.08,8.63,42.91,1,2
2026-03-25 17:10:45.399819,-13.38,0.0,32.0,0,0
2026-03-25 17:10:50.399819,-13.49,5.76,39.3,0,1
2026-03-25 17:10:55.399819,-13.53,0.0,32.0,0,0
2026-03-25 17:11:00.399819,-13.06,9.43,47.15,1,2
2026-03-25 17:11:05.399819,-13.49,0.0,32.0,0,0
2026-03-25 17:11:10.399819,-13.18,9.18,46.41,1,2
2026-03-25 17:11:15.399819,-13.63,6.28,31.08,0,1
2026-03-25 17:11:20.399819,-13.39,6.18,39.09,0,1
2026-03-25 17:11:25.399819,-13.55,0.0,32.0,0,0
2026-03-25 17:11:30.399819,-13.5,6.86,34.39,0,1
2026-03-25 17:11:35.399819,-13.63,5.24,34.85,0,1
2026-03-25 17:11:40.399819,-13.03,0.0,32.0,0,0
2026-03-25 17:11:45.399819,-13.49,7.97,30.13,0,1
2026-03-25 17:11:50.399819,-13.04,11.35,41.76,1,2
2026-03-25 17:11:55.399819,-13.41,5.27,36.5,0,1
2026-03-25 17:12:00.399819,-13.5,7.45,39.69,0,1
2026-03-25 17:12:05.399819,-13.16,8.76,40.44,1,2
2026-03-25 17:12:10.399819,-13.93,0.0,32.0,0,0
2026-03-25 17:12:15.399819,-13.95,0.0,32.0,0,0
2026-03-25 17:12:20.399819,-13.62,0.0,32.0,0,0
2026-03-25 17:12:25.399819,-13.46,0.0,32.0,0,0
2026-03-25 17:12:30.399819,-13.5,6.73,39.12,0,1
2026-03-25 17:12:35.399819,-13.88,0.0,32.0,0,0
2026-03-25 17:12:40.399819,-13.35,7.19,38.12,0,1
2026-03-25 17:12:45.399819,-13.4,5.41,35.32,0,1
2026-03-25 17:12:50.399819,-13.89,0.0,32.0,0,0
2026-03-25 17:12:55.399819,-13.47,6.64,37.61,0,1
2026-03-25 17:13:00.399819,-13.14,10.89,51.77,1,2
2026-03-25 17:13:05.399819,-13.37,7.94,38.33,0,1
2026-03-25 17:13:10.399819,-13.54,7.59,33.63,0,1
2026-03-25 17:13:15.399819,-13.53,7.58,33.45,0,1
2026-03-25 17:13:20.399819,-12.92,8.77,47.08,1,2
2026-03-25 17:13:25.399819,-13.19,10.21,35.5,1,2
2026-03-25 17:13:30.399819,-13.31,5.52,30.3,0,1
2026-03-25 17:13:35.399819,-13.55,7.22,30.0,0,1
2026-03-25 17:13:40.399819,-13.37,0.0,32.0,0,0
2026-03-25 17:13:45.399819,-12.98,10.16,35.49,1,2
2026-03-25 17:13:50.399819,-13.31,6.33,31.07,0,1
2026-03-25 17:13:55.399819,-13.22,8.86,39.92,1,2
2026-03-25 17:14:00.399819,-13.18,8.95,40.05,1,2
2026-03-25 17:14:05.399819,-13.08,9.81,47.24,1,2
2026-03-25 17:14:10.399819,-13.03,8.74,40.88,1,2
2026-03-25 17:14:15.399819,-13.62,7.81,37.12,0,1
2026-03-25 17:14:20.399819,-13.29,0.0,32.0,0,0
2026-03-25 17:14:25.399819,-13.21,8.06,44.56,1,2
2026-03-25 17:14:30.399819,-13.02,11.78,35.98,1,2
2026-03-25 17:14:35.399819,-13.12,0.0,32.0,0,0
2026-03-25 17:14:40.399819,-13.17,11.92,46.63,1,2
2026-03-25 17:14:45.399819,-13.98,0.0,32.0,0,0
2026-03-25 17:14:50.399819,-13.93,0.0,32.0,0,0
2026-03-25 17:14:55.399819,-13.43,5.45,36.41,0,1
2026-03-25 17:15:00.399819,-13.46,6.94,30.06,0,1
2026-03-25 17:15:05.399819,-13.36,6.62,31.95,0,1
2026-03-25 17:15:10.399819,-13.31,6.08,33.07,0,1
2026-03-25 17:15:15.399819,-13.43,7.91,33.47,0,1
2026-03-25 17:15:20.399819,-13.4,5.66,37.83,0,1
2026-03-25 17:15:25.399819,-13.3,8.51,51.56,1,2
2026-03-25 17:15:30.399819,-13.46,5.85,33.95,0,1
2026-03-25 17:15:35.399819,-13.57,0.0,32.0,0,0
2026-03-25 17:15:40.399819,-13.67,5.69,36.49,0,1
2026-03-25 17:15:45.399819,-13.31,7.26,36.21,0,1
2026-03-25 17:15:50.399819,-13.27,0.0,32.0,0,0
2026-03-25 17:15:55.399819,-12.9,10.81,37.65,1,2
2026-03-25 17:16:00.399819,-13.32,6.69,39.11,0,1
2026-03-25 17:16:05.399819,-13.37,0.0,32.0,0,0
2026-03-25 17:16:10.399819,-13.34,7.07,31.5,0,1
2026-03-25 17:16:15.399819,-13.62,6.68,35.61,0,1
2026-03-25 17:16:20.399819,-13.52,7.4,36.67,0,1
2026-03-25 17:16:25.399819,-13.27,0.0,32.0,0,0
2026-03-25 17:16:30.399819,-13.35,0.0,32.0,0,0
2026-03-25 17:16:35.399819,-13.02,11.37,54.39,1,2
2026-03-25 17:16:40.399819,-12.96,11.32,50.45,1,2
2026-03-25 17:16:45.399819,-13.07,11.8,45.57,1,2
2026-03-25 17:16:50.399819,-13.4,6.96,32.94,0,1
2026-03-25 17:16:55.399819,-12.93,10.6,38.4,1,2
2026-03-25 17:17:00.399819,-13.46,6.76,39.21,0,1
2026-03-25 17:17:05.399819,-13.0,0.0,32.0,0,0
2026-03-25 17:17:10.399819,-13.41,5.42,37.68,0,1
2026-03-25 17:17:15.399819,-12.88,10.9,43.6,1,2
2026-03-25 17:17:20.399819,-12.93,9.58,43.08,1,2
2026-03-25 17:17:25.399819,-13.7,5.72,39.26,0,1
2026-03-25 17:17:30.399819,-13.65,6.92,38.68,0,1
2026-03-25 17:17:35.399819,-13.29,10.74,53.86,1,2
2026-03-25 17:17:40.399819,-12.92,8.8,38.76,1,2
2026-03-25 17:17:45.399819,-12.91,11.91,41.84,1,2
2026-03-25 17:17:50.399819,-12.92,11.57,44.53,1,2
2026-03-25 17:17:55.399819,-12.88,8.67,47.01,1,2
2026-03-25 17:18:00.399819,-13.28,0.0,32.0,0,0
2026-03-25 17:18:05.399819,-13.46,0.0,32.0,0,0
2026-03-25 17:18:10.399819,-13.63,0.0,32.0,0,0
2026-03-25 17:18:15.399819,-13.17,9.89,43.97,1,2
2026-03-25 17:18:20.399819,-13.31,6.79,33.1,0,1
2026-03-25 17:18:25.399819,-13.77,0.0,32.0,0,0
2026-03-25 17:18:30.399819,-13.63,0.0,32.0,0,0
2026-03-25 17:18:35.399819,-13.12,9.7,50.28,1,2
2026-03-25 17:18:40.399819,-13.98,0.0,32.0,0,0
2026-03-25 17:18:45.399819,-12.82,10.92,54.33,1,2
2026-03-25 17:18:50.399819,-12.79,9.37,44.58,1,2
2026-03-25 17:18:55.399819,-13.84,0.0,32.0,0,0
2026-03-25 17:19:00.399819,-13.15,9.48,52.23,1,2
2026-03-25 17:19:05.399819,-13.55,0.0,32.0,0,0
2026-03-25 17:19:10.399819,-13.45,7.56,33.66,0,1
2026-03-25 17:19:15.399819,-12.87,11.95,52.6,1,2
2026-03-25 17:19:20.399819,-13.57,0.0,32.0,0,0
2026-03-25 17:19:25.399819,-12.79,8.37,38.0,1,2
2026-03-25 17:19:30.399819,-13.29,9.04,39.46,1,2
2026-03-25 17:19:35.399819,-13.52,7.88,34.7,0,1
2026-03-25 17:19:40.399819,-13.12,9.59,43.86,1,2
2026-03-25 17:19:45.399819,-13.48,0.0,32.0,0,0
2026-03-25 17:19:50.399819,-13.46,7.84,35.68,0,1
2026-03-25 17:19:55.399819,-13.42,5.81,33.39,0,1
2026-03-25 17:20:00.399819,-13.97,0.0,32.0,0,0
2026-03-25 17:20:05.399819,-12.86,9.32,37.38,1,2
2026-03-25 17:20:10.399819,-13.66,7.58,35.34,0,1
2026-03-25 17:20:15.399819,-13.43,6.1,31.11,0,1
2026-03-25 17:20:20.399819,-13.0,0.0,32.0,0,0
2026-03-25 17:20:25.399819,-13.66,0.0,32.0,0,0
2026-03-25 17:20:30.399819,-13.53,7.53,36.77,0,1
2026-03-25 17:20:35.399819,-13.53,5.09,32.83,0,1
2026-03-25 17:20:40.399819,-12.89,10.72,52.9,1,2
2026-03-25 17:20:45.399819,-12.93,11.45,40.16,1,2
2026-03-25 17:20:50.399819,-13.45,7.8,36.29,0,1
2026-03-25 17:20:55.399819,-13.45,6.13,35.86,0,1
2026-03-25 17:21:00.399819,-13.58,6.14,39.19,0,1
2026-03-25 17:21:05.399819,-13.66,5.98,35.6,0,1
2026-03-25 17:21:10.399819,-13.72,0.0,32.0,0,0
2026-03-25 17:21:15.399819,-13.53,5.06,35.92,0,1
2026-03-25 17:21:20.399819,-13.51,6.68,30.67,0,1
2026-03-25 17:21:25.399819,-13.78,0.0,32.0,0,0
2026-03-25 17:21:30.399819,-13.55,5.16,36.84,0,1
2026-03-25 17:21:35.399819,-13.38,5.48,32.76,0,1
2026-03-25 17:21:40.399819,-13.61,6.63,35.19,0,1
2026-03-25 17:21:45.399819,-13.48,6.49,37.52,0,1
2026-03-25 17:21:50.399819,-13.16,11.69,40.85,1,2
2026-03-25 17:21:55.399819,-13.58,0.0,32.0,0,0
2026-03-25 17:22:00.399819,-13.34,0.0,32.0,0,0
2026-03-25 17:22:05.399819,-13.69,5.7,33.56,0,1
2026-03-25 17:22:10.399819,-13.31,6.27,35.14,0,1
2026-03-25 17:22:15.399819,-13.67,0.0,32.0,0,0
2026-03-25 17:22:20.399819,-13.56,5.74,32.3,0,1
2026-03-25 17:22:25.399819,-13.54,7.02,35.65,0,1
2026-03-25 17:22:30.399819,-12.84,8.43,36.93,1,2
2026-03-25 17:22:35.399819,-13.12,8.19,45.73,1,2
2026-03-25 17:22:40.399819,-13.39,7.76,32.71,0,1
2026-03-25 17:22:45.399819,-13.4,6.71,30.25,0,1
2026-03-25 17:22:50.399819,-13.75,0.0,32.0,0,0
2026-03-25 17:22:55.399819,-12.71,8.75,47.08,1,2
2026-03-25 17:23:00.399819,-13.46,6.82,34.59,0,1
2026-03-25 17:23:05.399819,-13.91,0.0,32.0,0,0
2026-03-25 17:23:10.399819,-13.58,7.13,33.13,0,1
2026-03-25 17:23:15.399819,-13.56,7.35,35.07,0,1
2026-03-25 17:23:20.399819,-13.22,8.61,38.67,1,2
2026-03-25 17:23:25.399819,-13.2,0.0,32.0,0,0
2026-03-25 17:23:30.399819,-13.56,6.71,34.82,0,1
2026-03-25 17:23:35.399819,-13.42,7.02,35.06,0,1
2026-03-25 17:23:40.399819,-13.86,0.0,32.0,0,0
2026-03-25 17:23:45.399819,-13.12,0.0,32.0,0,0
2026-03-25 17:23:50.399819,-12.87,8.02,39.84,1,2
2026-03-25 17:23:55.399819,-13.68,5.64,37.94,0,1
2026-03-25 17:24:00.399819,-12.81,10.45,42.25,1,2
2026-03-25 17:24:05.399819,-13.4,6.39,38.36,0,1
2026-03-25 17:24:10.399819,-13.67,0.0,32.0,0,0
2026-03-25 17:24:15.399819,-12.83,8.52,36.69,1,2
2026-03-25 17:24:20.399819,-13.4,0.0,32.0,0,0
2026-03-25 17:24:25.399819,-13.36,6.81,32.12,0,1
2026-03-25 17:24:30.399819,-13.61,7.22,30.68,0,1
2026-03-25 17:24:35.399819,-12.87,8.62,39.71,1,2
2026-03-25 17:24:40.399819,-13.05,0.0,32.0,0,0
2026-03-25 17:24:45.399819,-12.87,11.9,48.09,1,2
2026-03-25 17:24:50.399819,-13.05,10.85,39.78,1,2
2026-03-25 17:24:55.399819,-13.52,7.76,34.26,0,1
2026-03-25 17:25:00.399819,-13.36,6.47,32.18,0,1
2026-03-25 17:25:05.399819,-13.49,6.31,37.44,0,1
2026-03-25 17:25:10.399819,-13.55,5.97,30.13,0,1
2026-03-25 17:25:15.399819,-13.38,6.92,35.1,0,1
2026-03-25 17:25:20.399819,-13.53,0.0,32.0,0,0
2026-03-25 17:25:25.399819,-13.13,0.0,32.0,0,0
2026-03-25 17:25:30.399819,-13.27,0.0,32.0,0,0
2026-03-25 17:25:35.399819,-13.12,10.46,38.33,1,2
2026-03-25 17:25:40.399819,-13.26,8.64,39.25,1,2
2026-03-25 17:25:45.399819,-13.59,0.0,32.0,0,0
2026-03-25 17:25:50.399819,-13.51,6.51,37.97,0,1
2026-03-25 17:25:55.399819,-13.7,0.0,32.0,0,0
2026-03-25 17:26:00.399819,-12.92,8.61,37.27,1,2
2026-03-25 17:26:05.399819,-13.18,0.0,32.0,0,0
2026-03-25 17:26:10.399819,-13.25,11.54,40.94,1,2
2026-03-25 17:26:15.399819,-13.69,0.0,32.0,0,0
2026-03-25 17:26:20.399819,-12.77,11.72,43.78,1,2
2026-03-25 17:26:25.399819,-13.59,0.0,32.0,0,0
2026-03-25 17:26:30.399819,-13.23,11.42,49.02,1,2
2026-03-25 17:26:35.399819,-13.65,0.0,32.0,0,0
2026-03-25 17:26:40.399819,-13.57,5.78,37.67,0,1
2026-03-25 17:26:45.399819,-13.1,0.0,32.0,0,0
2026-03-25 17:26:50.399819,-13.58,5.88,30.77,0,1
2026-03-25 17:26:55.399819,-13.0,11.04,52.48,1,2
2026-03-25 17:27:00.399819,-13.2,11.3,35.01,1,2
2026-03-25 17:27:05.399819,-13.49,0.0,32.0,0,0
2026-03-25 17:27:10.399819,-12.8,8.36,45.11,1,2
2026-03-25 17:27:15.399819,-13.59,7.65,36.86,0,1
2026-03-25 17:27:20.399819,-13.05,9.81,41.96,1,2
2026-03-25 17:27:25.399819,-13.53,0.0,32.0,0,0
2026-03-25 17:27:30.399819,-13.29,11.76,54.76,1,2
2026-03-25 17:27:35.399819,-13.84,0.0,32.0,0,0
2026-03-25 17:27:40.399819,-13.52,0.0,32.0,0,0
2026-03-25 17:27:45.399819,-13.01,0.0,32.0,0,0
2026-03-25 17:27:50.399819,-13.41,6.2,35.9,0,1
2026-03-25 17:27:55.399819,-13.4,7.11,33.66,0,1
2026-03-25 17:28:00.399819,-13.74,0.0,32.0,0,0
2026-03-25 17:28:05.399819,-13.7,7.53,38.18,0,1
2026-03-25 17:28:10.399819,-13.57,0.0,32.0,0,0
2026-03-25 17:28:15.399819,-13.12,10.34,42.81,1,2
2026-03-25 17:28:20.399819,-13.68,5.84,30.41,0,1
2026-03-25 17:28:25.399819,-13.24,0.0,32.0,0,0
2026-03-25 17:28:30.399819,-13.4,6.71,31.25,0,1
2026-03-25 17:28:35.399819,-13.79,0.0,32.0,0,0
2026-03-25 17:28:40.399819,-13.44,0.0,32.0,0,0
2026-03-25 17:28:45.399819,-13.43,0.0,32.0,0,0
2026-03-25 17:28:50.399819,-12.77,8.73,46.81,1,2
2026-03-25 17:28:55.399819,-13.12,11.94,41.74,1,2
2026-03-25 17:29:00.399819,-13.6,0.0,32.0,0,0
2026-03-25 17:29:05.399819,-13.52,0.0,32.0,0,0
2026-03-25 17:29:10.399819,-13.19,10.89,40.92,1,2
2026-03-25 17:29:15.399819,-13.37,5.73,36.65,0,1
2026-03-25 17:29:20.399819,-13.53,5.48,37.14,0,1
2026-03-25 17:29:25.399819,-13.48,6.17,35.97,0,1
2026-03-25 17:29:30.399819,-13.35,0.0,32.0,0,0
2026-03-25 17:29:35.399819,-13.38,0.0,32.0,0,0
2026-03-25 17:29:40.399819,-13.07,8.52,43.86,1,2
2026-03-25 17:29:45.399819,-13.07,8.74,44.23,1,2
2026-03-25 17:29:50.399819,-12.76,11.62,38.68,1,2
2026-03-25 17:29:55.399819,-13.53,7.5,32.07,0,1
2026-03-25 17:30:00.399819,-13.37,7.93,35.94,0,1
2026-03-25 17:30:05.399819,-13.57,6.99,36.45,0,1
2026-03-25 17:30:10.399819,-13.27,10.06,41.53,1,2
2026-03-25 17:30:15.399819,-13.52,6.34,39.39,0,1
2026-03-25 17:30:20.399819,-12.87,8.37,37.39,1,2
2026-03-25 17:30:25.399819,-13.43,6.49,39.78,0,1
2026-03-25 17:30:30.399819,-13.49,0.0,32.0,0,0
2026-03-25 17:30:35.399819,-12.91,9.07,53.71,1,2
2026-03-25 17:30:40.399819,-13.57,7.94,38.59,0,1
2026-03-25 17:30:45.399819,-13.14,0.0,32.0,0,0
2026-03-25 17:30:50.399819,-13.25,11.73,45.2,1,2
2026-03-25 17:30:55.399819,-13.43,0.0,32.0,0,0
2026-03-25 17:31:00.399819,-13.86,0.0,32.0,0,0
2026-03-25 17:31:05.399819,-13.0,11.18,47.67,1,2
2026-03-25 17:31:10.399819,-13.97,0.0,32.0,0,0
2026-03-25 17:31:15.399819,-13.01,8.62,45.07,1,2
2026-03-25 17:31:20.399819,-13.09,9.18,43.77,1,2
2026-03-25 17:31:25.399819,-13.24,11.13,39.0,1,2
2026-03-25 17:31:30.399819,-13.69,5.93,35.68,0,1
2026-03-25 17:31:35.399819,-13.52,5.29,36.12,0,1
2026-03-25 17:31:40.399819,-13.19,0.0,32.0,0,0
2026-03-25 17:31:45.399819,-12.95,8.5,39.31,1,2
2026-03-25 17:31:50.399819,-13.53,5.64,37.8,0,1
2026-03-25 17:31:55.399819,-13.46,7.08,35.27,0,1
2026-03-25 17:32:00.399819,-12.74,8.03,39.49,1,2
2026-03-25 17:32:05.399819,-13.38,6.74,35.95,0,1
2026-03-25 17:32:10.399819,-13.75,0.0,32.0,0,0
2026-03-25 17:32:15.399819,-13.47,7.5,39.17,0,1
2026-03-25 17:32:20.399819,-12.89,9.83,43.88,1,2
2026-03-25 17:32:25.399819,-13.62,0.0,32.0,0,0
2026-03-25 17:32:30.399819,-13.23,0.0,32.0,0,0
2026-03-25 17:32:35.399819,-13.34,6.62,37.77,0,1
2026-03-25 17:32:40.399819,-13.49,6.75,30.81,0,1
2026-03-25 17:32:45.399819,-13.22,8.02,52.3,1,2
2026-03-25 17:32:50.399819,-13.06,0.0,32.0,0,0
2026-03-25 17:32:55.399819,-13.1,8.06,47.94,1,2
2026-03-25 17:33:00.399819,-12.95,9.68,52.21,1,2
2026-03-25 17:33:05.399819,-13.14,11.23,40.27,1,2
2026-03-25 17:33:10.399819,-13.18,8.08,50.65,1,2
2026-03-25 17:33:15.399819,-13.36,0.0,32.0,0,0
2026-03-25 17:33:20.399819,-13.54,5.88,30.54,0,1
2026-03-25 17:33:25.399819,-13.27,8.72,36.51,1,2
2026-03-25 17:33:30.399819,-13.42,5.59,36.39,0,1
2026-03-25 17:33:35.399819,-13.87,0.0,32.0,0,0
2026-03-25 17:33:40.399819,-13.53,5.62,38.23,0,1
2026-03-25 17:33:45.399819,-13.56,6.3,38.33,0,1
2026-03-25 17:33:50.399819,-13.58,0.0,32.0,0,0
2026-03-25 17:33:55.399819,-12.76,8.2,37.17,1,2
2026-03-25 17:34:00.399819,-13.31,6.41,31.81,0,1
2026-03-25 17:34:05.399819,-13.61,7.73,30.36,0,1
2026-03-25 17:34:10.399819,-13.2,8.51,40.05,1,2
2026-03-25 17:34:15.399819,-12.75,11.76,35.65,1,2
2026-03-25 17:34:20.399819,-13.59,0.0,32.0,0,0
2026-03-25 17:34:25.399819,-13.61,7.46,37.43,0,1
2026-03-25 17:34:30.399819,-13.41,0.0,32.0,0,0
2026-03-25 17:34:35.399819,-12.81,8.32,53.1,1,2
2026-03-25 17:34:40.399819,-13.38,0.0,32.0,0,0
2026-03-25 17:34:45.399819,-13.51,6.22,39.72,0,1
2026-03-25 17:34:50.399819,-13.8,0.0,32.0,0,0
2026-03-25 17:34:55.399819,-13.48,7.17,36.17,0,1
2026-03-25 17:35:00.399819,-13.17,10.31,50.45,1,2
2026-03-25 17:35:05.399819,-13.22,10.48,47.59,1,2
2026-03-25 17:35:10.399819,-13.26,11.05,53.65,1,2
2026-03-25 17:35:15.399819,-13.85,0.0,32.0,0,0
2026-03-25 17:35:20.399819,-13.34,6.04,39.15,0,1
2026-03-25 17:35:25.399819,-13.63,5.58,34.69,0,1
2026-03-25 17:35:30.399819,-13.82,0.0,32.0,0,0
2026-03-25 17:35:35.399819,-13.4,5.84,31.05,0,1
2026-03-25 17:35:40.399819,-13.71,0.0,32.0,0,0
2026-03-25 17:35:45.399819,-13.64,0.0,32.0,0,0
2026-03-25 17:35:50.399819,-13.43,0.0,32.0,0,0
2026-03-25 17:35:55.399819,-13.08,0.0,32.0,0,0
2026-03-25 17:36:00.399819,-12.8,9.18,41.45,1,2
2026-03-25 17:36:05.399819,-13.66,0.0,32.0,0,0
2026-03-25 17:36:10.399819,-13.06,0.0,32.0,0,0
2026-03-25 17:36:15.399819,-12.99,10.8,39.72,1,2
2026-03-25 17:36:20.399819,-13.18,8.37,52.05,1,2
2026-03-25 17:36:25.399819,-13.15,8.35,42.74,1,2
2026-03-25 17:36:30.399819,-13.26,11.01,39.31,1,2
2026-03-25 17:36:35.399819,-13.18,8.46,35.93,1,2
2026-03-25 17:36:40.399819,-13.64,5.36,39.6,0,1
2026-03-25 17:36:45.399819,-12.73,8.58,51.83,1,2
2026-03-25 17:36:50.399819,-12.88,11.87,45.12,1,2
2026-03-25 17:36:55.399819,-13.4,6.03,34.18,0,1
2026-03-25 17:37:00.399819,-13.2,11.75,39.98,1,2
2026-03-25 17:37:05.399819,-13.65,0.0,32.0,0,0
2026-03-25 17:37:10.399819,-13.93,0.0,32.0,0,0
2026-03-25 17:37:15.399819,-12.96,10.32,50.3,1,2
2026-03-25 17:37:20.399819,-13.17,0.0,32.0,0,0
2026-03-25 17:37:25.399819,-13.52,5.07,31.48,0,1
2026-03-25 17:37:30.399819,-12.98,11.74,54.56,1,2
2026-03-25 17:37:35.399819,-12.84,10.13,53.41,1,2
2026-03-25 17:37:40.399819,-13.19,0.0,32.0,0,0
2026-03-25 17:37:45.399819,-13.33,5.57,35.62,0,1
2026-03-25 17:37:50.399819,-13.0,10.38,43.61,1,2
2026-03-25 17:37:55.399819,-12.9,11.87,47.83,1,2
2026-03-25 17:38:00.399819,-13.52,6.25,38.16,0,1
2026-03-25 17:38:05.399819,-13.39,0.0,32.0,0,0
2026-03-25 17:38:10.399819,-13.45,0.0,32.0,0,0
2026-03-25 17:38:15.399819,-13.46,0.0,32.0,0,0
2026-03-25 17:38:20.399819,-13.6,6.72,30.26,0,1
2026-03-25 17:38:25.399819,-13.78,0.0,32.0,0,0
2026-03-25 17:38:30.399819,-13.33,6.39,34.63,0,1
2026-03-25 17:38:35.399819,-13.0,10.29,37.89,1,2
2026-03-25 17:38:40.399819,-13.47,7.02,33.13,0,1
2026-03-25 17:38:45.399819,-12.74,8.76,35.69,1,2
2026-03-25 17:38:50.399819,-13.33,0.0,32.0,0,0
2026-03-25 17:38:55.399819,-13.16,8.14,43.14,1,2
2026-03-25 17:39:00.399819,-13.04,10.65,45.91,1,2
2026-03-25 17:39:05.399819,-13.39,6.85,36.33,0,1
2026-03-25 17:39:10.399819,-13.12,0.0,32.0,0,0
2026-03-25 17:39:15.399819,-13.32,0.0,32.0,0,0
2026-03-25 17:39:20.399819,-13.19,9.33,37.07,1,2
2026-03-25 17:39:25.399819,-13.09,8.26,50.19,1,2
2026-03-25 17:39:30.399819,-13.64,5.39,36.58,0,1
2026-03-25 17:39:35.399819,-13.12,0.0,32.0,0,0
2026-03-25 17:39:40.399819,-13.06,0.0,32.0,0,0
2026-03-25 17:39:45.399819,-13.9,0.0,32.0,0,0
2026-03-25 17:39:50.399819,-13.51,6.77,36.58,0,1
2026-03-25 17:39:55.399819,-12.83,9.93,47.88,1,2
2026-03-25 17:40:00.399819,-13.85,0.0,32.0,0,0
2026-03-25 17:40:05.399819,-13.4,6.39,30.08,0,1
2026-03-25 17:40:10.399819,-13.38,7.25,38.29,0,1
2026-03-25 17:40:15.399819,-13.23,10.54,42.26,1,2
2026-03-25 17:40:20.399819,-13.0,11.82,52.0,1,2
2026-03-25 17:40:25.399819,-13.57,0.0,32.0,0,0
2026-03-25 17:40:30.399819,-13.68,0.0,32.0,0,0
2026-03-25 17:40:35.399819,-13.19,10.91,55.0,1,2
2026-03-25 17:40:40.399819,-13.37,5.57,36.68,0,1
2026-03-25 17:40:45.399819,-13.9,0.0,32.0,0,0
2026-03-25 17:40:50.399819,-13.56,0.0,32.0,0,0
2026-03-25 17:40:55.399819,-13.4,5.58,30.25,0,1
2026-03-25 17:41:00.399819,-13.44,0.0,32.0,0,0
2026-03-25 17:41:05.399819,-13.17,8.01,47.51,1,2
2026-03-25 17:41:10.399819,-13.0,0.0,32.0,0,0
2026-03-25 17:41:15.399819,-13.58,0.0,32.0,0,0
2026-03-25 17:41:20.399819,-13.01,10.54,45.8,1,2
2026-03-25 17:41:25.399819,-12.98,8.94,51.5,1,2
2026-03-25 17:41:30.399819,-13.59,6.55,32.65,0,1
2026-03-25 17:41:35.399819,-12.73,11.88,51.06,1,2
2026-03-25 17:41:40.399819,-13.89,0.0,32.0,0,0
2026-03-25 17:41:45.399819,-13.49,7.51,39.38,0,1
2026-03-25 17:41:50.399819,-13.69,6.73,39.09,0,1
2026-03-25 17:41:55.399819,-13.46,6.75,38.96,0,1
2026-03-25 17:42:00.399819,-13.68,0.0,32.0,0,0
2026-03-25 17:42:05.399819,-12.96,8.37,43.78,1,2
2026-03-25 17:42:10.399819,-12.93,11.26,47.88,1,2
2026-03-25 17:42:15.399819,-13.48,6.85,36.07,0,1
2026-03-25 17:42:20.399819,-13.47,0.0,32.0,0,0
2026-03-25 17:42:25.399819,-12.85,8.4,42.18,1,2
2026-03-25 17:42:30.399819,-13.05,0.0,32.0,0,0
2026-03-25 17:42:35.399819,-13.33,0.0,32.0,0,0
2026-03-25 17:42:40.399819,-13.28,0.0,32.0,0,0
2026-03-25 17:42:45.399819,-13.57,5.34,31.07,0,1
2026-03-25 17:42:50.399819,-13.01,9.15,36.47,1,2
2026-03-25 17:42:55.399819,-13.34,5.29,37.02,0,1
2026-03-25 17:43:00.399819,-13.05,0.0,32.0,0,0
2026-03-25 17:43:05.399819,-12.96,11.84,44.45,1,2
2026-03-25 17:43:10.399819,-13.97,0.0,32.0,0,0
2026-03-25 17:43:15.399819,-12.91,8.62,53.31,1,2
2026-03-25 17:43:20.399819,-13.26,11.62,39.47,1,2
2026-03-25 17:43:25.399819,-13.29,11.57,49.89,1,2
2026-03-25 17:43:30.399819,-13.53,5.39,31.13,0,1
2026-03-25 17:43:35.399819,-13.53,5.68,38.75,0,1
2026-03-25 17:43:40.399819,-12.9,8.83,39.27,1,2
2026-03-25 17:43:45.399819,-13.4,7.84,37.72,0,1
2026-03-25 17:43:50.399819,-13.68,7.87,31.11,0,1
2026-03-25 17:43:55.399819,-13.67,0.0,32.0,0,0
2026-03-25 17:44:00.399819,-12.89,10.97,41.11,1,2
2026-03-25 17:44:05.399819,-13.18,8.75,45.97,1,2
2026-03-25 17:44:10.399819,-13.32,7.92,30.4,0,1
2026-03-25 17:44:15.399819,-13.06,10.4,49.98,1,2
2026-03-25 17:44:20.399819,-12.91,9.88,44.35,1,2
2026-03-25 17:44:25.399819,-13.22,0.0,32.0,0,0
2026-03-25 17:44:30.399819,-13.35,0.0,32.0,0,0
2026-03-25 17:44:35.399819,-13.61,5.93,31.18,0,1
2026-03-25 17:44:40.399819,-12.7,8.9,48.49,1,2
2026-03-25 17:44:45.399819,-13.26,0.0,32.0,0,0
2026-03-25 17:44:50.399819,-12.86,9.8,39.26,1,2
2026-03-25 17:44:55.399819,-12.98,10.14,49.69,1,2
2026-03-25 17:45:00.399819,-12.93,8.01,51.3,1,2
2026-03-25 17:45:05.399819,-13.48,0.0,32.0,0,0
2026-03-25 17:45:10.399819,-13.32,0.0,32.0,0,0
2026-03-25 17:45:15.399819,-13.4,6.76,31.1,0,1
2026-03-25 17:45:20.399819,-13.35,0.0,32.0,0,0
2026-03-25 17:45:25.399819,-13.67,6.58,39.76,0,1
2026-03-25 17:45:30.399819,-12.9,10.38,51.08,1,2
2026-03-25 17:45:35.399819,-13.06,8.37,36.37,1,2
2026-03-25 17:45:40.399819,-13.05,0.0,32.0,0,0
2026-03-25 17:45:45.399819,-13.53,7.09,33.24,0,1
2026-03-25 17:45:50.399819,-12.71,8.17,41.92,1,2
2026-03-25 17:45:55.399819,-13.34,7.76,36.12,0,1
2026-03-25 17:46:00.399819,-13.64,6.42,35.05,0,1
2026-03-25 17:46:05.399819,-13.14,0.0,32.0,0,0
2026-03-25 17:46:10.399819,-13.4,7.83,37.01,0,1
2026-03-25 17:46:15.399819,-13.1,11.97,35.87,1,2
2026-03-25 17:46:20.399819,-13.69,6.3,38.16,0,1
2026-03-25 17:46:25.399819,-13.17,9.53,51.61,1,2
2026-03-25 17:46:30.399819,-13.0,11.96,37.98,1,2
2026-03-25 17:46:35.399819,-13.36,5.59,36.84,0,1
2026-03-25 17:46:40.399819,-13.45,5.27,33.06,0,1
2026-03-25 17:46:45.399819,-13.58,5.78,31.2,0,1
2026-03-25 17:46:50.399819,-13.55,5.48,31.13,0,1
2026-03-25 17:46:55.399819,-13.81,0.0,32.0,0,0
2026-03-25 17:47:00.399819,-13.39,7.92,34.85,0,1
2026-03-25 17:47:05.399819,-13.41,0.0,32.0,0,0
2026-03-25 17:47:10.399819,-13.16,11.94,36.73,1,2
2026-03-25 17:47:15.399819,-12.98,8.75,37.53,1,2
2026-03-25 17:47:20.399819,-13.59,5.89,32.76,0,1
2026-03-25 17:47:25.399819,-13.39,0.0,32.0,0,0
2026-03-25 17:47:30.399819,-12.94,8.69,40.44,1,2
2026-03-25 17:47:35.399819,-13.55,7.63,37.91,0,1
2026-03-25 17:47:40.399819,-13.58,0.0,32.0,0,0
2026-03-25 17:47:45.399819,-12.72,9.53,40.5,1,2
2026-03-25 17:47:50.399819,-13.62,6.33,33.33,0,1
2026-03-25 17:47:55.399819,-13.19,8.71,52.04,1,2
2026-03-25 17:48:00.399819,-13.91,0.0,32.0,0,0
2026-03-25 17:48:05.399819,-12.99,8.62,37.58,1,2
2026-03-25 17:48:10.399819,-13.02,10.64,38.62,1,2
2026-03-25 17:48:15.399819,-13.6,7.46,31.0,0,1
2026-03-25 17:48:20.399819,-13.23,9.61,52.01,1,2
2026-03-25 17:48:25.399819,-13.32,0.0,32.0,0,0
2026-03-25 17:48:30.399819,-13.01,0.0,32.0,0,0
2026-03-25 17:48:35.399819,-13.52,5.78,33.27,0,1
2026-03-25 17:48:40.399819,-13.54,5.25,34.53,0,1
2026-03-25 17:48:45.399819,-13.14,11.74,50.7,1,2
2026-03-25 17:48:50.399819,-13.97,0.0,32.0,0,0
2026-03-25 17:48:55.399819,-13.01,0.0,32.0,0,0
2026-03-25 17:49:00.399819,-13.59,7.35,38.07,0,1
2026-03-25 17:49:05.399819,-13.58,7.51,38.34,0,1
2026-03-25 17:49:10.399819,-13.31,5.32,36.97,0,1
2026-03-25 17:49:15.399819,-13.69,5.93,35.58,0,1
2026-03-25 17:49:20.399819,-13.57,5.09,39.84,0,1
2026-03-25 17:49:25.399819,-12.99,8.29,48.69,1,2
2026-03-25 17:49:30.399819,-13.0,0.0,32.0,0,0
2026-03-25 17:49:35.399819,-13.11,8.77,53.78,1,2
2026-03-25 17:49:40.399819,-13.03,9.55,51.29,1,2
2026-03-25 17:49:45.399819,-13.48,5.23,31.84,0,1
2026-03-25 17:49:50.399819,-12.77,10.19,36.5,1,2
2026-03-25 17:49:55.399819,-13.5,0.0,32.0,0,0
2026-03-25 17:50:00.399819,-13.65,6.48,30.11,0,1
2026-03-25 17:50:05.399819,-12.74,10.82,46.7,1,2
2026-03-25 17:50:10.399819,-13.6,0.0,32.0,0,0
2026-03-25 17:50:15.399819,-13.68,6.5,30.37,0,1
2026-03-25 17:50:20.399819,-13.12,9.01,38.9,1,2
2026-03-25 17:50:25.399819,-13.36,0.0,32.0,0,0
2026-03-25 17:50:30.399819,-13.39,6.65,33.65,0,1
2026-03-25 17:50:35.399819,-13.7,0.0,32.0,0,0
2026-03-25 17:50:40.399819,-13.35,7.15,39.76,0,1
2026-03-25 17:50:45.399819,-13.07,0.0,32.0,0,0
2026-03-25 17:50:50.399819,-13.36,6.65,39.51,0,1
2026-03-25 17:50:55.399819,-13.93,0.0,32.0,0,0
2026-03-25 17:51:00.399819,-13.26,9.36,38.21,1,2
2026-03-25 17:51:05.399819,-13.64,0.0,32.0,0,0
2026-03-25 17:51:10.399819,-13.56,0.0,32.0,0,0
2026-03-25 17:51:15.399819,-13.27,9.99,38.07,1,2
2026-03-25 17:51:20.399819,-13.54,5.86,39.31,0,1
2026-03-25 17:51:25.399819,-13.08,0.0,32.0,0,0
2026-03-25 17:51:30.399819,-13.06,11.04,36.12,1,2
2026-03-25 17:51:35.399819,-13.0,0.0,32.0,0,0
2026-03-25 17:51:40.399819,-13.46,6.05,37.34,0,1
2026-03-25 17:51:45.399819,-12.72,11.61,53.26,1,2
2026-03-25 17:51:50.399819,-13.17,0.0,32.0,0,0
2026-03-25 17:51:55.399819,-13.78,0.0,32.0,0,0
2026-03-25 17:52:00.399819,-13.61,0.0,32.0,0,0
2026-03-25 17:52:05.399819,-13.57,5.61,33.36,0,1
2026-03-25 17:52:10.399819,-13.46,7.46,30.49,0,1
2026-03-25 17:52:15.399819,-13.1,0.0,32.0,0,0
2026-03-25 17:52:20.399819,-13.09,8.63,44.36,1,2
2026-03-25 17:52:25.399819,-13.39,6.09,38.58,0,1
2026-03-25 17:52:30.399819,-13.35,5.25,32.66,0,1
2026-03-25 17:52:35.399819,-13.63,7.08,31.12,0,1
2026-03-25 17:52:40.399819,-13.4,7.67,39.15,0,1
2026-03-25 17:52:45.399819,-12.76,8.42,53.44,1,2
2026-03-25 17:52:50.399819,-13.82,0.0,32.0,0,0
2026-03-25 17:52:55.399819,-13.11,10.91,51.98,1,2
2026-03-25 17:53:00.399819,-13.54,7.74,34.59,0,1
2026-03-25 17:53:05.399819,-13.01,0.0,32.0,0,0
2026-03-25 17:53:10.399819,-13.0,10.56,45.95,1,2
2026-03-25 17:53:15.399819,-13.18,8.65,44.98,1,2
2026-03-25 17:53:20.399819,-13.13,0.0,32.0,0,0
2026-03-25 17:53:25.399819,-13.74,0.0,32.0,0,0
2026-03-25 17:53:30.399819,-12.94,10.1,37.39,1,2
2026-03-25 17:53:35.399819,-13.44,6.66,39.18,0,1
2026-03-25 17:53:40.399819,-13.25,10.88,39.03,1,2
2026-03-25 17:53:45.399819,-12.79,10.63,52.25,1,2
2026-03-25 17:53:50.399819,-13.19,10.79,41.96,1,2
2026-03-25 17:53:55.399819,-13.54,5.92,30.54,0,1
2026-03-25 17:54:00.399819,-13.19,0.0,32.0,0,0
2026-03-25 17:54:05.399819,-13.6,0.0,32.0,0,0
2026-03-25 17:54:10.399819,-12.95,9.74,39.78,1,2
2026-03-25 17:54:15.399819,-13.51,6.24,32.74,0,1
2026-03-25 17:54:20.399819,-13.17,10.2,47.87,1,2
2026-03-25 17:54:25.399819,-13.11,11.75,54.99,1,2
2026-03-25 17:54:30.399819,-13.52,6.02,37.55,0,1
2026-03-25 17:54:35.399819,-13.11,9.3,45.23,1,2
2026-03-25 17:54:40.399819,-13.76,0.0,32.0,0,0
2026-03-25 17:54:45.399819,-13.58,0.0,32.0,0,0
2026-03-25 17:54:50.399819,-13.53,5.63,33.38,0,1
2026-03-25 17:54:55.399819,-13.33,6.39,31.87,0,1
2026-03-25 17:55:00.399819,-13.4,7.11,34.06,0,1
2026-03-25 17:55:05.399819,-13.62,5.5,30.94,0,1
2026-03-25 17:55:10.399819,-13.17,10.96,46.62,1,2
2026-03-25 17:55:15.399819,-13.62,0.0,32.0,0,0
2026-03-25 17:55:20.399819,-13.66,7.28,39.87,0,1
2026-03-25 17:55:25.399819,-13.26,0.0,32.0,0,0
2026-03-25 17:55:30.399819,-12.93,10.37,38.72,1,2
2026-03-25 17:55:35.399819,-13.34,0.0,32.0,0,0
2026-03-25 17:55:40.399819,-13.36,0.0,32.0,0,0
2026-03-25 17:55:45.399819,-13.29,0.0,32.0,0,0
2026-03-25 17:55:50.399819,-13.42,0.0,32.0,0,0
2026-03-25 17:55:55.399819,-12.9,11.73,38.87,1,2
2026-03-25 17:56:00.399819,-13.52,6.5,38.66,0,1
2026-03-25 17:56:05.399819,-13.85,0.0,32.0,0,0
2026-03-25 17:56:10.399819,-13.22,10.65,52.16,1,2
2026-03-25 17:56:15.399819,-13.07,10.91,52.92,1,2
2026-03-25 17:56:20.399819,-12.84,10.52,36.58,1,2
2026-03-25 17:56:25.399819,-12.83,8.98,38.05,1,2
2026-03-25 17:56:30.399819,-12.81,9.16,37.79,1,2
2026-03-25 17:56:35.399819,-13.59,0.0,32.0,0,0
2026-03-25 17:56:40.399819,-13.64,6.7,36.22,0,1
2026-03-25 17:56:45.399819,-13.76,0.0,32.0,0,0
2026-03-25 17:56:50.399819,-12.86,8.67,42.39,1,2
2026-03-25 17:56:55.399819,-12.85,11.81,35.17,1,2
2026-03-25 17:57:00.399819,-12.92,9.61,37.53,1,2
2026-03-25 17:57:05.399819,-12.84,9.53,47.2,1,2
2026-03-25 17:57:10.399819,-13.45,6.59,37.99,0,1
2026-03-25 17:57:15.399819,-12.96,11.91,38.72,1,2
2026-03-25 17:57:20.399819,-13.31,7.38,37.93,0,1
2026-03-25 17:57:25.399819,-13.53,6.17,31.06,0,1
2026-03-25 17:57:30.399819,-13.24,0.0,32.0,0,0
2026-03-25 17:57:35.399819,-13.86,0.0,32.0,0,0
2026-03-25 17:57:40.399819,-13.77,0.0,32.0,0,0
2026-03-25 17:57:45.399819,-13.24,0.0,32.0,0,0
2026-03-25 17:57:50.399819,-13.64,6.13,38.35,0,1
2026-03-25 17:57:55.399819,-13.68,6.9,37.73,0,1
2026-03-25 17:58:00.399819,-13.5,0.0,32.0,0,0
2026-03-25 17:58:05.399819,-13.47,6.9,32.18,0,1
2026-03-25 17:58:10.399819,-13.5,0.0,32.0,0,0
2026-03-25 17:58:15.399819,-12.94,9.36,37.01,1,2
2026-03-25 17:58:20.399819,-13.37,7.14,39.18,0,1
2026-03-25 17:58:25.399819,-13.55,5.9,35.31,0,1
2026-03-25 17:58:30.399819,-13.06,0.0,32.0,0,0
2026-03-25 17:58:35.399819,-13.58,5.23,37.69,0,1
2026-03-25 17:58:40.399819,-13.53,0.0,32.0,0,0
2026-03-25 17:58:45.399819,-13.53,5.69,39.77,0,1
2026-03-25 17:58:50.399819,-13.19,11.51,41.94,1,2
2026-03-25 17:58:55.399819,-13.4,5.28,31.0,0,1
2026-03-25 17:59:00.399819,-13.6,7.89,32.3,0,1
2026-03-25 17:59:05.399819,-12.9,10.0,45.87,1,2
2026-03-25 17:59:10.399819,-13.43,7.74,39.2,0,1
2026-03-25 17:59:15.399819,-13.54,0.0,32.0,0,0
2026-03-25 17:59:20.399819,-12.8,9.58,36.82,1,2
2026-03-25 17:59:25.399819,-13.2,9.59,48.98,1,2
2026-03-25 17:59:30.399819,-13.13,11.05,35.33,1,2
2026-03-25 17:59:35.399819,-13.46,0.0,32.0,0,0
2026-03-25 17:59:40.399819,-13.61,6.87,34.79,0,1
2026-03-25 17:59:45.399819,-13.77,0.0,32.0,0,0
2026-03-25 17:59:50.399819,-13.42,0.0,32.0,0,0
2026-03-25 17:59:55.399819,-13.1,0.0,32.0,0,0
2026-03-25 18:00:00.399819,-12.93,10.41,40.52,1,2
2026-03-25 18:00:05.399819,-13.1,0.0,32.0,0,0
2026-03-25 18:00:10.399819,-13.69,0.0,32.0,0,0
2026-03-25 18:00:15.399819,-13.51,6.78,31.77,0,1
2026-03-25 18:00:20.399819,-13.42,0.0,32.0,0,0
2026-03-25 18:00:25.399819,-13.53,6.19,35.79,0,1
2026-03-25 18:00:30.399819,-13.39,6.84,32.08,0,1
2026-03-25 18:00:35.399819,-13.24,10.63,53.61,1,2
2026-03-25 18:00:40.399819,-13.27,10.74,45.9,1,2
2026-03-25 18:00:45.399819,-13.56,0.0,32.0,0,0
2026-03-25 18:00:50.399819,-13.45,7.56,36.13,0,1
2026-03-25 18:00:55.399819,-13.2,8.75,35.55,1,2
2026-03-25 18:01:00.399819,-13.42,6.04,31.51,0,1
2026-03-25 18:01:05.399819,-13.41,7.45,32.43,0,1
2026-03-25 18:01:10.399819,-13.62,6.32,37.07,0,1
2026-03-25 18:01:15.399819,-13.93,0.0,32.0,0,0
2026-03-25 18:01:20.399819,-13.44,0.0,32.0,0,0
2026-03-25 18:01:25.399819,-13.4,7.92,36.74,0,1
2026-03-25 18:01:30.399819,-13.42,0.0,32.0,0,0
2026-03-25 18:01:35.399819,-13.61,6.21,32.68,0,1
2026-03-25 18:01:40.399819,-13.17,8.18,44.92,1,2
2026-03-25 18:01:45.399819,-13.54,6.07,31.92,0,1
2026-03-25 18:01:50.399819,-13.57,0.0,32.0,0,0
2026-03-25 18:01:55.399819,-12.97,9.23,41.93,1,2
2026-03-25 18:02:00.399819,-13.62,7.96,39.54,0,1
2026-03-25 18:02:05.399819,-13.64,5.36,30.85,0,1
2026-03-25 18:02:10.399819,-13.18,8.27,52.15,1,2
2026-03-25 18:02:15.399819,-13.96,0.0,32.0,0,0
2026-03-25 18:02:20.399819,-13.27,0.0,32.0,0,0
2026-03-25 18:02:25.399819,-13.21,11.07,47.58,1,2
2026-03-25 18:02:30.399819,-13.34,0.0,32.0,0,0
2026-03-25 18:02:35.399819,-13.51,5.96,36.32,0,1
2026-03-25 18:02:40.399819,-13.61,0.0,32.0,0,0
2026-03-25 18:02:45.399819,-13.04,0.0,32.0,0,0
2026-03-25 18:02:50.399819,-13.39,0.0,32.0,0,0
2026-03-25 18:02:55.399819,-13.5,5.88,38.03,0,1
2026-03-25 18:03:00.399819,-13.5,5.1,32.95,0,1
2026-03-25 18:03:05.399819,-13.27,0.0,32.0,0,0
2026-03-25 18:03:10.399819,-13.26,10.56,36.15,1,2
2026-03-25 18:03:15.399819,-12.98,10.44,50.46,1,2
2026-03-25 18:03:20.399819,-13.78,0.0,32.0,0,0
2026-03-25 18:03:25.399819,-13.54,6.31,35.75,0,1
2026-03-25 18:03:30.399819,-13.39,5.34,36.06,0,1
2026-03-25 18:03:35.399819,-12.76,9.51,42.58,1,2
2026-03-25 18:03:40.399819,-13.0,9.05,54.31,1,2
2026-03-25 18:03:45.399819,-12.87,11.86,48.92,1,2
2026-03-25 18:03:50.399819,-13.79,0.0,32.0,0,0
2026-03-25 18:03:55.399819,-12.95,8.8,45.61,1,2
2026-03-25 18:04:00.399819,-13.55,7.23,38.28,0,1
2026-03-25 18:04:05.399819,-13.59,7.4,35.96,0,1
2026-03-25 18:04:10.399819,-13.14,10.59,38.16,1,2
2026-03-25 18:04:15.399819,-12.93,8.97,44.19,1,2
2026-03-25 18:04:20.399819,-13.59,0.0,32.0,0,0
2026-03-25 18:04:25.399819,-12.72,10.89,38.86,1,2
2026-03-25 18:04:30.399819,-13.6,7.63,39.49,0,1
2026-03-25 18:04:35.399819,-13.86,0.0,32.0,0,0
2026-03-25 18:04:40.399819,-13.21,11.72,42.88,1,2
2026-03-25 18:04:45.399819,-13.5,5.4,30.52,0,1
2026-03-25 18:04:50.399819,-13.65,6.15,37.4,0,1
2026-03-25 18:04:55.399819,-12.99,11.83,39.71,1,2
2026-03-25 18:05:00.399819,-13.3,0.0,32.0,0,0
2026-03-25 18:05:05.399819,-13.07,11.16,52.18,1,2
2026-03-25 18:05:10.399819,-13.65,0.0,32.0,0,0
2026-03-25 18:05:15.399819,-12.96,9.22,52.57,1,2
2026-03-25 18:05:20.399819,-13.13,0.0,32.0,0,0
2026-03-25 18:05:25.399819,-12.85,10.66,45.29,1,2
2026-03-25 18:05:30.399819,-13.27,11.82,42.87,1,2
2026-03-25 18:05:35.399819,-13.46,7.46,30.88,0,1
2026-03-25 18:05:40.399819,-13.42,6.23,35.45,0,1
2026-03-25 18:05:45.399819,-13.08,9.45,43.04,1,2
2026-03-25 18:05:50.399819,-12.95,10.99,42.98,1,2
2026-03-25 18:05:55.399819,-13.57,7.58,31.94,0,1
2026-03-25 18:06:00.399819,-12.95,11.47,39.9,1,2
2026-03-25 18:06:05.399819,-13.3,7.3,34.03,0,1
2026-03-25 18:06:10.399819,-13.36,0.0,32.0,0,0
2026-03-25 18:06:15.399819,-13.4,0.0,32.0,0,0
2026-03-25 18:06:20.399819,-13.64,6.86,38.14,0,1
2026-03-25 18:06:25.399819,-13.69,7.59,35.97,0,1
2026-03-25 18:06:30.399819,-13.61,5.74,31.44,0,1
2026-03-25 18:06:35.399819,-13.12,8.7,40.22,1,2
2026-03-25 18:06:40.399819,-13.81,0.0,32.0,0,0
2026-03-25 18:06:45.399819,-13.09,10.25,36.72,1,2
2026-03-25 18:06:50.399819,-13.34,7.94,34.97,0,1
2026-03-25 18:06:55.399819,-13.69,7.36,35.56,0,1
2026-03-25 18:07:00.399819,-13.67,5.51,37.88,0,1
2026-03-25 18:07:05.399819,-13.03,8.44,45.52,1,2
2026-03-25 18:07:10.399819,-13.21,0.0,32.0,0,0
2026-03-25 18:07:15.399819,-13.57,0.0,32.0,0,0
2026-03-25 18:07:20.399819,-13.49,7.27,38.53,0,1
2026-03-25 18:07:25.399819,-13.64,0.0,32.0,0,0
2026-03-25 18:07:30.399819,-13.22,0.0,32.0,0,0
2026-03-25 18:07:35.399819,-13.38,5.71,36.01,0,1
2026-03-25 18:07:40.399819,-12.98,8.28,37.53,1,2
2026-03-25 18:07:45.399819,-13.06,0.0,32.0,0,0
2026-03-25 18:07:50.399819,-13.11,0.0,32.0,0,0
2026-03-25 18:07:55.399819,-13.41,5.72,32.53,0,1
2026-03-25 18:08:00.399819,-13.32,5.13,32.6,0,1
2026-03-25 18:08:05.399819,-13.44,6.26,31.46,0,1
2026-03-25 18:08:10.399819,-13.68,7.32,38.55,0,1
2026-03-25 18:08:15.399819,-12.9,8.69,45.57,1,2
2026-03-25 18:08:20.399819,-13.71,0.0,32.0,0,0
2026-03-25 18:08:25.399819,-13.43,7.17,37.06,0,1
2026-03-25 18:08:30.399819,-13.68,0.0,32.0,0,0
2026-03-25 18:08:35.399819,-13.08,0.0,32.0,0,0
2026-03-25 18:08:40.399819,-13.41,5.65,38.37,0,1
2026-03-25 18:08:45.399819,-13.03,10.98,54.03,1,2
2026-03-25 18:08:50.399819,-13.34,5.28,30.06,0,1
2026-03-25 18:08:55.399819,-13.35,6.29,34.69,0,1
2026-03-25 18:09:00.399819,-13.76,0.0,32.0,0,0
2026-03-25 18:09:05.399819,-13.69,7.11,37.3,0,1
2026-03-25 18:09:10.399819,-13.21,11.37,46.83,1,2
2026-03-25 18:09:15.399819,-13.11,8.69,47.64,1,2
2026-03-25 18:09:20.399819,-13.03,0.0,32.0,0,0
2026-03-25 18:09:25.399819,-13.12,0.0,32.0,0,0
2026-03-25 18:09:30.399819,-13.99,0.0,32.0,0,0
2026-03-25 18:09:35.399819,-13.39,5.41,33.37,0,1
2026-03-25 18:09:40.399819,-13.44,5.03,31.49,0,1
2026-03-25 18:09:45.399819,-13.51,6.91,36.11,0,1
2026-03-25 18:09:50.399819,-13.24,0.0,32.0,0,0
2026-03-25 18:09:55.399819,-13.42,7.22,31.42,0,1
2026-03-25 18:10:00.399819,-13.75,0.0,32.0,0,0
2026-03-25 18:10:05.399819,-13.59,5.76,35.7,0,1
2026-03-25 18:10:10.399819,-13.95,0.0,32.0,0,0
2026-03-25 18:10:15.399819,-13.11,9.04,51.22,1,2
2026-03-25 18:10:20.399819,-13.83,0.0,32.0,0,0
2026-03-25 18:10:25.399819,-13.17,0.0,32.0,0,0
2026-03-25 18:10:30.399819,-13.34,0.0,32.0,0,0
2026-03-25 18:10:35.399819,-13.65,0.0,32.0,0,0
2026-03-25 18:10:40.399819,-12.71,11.31,42.77,1,2
2026-03-25 18:10:45.399819,-13.33,0.0,32.0,0,0
2026-03-25 18:10:50.399819,-13.02,8.11,35.55,1,2
2026-03-25 18:10:55.399819,-13.39,6.28,32.86,0,1
2026-03-25 18:11:00.399819,-13.81,0.0,32.0,0,0
2026-03-25 18:11:05.399819,-12.9,8.59,45.05,1,2
2026-03-25 18:11:10.399819,-13.28,10.05,54.98,1,2
2026-03-25 18:11:15.399819,-13.44,5.63,37.64,0,1
2026-03-25 18:11:20.399819,-13.09,10.06,42.64,1,2
2026-03-25 18:11:25.399819,-13.38,6.44,33.34,0,1
2026-03-25 18:11:30.399819,-12.89,8.97,42.96,1,2
2026-03-25 18:11:35.399819,-13.9,0.0,32.0,0,0
2026-03-25 18:11:40.399819,-13.28,11.31,50.13,1,2
2026-03-25 18:11:45.399819,-13.4,5.4,39.94,0,1
2026-03-25 18:11:50.399819,-13.39,7.59,32.57,0,1
2026-03-25 18:11:55.399819,-13.08,10.9,48.4,1,2
2026-03-25 18:12:00.399819,-13.39,6.31,33.23,0,1
2026-03-25 18:12:05.399819,-12.76,9.25,46.52,1,2
2026-03-25 18:12:10.399819,-12.74,9.88,47.87,1,2
2026-03-25 18:12:15.399819,-13.32,0.0,32.0,0,0
2026-03-25 18:12:20.399819,-13.7,5.71,37.43,0,1
2026-03-25 18:12:25.399819,-14.0,0.0,32.0,0,0
2026-03-25 18:12:30.399819,-13.73,0.0,32.0,0,0
2026-03-25 18:12:35.399819,-13.84,0.0,32.0,0,0
2026-03-25 18:12:40.399819,-13.79,0.0,32.0,0,0
2026-03-25 18:12:45.399819,-13.22,10.93,45.68,1,2
2026-03-25 18:12:50.399819,-13.29,0.0,32.0,0,0
2026-03-25 18:12:55.399819,-13.44,6.72,35.29,0,1
2026-03-25 18:13:00.399819,-13.0,10.03,49.87,1,2
2026-03-25 18:13:05.399819,-13.55,6.7,30.6,0,1
2026-03-25 18:13:10.399819,-13.62,6.24,37.3,0,1
2026-03-25 18:13:15.399819,-12.94,11.22,43.67,1,2
2026-03-25 18:13:20.399819,-12.85,11.04,50.85,1,2
2026-03-25 18:13:25.399819,-12.95,9.92,51.95,1,2
2026-03-25 18:13:30.399819,-13.68,5.84,38.35,0,1
2026-03-25 18:13:35.399819,-13.64,7.9,38.49,0,1
2026-03-25 18:13:40.399819,-13.55,0.0,32.0,0,0
2026-03-25 18:13:45.399819,-12.81,9.15,43.41,1,2
2026-03-25 18:13:50.399819,-13.84,0.0,32.0,0,0
2026-03-25 18:13:55.399819,-13.82,0.0,32.0,0,0
2026-03-25 18:14:00.399819,-12.91,9.23,48.25,1,2
2026-03-25 18:14:05.399819,-12.92,9.72,42.16,1,2
2026-03-25 18:14:10.399819,-12.99,9.02,51.52,1,2
2026-03-25 18:14:15.399819,-12.77,10.69,45.08,1,2
2026-03-25 18:14:20.399819,-13.43,0.0,32.0,0,0
2026-03-25 18:14:25.399819,-13.78,0.0,32.0,0,0
2026-03-25 18:14:30.399819,-13.09,9.87,48.32,1,2
2026-03-25 18:14:35.399819,-12.95,11.07,37.55,1,2
2026-03-25 18:14:40.399819,-13.93,0.0,32.0,0,0
2026-03-25 18:14:45.399819,-13.99,0.0,32.0,0,0
2026-03-25 18:14:50.399819,-13.33,6.96,39.9,0,1
2026-03-25 18:14:55.399819,-13.34,7.76,34.13,0,1
2026-03-25 18:15:00.399819,-13.08,0.0,32.0,0,0
2026-03-25 18:15:05.399819,-13.02,0.0,32.0,0,0
2026-03-25 18:15:10.399819,-13.33,6.31,35.69,0,1
2026-03-25 18:15:15.399819,-13.48,0.0,32.0,0,0
2026-03-25 18:15:20.399819,-12.91,8.81,44.69,1,2
2026-03-25 18:15:25.399819,-13.75,0.0,32.0,0,0
2026-03-25 18:15:30.399819,-13.47,5.71,35.87,0,1
2026-03-25 18:15:35.399819,-13.39,7.02,35.91,0,1
2026-03-25 18:15:40.399819,-13.76,0.0,32.0,0,0
2026-03-25 18:15:45.399819,-13.28,0.0,32.0,0,0
2026-03-25 18:15:50.399819,-13.14,0.0,32.0,0,0
2026-03-25 18:15:55.399819,-12.75,11.36,37.96,1,2
2026-03-25 18:16:00.399819,-13.07,10.36,51.19,1,2
2026-03-25 18:16:05.399819,-13.3,10.11,38.06,1,2
2026-03-25 18:16:10.399819,-13.43,5.32,35.72,0,1
2026-03-25 18:16:15.399819,-13.54,5.93,30.46,0,1
2026-03-25 18:16:20.399819,-13.4,5.93,35.88,0,1
2026-03-25 18:16:25.399819,-13.16,0.0,32.0,0,0
2026-03-25 18:16:30.399819,-13.3,0.0,32.0,0,0
2026-03-25 18:16:35.399819,-12.7,10.25,46.56,1,2
2026-03-25 18:16:40.399819,-13.34,5.38,31.26,0,1
2026-03-25 18:16:45.399819,-13.95,0.0,32.0,0,0
2026-03-25 18:16:50.399819,-13.55,7.55,35.9,0,1
2026-03-25 18:16:55.399819,-13.16,0.0,32.0,0,0
2026-03-25 18:17:00.399819,-13.58,6.38,31.14,0,1
2026-03-25 18:17:05.399819,-12.97,11.18,40.95,1,2
2026-03-25 18:17:10.399819,-12.7,8.38,36.62,1,2
2026-03-25 18:17:15.399819,-13.3,11.75,50.22,1,2
2026-03-25 18:17:20.399819,-13.27,0.0,32.0,0,0
2026-03-25 18:17:25.399819,-13.26,0.0,32.0,0,0
2026-03-25 18:17:30.399819,-13.36,0.0,32.0,0,0
2026-03-25 18:17:35.399819,-13.09,10.73,44.19,1,2
2026-03-25 18:17:40.399819,-12.71,11.53,50.56,1,2
2026-03-25 18:17:45.399819,-13.63,0.0,32.0,0,0
2026-03-25 18:17:50.399819,-12.94,8.42,46.37,1,2
2026-03-25 18:17:55.399819,-12.88,8.42,50.21,1,2
2026-03-25 18:18:00.399819,-13.04,9.8,37.01,1,2
2026-03-25 18:18:05.399819,-12.82,9.42,54.44,1,2
2026-03-25 18:18:10.399819,-13.92,0.0,32.0,0,0
2026-03-25 18:18:15.399819,-13.54,5.03,38.32,0,1
2026-03-25 18:18:20.399819,-13.55,6.1,31.84,0,1
2026-03-25 18:18:25.399819,-12.91,9.11,42.5,1,2
2026-03-25 18:18:30.399819,-13.05,9.83,35.97,1,2
2026-03-25 18:18:35.399819,-13.1,9.96,51.25,1,2
2026-03-25 18:18:40.399819,-13.75,0.0,32.0,0,0
2026-03-25 18:18:45.399819,-13.22,0.0,32.0,0,0
2026-03-25 18:18:50.399819,-13.2,11.28,48.34,1,2
2026-03-25 18:18:55.399819,-13.37,5.54,30.36,0,1
2026-03-25 18:19:00.399819,-13.69,0.0,32.0,0,0
2026-03-25 18:19:05.399819,-13.27,9.86,42.69,1,2
2026-03-25 18:19:10.399819,-13.25,10.76,43.38,1,2
2026-03-25 18:19:15.399819,-13.65,5.14,33.11,0,1
2026-03-25 18:19:20.399819,-13.68,7.13,35.22,0,1
2026-03-25 18:19:25.399819,-13.11,11.25,38.72,1,2
2026-03-25 18:19:30.399819,-13.52,0.0,32.0,0,0
2026-03-25 18:19:35.399819,-13.29,11.68,43.99,1,2
2026-03-25 18:19:40.399819,-13.59,0.0,32.0,0,0
2026-03-25 18:19:45.399819,-13.31,5.98,30.13,0,1
2026-03-25 18:19:50.399819,-12.93,10.01,42.15,1,2
2026-03-25 18:19:55.399819,-13.38,0.0,32.0,0,0
2026-03-25 18:20:00.399819,-13.09,0.0,32.0,0,0
2026-03-25 18:20:05.399819,-12.77,10.2,39.63,1,2
2026-03-25 18:20:10.399819,-13.26,11.03,47.63,1,2
2026-03-25 18:20:15.399819,-13.04,11.94,41.31,1,2
2026-03-25 18:20:20.399819,-12.75,10.65,53.43,1,2
2026-03-25 18:20:25.399819,-13.63,0.0,32.0,0,0
2026-03-25 18:20:30.399819,-12.9,10.2,50.03,1,2
2026-03-25 18:20:35.399819,-13.65,0.0,32.0,0,0
2026-03-25 18:20:40.399819,-13.24,0.0,32.0,0,0
2026-03-25 18:20:45.399819,-13.46,0.0,32.0,0,0
2026-03-25 18:20:50.399819,-12.96,11.16,38.94,1,2
2026-03-25 18:20:55.399819,-12.89,8.53,44.3,1,2
2026-03-25 18:21:00.399819,-13.48,0.0,32.0,0,0
2026-03-25 18:21:05.399819,-13.28,0.0,32.0,0,0
2026-03-25 18:21:10.399819,-13.03,0.0,32.0,0,0
2026-03-25 18:21:15.399819,-13.39,0.0,32.0,0,0
2026-03-25 18:21:20.399819,-13.32,0.0,32.0,0,0
2026-03-25 18:21:25.399819,-13.61,5.83,34.53,0,1
2026-03-25 18:21:30.399819,-13.52,5.4,35.9,0,1
2026-03-25 18:21:35.399819,-13.31,0.0,32.0,0,0
2026-03-25 18:21:40.399819,-13.9,0.0,32.0,0,0
2026-03-25 18:21:45.399819,-13.45,7.05,30.49,0,1
2026-03-25 18:21:50.399819,-13.74,0.0,32.0,0,0
2026-03-25 18:21:55.399819,-13.31,6.77,39.46,0,1
2026-03-25 18:22:00.399819,-13.95,0.0,32.0,0,0
2026-03-25 18:22:05.399819,-13.45,6.32,38.06,0,1
2026-03-25 18:22:10.399819,-13.4,6.05,31.76,0,1
2026-03-25 18:22:15.399819,-12.74,9.62,39.7,1,2
2026-03-25 18:22:20.399819,-12.71,11.32,49.73,1,2
2026-03-25 18:22:25.399819,-13.23,11.0,40.36,1,2
2026-03-25 18:22:30.399819,-13.23,11.59,49.1,1,2
2026-03-25 18:22:35.399819,-13.53,6.75,32.68,0,1
2026-03-25 18:22:40.399819,-12.77,11.16,35.3,1,2
2026-03-25 18:22:45.399819,-13.51,5.06,37.59,0,1
2026-03-25 18:22:50.399819,-13.62,6.71,37.92,0,1
2026-03-25 18:22:55.399819,-12.79,9.71,43.69,1,2
2026-03-25 18:23:00.399819,-13.63,6.85,39.0,0,1
2026-03-25 18:23:05.399819,-13.19,11.35,50.83,1,2
2026-03-25 18:23:10.399819,-13.48,6.97,39.36,0,1
2026-03-25 18:23:15.399819,-13.08,8.86,48.64,1,2
2026-03-25 18:23:20.399819,-13.64,6.53,38.6,0,1
2026-03-25 18:23:25.399819,-13.28,10.13,43.13,1,2
2026-03-25 18:23:30.399819,-12.93,10.93,36.88,1,2
2026-03-25 18:23:35.399819,-13.61,0.0,32.0,0,0
2026-03-25 18:23:40.399819,-13.81,0.0,32.0,0,0
2026-03-25 18:23:45.399819,-12.77,9.53,37.07,1,2
2026-03-25 18:23:50.399819,-13.35,6.55,30.62,0,1
2026-03-25 18:23:55.399819,-13.89,0.0,32.0,0,0
2026-03-25 18:24:00.399819,-13.25,11.73,54.1,1,2
2026-03-25 18:24:05.399819,-13.75,0.0,32.0,0,0
2026-03-25 18:24:10.399819,-13.76,0.0,32.0,0,0
2026-03-25 18:24:15.399819,-13.7,0.0,32.0,0,0
2026-03-25 18:24:20.399819,-13.09,9.15,45.66,1,2
2026-03-25 18:24:25.399819,-13.25,8.27,44.78,1,2
2026-03-25 18:24:30.399819,-13.63,6.36,34.29,0,1
2026-03-25 18:24:35.399819,-12.7,10.29,50.19,1,2
2026-03-25 18:24:40.399819,-13.12,0.0,32.0,0,0
2026-03-25 18:24:45.399819,-13.36,0.0,32.0,0,0
2026-03-25 18:24:50.399819,-13.04,11.71,39.91,1,2
2026-03-25 18:24:55.399819,-13.06,11.01,42.88,1,2
2026-03-25 18:25:00.399819,-13.49,6.72,32.38,0,1
2026-03-25 18:25:05.399819,-12.85,8.92,47.53,1,2
2026-03-25 18:25:10.399819,-12.99,11.38,48.93,1,2
2026-03-25 18:25:15.399819,-12.89,9.7,48.84,1,2
2026-03-25 18:25:20.399819,-13.47,5.77,33.53,0,1
2026-03-25 18:25:25.399819,-13.6,5.99,34.56,0,1
2026-03-25 18:25:30.399819,-13.52,6.36,37.0,0,1
2026-03-25 18:25:35.399819,-12.91,10.57,37.04,1,2
2026-03-25 18:25:40.399819,-13.46,7.64,37.62,0,1
2026-03-25 18:25:45.399819,-13.83,0.0,32.0,0,0
2026-03-25 18:25:50.399819,-13.74,0.0,32.0,0,0
2026-03-25 18:25:55.399819,-13.11,0.0,32.0,0,0
2026-03-25 18:26:00.399819,-13.53,5.8,34.98,0,1
2026-03-25 18:26:05.399819,-13.23,10.99,50.44,1,2
2026-03-25 18:26:10.399819,-13.57,5.68,34.53,0,1
2026-03-25 18:26:15.399819,-13.26,0.0,32.0,0,0
2026-03-25 18:26:20.399819,-13.36,5.04,37.46,0,1
2026-03-25 18:26:25.399819,-13.04,11.15,37.76,1,2
2026-03-25 18:26:30.399819,-13.51,0.0,32.0,0,0
2026-03-25 18:26:35.399819,-12.89,9.95,43.58,1,2
2026-03-25 18:26:40.399819,-13.29,11.01,47.31,1,2
2026-03-25 18:26:45.399819,-13.63,7.59,35.08,0,1
2026-03-25 18:26:50.399819,-13.37,0.0,32.0,0,0
2026-03-25 18:26:55.399819,-13.22,9.22,40.37,1,2
2026-03-25 18:27:00.399819,-13.99,0.0,32.0,0,0
2026-03-25 18:27:05.399819,-13.53,7.19,38.84,0,1
2026-03-25 18:27:10.399819,-13.42,0.0,32.0,0,0
2026-03-25 18:27:15.399819,-13.71,0.0,32.0,0,0
2026-03-25 18:27:20.399819,-13.69,6.55,38.46,0,1
2026-03-25 18:27:25.399819,-13.59,0.0,32.0,0,0
2026-03-25 18:27:30.399819,-12.92,9.02,40.64,1,2
2026-03-25 18:27:35.399819,-13.06,0.0,32.0,0,0
2026-03-25 18:27:40.399819,-13.93,0.0,32.0,0,0
2026-03-25 18:27:45.399819,-13.39,5.99,37.8,0,1
2026-03-25 18:27:50.399819,-13.52,5.28,35.64,0,1
2026-03-25 18:27:55.399819,-13.37,7.66,37.06,0,1
2026-03-25 18:28:00.399819,-13.32,0.0,32.0,0,0
2026-03-25 18:28:05.399819,-13.57,5.33,37.65,0,1
2026-03-25 18:28:10.399819,-13.79,0.0,32.0,0,0
2026-03-25 18:28:15.399819,-13.56,5.91,39.13,0,1
2026-03-25 18:28:20.399819,-13.45,0.0,32.0,0,0
2026-03-25 18:28:25.399819,-13.55,7.81,36.92,0,1
2026-03-25 18:28:30.399819,-13.93,0.0,32.0,0,0
2026-03-25 18:28:35.399819,-12.73,8.19,42.58,1,2
2026-03-25 18:28:40.399819,-13.25,0.0,32.0,0,0
2026-03-25 18:28:45.399819,-12.8,10.04,38.62,1,2
2026-03-25 18:28:50.399819,-13.9,0.0,32.0,0,0
2026-03-25 18:28:55.399819,-13.51,5.99,33.01,0,1
2026-03-25 18:29:00.399819,-13.08,0.0,32.0,0,0
2026-03-25 18:29:05.399819,-12.94,9.13,53.54,1,2
2026-03-25 18:29:10.399819,-13.32,0.0,32.0,0,0
2026-03-25 18:29:15.399819,-13.37,7.37,31.57,0,1
2026-03-25 18:29:20.399819,-13.17,0.0,32.0,0,0
2026-03-25 18:29:25.399819,-13.47,0.0,32.0,0,0
2026-03-25 18:29:30.399819,-13.91,0.0,32.0,0,0
2026-03-25 18:29:35.399819,-13.39,0.0,32.0,0,0
2026-03-25 18:29:40.399819,-13.75,0.0,32.0,0,0
2026-03-25 18:29:45.399819,-13.19,0.0,32.0,0,0
2026-03-25 18:29:50.399819,-13.54,6.97,34.99,0,1
2026-03-25 18:29:55.399819,-13.92,0.0,32.0,0,0
2026-03-25 18:30:00.399819,-13.59,6.92,31.7,0,1
2026-03-25 18:30:05.399819,-13.52,7.79,39.14,0,1
2026-03-25 18:30:10.399819,-13.02,8.11,40.85,1,2
2026-03-25 18:30:15.399819,-12.82,11.45,49.77,1,2
2026-03-25 18:30:20.399819,-13.35,7.67,33.45,0,1
2026-03-25 18:30:25.399819,-13.68,0.0,32.0,0,0
2026-03-25 18:30:30.399819,-13.73,0.0,32.0,0,0
2026-03-25 18:30:35.399819,-13.43,5.38,39.04,0,1
2026-03-25 18:30:40.399819,-13.26,9.44,54.8,1,2
2026-03-25 18:30:45.399819,-13.47,0.0,32.0,0,0
2026-03-25 18:30:50.399819,-13.47,6.2,34.81,0,1
2026-03-25 18:30:55.399819,-13.35,5.33,34.15,0,1
2026-03-25 18:31:00.399819,-13.29,11.7,45.57,1,2
2026-03-25 18:31:05.399819,-13.55,7.37,38.25,0,1
2026-03-25 18:31:10.399819,-13.61,7.03,37.98,0,1
2026-03-25 18:31:15.399819,-13.02,0.0,32.0,0,0
2026-03-25 18:31:20.399819,-13.62,7.98,32.76,0,1
2026-03-25 18:31:25.399819,-13.5,7.27,39.71,0,1
2026-03-25 18:31:30.399819,-13.19,8.38,37.64,1,2
2026-03-25 18:31:35.399819,-13.81,0.0,32.0,0,0
2026-03-25 18:31:40.399819,-13.2,11.37,46.98,1,2
2026-03-25 18:31:45.399819,-12.84,8.59,41.86,1,2
2026-03-25 18:31:50.399819,-12.87,10.75,46.47,1,2
2026-03-25 18:31:55.399819,-13.34,5.41,30.84,0,1
2026-03-25 18:32:00.399819,-13.11,8.8,44.41,1,2
2026-03-25 18:32:05.399819,-13.23,10.27,35.44,1,2
2026-03-25 18:32:10.399819,-13.62,0.0,32.0,0,0
2026-03-25 18:32:15.399819,-13.97,0.0,32.0,0,0
2026-03-25 18:32:20.399819,-13.1,0.0,32.0,0,0
2026-03-25 18:32:25.399819,-13.6,6.49,35.2,0,1
2026-03-25 18:32:30.399819,-13.11,0.0,32.0,0,0
2026-03-25 18:32:35.399819,-13.5,5.52,39.62,0,1
2026-03-25 18:32:40.399819,-13.29,0.0,32.0,0,0
2026-03-25 18:32:45.399819,-13.66,5.64,36.65,0,1
2026-03-25 18:32:50.399819,-13.64,0.0,32.0,0,0
2026-03-25 18:32:55.399819,-13.57,5.46,33.79,0,1
2026-03-25 18:33:00.399819,-12.87,8.16,49.47,1,2
2026-03-25 18:33:05.399819,-13.18,8.9,47.49,1,2
2026-03-25 18:33:10.399819,-13.21,10.93,49.35,1,2
2026-03-25 18:33:15.399819,-13.93,0.0,32.0,0,0
2026-03-25 18:33:20.399819,-13.4,6.46,31.53,0,1
2026-03-25 18:33:25.399819,-13.11,9.31,37.46,1,2
2026-03-25 18:33:30.399819,-13.17,10.84,49.61,1,2
2026-03-25 18:33:35.399819,-13.23,0.0,32.0,0,0
2026-03-25 18:33:40.399819,-13.46,0.0,32.0,0,0
2026-03-25 18:33:45.399819,-13.5,5.87,33.08,0,1
2026-03-25 18:33:50.399819,-13.27,0.0,32.0,0,0
2026-03-25 18:33:55.399819,-13.21,8.87,51.29,1,2
2026-03-25 18:34:00.399819,-13.47,7.03,36.73,0,1
2026-03-25 18:34:05.399819,-13.29,10.33,40.62,1,2
2026-03-25 18:34:10.399819,-13.46,0.0,32.0,0,0
2026-03-25 18:34:15.399819,-13.7,5.35,37.2,0,1
2026-03-25 18:34:20.399819,-13.34,6.36,31.59,0,1
2026-03-25 18:34:25.399819,-13.25,11.11,46.14,1,2
2026-03-25 18:34:30.399819,-13.2,10.79,51.93,1,2
2026-03-25 18:34:35.399819,-13.93,0.0,32.0,0,0
2026-03-25 18:34:40.399819,-13.83,0.0,32.0,0,0
2026-03-25 18:34:45.399819,-13.54,7.76,37.46,0,1
2026-03-25 18:34:50.399819,-13.44,5.05,31.47,0,1
2026-03-25 18:34:55.399819,-13.5,0.0,32.0,0,0
2026-03-25 18:35:00.399819,-13.03,0.0,32.0,0,0
2026-03-25 18:35:05.399819,-13.03,11.19,43.79,1,2
2026-03-25 18:35:10.399819,-13.01,10.72,40.51,1,2
2026-03-25 18:35:15.399819,-13.15,8.77,38.88,1,2
2026-03-25 18:35:20.399819,-13.79,0.0,32.0,0,0
2026-03-25 18:35:25.399819,-13.42,6.49,39.15,0,1
2026-03-25 18:35:30.399819,-13.78,0.0,32.0,0,0
2026-03-25 18:35:35.399819,-12.87,11.96,53.12,1,2
2026-03-25 18:35:40.399819,-13.06,0.0,32.0,0,0
2026-03-25 18:35:45.399819,-13.69,0.0,32.0,0,0
2026-03-25 18:35:50.399819,-13.2,0.0,32.0,0,0
2026-03-25 18:35:55.399819,-13.5,6.37,37.31,0,1
2026-03-25 18:36:00.399819,-13.76,0.0,32.0,0,0
2026-03-25 18:36:05.399819,-13.49,0.0,32.0,0,0
2026-03-25 18:36:10.399819,-12.93,10.73,53.62,1,2
2026-03-25 18:36:15.399819,-13.0,10.25,38.78,1,2
2026-03-25 18:36:20.399819,-13.28,0.0,32.0,0,0
2026-03-25 18:36:25.399819,-13.38,5.87,33.89,0,1
2026-03-25 18:36:30.399819,-12.97,8.86,51.72,1,2
2026-03-25 18:36:35.399819,-12.98,8.5,50.3,1,2
2026-03-25 18:36:40.399819,-12.72,11.86,40.86,1,2
2026-03-25 18:36:45.399819,-13.14,0.0,32.0,0,0
2026-03-25 18:36:50.399819,-13.74,0.0,32.0,0,0
2026-03-25 18:36:55.399819,-13.25,10.02,45.5,1,2
2026-03-25 18:37:00.399819,-12.81,9.91,51.31,1,2
2026-03-25 18:37:05.399819,-13.69,0.0,32.0,0,0
2026-03-25 18:37:10.399819,-13.38,0.0,32.0,0,0
2026-03-25 18:37:15.399819,-12.77,10.5,35.71,1,2
2026-03-25 18:37:20.399819,-13.66,5.14,34.07,0,1
2026-03-25 18:37:25.399819,-12.85,9.94,45.08,1,2
2026-03-25 18:37:30.399819,-13.36,0.0,32.0,0,0
2026-03-25 18:37:35.399819,-13.05,10.07,52.08,1,2
2026-03-25 18:37:40.399819,-12.98,10.96,49.66,1,2
2026-03-25 18:37:45.399819,-12.84,9.58,46.98,1,2
2026-03-25 18:37:50.399819,-13.59,5.34,39.35,0,1
2026-03-25 18:37:55.399819,-13.59,6.34,31.65,0,1
2026-03-25 18:38:00.399819,-12.89,11.38,44.62,1,2
2026-03-25 18:38:05.399819,-13.35,6.84,37.5,0,1
2026-03-25 18:38:10.399819,-13.51,0.0,32.0,0,0
2026-03-25 18:38:15.399819,-13.02,0.0,32.0,0,0
2026-03-25 18:38:20.399819,-12.88,10.62,45.05,1,2
2026-03-25 18:38:25.399819,-13.51,5.12,34.18,0,1
2026-03-25 18:38:30.399819,-13.08,9.43,49.73,1,2
2026-03-25 18:38:35.399819,-13.64,0.0,32.0,0,0
2026-03-25 18:38:40.399819,-13.61,5.31,31.44,0,1
2026-03-25 18:38:45.399819,-13.05,0.0,32.0,0,0
2026-03-25 18:38:50.399819,-13.67,0.0,32.0,0,0
2026-03-25 18:38:55.399819,-13.41,7.76,36.37,0,1
2026-03-25 18:39:00.399819,-13.23,0.0,32.0,0,0
2026-03-25 18:39:05.399819,-13.09,0.0,32.0,0,0
2026-03-25 18:39:10.399819,-13.05,8.82,54.4,1,2
2026-03-25 18:39:15.399819,-13.53,5.21,31.77,0,1
2026-03-25 18:39:20.399819,-13.28,10.19,40.87,1,2
2026-03-25 18:39:25.399819,-13.5,0.0,32.0,0,0
2026-03-25 18:39:30.399819,-12.86,8.69,44.96,1,2
2026-03-25 18:39:35.399819,-13.05,8.36,48.67,1,2
2026-03-25 18:39:40.399819,-13.68,7.62,31.67,0,1
2026-03-25 18:39:45.399819,-13.67,0.0,32.0,0,0
2026-03-25 18:39:50.399819,-13.37,5.77,35.99,0,1
2026-03-25 18:39:55.399819,-13.67,0.0,32.0,0,0
2026-03-25 18:40:00.399819,-13.2,11.72,48.41,1,2
2026-03-25 18:40:05.399819,-13.05,11.84,47.54,1,2
2026-03-25 18:40:10.399819,-13.24,9.81,38.56,1,2
2026-03-25 18:40:15.399819,-13.21,0.0,32.0,0,0
2026-03-25 18:40:20.399819,-13.63,5.81,36.22,0,1
2026-03-25 18:40:25.399819,-13.55,0.0,32.0,0,0
2026-03-25 18:40:30.399819,-13.47,7.79,39.74,0,1
2026-03-25 18:40:35.399819,-13.39,7.86,34.63,0,1
2026-03-25 18:40:40.399819,-13.6,6.96,35.71,0,1
2026-03-25 18:40:45.399819,-13.41,6.92,30.36,0,1
2026-03-25 18:40:50.399819,-13.07,10.47,44.23,1,2
2026-03-25 18:40:55.399819,-13.38,6.8,39.39,0,1
2026-03-25 18:41:00.399819,-13.34,0.0,32.0,0,0
2026-03-25 18:41:05.399819,-13.12,11.29,36.37,1,2
2026-03-25 18:41:10.399819,-12.93,11.46,48.48,1,2
2026-03-25 18:41:15.399819,-13.63,0.0,32.0,0,0
2026-03-25 18:41:20.399819,-13.58,5.3,38.25,0,1
2026-03-25 18:41:25.399819,-13.21,0.0,32.0,0,0
2026-03-25 18:41:30.399819,-12.72,11.05,45.28,1,2
2026-03-25 18:41:35.399819,-13.91,0.0,32.0,0,0
2026-03-25 18:41:40.399819,-12.74,8.3,48.92,1,2
2026-03-25 18:41:45.399819,-13.35,7.75,37.28,0,1
2026-03-25 18:41:50.399819,-12.89,9.2,37.87,1,2
2026-03-25 18:41:55.399819,-13.1,10.46,45.67,1,2
2026-03-25 18:42:00.399819,-13.21,8.12,52.04,1,2
2026-03-25 18:42:05.399819,-13.53,5.87,33.32,0,1
2026-03-25 18:42:10.399819,-12.9,8.07,49.65,1,2
2026-03-25 18:42:15.399819,-13.63,0.0,32.0,0,0
2026-03-25 18:42:20.399819,-13.48,6.48,36.23,0,1
2026-03-25 18:42:25.399819,-13.4,6.71,32.18,0,1
2026-03-25 18:42:30.399819,-13.61,6.71,38.85,0,1
2026-03-25 18:42:35.399819,-13.15,9.3,53.25,1,2
2026-03-25 18:42:40.399819,-13.7,0.0,32.0,0,0
2026-03-25 18:42:45.399819,-13.27,0.0,32.0,0,0
2026-03-25 18:42:50.399819,-12.96,10.03,46.97,1,2
2026-03-25 18:42:55.399819,-13.64,0.0,32.0,0,0
2026-03-25 18:43:00.399819,-13.4,5.43,37.94,0,1
2026-03-25 18:43:05.399819,-13.53,5.73,34.77,0,1
2026-03-25 18:43:10.399819,-13.16,9.17,41.12,1,2
2026-03-25 18:43:15.399819,-13.09,0.0,32.0,0,0
2026-03-25 18:43:20.399819,-12.78,10.01,47.49,1,2
2026-03-25 18:43:25.399819,-13.34,5.15,33.37,0,1
2026-03-25 18:43:30.399819,-13.46,5.49,33.42,0,1
2026-03-25 18:43:35.399819,-13.32,0.0,32.0,0,0
2026-03-25 18:43:40.399819,-13.64,7.51,35.01,0,1
2026-03-25 18:43:45.399819,-13.37,6.73,36.65,0,1
2026-03-25 18:43:50.399819,-13.25,0.0,32.0,0,0
2026-03-25 18:43:55.399819,-13.36,0.0,32.0,0,0
2026-03-25 18:44:00.399819,-13.67,6.84,31.41,0,1
2026-03-25 18:44:05.399819,-12.92,9.37,46.34,1,2
2026-03-25 18:44:10.399819,-13.04,9.02,50.11,1,2
2026-03-25 18:44:15.399819,-13.75,0.0,32.0,0,0
2026-03-25 18:44:20.399819,-13.26,9.81,44.84,1,2
2026-03-25 18:44:25.399819,-13.33,0.0,32.0,0,0
2026-03-25 18:44:30.399819,-12.99,11.83,48.46,1,2
2026-03-25 18:44:35.399819,-13.57,5.15,39.0,0,1
2026-03-25 18:44:40.399819,-13.46,7.72,30.28,0,1
2026-03-25 18:44:45.399819,-13.69,0.0,32.0,0,0
2026-03-25 18:44:50.399819,-13.83,0.0,32.0,0,0
2026-03-25 18:44:55.399819,-12.82,8.26,45.98,1,2
2026-03-25 18:45:00.399819,-13.58,0.0,32.0,0,0
2026-03-25 18:45:05.399819,-13.66,0.0,32.0,0,0
2026-03-25 18:45:10.399819,-13.09,0.0,32.0,0,0
2026-03-25 18:45:15.399819,-12.83,11.07,36.8,1,2
2026-03-25 18:45:20.399819,-13.56,0.0,32.0,0,0
2026-03-25 18:45:25.399819,-13.65,0.0,32.0,0,0
2026-03-25 18:45:30.399819,-13.13,11.92,52.03,1,2
2026-03-25 18:45:35.399819,-13.34,7.13,36.04,0,1
2026-03-25 18:45:40.399819,-13.39,0.0,32.0,0,0
2026-03-25 18:45:45.399819,-13.74,0.0,32.0,0,0
2026-03-25 18:45:50.399819,-12.78,9.47,47.4,1,2
2026-03-25 18:45:55.399819,-13.03,8.13,53.8,1,2
2026-03-25 18:46:00.399819,-13.91,0.0,32.0,0,0
2026-03-25 18:46:05.399819,-13.33,7.05,36.26,0,1
2026-03-25 18:46:10.399819,-13.6,0.0,32.0,0,0
2026-03-25 18:46:15.399819,-13.45,0.0,32.0,0,0
2026-03-25 18:46:20.399819,-13.32,7.11,39.89,0,1
2026-03-25 18:46:25.399819,-13.45,7.33,30.87,0,1
2026-03-25 18:46:30.399819,-12.89,10.95,35.31,1,2
2026-03-25 18:46:35.399819,-13.97,0.0,32.0,0,0
2026-03-25 18:46:40.399819,-13.66,5.55,30.61,0,1
2026-03-25 18:46:45.399819,-13.59,7.82,39.64,0,1
2026-03-25 18:46:50.399819,-13.09,10.93,46.96,1,2
2026-03-25 18:46:55.399819,-12.97,9.14,51.95,1,2
2026-03-25 18:47:00.399819,-12.85,8.32,50.48,1,2
2026-03-25 18:47:05.399819,-13.43,7.92,39.9,0,1
2026-03-25 18:47:10.399819,-13.65,5.36,34.67,0,1
2026-03-25 18:47:15.399819,-13.85,0.0,32.0,0,0
2026-03-25 18:47:20.399819,-13.5,6.28,31.1,0,1
2026-03-25 18:47:25.399819,-13.99,0.0,32.0,0,0
2026-03-25 18:47:30.399819,-13.67,6.56,35.14,0,1
2026-03-25 18:47:35.399819,-13.26,11.2,40.62,1,2
2026-03-25 18:47:40.399819,-13.41,0.0,32.0,0,0
2026-03-25 18:47:45.399819,-13.67,7.44,38.08,0,1
2026-03-25 18:47:50.399819,-12.93,11.65,39.83,1,2
2026-03-25 18:47:55.399819,-13.06,10.26,45.83,1,2
2026-03-25 18:48:00.399819,-13.02,10.33,43.5,1,2
2026-03-25 18:48:05.399819,-13.56,7.77,35.42,0,1
2026-03-25 18:48:10.399819,-13.51,7.31,33.06,0,1
2026-03-25 18:48:15.399819,-13.41,5.05,38.44,0,1
2026-03-25 18:48:20.399819,-12.8,9.93,51.88,1,2
2026-03-25 18:48:25.399819,-12.9,8.15,42.98,1,2
2026-03-25 18:48:30.399819,-13.46,0.0,32.0,0,0
2026-03-25 18:48:35.399819,-13.24,9.49,53.69,1,2
2026-03-25 18:48:40.399819,-12.85,9.82,35.61,1,2
2026-03-25 18:48:45.399819,-13.85,0.0,32.0,0,0
2026-03-25 18:48:50.399819,-13.02,11.34,49.73,1,2
2026-03-25 18:48:55.399819,-13.43,6.21,33.83,0,1
2026-03-25 18:49:00.399819,-12.82,8.96,54.08,1,2
2026-03-25 18:49:05.399819,-13.28,0.0,32.0,0,0
2026-03-25 18:49:10.399819,-12.91,8.71,43.37,1,2
2026-03-25 18:49:15.399819,-13.06,11.82,49.29,1,2
2026-03-25 18:49:20.399819,-13.54,5.22,30.74,0,1
2026-03-25 18:49:25.399819,-13.64,0.0,32.0,0,0
2026-03-25 18:49:30.399819,-12.74,9.27,54.45,1,2
2026-03-25 18:49:35.399819,-13.59,7.65,38.18,0,1
2026-03-25 18:49:40.399819,-13.11,10.97,52.34,1,2
2026-03-25 18:49:45.399819,-12.98,11.72,37.58,1,2
2026-03-25 18:49:50.399819,-12.99,8.94,43.7,1,2
2026-03-25 18:49:55.399819,-13.51,5.87,39.63,0,1
2026-03-25 18:50:00.399819,-13.97,0.0,32.0,0,0
2026-03-25 18:50:05.399819,-13.92,0.0,32.0,0,0
2026-03-25 18:50:10.399819,-13.65,5.41,39.21,0,1
2026-03-25 18:50:15.399819,-13.4,6.25,33.96,0,1
2026-03-25 18:50:20.399819,-13.94,0.0,32.0,0,0
2026-03-25 18:50:25.399819,-13.44,5.61,37.08,0,1
2026-03-25 18:50:30.399819,-13.62,7.62,30.75,0,1
2026-03-25 18:50:35.399819,-13.41,6.12,34.06,0,1
2026-03-25 18:50:40.399819,-13.48,6.05,30.07,0,1
2026-03-25 18:50:45.399819,-13.56,6.14,38.68,0,1
2026-03-25 18:50:50.399819,-13.41,6.87,37.1,0,1
2026-03-25 18:50:55.399819,-13.34,0.0,32.0,0,0
2026-03-25 18:51:00.399819,-13.21,0.0,32.0,0,0
2026-03-25 18:51:05.399819,-13.38,0.0,32.0,0,0
2026-03-25 18:51:10.399819,-12.72,9.05,38.68,1,2
2026-03-25 18:51:15.399819,-13.98,0.0,32.0,0,0
2026-03-25 18:51:20.399819,-13.95,0.0,32.0,0,0
2026-03-25 18:51:25.399819,-12.79,11.0,51.53,1,2
2026-03-25 18:51:30.399819,-12.88,10.12,47.16,1,2
2026-03-25 18:51:35.399819,-13.33,5.96,30.43,0,1
2026-03-25 18:51:40.399819,-13.33,5.21,35.95,0,1
2026-03-25 18:51:45.399819,-13.88,0.0,32.0,0,0
2026-03-25 18:51:50.399819,-13.44,0.0,32.0,0,0
2026-03-25 18:51:55.399819,-13.2,0.0,32.0,0,0
2026-03-25 18:52:00.399819,-13.64,5.36,39.04,0,1
2026-03-25 18:52:05.399819,-13.43,5.83,39.43,0,1
2026-03-25 18:52:10.399819,-13.21,0.0,32.0,0,0
2026-03-25 18:52:15.399819,-13.51,0.0,32.0,0,0
2026-03-25 18:52:20.399819,-13.0,11.82,42.87,1,2
2026-03-25 18:52:25.399819,-13.62,6.7,34.31,0,1
2026-03-25 18:52:30.399819,-12.93,9.19,47.5,1,2
2026-03-25 18:52:35.399819,-13.69,5.68,31.72,0,1
2026-03-25 18:52:40.399819,-13.64,6.87,38.4,0,1
2026-03-25 18:52:45.399819,-13.32,6.28,38.53,0,1
2026-03-25 18:52:50.399819,-13.4,0.0,32.0,0,0
2026-03-25 18:52:55.399819,-13.65,5.1,33.37,0,1
2026-03-25 18:53:00.399819,-13.68,5.87,38.5,0,1
2026-03-25 18:53:05.399819,-13.62,0.0,32.0,0,0
2026-03-25 18:53:10.399819,-13.87,0.0,32.0,0,0
2026-03-25 18:53:15.399819,-13.33,6.58,33.78,0,1
2026-03-25 18:53:20.399819,-13.56,5.41,38.4,0,1
2026-03-25 18:53:25.399819,-12.94,10.9,42.98,1,2
2026-03-25 18:53:30.399819,-12.71,10.12,37.62,1,2
2026-03-25 18:53:35.399819,-13.39,0.0,32.0,0,0
2026-03-25 18:53:40.399819,-13.03,9.48,51.07,1,2
2026-03-25 18:53:45.399819,-14.0,0.0,32.0,0,0
2026-03-25 18:53:50.399819,-13.69,0.0,32.0,0,0
2026-03-25 18:53:55.399819,-13.51,0.0,32.0,0,0
2026-03-25 18:54:00.399819,-13.68,5.72,32.82,0,1
2026-03-25 18:54:05.399819,-13.07,11.09,49.7,1,2
2026-03-25 18:54:10.399819,-13.67,0.0,32.0,0,0
2026-03-25 18:54:15.399819,-13.35,6.39,39.8,0,1
2026-03-25 18:54:20.399819,-13.52,7.98,36.62,0,1
2026-03-25 18:54:25.399819,-12.9,9.43,46.53,1,2
2026-03-25 18:54:30.399819,-13.48,7.42,38.24,0,1
2026-03-25 18:54:35.399819,-13.34,7.57,38.56,0,1
2026-03-25 18:54:40.399819,-13.36,5.56,39.97,0,1
2026-03-25 18:54:45.399819,-13.39,0.0,32.0,0,0
2026-03-25 18:54:50.399819,-13.38,7.17,37.95,0,1
2026-03-25 18:54:55.399819,-13.58,7.38,38.8,0,1
2026-03-25 18:55:00.399819,-13.49,7.24,39.87,0,1
2026-03-25 18:55:05.399819,-13.22,9.96,36.16,1,2
2026-03-25 18:55:10.399819,-13.5,6.18,37.38,0,1
2026-03-25 18:55:15.399819,-13.14,0.0,32.0,0,0
2026-03-25 18:55:20.399819,-13.22,0.0,32.0,0,0
2026-03-25 18:55:25.399819,-13.45,5.32,30.1,0,1
2026-03-25 18:55:30.399819,-13.79,0.0,32.0,0,0
2026-03-25 18:55:35.399819,-12.8,8.19,46.28,1,2
2026-03-25 18:55:40.399819,-13.61,5.92,32.85,0,1
2026-03-25 18:55:45.399819,-13.13,0.0,32.0,0,0
2026-03-25 18:55:50.399819,-13.66,0.0,32.0,0,0
2026-03-25 18:55:55.399819,-13.68,7.24,38.69,0,1
2026-03-25 18:56:00.399819,-12.9,10.67,47.75,1,2
2026-03-25 18:56:05.399819,-13.31,6.45,39.06,0,1
2026-03-25 18:56:10.399819,-13.81,0.0,32.0,0,0
2026-03-25 18:56:15.399819,-13.25,10.9,48.35,1,2
2026-03-25 18:56:20.399819,-13.38,0.0,32.0,0,0
2026-03-25 18:56:25.399819,-13.52,0.0,32.0,0,0
2026-03-25 18:56:30.399819,-13.87,0.0,32.0,0,0
2026-03-25 18:56:35.399819,-12.72,9.57,54.28,1,2
2026-03-25 18:56:40.399819,-13.29,0.0,32.0,0,0
2026-03-25 18:56:45.399819,-13.14,11.24,52.16,1,2
2026-03-25 18:56:50.399819,-13.14,0.0,32.0,0,0
2026-03-25 18:56:55.399819,-13.48,0.0,32.0,0,0
2026-03-25 18:57:00.399819,-13.38,5.94,32.06,0,1
2026-03-25 18:57:05.399819,-13.2,8.33,51.39,1,2
2026-03-25 18:57:10.399819,-13.42,7.21,32.75,0,1
2026-03-25 18:57:15.399819,-13.21,10.71,52.0,1,2
2026-03-25 18:57:20.399819,-13.3,0.0,32.0,0,0
2026-03-25 18:57:25.399819,-12.73,11.48,46.35,1,2
2026-03-25 18:57:30.399819,-13.13,8.55,50.08,1,2
2026-03-25 18:57:35.399819,-13.59,6.97,33.04,0,1
2026-03-25 18:57:40.399819,-13.55,0.0,32.0,0,0
2026-03-25 18:57:45.399819,-12.93,9.99,37.86,1,2
2026-03-25 18:57:50.399819,-12.81,9.58,52.39,1,2
2026-03-25 18:57:55.399819,-12.93,8.76,50.55,1,2
2026-03-25 18:58:00.399819,-12.79,10.74,52.34,1,2
2026-03-25 18:58:05.399819,-12.75,9.27,52.59,1,2
2026-03-25 18:58:10.399819,-13.0,10.62,51.64,1,2
2026-03-25 18:58:15.399819,-13.44,6.16,32.22,0,1
2026-03-25 18:58:20.399819,-12.83,8.2,53.68,1,2
2026-03-25 18:58:25.399819,-12.72,8.74,46.8,1,2
2026-03-25 18:58:30.399819,-13.4,5.14,34.18,0,1
2026-03-25 18:58:35.399819,-13.02,0.0,32.0,0,0
2026-03-25 18:58:40.399819,-12.75,11.55,41.2,1,2
2026-03-25 18:58:45.399819,-13.42,7.2,30.88,0,1
2026-03-25 18:58:50.399819,-13.33,7.62,38.93,0,1
2026-03-25 18:58:55.399819,-13.44,0.0,32.0,0,0
2026-03-25 18:59:00.399819,-13.46,6.6,39.61,0,1
2026-03-25 18:59:05.399819,-13.75,0.0,32.0,0,0
2026-03-25 18:59:10.399819,-13.23,0.0,32.0,0,0
2026-03-25 18:59:15.399819,-12.7,11.36,46.69,1,2
2026-03-25 18:59:20.399819,-13.02,8.44,46.24,1,2
2026-03-25 18:59:25.399819,-13.54,6.12,31.59,0,1
2026-03-25 18:59:30.399819,-13.34,7.28,35.26,0,1
2026-03-25 18:59:35.399819,-13.55,0.0,32.0,0,0
2026-03-25 18:59:40.399819,-13.0,0.0,32.0,0,0
2026-03-25 18:59:45.399819,-13.93,0.0,32.0,0,0
2026-03-25 18:59:50.399819,-13.76,0.0,32.0,0,0
2026-03-25 18:59:55.399819,-13.39,5.64,32.5,0,1
2026-03-25 19:00:00.399819,-13.34,0.0,32.0,0,0
2026-03-25 19:00:05.399819,-13.43,7.11,31.63,0,1
2026-03-25 19:00:10.399819,-13.04,10.22,38.93,1,2
2026-03-25 19:00:15.399819,-13.45,5.51,32.38,0,1
2026-03-25 19:00:20.399819,-12.99,11.4,48.2,1,2
2026-03-25 19:00:25.399819,-13.31,0.0,32.0,0,0
2026-03-25 19:00:30.399819,-13.89,0.0,32.0,0,0
2026-03-25 19:00:35.399819,-13.12,0.0,32.0,0,0
2026-03-25 19:00:40.399819,-13.82,0.0,32.0,0,0
2026-03-25 19:00:45.399819,-13.53,7.29,35.73,0,1
2026-03-25 19:00:50.399819,-13.99,0.0,32.0,0,0
2026-03-25 19:00:55.399819,-13.49,6.12,36.37,0,1
2026-03-25 19:01:00.399819,-13.58,6.71,34.42,0,1
2026-03-25 19:01:05.399819,-13.17,9.28,35.94,1,2
2026-03-25 19:01:10.399819,-13.47,6.84,30.28,0,1
2026-03-25 19:01:15.399819,-13.25,8.52,35.87,1,2
2026-03-25 19:01:20.399819,-13.64,5.49,30.23,0,1
2026-03-25 19:01:25.399819,-12.72,10.13,35.75,1,2
2026-03-25 19:01:30.399819,-13.5,7.82,32.93,0,1
2026-03-25 19:01:35.399819,-13.88,0.0,32.0,0,0
2026-03-25 19:01:40.399819,-13.71,0.0,32.0,0,0
2026-03-25 19:01:45.399819,-13.57,6.61,38.55,0,1
2026-03-25 19:01:50.399819,-12.84,8.96,41.12,1,2
2026-03-25 19:01:55.399819,-13.99,0.0,32.0,0,0
2026-03-25 19:02:00.399819,-13.06,0.0,32.0,0,0
2026-03-25 19:02:05.399819,-13.43,5.88,39.64,0,1
2026-03-25 19:02:10.399819,-13.93,0.0,32.0,0,0
2026-03-25 19:02:15.399819,-13.08,8.09,46.52,1,2
2026-03-25 19:02:20.399819,-13.3,0.0,32.0,0,0
2026-03-25 19:02:25.399819,-13.38,7.01,33.54,0,1
2026-03-25 19:02:30.399819,-13.53,0.0,32.0,0,0
2026-03-25 19:02:35.399819,-13.52,0.0,32.0,0,0
2026-03-25 19:02:40.399819,-13.4,0.0,32.0,0,0
2026-03-25 19:02:45.399819,-13.3,7.73,39.44,0,1
2026-03-25 19:02:50.399819,-13.31,6.74,35.47,0,1
2026-03-25 19:02:55.399819,-13.45,7.19,37.39,0,1
2026-03-25 19:03:00.399819,-13.29,9.66,41.4,1,2
2026-03-25 19:03:05.399819,-13.2,10.6,45.87,1,2
2026-03-25 19:03:10.399819,-14.0,0.0,32.0,0,0
2026-03-25 19:03:15.399819,-13.89,0.0,32.0,0,0
2026-03-25 19:03:20.399819,-13.4,6.95,32.13,0,1
2026-03-25 19:03:25.399819,-13.62,7.05,36.06,0,1
2026-03-25 19:03:30.399819,-13.52,7.06,37.53,0,1
2026-03-25 19:03:35.399819,-12.91,11.26,38.4,1,2
2026-03-25 19:03:40.399819,-13.37,6.29,39.47,0,1
2026-03-25 19:03:45.399819,-13.23,8.29,36.57,1,2
2026-03-25 19:03:50.399819,-12.83,11.34,51.95,1,2
2026-03-25 19:03:55.399819,-13.67,5.87,34.5,0,1
2026-03-25 19:04:00.399819,-13.39,5.19,38.96,0,1
2026-03-25 19:04:05.399819,-13.55,6.39,38.69,0,1
2026-03-25 19:04:10.399819,-13.57,5.08,33.01,0,1
2026-03-25 19:04:15.399819,-13.86,0.0,32.0,0,0
2026-03-25 19:04:20.399819,-13.06,0.0,32.0,0,0
2026-03-25 19:04:25.399819,-13.56,7.52,33.17,0,1
2026-03-25 19:04:30.399819,-13.61,0.0,32.0,0,0
2026-03-25 19:04:35.399819,-13.63,6.43,33.72,0,1
2026-03-25 19:04:40.399819,-13.53,6.11,30.65,0,1
2026-03-25 19:04:45.399819,-12.73,10.57,54.11,1,2
2026-03-25 19:04:50.399819,-13.63,0.0,32.0,0,0
2026-03-25 19:04:55.399819,-13.37,7.15,32.48,0,1
2026-03-25 19:05:00.399819,-13.55,5.95,31.88,0,1
2026-03-25 19:05:05.399819,-13.41,0.0,32.0,0,0
2026-03-25 19:05:10.399819,-13.25,9.16,49.45,1,2
2026-03-25 19:05:15.399819,-13.64,6.73,37.31,0,1
2026-03-25 19:05:20.399819,-13.51,6.3,38.05,0,1
2026-03-25 19:05:25.399819,-13.44,5.2,35.0,0,1
2026-03-25 19:05:30.399819,-13.51,0.0,32.0,0,0
2026-03-25 19:05:35.399819,-13.39,0.0,32.0,0,0
2026-03-25 19:05:40.399819,-13.01,0.0,32.0,0,0
2026-03-25 19:05:45.399819,-12.82,10.1,49.76,1,2
2026-03-25 19:05:50.399819,-13.59,7.64,38.0,0,1
2026-03-25 19:05:55.399819,-13.49,6.87,31.86,0,1
2026-03-25 19:06:00.399819,-12.81,10.03,40.57,1,2
2026-03-25 19:06:05.399819,-12.84,8.96,52.25,1,2
2026-03-25 19:06:10.399819,-13.41,7.99,37.68,0,1
2026-03-25 19:06:15.399819,-13.38,6.44,38.21,0,1
2026-03-25 19:06:20.399819,-13.36,6.76,39.06,0,1
2026-03-25 19:06:25.399819,-12.92,9.02,43.67,1,2
2026-03-25 19:06:30.399819,-13.28,8.02,43.69,1,2
2026-03-25 19:06:35.399819,-13.2,8.36,44.39,1,2
2026-03-25 19:06:40.399819,-13.65,0.0,32.0,0,0
2026-03-25 19:06:45.399819,-13.13,9.12,39.26,1,2
2026-03-25 19:06:50.399819,-13.54,5.1,36.36,0,1
2026-03-25 19:06:55.399819,-13.29,10.26,52.18,1,2
2026-03-25 19:07:00.399819,-13.51,6.26,38.35,0,1
2026-03-25 19:07:05.399819,-12.81,9.9,46.81,1,2
2026-03-25 19:07:10.399819,-12.78,9.69,54.23,1,2
2026-03-25 19:07:15.399819,-13.25,10.22,38.84,1,2
2026-03-25 19:07:20.399819,-12.71,10.07,53.57,1,2
2026-03-25 19:07:25.399819,-12.91,10.58,54.1,1,2
2026-03-25 19:07:30.399819,-13.34,0.0,32.0,0,0
2026-03-25 19:07:35.399819,-13.67,0.0,32.0,0,0
2026-03-25 19:07:40.399819,-13.5,6.3,32.79,0,1
2026-03-25 19:07:45.399819,-12.75,11.14,41.58,1,2
2026-03-25 19:07:50.399819,-13.36,5.57,36.93,0,1
2026-03-25 19:07:55.399819,-13.55,0.0,32.0,0,0
2026-03-25 19:08:00.399819,-13.43,7.79,34.92,0,1
2026-03-25 19:08:05.399819,-13.08,0.0,32.0,0,0
2026-03-25 19:08:10.399819,-13.33,7.36,30.57,0,1
2026-03-25 19:08:15.399819,-12.85,11.83,53.15,1,2
2026-03-25 19:08:20.399819,-13.49,5.98,32.78,0,1
2026-03-25 19:08:25.399819,-12.76,9.91,48.13,1,2
2026-03-25 19:08:30.399819,-12.73,11.8,43.91,1,2
2026-03-25 19:08:35.399819,-12.92,9.44,45.05,1,2
2026-03-25 19:08:40.399819,-13.34,7.28,32.98,0,1
2026-03-25 19:08:45.399819,-13.86,0.0,32.0,0,0
2026-03-25 19:08:50.399819,-13.58,0.0,32.0,0,0
2026-03-25 19:08:55.399819,-13.56,0.0,32.0,0,0
2026-03-25 19:09:00.399819,-13.47,6.87,31.49,0,1
2026-03-25 19:09:05.399819,-13.37,5.09,39.29,0,1
2026-03-25 19:09:10.399819,-13.52,7.54,33.71,0,1
2026-03-25 19:09:15.399819,-12.76,9.12,40.11,1,2
2026-03-25 19:09:20.399819,-12.82,10.26,42.32,1,2
2026-03-25 19:09:25.399819,-13.59,0.0,32.0,0,0
2026-03-25 19:09:30.399819,-13.57,6.39,35.25,0,1
2026-03-25 19:09:35.399819,-13.15,11.36,39.13,1,2
2026-03-25 19:09:40.399819,-12.74,9.19,48.96,1,2
2026-03-25 19:09:45.399819,-13.45,7.5,35.73,0,1
2026-03-25 19:09:50.399819,-13.31,5.75,38.88,0,1
2026-03-25 19:09:55.399819,-13.52,6.58,34.47,0,1
2026-03-25 19:10:00.399819,-13.53,0.0,32.0,0,0
2026-03-25 19:10:05.399819,-12.98,9.64,53.39,1,2
2026-03-25 19:10:10.399819,-12.84,11.28,44.76,1,2
2026-03-25 19:10:15.399819,-12.9,11.01,42.97,1,2
2026-03-25 19:10:20.399819,-13.63,5.46,39.06,0,1
2026-03-25 19:10:25.399819,-12.97,10.55,41.96,1,2
2026-03-25 19:10:30.399819,-13.55,0.0,32.0,0,0
2026-03-25 19:10:35.399819,-13.44,7.26,32.05,0,1
2026-03-25 19:10:40.399819,-13.62,0.0,32.0,0,0
2026-03-25 19:10:45.399819,-12.73,11.7,54.48,1,2
2026-03-25 19:10:50.399819,-13.03,0.0,32.0,0,0
2026-03-25 19:10:55.399819,-13.12,0.0,32.0,0,0
2026-03-25 19:11:00.399819,-13.97,0.0,32.0,0,0
2026-03-25 19:11:05.399819,-12.87,9.8,37.56,1,2
2026-03-25 19:11:10.399819,-13.53,0.0,32.0,0,0
2026-03-25 19:11:15.399819,-13.5,7.77,38.33,0,1
2026-03-25 19:11:20.399819,-13.48,5.49,39.44,0,1
2026-03-25 19:11:25.399819,-13.56,0.0,32.0,0,0
2026-03-25 19:11:30.399819,-13.35,0.0,32.0,0,0
2026-03-25 19:11:35.399819,-12.73,10.55,42.86,1,2
2026-03-25 19:11:40.399819,-13.33,7.09,30.09,0,1
2026-03-25 19:11:45.399819,-13.03,9.92,49.11,1,2
2026-03-25 19:11:50.399819,-13.36,6.12,35.12,0,1
2026-03-25 19:11:55.399819,-12.8,11.14,49.95,1,2
2026-03-25 19:12:00.399819,-13.83,0.0,32.0,0,0
2026-03-25 19:12:05.399819,-12.72,11.45,51.06,1,2
2026-03-25 19:12:10.399819,-13.72,0.0,32.0,0,0
2026-03-25 19:12:15.399819,-13.26,9.63,39.41,1,2
2026-03-25 19:12:20.399819,-12.96,11.18,35.77,1,2
2026-03-25 19:12:25.399819,-13.25,11.09,39.83,1,2
2026-03-25 19:12:30.399819,-13.11,10.78,48.26,1,2
2026-03-25 19:12:35.399819,-13.03,10.0,36.74,1,2
2026-03-25 19:12:40.399819,-13.12,8.77,49.06,1,2
2026-03-25 19:12:45.399819,-13.69,6.74,39.94,0,1
2026-03-25 19:12:50.399819,-13.59,0.0,32.0,0,0
2026-03-25 19:12:55.399819,-13.27,8.83,39.47,1,2
2026-03-25 19:13:00.399819,-13.19,11.12,54.08,1,2
2026-03-25 19:13:05.399819,-13.34,0.0,32.0,0,0
2026-03-25 19:13:10.399819,-12.91,11.21,38.2,1,2
2026-03-25 19:13:15.399819,-13.69,5.84,39.95,0,1
2026-03-25 19:13:20.399819,-12.84,9.62,46.48,1,2
2026-03-25 19:13:25.399819,-13.1,11.51,45.54,1,2
2026-03-25 19:13:30.399819,-13.61,7.69,33.87,0,1
2026-03-25 19:13:35.399819,-13.36,5.3,36.42,0,1
2026-03-25 19:13:40.399819,-13.05,0.0,32.0,0,0
2026-03-25 19:13:45.399819,-13.01,0.0,32.0,0,0
2026-03-25 19:13:50.399819,-12.83,10.86,36.09,1,2
2026-03-25 19:13:55.399819,-13.04,11.95,46.76,1,2
2026-03-25 19:14:00.399819,-13.22,0.0,32.0,0,0
2026-03-25 19:14:05.399819,-12.99,10.08,37.67,1,2
2026-03-25 19:14:10.399819,-13.08,9.81,49.95,1,2
2026-03-25 19:14:15.399819,-13.61,6.43,36.94,0,1
2026-03-25 19:14:20.399819,-13.07,0.0,32.0,0,0
2026-03-25 19:14:25.399819,-13.13,10.93,37.1,1,2
2026-03-25 19:14:30.399819,-13.18,0.0,32.0,0,0
2026-03-25 19:14:35.399819,-13.93,0.0,32.0,0,0
2026-03-25 19:14:40.399819,-13.8,0.0,32.0,0,0
2026-03-25 19:14:45.399819,-13.26,11.35,50.28,1,2
2026-03-25 19:14:50.399819,-13.48,0.0,32.0,0,0
2026-03-25 19:14:55.399819,-13.29,8.13,39.95,1,2
2026-03-25 19:15:00.399819,-13.29,0.0,32.0,0,0
2026-03-25 19:15:05.399819,-13.94,0.0,32.0,0,0
2026-03-25 19:15:10.399819,-13.41,0.0,32.0,0,0
2026-03-25 19:15:15.399819,-12.82,9.68,46.07,1,2
2026-03-25 19:15:20.399819,-13.24,0.0,32.0,0,0
2026-03-25 19:15:25.399819,-13.84,0.0,32.0,0,0
2026-03-25 19:15:30.399819,-13.4,7.65,39.7,0,1
2026-03-25 19:15:35.399819,-13.43,0.0,32.0,0,0
2026-03-25 19:15:40.399819,-12.81,8.12,52.73,1,2
2026-03-25 19:15:45.399819,-13.63,5.72,30.34,0,1
2026-03-25 19:15:50.399819,-13.08,9.47,53.07,1,2
2026-03-25 19:15:55.399819,-13.89,0.0,32.0,0,0
2026-03-25 19:16:00.399819,-13.09,11.82,49.23,1,2
2026-03-25 19:16:05.399819,-13.4,5.56,30.94,0,1
2026-03-25 19:16:10.399819,-13.07,9.99,52.04,1,2
2026-03-25 19:16:15.399819,-12.76,11.23,42.15,1,2
2026-03-25 19:16:20.399819,-13.16,9.4,49.03,1,2
2026-03-25 19:16:25.399819,-13.73,0.0,32.0,0,0
2026-03-25 19:16:30.399819,-13.37,5.97,31.99,0,1
2026-03-25 19:16:35.399819,-13.54,5.53,37.95,0,1
2026-03-25 19:16:40.399819,-13.46,7.59,38.66,0,1
2026-03-25 19:16:45.399819,-13.19,8.43,35.92,1,2
2026-03-25 19:16:50.399819,-13.37,5.53,30.13,0,1
2026-03-25 19:16:55.399819,-13.5,0.0,32.0,0,0
2026-03-25 19:17:00.399819,-13.59,6.57,39.04,0,1
2026-03-25 19:17:05.399819,-13.44,0.0,32.0,0,0
2026-03-25 19:17:10.399819,-13.3,0.0,32.0,0,0
2026-03-25 19:17:15.399819,-13.12,0.0,32.0,0,0
2026-03-25 19:17:20.399819,-13.23,0.0,32.0,0,0
2026-03-25 19:17:25.399819,-13.5,7.25,31.33,0,1
2026-03-25 19:17:30.399819,-13.03,0.0,32.0,0,0
2026-03-25 19:17:35.399819,-13.36,0.0,32.0,0,0
2026-03-25 19:17:40.399819,-13.66,0.0,32.0,0,0
2026-03-25 19:17:45.399819,-13.36,7.93,33.09,0,1
2026-03-25 19:17:50.399819,-13.31,0.0,32.0,0,0
2026-03-25 19:17:55.399819,-13.04,10.46,39.54,1,2
2026-03-25 19:18:00.399819,-13.11,11.09,52.28,1,2
2026-03-25 19:18:05.399819,-13.68,0.0,32.0,0,0
2026-03-25 19:18:10.399819,-13.01,0.0,32.0,0,0
2026-03-25 19:18:15.399819,-13.34,0.0,32.0,0,0
2026-03-25 19:18:20.399819,-13.69,5.63,35.81,0,1
2026-03-25 19:18:25.399819,-13.28,0.0,32.0,0,0
2026-03-25 19:18:30.399819,-13.51,5.72,32.31,0,1
2026-03-25 19:18:35.399819,-13.87,0.0,32.0,0,0
2026-03-25 19:18:40.399819,-13.38,0.0,32.0,0,0
2026-03-25 19:18:45.399819,-13.15,11.28,40.79,1,2
2026-03-25 19:18:50.399819,-13.05,8.59,49.11,1,2
2026-03-25 19:18:55.399819,-13.42,5.09,37.29,0,1
2026-03-25 19:19:00.399819,-13.94,0.0,32.0,0,0
2026-03-25 19:19:05.399819,-13.42,7.26,33.9,0,1
2026-03-25 19:19:10.399819,-12.9,9.41,42.33,1,2
2026-03-25 19:19:15.399819,-13.42,6.09,39.81,0,1
2026-03-25 19:19:20.399819,-13.48,7.29,32.96,0,1
2026-03-25 19:19:25.399819,-13.34,5.54,37.61,0,1
2026-03-25 19:19:30.399819,-13.66,5.85,35.11,0,1
2026-03-25 19:19:35.399819,-13.33,5.37,37.24,0,1
2026-03-25 19:19:40.399819,-13.82,0.0,32.0,0,0
2026-03-25 19:19:45.399819,-13.54,5.01,31.38,0,1
2026-03-25 19:19:50.399819,-12.9,8.07,36.02,1,2
2026-03-25 19:19:55.399819,-13.63,7.36,30.43,0,1
2026-03-25 19:20:00.399819,-13.7,0.0,32.0,0,0
2026-03-25 19:20:05.399819,-12.72,9.68,43.88,1,2
2026-03-25 19:20:10.399819,-13.13,8.07,51.56,1,2
2026-03-25 19:20:15.399819,-13.4,7.48,30.62,0,1
2026-03-25 19:20:20.399819,-13.79,0.0,32.0,0,0
2026-03-25 19:20:25.399819,-13.29,9.26,44.44,1,2
2026-03-25 19:20:30.399819,-13.61,6.93,30.99,0,1
2026-03-25 19:20:35.399819,-13.53,7.73,34.34,0,1
2026-03-25 19:20:40.399819,-13.58,6.36,34.44,0,1
2026-03-25 19:20:45.399819,-13.48,0.0,32.0,0,0
2026-03-25 19:20:50.399819,-13.25,9.74,51.22,1,2
2026-03-25 19:20:55.399819,-13.65,5.02,36.75,0,1
2026-03-25 19:21:00.399819,-13.05,9.88,38.1,1,2
2026-03-25 19:21:05.399819,-13.34,5.7,39.38,0,1
2026-03-25 19:21:10.399819,-13.25,11.15,39.68,1,2
2026-03-25 19:21:15.399819,-13.14,9.52,38.57,1,2
2026-03-25 19:21:20.399819,-13.12,0.0,32.0,0,0
2026-03-25 19:21:25.399819,-13.13,0.0,32.0,0,0
2026-03-25 19:21:30.399819,-12.76,11.97,54.29,1,2
2026-03-25 19:21:35.399819,-13.61,7.96,39.83,0,1
2026-03-25 19:21:40.399819,-13.18,10.53,42.99,1,2
2026-03-25 19:21:45.399819,-13.47,5.05,38.98,0,1
2026-03-25 19:21:50.399819,-13.37,7.84,30.32,0,1
2026-03-25 19:21:55.399819,-12.99,11.84,46.96,1,2
2026-03-25 19:22:00.399819,-13.52,7.35,38.39,0,1
2026-03-25 19:22:05.399819,-12.99,11.97,51.71,1,2
2026-03-25 19:22:10.399819,-13.12,8.91,47.62,1,2
2026-03-25 19:22:15.399819,-13.15,0.0,32.0,0,0
2026-03-25 19:22:20.399819,-12.86,9.44,44.74,1,2
2026-03-25 19:22:25.399819,-13.49,7.13,32.03,0,1
2026-03-25 19:22:30.399819,-13.42,0.0,32.0,0,0
2026-03-25 19:22:35.399819,-13.97,0.0,32.0,0,0
2026-03-25 19:22:40.399819,-13.82,0.0,32.0,0,0
2026-03-25 19:22:45.399819,-13.11,10.14,46.4,1,2
2026-03-25 19:22:50.399819,-13.61,6.63,35.01,0,1
2026-03-25 19:22:55.399819,-13.67,5.49,31.61,0,1
2026-03-25 19:23:00.399819,-13.69,0.0,32.0,0,0
2026-03-25 19:23:05.399819,-12.81,8.1,48.55,1,2
2026-03-25 19:23:10.399819,-13.4,6.95,36.17,0,1
2026-03-25 19:23:15.399819,-13.23,8.73,44.68,1,2
2026-03-25 19:23:20.399819,-13.88,0.0,32.0,0,0
2026-03-25 19:23:25.399819,-13.3,7.48,37.41,0,1
2026-03-25 19:23:30.399819,-13.04,10.87,43.42,1,2
2026-03-25 19:23:35.399819,-13.61,7.61,39.15,0,1
2026-03-25 19:23:40.399819,-13.74,0.0,32.0,0,0
2026-03-25 19:23:45.399819,-13.26,9.62,48.4,1,2
2026-03-25 19:23:50.399819,-13.78,0.0,32.0,0,0
2026-03-25 19:23:55.399819,-13.35,0.0,32.0,0,0
2026-03-25 19:24:00.399819,-12.97,9.94,46.01,1,2
2026-03-25 19:24:05.399819,-13.74,0.0,32.0,0,0
2026-03-25 19:24:10.399819,-13.74,0.0,32.0,0,0
2026-03-25 19:24:15.399819,-12.73,9.99,39.74,1,2
2026-03-25 19:24:20.399819,-13.61,0.0,32.0,0,0
2026-03-25 19:24:25.399819,-13.09,10.1,46.01,1,2
2026-03-25 19:24:30.399819,-13.73,0.0,32.0,0,0
2026-03-25 19:24:35.399819,-12.7,9.77,54.55,1,2
2026-03-25 19:24:40.399819,-13.17,0.0,32.0,0,0
2026-03-25 19:24:45.399819,-13.44,0.0,32.0,0,0
2026-03-25 19:24:50.399819,-13.53,0.0,32.0,0,0
2026-03-25 19:24:55.399819,-13.11,0.0,32.0,0,0
2026-03-25 19:25:00.399819,-13.53,6.69,33.68,0,1
2026-03-25 19:25:05.399819,-13.14,0.0,32.0,0,0
2026-03-25 19:25:10.399819,-13.42,7.1,31.51,0,1
2026-03-25 19:25:15.399819,-13.76,0.0,32.0,0,0
2026-03-25 19:25:20.399819,-13.41,6.66,34.92,0,1
2026-03-25 19:25:25.399819,-13.45,5.55,38.6,0,1
2026-03-25 19:25:30.399819,-13.11,11.55,44.48,1,2
2026-03-25 19:25:35.399819,-12.77,10.95,39.17,1,2
2026-03-25 19:25:40.399819,-13.86,0.0,32.0,0,0
2026-03-25 19:25:45.399819,-13.56,6.92,38.95,0,1
2026-03-25 19:25:50.399819,-13.69,5.69,32.27,0,1
2026-03-25 19:25:55.399819,-13.43,7.91,35.9,0,1
2026-03-25 19:26:00.399819,-13.25,0.0,32.0,0,0
2026-03-25 19:26:05.399819,-13.03,11.28,40.11,1,2
2026-03-25 19:26:10.399819,-13.13,8.32,45.45,1,2
2026-03-25 19:26:15.399819,-12.93,11.94,50.83,1,2
2026-03-25 19:26:20.399819,-12.72,11.07,40.65,1,2
2026-03-25 19:26:25.399819,-12.78,9.23,49.78,1,2
2026-03-25 19:26:30.399819,-13.5,5.1,30.76,0,1
2026-03-25 19:26:35.399819,-13.58,7.05,34.05,0,1
2026-03-25 19:26:40.399819,-13.45,6.6,31.66,0,1
2026-03-25 19:26:45.399819,-12.77,10.89,46.46,1,2
2026-03-25 19:26:50.399819,-13.49,7.96,35.27,0,1
2026-03-25 19:26:55.399819,-13.64,0.0,32.0,0,0
2026-03-25 19:27:00.399819,-12.84,8.61,44.16,1,2
2026-03-25 19:27:05.399819,-13.51,5.06,36.96,0,1
2026-03-25 19:27:10.399819,-13.62,0.0,32.0,0,0
2026-03-25 19:27:15.399819,-13.65,5.12,38.78,0,1
2026-03-25 19:27:20.399819,-13.16,0.0,32.0,0,0
2026-03-25 19:27:25.399819,-13.72,0.0,32.0,0,0
2026-03-25 19:27:30.399819,-13.37,7.8,31.17,0,1
2026-03-25 19:27:35.399819,-13.66,6.86,38.09,0,1
2026-03-25 19:27:40.399819,-13.49,7.53,34.46,0,1
2026-03-25 19:27:45.399819,-13.08,0.0,32.0,0,0
2026-03-25 19:27:50.399819,-13.13,8.68,50.0,1,2
2026-03-25 19:27:55.399819,-13.05,8.11,53.27,1,2
2026-03-25 19:28:00.399819,-13.68,6.68,38.38,0,1
2026-03-25 19:28:05.399819,-13.49,5.25,32.69,0,1
2026-03-25 19:28:10.399819,-13.04,0.0,32.0,0,0
2026-03-25 19:28:15.399819,-13.29,11.3,43.02,1,2
2026-03-25 19:28:20.399819,-13.34,5.62,35.77,0,1
2026-03-25 19:28:25.399819,-13.37,6.79,30.26,0,1
2026-03-25 19:28:30.399819,-13.11,0.0,32.0,0,0
2026-03-25 19:28:35.399819,-13.78,0.0,32.0,0,0
2026-03-25 19:28:40.399819,-12.79,10.11,52.31,1,2
2026-03-25 19:28:45.399819,-13.43,7.38,35.97,0,1
2026-03-25 19:28:50.399819,-13.03,10.99,37.55,1,2
2026-03-25 19:28:55.399819,-13.39,0.0,32.0,0,0
2026-03-25 19:29:00.399819,-13.49,0.0,32.0,0,0
2026-03-25 19:29:05.399819,-13.86,0.0,32.0,0,0
2026-03-25 19:29:10.399819,-13.75,0.0,32.0,0,0
2026-03-25 19:29:15.399819,-13.61,6.68,32.86,0,1
2026-03-25 19:29:20.399819,-13.34,0.0,32.0,0,0
2026-03-25 19:29:25.399819,-13.13,11.41,38.46,1,2
2026-03-25 19:29:30.399819,-13.45,5.51,36.86,0,1
2026-03-25 19:29:35.399819,-13.97,0.0,32.0,0,0
2026-03-25 19:29:40.399819,-12.97,11.12,51.53,1,2
2026-03-25 19:29:45.399819,-13.4,5.32,31.92,0,1
2026-03-25 19:29:50.399819,-13.68,6.8,36.85,0,1
2026-03-25 19:29:55.399819,-13.71,0.0,32.0,0,0
2026-03-25 19:30:00.399819,-13.24,0.0,32.0,0,0
2026-03-25 19:30:05.399819,-13.08,9.69,48.63,1,2
2026-03-25 19:30:10.399819,-12.84,9.19,42.8,1,2
2026-03-25 19:30:15.399819,-13.47,7.88,33.45,0,1
2026-03-25 19:30:20.399819,-13.51,7.26,36.59,0,1
2026-03-25 19:30:25.399819,-13.74,0.0,32.0,0,0
2026-03-25 19:30:30.399819,-12.78,10.95,40.54,1,2
2026-03-25 19:30:35.399819,-13.24,10.12,54.56,1,2
2026-03-25 19:30:40.399819,-13.21,11.57,53.7,1,2
2026-03-25 19:30:45.399819,-13.56,5.91,31.51,0,1
2026-03-25 19:30:50.399819,-13.44,6.87,36.96,0,1
2026-03-25 19:30:55.399819,-13.29,9.89,47.5,1,2
2026-03-25 19:31:00.399819,-13.69,7.84,37.82,0,1
2026-03-25 19:31:05.399819,-13.71,0.0,32.0,0,0
2026-03-25 19:31:10.399819,-13.42,7.91,33.54,0,1
2026-03-25 19:31:15.399819,-13.02,11.64,44.33,1,2
2026-03-25 19:31:20.399819,-13.52,6.03,39.92,0,1
2026-03-25 19:31:25.399819,-12.98,11.38,54.67,1,2
2026-03-25 19:31:30.399819,-13.41,6.11,33.58,0,1
2026-03-25 19:31:35.399819,-13.22,8.77,41.04,1,2
2026-03-25 19:31:40.399819,-13.53,0.0,32.0,0,0
2026-03-25 19:31:45.399819,-13.25,10.84,49.91,1,2
2026-03-25 19:31:50.399819,-13.14,0.0,32.0,0,0
2026-03-25 19:31:55.399819,-13.85,0.0,32.0,0,0
2026-03-25 19:32:00.399819,-13.51,0.0,32.0,0,0
2026-03-25 19:32:05.399819,-13.53,7.5,32.4,0,1
2026-03-25 19:32:10.399819,-13.12,0.0,32.0,0,0
2026-03-25 19:32:15.399819,-12.98,11.53,46.37,1,2
2026-03-25 19:32:20.399819,-13.3,5.38,38.75,0,1
2026-03-25 19:32:25.399819,-13.41,6.43,31.33,0,1
2026-03-25 19:32:30.399819,-12.85,8.9,41.97,1,2
2026-03-25 19:32:35.399819,-13.82,0.0,32.0,0,0
2026-03-25 19:32:40.399819,-13.7,0.0,32.0,0,0
2026-03-25 19:32:45.399819,-13.66,0.0,32.0,0,0
2026-03-25 19:32:50.399819,-13.72,0.0,32.0,0,0
2026-03-25 19:32:55.399819,-12.71,9.84,50.55,1,2
2026-03-25 19:33:00.399819,-13.38,5.94,39.81,0,1
2026-03-25 19:33:05.399819,-13.51,5.84,30.19,0,1
2026-03-25 19:33:10.399819,-12.89,10.46,49.74,1,2
2026-03-25 19:33:15.399819,-13.14,8.86,37.11,1,2
2026-03-25 19:33:20.399819,-13.16,11.71,52.94,1,2
2026-03-25 19:33:25.399819,-13.16,9.87,47.04,1,2
2026-03-25 19:33:30.399819,-13.46,6.01,36.81,0,1
2026-03-25 19:33:35.399819,-13.59,0.0,32.0,0,0
2026-03-25 19:33:40.399819,-13.55,7.07,38.19,0,1
2026-03-25 19:33:45.399819,-13.7,6.64,34.9,0,1
2026-03-25 19:33:50.399819,-13.41,7.88,33.01,0,1
2026-03-25 19:33:55.399819,-13.34,5.36,33.96,0,1
2026-03-25 19:34:00.399819,-13.24,10.68,51.28,1,2
2026-03-25 19:34:05.399819,-13.43,7.11,33.12,0,1
2026-03-25 19:34:10.399819,-13.6,5.85,36.75,0,1
2026-03-25 19:34:15.399819,-13.58,6.54,35.26,0,1
2026-03-25 19:34:20.399819,-13.72,0.0,32.0,0,0
2026-03-25 19:34:25.399819,-13.65,6.84,33.94,0,1
2026-03-25 19:34:30.399819,-13.82,0.0,32.0,0,0
2026-03-25 19:34:35.399819,-12.79,10.85,45.51,1,2
2026-03-25 19:34:40.399819,-13.6,7.26,35.81,0,1
2026-03-25 19:34:45.399819,-13.67,7.97,35.34,0,1
2026-03-25 19:34:50.399819,-13.42,7.43,36.04,0,1
2026-03-25 19:34:55.399819,-13.13,9.65,40.87,1,2
2026-03-25 19:35:00.399819,-13.01,9.86,41.37,1,2
2026-03-25 19:35:05.399819,-13.67,7.19,38.99,0,1
2026-03-25 19:35:10.399819,-13.07,0.0,32.0,0,0
2026-03-25 19:35:15.399819,-13.61,6.67,31.89,0,1
2026-03-25 19:35:20.399819,-13.26,10.12,53.88,1,2
2026-03-25 19:35:25.399819,-12.71,11.07,52.9,1,2
2026-03-25 19:35:30.399819,-13.62,5.23,33.17,0,1
2026-03-25 19:35:35.399819,-13.45,5.61,33.11,0,1
2026-03-25 19:35:40.399819,-13.04,8.18,54.18,1,2
2026-03-25 19:35:45.399819,-13.38,6.89,39.34,0,1
2026-03-25 19:35:50.399819,-13.32,5.87,36.32,0,1
2026-03-25 19:35:55.399819,-13.9,0.0,32.0,0,0
2026-03-25 19:36:00.399819,-13.04,11.65,50.89,1,2
2026-03-25 19:36:05.399819,-13.65,7.48,39.75,0,1
2026-03-25 19:36:10.399819,-13.46,0.0,32.0,0,0
2026-03-25 19:36:15.399819,-13.25,11.72,42.14,1,2
2026-03-25 19:36:20.399819,-12.8,9.94,51.77,1,2
2026-03-25 19:36:25.399819,-13.46,0.0,32.0,0,0
2026-03-25 19:36:30.399819,-13.51,5.19,30.13,0,1
2026-03-25 19:36:35.399819,-13.48,7.09,37.28,0,1
2026-03-25 19:36:40.399819,-13.5,0.0,32.0,0,0
2026-03-25 19:36:45.399819,-13.07,8.26,42.81,1,2
2026-03-25 19:36:50.399819,-13.29,10.02,54.57,1,2
2026-03-25 19:36:55.399819,-12.98,8.92,42.72,1,2
2026-03-25 19:37:00.399819,-13.26,0.0,32.0,0,0
2026-03-25 19:37:05.399819,-13.44,6.25,36.67,0,1
2026-03-25 19:37:10.399819,-13.95,0.0,32.0,0,0
2026-03-25 19:37:15.399819,-13.67,7.86,32.11,0,1
2026-03-25 19:37:20.399819,-13.86,0.0,32.0,0,0
2026-03-25 19:37:25.399819,-13.42,7.52,30.16,0,1
2026-03-25 19:37:30.399819,-13.6,6.17,31.2,0,1
2026-03-25 19:37:35.399819,-13.31,7.24,32.19,0,1
2026-03-25 19:37:40.399819,-13.31,7.89,30.75,0,1
2026-03-25 19:37:45.399819,-13.65,6.2,31.84,0,1
2026-03-25 19:37:50.399819,-13.14,0.0,32.0,0,0
2026-03-25 19:37:55.399819,-13.37,6.69,37.41,0,1
2026-03-25 19:38:00.399819,-13.4,7.93,35.24,0,1
2026-03-25 19:38:05.399819,-13.3,0.0,32.0,0,0
2026-03-25 19:38:10.399819,-13.68,5.37,31.93,0,1
2026-03-25 19:38:15.399819,-12.84,10.62,53.95,1,2
2026-03-25 19:38:20.399819,-12.74,11.44,37.59,1,2
2026-03-25 19:38:25.399819,-12.92,9.24,54.0,1,2
2026-03-25 19:38:30.399819,-13.26,0.0,32.0,0,0
2026-03-25 19:38:35.399819,-13.58,6.85,30.47,0,1
2026-03-25 19:38:40.399819,-13.66,7.48,31.31,0,1
2026-03-25 19:38:45.399819,-13.48,0.0,32.0,0,0
2026-03-25 19:38:50.399819,-12.96,8.01,39.43,1,2
2026-03-25 19:38:55.399819,-13.69,5.35,32.67,0,1
2026-03-25 19:39:00.399819,-13.25,10.95,45.44,1,2
2026-03-25 19:39:05.399819,-12.99,8.61,53.8,1,2
2026-03-25 19:39:10.399819,-13.54,0.0,32.0,0,0
2026-03-25 19:39:15.399819,-12.74,11.9,41.96,1,2
2026-03-25 19:39:20.399819,-13.41,7.23,36.46,0,1
2026-03-25 19:39:25.399819,-13.34,0.0,32.0,0,0
2026-03-25 19:39:30.399819,-13.43,5.03,33.15,0,1
2026-03-25 19:39:35.399819,-12.95,11.26,47.52,1,2
2026-03-25 19:39:40.399819,-13.51,7.07,39.33,0,1
2026-03-25 19:39:45.399819,-13.64,7.75,35.81,0,1
2026-03-25 19:39:50.399819,-12.71,8.08,45.88,1,2
2026-03-25 19:39:55.399819,-12.97,8.53,41.25,1,2
2026-03-25 19:40:00.399819,-13.43,5.64,31.11,0,1
2026-03-25 19:40:05.399819,-13.18,0.0,32.0,0,0
2026-03-25 19:40:10.399819,-12.86,9.53,41.21,1,2
2026-03-25 19:40:15.399819,-13.04,0.0,32.0,0,0
2026-03-25 19:40:20.399819,-13.07,11.43,43.49,1,2
2026-03-25 19:40:25.399819,-13.41,0.0,32.0,0,0
2026-03-25 19:40:30.399819,-13.38,6.42,33.44,0,1
2026-03-25 19:40:35.399819,-13.12,11.68,37.39,1,2
2026-03-25 19:40:40.399819,-13.49,6.01,32.52,0,1
2026-03-25 19:40:45.399819,-13.36,7.66,38.92,0,1
2026-03-25 19:40:50.399819,-13.74,0.0,32.0,0,0
2026-03-25 19:40:55.399819,-13.5,7.77,39.63,0,1
2026-03-25 19:41:00.399819,-12.85,11.02,51.02,1,2
2026-03-25 19:41:05.399819,-13.71,0.0,32.0,0,0
2026-03-25 19:41:10.399819,-13.75,0.0,32.0,0,0
2026-03-25 19:41:15.399819,-13.46,0.0,32.0,0,0
2026-03-25 19:41:20.399819,-13.84,0.0,32.0,0,0
2026-03-25 19:41:25.399819,-12.94,10.08,46.49,1,2
2026-03-25 19:41:30.399819,-13.06,0.0,32.0,0,0
2026-03-25 19:41:35.399819,-13.88,0.0,32.0,0,0
2026-03-25 19:41:40.399819,-13.77,0.0,32.0,0,0
2026-03-25 19:41:45.399819,-13.29,8.24,41.02,1,2
2026-03-25 19:41:50.399819,-13.17,10.07,48.78,1,2
2026-03-25 19:41:55.399819,-12.96,10.3,42.29,1,2
2026-03-25 19:42:00.399819,-13.24,10.48,54.45,1,2
2026-03-25 19:42:05.399819,-13.49,7.81,37.41,0,1
2026-03-25 19:42:10.399819,-13.27,10.26,48.43,1,2
2026-03-25 19:42:15.399819,-13.52,5.75,35.04,0,1
2026-03-25 19:42:20.399819,-12.72,11.32,37.6,1,2
2026-03-25 19:42:25.399819,-13.02,11.13,47.06,1,2
2026-03-25 19:42:30.399819,-13.48,5.93,37.73,0,1
2026-03-25 19:42:35.399819,-12.75,10.68,41.59,1,2
2026-03-25 19:42:40.399819,-13.55,7.11,30.05,0,1
2026-03-25 19:42:45.399819,-13.28,10.11,39.21,1,2
2026-03-25 19:42:50.399819,-13.04,10.6,49.52,1,2
2026-03-25 19:42:55.399819,-13.89,0.0,32.0,0,0
2026-03-25 19:43:00.399819,-12.75,8.75,52.52,1,2
2026-03-25 19:43:05.399819,-13.78,0.0,32.0,0,0
2026-03-25 19:43:10.399819,-13.46,6.5,30.18,0,1
2026-03-25 19:43:15.399819,-12.89,10.55,48.54,1,2
2026-03-25 19:43:20.399819,-13.06,11.5,53.18,1,2
2026-03-25 19:43:25.399819,-13.58,7.57,38.65,0,1
2026-03-25 19:43:30.399819,-12.95,11.41,43.21,1,2
2026-03-25 19:43:35.399819,-13.51,6.95,30.49,0,1
2026-03-25 19:43:40.399819,-13.41,6.33,34.28,0,1
2026-03-25 19:43:45.399819,-13.98,0.0,32.0,0,0
2026-03-25 19:43:50.399819,-13.75,0.0,32.0,0,0
2026-03-25 19:43:55.399819,-13.31,0.0,32.0,0,0
2026-03-25 19:44:00.399819,-13.5,0.0,32.0,0,0
2026-03-25 19:44:05.399819,-12.86,8.45,43.59,1,2
2026-03-25 19:44:10.399819,-13.44,7.56,36.6,0,1
2026-03-25 19:44:15.399819,-13.38,7.9,32.62,0,1
2026-03-25 19:44:20.399819,-13.17,11.93,43.54,1,2
2026-03-25 19:44:25.399819,-13.19,0.0,32.0,0,0
2026-03-25 19:44:30.399819,-13.58,5.46,31.91,0,1
2026-03-25 19:44:35.399819,-13.29,9.45,35.78,1,2
2026-03-25 19:44:40.399819,-13.35,0.0,32.0,0,0
2026-03-25 19:44:45.399819,-13.29,8.77,49.18,1,2
2026-03-25 19:44:50.399819,-13.02,0.0,32.0,0,0
2026-03-25 19:44:55.399819,-13.36,0.0,32.0,0,0
2026-03-25 19:45:00.399819,-13.65,6.08,36.59,0,1
2026-03-25 19:45:05.399819,-13.02,9.66,47.07,1,2
2026-03-25 19:45:10.399819,-12.86,10.29,43.2,1,2
2026-03-25 19:45:15.399819,-13.2,8.41,44.15,1,2
2026-03-25 19:45:20.399819,-12.87,9.37,43.83,1,2
2026-03-25 19:45:25.399819,-12.77,11.86,50.25,1,2
2026-03-25 19:45:30.399819,-13.66,7.36,36.07,0,1
2026-03-25 19:45:35.399819,-13.75,0.0,32.0,0,0
2026-03-25 19:45:40.399819,-13.35,7.53,39.39,0,1
2026-03-25 19:45:45.399819,-13.61,7.1,35.51,0,1
2026-03-25 19:45:50.399819,-12.9,8.79,37.16,1,2
2026-03-25 19:45:55.399819,-13.5,5.59,36.62,0,1
2026-03-25 19:46:00.399819,-12.99,8.37,38.29,1,2
2026-03-25 19:46:05.399819,-12.86,11.4,52.77,1,2
2026-03-25 19:46:10.399819,-13.02,0.0,32.0,0,0
2026-03-25 19:46:15.399819,-13.56,5.21,36.42,0,1
2026-03-25 19:46:20.399819,-13.59,5.28,34.99,0,1
2026-03-25 19:46:25.399819,-13.21,9.5,40.0,1,2
2026-03-25 19:46:30.399819,-13.41,0.0,32.0,0,0
2026-03-25 19:46:35.399819,-13.45,7.79,38.08,0,1
2026-03-25 19:46:40.399819,-13.33,0.0,32.0,0,0
2026-03-25 19:46:45.399819,-13.28,10.29,47.26,1,2
2026-03-25 19:46:50.399819,-13.37,5.76,36.35,0,1
2026-03-25 19:46:55.399819,-12.94,11.28,35.71,1,2
2026-03-25 19:47:00.399819,-13.26,9.98,38.19,1,2
2026-03-25 19:47:05.399819,-13.01,0.0,32.0,0,0
2026-03-25 19:47:10.399819,-13.66,5.64,31.42,0,1
2026-03-25 19:47:15.399819,-13.38,0.0,32.0,0,0
2026-03-25 19:47:20.399819,-13.32,6.33,32.0,0,1
2026-03-25 19:47:25.399819,-13.6,0.0,32.0,0,0
2026-03-25 19:47:30.399819,-13.1,8.1,45.0,1,2
2026-03-25 19:47:35.399819,-13.19,10.84,47.06,1,2
2026-03-25 19:47:40.399819,-13.37,5.71,39.92,0,1
2026-03-25 19:47:45.399819,-13.5,7.77,30.31,0,1
2026-03-25 19:47:50.399819,-13.48,7.2,33.58,0,1
2026-03-25 19:47:55.399819,-13.3,7.34,31.14,0,1
2026-03-25 19:48:00.399819,-12.83,10.61,45.55,1,2
2026-03-25 19:48:05.399819,-12.85,9.86,47.88,1,2
2026-03-25 19:48:10.399819,-13.22,0.0,32.0,0,0
2026-03-25 19:48:15.399819,-13.05,8.67,54.32,1,2
2026-03-25 19:48:20.399819,-13.45,5.28,33.53,0,1
2026-03-25 19:48:25.399819,-13.45,7.68,36.25,0,1
2026-03-25 19:48:30.399819,-13.69,6.1,36.37,0,1
2026-03-25 19:48:35.399819,-13.39,7.74,34.36,0,1
2026-03-25 19:48:40.399819,-13.79,0.0,32.0,0,0
2026-03-25 19:48:45.399819,-13.59,5.29,35.24,0,1
2026-03-25 19:48:50.399819,-12.87,9.55,42.85,1,2
2026-03-25 19:48:55.399819,-12.78,8.16,54.87,1,2
2026-03-25 19:49:00.399819,-13.48,6.68,35.98,0,1
2026-03-25 19:49:05.399819,-13.15,10.73,51.35,1,2
2026-03-25 19:49:10.399819,-13.8,0.0,32.0,0,0
2026-03-25 19:49:15.399819,-13.76,0.0,32.0,0,0
2026-03-25 19:49:20.399819,-13.36,7.59,33.48,0,1
2026-03-25 19:49:25.399819,-13.05,0.0,32.0,0,0
2026-03-25 19:49:30.399819,-13.61,5.51,30.4,0,1
2026-03-25 19:49:35.399819,-13.56,6.89,30.47,0,1
2026-03-25 19:49:40.399819,-13.27,0.0,32.0,0,0
2026-03-25 19:49:45.399819,-13.34,5.82,35.76,0,1
2026-03-25 19:49:50.399819,-13.67,5.43,30.35,0,1
2026-03-25 19:49:55.399819,-13.17,10.46,44.66,1,2
2026-03-25 19:50:00.399819,-13.51,7.15,30.88,0,1
2026-03-25 19:50:05.399819,-13.69,7.01,34.36,0,1
2026-03-25 19:50:10.399819,-13.33,6.87,39.96,0,1
2026-03-25 19:50:15.399819,-13.68,5.15,36.96,0,1
2026-03-25 19:50:20.399819,-13.56,0.0,32.0,0,0
2026-03-25 19:50:25.399819,-12.99,8.98,52.71,1,2
2026-03-25 19:50:30.399819,-13.34,7.6,39.26,0,1
2026-03-25 19:50:35.399819,-13.08,8.19,44.4,1,2
2026-03-25 19:50:40.399819,-13.63,0.0,32.0,0,0
2026-03-25 19:50:45.399819,-13.5,5.66,38.57,0,1
2026-03-25 19:50:50.399819,-13.59,7.56,32.82,0,1
2026-03-25 19:50:55.399819,-13.07,0.0,32.0,0,0
2026-03-25 19:51:00.399819,-13.67,6.76,33.3,0,1
2026-03-25 19:51:05.399819,-13.39,0.0,32.0,0,0
2026-03-25 19:51:10.399819,-13.09,10.41,46.17,1,2
2026-03-25 19:51:15.399819,-13.03,0.0,32.0,0,0
2026-03-25 19:51:20.399819,-13.57,0.0,32.0,0,0
2026-03-25 19:51:25.399819,-13.19,11.56,35.38,1,2
2026-03-25 19:51:30.399819,-13.43,7.55,30.43,0,1
2026-03-25 19:51:35.399819,-13.23,10.22,47.75,1,2
2026-03-25 19:51:40.399819,-13.13,8.86,51.95,1,2
2026-03-25 19:51:45.399819,-13.19,9.93,37.37,1,2
2026-03-25 19:51:50.399819,-13.17,10.36,54.98,1,2
2026-03-25 19:51:55.399819,-13.51,6.06,33.95,0,1
2026-03-25 19:52:00.399819,-12.94,8.14,41.75,1,2
2026-03-25 19:52:05.399819,-13.87,0.0,32.0,0,0
2026-03-25 19:52:10.399819,-13.1,0.0,32.0,0,0
2026-03-25 19:52:15.399819,-13.11,0.0,32.0,0,0
2026-03-25 19:52:20.399819,-12.85,11.12,52.15,1,2
2026-03-25 19:52:25.399819,-12.79,10.66,52.75,1,2
2026-03-25 19:52:30.399819,-13.42,0.0,32.0,0,0
2026-03-25 19:52:35.399819,-13.32,7.56,37.65,0,1
2026-03-25 19:52:40.399819,-13.41,7.46,33.27,0,1
2026-03-25 19:52:45.399819,-13.39,5.95,34.3,0,1
2026-03-25 19:52:50.399819,-13.84,0.0,32.0,0,0
2026-03-25 19:52:55.399819,-13.63,0.0,32.0,0,0
2026-03-25 19:53:00.399819,-12.89,9.39,48.44,1,2
2026-03-25 19:53:05.399819,-13.49,5.19,30.88,0,1
2026-03-25 19:53:10.399819,-13.32,5.53,32.22,0,1
2026-03-25 19:53:15.399819,-13.18,0.0,32.0,0,0
2026-03-25 19:53:20.399819,-13.24,0.0,32.0,0,0
2026-03-25 19:53:25.399819,-13.34,6.95,33.99,0,1
2026-03-25 19:53:30.399819,-13.54,0.0,32.0,0,0
2026-03-25 19:53:35.399819,-13.14,8.37,54.75,1,2
2026-03-25 19:53:40.399819,-13.2,0.0,32.0,0,0
2026-03-25 19:53:45.399819,-13.07,8.87,48.6,1,2
2026-03-25 19:53:50.399819,-13.65,0.0,32.0,0,0
2026-03-25 19:53:55.399819,-13.56,5.99,30.7,0,1
2026-03-25 19:54:00.399819,-13.17,0.0,32.0,0,0
2026-03-25 19:54:05.399819,-13.68,5.06,38.34,0,1
2026-03-25 19:54:10.399819,-13.13,11.97,52.46,1,2
2026-03-25 19:54:15.399819,-12.73,11.77,35.71,1,2
2026-03-25 19:54:20.399819,-13.53,5.07,31.32,0,1
2026-03-25 19:54:25.399819,-12.73,10.63,40.3,1,2
2026-03-25 19:54:30.399819,-12.78,8.84,48.7,1,2
2026-03-25 19:54:35.399819,-13.36,0.0,32.0,0,0
2026-03-25 19:54:40.399819,-13.45,5.6,33.59,0,1
2026-03-25 19:54:45.399819,-13.36,7.79,37.81,0,1
2026-03-25 19:54:50.399819,-13.83,0.0,32.0,0,0
2026-03-25 19:54:55.399819,-13.17,0.0,32.0,0,0
2026-03-25 19:55:00.399819,-13.06,9.56,39.72,1,2
2026-03-25 19:55:05.399819,-12.7,9.6,44.13,1,2
2026-03-25 19:55:10.399819,-13.86,0.0,32.0,0,0
2026-03-25 19:55:15.399819,-13.82,0.0,32.0,0,0
2026-03-25 19:55:20.399819,-13.47,6.06,33.37,0,1
2026-03-25 19:55:25.399819,-13.62,7.59,34.98,0,1
2026-03-25 19:55:30.399819,-13.33,0.0,32.0,0,0
2026-03-25 19:55:35.399819,-13.08,0.0,32.0,0,0
2026-03-25 19:55:40.399819,-13.0,0.0,32.0,0,0
2026-03-25 19:55:45.399819,-13.56,7.27,33.61,0,1
2026-03-25 19:55:50.399819,-13.59,5.92,36.55,0,1
2026-03-25 19:55:55.399819,-13.06,9.17,53.79,1,2
2026-03-25 19:56:00.399819,-13.85,0.0,32.0,0,0
2026-03-25 19:56:05.399819,-13.45,0.0,32.0,0,0
2026-03-25 19:56:10.399819,-13.68,5.49,32.93,0,1
2026-03-25 19:56:15.399819,-13.35,5.94,32.94,0,1
2026-03-25 19:56:20.399819,-12.78,9.11,38.6,1,2
2026-03-25 19:56:25.399819,-13.03,8.19,48.23,1,2
2026-03-25 19:56:30.399819,-13.06,11.34,45.89,1,2
2026-03-25 19:56:35.399819,-13.94,0.0,32.0,0,0
2026-03-25 19:56:40.399819,-13.22,9.13,50.27,1,2
2026-03-25 19:56:45.399819,-12.96,8.34,43.83,1,2
2026-03-25 19:56:50.399819,-12.86,11.16,45.2,1,2
2026-03-25 19:56:55.399819,-13.4,0.0,32.0,0,0
2026-03-25 19:57:00.399819,-13.43,0.0,32.0,0,0
2026-03-25 19:57:05.399819,-13.11,0.0,32.0,0,0
2026-03-25 19:57:10.399819,-13.46,7.92,34.0,0,1
2026-03-25 19:57:15.399819,-13.64,7.5,35.66,0,1
2026-03-25 19:57:20.399819,-12.77,8.24,42.82,1,2
2026-03-25 19:57:25.399819,-13.04,10.78,37.15,1,2
2026-03-25 19:57:30.399819,-13.44,7.13,33.07,0,1
2026-03-25 19:57:35.399819,-13.64,5.48,33.18,0,1
2026-03-25 19:57:40.399819,-13.14,0.0,32.0,0,0
2026-03-25 19:57:45.399819,-13.31,0.0,32.0,0,0
2026-03-25 19:57:50.399819,-13.27,8.31,53.89,1,2
2026-03-25 19:57:55.399819,-13.44,7.61,37.23,0,1
2026-03-25 19:58:00.399819,-13.52,6.96,37.13,0,1
2026-03-25 19:58:05.399819,-13.31,7.36,34.91,0,1
2026-03-25 19:58:10.399819,-13.76,0.0,32.0,0,0
2026-03-25 19:58:15.399819,-13.48,6.76,38.25,0,1
2026-03-25 19:58:20.399819,-12.93,8.22,42.1,1,2
2026-03-25 19:58:25.399819,-13.41,7.16,32.62,0,1
2026-03-25 19:58:30.399819,-13.09,10.59,47.22,1,2
2026-03-25 19:58:35.399819,-13.56,0.0,32.0,0,0
2026-03-25 19:58:40.399819,-13.58,5.96,36.12,0,1
2026-03-25 19:58:45.399819,-13.46,0.0,32.0,0,0
2026-03-25 19:58:50.399819,-13.58,0.0,32.0,0,0
2026-03-25 19:58:55.399819,-13.57,6.26,39.31,0,1
2026-03-25 19:59:00.399819,-13.22,0.0,32.0,0,0
2026-03-25 19:59:05.399819,-13.24,9.73,50.31,1,2
2026-03-25 19:59:10.399819,-13.55,5.57,34.7,0,1
2026-03-25 19:59:15.399819,-13.64,5.99,35.01,0,1
2026-03-25 19:59:20.399819,-13.57,7.34,30.1,0,1
2026-03-25 19:59:25.399819,-13.46,7.23,36.27,0,1
2026-03-25 19:59:30.399819,-13.81,0.0,32.0,0,0
2026-03-25 19:59:35.399819,-13.16,9.42,50.23,1,2
2026-03-25 19:59:40.399819,-12.84,8.15,35.62,1,2
2026-03-25 19:59:45.399819,-12.99,10.12,44.81,1,2
2026-03-25 19:59:50.399819,-13.17,10.47,47.73,1,2
2026-03-25 19:59:55.399819,-13.55,5.24,32.66,0,1
2026-03-25 20:00:00.399819,-13.54,5.47,39.67,0,1
2026-03-25 20:00:05.399819,-13.64,7.88,32.83,0,1
2026-03-25 20:00:10.399819,-13.51,6.67,35.66,0,1
2026-03-25 20:00:15.399819,-13.73,0.0,32.0,0,0
2026-03-25 20:00:20.399819,-13.79,0.0,32.0,0,0
2026-03-25 20:00:25.399819,-13.1,8.64,46.64,1,2
2026-03-25 20:00:30.399819,-13.45,5.34,35.35,0,1
2026-03-25 20:00:35.399819,-13.63,7.7,33.76,0,1
2026-03-25 20:00:40.399819,-13.9,0.0,32.0,0,0
2026-03-25 20:00:45.399819,-12.95,8.39,35.53,1,2
2026-03-25 20:00:50.399819,-13.63,0.0,32.0,0,0
2026-03-25 20:00:55.399819,-12.88,11.96,54.64,1,2
2026-03-25 20:01:00.399819,-13.17,0.0,32.0,0,0
2026-03-25 20:01:05.399819,-13.71,0.0,32.0,0,0
2026-03-25 20:01:10.399819,-13.98,0.0,32.0,0,0
2026-03-25 20:01:15.399819,-13.44,6.9,36.48,0,1
2026-03-25 20:01:20.399819,-13.47,5.5,33.37,0,1
2026-03-25 20:01:25.399819,-13.66,5.33,37.66,0,1
2026-03-25 20:01:30.399819,-13.61,7.14,34.09,0,1
2026-03-25 20:01:35.399819,-13.39,7.78,38.88,0,1
2026-03-25 20:01:40.399819,-13.43,7.16,33.0,0,1
2026-03-25 20:01:45.399819,-13.38,5.57,39.32,0,1
2026-03-25 20:01:50.399819,-13.24,10.13,38.83,1,2
2026-03-25 20:01:55.399819,-13.04,9.1,46.46,1,2
2026-03-25 20:02:00.399819,-13.82,0.0,32.0,0,0
2026-03-25 20:02:05.399819,-13.33,5.11,34.24,0,1
2026-03-25 20:02:10.399819,-13.3,6.66,39.55,0,1
2026-03-25 20:02:15.399819,-12.9,8.48,46.73,1,2
2026-03-25 20:02:20.399819,-13.58,6.15,38.3,0,1
2026-03-25 20:02:25.399819,-13.39,5.04,36.69,0,1
2026-03-25 20:02:30.399819,-13.16,8.6,49.85,1,2
2026-03-25 20:02:35.399819,-13.0,0.0,32.0,0,0
2026-03-25 20:02:40.399819,-12.83,9.6,42.46,1,2
2026-03-25 20:02:45.399819,-13.44,7.71,31.99,0,1
2026-03-25 20:02:50.399819,-12.78,8.74,49.59,1,2
2026-03-25 20:02:55.399819,-13.86,0.0,32.0,0,0
2026-03-25 20:03:00.399819,-13.15,0.0,32.0,0,0
2026-03-25 20:03:05.399819,-12.85,10.42,42.43,1,2
2026-03-25 20:03:10.399819,-12.84,8.6,51.12,1,2
2026-03-25 20:03:15.399819,-13.09,9.46,52.46,1,2
2026-03-25 20:03:20.399819,-13.59,0.0,32.0,0,0
2026-03-25 20:03:25.399819,-13.66,7.75,39.14,0,1
2026-03-25 20:03:30.399819,-13.58,6.11,36.39,0,1
2026-03-25 20:03:35.399819,-13.82,0.0,32.0,0,0
2026-03-25 20:03:40.399819,-13.81,0.0,32.0,0,0
2026-03-25 20:03:45.399819,-13.24,9.96,42.32,1,2
2026-03-25 20:03:50.399819,-13.62,0.0,32.0,0,0
2026-03-25 20:03:55.399819,-13.2,11.89,39.43,1,2
