timestamp,flow,voltage,label
2026-04-01 12:11:54.802310,5.15,9.72,2
2026-04-01 12:11:59.802310,15.17,8.3,2
2026-04-01 12:12:04.802310,27.05,9.52,2
2026-04-01 12:12:09.802310,38.42,10.51,2
2026-04-01 12:12:14.802310,45.35,9.38,2
2026-04-01 12:12:19.802310,52.04,10.47,2
2026-04-01 12:12:24.802310,36.08,10.57,2
2026-04-01 12:12:29.802310,43.09,9.25,2
2026-04-01 12:12:34.802310,47.89,10.23,2
2026-04-01 12:12:39.802310,54.42,10.25,2
2026-04-01 12:12:44.802310,0.0,0.0,0
2026-04-01 12:12:49.802310,0.0,0.0,0
2026-04-01 12:12:54.802310,0.0,0.0,0
2026-04-01 12:12:59.802310,41.19,11.11,2
2026-04-01 12:13:04.802310,53.9,9.56,2
2026-04-01 12:13:09.802310,26.72,8.57,2
2026-04-01 12:13:14.802310,27.92,8.67,2
2026-04-01 12:13:19.802310,36.69,8.91,2
2026-04-01 12:13:24.802310,51.32,9.87,2
2026-04-01 12:13:29.802310,0.0,0.0,0
2026-04-01 12:13:34.802310,204.54,6.96,1
2026-04-01 12:13:39.802310,209.84,5.96,1
2026-04-01 12:13:44.802310,220.96,7.43,1
2026-04-01 12:13:49.802310,227.41,5.83,1
2026-04-01 12:13:54.802310,233.3,7.07,1
2026-04-01 12:13:59.802310,233.89,5.67,1
2026-04-01 12:14:04.802310,234.14,8.0,1
2026-04-01 12:14:09.802310,248.19,7.87,1
2026-04-01 12:14:14.802310,248.4,5.09,1
2026-04-01 12:14:19.802310,258.92,6.35,1
2026-04-01 12:14:24.802310,273.84,5.83,1
2026-04-01 12:14:29.802310,277.35,7.64,1
2026-04-01 12:14:34.802310,287.65,7.68,1
2026-04-01 12:14:39.802310,291.21,7.33,1
2026-04-01 12:14:44.802310,302.98,5.89,1
2026-04-01 12:14:49.802310,150.85,7.74,1
2026-04-01 12:14:54.802310,160.29,6.64,1
2026-04-01 12:14:59.802310,166.16,6.31,1
2026-04-01 12:15:04.802310,180.16,6.97,1
2026-04-01 12:15:09.802310,180.81,6.23,1
2026-04-01 12:15:14.802310,188.28,5.85,1
2026-04-01 12:15:19.802310,199.81,7.26,1
2026-04-01 12:15:24.802310,205.44,7.35,1
2026-04-01 12:15:29.802310,219.84,5.14,1
2026-04-01 12:15:34.802310,229.04,7.58,1
2026-04-01 12:15:39.802310,229.9,7.4,1
2026-04-01 12:15:44.802310,234.83,7.05,1
2026-04-01 12:15:49.802310,247.15,6.11,1
2026-04-01 12:15:54.802310,260.82,7.73,1
2026-04-01 12:15:59.802310,263.9,7.73,1
2026-04-01 12:16:04.802310,273.8,6.21,1
2026-04-01 12:16:09.802310,278.26,5.96,1
2026-04-01 12:16:14.802310,291.97,6.73,1
2026-04-01 12:16:19.802310,296.5,6.74,1
2026-04-01 12:16:24.802310,308.72,5.9,1
2026-04-01 12:16:29.802310,94.29,7.26,1
2026-04-01 12:16:34.802310,98.24,5.11,1
2026-04-01 12:16:39.802310,98.86,6.93,1
2026-04-01 12:16:44.802310,99.92,5.5,1
2026-04-01 12:16:49.802310,112.01,7.84,1
2026-04-01 12:16:54.802310,112.27,5.11,1
2026-04-01 12:16:59.802310,123.5,6.11,1
2026-04-01 12:17:04.802310,128.57,5.15,1
2026-04-01 12:17:09.802310,131.42,5.62,1
2026-04-01 12:17:14.802310,140.93,6.42,1
2026-04-01 12:17:19.802310,152.91,7.5,1
2026-04-01 12:17:24.802310,158.84,5.53,1
2026-04-01 12:17:29.802310,165.47,6.08,1
2026-04-01 12:17:34.802310,176.83,5.28,1
2026-04-01 12:17:39.802310,179.79,6.59,1
2026-04-01 12:17:44.802310,188.81,6.13,1
2026-04-01 12:17:49.802310,200.07,7.66,1
2026-04-01 12:17:54.802310,200.9,6.23,1
2026-04-01 12:17:59.802310,208.15,5.78,1
2026-04-01 12:18:04.802310,213.62,7.94,1
2026-04-01 12:18:09.802310,228.39,5.57,1
2026-04-01 12:18:14.802310,240.84,5.98,1
2026-04-01 12:18:19.802310,252.63,6.29,1
2026-04-01 12:18:24.802310,262.5,5.89,1
2026-04-01 12:18:29.802310,269.19,5.97,1
2026-04-01 12:18:34.802310,278.94,6.52,1
2026-04-01 12:18:39.802310,283.08,6.03,1
2026-04-01 12:18:44.802310,291.8,5.46,1
2026-04-01 12:18:49.802310,304.6,5.62,1
2026-04-01 12:18:54.802310,0.93,11.25,2
2026-04-01 12:18:59.802310,10.8,10.54,2
2026-04-01 12:19:04.802310,19.31,9.05,2
2026-04-01 12:19:09.802310,30.23,9.65,2
2026-04-01 12:19:14.802310,33.19,9.37,2
2026-04-01 12:19:19.802310,45.3,8.73,2
2026-04-01 12:19:24.802310,46.72,9.43,2
2026-04-01 12:19:29.802310,56.47,9.88,2
2026-04-01 12:19:34.802310,0.0,0.0,0
2026-04-01 12:19:39.802310,0.0,0.0,0
2026-04-01 12:19:44.802310,0.73,9.41,2
2026-04-01 12:19:49.802310,1.97,11.3,2
2026-04-01 12:19:54.802310,3.73,10.93,2
2026-04-01 12:19:59.802310,9.77,9.87,2
2026-04-01 12:20:04.802310,15.92,10.49,2
2026-04-01 12:20:09.802310,22.36,8.51,2
2026-04-01 12:20:14.802310,25.31,8.45,2
2026-04-01 12:20:19.802310,26.0,8.43,2
2026-04-01 12:20:24.802310,27.32,9.68,2
2026-04-01 12:20:29.802310,30.05,11.61,2
2026-04-01 12:20:34.802310,38.93,11.13,2
2026-04-01 12:20:39.802310,46.16,11.25,2
2026-04-01 12:20:44.802310,55.31,11.31,2
2026-04-01 12:20:49.802310,272.21,7.51,1
2026-04-01 12:20:54.802310,285.36,5.79,1
2026-04-01 12:20:59.802310,288.36,7.17,1
2026-04-01 12:21:04.802310,291.93,5.8,1
2026-04-01 12:21:09.802310,301.4,5.9,1
2026-04-01 12:21:14.802310,0.0,0.0,0
2026-04-01 12:21:19.802310,0.0,0.0,0
2026-04-01 12:21:24.802310,1.8,9.5,2
2026-04-01 12:21:29.802310,14.79,8.86,2
2026-04-01 12:21:34.802310,19.54,8.08,2
2026-04-01 12:21:39.802310,20.29,10.66,2
2026-04-01 12:21:44.802310,31.08,11.39,2
2026-04-01 12:21:49.802310,39.79,9.85,2
2026-04-01 12:21:54.802310,41.53,10.44,2
2026-04-01 12:21:59.802310,44.89,10.01,2
2026-04-01 12:22:04.802310,55.92,11.12,2
2026-04-01 12:22:09.802310,0.0,0.0,0
2026-04-01 12:22:14.802310,35.67,11.59,2
2026-04-01 12:22:19.802310,47.14,8.87,2
2026-04-01 12:22:24.802310,60.54,11.95,2
2026-04-01 12:22:29.802310,6.25,10.6,2
2026-04-01 12:22:34.802310,18.5,9.26,2
2026-04-01 12:22:39.802310,26.84,11.14,2
2026-04-01 12:22:44.802310,40.9,9.32,2
2026-04-01 12:22:49.802310,40.95,8.86,2
2026-04-01 12:22:54.802310,51.09,11.88,2
2026-04-01 12:22:59.802310,0.0,0.0,0
2026-04-01 12:23:04.802310,0.0,0.0,0
2026-04-01 12:23:09.802310,0.0,0.0,0
2026-04-01 12:23:14.802310,0.0,0.0,0
2026-04-01 12:23:19.802310,0.0,0.0,0
2026-04-01 12:23:24.802310,37.19,10.57,2
2026-04-01 12:23:29.802310,43.44,11.52,2
2026-04-01 12:23:34.802310,55.93,10.59,2
2026-04-01 12:23:39.802310,21.13,9.0,2
2026-04-01 12:23:44.802310,32.94,10.74,2
2026-04-01 12:23:49.802310,45.3,8.45,2
2026-04-01 12:23:54.802310,48.94,10.36,2
2026-04-01 12:23:59.802310,53.22,8.51,2
2026-04-01 12:24:04.802310,65.71,7.31,1
2026-04-01 12:24:09.802310,74.97,5.78,1
2026-04-01 12:24:14.802310,83.39,5.65,1
2026-04-01 12:24:19.802310,84.35,5.33,1
2026-04-01 12:24:24.802310,85.43,7.84,1
2026-04-01 12:24:29.802310,85.43,5.0,1
2026-04-01 12:24:34.802310,95.77,6.22,1
2026-04-01 12:24:39.802310,100.79,7.48,1
2026-04-01 12:24:44.802310,105.28,7.12,1
2026-04-01 12:24:49.802310,112.04,6.94,1
2026-04-01 12:24:54.802310,124.06,7.91,1
2026-04-01 12:24:59.802310,137.91,7.32,1
2026-04-01 12:25:04.802310,139.66,6.92,1
2026-04-01 12:25:09.802310,142.33,7.89,1
2026-04-01 12:25:14.802310,142.49,7.38,1
2026-04-01 12:25:19.802310,155.69,6.65,1
2026-04-01 12:25:24.802310,165.03,6.13,1
2026-04-01 12:25:29.802310,179.45,5.65,1
2026-04-01 12:25:34.802310,188.32,6.6,1
2026-04-01 12:25:39.802310,191.75,7.22,1
2026-04-01 12:25:44.802310,191.81,5.41,1
2026-04-01 12:25:49.802310,194.6,5.19,1
2026-04-01 12:25:54.802310,197.16,6.48,1
2026-04-01 12:25:59.802310,197.94,7.95,1
2026-04-01 12:26:04.802310,209.92,6.13,1
2026-04-01 12:26:09.802310,220.07,7.85,1
2026-04-01 12:26:14.802310,227.66,7.81,1
2026-04-01 12:26:19.802310,234.29,7.4,1
2026-04-01 12:26:24.802310,238.53,7.77,1
2026-04-01 12:26:29.802310,239.83,6.38,1
2026-04-01 12:26:34.802310,240.04,5.34,1
2026-04-01 12:26:39.802310,243.59,5.55,1
2026-04-01 12:26:44.802310,254.96,6.27,1
2026-04-01 12:26:49.802310,267.79,6.38,1
2026-04-01 12:26:54.802310,276.3,6.11,1
2026-04-01 12:26:59.802310,279.41,6.96,1
2026-04-01 12:27:04.802310,290.7,6.71,1
2026-04-01 12:27:09.802310,295.76,5.49,1
2026-04-01 12:27:14.802310,298.22,5.09,1
2026-04-01 12:27:19.802310,300.23,6.95,1
2026-04-01 12:27:24.802310,171.5,6.43,1
2026-04-01 12:27:29.802310,181.7,6.1,1
2026-04-01 12:27:34.802310,184.23,6.69,1
2026-04-01 12:27:39.802310,192.28,5.46,1
2026-04-01 12:27:44.802310,198.63,6.45,1
2026-04-01 12:27:49.802310,203.58,6.3,1
2026-04-01 12:27:54.802310,212.83,7.03,1
2026-04-01 12:27:59.802310,226.96,7.8,1
2026-04-01 12:28:04.802310,228.03,6.35,1
2026-04-01 12:28:09.802310,241.65,5.45,1
2026-04-01 12:28:14.802310,248.66,7.33,1
2026-04-01 12:28:19.802310,248.89,6.72,1
2026-04-01 12:28:24.802310,251.15,7.05,1
2026-04-01 12:28:29.802310,259.51,7.02,1
2026-04-01 12:28:34.802310,260.12,6.99,1
2026-04-01 12:28:39.802310,263.93,5.69,1
2026-04-01 12:28:44.802310,273.33,6.58,1
2026-04-01 12:28:49.802310,279.29,7.75,1
2026-04-01 12:28:54.802310,281.22,7.49,1
2026-04-01 12:28:59.802310,287.35,5.71,1
2026-04-01 12:29:04.802310,297.52,6.9,1
2026-04-01 12:29:09.802310,307.65,6.8,1
2026-04-01 12:29:14.802310,174.99,6.9,1
2026-04-01 12:29:19.802310,182.57,6.41,1
2026-04-01 12:29:24.802310,188.36,7.11,1
2026-04-01 12:29:29.802310,202.27,6.42,1
2026-04-01 12:29:34.802310,215.68,7.93,1
2026-04-01 12:29:39.802310,224.6,5.96,1
2026-04-01 12:29:44.802310,234.61,5.05,1
2026-04-01 12:29:49.802310,247.15,7.66,1
2026-04-01 12:29:54.802310,252.98,5.5,1
2026-04-01 12:29:59.802310,265.0,6.61,1
2026-04-01 12:30:04.802310,271.15,6.58,1
2026-04-01 12:30:09.802310,284.81,5.68,1
2026-04-01 12:30:14.802310,295.34,7.74,1
2026-04-01 12:30:19.802310,307.51,7.56,1
2026-04-01 12:30:24.802310,37.23,11.03,2
2026-04-01 12:30:29.802310,49.71,9.16,2
2026-04-01 12:30:34.802310,58.75,11.27,2
2026-04-01 12:30:39.802310,42.2,9.11,2
2026-04-01 12:30:44.802310,47.09,10.79,2
2026-04-01 12:30:49.802310,52.41,11.51,2
2026-04-01 12:30:54.802310,48.34,8.13,2
2026-04-01 12:30:59.802310,57.57,11.98,2
2026-04-01 12:31:04.802310,30.31,10.67,2
2026-04-01 12:31:09.802310,33.49,11.01,2
2026-04-01 12:31:14.802310,38.02,8.06,2
2026-04-01 12:31:19.802310,38.5,9.78,2
2026-04-01 12:31:24.802310,52.83,11.57,2
2026-04-01 12:31:29.802310,102.31,7.07,1
2026-04-01 12:31:34.802310,102.37,5.2,1
2026-04-01 12:31:39.802310,113.22,6.15,1
2026-04-01 12:31:44.802310,119.47,5.41,1
2026-04-01 12:31:49.802310,134.22,5.89,1
2026-04-01 12:31:54.802310,136.99,6.72,1
2026-04-01 12:31:59.802310,146.62,7.0,1
2026-04-01 12:32:04.802310,149.9,7.4,1
2026-04-01 12:32:09.802310,159.83,8.0,1
2026-04-01 12:32:14.802310,171.43,7.33,1
2026-04-01 12:32:19.802310,181.61,7.01,1
2026-04-01 12:32:24.802310,190.13,7.92,1
2026-04-01 12:32:29.802310,199.58,7.21,1
2026-04-01 12:32:34.802310,204.98,5.36,1
2026-04-01 12:32:39.802310,213.49,6.53,1
2026-04-01 12:32:44.802310,216.71,6.79,1
2026-04-01 12:32:49.802310,220.21,6.42,1
2026-04-01 12:32:54.802310,224.21,5.11,1
2026-04-01 12:32:59.802310,229.13,7.42,1
2026-04-01 12:33:04.802310,236.32,7.12,1
2026-04-01 12:33:09.802310,246.95,6.31,1
2026-04-01 12:33:14.802310,252.55,5.54,1
2026-04-01 12:33:19.802310,257.86,7.72,1
2026-04-01 12:33:24.802310,261.15,6.46,1
2026-04-01 12:33:29.802310,275.25,7.27,1
2026-04-01 12:33:34.802310,281.06,5.84,1
2026-04-01 12:33:39.802310,291.44,5.82,1
2026-04-01 12:33:44.802310,298.77,7.04,1
2026-04-01 12:33:49.802310,299.15,5.76,1
2026-04-01 12:33:54.802310,309.91,7.59,1
2026-04-01 12:33:59.802310,16.34,8.34,2
2026-04-01 12:34:04.802310,17.32,11.01,2
2026-04-01 12:34:09.802310,28.98,11.49,2
2026-04-01 12:34:14.802310,43.63,10.58,2
2026-04-01 12:34:19.802310,58.51,9.4,2
2026-04-01 12:34:24.802310,23.62,9.01,2
2026-04-01 12:34:29.802310,27.29,8.53,2
2026-04-01 12:34:34.802310,41.89,8.18,2
2026-04-01 12:34:39.802310,54.6,9.23,2
2026-04-01 12:34:44.802310,132.06,7.78,1
2026-04-01 12:34:49.802310,140.78,5.96,1
2026-04-01 12:34:54.802310,145.29,6.78,1
2026-04-01 12:34:59.802310,160.01,7.06,1
2026-04-01 12:35:04.802310,165.33,5.62,1
2026-04-01 12:35:09.802310,169.21,6.34,1
2026-04-01 12:35:14.802310,181.24,7.33,1
2026-04-01 12:35:19.802310,183.93,5.9,1
2026-04-01 12:35:24.802310,184.55,5.8,1
2026-04-01 12:35:29.802310,189.26,7.28,1
2026-04-01 12:35:34.802310,200.02,7.94,1
2026-04-01 12:35:39.802310,203.92,6.83,1
2026-04-01 12:35:44.802310,208.44,7.49,1
2026-04-01 12:35:49.802310,215.92,6.04,1
2026-04-01 12:35:54.802310,228.34,6.1,1
2026-04-01 12:35:59.802310,242.09,7.07,1
2026-04-01 12:36:04.802310,256.83,6.3,1
2026-04-01 12:36:09.802310,260.7,7.05,1
2026-04-01 12:36:14.802310,266.71,7.64,1
2026-04-01 12:36:19.802310,267.16,6.79,1
2026-04-01 12:36:24.802310,279.06,7.57,1
2026-04-01 12:36:29.802310,285.42,7.12,1
2026-04-01 12:36:34.802310,291.66,5.83,1
2026-04-01 12:36:39.802310,292.24,5.69,1
2026-04-01 12:36:44.802310,295.83,6.1,1
2026-04-01 12:36:49.802310,297.59,5.77,1
2026-04-01 12:36:54.802310,311.45,5.42,1
2026-04-01 12:36:59.802310,197.58,6.79,1
2026-04-01 12:37:04.802310,198.64,6.3,1
2026-04-01 12:37:09.802310,213.05,5.88,1
2026-04-01 12:37:14.802310,217.87,7.77,1
2026-04-01 12:37:19.802310,230.27,5.49,1
2026-04-01 12:37:24.802310,234.97,7.49,1
2026-04-01 12:37:29.802310,243.78,5.68,1
2026-04-01 12:37:34.802310,244.46,7.53,1
2026-04-01 12:37:39.802310,246.71,5.92,1
2026-04-01 12:37:44.802310,248.92,6.88,1
2026-04-01 12:37:49.802310,254.39,6.96,1
2026-04-01 12:37:54.802310,265.77,5.54,1
2026-04-01 12:37:59.802310,271.93,6.16,1
2026-04-01 12:38:04.802310,277.84,6.89,1
2026-04-01 12:38:09.802310,287.26,5.83,1
2026-04-01 12:38:14.802310,287.38,5.89,1
2026-04-01 12:38:19.802310,290.35,6.92,1
2026-04-01 12:38:24.802310,296.59,5.42,1
2026-04-01 12:38:29.802310,306.94,7.44,1
2026-04-01 12:38:34.802310,0.0,0.0,0
2026-04-01 12:38:39.802310,284.54,7.83,1
2026-04-01 12:38:44.802310,299.44,7.83,1
2026-04-01 12:38:49.802310,307.25,7.06,1
2026-04-01 12:38:54.802310,46.4,10.54,2
2026-04-01 12:38:59.802310,57.9,10.17,2
2026-04-01 12:39:04.802310,0.0,0.0,0
2026-04-01 12:39:09.802310,279.98,7.2,1
2026-04-01 12:39:14.802310,285.48,7.4,1
2026-04-01 12:39:19.802310,294.9,7.34,1
2026-04-01 12:39:24.802310,307.3,5.74,1
2026-04-01 12:39:29.802310,19.73,8.14,2
2026-04-01 12:39:34.802310,28.83,11.31,2
2026-04-01 12:39:39.802310,40.79,10.79,2
2026-04-01 12:39:44.802310,43.48,11.22,2
2026-04-01 12:39:49.802310,50.55,9.0,2
2026-04-01 12:39:54.802310,34.9,11.5,2
2026-04-01 12:39:59.802310,41.07,10.08,2
2026-04-01 12:40:04.802310,44.72,9.16,2
2026-04-01 12:40:09.802310,48.35,10.49,2
2026-04-01 12:40:14.802310,60.57,10.67,2
2026-04-01 12:40:19.802310,213.65,6.17,1
2026-04-01 12:40:24.802310,216.64,6.3,1
2026-04-01 12:40:29.802310,228.73,5.21,1
2026-04-01 12:40:34.802310,243.18,6.95,1
2026-04-01 12:40:39.802310,247.67,7.79,1
2026-04-01 12:40:44.802310,260.66,6.04,1
2026-04-01 12:40:49.802310,263.27,5.92,1
2026-04-01 12:40:54.802310,275.4,7.21,1
2026-04-01 12:40:59.802310,281.41,6.5,1
2026-04-01 12:41:04.802310,294.39,6.09,1
2026-04-01 12:41:09.802310,297.73,7.09,1
2026-04-01 12:41:14.802310,307.83,6.77,1
2026-04-01 12:41:19.802310,0.0,0.0,0
2026-04-01 12:41:24.802310,6.62,9.73,2
2026-04-01 12:41:29.802310,8.64,11.56,2
2026-04-01 12:41:34.802310,19.41,10.29,2
2026-04-01 12:41:39.802310,31.63,8.99,2
2026-04-01 12:41:44.802310,37.55,11.84,2
2026-04-01 12:41:49.802310,40.11,11.11,2
2026-04-01 12:41:54.802310,43.72,11.46,2
2026-04-01 12:41:59.802310,51.65,8.34,2
2026-04-01 12:42:04.802310,34.79,11.84,2
2026-04-01 12:42:09.802310,44.28,9.97,2
2026-04-01 12:42:14.802310,53.61,10.58,2
2026-04-01 12:42:19.802310,24.23,8.72,2
2026-04-01 12:42:24.802310,37.3,11.18,2
2026-04-01 12:42:29.802310,38.41,9.1,2
2026-04-01 12:42:34.802310,39.76,8.79,2
2026-04-01 12:42:39.802310,52.45,9.88,2
2026-04-01 12:42:44.802310,260.6,6.62,1
2026-04-01 12:42:49.802310,269.42,6.22,1
2026-04-01 12:42:54.802310,284.39,5.65,1
2026-04-01 12:42:59.802310,292.27,5.28,1
2026-04-01 12:43:04.802310,294.73,6.01,1
2026-04-01 12:43:09.802310,300.08,5.66,1
2026-04-01 12:43:14.802310,272.86,7.85,1
2026-04-01 12:43:19.802310,281.25,7.74,1
2026-04-01 12:43:24.802310,287.58,6.22,1
2026-04-01 12:43:29.802310,288.05,7.67,1
2026-04-01 12:43:34.802310,299.7,7.75,1
2026-04-01 12:43:39.802310,307.99,6.69,1
2026-04-01 12:43:44.802310,33.51,11.86,2
2026-04-01 12:43:49.802310,41.52,8.48,2
2026-04-01 12:43:54.802310,48.09,10.3,2
2026-04-01 12:43:59.802310,52.19,10.19,2
2026-04-01 12:44:04.802310,118.45,7.84,1
2026-04-01 12:44:09.802310,123.3,6.9,1
2026-04-01 12:44:14.802310,135.43,5.43,1
2026-04-01 12:44:19.802310,136.82,6.99,1
2026-04-01 12:44:24.802310,145.7,7.92,1
2026-04-01 12:44:29.802310,157.63,5.68,1
2026-04-01 12:44:34.802310,166.64,7.77,1
2026-04-01 12:44:39.802310,181.33,5.19,1
2026-04-01 12:44:44.802310,182.04,6.59,1
2026-04-01 12:44:49.802310,190.51,5.43,1
2026-04-01 12:44:54.802310,201.95,7.7,1
2026-04-01 12:44:59.802310,212.09,6.86,1
2026-04-01 12:45:04.802310,220.51,5.34,1
2026-04-01 12:45:09.802310,223.3,7.87,1
2026-04-01 12:45:14.802310,234.55,5.55,1
2026-04-01 12:45:19.802310,235.36,5.47,1
2026-04-01 12:45:24.802310,236.74,7.43,1
2026-04-01 12:45:29.802310,237.78,6.72,1
2026-04-01 12:45:34.802310,242.76,6.35,1
2026-04-01 12:45:39.802310,255.2,7.04,1
2026-04-01 12:45:44.802310,259.68,5.17,1
2026-04-01 12:45:49.802310,273.89,5.12,1
2026-04-01 12:45:54.802310,287.11,6.62,1
2026-04-01 12:45:59.802310,295.87,7.25,1
2026-04-01 12:46:04.802310,304.0,7.78,1
2026-04-01 12:46:09.802310,173.23,6.57,1
2026-04-01 12:46:14.802310,181.01,7.14,1
2026-04-01 12:46:19.802310,188.72,7.49,1
2026-04-01 12:46:24.802310,202.34,6.53,1
2026-04-01 12:46:29.802310,210.12,7.51,1
2026-04-01 12:46:34.802310,218.87,6.19,1
2026-04-01 12:46:39.802310,230.88,6.85,1
2026-04-01 12:46:44.802310,245.81,5.15,1
2026-04-01 12:46:49.802310,256.54,5.26,1
2026-04-01 12:46:54.802310,263.77,6.22,1
2026-04-01 12:46:59.802310,276.98,5.11,1
2026-04-01 12:47:04.802310,291.04,6.16,1
2026-04-01 12:47:09.802310,295.16,6.85,1
2026-04-01 12:47:14.802310,308.67,6.3,1
2026-04-01 12:47:19.802310,0.0,0.0,0
2026-04-01 12:47:24.802310,242.24,5.9,1
2026-04-01 12:47:29.802310,242.81,5.6,1
2026-04-01 12:47:34.802310,256.86,7.61,1
2026-04-01 12:47:39.802310,271.52,6.15,1
2026-04-01 12:47:44.802310,276.14,7.48,1
2026-04-01 12:47:49.802310,281.43,7.12,1
2026-04-01 12:47:54.802310,285.71,7.22,1
2026-04-01 12:47:59.802310,295.84,6.1,1
2026-04-01 12:48:04.802310,306.5,6.51,1
2026-04-01 12:48:09.802310,118.56,7.73,1
2026-04-01 12:48:14.802310,121.41,5.04,1
2026-04-01 12:48:19.802310,125.38,6.73,1
2026-04-01 12:48:24.802310,138.47,7.26,1
2026-04-01 12:48:29.802310,151.79,5.99,1
2026-04-01 12:48:34.802310,164.79,6.03,1
2026-04-01 12:48:39.802310,174.55,7.47,1
2026-04-01 12:48:44.802310,189.54,7.39,1
2026-04-01 12:48:49.802310,193.2,5.52,1
2026-04-01 12:48:54.802310,203.87,7.39,1
2026-04-01 12:48:59.802310,211.3,7.43,1
2026-04-01 12:49:04.802310,223.19,5.62,1
2026-04-01 12:49:09.802310,230.28,5.19,1
2026-04-01 12:49:14.802310,238.56,5.62,1
2026-04-01 12:49:19.802310,245.26,6.03,1
2026-04-01 12:49:24.802310,254.46,5.56,1
2026-04-01 12:49:29.802310,269.46,7.49,1
2026-04-01 12:49:34.802310,270.62,6.44,1
2026-04-01 12:49:39.802310,279.07,7.96,1
2026-04-01 12:49:44.802310,287.66,5.57,1
2026-04-01 12:49:49.802310,292.67,6.32,1
2026-04-01 12:49:54.802310,305.26,7.99,1
2026-04-01 12:49:59.802310,0.0,0.0,0
2026-04-01 12:50:04.802310,0.0,0.0,0
2026-04-01 12:50:09.802310,245.41,6.37,1
2026-04-01 12:50:14.802310,248.78,6.52,1
2026-04-01 12:50:19.802310,252.63,5.39,1
2026-04-01 12:50:24.802310,267.27,7.59,1
2026-04-01 12:50:29.802310,280.18,7.48,1
2026-04-01 12:50:34.802310,288.11,7.34,1
2026-04-01 12:50:39.802310,302.83,7.67,1
2026-04-01 12:50:44.802310,206.15,6.07,1
2026-04-01 12:50:49.802310,217.19,7.8,1
2026-04-01 12:50:54.802310,229.81,6.75,1
2026-04-01 12:50:59.802310,230.64,7.11,1
2026-04-01 12:51:04.802310,233.12,7.42,1
2026-04-01 12:51:09.802310,238.48,5.89,1
2026-04-01 12:51:14.802310,245.28,6.49,1
2026-04-01 12:51:19.802310,254.28,6.42,1
2026-04-01 12:51:24.802310,263.02,6.55,1
2026-04-01 12:51:29.802310,263.63,5.13,1
2026-04-01 12:51:34.802310,270.55,7.48,1
2026-04-01 12:51:39.802310,283.91,6.9,1
2026-04-01 12:51:44.802310,287.61,6.91,1
2026-04-01 12:51:49.802310,302.6,7.34,1
2026-04-01 12:51:54.802310,171.54,6.94,1
2026-04-01 12:51:59.802310,183.75,7.41,1
2026-04-01 12:52:04.802310,189.94,6.68,1
2026-04-01 12:52:09.802310,194.73,5.18,1
2026-04-01 12:52:14.802310,203.71,6.67,1
2026-04-01 12:52:19.802310,211.98,7.23,1
2026-04-01 12:52:24.802310,226.08,6.43,1
2026-04-01 12:52:29.802310,234.57,5.97,1
2026-04-01 12:52:34.802310,243.07,5.14,1
2026-04-01 12:52:39.802310,253.03,6.44,1
2026-04-01 12:52:44.802310,258.3,6.87,1
2026-04-01 12:52:49.802310,259.4,6.33,1
2026-04-01 12:52:54.802310,268.61,6.21,1
2026-04-01 12:52:59.802310,275.04,6.89,1
2026-04-01 12:53:04.802310,278.06,6.68,1
2026-04-01 12:53:09.802310,288.34,5.31,1
2026-04-01 12:53:14.802310,298.35,6.54,1
2026-04-01 12:53:19.802310,302.46,7.18,1
2026-04-01 12:53:24.802310,73.49,6.78,1
2026-04-01 12:53:29.802310,80.8,6.57,1
2026-04-01 12:53:34.802310,95.17,5.45,1
2026-04-01 12:53:39.802310,108.02,5.97,1
2026-04-01 12:53:44.802310,117.35,5.59,1
2026-04-01 12:53:49.802310,127.53,6.02,1
2026-04-01 12:53:54.802310,136.7,5.52,1
2026-04-01 12:53:59.802310,151.0,7.25,1
2026-04-01 12:54:04.802310,159.02,7.78,1
2026-04-01 12:54:09.802310,172.6,6.57,1
2026-04-01 12:54:14.802310,179.68,6.22,1
2026-04-01 12:54:19.802310,189.19,7.76,1
2026-04-01 12:54:24.802310,201.38,6.08,1
2026-04-01 12:54:29.802310,202.99,6.67,1
2026-04-01 12:54:34.802310,217.96,6.53,1
2026-04-01 12:54:39.802310,228.6,6.74,1
2026-04-01 12:54:44.802310,243.1,6.23,1
2026-04-01 12:54:49.802310,257.14,6.12,1
2026-04-01 12:54:54.802310,260.09,5.27,1
2026-04-01 12:54:59.802310,266.77,6.41,1
2026-04-01 12:55:04.802310,279.77,5.46,1
2026-04-01 12:55:09.802310,284.38,7.33,1
2026-04-01 12:55:14.802310,284.64,6.81,1
2026-04-01 12:55:19.802310,297.66,5.31,1
2026-04-01 12:55:24.802310,301.25,6.41,1
2026-04-01 12:55:29.802310,40.66,9.26,2
2026-04-01 12:55:34.802310,41.54,10.8,2
2026-04-01 12:55:39.802310,55.23,10.67,2
2026-04-01 12:55:44.802310,154.96,7.79,1
2026-04-01 12:55:49.802310,167.4,5.42,1
2026-04-01 12:55:54.802310,171.75,7.94,1
2026-04-01 12:55:59.802310,185.78,7.74,1
2026-04-01 12:56:04.802310,186.93,5.52,1
2026-04-01 12:56:09.802310,193.58,7.84,1
2026-04-01 12:56:14.802310,201.22,7.13,1
2026-04-01 12:56:19.802310,212.62,6.82,1
2026-04-01 12:56:24.802310,227.27,5.96,1
2026-04-01 12:56:29.802310,230.0,5.29,1
2026-04-01 12:56:34.802310,239.79,5.79,1
2026-04-01 12:56:39.802310,250.02,5.29,1
2026-04-01 12:56:44.802310,262.88,7.3,1
2026-04-01 12:56:49.802310,274.33,6.36,1
2026-04-01 12:56:54.802310,286.43,6.97,1
2026-04-01 12:56:59.802310,286.46,5.1,1
2026-04-01 12:57:04.802310,290.51,5.46,1
2026-04-01 12:57:09.802310,297.32,5.1,1
2026-04-01 12:57:14.802310,309.89,7.63,1
2026-04-01 12:57:19.802310,253.17,6.97,1
2026-04-01 12:57:24.802310,265.69,5.72,1
2026-04-01 12:57:29.802310,269.65,5.09,1
2026-04-01 12:57:34.802310,273.45,7.82,1
2026-04-01 12:57:39.802310,280.56,6.78,1
2026-04-01 12:57:44.802310,281.19,6.81,1
2026-04-01 12:57:49.802310,295.15,7.3,1
2026-04-01 12:57:54.802310,296.14,6.48,1
2026-04-01 12:57:59.802310,303.35,6.47,1
2026-04-01 12:58:04.802310,0.0,0.0,0
2026-04-01 12:58:09.802310,0.0,0.0,0
2026-04-01 12:58:14.802310,28.32,8.05,2
2026-04-01 12:58:19.802310,41.73,10.12,2
2026-04-01 12:58:24.802310,49.94,9.79,2
2026-04-01 12:58:29.802310,56.82,11.67,2
2026-04-01 12:58:34.802310,166.38,5.59,1
2026-04-01 12:58:39.802310,167.78,6.22,1
2026-04-01 12:58:44.802310,172.04,6.15,1
2026-04-01 12:58:49.802310,174.36,7.64,1
2026-04-01 12:58:54.802310,178.18,5.94,1
2026-04-01 12:58:59.802310,191.16,5.89,1
2026-04-01 12:59:04.802310,192.69,7.71,1
2026-04-01 12:59:09.802310,199.1,5.86,1
2026-04-01 12:59:14.802310,200.81,5.48,1
2026-04-01 12:59:19.802310,203.57,6.82,1
2026-04-01 12:59:24.802310,209.25,5.55,1
2026-04-01 12:59:29.802310,218.32,5.29,1
2026-04-01 12:59:34.802310,232.32,5.48,1
2026-04-01 12:59:39.802310,238.99,5.19,1
2026-04-01 12:59:44.802310,246.82,6.74,1
2026-04-01 12:59:49.802310,247.29,7.55,1
2026-04-01 12:59:54.802310,253.27,5.41,1
2026-04-01 12:59:59.802310,263.54,5.25,1
2026-04-01 13:00:04.802310,268.04,6.58,1
2026-04-01 13:00:09.802310,278.56,7.14,1
2026-04-01 13:00:14.802310,282.75,6.89,1
2026-04-01 13:00:19.802310,297.53,6.38,1
2026-04-01 13:00:24.802310,307.13,7.55,1
2026-04-01 13:00:29.802310,35.58,11.99,2
2026-04-01 13:00:34.802310,41.87,9.31,2
2026-04-01 13:00:39.802310,54.91,8.08,2
2026-04-01 13:00:44.802310,0.0,0.0,0
2026-04-01 13:00:49.802310,61.38,7.05,1
2026-04-01 13:00:54.802310,72.58,5.79,1
2026-04-01 13:00:59.802310,84.01,5.49,1
2026-04-01 13:01:04.802310,87.24,6.88,1
2026-04-01 13:01:09.802310,100.03,7.24,1
2026-04-01 13:01:14.802310,111.61,7.17,1
2026-04-01 13:01:19.802310,111.71,7.98,1
2026-04-01 13:01:24.802310,113.28,7.63,1
2026-04-01 13:01:29.802310,120.3,7.62,1
2026-04-01 13:01:34.802310,124.72,6.98,1
2026-04-01 13:01:39.802310,125.18,6.1,1
2026-04-01 13:01:44.802310,129.75,7.53,1
2026-04-01 13:01:49.802310,137.41,7.63,1
2026-04-01 13:01:54.802310,149.82,6.56,1
2026-04-01 13:01:59.802310,151.12,7.95,1
2026-04-01 13:02:04.802310,152.9,6.64,1
2026-04-01 13:02:09.802310,167.24,7.65,1
2026-04-01 13:02:14.802310,174.82,5.36,1
2026-04-01 13:02:19.802310,187.45,7.68,1
2026-04-01 13:02:24.802310,200.89,7.9,1
2026-04-01 13:02:29.802310,204.23,5.15,1
2026-04-01 13:02:34.802310,214.74,5.94,1
2026-04-01 13:02:39.802310,224.56,6.42,1
2026-04-01 13:02:44.802310,225.54,7.11,1
2026-04-01 13:02:49.802310,234.27,5.03,1
2026-04-01 13:02:54.802310,237.49,5.22,1
2026-04-01 13:02:59.802310,243.02,5.76,1
2026-04-01 13:03:04.802310,244.94,6.78,1
2026-04-01 13:03:09.802310,248.69,5.41,1
2026-04-01 13:03:14.802310,249.1,7.46,1
2026-04-01 13:03:19.802310,252.23,6.89,1
2026-04-01 13:03:24.802310,255.06,5.11,1
2026-04-01 13:03:29.802310,257.85,5.4,1
2026-04-01 13:03:34.802310,267.48,6.19,1
2026-04-01 13:03:39.802310,271.83,6.32,1
2026-04-01 13:03:44.802310,281.9,7.54,1
2026-04-01 13:03:49.802310,296.53,5.95,1
2026-04-01 13:03:54.802310,297.05,5.83,1
2026-04-01 13:03:59.802310,309.45,7.73,1
2026-04-01 13:04:04.802310,0.0,0.0,0
2026-04-01 13:04:09.802310,31.12,9.19,2
2026-04-01 13:04:14.802310,39.04,11.33,2
2026-04-01 13:04:19.802310,49.4,11.53,2
2026-04-01 13:04:24.802310,54.49,8.52,2
2026-04-01 13:04:29.802310,26.19,9.12,2
2026-04-01 13:04:34.802310,37.6,10.61,2
2026-04-01 13:04:39.802310,38.04,9.55,2
2026-04-01 13:04:44.802310,46.11,11.43,2
2026-04-01 13:04:49.802310,60.33,9.91,2
2026-04-01 13:04:54.802310,0.0,0.0,0
2026-04-01 13:04:59.802310,0.0,0.0,0
2026-04-01 13:05:04.802310,0.0,0.0,0
2026-04-01 13:05:09.802310,0.0,0.0,0
2026-04-01 13:05:14.802310,35.62,8.55,2
2026-04-01 13:05:19.802310,42.31,8.5,2
2026-04-01 13:05:24.802310,43.38,8.64,2
2026-04-01 13:05:29.802310,54.74,8.34,2
2026-04-01 13:05:34.802310,35.69,11.82,2
2026-04-01 13:05:39.802310,46.51,10.68,2
2026-04-01 13:05:44.802310,47.98,11.29,2
2026-04-01 13:05:49.802310,52.1,8.66,2
2026-04-01 13:05:54.802310,184.18,6.83,1
2026-04-01 13:05:59.802310,189.39,7.55,1
2026-04-01 13:06:04.802310,195.34,7.89,1
2026-04-01 13:06:09.802310,202.37,7.18,1
2026-04-01 13:06:14.802310,202.4,7.05,1
2026-04-01 13:06:19.802310,207.98,5.69,1
2026-04-01 13:06:24.802310,216.25,6.37,1
2026-04-01 13:06:29.802310,229.58,6.11,1
2026-04-01 13:06:34.802310,240.38,7.12,1
2026-04-01 13:06:39.802310,245.73,6.17,1
2026-04-01 13:06:44.802310,251.86,5.25,1
2026-04-01 13:06:49.802310,253.47,6.58,1
2026-04-01 13:06:54.802310,266.41,5.97,1
2026-04-01 13:06:59.802310,271.5,7.79,1
2026-04-01 13:07:04.802310,277.83,6.87,1
2026-04-01 13:07:09.802310,285.45,6.39,1
2026-04-01 13:07:14.802310,286.05,6.91,1
2026-04-01 13:07:19.802310,286.16,5.51,1
2026-04-01 13:07:24.802310,297.4,6.36,1
2026-04-01 13:07:29.802310,304.15,5.18,1
2026-04-01 13:07:34.802310,235.19,6.94,1
2026-04-01 13:07:39.802310,236.49,6.46,1
2026-04-01 13:07:44.802310,247.14,6.75,1
2026-04-01 13:07:49.802310,252.29,6.12,1
2026-04-01 13:07:54.802310,263.4,7.7,1
2026-04-01 13:07:59.802310,266.75,5.93,1
2026-04-01 13:08:04.802310,278.94,6.9,1
2026-04-01 13:08:09.802310,291.8,5.25,1
2026-04-01 13:08:14.802310,296.71,6.12,1
2026-04-01 13:08:19.802310,306.91,5.19,1
2026-04-01 13:08:24.802310,63.32,5.16,1
2026-04-01 13:08:29.802310,75.65,5.95,1
2026-04-01 13:08:34.802310,79.37,7.64,1
2026-04-01 13:08:39.802310,94.06,6.08,1
2026-04-01 13:08:44.802310,108.44,5.79,1
2026-04-01 13:08:49.802310,109.19,5.87,1
2026-04-01 13:08:54.802310,117.99,6.67,1
2026-04-01 13:08:59.802310,127.41,6.51,1
2026-04-01 13:09:04.802310,130.44,7.71,1
2026-04-01 13:09:09.802310,142.29,5.19,1
2026-04-01 13:09:14.802310,154.33,5.31,1
2026-04-01 13:09:19.802310,164.4,6.36,1
2026-04-01 13:09:24.802310,166.76,7.16,1
2026-04-01 13:09:29.802310,169.09,6.32,1
2026-04-01 13:09:34.802310,176.47,6.56,1
2026-04-01 13:09:39.802310,183.4,7.68,1
2026-04-01 13:09:44.802310,188.27,7.09,1
2026-04-01 13:09:49.802310,199.26,7.12,1
2026-04-01 13:09:54.802310,213.81,6.36,1
2026-04-01 13:09:59.802310,227.33,6.08,1
2026-04-01 13:10:04.802310,238.37,6.12,1
2026-04-01 13:10:09.802310,247.95,7.34,1
2026-04-01 13:10:14.802310,249.43,5.21,1
2026-04-01 13:10:19.802310,250.29,6.04,1
2026-04-01 13:10:24.802310,264.32,7.69,1
2026-04-01 13:10:29.802310,264.61,6.48,1
2026-04-01 13:10:34.802310,273.71,5.42,1
2026-04-01 13:10:39.802310,276.66,6.82,1
2026-04-01 13:10:44.802310,286.06,7.18,1
2026-04-01 13:10:49.802310,301.04,7.99,1
2026-04-01 13:10:54.802310,35.81,11.29,2
2026-04-01 13:10:59.802310,36.42,11.72,2
2026-04-01 13:11:04.802310,50.11,9.28,2
2026-04-01 13:11:09.802310,195.04,5.5,1
2026-04-01 13:11:14.802310,198.6,5.17,1
2026-04-01 13:11:19.802310,209.39,6.43,1
2026-04-01 13:11:24.802310,212.23,5.39,1
2026-04-01 13:11:29.802310,227.12,5.18,1
2026-04-01 13:11:34.802310,234.31,7.23,1
2026-04-01 13:11:39.802310,249.13,6.92,1
2026-04-01 13:11:44.802310,256.75,6.33,1
2026-04-01 13:11:49.802310,257.45,5.37,1
2026-04-01 13:11:54.802310,258.54,6.0,1
2026-04-01 13:11:59.802310,262.07,5.67,1
2026-04-01 13:12:04.802310,273.67,6.92,1
2026-04-01 13:12:09.802310,277.09,6.38,1
2026-04-01 13:12:14.802310,279.35,7.52,1
2026-04-01 13:12:19.802310,284.71,7.52,1
2026-04-01 13:12:24.802310,284.95,7.83,1
2026-04-01 13:12:29.802310,293.0,6.28,1
2026-04-01 13:12:34.802310,294.8,5.7,1
2026-04-01 13:12:39.802310,298.44,7.99,1
2026-04-01 13:12:44.802310,303.57,5.42,1
2026-04-01 13:12:49.802310,30.44,10.44,2
2026-04-01 13:12:54.802310,41.11,8.62,2
2026-04-01 13:12:59.802310,46.25,9.54,2
2026-04-01 13:13:04.802310,50.44,11.85,2
2026-04-01 13:13:09.802310,0.0,0.0,0
2026-04-01 13:13:14.802310,287.56,7.06,1
2026-04-01 13:13:19.802310,299.56,7.41,1
2026-04-01 13:13:24.802310,301.17,5.02,1
2026-04-01 13:13:29.802310,0.0,0.0,0
2026-04-01 13:13:34.802310,0.0,0.0,0
2026-04-01 13:13:39.802310,0.0,0.0,0
2026-04-01 13:13:44.802310,42.64,10.82,2
2026-04-01 13:13:49.802310,54.36,9.6,2
2026-04-01 13:13:54.802310,0.0,0.0,0
2026-04-01 13:13:59.802310,204.73,7.39,1
2026-04-01 13:14:04.802310,219.54,7.29,1
2026-04-01 13:14:09.802310,222.34,5.42,1
2026-04-01 13:14:14.802310,235.82,5.87,1
2026-04-01 13:14:19.802310,245.72,7.37,1
2026-04-01 13:14:24.802310,248.3,5.43,1
2026-04-01 13:14:29.802310,255.94,7.11,1
2026-04-01 13:14:34.802310,266.88,5.86,1
2026-04-01 13:14:39.802310,268.8,7.07,1
2026-04-01 13:14:44.802310,277.47,5.69,1
2026-04-01 13:14:49.802310,287.02,5.21,1
2026-04-01 13:14:54.802310,292.29,8.0,1
2026-04-01 13:14:59.802310,297.57,5.09,1
2026-04-01 13:15:04.802310,303.11,6.45,1
2026-04-01 13:15:09.802310,43.7,11.04,2
2026-04-01 13:15:14.802310,50.82,11.63,2
2026-04-01 13:15:19.802310,0.0,0.0,0
2026-04-01 13:15:24.802310,74.89,7.09,1
2026-04-01 13:15:29.802310,81.75,7.07,1
2026-04-01 13:15:34.802310,94.88,7.1,1
2026-04-01 13:15:39.802310,108.47,5.18,1
2026-04-01 13:15:44.802310,117.47,6.74,1
2026-04-01 13:15:49.802310,118.73,5.47,1
2026-04-01 13:15:54.802310,128.32,7.38,1
2026-04-01 13:15:59.802310,133.21,7.03,1
2026-04-01 13:16:04.802310,134.3,5.21,1
2026-04-01 13:16:09.802310,142.66,6.51,1
2026-04-01 13:16:14.802310,143.54,5.33,1
2026-04-01 13:16:19.802310,150.56,7.95,1
2026-04-01 13:16:24.802310,155.64,6.15,1
2026-04-01 13:16:29.802310,156.95,7.3,1
2026-04-01 13:16:34.802310,169.46,5.56,1
2026-04-01 13:16:39.802310,179.95,7.53,1
2026-04-01 13:16:44.802310,184.85,6.32,1
2026-04-01 13:16:49.802310,193.65,5.35,1
2026-04-01 13:16:54.802310,201.7,6.32,1
2026-04-01 13:16:59.802310,203.97,7.37,1
2026-04-01 13:17:04.802310,213.24,5.99,1
2026-04-01 13:17:09.802310,222.97,6.71,1
2026-04-01 13:17:14.802310,226.18,6.87,1
2026-04-01 13:17:19.802310,235.49,5.22,1
2026-04-01 13:17:24.802310,249.2,5.49,1
2026-04-01 13:17:29.802310,253.63,6.41,1
2026-04-01 13:17:34.802310,258.58,6.3,1
2026-04-01 13:17:39.802310,264.6,5.31,1
2026-04-01 13:17:44.802310,278.66,7.62,1
2026-04-01 13:17:49.802310,281.15,7.48,1
2026-04-01 13:17:54.802310,282.9,6.22,1
2026-04-01 13:17:59.802310,297.72,6.03,1
2026-04-01 13:18:04.802310,307.81,6.86,1
2026-04-01 13:18:09.802310,144.06,7.3,1
2026-04-01 13:18:14.802310,147.24,5.3,1
2026-04-01 13:18:19.802310,155.93,5.57,1
2026-04-01 13:18:24.802310,158.1,6.54,1
2026-04-01 13:18:29.802310,171.14,6.53,1
2026-04-01 13:18:34.802310,179.98,7.5,1
2026-04-01 13:18:39.802310,190.53,5.4,1
2026-04-01 13:18:44.802310,191.54,5.85,1
2026-04-01 13:18:49.802310,200.09,5.46,1
2026-04-01 13:18:54.802310,214.67,7.93,1
2026-04-01 13:18:59.802310,219.4,6.26,1
2026-04-01 13:19:04.802310,226.23,7.36,1
2026-04-01 13:19:09.802310,239.6,7.07,1
2026-04-01 13:19:14.802310,243.4,7.82,1
2026-04-01 13:19:19.802310,257.14,6.5,1
2026-04-01 13:19:24.802310,269.29,7.34,1
2026-04-01 13:19:29.802310,278.52,7.39,1
2026-04-01 13:19:34.802310,285.19,6.02,1
2026-04-01 13:19:39.802310,290.93,6.77,1
2026-04-01 13:19:44.802310,291.93,7.93,1
2026-04-01 13:19:49.802310,301.84,6.89,1
2026-04-01 13:19:54.802310,36.06,10.73,2
2026-04-01 13:19:59.802310,44.0,11.69,2
2026-04-01 13:20:04.802310,45.32,8.0,2
2026-04-01 13:20:09.802310,58.59,8.48,2
2026-04-01 13:20:14.802310,186.23,6.42,1
2026-04-01 13:20:19.802310,191.21,6.11,1
2026-04-01 13:20:24.802310,195.49,7.87,1
2026-04-01 13:20:29.802310,206.1,7.34,1
2026-04-01 13:20:34.802310,214.57,7.36,1
2026-04-01 13:20:39.802310,225.6,7.15,1
2026-04-01 13:20:44.802310,228.12,8.0,1
2026-04-01 13:20:49.802310,235.85,6.82,1
2026-04-01 13:20:54.802310,242.52,6.37,1
2026-04-01 13:20:59.802310,250.54,7.24,1
2026-04-01 13:21:04.802310,263.72,5.93,1
2026-04-01 13:21:09.802310,272.8,7.48,1
2026-04-01 13:21:14.802310,276.54,7.55,1
2026-04-01 13:21:19.802310,289.54,7.25,1
2026-04-01 13:21:24.802310,298.49,7.19,1
2026-04-01 13:21:29.802310,301.27,7.46,1
2026-04-01 13:21:34.802310,141.17,5.86,1
2026-04-01 13:21:39.802310,147.81,7.63,1
2026-04-01 13:21:44.802310,155.56,6.44,1
2026-04-01 13:21:49.802310,163.73,5.22,1
2026-04-01 13:21:54.802310,176.27,7.65,1
2026-04-01 13:21:59.802310,184.5,7.83,1
2026-04-01 13:22:04.802310,191.94,6.24,1
2026-04-01 13:22:09.802310,195.73,5.44,1
2026-04-01 13:22:14.802310,204.72,6.94,1
2026-04-01 13:22:19.802310,213.72,5.21,1
2026-04-01 13:22:24.802310,216.02,6.36,1
2026-04-01 13:22:29.802310,225.72,6.98,1
2026-04-01 13:22:34.802310,226.33,5.72,1
2026-04-01 13:22:39.802310,236.45,6.6,1
2026-04-01 13:22:44.802310,249.95,7.76,1
2026-04-01 13:22:49.802310,249.99,5.6,1
2026-04-01 13:22:54.802310,257.43,7.37,1
2026-04-01 13:22:59.802310,261.24,6.59,1
2026-04-01 13:23:04.802310,271.41,5.89,1
2026-04-01 13:23:09.802310,281.5,6.32,1
2026-04-01 13:23:14.802310,292.92,7.67,1
2026-04-01 13:23:19.802310,295.95,7.18,1
2026-04-01 13:23:24.802310,302.97,7.06,1
2026-04-01 13:23:29.802310,24.66,11.55,2
2026-04-01 13:23:34.802310,36.41,10.33,2
2026-04-01 13:23:39.802310,37.4,10.37,2
2026-04-01 13:23:44.802310,47.78,8.13,2
2026-04-01 13:23:49.802310,61.09,11.73,2
2026-04-01 13:23:54.802310,106.1,6.98,1
2026-04-01 13:23:59.802310,110.33,7.85,1
2026-04-01 13:24:04.802310,124.73,7.45,1
2026-04-01 13:24:09.802310,130.82,6.4,1
2026-04-01 13:24:14.802310,133.25,6.14,1
2026-04-01 13:24:19.802310,146.39,6.37,1
2026-04-01 13:24:24.802310,150.89,7.79,1
2026-04-01 13:24:29.802310,159.17,7.11,1
2026-04-01 13:24:34.802310,170.69,6.66,1
2026-04-01 13:24:39.802310,183.77,7.57,1
2026-04-01 13:24:44.802310,193.43,6.47,1
2026-04-01 13:24:49.802310,195.03,6.12,1
2026-04-01 13:24:54.802310,206.67,6.0,1
2026-04-01 13:24:59.802310,207.73,7.65,1
2026-04-01 13:25:04.802310,216.57,6.67,1
2026-04-01 13:25:09.802310,223.62,6.34,1
2026-04-01 13:25:14.802310,234.54,6.97,1
2026-04-01 13:25:19.802310,239.26,5.05,1
2026-04-01 13:25:24.802310,245.86,7.67,1
2026-04-01 13:25:29.802310,250.47,6.25,1
2026-04-01 13:25:34.802310,253.34,6.01,1
2026-04-01 13:25:39.802310,261.54,5.57,1
2026-04-01 13:25:44.802310,261.87,5.96,1
2026-04-01 13:25:49.802310,269.57,5.88,1
2026-04-01 13:25:54.802310,277.2,7.18,1
2026-04-01 13:25:59.802310,282.36,6.71,1
2026-04-01 13:26:04.802310,295.41,6.59,1
2026-04-01 13:26:09.802310,297.86,7.34,1
2026-04-01 13:26:14.802310,310.12,6.95,1
2026-04-01 13:26:19.802310,34.95,9.31,2
2026-04-01 13:26:24.802310,45.69,8.97,2
2026-04-01 13:26:29.802310,48.44,9.29,2
2026-04-01 13:26:34.802310,58.85,10.61,2
2026-04-01 13:26:39.802310,0.0,0.0,0
2026-04-01 13:26:44.802310,0.0,0.0,0
2026-04-01 13:26:49.802310,0.0,0.0,0
2026-04-01 13:26:54.802310,42.52,8.4,2
2026-04-01 13:26:59.802310,50.29,10.39,2
2026-04-01 13:27:04.802310,10.98,9.41,2
2026-04-01 13:27:09.802310,14.41,10.28,2
2026-04-01 13:27:14.802310,21.64,10.09,2
2026-04-01 13:27:19.802310,24.68,8.56,2
2026-04-01 13:27:24.802310,31.56,11.04,2
2026-04-01 13:27:29.802310,35.95,8.45,2
2026-04-01 13:27:34.802310,40.69,10.24,2
2026-04-01 13:27:39.802310,54.58,10.93,2
2026-04-01 13:27:44.802310,0.0,0.0,0
2026-04-01 13:27:49.802310,153.27,6.43,1
2026-04-01 13:27:54.802310,159.55,5.83,1
2026-04-01 13:27:59.802310,161.83,6.8,1
2026-04-01 13:28:04.802310,168.99,7.98,1
2026-04-01 13:28:09.802310,178.71,7.78,1
2026-04-01 13:28:14.802310,185.58,7.85,1
2026-04-01 13:28:19.802310,195.06,7.32,1
2026-04-01 13:28:24.802310,208.64,6.47,1
2026-04-01 13:28:29.802310,218.69,6.63,1
2026-04-01 13:28:34.802310,231.18,7.58,1
2026-04-01 13:28:39.802310,240.4,7.83,1
2026-04-01 13:28:44.802310,253.44,7.7,1
2026-04-01 13:28:49.802310,257.31,6.96,1
2026-04-01 13:28:54.802310,264.8,7.83,1
2026-04-01 13:28:59.802310,279.51,5.47,1
2026-04-01 13:29:04.802310,294.5,5.44,1
2026-04-01 13:29:09.802310,308.58,6.43,1
2026-04-01 13:29:14.802310,0.0,0.0,0
2026-04-01 13:29:19.802310,26.9,10.39,2
2026-04-01 13:29:24.802310,31.5,8.58,2
2026-04-01 13:29:29.802310,45.28,8.81,2
2026-04-01 13:29:34.802310,54.95,8.67,2
2026-04-01 13:29:39.802310,0.0,0.0,0
2026-04-01 13:29:44.802310,235.45,5.43,1
2026-04-01 13:29:49.802310,243.66,7.92,1
2026-04-01 13:29:54.802310,245.15,7.5,1
2026-04-01 13:29:59.802310,253.62,5.56,1
2026-04-01 13:30:04.802310,260.45,5.11,1
2026-04-01 13:30:09.802310,275.37,7.16,1
2026-04-01 13:30:14.802310,285.16,5.53,1
2026-04-01 13:30:19.802310,298.28,6.29,1
2026-04-01 13:30:24.802310,304.87,5.7,1
2026-04-01 13:30:29.802310,124.35,5.39,1
2026-04-01 13:30:34.802310,138.91,5.78,1
2026-04-01 13:30:39.802310,152.44,6.71,1
2026-04-01 13:30:44.802310,156.7,7.52,1
2026-04-01 13:30:49.802310,159.74,7.02,1
2026-04-01 13:30:54.802310,167.79,6.31,1
2026-04-01 13:30:59.802310,177.0,7.5,1
2026-04-01 13:31:04.802310,191.12,7.73,1
2026-04-01 13:31:09.802310,196.37,6.08,1
2026-04-01 13:31:14.802310,204.36,7.21,1
2026-04-01 13:31:19.802310,212.38,5.47,1
2026-04-01 13:31:24.802310,217.99,7.71,1
2026-04-01 13:31:29.802310,221.56,7.71,1
2026-04-01 13:31:34.802310,230.92,6.01,1
2026-04-01 13:31:39.802310,237.55,5.3,1
2026-04-01 13:31:44.802310,246.8,5.14,1
2026-04-01 13:31:49.802310,256.63,6.87,1
2026-04-01 13:31:54.802310,262.84,7.5,1
2026-04-01 13:31:59.802310,271.94,5.02,1
2026-04-01 13:32:04.802310,281.14,7.78,1
2026-04-01 13:32:09.802310,294.66,6.08,1
2026-04-01 13:32:14.802310,303.79,5.87,1
2026-04-01 13:32:19.802310,230.01,6.85,1
2026-04-01 13:32:24.802310,244.45,6.29,1
2026-04-01 13:32:29.802310,247.19,5.04,1
2026-04-01 13:32:34.802310,259.37,6.75,1
2026-04-01 13:32:39.802310,267.13,6.16,1
2026-04-01 13:32:44.802310,280.02,7.72,1
2026-04-01 13:32:49.802310,291.07,7.8,1
2026-04-01 13:32:54.802310,302.41,7.12,1
2026-04-01 13:32:59.802310,35.9,9.94,2
2026-04-01 13:33:04.802310,38.02,8.76,2
2026-04-01 13:33:09.802310,45.53,10.71,2
2026-04-01 13:33:14.802310,57.36,11.39,2
2026-04-01 13:33:19.802310,228.73,5.13,1
2026-04-01 13:33:24.802310,241.83,6.07,1
2026-04-01 13:33:29.802310,250.71,6.71,1
2026-04-01 13:33:34.802310,258.62,5.97,1
2026-04-01 13:33:39.802310,259.44,7.43,1
2026-04-01 13:33:44.802310,274.36,6.73,1
2026-04-01 13:33:49.802310,286.62,7.15,1
2026-04-01 13:33:54.802310,293.57,7.74,1
2026-04-01 13:33:59.802310,294.06,6.21,1
2026-04-01 13:34:04.802310,297.45,6.03,1
2026-04-01 13:34:09.802310,304.4,5.74,1
2026-04-01 13:34:14.802310,222.11,5.8,1
2026-04-01 13:34:19.802310,234.59,5.2,1
2026-04-01 13:34:24.802310,241.7,5.56,1
2026-04-01 13:34:29.802310,251.33,7.51,1
2026-04-01 13:34:34.802310,257.53,6.94,1
2026-04-01 13:34:39.802310,259.62,7.7,1
2026-04-01 13:34:44.802310,265.06,5.26,1
2026-04-01 13:34:49.802310,269.43,7.09,1
2026-04-01 13:34:54.802310,273.79,7.74,1
2026-04-01 13:34:59.802310,281.54,7.15,1
2026-04-01 13:35:04.802310,285.47,7.71,1
2026-04-01 13:35:09.802310,296.76,6.61,1
2026-04-01 13:35:14.802310,304.65,7.03,1
2026-04-01 13:35:19.802310,109.04,5.18,1
2026-04-01 13:35:24.802310,114.11,6.83,1
2026-04-01 13:35:29.802310,121.89,7.8,1
2026-04-01 13:35:34.802310,130.7,7.91,1
2026-04-01 13:35:39.802310,142.35,5.56,1
2026-04-01 13:35:44.802310,150.18,6.97,1
2026-04-01 13:35:49.802310,153.98,7.12,1
2026-04-01 13:35:54.802310,155.24,7.91,1
2026-04-01 13:35:59.802310,159.45,6.85,1
2026-04-01 13:36:04.802310,169.84,5.72,1
2026-04-01 13:36:09.802310,183.14,5.1,1
2026-04-01 13:36:14.802310,191.86,7.48,1
2026-04-01 13:36:19.802310,199.97,5.64,1
2026-04-01 13:36:24.802310,208.39,7.16,1
2026-04-01 13:36:29.802310,211.96,7.72,1
2026-04-01 13:36:34.802310,225.71,5.14,1
2026-04-01 13:36:39.802310,225.98,5.26,1
2026-04-01 13:36:44.802310,234.9,6.34,1
2026-04-01 13:36:49.802310,248.37,7.32,1
2026-04-01 13:36:54.802310,256.03,7.56,1
2026-04-01 13:36:59.802310,269.17,7.29,1
2026-04-01 13:37:04.802310,269.21,6.11,1
2026-04-01 13:37:09.802310,284.14,7.74,1
2026-04-01 13:37:14.802310,294.31,5.27,1
2026-04-01 13:37:19.802310,308.56,5.09,1
2026-04-01 13:37:24.802310,41.27,11.55,2
2026-04-01 13:37:29.802310,56.07,9.98,2
2026-04-01 13:37:34.802310,241.36,7.66,1
2026-04-01 13:37:39.802310,246.79,5.9,1
2026-04-01 13:37:44.802310,247.85,7.87,1
2026-04-01 13:37:49.802310,254.5,5.18,1
2026-04-01 13:37:54.802310,255.04,7.66,1
2026-04-01 13:37:59.802310,259.11,5.11,1
2026-04-01 13:38:04.802310,271.07,6.32,1
2026-04-01 13:38:09.802310,274.79,7.98,1
2026-04-01 13:38:14.802310,276.63,6.12,1
2026-04-01 13:38:19.802310,278.59,5.95,1
2026-04-01 13:38:24.802310,281.26,6.39,1
2026-04-01 13:38:29.802310,295.71,5.06,1
2026-04-01 13:38:34.802310,308.7,6.37,1
2026-04-01 13:38:39.802310,246.28,5.57,1
2026-04-01 13:38:44.802310,260.86,6.16,1
2026-04-01 13:38:49.802310,267.74,7.43,1
2026-04-01 13:38:54.802310,270.71,6.9,1
2026-04-01 13:38:59.802310,283.5,6.51,1
2026-04-01 13:39:04.802310,288.82,6.57,1
2026-04-01 13:39:09.802310,289.91,7.23,1
2026-04-01 13:39:14.802310,294.97,7.22,1
2026-04-01 13:39:19.802310,297.99,6.39,1
2026-04-01 13:39:24.802310,306.64,7.36,1
2026-04-01 13:39:29.802310,0.0,0.0,0
2026-04-01 13:39:34.802310,0.0,0.0,0
2026-04-01 13:39:39.802310,0.0,0.0,0
2026-04-01 13:39:44.802310,23.77,8.68,2
2026-04-01 13:39:49.802310,36.52,8.04,2
2026-04-01 13:39:54.802310,50.9,10.89,2
2026-04-01 13:39:59.802310,46.35,10.94,2
2026-04-01 13:40:04.802310,57.92,10.87,2
2026-04-01 13:40:09.802310,36.85,8.51,2
2026-04-01 13:40:14.802310,39.36,10.83,2
2026-04-01 13:40:19.802310,53.1,8.53,2
2026-04-01 13:40:24.802310,13.84,8.84,2
2026-04-01 13:40:29.802310,27.39,10.4,2
2026-04-01 13:40:34.802310,41.69,8.16,2
2026-04-01 13:40:39.802310,48.55,11.1,2
2026-04-01 13:40:44.802310,49.14,10.45,2
2026-04-01 13:40:49.802310,53.88,8.82,2
2026-04-01 13:40:54.802310,0.0,0.0,0
2026-04-01 13:40:59.802310,66.19,7.01,1
2026-04-01 13:41:04.802310,72.46,5.02,1
2026-04-01 13:41:09.802310,85.35,6.27,1
2026-04-01 13:41:14.802310,94.32,5.39,1
2026-04-01 13:41:19.802310,97.64,7.68,1
2026-04-01 13:41:24.802310,110.63,6.88,1
2026-04-01 13:41:29.802310,120.7,7.37,1
2026-04-01 13:41:34.802310,134.72,6.47,1
2026-04-01 13:41:39.802310,134.91,5.1,1
2026-04-01 13:41:44.802310,141.86,5.46,1
2026-04-01 13:41:49.802310,147.65,6.37,1
2026-04-01 13:41:54.802310,159.64,5.68,1
2026-04-01 13:41:59.802310,167.12,5.18,1
2026-04-01 13:42:04.802310,180.08,7.61,1
2026-04-01 13:42:09.802310,192.27,6.54,1
2026-04-01 13:42:14.802310,197.58,6.39,1
2026-04-01 13:42:19.802310,210.38,6.88,1
2026-04-01 13:42:24.802310,218.04,7.06,1
2026-04-01 13:42:29.802310,224.77,5.66,1
2026-04-01 13:42:34.802310,235.37,5.92,1
2026-04-01 13:42:39.802310,241.27,5.69,1
2026-04-01 13:42:44.802310,255.63,6.52,1
2026-04-01 13:42:49.802310,261.17,6.04,1
2026-04-01 13:42:54.802310,266.94,5.02,1
2026-04-01 13:42:59.802310,280.79,5.89,1
2026-04-01 13:43:04.802310,283.02,7.54,1
2026-04-01 13:43:09.802310,296.65,5.47,1
2026-04-01 13:43:14.802310,303.07,5.55,1
2026-04-01 13:43:19.802310,242.28,7.97,1
2026-04-01 13:43:24.802310,251.02,7.22,1
2026-04-01 13:43:29.802310,258.9,6.06,1
2026-04-01 13:43:34.802310,260.11,5.14,1
2026-04-01 13:43:39.802310,263.94,7.73,1
2026-04-01 13:43:44.802310,266.99,5.48,1
2026-04-01 13:43:49.802310,281.82,7.2,1
2026-04-01 13:43:54.802310,282.56,6.01,1
2026-04-01 13:43:59.802310,290.95,5.28,1
2026-04-01 13:44:04.802310,294.76,5.18,1
2026-04-01 13:44:09.802310,306.71,7.05,1
2026-04-01 13:44:14.802310,0.0,0.0,0
2026-04-01 13:44:19.802310,0.0,0.0,0
2026-04-01 13:44:24.802310,205.86,7.58,1
2026-04-01 13:44:29.802310,210.17,6.78,1
2026-04-01 13:44:34.802310,218.13,7.32,1
2026-04-01 13:44:39.802310,223.34,6.28,1
2026-04-01 13:44:44.802310,231.55,5.56,1
2026-04-01 13:44:49.802310,237.39,5.81,1
2026-04-01 13:44:54.802310,238.16,6.08,1
2026-04-01 13:44:59.802310,238.94,7.29,1
2026-04-01 13:45:04.802310,245.02,7.29,1
2026-04-01 13:45:09.802310,248.07,7.02,1
2026-04-01 13:45:14.802310,252.1,6.68,1
2026-04-01 13:45:19.802310,255.71,6.63,1
2026-04-01 13:45:24.802310,263.94,5.64,1
2026-04-01 13:45:29.802310,266.16,7.7,1
2026-04-01 13:45:34.802310,267.65,6.36,1
2026-04-01 13:45:39.802310,277.57,7.91,1
2026-04-01 13:45:44.802310,278.65,5.52,1
2026-04-01 13:45:49.802310,288.58,7.65,1
2026-04-01 13:45:54.802310,291.51,5.34,1
2026-04-01 13:45:59.802310,291.86,6.05,1
2026-04-01 13:46:04.802310,298.15,7.2,1
2026-04-01 13:46:09.802310,303.03,5.89,1
2026-04-01 13:46:14.802310,0.0,0.0,0
2026-04-01 13:46:19.802310,0.0,0.0,0
2026-04-01 13:46:24.802310,49.75,10.16,2
2026-04-01 13:46:29.802310,54.22,8.8,2
2026-04-01 13:46:34.802310,0.0,0.0,0
2026-04-01 13:46:39.802310,14.0,11.89,2
2026-04-01 13:46:44.802310,23.32,8.29,2
2026-04-01 13:46:49.802310,32.45,10.06,2
2026-04-01 13:46:54.802310,46.42,11.27,2
2026-04-01 13:46:59.802310,58.0,10.45,2
2026-04-01 13:47:04.802310,0.0,0.0,0
2026-04-01 13:47:09.802310,30.6,9.82,2
2026-04-01 13:47:14.802310,32.09,9.41,2
2026-04-01 13:47:19.802310,33.83,11.79,2
2026-04-01 13:47:24.802310,40.25,8.19,2
2026-04-01 13:47:29.802310,52.79,10.31,2
2026-04-01 13:47:34.802310,109.71,7.84,1
2026-04-01 13:47:39.802310,110.73,6.5,1
2026-04-01 13:47:44.802310,120.9,7.77,1
2026-04-01 13:47:49.802310,121.15,7.59,1
2026-04-01 13:47:54.802310,130.54,5.83,1
2026-04-01 13:47:59.802310,144.05,7.2,1
2026-04-01 13:48:04.802310,151.25,7.17,1
2026-04-01 13:48:09.802310,159.42,5.08,1
2026-04-01 13:48:14.802310,168.67,6.03,1
2026-04-01 13:48:19.802310,179.61,6.84,1
2026-04-01 13:48:24.802310,181.75,5.0,1
2026-04-01 13:48:29.802310,183.36,6.64,1
2026-04-01 13:48:34.802310,185.17,7.55,1
2026-04-01 13:48:39.802310,195.76,7.31,1
2026-04-01 13:48:44.802310,206.55,7.87,1
2026-04-01 13:48:49.802310,214.8,5.34,1
2026-04-01 13:48:54.802310,219.36,7.45,1
2026-04-01 13:48:59.802310,220.87,6.58,1
2026-04-01 13:49:04.802310,224.12,5.99,1
2026-04-01 13:49:09.802310,236.65,5.42,1
2026-04-01 13:49:14.802310,239.39,7.41,1
2026-04-01 13:49:19.802310,248.01,7.41,1
2026-04-01 13:49:24.802310,255.5,7.33,1
2026-04-01 13:49:29.802310,258.97,7.73,1
2026-04-01 13:49:34.802310,269.15,6.69,1
2026-04-01 13:49:39.802310,270.17,7.34,1
2026-04-01 13:49:44.802310,273.61,7.61,1
2026-04-01 13:49:49.802310,284.9,7.26,1
2026-04-01 13:49:54.802310,288.61,6.99,1
2026-04-01 13:49:59.802310,289.83,5.79,1
2026-04-01 13:50:04.802310,304.3,7.62,1
2026-04-01 13:50:09.802310,0.0,0.0,0
2026-04-01 13:50:14.802310,157.0,6.03,1
2026-04-01 13:50:19.802310,170.77,6.06,1
2026-04-01 13:50:24.802310,185.46,5.96,1
2026-04-01 13:50:29.802310,199.83,5.98,1
2026-04-01 13:50:34.802310,205.17,7.16,1
2026-04-01 13:50:39.802310,211.29,5.53,1
2026-04-01 13:50:44.802310,225.13,7.49,1
2026-04-01 13:50:49.802310,238.79,7.31,1
2026-04-01 13:50:54.802310,243.56,6.59,1
2026-04-01 13:50:59.802310,258.52,7.78,1
2026-04-01 13:51:04.802310,263.8,6.12,1
2026-04-01 13:51:09.802310,268.1,7.42,1
2026-04-01 13:51:14.802310,272.25,5.37,1
2026-04-01 13:51:19.802310,281.05,6.12,1
2026-04-01 13:51:24.802310,295.18,7.76,1
2026-04-01 13:51:29.802310,299.16,5.68,1
2026-04-01 13:51:34.802310,307.73,6.29,1
2026-04-01 13:51:39.802310,218.77,5.8,1
2026-04-01 13:51:44.802310,225.66,7.02,1
2026-04-01 13:51:49.802310,238.65,6.67,1
2026-04-01 13:51:54.802310,249.84,6.6,1
2026-04-01 13:51:59.802310,252.7,7.94,1
2026-04-01 13:52:04.802310,264.33,6.65,1
2026-04-01 13:52:09.802310,264.7,5.38,1
2026-04-01 13:52:14.802310,271.75,5.89,1
2026-04-01 13:52:19.802310,282.42,7.06,1
2026-04-01 13:52:24.802310,284.21,6.25,1
2026-04-01 13:52:29.802310,295.18,6.87,1
2026-04-01 13:52:34.802310,305.16,7.28,1
2026-04-01 13:52:39.802310,0.0,0.0,0
2026-04-01 13:52:44.802310,37.56,10.44,2
2026-04-01 13:52:49.802310,41.61,8.35,2
2026-04-01 13:52:54.802310,43.92,10.38,2
2026-04-01 13:52:59.802310,48.61,11.31,2
2026-04-01 13:53:04.802310,56.74,11.32,2
2026-04-01 13:53:09.802310,0.0,0.0,0
2026-04-01 13:53:14.802310,107.71,6.99,1
2026-04-01 13:53:19.802310,116.76,5.57,1
2026-04-01 13:53:24.802310,127.69,7.32,1
2026-04-01 13:53:29.802310,129.92,7.12,1
2026-04-01 13:53:34.802310,137.91,6.29,1
2026-04-01 13:53:39.802310,138.21,6.27,1
2026-04-01 13:53:44.802310,139.67,5.23,1
2026-04-01 13:53:49.802310,149.88,5.39,1
2026-04-01 13:53:54.802310,154.28,5.75,1
2026-04-01 13:53:59.802310,162.22,7.46,1
2026-04-01 13:54:04.802310,172.84,6.11,1
2026-04-01 13:54:09.802310,174.02,7.98,1
2026-04-01 13:54:14.802310,185.6,5.02,1
2026-04-01 13:54:19.802310,194.85,7.71,1
2026-04-01 13:54:24.802310,197.06,6.35,1
2026-04-01 13:54:29.802310,207.33,7.21,1
2026-04-01 13:54:34.802310,208.53,5.86,1
2026-04-01 13:54:39.802310,214.68,5.81,1
2026-04-01 13:54:44.802310,226.42,7.94,1
2026-04-01 13:54:49.802310,229.9,7.22,1
2026-04-01 13:54:54.802310,238.59,5.95,1
2026-04-01 13:54:59.802310,246.61,6.94,1
2026-04-01 13:55:04.802310,248.83,5.57,1
2026-04-01 13:55:09.802310,253.59,5.29,1
2026-04-01 13:55:14.802310,253.59,6.4,1
2026-04-01 13:55:19.802310,253.88,5.91,1
2026-04-01 13:55:24.802310,268.84,7.26,1
2026-04-01 13:55:29.802310,276.01,7.89,1
2026-04-01 13:55:34.802310,278.02,6.22,1
2026-04-01 13:55:39.802310,286.77,5.81,1
2026-04-01 13:55:44.802310,292.16,5.89,1
2026-04-01 13:55:49.802310,300.75,5.75,1
2026-04-01 13:55:54.802310,7.86,9.82,2
2026-04-01 13:55:59.802310,22.48,8.35,2
2026-04-01 13:56:04.802310,26.6,10.91,2
2026-04-01 13:56:09.802310,28.63,10.02,2
2026-04-01 13:56:14.802310,28.91,9.34,2
2026-04-01 13:56:19.802310,37.96,11.27,2
2026-04-01 13:56:24.802310,38.43,11.39,2
2026-04-01 13:56:29.802310,44.59,9.05,2
2026-04-01 13:56:34.802310,47.45,8.43,2
2026-04-01 13:56:39.802310,60.96,9.08,2
2026-04-01 13:56:44.802310,0.0,0.0,0
2026-04-01 13:56:49.802310,0.0,0.0,0
2026-04-01 13:56:54.802310,43.34,10.75,2
2026-04-01 13:56:59.802310,47.76,10.6,2
2026-04-01 13:57:04.802310,58.76,11.28,2
2026-04-01 13:57:09.802310,33.04,9.6,2
2026-04-01 13:57:14.802310,46.69,10.43,2
2026-04-01 13:57:19.802310,52.32,10.18,2
2026-04-01 13:57:24.802310,4.86,11.49,2
2026-04-01 13:57:29.802310,11.82,10.8,2
2026-04-01 13:57:34.802310,24.4,8.64,2
2026-04-01 13:57:39.802310,37.39,10.39,2
2026-04-01 13:57:44.802310,44.08,8.24,2
2026-04-01 13:57:49.802310,45.77,8.85,2
2026-04-01 13:57:54.802310,60.46,11.53,2
2026-04-01 13:57:59.802310,0.0,0.0,0
2026-04-01 13:58:04.802310,21.26,8.28,2
2026-04-01 13:58:09.802310,27.93,9.18,2
2026-04-01 13:58:14.802310,38.22,8.02,2
2026-04-01 13:58:19.802310,52.78,10.67,2
2026-04-01 13:58:24.802310,27.12,11.41,2
2026-04-01 13:58:29.802310,41.39,9.62,2
2026-04-01 13:58:34.802310,52.55,11.27,2
2026-04-01 13:58:39.802310,0.0,0.0,0
2026-04-01 13:58:44.802310,32.58,8.6,2
2026-04-01 13:58:49.802310,32.91,11.95,2
2026-04-01 13:58:54.802310,40.35,8.48,2
2026-04-01 13:58:59.802310,45.38,10.79,2
2026-04-01 13:59:04.802310,53.89,11.11,2
2026-04-01 13:59:09.802310,11.18,8.04,2
2026-04-01 13:59:14.802310,16.38,9.5,2
2026-04-01 13:59:19.802310,27.88,8.29,2
2026-04-01 13:59:24.802310,37.65,9.93,2
2026-04-01 13:59:29.802310,46.82,8.53,2
2026-04-01 13:59:34.802310,55.48,11.68,2
2026-04-01 13:59:39.802310,0.0,0.0,0
2026-04-01 13:59:44.802310,256.86,6.27,1
2026-04-01 13:59:49.802310,259.4,6.36,1
2026-04-01 13:59:54.802310,267.37,5.2,1
2026-04-01 13:59:59.802310,280.78,5.48,1
2026-04-01 14:00:04.802310,295.72,5.63,1
2026-04-01 14:00:09.802310,307.89,5.39,1
2026-04-01 14:00:14.802310,34.96,8.59,2
2026-04-01 14:00:19.802310,38.36,10.56,2
2026-04-01 14:00:24.802310,41.56,9.57,2
2026-04-01 14:00:29.802310,42.2,9.15,2
2026-04-01 14:00:34.802310,45.12,11.83,2
2026-04-01 14:00:39.802310,50.22,10.94,2
2026-04-01 14:00:44.802310,114.16,5.52,1
2026-04-01 14:00:49.802310,117.47,7.7,1
2026-04-01 14:00:54.802310,125.48,5.98,1
2026-04-01 14:00:59.802310,127.88,5.48,1
2026-04-01 14:01:04.802310,141.6,5.07,1
2026-04-01 14:01:09.802310,148.1,6.63,1
2026-04-01 14:01:14.802310,155.14,7.14,1
2026-04-01 14:01:19.802310,164.69,6.45,1
2026-04-01 14:01:24.802310,168.45,5.04,1
2026-04-01 14:01:29.802310,180.45,5.26,1
2026-04-01 14:01:34.802310,182.27,6.64,1
2026-04-01 14:01:39.802310,189.08,5.55,1
2026-04-01 14:01:44.802310,202.44,7.35,1
2026-04-01 14:01:49.802310,210.98,5.07,1
2026-04-01 14:01:54.802310,217.12,6.42,1
2026-04-01 14:01:59.802310,227.09,5.75,1
2026-04-01 14:02:04.802310,231.25,5.88,1
2026-04-01 14:02:09.802310,232.86,5.63,1
2026-04-01 14:02:14.802310,240.3,5.58,1
2026-04-01 14:02:19.802310,244.9,6.09,1
2026-04-01 14:02:24.802310,259.76,5.5,1
2026-04-01 14:02:29.802310,274.19,7.08,1
2026-04-01 14:02:34.802310,284.23,5.69,1
2026-04-01 14:02:39.802310,296.74,5.67,1
2026-04-01 14:02:44.802310,301.81,7.42,1
2026-04-01 14:02:49.802310,89.33,6.64,1
2026-04-01 14:02:54.802310,103.73,5.97,1
2026-04-01 14:02:59.802310,112.25,5.94,1
2026-04-01 14:03:04.802310,122.64,5.14,1
2026-04-01 14:03:09.802310,131.81,6.64,1
2026-04-01 14:03:14.802310,135.13,7.98,1
2026-04-01 14:03:19.802310,137.66,7.83,1
2026-04-01 14:03:24.802310,150.64,7.09,1
2026-04-01 14:03:29.802310,154.66,5.64,1
2026-04-01 14:03:34.802310,167.58,6.46,1
2026-04-01 14:03:39.802310,168.14,5.39,1
2026-04-01 14:03:44.802310,174.91,7.35,1
2026-04-01 14:03:49.802310,178.07,7.13,1
2026-04-01 14:03:54.802310,179.75,7.6,1
2026-04-01 14:03:59.802310,184.32,7.89,1
2026-04-01 14:04:04.802310,196.86,7.24,1
2026-04-01 14:04:09.802310,207.38,5.59,1
2026-04-01 14:04:14.802310,214.12,7.28,1
2026-04-01 14:04:19.802310,224.11,5.54,1
2026-04-01 14:04:24.802310,229.66,5.67,1
2026-04-01 14:04:29.802310,236.22,5.93,1
2026-04-01 14:04:34.802310,247.81,6.37,1
2026-04-01 14:04:39.802310,250.89,5.35,1
2026-04-01 14:04:44.802310,256.35,6.54,1
2026-04-01 14:04:49.802310,259.26,6.9,1
2026-04-01 14:04:54.802310,272.87,7.22,1
2026-04-01 14:04:59.802310,276.26,6.48,1
2026-04-01 14:05:04.802310,287.45,5.79,1
2026-04-01 14:05:09.802310,300.82,6.15,1
2026-04-01 14:05:14.802310,7.68,11.84,2
2026-04-01 14:05:19.802310,11.97,10.46,2
2026-04-01 14:05:24.802310,18.92,9.17,2
2026-04-01 14:05:29.802310,27.63,10.74,2
2026-04-01 14:05:34.802310,35.56,8.2,2
2026-04-01 14:05:39.802310,50.35,10.26,2
2026-04-01 14:05:44.802310,36.29,9.54,2
2026-04-01 14:05:49.802310,43.86,10.91,2
2026-04-01 14:05:54.802310,50.09,11.37,2
2026-04-01 14:05:59.802310,0.0,0.0,0
2026-04-01 14:06:04.802310,36.66,11.8,2
2026-04-01 14:06:09.802310,37.94,8.63,2
2026-04-01 14:06:14.802310,46.81,10.16,2
2026-04-01 14:06:19.802310,53.17,9.86,2
2026-04-01 14:06:24.802310,0.0,0.0,0
2026-04-01 14:06:29.802310,0.0,0.0,0
2026-04-01 14:06:34.802310,0.0,0.0,0
2026-04-01 14:06:39.802310,36.47,9.02,2
2026-04-01 14:06:44.802310,38.84,8.59,2
2026-04-01 14:06:49.802310,47.06,9.86,2
2026-04-01 14:06:54.802310,56.08,11.39,2
2026-04-01 14:06:59.802310,178.75,5.04,1
2026-04-01 14:07:04.802310,187.5,5.5,1
2026-04-01 14:07:09.802310,201.05,7.79,1
2026-04-01 14:07:14.802310,215.65,6.61,1
2026-04-01 14:07:19.802310,226.94,6.86,1
2026-04-01 14:07:24.802310,241.53,6.18,1
2026-04-01 14:07:29.802310,241.78,7.11,1
2026-04-01 14:07:34.802310,256.31,6.42,1
2026-04-01 14:07:39.802310,261.59,6.55,1
2026-04-01 14:07:44.802310,263.02,7.74,1
2026-04-01 14:07:49.802310,269.62,6.47,1
2026-04-01 14:07:54.802310,283.2,7.1,1
2026-04-01 14:07:59.802310,296.83,5.36,1
2026-04-01 14:08:04.802310,297.94,7.26,1
2026-04-01 14:08:09.802310,311.24,6.72,1
2026-04-01 14:08:14.802310,134.57,5.63,1
2026-04-01 14:08:19.802310,137.15,5.53,1
2026-04-01 14:08:24.802310,146.39,6.29,1
2026-04-01 14:08:29.802310,150.86,7.35,1
2026-04-01 14:08:34.802310,164.38,7.52,1
2026-04-01 14:08:39.802310,169.82,6.69,1
2026-04-01 14:08:44.802310,180.57,5.61,1
2026-04-01 14:08:49.802310,189.62,6.14,1
2026-04-01 14:08:54.802310,198.66,7.68,1
2026-04-01 14:08:59.802310,207.02,6.98,1
2026-04-01 14:09:04.802310,216.43,5.39,1
2026-04-01 14:09:09.802310,228.63,6.71,1
2026-04-01 14:09:14.802310,231.02,7.63,1
2026-04-01 14:09:19.802310,232.42,5.76,1
2026-04-01 14:09:24.802310,237.92,6.82,1
2026-04-01 14:09:29.802310,243.77,7.32,1
2026-04-01 14:09:34.802310,250.76,7.24,1
2026-04-01 14:09:39.802310,254.54,5.52,1
2026-04-01 14:09:44.802310,269.47,6.96,1
2026-04-01 14:09:49.802310,279.22,6.8,1
2026-04-01 14:09:54.802310,294.19,7.64,1
2026-04-01 14:09:59.802310,298.81,6.01,1
2026-04-01 14:10:04.802310,310.02,6.75,1
2026-04-01 14:10:09.802310,198.55,6.46,1
2026-04-01 14:10:14.802310,201.14,5.29,1
2026-04-01 14:10:19.802310,212.6,6.17,1
2026-04-01 14:10:24.802310,215.13,7.6,1
2026-04-01 14:10:29.802310,229.47,7.57,1
2026-04-01 14:10:34.802310,242.5,6.69,1
2026-04-01 14:10:39.802310,253.38,6.54,1
2026-04-01 14:10:44.802310,262.86,6.46,1
2026-04-01 14:10:49.802310,263.89,7.84,1
2026-04-01 14:10:54.802310,272.09,6.94,1
2026-04-01 14:10:59.802310,272.38,7.17,1
2026-04-01 14:11:04.802310,286.01,5.0,1
2026-04-01 14:11:09.802310,291.26,6.8,1
2026-04-01 14:11:14.802310,291.96,6.68,1
2026-04-01 14:11:19.802310,305.24,6.73,1
2026-04-01 14:11:24.802310,22.86,11.9,2
2026-04-01 14:11:29.802310,27.23,8.46,2
2026-04-01 14:11:34.802310,29.92,11.29,2
2026-04-01 14:11:39.802310,35.73,10.34,2
2026-04-01 14:11:44.802310,48.69,11.29,2
2026-04-01 14:11:49.802310,52.03,8.59,2
2026-04-01 14:11:54.802310,215.2,6.01,1
2026-04-01 14:11:59.802310,228.69,6.42,1
2026-04-01 14:12:04.802310,236.97,7.07,1
2026-04-01 14:12:09.802310,250.04,5.62,1
2026-04-01 14:12:14.802310,264.3,6.56,1
2026-04-01 14:12:19.802310,272.24,7.71,1
2026-04-01 14:12:24.802310,276.54,5.18,1
2026-04-01 14:12:29.802310,278.63,6.4,1
2026-04-01 14:12:34.802310,285.32,6.31,1
2026-04-01 14:12:39.802310,291.6,6.66,1
2026-04-01 14:12:44.802310,297.77,7.41,1
2026-04-01 14:12:49.802310,307.41,5.29,1
2026-04-01 14:12:54.802310,0.0,0.0,0
2026-04-01 14:12:59.802310,0.0,0.0,0
2026-04-01 14:13:04.802310,0.0,0.0,0
2026-04-01 14:13:09.802310,0.0,0.0,0
2026-04-01 14:13:14.802310,287.74,6.21,1
2026-04-01 14:13:19.802310,296.45,6.95,1
2026-04-01 14:13:24.802310,297.82,5.33,1
2026-04-01 14:13:29.802310,301.75,7.92,1
2026-04-01 14:13:34.802310,48.02,9.75,2
2026-04-01 14:13:39.802310,61.55,10.73,2
2026-04-01 14:13:44.802310,147.39,5.39,1
2026-04-01 14:13:49.802310,157.09,5.27,1
2026-04-01 14:13:54.802310,167.35,7.39,1
2026-04-01 14:13:59.802310,181.46,7.76,1
2026-04-01 14:14:04.802310,195.02,6.82,1
2026-04-01 14:14:09.802310,207.87,5.4,1
2026-04-01 14:14:14.802310,217.15,5.31,1
2026-04-01 14:14:19.802310,226.03,5.87,1
2026-04-01 14:14:24.802310,237.89,7.88,1
2026-04-01 14:14:29.802310,249.41,7.26,1
2026-04-01 14:14:34.802310,253.25,5.38,1
2026-04-01 14:14:39.802310,258.93,6.9,1
2026-04-01 14:14:44.802310,273.47,6.43,1
2026-04-01 14:14:49.802310,287.91,7.59,1
2026-04-01 14:14:54.802310,291.86,6.52,1
2026-04-01 14:14:59.802310,292.8,5.6,1
2026-04-01 14:15:04.802310,302.29,6.55,1
2026-04-01 14:15:09.802310,129.24,6.38,1
2026-04-01 14:15:14.802310,139.41,5.88,1
2026-04-01 14:15:19.802310,147.38,7.5,1
2026-04-01 14:15:24.802310,158.07,5.11,1
2026-04-01 14:15:29.802310,167.71,6.54,1
2026-04-01 14:15:34.802310,179.86,7.11,1
2026-04-01 14:15:39.802310,189.94,7.32,1
2026-04-01 14:15:44.802310,204.03,5.82,1
2026-04-01 14:15:49.802310,206.85,5.17,1
2026-04-01 14:15:54.802310,221.22,7.13,1
2026-04-01 14:15:59.802310,227.02,7.04,1
2026-04-01 14:16:04.802310,239.93,7.5,1
2026-04-01 14:16:09.802310,249.1,6.81,1
2026-04-01 14:16:14.802310,257.45,5.53,1
2026-04-01 14:16:19.802310,264.68,7.57,1
2026-04-01 14:16:24.802310,266.03,6.45,1
2026-04-01 14:16:29.802310,275.51,7.7,1
2026-04-01 14:16:34.802310,289.98,6.75,1
2026-04-01 14:16:39.802310,302.73,6.75,1
2026-04-01 14:16:44.802310,0.0,0.0,0
2026-04-01 14:16:49.802310,18.91,9.04,2
2026-04-01 14:16:54.802310,27.07,8.58,2
2026-04-01 14:16:59.802310,32.08,11.15,2
2026-04-01 14:17:04.802310,38.38,8.08,2
2026-04-01 14:17:09.802310,39.3,11.01,2
2026-04-01 14:17:14.802310,42.1,9.6,2
2026-04-01 14:17:19.802310,48.03,10.51,2
2026-04-01 14:17:24.802310,49.14,8.79,2
2026-04-01 14:17:29.802310,61.52,11.88,2
2026-04-01 14:17:34.802310,0.0,0.0,0
2026-04-01 14:17:39.802310,0.0,0.0,0
2026-04-01 14:17:44.802310,0.0,0.0,0
2026-04-01 14:17:49.802310,30.57,8.18,2
2026-04-01 14:17:54.802310,30.95,11.52,2
2026-04-01 14:17:59.802310,32.14,10.58,2
2026-04-01 14:18:04.802310,33.06,8.77,2
2026-04-01 14:18:09.802310,35.38,11.5,2
2026-04-01 14:18:14.802310,42.44,9.19,2
2026-04-01 14:18:19.802310,46.5,8.35,2
2026-04-01 14:18:24.802310,54.17,10.86,2
2026-04-01 14:18:29.802310,202.85,7.09,1
2026-04-01 14:18:34.802310,209.53,7.88,1
2026-04-01 14:18:39.802310,219.04,5.57,1
2026-04-01 14:18:44.802310,226.92,7.78,1
2026-04-01 14:18:49.802310,240.27,6.29,1
2026-04-01 14:18:54.802310,252.07,6.48,1
2026-04-01 14:18:59.802310,261.37,5.44,1
2026-04-01 14:19:04.802310,269.77,7.87,1
2026-04-01 14:19:09.802310,274.91,7.4,1
2026-04-01 14:19:14.802310,277.62,5.69,1
2026-04-01 14:19:19.802310,287.31,8.0,1
2026-04-01 14:19:24.802310,299.6,7.55,1
2026-04-01 14:19:29.802310,308.77,7.7,1
2026-04-01 14:19:34.802310,0.0,0.0,0
2026-04-01 14:19:39.802310,7.81,11.8,2
2026-04-01 14:19:44.802310,8.11,9.66,2
2026-04-01 14:19:49.802310,12.27,11.54,2
2026-04-01 14:19:54.802310,23.27,8.13,2
2026-04-01 14:19:59.802310,30.43,11.0,2
2026-04-01 14:20:04.802310,43.07,8.35,2
2026-04-01 14:20:09.802310,51.15,10.62,2
2026-04-01 14:20:14.802310,31.03,9.13,2
2026-04-01 14:20:19.802310,32.23,10.67,2
2026-04-01 14:20:24.802310,44.51,10.41,2
2026-04-01 14:20:29.802310,49.6,8.87,2
2026-04-01 14:20:34.802310,59.56,10.81,2
2026-04-01 14:20:39.802310,0.0,0.0,0
2026-04-01 14:20:44.802310,0.0,0.0,0
2026-04-01 14:20:49.802310,30.09,11.56,2
2026-04-01 14:20:54.802310,36.5,11.72,2
2026-04-01 14:20:59.802310,44.85,10.03,2
2026-04-01 14:21:04.802310,57.86,9.12,2
2026-04-01 14:21:09.802310,0.0,0.0,0
2026-04-01 14:21:14.802310,3.48,9.79,2
2026-04-01 14:21:19.802310,7.44,10.4,2
2026-04-01 14:21:24.802310,12.37,11.42,2
2026-04-01 14:21:29.802310,19.44,10.07,2
2026-04-01 14:21:34.802310,20.56,8.55,2
2026-04-01 14:21:39.802310,25.71,8.59,2
2026-04-01 14:21:44.802310,32.83,11.81,2
2026-04-01 14:21:49.802310,45.46,10.97,2
2026-04-01 14:21:54.802310,49.49,8.19,2
2026-04-01 14:21:59.802310,50.06,8.46,2
2026-04-01 14:22:04.802310,0.0,0.0,0
2026-04-01 14:22:09.802310,0.0,0.0,0
2026-04-01 14:22:14.802310,0.0,0.0,0
2026-04-01 14:22:19.802310,0.0,0.0,0
2026-04-01 14:22:24.802310,0.0,0.0,0
2026-04-01 14:22:29.802310,47.11,10.14,2
2026-04-01 14:22:34.802310,51.39,9.73,2
2026-04-01 14:22:39.802310,215.03,7.41,1
2026-04-01 14:22:44.802310,222.66,6.79,1
2026-04-01 14:22:49.802310,234.21,6.08,1
2026-04-01 14:22:54.802310,240.92,7.21,1
2026-04-01 14:22:59.802310,252.78,6.78,1
2026-04-01 14:23:04.802310,261.47,6.96,1
2026-04-01 14:23:09.802310,274.47,5.9,1
2026-04-01 14:23:14.802310,278.82,7.19,1
2026-04-01 14:23:19.802310,291.85,7.17,1
2026-04-01 14:23:24.802310,303.4,5.19,1
2026-04-01 14:23:29.802310,0.0,0.0,0
2026-04-01 14:23:34.802310,289.39,6.49,1
2026-04-01 14:23:39.802310,291.94,7.3,1
2026-04-01 14:23:44.802310,306.76,6.77,1
2026-04-01 14:23:49.802310,0.0,0.0,0
2026-04-01 14:23:54.802310,0.0,0.0,0
2026-04-01 14:23:59.802310,0.0,0.0,0
2026-04-01 14:24:04.802310,44.55,11.62,2
2026-04-01 14:24:09.802310,53.99,10.0,2
2026-04-01 14:24:14.802310,225.81,7.06,1
2026-04-01 14:24:19.802310,228.52,7.7,1
2026-04-01 14:24:24.802310,238.77,5.15,1
2026-04-01 14:24:29.802310,253.29,6.86,1
2026-04-01 14:24:34.802310,255.89,6.35,1
2026-04-01 14:24:39.802310,270.29,7.51,1
2026-04-01 14:24:44.802310,271.28,7.02,1
2026-04-01 14:24:49.802310,276.01,7.92,1
2026-04-01 14:24:54.802310,277.1,5.66,1
2026-04-01 14:24:59.802310,291.96,7.33,1
2026-04-01 14:25:04.802310,292.31,5.56,1
2026-04-01 14:25:09.802310,304.85,8.0,1
2026-04-01 14:25:14.802310,0.0,0.0,0
2026-04-01 14:25:19.802310,68.87,6.65,1
2026-04-01 14:25:24.802310,83.19,5.15,1
2026-04-01 14:25:29.802310,87.38,6.16,1
2026-04-01 14:25:34.802310,87.54,5.98,1
2026-04-01 14:25:39.802310,90.95,7.34,1
2026-04-01 14:25:44.802310,92.38,7.98,1
2026-04-01 14:25:49.802310,104.72,6.47,1
2026-04-01 14:25:54.802310,113.59,5.35,1
2026-04-01 14:25:59.802310,122.74,5.07,1
2026-04-01 14:26:04.802310,129.54,6.3,1
2026-04-01 14:26:09.802310,130.47,7.87,1
2026-04-01 14:26:14.802310,132.5,5.57,1
2026-04-01 14:26:19.802310,145.68,6.36,1
2026-04-01 14:26:24.802310,152.09,6.03,1
2026-04-01 14:26:29.802310,163.08,6.58,1
2026-04-01 14:26:34.802310,176.91,7.82,1
2026-04-01 14:26:39.802310,189.72,6.04,1
2026-04-01 14:26:44.802310,191.15,7.47,1
2026-04-01 14:26:49.802310,196.62,5.05,1
2026-04-01 14:26:54.802310,198.71,5.48,1
2026-04-01 14:26:59.802310,210.67,5.86,1
2026-04-01 14:27:04.802310,221.36,6.87,1
2026-04-01 14:27:09.802310,224.8,7.67,1
2026-04-01 14:27:14.802310,225.36,6.03,1
2026-04-01 14:27:19.802310,231.37,7.46,1
2026-04-01 14:27:24.802310,245.28,6.28,1
2026-04-01 14:27:29.802310,245.68,6.72,1
2026-04-01 14:27:34.802310,247.88,6.02,1
2026-04-01 14:27:39.802310,254.16,5.95,1
2026-04-01 14:27:44.802310,254.86,6.95,1
2026-04-01 14:27:49.802310,263.71,6.5,1
2026-04-01 14:27:54.802310,275.39,6.78,1
2026-04-01 14:27:59.802310,279.7,5.61,1
2026-04-01 14:28:04.802310,294.01,7.86,1
2026-04-01 14:28:09.802310,307.92,6.28,1
2026-04-01 14:28:14.802310,0.0,0.0,0
2026-04-01 14:28:19.802310,14.89,10.88,2
2026-04-01 14:28:24.802310,19.97,8.0,2
2026-04-01 14:28:29.802310,31.59,8.21,2
2026-04-01 14:28:34.802310,45.7,11.51,2
2026-04-01 14:28:39.802310,57.57,11.99,2
2026-04-01 14:28:44.802310,0.0,0.0,0
2026-04-01 14:28:49.802310,46.25,8.05,2
2026-04-01 14:28:54.802310,59.4,11.52,2
2026-04-01 14:28:59.802310,0.0,0.0,0
2026-04-01 14:29:04.802310,0.0,0.0,0
2026-04-01 14:29:09.802310,13.66,10.36,2
2026-04-01 14:29:14.802310,21.44,9.61,2
2026-04-01 14:29:19.802310,25.58,8.47,2
2026-04-01 14:29:24.802310,39.8,8.05,2
2026-04-01 14:29:29.802310,43.82,11.25,2
2026-04-01 14:29:34.802310,55.55,10.67,2
2026-04-01 14:29:39.802310,31.3,11.41,2
2026-04-01 14:29:44.802310,33.03,10.81,2
2026-04-01 14:29:49.802310,42.26,10.66,2
2026-04-01 14:29:54.802310,46.98,10.14,2
2026-04-01 14:29:59.802310,47.12,10.56,2
2026-04-01 14:30:04.802310,53.91,11.5,2
2026-04-01 14:30:09.802310,160.15,7.87,1
2026-04-01 14:30:14.802310,170.71,5.53,1
2026-04-01 14:30:19.802310,182.11,6.3,1
2026-04-01 14:30:24.802310,196.55,5.55,1
2026-04-01 14:30:29.802310,205.23,7.74,1
2026-04-01 14:30:34.802310,217.71,6.69,1
2026-04-01 14:30:39.802310,217.84,6.57,1
2026-04-01 14:30:44.802310,223.32,6.03,1
2026-04-01 14:30:49.802310,229.97,6.96,1
2026-04-01 14:30:54.802310,232.79,6.72,1
2026-04-01 14:30:59.802310,245.06,6.2,1
2026-04-01 14:31:04.802310,257.94,5.31,1
2026-04-01 14:31:09.802310,264.17,7.48,1
2026-04-01 14:31:14.802310,274.09,7.29,1
2026-04-01 14:31:19.802310,288.15,6.31,1
2026-04-01 14:31:24.802310,289.98,6.9,1
2026-04-01 14:31:29.802310,301.67,5.95,1
2026-04-01 14:31:34.802310,36.72,9.42,2
2026-04-01 14:31:39.802310,41.69,8.69,2
2026-04-01 14:31:44.802310,46.8,9.69,2
2026-04-01 14:31:49.802310,55.98,11.23,2
2026-04-01 14:31:54.802310,35.55,10.27,2
2026-04-01 14:31:59.802310,47.49,11.97,2
2026-04-01 14:32:04.802310,54.64,11.86,2
2026-04-01 14:32:09.802310,184.34,7.76,1
2026-04-01 14:32:14.802310,197.26,5.82,1
2026-04-01 14:32:19.802310,207.05,7.0,1
2026-04-01 14:32:24.802310,220.13,6.48,1
2026-04-01 14:32:29.802310,234.32,7.16,1
2026-04-01 14:32:34.802310,236.81,5.89,1
2026-04-01 14:32:39.802310,250.38,6.75,1
2026-04-01 14:32:44.802310,253.95,5.43,1
2026-04-01 14:32:49.802310,256.41,7.64,1
2026-04-01 14:32:54.802310,270.03,7.14,1
2026-04-01 14:32:59.802310,281.0,6.49,1
2026-04-01 14:33:04.802310,288.63,7.03,1
2026-04-01 14:33:09.802310,290.37,5.53,1
2026-04-01 14:33:14.802310,301.51,6.01,1
2026-04-01 14:33:19.802310,197.14,5.51,1
2026-04-01 14:33:24.802310,207.24,5.89,1
2026-04-01 14:33:29.802310,213.5,6.53,1
2026-04-01 14:33:34.802310,215.97,7.17,1
2026-04-01 14:33:39.802310,222.78,5.19,1
2026-04-01 14:33:44.802310,229.33,7.08,1
2026-04-01 14:33:49.802310,235.7,5.31,1
2026-04-01 14:33:54.802310,242.17,7.9,1
2026-04-01 14:33:59.802310,245.68,6.87,1
2026-04-01 14:34:04.802310,248.69,6.04,1
2026-04-01 14:34:09.802310,254.93,6.85,1
2026-04-01 14:34:14.802310,255.91,5.64,1
2026-04-01 14:34:19.802310,269.53,6.55,1
2026-04-01 14:34:24.802310,276.89,5.13,1
2026-04-01 14:34:29.802310,277.77,5.32,1
2026-04-01 14:34:34.802310,291.56,5.94,1
2026-04-01 14:34:39.802310,300.35,6.82,1
2026-04-01 14:34:44.802310,0.0,0.0,0
2026-04-01 14:34:49.802310,48.11,9.39,2
2026-04-01 14:34:54.802310,61.59,10.41,2
2026-04-01 14:34:59.802310,0.0,0.0,0
2026-04-01 14:35:04.802310,0.0,0.0,0
2026-04-01 14:35:09.802310,39.8,10.87,2
2026-04-01 14:35:14.802310,44.61,8.3,2
2026-04-01 14:35:19.802310,51.29,9.47,2
2026-04-01 14:35:24.802310,13.53,10.18,2
2026-04-01 14:35:29.802310,25.98,10.04,2
2026-04-01 14:35:34.802310,30.5,9.85,2
2026-04-01 14:35:39.802310,39.13,8.09,2
2026-04-01 14:35:44.802310,40.94,8.76,2
2026-04-01 14:35:49.802310,50.33,12.0,2
2026-04-01 14:35:54.802310,0.0,0.0,0
2026-04-01 14:35:59.802310,239.49,6.62,1
2026-04-01 14:36:04.802310,243.2,5.25,1
2026-04-01 14:36:09.802310,243.49,7.5,1
2026-04-01 14:36:14.802310,245.84,7.79,1
2026-04-01 14:36:19.802310,259.2,5.91,1
2026-04-01 14:36:24.802310,267.4,5.44,1
2026-04-01 14:36:29.802310,269.6,7.94,1
2026-04-01 14:36:34.802310,275.76,7.3,1
2026-04-01 14:36:39.802310,277.44,5.9,1
2026-04-01 14:36:44.802310,290.31,7.28,1
2026-04-01 14:36:49.802310,294.06,5.88,1
2026-04-01 14:36:54.802310,299.25,5.13,1
2026-04-01 14:36:59.802310,300.46,5.63,1
2026-04-01 14:37:04.802310,176.49,5.42,1
2026-04-01 14:37:09.802310,182.93,7.67,1
2026-04-01 14:37:14.802310,196.58,5.97,1
2026-04-01 14:37:19.802310,201.25,7.09,1
2026-04-01 14:37:24.802310,206.51,7.87,1
2026-04-01 14:37:29.802310,206.8,5.51,1
2026-04-01 14:37:34.802310,219.97,6.83,1
2026-04-01 14:37:39.802310,220.76,7.22,1
2026-04-01 14:37:44.802310,233.59,7.28,1
2026-04-01 14:37:49.802310,238.5,5.2,1
2026-04-01 14:37:54.802310,248.69,5.43,1
2026-04-01 14:37:59.802310,258.13,6.66,1
2026-04-01 14:38:04.802310,259.13,7.27,1
2026-04-01 14:38:09.802310,261.48,7.91,1
2026-04-01 14:38:14.802310,271.22,6.65,1
2026-04-01 14:38:19.802310,285.08,5.36,1
2026-04-01 14:38:24.802310,292.03,6.21,1
2026-04-01 14:38:29.802310,296.64,7.0,1
2026-04-01 14:38:34.802310,298.32,7.45,1
2026-04-01 14:38:39.802310,306.39,5.77,1
2026-04-01 14:38:44.802310,295.96,5.22,1
2026-04-01 14:38:49.802310,304.66,5.01,1
2026-04-01 14:38:54.802310,0.0,0.0,0
2026-04-01 14:38:59.802310,0.0,0.0,0
2026-04-01 14:39:04.802310,0.0,0.0,0
2026-04-01 14:39:09.802310,159.05,6.06,1
2026-04-01 14:39:14.802310,165.91,6.99,1
2026-04-01 14:39:19.802310,172.71,6.33,1
2026-04-01 14:39:24.802310,177.56,5.99,1
2026-04-01 14:39:29.802310,183.49,6.17,1
2026-04-01 14:39:34.802310,192.27,5.11,1
2026-04-01 14:39:39.802310,200.69,6.39,1
2026-04-01 14:39:44.802310,207.15,7.02,1
2026-04-01 14:39:49.802310,218.9,5.17,1
2026-04-01 14:39:54.802310,219.68,7.4,1
2026-04-01 14:39:59.802310,229.73,6.69,1
2026-04-01 14:40:04.802310,236.81,5.52,1
2026-04-01 14:40:09.802310,237.47,7.71,1
2026-04-01 14:40:14.802310,244.36,5.41,1
2026-04-01 14:40:19.802310,244.57,5.37,1
2026-04-01 14:40:24.802310,246.76,7.42,1
2026-04-01 14:40:29.802310,255.98,5.3,1
2026-04-01 14:40:34.802310,260.17,5.14,1
2026-04-01 14:40:39.802310,266.02,5.46,1
2026-04-01 14:40:44.802310,278.04,5.78,1
2026-04-01 14:40:49.802310,281.14,5.42,1
2026-04-01 14:40:54.802310,281.71,6.92,1
2026-04-01 14:40:59.802310,293.84,5.36,1
2026-04-01 14:41:04.802310,303.82,7.85,1
2026-04-01 14:41:09.802310,0.0,0.0,0
2026-04-01 14:41:14.802310,38.67,11.81,2
2026-04-01 14:41:19.802310,52.26,8.05,2
2026-04-01 14:41:24.802310,11.9,9.91,2
2026-04-01 14:41:29.802310,21.72,9.68,2
2026-04-01 14:41:34.802310,24.06,11.67,2
2026-04-01 14:41:39.802310,29.75,10.69,2
2026-04-01 14:41:44.802310,34.89,8.18,2
2026-04-01 14:41:49.802310,48.28,10.24,2
2026-04-01 14:41:54.802310,60.27,11.12,2
2026-04-01 14:41:59.802310,0.0,0.0,0
2026-04-01 14:42:04.802310,48.75,10.13,2
2026-04-01 14:42:09.802310,57.31,11.09,2
2026-04-01 14:42:14.802310,37.36,8.64,2
2026-04-01 14:42:19.802310,42.8,8.62,2
2026-04-01 14:42:24.802310,56.92,10.61,2
2026-04-01 14:42:29.802310,120.58,5.11,1
2026-04-01 14:42:34.802310,122.71,6.87,1
2026-04-01 14:42:39.802310,125.67,5.09,1
2026-04-01 14:42:44.802310,137.67,7.55,1
2026-04-01 14:42:49.802310,145.33,7.76,1
2026-04-01 14:42:54.802310,151.35,5.68,1
2026-04-01 14:42:59.802310,159.69,5.18,1
2026-04-01 14:43:04.802310,168.32,7.86,1
2026-04-01 14:43:09.802310,171.18,5.12,1
2026-04-01 14:43:14.802310,175.22,6.32,1
2026-04-01 14:43:19.802310,190.06,7.45,1
2026-04-01 14:43:24.802310,195.92,7.21,1
2026-04-01 14:43:29.802310,203.1,7.78,1
2026-04-01 14:43:34.802310,215.66,5.42,1
2026-04-01 14:43:39.802310,224.94,6.34,1
2026-04-01 14:43:44.802310,234.75,5.83,1
2026-04-01 14:43:49.802310,246.31,5.51,1
2026-04-01 14:43:54.802310,261.23,5.46,1
2026-04-01 14:43:59.802310,275.45,6.2,1
2026-04-01 14:44:04.802310,290.02,5.13,1
2026-04-01 14:44:09.802310,299.91,6.97,1
2026-04-01 14:44:14.802310,300.2,5.59,1
2026-04-01 14:44:19.802310,0.0,0.0,0
2026-04-01 14:44:24.802310,0.0,0.0,0
2026-04-01 14:44:29.802310,20.28,11.23,2
2026-04-01 14:44:34.802310,30.58,9.71,2
2026-04-01 14:44:39.802310,31.53,8.61,2
2026-04-01 14:44:44.802310,44.68,8.51,2
2026-04-01 14:44:49.802310,47.41,9.07,2
2026-04-01 14:44:54.802310,59.33,10.59,2
2026-04-01 14:44:59.802310,25.41,8.42,2
2026-04-01 14:45:04.802310,33.1,11.59,2
2026-04-01 14:45:09.802310,43.26,9.32,2
2026-04-01 14:45:14.802310,49.8,8.36,2
2026-04-01 14:45:19.802310,52.55,10.36,2
2026-04-01 14:45:24.802310,0.0,0.0,0
2026-04-01 14:45:29.802310,0.0,0.0,0
2026-04-01 14:45:34.802310,76.77,6.46,1
2026-04-01 14:45:39.802310,86.39,7.35,1
2026-04-01 14:45:44.802310,93.07,6.18,1
2026-04-01 14:45:49.802310,100.47,7.82,1
2026-04-01 14:45:54.802310,102.58,6.4,1
2026-04-01 14:45:59.802310,108.89,5.09,1
2026-04-01 14:46:04.802310,110.71,7.56,1
2026-04-01 14:46:09.802310,116.79,7.01,1
2026-04-01 14:46:14.802310,122.04,5.08,1
2026-04-01 14:46:19.802310,122.43,7.02,1
2026-04-01 14:46:24.802310,128.8,7.14,1
2026-04-01 14:46:29.802310,140.07,6.55,1
2026-04-01 14:46:34.802310,143.3,6.54,1
2026-04-01 14:46:39.802310,157.74,6.17,1
2026-04-01 14:46:44.802310,160.67,6.83,1
2026-04-01 14:46:49.802310,170.76,7.07,1
2026-04-01 14:46:54.802310,184.34,7.31,1
2026-04-01 14:46:59.802310,199.2,5.09,1
2026-04-01 14:47:04.802310,201.55,7.95,1
2026-04-01 14:47:09.802310,215.75,5.85,1
2026-04-01 14:47:14.802310,221.8,6.11,1
2026-04-01 14:47:19.802310,222.5,7.0,1
2026-04-01 14:47:24.802310,229.01,6.9,1
2026-04-01 14:47:29.802310,239.18,5.44,1
2026-04-01 14:47:34.802310,248.45,7.72,1
2026-04-01 14:47:39.802310,249.26,7.08,1
2026-04-01 14:47:44.802310,251.6,7.89,1
2026-04-01 14:47:49.802310,260.65,5.72,1
2026-04-01 14:47:54.802310,273.62,7.52,1
2026-04-01 14:47:59.802310,286.16,6.79,1
2026-04-01 14:48:04.802310,300.43,6.46,1
2026-04-01 14:48:09.802310,136.41,6.06,1
2026-04-01 14:48:14.802310,151.33,7.62,1
2026-04-01 14:48:19.802310,157.79,5.57,1
2026-04-01 14:48:24.802310,169.9,7.95,1
2026-04-01 14:48:29.802310,172.43,7.21,1
2026-04-01 14:48:34.802310,177.25,6.96,1
2026-04-01 14:48:39.802310,183.64,6.39,1
2026-04-01 14:48:44.802310,193.04,7.0,1
2026-04-01 14:48:49.802310,205.84,7.13,1
2026-04-01 14:48:54.802310,214.88,6.52,1
2026-04-01 14:48:59.802310,218.55,7.92,1
2026-04-01 14:49:04.802310,232.44,6.55,1
2026-04-01 14:49:09.802310,244.78,7.8,1
2026-04-01 14:49:14.802310,253.86,6.49,1
2026-04-01 14:49:19.802310,265.41,5.48,1
2026-04-01 14:49:24.802310,269.05,6.38,1
2026-04-01 14:49:29.802310,271.55,7.28,1
2026-04-01 14:49:34.802310,284.64,7.36,1
2026-04-01 14:49:39.802310,288.95,5.9,1
2026-04-01 14:49:44.802310,290.48,6.57,1
2026-04-01 14:49:49.802310,296.06,7.56,1
2026-04-01 14:49:54.802310,303.41,5.85,1
2026-04-01 14:49:59.802310,1.68,8.4,2
2026-04-01 14:50:04.802310,3.27,9.69,2
2026-04-01 14:50:09.802310,12.33,9.72,2
2026-04-01 14:50:14.802310,19.23,8.0,2
2026-04-01 14:50:19.802310,31.74,9.1,2
2026-04-01 14:50:24.802310,45.09,8.13,2
2026-04-01 14:50:29.802310,53.26,8.25,2
2026-04-01 14:50:34.802310,39.84,11.45,2
2026-04-01 14:50:39.802310,42.27,10.4,2
2026-04-01 14:50:44.802310,56.68,9.66,2
2026-04-01 14:50:49.802310,285.34,7.04,1
2026-04-01 14:50:54.802310,287.84,6.63,1
2026-04-01 14:50:59.802310,292.13,6.04,1
2026-04-01 14:51:04.802310,294.43,7.1,1
2026-04-01 14:51:09.802310,306.52,5.54,1
2026-04-01 14:51:14.802310,296.43,7.94,1
2026-04-01 14:51:19.802310,308.91,7.74,1
2026-04-01 14:51:24.802310,36.21,11.99,2
2026-04-01 14:51:29.802310,48.48,11.13,2
2026-04-01 14:51:34.802310,59.69,11.91,2
2026-04-01 14:51:39.802310,0.0,0.0,0
2026-04-01 14:51:44.802310,0.0,0.0,0
2026-04-01 14:51:49.802310,11.49,11.09,2
2026-04-01 14:51:54.802310,17.33,11.4,2
2026-04-01 14:51:59.802310,31.45,10.58,2
2026-04-01 14:52:04.802310,40.4,10.0,2
2026-04-01 14:52:09.802310,54.46,9.25,2
2026-04-01 14:52:14.802310,171.62,6.07,1
2026-04-01 14:52:19.802310,178.25,7.6,1
2026-04-01 14:52:24.802310,179.55,6.34,1
2026-04-01 14:52:29.802310,192.91,7.63,1
2026-04-01 14:52:34.802310,195.87,5.71,1
2026-04-01 14:52:39.802310,196.32,5.76,1
2026-04-01 14:52:44.802310,203.05,7.49,1
2026-04-01 14:52:49.802310,212.37,7.21,1
2026-04-01 14:52:54.802310,215.91,5.26,1
2026-04-01 14:52:59.802310,220.31,7.2,1
2026-04-01 14:53:04.802310,225.99,7.14,1
2026-04-01 14:53:09.802310,236.12,5.76,1
2026-04-01 14:53:14.802310,250.02,7.71,1
2026-04-01 14:53:19.802310,263.12,6.55,1
2026-04-01 14:53:24.802310,268.27,7.54,1
2026-04-01 14:53:29.802310,276.73,7.03,1
2026-04-01 14:53:34.802310,291.67,7.47,1
2026-04-01 14:53:39.802310,299.17,5.14,1
2026-04-01 14:53:44.802310,307.03,6.76,1
2026-04-01 14:53:49.802310,0.0,0.0,0
2026-04-01 14:53:54.802310,60.08,5.36,1
2026-04-01 14:53:59.802310,69.74,5.04,1
2026-04-01 14:54:04.802310,70.93,5.56,1
2026-04-01 14:54:09.802310,72.35,5.58,1
2026-04-01 14:54:14.802310,85.65,7.26,1
2026-04-01 14:54:19.802310,95.94,7.64,1
2026-04-01 14:54:24.802310,107.21,5.28,1
2026-04-01 14:54:29.802310,118.41,5.36,1
2026-04-01 14:54:34.802310,132.26,6.63,1
2026-04-01 14:54:39.802310,140.95,5.78,1
2026-04-01 14:54:44.802310,152.11,5.54,1
2026-04-01 14:54:49.802310,154.16,6.69,1
2026-04-01 14:54:54.802310,156.47,7.23,1
2026-04-01 14:54:59.802310,169.32,7.2,1
2026-04-01 14:55:04.802310,181.19,7.72,1
2026-04-01 14:55:09.802310,187.68,5.53,1
2026-04-01 14:55:14.802310,193.04,5.73,1
2026-04-01 14:55:19.802310,193.16,7.64,1
2026-04-01 14:55:24.802310,194.62,7.06,1
2026-04-01 14:55:29.802310,207.86,7.62,1
2026-04-01 14:55:34.802310,215.5,5.58,1
2026-04-01 14:55:39.802310,223.64,6.95,1
2026-04-01 14:55:44.802310,231.59,6.42,1
2026-04-01 14:55:49.802310,237.68,6.81,1
2026-04-01 14:55:54.802310,239.96,7.76,1
2026-04-01 14:55:59.802310,246.41,6.74,1
2026-04-01 14:56:04.802310,260.61,5.03,1
2026-04-01 14:56:09.802310,262.84,5.57,1
2026-04-01 14:56:14.802310,262.85,6.48,1
2026-04-01 14:56:19.802310,266.29,6.05,1
2026-04-01 14:56:24.802310,280.84,7.11,1
2026-04-01 14:56:29.802310,289.74,6.67,1
2026-04-01 14:56:34.802310,301.0,6.28,1
2026-04-01 14:56:39.802310,0.0,0.0,0
2026-04-01 14:56:44.802310,67.24,5.4,1
2026-04-01 14:56:49.802310,77.28,6.42,1
2026-04-01 14:56:54.802310,81.51,7.67,1
2026-04-01 14:56:59.802310,87.36,6.34,1
2026-04-01 14:57:04.802310,98.61,6.4,1
2026-04-01 14:57:09.802310,102.11,8.0,1
2026-04-01 14:57:14.802310,115.24,7.49,1
2026-04-01 14:57:19.802310,121.69,6.6,1
2026-04-01 14:57:24.802310,130.0,6.92,1
2026-04-01 14:57:29.802310,134.63,5.95,1
2026-04-01 14:57:34.802310,147.51,6.06,1
2026-04-01 14:57:39.802310,158.73,5.72,1
2026-04-01 14:57:44.802310,167.21,7.33,1
2026-04-01 14:57:49.802310,169.32,6.53,1
2026-04-01 14:57:54.802310,170.34,5.04,1
2026-04-01 14:57:59.802310,180.4,7.56,1
2026-04-01 14:58:04.802310,190.72,6.77,1
2026-04-01 14:58:09.802310,202.6,5.22,1
2026-04-01 14:58:14.802310,206.14,7.25,1
2026-04-01 14:58:19.802310,219.08,6.81,1
2026-04-01 14:58:24.802310,224.34,5.4,1
2026-04-01 14:58:29.802310,229.07,5.84,1
2026-04-01 14:58:34.802310,240.62,6.64,1
2026-04-01 14:58:39.802310,252.64,6.35,1
2026-04-01 14:58:44.802310,259.52,7.55,1
2026-04-01 14:58:49.802310,264.09,6.84,1
2026-04-01 14:58:54.802310,272.25,5.34,1
2026-04-01 14:58:59.802310,275.7,6.04,1
2026-04-01 14:59:04.802310,276.55,6.59,1
2026-04-01 14:59:09.802310,281.44,6.96,1
2026-04-01 14:59:14.802310,292.46,5.77,1
2026-04-01 14:59:19.802310,292.71,6.03,1
2026-04-01 14:59:24.802310,293.23,6.12,1
2026-04-01 14:59:29.802310,301.95,7.43,1
2026-04-01 14:59:34.802310,0.0,0.0,0
2026-04-01 14:59:39.802310,0.0,0.0,0
2026-04-01 14:59:44.802310,37.24,8.24,2
2026-04-01 14:59:49.802310,48.92,9.75,2
2026-04-01 14:59:54.802310,51.65,10.78,2
2026-04-01 14:59:59.802310,133.03,7.72,1
2026-04-01 15:00:04.802310,146.74,7.27,1
2026-04-01 15:00:09.802310,149.13,5.44,1
2026-04-01 15:00:14.802310,154.95,5.55,1
2026-04-01 15:00:19.802310,163.02,5.23,1
2026-04-01 15:00:24.802310,167.47,6.87,1
2026-04-01 15:00:29.802310,178.89,6.63,1
2026-04-01 15:00:34.802310,193.48,7.53,1
2026-04-01 15:00:39.802310,200.55,7.18,1
2026-04-01 15:00:44.802310,208.1,5.18,1
2026-04-01 15:00:49.802310,212.87,6.48,1
2026-04-01 15:00:54.802310,224.91,6.47,1
2026-04-01 15:00:59.802310,225.73,5.03,1
2026-04-01 15:01:04.802310,237.61,5.24,1
2026-04-01 15:01:09.802310,251.79,7.87,1
2026-04-01 15:01:14.802310,261.97,7.02,1
2026-04-01 15:01:19.802310,265.82,7.35,1
2026-04-01 15:01:24.802310,265.98,7.39,1
2026-04-01 15:01:29.802310,275.04,6.39,1
2026-04-01 15:01:34.802310,278.32,5.19,1
2026-04-01 15:01:39.802310,290.46,5.27,1
2026-04-01 15:01:44.802310,303.37,5.02,1
2026-04-01 15:01:49.802310,46.59,9.36,2
2026-04-01 15:01:54.802310,57.63,9.94,2
2026-04-01 15:01:59.802310,16.11,9.01,2
2026-04-01 15:02:04.802310,24.51,10.48,2
2026-04-01 15:02:09.802310,32.47,9.73,2
2026-04-01 15:02:14.802310,47.25,8.87,2
2026-04-01 15:02:19.802310,60.65,8.39,2
2026-04-01 15:02:24.802310,45.19,10.38,2
2026-04-01 15:02:29.802310,54.06,11.81,2
2026-04-01 15:02:34.802310,0.0,0.0,0
2026-04-01 15:02:39.802310,248.51,5.49,1
2026-04-01 15:02:44.802310,252.62,7.84,1
2026-04-01 15:02:49.802310,265.47,7.75,1
2026-04-01 15:02:54.802310,275.03,7.67,1
2026-04-01 15:02:59.802310,287.68,6.76,1
2026-04-01 15:03:04.802310,295.65,7.76,1
2026-04-01 15:03:09.802310,306.27,6.32,1
2026-04-01 15:03:14.802310,22.13,9.89,2
2026-04-01 15:03:19.802310,30.32,8.95,2
2026-04-01 15:03:24.802310,37.01,9.72,2
2026-04-01 15:03:29.802310,42.18,8.56,2
2026-04-01 15:03:34.802310,51.1,10.77,2
2026-04-01 15:03:39.802310,0.0,0.0,0
2026-04-01 15:03:44.802310,259.66,7.01,1
2026-04-01 15:03:49.802310,271.76,5.6,1
2026-04-01 15:03:54.802310,273.42,5.15,1
2026-04-01 15:03:59.802310,283.28,7.74,1
2026-04-01 15:04:04.802310,285.58,7.96,1
2026-04-01 15:04:09.802310,290.85,7.03,1
2026-04-01 15:04:14.802310,291.74,7.84,1
2026-04-01 15:04:19.802310,298.19,7.54,1
2026-04-01 15:04:24.802310,304.24,7.13,1
2026-04-01 15:04:29.802310,33.45,10.31,2
2026-04-01 15:04:34.802310,44.48,10.98,2
2026-04-01 15:04:39.802310,45.0,11.73,2
2026-04-01 15:04:44.802310,53.26,11.22,2
2026-04-01 15:04:49.802310,0.0,0.0,0
2026-04-01 15:04:54.802310,246.57,7.21,1
2026-04-01 15:04:59.802310,258.65,7.86,1
2026-04-01 15:05:04.802310,268.64,5.8,1
2026-04-01 15:05:09.802310,269.98,5.84,1
2026-04-01 15:05:14.802310,273.99,6.76,1
2026-04-01 15:05:19.802310,288.93,7.85,1
2026-04-01 15:05:24.802310,297.08,5.23,1
2026-04-01 15:05:29.802310,300.19,7.28,1
2026-04-01 15:05:34.802310,200.14,7.14,1
2026-04-01 15:05:39.802310,211.48,5.49,1
2026-04-01 15:05:44.802310,216.15,6.05,1
2026-04-01 15:05:49.802310,226.4,5.62,1
2026-04-01 15:05:54.802310,226.74,6.41,1
2026-04-01 15:05:59.802310,240.48,5.52,1
2026-04-01 15:06:04.802310,253.34,5.58,1
2026-04-01 15:06:09.802310,254.61,6.41,1
2026-04-01 15:06:14.802310,266.64,7.22,1
2026-04-01 15:06:19.802310,267.41,6.88,1
2026-04-01 15:06:24.802310,271.84,5.86,1
2026-04-01 15:06:29.802310,277.21,6.57,1
2026-04-01 15:06:34.802310,281.29,6.47,1
2026-04-01 15:06:39.802310,286.08,5.87,1
2026-04-01 15:06:44.802310,296.77,6.96,1
2026-04-01 15:06:49.802310,309.38,7.98,1
2026-04-01 15:06:54.802310,155.86,5.94,1
2026-04-01 15:06:59.802310,167.9,6.63,1
2026-04-01 15:07:04.802310,168.28,5.31,1
2026-04-01 15:07:09.802310,169.01,5.5,1
2026-04-01 15:07:14.802310,173.73,6.78,1
2026-04-01 15:07:19.802310,181.53,5.94,1
2026-04-01 15:07:24.802310,186.11,7.71,1
2026-04-01 15:07:29.802310,188.66,7.19,1
2026-04-01 15:07:34.802310,200.24,6.59,1
2026-04-01 15:07:39.802310,209.64,6.19,1
2026-04-01 15:07:44.802310,216.15,5.19,1
2026-04-01 15:07:49.802310,221.36,6.35,1
2026-04-01 15:07:54.802310,233.16,7.34,1
2026-04-01 15:07:59.802310,234.91,5.28,1
2026-04-01 15:08:04.802310,242.44,6.62,1
2026-04-01 15:08:09.802310,255.81,5.18,1
2026-04-01 15:08:14.802310,266.99,5.35,1
2026-04-01 15:08:19.802310,280.36,5.53,1
2026-04-01 15:08:24.802310,282.38,6.49,1
2026-04-01 15:08:29.802310,288.39,7.92,1
2026-04-01 15:08:34.802310,298.24,6.24,1
2026-04-01 15:08:39.802310,303.68,6.15,1
2026-04-01 15:08:44.802310,41.93,11.65,2
2026-04-01 15:08:49.802310,49.12,10.57,2
2026-04-01 15:08:54.802310,50.13,9.59,2
2026-04-01 15:08:59.802310,0.0,0.0,0
2026-04-01 15:09:04.802310,21.21,9.44,2
2026-04-01 15:09:09.802310,34.29,9.84,2
2026-04-01 15:09:14.802310,36.83,9.37,2
2026-04-01 15:09:19.802310,46.85,10.39,2
2026-04-01 15:09:24.802310,47.81,8.23,2
2026-04-01 15:09:29.802310,57.8,10.29,2
2026-04-01 15:09:34.802310,0.0,0.0,0
2026-04-01 15:09:39.802310,44.52,12.0,2
2026-04-01 15:09:44.802310,51.71,9.48,2
2026-04-01 15:09:49.802310,33.24,10.82,2
2026-04-01 15:09:54.802310,41.37,9.22,2
2026-04-01 15:09:59.802310,53.01,11.31,2
2026-04-01 15:10:04.802310,42.88,9.07,2
2026-04-01 15:10:09.802310,45.51,9.8,2
2026-04-01 15:10:14.802310,58.8,9.61,2
2026-04-01 15:10:19.802310,36.15,11.29,2
2026-04-01 15:10:24.802310,43.74,8.12,2
2026-04-01 15:10:29.802310,57.89,8.64,2
2026-04-01 15:10:34.802310,127.87,5.04,1
2026-04-01 15:10:39.802310,132.65,6.9,1
2026-04-01 15:10:44.802310,143.17,7.13,1
2026-04-01 15:10:49.802310,149.75,7.31,1
2026-04-01 15:10:54.802310,153.63,7.48,1
2026-04-01 15:10:59.802310,155.49,7.83,1
2026-04-01 15:11:04.802310,156.03,7.54,1
2026-04-01 15:11:09.802310,171.02,5.37,1
2026-04-01 15:11:14.802310,176.41,7.29,1
2026-04-01 15:11:19.802310,182.74,7.4,1
2026-04-01 15:11:24.802310,190.49,7.4,1
2026-04-01 15:11:29.802310,200.92,6.34,1
2026-04-01 15:11:34.802310,205.93,6.2,1
2026-04-01 15:11:39.802310,215.73,7.12,1
2026-04-01 15:11:44.802310,217.08,7.92,1
2026-04-01 15:11:49.802310,227.07,6.24,1
2026-04-01 15:11:54.802310,231.82,7.28,1
2026-04-01 15:11:59.802310,235.82,7.5,1
2026-04-01 15:12:04.802310,240.89,5.06,1
2026-04-01 15:12:09.802310,244.66,5.78,1
2026-04-01 15:12:14.802310,256.6,7.36,1
2026-04-01 15:12:19.802310,263.64,7.12,1
2026-04-01 15:12:24.802310,271.19,5.58,1
2026-04-01 15:12:29.802310,279.05,5.17,1
2026-04-01 15:12:34.802310,280.53,5.66,1
2026-04-01 15:12:39.802310,281.05,6.25,1
2026-04-01 15:12:44.802310,290.55,6.61,1
2026-04-01 15:12:49.802310,295.21,6.37,1
2026-04-01 15:12:54.802310,298.06,6.73,1
2026-04-01 15:12:59.802310,302.27,7.66,1
2026-04-01 15:13:04.802310,245.13,6.59,1
2026-04-01 15:13:09.802310,247.96,5.96,1
2026-04-01 15:13:14.802310,249.97,7.32,1
2026-04-01 15:13:19.802310,261.59,5.18,1
2026-04-01 15:13:24.802310,271.51,6.77,1
2026-04-01 15:13:29.802310,277.52,5.51,1
2026-04-01 15:13:34.802310,291.82,5.63,1
2026-04-01 15:13:39.802310,298.13,7.78,1
2026-04-01 15:13:44.802310,308.32,5.33,1
2026-04-01 15:13:49.802310,31.76,10.84,2
2026-04-01 15:13:54.802310,37.57,11.86,2
2026-04-01 15:13:59.802310,46.79,8.73,2
2026-04-01 15:14:04.802310,53.93,10.22,2
2026-04-01 15:14:09.802310,39.93,11.69,2
2026-04-01 15:14:14.802310,44.32,11.83,2
2026-04-01 15:14:19.802310,57.44,8.98,2
2026-04-01 15:14:24.802310,44.85,10.23,2
2026-04-01 15:14:29.802310,57.14,11.77,2
2026-04-01 15:14:34.802310,2.37,11.83,2
2026-04-01 15:14:39.802310,7.33,8.51,2
2026-04-01 15:14:44.802310,13.04,8.53,2
2026-04-01 15:14:49.802310,14.48,10.25,2
2026-04-01 15:14:54.802310,20.78,10.65,2
2026-04-01 15:14:59.802310,28.34,10.71,2
2026-04-01 15:15:04.802310,30.07,10.34,2
2026-04-01 15:15:09.802310,35.65,11.65,2
2026-04-01 15:15:14.802310,49.17,9.49,2
2026-04-01 15:15:19.802310,52.75,9.4,2
2026-04-01 15:15:24.802310,181.31,5.0,1
2026-04-01 15:15:29.802310,181.92,7.53,1
2026-04-01 15:15:34.802310,188.2,6.24,1
2026-04-01 15:15:39.802310,191.45,7.44,1
2026-04-01 15:15:44.802310,204.32,6.47,1
2026-04-01 15:15:49.802310,208.52,5.57,1
2026-04-01 15:15:54.802310,213.4,7.49,1
2026-04-01 15:15:59.802310,225.94,5.11,1
2026-04-01 15:16:04.802310,238.24,6.18,1
2026-04-01 15:16:09.802310,252.55,5.39,1
2026-04-01 15:16:14.802310,264.38,5.07,1
2026-04-01 15:16:19.802310,273.86,7.45,1
2026-04-01 15:16:24.802310,287.73,7.01,1
2026-04-01 15:16:29.802310,297.15,5.12,1
2026-04-01 15:16:34.802310,308.84,5.15,1
2026-04-01 15:16:39.802310,19.79,11.52,2
2026-04-01 15:16:44.802310,28.07,10.1,2
2026-04-01 15:16:49.802310,33.55,11.94,2
2026-04-01 15:16:54.802310,46.14,10.22,2
2026-04-01 15:16:59.802310,60.07,10.04,2
2026-04-01 15:17:04.802310,143.41,7.0,1
2026-04-01 15:17:09.802310,156.06,5.08,1
2026-04-01 15:17:14.802310,157.15,5.96,1
2026-04-01 15:17:19.802310,159.08,5.84,1
2026-04-01 15:17:24.802310,162.7,7.05,1
2026-04-01 15:17:29.802310,164.65,5.51,1
2026-04-01 15:17:34.802310,175.69,6.35,1
2026-04-01 15:17:39.802310,186.96,6.71,1
2026-04-01 15:17:44.802310,198.33,7.27,1
2026-04-01 15:17:49.802310,206.27,7.69,1
2026-04-01 15:17:54.802310,216.37,5.9,1
2026-04-01 15:17:59.802310,228.26,7.64,1
2026-04-01 15:18:04.802310,243.14,5.42,1
2026-04-01 15:18:09.802310,249.57,7.96,1
2026-04-01 15:18:14.802310,260.17,7.46,1
2026-04-01 15:18:19.802310,264.75,7.22,1
2026-04-01 15:18:24.802310,276.56,5.88,1
2026-04-01 15:18:29.802310,277.71,6.19,1
2026-04-01 15:18:34.802310,290.35,5.62,1
2026-04-01 15:18:39.802310,291.98,7.42,1
2026-04-01 15:18:44.802310,299.43,6.84,1
2026-04-01 15:18:49.802310,313.88,6.97,1
2026-04-01 15:18:54.802310,0.0,0.0,0
2026-04-01 15:18:59.802310,285.51,5.86,1
2026-04-01 15:19:04.802310,299.54,5.28,1
2026-04-01 15:19:09.802310,307.52,8.0,1
2026-04-01 15:19:14.802310,11.08,9.86,2
2026-04-01 15:19:19.802310,20.85,8.54,2
2026-04-01 15:19:24.802310,35.43,8.26,2
2026-04-01 15:19:29.802310,47.75,11.95,2
2026-04-01 15:19:34.802310,53.47,10.62,2
2026-04-01 15:19:39.802310,202.46,6.27,1
2026-04-01 15:19:44.802310,206.53,7.49,1
2026-04-01 15:19:49.802310,211.9,6.51,1
2026-04-01 15:19:54.802310,218.9,7.95,1
2026-04-01 15:19:59.802310,225.48,7.65,1
2026-04-01 15:20:04.802310,232.21,7.86,1
2026-04-01 15:20:09.802310,241.96,5.89,1
2026-04-01 15:20:14.802310,248.54,5.03,1
2026-04-01 15:20:19.802310,257.55,5.72,1
2026-04-01 15:20:24.802310,270.87,5.03,1
2026-04-01 15:20:29.802310,277.78,7.73,1
2026-04-01 15:20:34.802310,280.78,7.51,1
2026-04-01 15:20:39.802310,287.6,5.35,1
2026-04-01 15:20:44.802310,298.25,7.21,1
2026-04-01 15:20:49.802310,310.85,5.28,1
2026-04-01 15:20:54.802310,219.26,6.9,1
2026-04-01 15:20:59.802310,229.28,5.48,1
2026-04-01 15:21:04.802310,230.33,5.12,1
2026-04-01 15:21:09.802310,238.59,5.16,1
2026-04-01 15:21:14.802310,239.28,7.04,1
2026-04-01 15:21:19.802310,248.45,5.1,1
2026-04-01 15:21:24.802310,257.52,5.73,1
2026-04-01 15:21:29.802310,258.72,6.88,1
2026-04-01 15:21:34.802310,271.36,5.77,1
2026-04-01 15:21:39.802310,278.6,5.68,1
2026-04-01 15:21:44.802310,288.03,7.78,1
2026-04-01 15:21:49.802310,295.91,6.15,1
2026-04-01 15:21:54.802310,297.08,5.78,1
2026-04-01 15:21:59.802310,306.34,5.52,1
2026-04-01 15:22:04.802310,157.59,5.56,1
2026-04-01 15:22:09.802310,164.17,5.75,1
2026-04-01 15:22:14.802310,165.7,5.07,1
2026-04-01 15:22:19.802310,179.85,6.61,1
2026-04-01 15:22:24.802310,191.44,7.45,1
2026-04-01 15:22:29.802310,193.8,7.28,1
2026-04-01 15:22:34.802310,201.65,7.43,1
2026-04-01 15:22:39.802310,203.16,6.92,1
2026-04-01 15:22:44.802310,218.01,7.92,1
2026-04-01 15:22:49.802310,221.51,7.36,1
2026-04-01 15:22:54.802310,236.21,5.9,1
2026-04-01 15:22:59.802310,247.41,6.2,1
2026-04-01 15:23:04.802310,252.1,6.77,1
2026-04-01 15:23:09.802310,266.29,5.17,1
2026-04-01 15:23:14.802310,280.7,6.25,1
2026-04-01 15:23:19.802310,287.11,6.98,1
2026-04-01 15:23:24.802310,289.81,5.64,1
2026-04-01 15:23:29.802310,297.62,7.03,1
2026-04-01 15:23:34.802310,309.96,7.45,1
2026-04-01 15:23:39.802310,220.5,6.66,1
2026-04-01 15:23:44.802310,225.99,6.01,1
2026-04-01 15:23:49.802310,227.77,7.1,1
2026-04-01 15:23:54.802310,238.47,5.72,1
2026-04-01 15:23:59.802310,239.23,5.66,1
2026-04-01 15:24:04.802310,249.87,6.51,1
2026-04-01 15:24:09.802310,253.34,5.95,1
2026-04-01 15:24:14.802310,258.02,5.99,1
2026-04-01 15:24:19.802310,271.52,5.33,1
2026-04-01 15:24:24.802310,278.63,6.77,1
2026-04-01 15:24:29.802310,292.6,7.39,1
2026-04-01 15:24:34.802310,299.5,6.87,1
2026-04-01 15:24:39.802310,313.18,6.63,1
2026-04-01 15:24:44.802310,232.84,7.24,1
2026-04-01 15:24:49.802310,239.63,6.49,1
2026-04-01 15:24:54.802310,244.92,7.41,1
2026-04-01 15:24:59.802310,245.47,5.5,1
2026-04-01 15:25:04.802310,255.5,6.72,1
2026-04-01 15:25:09.802310,262.92,5.61,1
2026-04-01 15:25:14.802310,273.19,5.06,1
2026-04-01 15:25:19.802310,286.62,7.3,1
2026-04-01 15:25:24.802310,290.33,6.61,1
2026-04-01 15:25:29.802310,293.16,7.84,1
2026-04-01 15:25:34.802310,301.02,5.45,1
2026-04-01 15:25:39.802310,37.03,11.41,2
2026-04-01 15:25:44.802310,42.34,10.49,2
2026-04-01 15:25:49.802310,54.83,8.2,2
2026-04-01 15:25:54.802310,0.0,0.0,0
2026-04-01 15:25:59.802310,35.01,11.38,2
2026-04-01 15:26:04.802310,47.6,9.92,2
2026-04-01 15:26:09.802310,49.64,9.8,2
2026-04-01 15:26:14.802310,54.8,10.84,2
2026-04-01 15:26:19.802310,44.0,10.18,2
2026-04-01 15:26:24.802310,52.2,11.28,2
2026-04-01 15:26:29.802310,0.0,0.0,0
2026-04-01 15:26:34.802310,0.0,0.0,0
2026-04-01 15:26:39.802310,7.36,11.06,2
2026-04-01 15:26:44.802310,17.09,10.81,2
2026-04-01 15:26:49.802310,28.42,8.74,2
2026-04-01 15:26:54.802310,33.98,10.08,2
2026-04-01 15:26:59.802310,48.57,10.34,2
2026-04-01 15:27:04.802310,51.88,8.66,2
2026-04-01 15:27:09.802310,21.31,10.24,2
2026-04-01 15:27:14.802310,31.16,9.98,2
2026-04-01 15:27:19.802310,38.57,11.73,2
2026-04-01 15:27:24.802310,50.65,10.22,2
2026-04-01 15:27:29.802310,0.0,0.0,0
2026-04-01 15:27:34.802310,14.01,9.95,2
2026-04-01 15:27:39.802310,21.8,11.74,2
2026-04-01 15:27:44.802310,28.79,11.52,2
2026-04-01 15:27:49.802310,39.99,10.25,2
2026-04-01 15:27:54.802310,45.36,10.8,2
2026-04-01 15:27:59.802310,58.62,11.83,2
2026-04-01 15:28:04.802310,0.0,0.0,0
2026-04-01 15:28:09.802310,105.08,7.67,1
2026-04-01 15:28:14.802310,116.44,6.94,1
2026-04-01 15:28:19.802310,120.14,5.29,1
2026-04-01 15:28:24.802310,132.01,6.0,1
2026-04-01 15:28:29.802310,140.16,7.3,1
2026-04-01 15:28:34.802310,148.24,7.46,1
2026-04-01 15:28:39.802310,159.96,7.88,1
2026-04-01 15:28:44.802310,161.43,7.51,1
2026-04-01 15:28:49.802310,167.96,7.49,1
2026-04-01 15:28:54.802310,176.34,5.63,1
2026-04-01 15:28:59.802310,191.06,7.57,1
2026-04-01 15:29:04.802310,193.69,6.66,1
2026-04-01 15:29:09.802310,200.97,5.87,1
2026-04-01 15:29:14.802310,212.39,5.95,1
2026-04-01 15:29:19.802310,213.78,5.02,1
2026-04-01 15:29:24.802310,214.88,7.82,1
2026-04-01 15:29:29.802310,216.95,5.84,1
2026-04-01 15:29:34.802310,231.6,7.62,1
2026-04-01 15:29:39.802310,237.78,6.4,1
2026-04-01 15:29:44.802310,248.74,6.59,1
2026-04-01 15:29:49.802310,253.41,7.0,1
2026-04-01 15:29:54.802310,255.9,7.66,1
2026-04-01 15:29:59.802310,269.17,7.14,1
2026-04-01 15:30:04.802310,278.62,5.32,1
2026-04-01 15:30:09.802310,293.01,6.14,1
2026-04-01 15:30:14.802310,298.44,7.28,1
2026-04-01 15:30:19.802310,302.98,5.63,1
2026-04-01 15:30:24.802310,186.36,7.65,1
2026-04-01 15:30:29.802310,191.18,6.57,1
2026-04-01 15:30:34.802310,196.77,7.26,1
2026-04-01 15:30:39.802310,210.52,7.22,1
2026-04-01 15:30:44.802310,212.92,6.98,1
2026-04-01 15:30:49.802310,225.94,7.55,1
2026-04-01 15:30:54.802310,233.71,7.69,1
2026-04-01 15:30:59.802310,245.73,7.0,1
2026-04-01 15:31:04.802310,251.79,6.19,1
2026-04-01 15:31:09.802310,261.73,7.87,1
2026-04-01 15:31:14.802310,275.19,7.78,1
2026-04-01 15:31:19.802310,279.68,5.11,1
2026-04-01 15:31:24.802310,288.48,7.59,1
2026-04-01 15:31:29.802310,291.71,5.53,1
2026-04-01 15:31:34.802310,299.93,5.12,1
2026-04-01 15:31:39.802310,309.36,5.92,1
2026-04-01 15:31:44.802310,3.36,10.77,2
2026-04-01 15:31:49.802310,9.69,8.91,2
2026-04-01 15:31:54.802310,14.52,11.39,2
2026-04-01 15:31:59.802310,26.08,11.21,2
2026-04-01 15:32:04.802310,36.45,11.63,2
2026-04-01 15:32:09.802310,41.04,11.75,2
2026-04-01 15:32:14.802310,47.8,11.13,2
2026-04-01 15:32:19.802310,59.39,9.36,2
2026-04-01 15:32:24.802310,202.74,7.71,1
2026-04-01 15:32:29.802310,204.18,5.34,1
2026-04-01 15:32:34.802310,208.04,7.95,1
2026-04-01 15:32:39.802310,210.56,7.18,1
2026-04-01 15:32:44.802310,219.33,6.86,1
2026-04-01 15:32:49.802310,221.48,7.08,1
2026-04-01 15:32:54.802310,224.54,7.3,1
2026-04-01 15:32:59.802310,230.72,5.83,1
2026-04-01 15:33:04.802310,244.53,5.87,1
2026-04-01 15:33:09.802310,257.71,5.51,1
2026-04-01 15:33:14.802310,263.76,5.38,1
2026-04-01 15:33:19.802310,271.09,5.98,1
2026-04-01 15:33:24.802310,284.21,6.33,1
2026-04-01 15:33:29.802310,297.05,7.33,1
2026-04-01 15:33:34.802310,308.94,5.73,1
2026-04-01 15:33:39.802310,17.57,9.88,2
2026-04-01 15:33:44.802310,31.18,8.45,2
2026-04-01 15:33:49.802310,38.84,8.22,2
2026-04-01 15:33:54.802310,42.0,10.81,2
2026-04-01 15:33:59.802310,42.98,10.14,2
2026-04-01 15:34:04.802310,54.7,10.52,2
2026-04-01 15:34:09.802310,23.78,9.74,2
2026-04-01 15:34:14.802310,32.77,8.1,2
2026-04-01 15:34:19.802310,47.62,8.65,2
2026-04-01 15:34:24.802310,49.08,10.51,2
2026-04-01 15:34:29.802310,54.67,9.12,2
2026-04-01 15:34:34.802310,0.0,0.0,0
2026-04-01 15:34:39.802310,12.82,8.21,2
2026-04-01 15:34:44.802310,23.68,9.24,2
2026-04-01 15:34:49.802310,29.68,11.73,2
2026-04-01 15:34:54.802310,44.52,9.52,2
2026-04-01 15:34:59.802310,46.92,11.16,2
2026-04-01 15:35:04.802310,57.44,10.05,2
2026-04-01 15:35:09.802310,298.68,5.04,1
2026-04-01 15:35:14.802310,306.84,5.56,1
2026-04-01 15:35:19.802310,63.86,6.43,1
2026-04-01 15:35:24.802310,66.9,6.93,1
2026-04-01 15:35:29.802310,67.6,7.8,1
2026-04-01 15:35:34.802310,82.43,5.47,1
2026-04-01 15:35:39.802310,82.54,5.86,1
2026-04-01 15:35:44.802310,85.82,6.92,1
2026-04-01 15:35:49.802310,98.15,5.15,1
2026-04-01 15:35:54.802310,107.62,6.49,1
2026-04-01 15:35:59.802310,112.2,7.59,1
2026-04-01 15:36:04.802310,126.87,7.91,1
2026-04-01 15:36:09.802310,139.61,7.29,1
2026-04-01 15:36:14.802310,140.65,6.05,1
2026-04-01 15:36:19.802310,143.18,6.22,1
2026-04-01 15:36:24.802310,157.71,7.58,1
2026-04-01 15:36:29.802310,167.16,7.39,1
2026-04-01 15:36:34.802310,174.81,6.74,1
2026-04-01 15:36:39.802310,183.54,5.2,1
2026-04-01 15:36:44.802310,184.35,5.27,1
2026-04-01 15:36:49.802310,189.58,5.04,1
2026-04-01 15:36:54.802310,193.98,5.59,1
2026-04-01 15:36:59.802310,200.97,7.96,1
2026-04-01 15:37:04.802310,210.85,5.72,1
2026-04-01 15:37:09.802310,223.13,6.77,1
2026-04-01 15:37:14.802310,227.69,5.44,1
2026-04-01 15:37:19.802310,235.92,5.57,1
2026-04-01 15:37:24.802310,237.06,5.06,1
2026-04-01 15:37:29.802310,248.73,7.96,1
2026-04-01 15:37:34.802310,261.26,5.09,1
2026-04-01 15:37:39.802310,268.18,5.11,1
2026-04-01 15:37:44.802310,282.11,7.15,1
2026-04-01 15:37:49.802310,284.59,7.4,1
2026-04-01 15:37:54.802310,294.38,5.96,1
2026-04-01 15:37:59.802310,307.73,6.46,1
2026-04-01 15:38:04.802310,8.3,11.53,2
2026-04-01 15:38:09.802310,16.3,10.99,2
2026-04-01 15:38:14.802310,27.88,9.61,2
2026-04-01 15:38:19.802310,36.67,9.59,2
2026-04-01 15:38:24.802310,37.34,11.58,2
2026-04-01 15:38:29.802310,46.59,10.12,2
2026-04-01 15:38:34.802310,50.22,9.39,2
2026-04-01 15:38:39.802310,204.51,6.28,1
2026-04-01 15:38:44.802310,218.99,7.55,1
2026-04-01 15:38:49.802310,222.78,6.17,1
2026-04-01 15:38:54.802310,226.54,5.66,1
2026-04-01 15:38:59.802310,241.02,5.58,1
2026-04-01 15:39:04.802310,250.14,7.19,1
2026-04-01 15:39:09.802310,251.48,7.94,1
2026-04-01 15:39:14.802310,265.08,6.42,1
2026-04-01 15:39:19.802310,279.41,7.3,1
2026-04-01 15:39:24.802310,280.5,7.18,1
2026-04-01 15:39:29.802310,288.71,5.09,1
2026-04-01 15:39:34.802310,294.5,6.27,1
2026-04-01 15:39:39.802310,296.33,5.42,1
2026-04-01 15:39:44.802310,297.92,6.72,1
2026-04-01 15:39:49.802310,309.55,6.54,1
2026-04-01 15:39:54.802310,0.0,0.0,0
2026-04-01 15:39:59.802310,16.85,11.4,2
2026-04-01 15:40:04.802310,20.36,9.98,2
2026-04-01 15:40:09.802310,22.29,11.05,2
2026-04-01 15:40:14.802310,25.02,11.13,2
2026-04-01 15:40:19.802310,35.25,8.42,2
2026-04-01 15:40:24.802310,49.26,9.61,2
2026-04-01 15:40:29.802310,56.42,8.13,2
2026-04-01 15:40:34.802310,43.8,8.21,2
2026-04-01 15:40:39.802310,55.55,11.28,2
2026-04-01 15:40:44.802310,0.0,0.0,0
2026-04-01 15:40:49.802310,0.0,0.0,0
2026-04-01 15:40:54.802310,6.62,11.3,2
2026-04-01 15:40:59.802310,17.59,8.77,2
2026-04-01 15:41:04.802310,19.7,11.99,2
2026-04-01 15:41:09.802310,20.18,10.82,2
2026-04-01 15:41:14.802310,22.54,8.68,2
2026-04-01 15:41:19.802310,24.36,8.62,2
2026-04-01 15:41:24.802310,38.91,9.75,2
2026-04-01 15:41:29.802310,46.5,9.32,2
2026-04-01 15:41:34.802310,51.96,9.53,2
2026-04-01 15:41:39.802310,0.0,0.0,0
2026-04-01 15:41:44.802310,47.89,9.29,2
2026-04-01 15:41:49.802310,61.42,9.13,2
2026-04-01 15:41:54.802310,236.37,7.82,1
2026-04-01 15:41:59.802310,243.92,5.63,1
2026-04-01 15:42:04.802310,253.55,5.41,1
2026-04-01 15:42:09.802310,255.77,6.24,1
2026-04-01 15:42:14.802310,268.8,7.99,1
2026-04-01 15:42:19.802310,270.94,7.39,1
2026-04-01 15:42:24.802310,282.36,5.62,1
2026-04-01 15:42:29.802310,291.19,5.69,1
2026-04-01 15:42:34.802310,291.48,7.99,1
2026-04-01 15:42:39.802310,296.87,5.16,1
2026-04-01 15:42:44.802310,304.07,7.16,1
2026-04-01 15:42:49.802310,1.92,9.33,2
2026-04-01 15:42:54.802310,7.27,8.45,2
2026-04-01 15:42:59.802310,7.76,11.69,2
2026-04-01 15:43:04.802310,13.7,10.66,2
2026-04-01 15:43:09.802310,14.38,9.12,2
2026-04-01 15:43:14.802310,22.95,10.99,2
2026-04-01 15:43:19.802310,27.01,9.23,2
2026-04-01 15:43:24.802310,31.69,12.0,2
2026-04-01 15:43:29.802310,40.16,9.44,2
2026-04-01 15:43:34.802310,41.74,11.1,2
2026-04-01 15:43:39.802310,50.65,10.28,2
2026-04-01 15:43:44.802310,20.94,10.65,2
2026-04-01 15:43:49.802310,23.93,9.98,2
2026-04-01 15:43:54.802310,28.86,10.07,2
2026-04-01 15:43:59.802310,41.42,11.96,2
2026-04-01 15:44:04.802310,50.42,10.94,2
2026-04-01 15:44:09.802310,216.3,5.55,1
2026-04-01 15:44:14.802310,219.06,5.73,1
2026-04-01 15:44:19.802310,228.92,5.45,1
2026-04-01 15:44:24.802310,229.43,6.32,1
2026-04-01 15:44:29.802310,243.78,6.31,1
2026-04-01 15:44:34.802310,247.44,6.81,1
2026-04-01 15:44:39.802310,256.57,5.85,1
2026-04-01 15:44:44.802310,258.78,5.18,1
2026-04-01 15:44:49.802310,262.43,6.17,1
2026-04-01 15:44:54.802310,275.55,7.66,1
2026-04-01 15:44:59.802310,279.96,5.64,1
2026-04-01 15:45:04.802310,291.43,7.34,1
2026-04-01 15:45:09.802310,301.01,6.74,1
2026-04-01 15:45:14.802310,9.74,10.09,2
2026-04-01 15:45:19.802310,17.87,9.28,2
2026-04-01 15:45:24.802310,29.32,10.26,2
2026-04-01 15:45:29.802310,32.32,9.98,2
2026-04-01 15:45:34.802310,45.49,11.42,2
2026-04-01 15:45:39.802310,54.12,8.58,2
2026-04-01 15:45:44.802310,0.0,0.0,0
2026-04-01 15:45:49.802310,44.69,8.14,2
2026-04-01 15:45:54.802310,56.95,9.07,2
2026-04-01 15:45:59.802310,5.28,9.38,2
2026-04-01 15:46:04.802310,13.75,11.32,2
2026-04-01 15:46:09.802310,25.2,9.19,2
2026-04-01 15:46:14.802310,32.53,11.66,2
2026-04-01 15:46:19.802310,47.49,9.44,2
2026-04-01 15:46:24.802310,53.98,9.56,2
2026-04-01 15:46:29.802310,6.13,11.4,2
2026-04-01 15:46:34.802310,10.17,8.15,2
2026-04-01 15:46:39.802310,18.33,10.21,2
2026-04-01 15:46:44.802310,30.86,9.55,2
2026-04-01 15:46:49.802310,39.69,10.96,2
2026-04-01 15:46:54.802310,52.78,11.56,2
2026-04-01 15:46:59.802310,0.0,0.0,0
2026-04-01 15:47:04.802310,0.0,0.0,0
2026-04-01 15:47:09.802310,49.67,8.38,2
2026-04-01 15:47:14.802310,64.15,10.36,2
2026-04-01 15:47:19.802310,115.35,6.18,1
2026-04-01 15:47:24.802310,116.73,6.27,1
2026-04-01 15:47:29.802310,118.46,6.71,1
2026-04-01 15:47:34.802310,120.91,7.93,1
2026-04-01 15:47:39.802310,135.2,7.56,1
2026-04-01 15:47:44.802310,149.95,7.51,1
2026-04-01 15:47:49.802310,164.8,5.69,1
2026-04-01 15:47:54.802310,177.66,7.09,1
2026-04-01 15:47:59.802310,178.35,6.29,1
2026-04-01 15:48:04.802310,185.46,7.57,1
2026-04-01 15:48:09.802310,194.69,6.79,1
2026-04-01 15:48:14.802310,207.39,5.85,1
2026-04-01 15:48:19.802310,217.75,7.54,1
2026-04-01 15:48:24.802310,227.6,6.99,1
2026-04-01 15:48:29.802310,231.98,5.63,1
2026-04-01 15:48:34.802310,236.23,6.94,1
2026-04-01 15:48:39.802310,241.45,5.21,1
2026-04-01 15:48:44.802310,255.87,7.35,1
2026-04-01 15:48:49.802310,269.05,7.77,1
2026-04-01 15:48:54.802310,276.7,6.06,1
2026-04-01 15:48:59.802310,290.12,5.55,1
2026-04-01 15:49:04.802310,291.68,7.4,1
2026-04-01 15:49:09.802310,292.09,7.99,1
2026-04-01 15:49:14.802310,295.59,7.2,1
2026-04-01 15:49:19.802310,299.44,7.58,1
2026-04-01 15:49:24.802310,302.44,6.13,1
2026-04-01 15:49:29.802310,0.0,0.0,0
2026-04-01 15:49:34.802310,22.45,10.58,2
2026-04-01 15:49:39.802310,26.86,11.11,2
2026-04-01 15:49:44.802310,27.47,8.33,2
2026-04-01 15:49:49.802310,30.28,10.65,2
2026-04-01 15:49:54.802310,44.32,8.41,2
2026-04-01 15:49:59.802310,58.3,8.44,2
2026-04-01 15:50:04.802310,223.72,5.78,1
2026-04-01 15:50:09.802310,234.92,5.62,1
2026-04-01 15:50:14.802310,244.58,7.82,1
2026-04-01 15:50:19.802310,247.38,7.02,1
2026-04-01 15:50:24.802310,259.42,5.2,1
2026-04-01 15:50:29.802310,273.96,6.87,1
2026-04-01 15:50:34.802310,287.45,6.51,1
2026-04-01 15:50:39.802310,294.21,6.21,1
2026-04-01 15:50:44.802310,307.54,6.08,1
2026-04-01 15:50:49.802310,0.0,0.0,0
2026-04-01 15:50:54.802310,0.0,0.0,0
2026-04-01 15:50:59.802310,11.63,9.53,2
2026-04-01 15:51:04.802310,13.97,10.19,2
2026-04-01 15:51:09.802310,28.96,11.57,2
2026-04-01 15:51:14.802310,40.9,9.46,2
2026-04-01 15:51:19.802310,46.59,9.76,2
2026-04-01 15:51:24.802310,59.37,10.84,2
2026-04-01 15:51:29.802310,0.0,0.0,0
2026-04-01 15:51:34.802310,183.27,7.83,1
2026-04-01 15:51:39.802310,185.52,6.31,1
2026-04-01 15:51:44.802310,199.09,7.47,1
2026-04-01 15:51:49.802310,206.04,7.67,1
2026-04-01 15:51:54.802310,216.26,5.68,1
2026-04-01 15:51:59.802310,219.57,5.59,1
2026-04-01 15:52:04.802310,228.64,5.12,1
2026-04-01 15:52:09.802310,239.68,5.8,1
2026-04-01 15:52:14.802310,251.77,6.06,1
2026-04-01 15:52:19.802310,253.69,5.95,1
2026-04-01 15:52:24.802310,266.41,6.39,1
2026-04-01 15:52:29.802310,276.04,6.58,1
2026-04-01 15:52:34.802310,288.51,7.64,1
2026-04-01 15:52:39.802310,301.56,7.15,1
2026-04-01 15:52:44.802310,0.0,0.0,0
2026-04-01 15:52:49.802310,180.59,7.95,1
2026-04-01 15:52:54.802310,183.82,7.85,1
2026-04-01 15:52:59.802310,196.18,5.61,1
2026-04-01 15:53:04.802310,207.6,5.6,1
2026-04-01 15:53:09.802310,208.39,7.17,1
2026-04-01 15:53:14.802310,217.47,6.51,1
2026-04-01 15:53:19.802310,231.94,6.86,1
2026-04-01 15:53:24.802310,233.47,6.73,1
2026-04-01 15:53:29.802310,233.55,6.8,1
2026-04-01 15:53:34.802310,239.47,7.29,1
2026-04-01 15:53:39.802310,243.16,6.19,1
2026-04-01 15:53:44.802310,250.92,7.48,1
2026-04-01 15:53:49.802310,257.94,7.74,1
2026-04-01 15:53:54.802310,261.87,6.51,1
2026-04-01 15:53:59.802310,276.19,6.76,1
2026-04-01 15:54:04.802310,279.09,5.44,1
2026-04-01 15:54:09.802310,285.28,5.25,1
2026-04-01 15:54:14.802310,289.6,7.08,1
2026-04-01 15:54:19.802310,296.97,7.97,1
2026-04-01 15:54:24.802310,300.06,5.17,1
2026-04-01 15:54:29.802310,47.63,8.54,2
2026-04-01 15:54:34.802310,54.99,10.56,2
2026-04-01 15:54:39.802310,210.77,5.9,1
2026-04-01 15:54:44.802310,220.81,7.88,1
2026-04-01 15:54:49.802310,227.22,6.47,1
2026-04-01 15:54:54.802310,231.22,5.41,1
2026-04-01 15:54:59.802310,244.8,7.6,1
2026-04-01 15:55:04.802310,254.87,7.06,1
2026-04-01 15:55:09.802310,263.19,7.35,1
2026-04-01 15:55:14.802310,266.37,6.8,1
2026-04-01 15:55:19.802310,270.89,5.43,1
2026-04-01 15:55:24.802310,275.82,6.58,1
2026-04-01 15:55:29.802310,278.02,6.45,1
2026-04-01 15:55:34.802310,291.07,7.9,1
2026-04-01 15:55:39.802310,301.01,7.13,1
2026-04-01 15:55:44.802310,23.21,9.42,2
2026-04-01 15:55:49.802310,36.76,9.79,2
2026-04-01 15:55:54.802310,44.38,11.3,2
2026-04-01 15:55:59.802310,51.32,9.42,2
2026-04-01 15:56:04.802310,19.69,9.45,2
2026-04-01 15:56:09.802310,30.75,9.87,2
2026-04-01 15:56:14.802310,33.02,9.95,2
2026-04-01 15:56:19.802310,42.69,11.79,2
2026-04-01 15:56:24.802310,54.15,11.39,2
2026-04-01 15:56:29.802310,256.15,6.7,1
2026-04-01 15:56:34.802310,268.36,5.16,1
2026-04-01 15:56:39.802310,278.74,6.51,1
2026-04-01 15:56:44.802310,284.34,5.82,1
2026-04-01 15:56:49.802310,297.3,6.39,1
2026-04-01 15:56:54.802310,310.8,5.84,1
2026-04-01 15:56:59.802310,98.68,5.19,1
2026-04-01 15:57:04.802310,105.14,7.03,1
2026-04-01 15:57:09.802310,119.98,7.4,1
2026-04-01 15:57:14.802310,129.41,6.6,1
2026-04-01 15:57:19.802310,134.96,8.0,1
2026-04-01 15:57:24.802310,144.28,8.0,1
2026-04-01 15:57:29.802310,149.97,6.48,1
2026-04-01 15:57:34.802310,153.5,7.76,1
2026-04-01 15:57:39.802310,158.59,5.13,1
2026-04-01 15:57:44.802310,162.51,6.15,1
2026-04-01 15:57:49.802310,166.11,5.71,1
2026-04-01 15:57:54.802310,168.6,5.11,1
2026-04-01 15:57:59.802310,172.21,7.27,1
2026-04-01 15:58:04.802310,180.28,5.8,1
2026-04-01 15:58:09.802310,186.65,7.73,1
2026-04-01 15:58:14.802310,199.8,5.27,1
2026-04-01 15:58:19.802310,203.78,7.37,1
2026-04-01 15:58:24.802310,206.41,6.63,1
2026-04-01 15:58:29.802310,214.51,7.4,1
2026-04-01 15:58:34.802310,219.41,5.59,1
2026-04-01 15:58:39.802310,220.36,7.38,1
2026-04-01 15:58:44.802310,225.48,5.72,1
2026-04-01 15:58:49.802310,235.36,6.1,1
2026-04-01 15:58:54.802310,244.92,7.67,1
2026-04-01 15:58:59.802310,245.41,7.37,1
2026-04-01 15:59:04.802310,259.58,6.74,1
2026-04-01 15:59:09.802310,259.83,6.25,1
2026-04-01 15:59:14.802310,267.55,7.52,1
2026-04-01 15:59:19.802310,273.66,5.08,1
2026-04-01 15:59:24.802310,285.33,6.42,1
2026-04-01 15:59:29.802310,287.32,5.02,1
2026-04-01 15:59:34.802310,289.19,5.75,1
2026-04-01 15:59:39.802310,293.82,5.69,1
2026-04-01 15:59:44.802310,303.85,6.94,1
2026-04-01 15:59:49.802310,0.0,0.0,0
2026-04-01 15:59:54.802310,0.0,0.0,0
2026-04-01 15:59:59.802310,0.0,0.0,0
2026-04-01 16:00:04.802310,11.09,9.78,2
2026-04-01 16:00:09.802310,23.06,8.32,2
2026-04-01 16:00:14.802310,27.39,10.41,2
2026-04-01 16:00:19.802310,38.48,10.08,2
2026-04-01 16:00:24.802310,49.7,9.89,2
2026-04-01 16:00:29.802310,50.04,11.16,2
2026-04-01 16:00:34.802310,3.88,10.78,2
2026-04-01 16:00:39.802310,15.27,11.78,2
2026-04-01 16:00:44.802310,28.34,8.69,2
2026-04-01 16:00:49.802310,41.9,11.56,2
2026-04-01 16:00:54.802310,55.21,10.05,2
2026-04-01 16:00:59.802310,6.26,9.47,2
2026-04-01 16:01:04.802310,6.78,9.41,2
2026-04-01 16:01:09.802310,8.01,11.27,2
2026-04-01 16:01:14.802310,16.39,10.01,2
2026-04-01 16:01:19.802310,28.93,10.91,2
2026-04-01 16:01:24.802310,31.56,11.83,2
2026-04-01 16:01:29.802310,37.1,10.37,2
2026-04-01 16:01:34.802310,51.92,8.64,2
2026-04-01 16:01:39.802310,0.0,0.0,0
2026-04-01 16:01:44.802310,7.69,9.96,2
2026-04-01 16:01:49.802310,20.45,11.47,2
2026-04-01 16:01:54.802310,30.88,11.48,2
2026-04-01 16:01:59.802310,35.74,8.09,2
2026-04-01 16:02:04.802310,39.52,8.73,2
2026-04-01 16:02:09.802310,40.06,8.02,2
2026-04-01 16:02:14.802310,52.68,9.1,2
2026-04-01 16:02:19.802310,42.94,9.79,2
2026-04-01 16:02:24.802310,49.31,11.12,2
2026-04-01 16:02:29.802310,59.63,10.23,2
2026-04-01 16:02:34.802310,0.0,0.0,0
2026-04-01 16:02:39.802310,209.62,7.85,1
2026-04-01 16:02:44.802310,221.0,7.1,1
2026-04-01 16:02:49.802310,234.94,7.92,1
2026-04-01 16:02:54.802310,238.41,7.23,1
2026-04-01 16:02:59.802310,239.96,5.94,1
2026-04-01 16:03:04.802310,247.39,6.75,1
2026-04-01 16:03:09.802310,261.91,7.55,1
2026-04-01 16:03:14.802310,275.56,5.05,1
2026-04-01 16:03:19.802310,286.49,7.72,1
2026-04-01 16:03:24.802310,300.37,5.16,1
2026-04-01 16:03:29.802310,29.09,10.7,2
2026-04-01 16:03:34.802310,42.82,9.16,2
2026-04-01 16:03:39.802310,51.23,9.47,2
2026-04-01 16:03:44.802310,12.47,9.88,2
2026-04-01 16:03:49.802310,12.47,9.06,2
2026-04-01 16:03:54.802310,15.1,10.72,2
2026-04-01 16:03:59.802310,21.12,11.85,2
2026-04-01 16:04:04.802310,21.71,9.85,2
2026-04-01 16:04:09.802310,29.69,8.71,2
2026-04-01 16:04:14.802310,42.4,9.53,2
2026-04-01 16:04:19.802310,42.84,11.55,2
2026-04-01 16:04:24.802310,53.56,10.64,2
2026-04-01 16:04:29.802310,0.0,0.0,0
2026-04-01 16:04:34.802310,0.0,0.0,0
2026-04-01 16:04:39.802310,0.0,0.0,0
2026-04-01 16:04:44.802310,99.79,7.06,1
2026-04-01 16:04:49.802310,100.8,7.97,1
2026-04-01 16:04:54.802310,113.93,6.93,1
2026-04-01 16:04:59.802310,124.63,7.63,1
2026-04-01 16:05:04.802310,138.9,7.55,1
2026-04-01 16:05:09.802310,145.14,6.45,1
2026-04-01 16:05:14.802310,150.28,6.96,1
2026-04-01 16:05:19.802310,159.95,6.79,1
2026-04-01 16:05:24.802310,162.29,5.66,1
2026-04-01 16:05:29.802310,175.94,5.53,1
2026-04-01 16:05:34.802310,183.3,7.5,1
2026-04-01 16:05:39.802310,191.05,7.3,1
2026-04-01 16:05:44.802310,193.41,5.24,1
2026-04-01 16:05:49.802310,205.53,5.5,1
2026-04-01 16:05:54.802310,212.75,7.91,1
2026-04-01 16:05:59.802310,222.19,7.15,1
2026-04-01 16:06:04.802310,233.8,5.46,1
2026-04-01 16:06:09.802310,246.59,5.49,1
2026-04-01 16:06:14.802310,260.89,5.12,1
2026-04-01 16:06:19.802310,264.28,7.42,1
2026-04-01 16:06:24.802310,271.91,6.13,1
2026-04-01 16:06:29.802310,280.3,5.75,1
2026-04-01 16:06:34.802310,281.77,5.83,1
2026-04-01 16:06:39.802310,289.51,6.5,1
2026-04-01 16:06:44.802310,293.67,5.35,1
2026-04-01 16:06:49.802310,298.92,6.09,1
2026-04-01 16:06:54.802310,307.66,7.56,1
2026-04-01 16:06:59.802310,0.0,0.0,0
2026-04-01 16:07:04.802310,290.83,5.63,1
2026-04-01 16:07:09.802310,293.38,7.54,1
2026-04-01 16:07:14.802310,296.78,5.22,1
2026-04-01 16:07:19.802310,298.39,6.44,1
2026-04-01 16:07:24.802310,302.64,6.84,1
2026-04-01 16:07:29.802310,0.0,0.0,0
2026-04-01 16:07:34.802310,0.0,0.0,0
2026-04-01 16:07:39.802310,165.34,5.26,1
2026-04-01 16:07:44.802310,178.35,6.62,1
2026-04-01 16:07:49.802310,187.27,6.48,1
2026-04-01 16:07:54.802310,199.7,7.94,1
2026-04-01 16:07:59.802310,209.31,6.38,1
2026-04-01 16:08:04.802310,209.31,6.79,1
2026-04-01 16:08:09.802310,217.06,5.62,1
2026-04-01 16:08:14.802310,231.81,6.01,1
2026-04-01 16:08:19.802310,232.28,5.72,1
2026-04-01 16:08:24.802310,233.32,7.06,1
2026-04-01 16:08:29.802310,235.11,5.16,1
2026-04-01 16:08:34.802310,244.82,7.02,1
2026-04-01 16:08:39.802310,245.01,7.43,1
2026-04-01 16:08:44.802310,247.74,6.36,1
2026-04-01 16:08:49.802310,254.93,7.48,1
2026-04-01 16:08:54.802310,259.49,6.02,1
2026-04-01 16:08:59.802310,268.65,7.47,1
2026-04-01 16:09:04.802310,269.92,7.77,1
2026-04-01 16:09:09.802310,281.43,7.18,1
2026-04-01 16:09:14.802310,286.29,5.33,1
2026-04-01 16:09:19.802310,286.85,7.88,1
2026-04-01 16:09:24.802310,293.85,6.49,1
2026-04-01 16:09:29.802310,302.41,5.18,1
2026-04-01 16:09:34.802310,0.0,0.0,0
2026-04-01 16:09:39.802310,92.55,5.01,1
2026-04-01 16:09:44.802310,93.55,5.26,1
2026-04-01 16:09:49.802310,100.64,7.47,1
2026-04-01 16:09:54.802310,104.01,7.71,1
2026-04-01 16:09:59.802310,111.06,7.04,1
2026-04-01 16:10:04.802310,123.6,7.08,1
2026-04-01 16:10:09.802310,137.31,5.51,1
2026-04-01 16:10:14.802310,146.64,6.34,1
2026-04-01 16:10:19.802310,158.25,5.64,1
2026-04-01 16:10:24.802310,160.17,7.64,1
2026-04-01 16:10:29.802310,168.53,6.6,1
2026-04-01 16:10:34.802310,170.49,5.92,1
2026-04-01 16:10:39.802310,176.39,5.25,1
2026-04-01 16:10:44.802310,185.6,7.07,1
2026-04-01 16:10:49.802310,188.01,7.87,1
2026-04-01 16:10:54.802310,201.66,7.14,1
2026-04-01 16:10:59.802310,212.66,7.31,1
2026-04-01 16:11:04.802310,224.62,7.16,1
2026-04-01 16:11:09.802310,231.92,5.04,1
2026-04-01 16:11:14.802310,236.37,5.76,1
2026-04-01 16:11:19.802310,240.9,7.36,1
2026-04-01 16:11:24.802310,249.11,6.39,1
2026-04-01 16:11:29.802310,260.06,7.34,1
2026-04-01 16:11:34.802310,262.26,5.48,1
2026-04-01 16:11:39.802310,271.76,7.0,1
2026-04-01 16:11:44.802310,281.6,7.24,1
2026-04-01 16:11:49.802310,293.51,5.2,1
2026-04-01 16:11:54.802310,302.12,7.23,1
2026-04-01 16:11:59.802310,71.07,6.12,1
2026-04-01 16:12:04.802310,83.43,5.43,1
2026-04-01 16:12:09.802310,92.74,7.75,1
2026-04-01 16:12:14.802310,97.59,5.02,1
2026-04-01 16:12:19.802310,107.15,7.23,1
2026-04-01 16:12:24.802310,115.34,5.67,1
2026-04-01 16:12:29.802310,118.59,6.28,1
2026-04-01 16:12:34.802310,131.77,5.46,1
2026-04-01 16:12:39.802310,143.83,5.8,1
2026-04-01 16:12:44.802310,149.79,5.15,1
2026-04-01 16:12:49.802310,154.51,6.38,1
2026-04-01 16:12:54.802310,160.5,5.73,1
2026-04-01 16:12:59.802310,175.28,5.19,1
2026-04-01 16:13:04.802310,188.86,7.42,1
2026-04-01 16:13:09.802310,200.67,6.86,1
2026-04-01 16:13:14.802310,204.55,6.9,1
2026-04-01 16:13:19.802310,216.7,5.45,1
2026-04-01 16:13:24.802310,218.79,7.29,1
2026-04-01 16:13:29.802310,226.26,6.1,1
2026-04-01 16:13:34.802310,237.94,7.15,1
2026-04-01 16:13:39.802310,244.02,5.73,1
2026-04-01 16:13:44.802310,256.07,5.73,1
2026-04-01 16:13:49.802310,263.76,6.22,1
2026-04-01 16:13:54.802310,277.18,5.76,1
2026-04-01 16:13:59.802310,280.01,5.4,1
2026-04-01 16:14:04.802310,284.62,7.53,1
2026-04-01 16:14:09.802310,290.07,6.31,1
2026-04-01 16:14:14.802310,295.19,6.45,1
2026-04-01 16:14:19.802310,305.56,5.88,1
2026-04-01 16:14:24.802310,82.41,5.6,1
2026-04-01 16:14:29.802310,86.06,5.45,1
2026-04-01 16:14:34.802310,99.7,5.22,1
2026-04-01 16:14:39.802310,105.52,5.48,1
2026-04-01 16:14:44.802310,115.81,6.94,1
2026-04-01 16:14:49.802310,127.94,5.09,1
2026-04-01 16:14:54.802310,139.13,7.87,1
2026-04-01 16:14:59.802310,148.22,6.87,1
2026-04-01 16:15:04.802310,149.76,7.4,1
2026-04-01 16:15:09.802310,160.65,7.34,1
2026-04-01 16:15:14.802310,175.27,5.1,1
2026-04-01 16:15:19.802310,185.55,6.9,1
2026-04-01 16:15:24.802310,196.89,7.22,1
2026-04-01 16:15:29.802310,206.61,6.95,1
2026-04-01 16:15:34.802310,218.68,6.65,1
2026-04-01 16:15:39.802310,230.62,7.41,1
2026-04-01 16:15:44.802310,237.95,6.67,1
2026-04-01 16:15:49.802310,238.02,7.78,1
2026-04-01 16:15:54.802310,239.48,5.77,1
2026-04-01 16:15:59.802310,254.02,5.41,1
2026-04-01 16:16:04.802310,263.08,6.24,1
2026-04-01 16:16:09.802310,267.97,6.09,1
2026-04-01 16:16:14.802310,276.11,5.69,1
2026-04-01 16:16:19.802310,280.01,5.03,1
2026-04-01 16:16:24.802310,284.48,5.13,1
2026-04-01 16:16:29.802310,287.81,5.2,1
2026-04-01 16:16:34.802310,296.75,5.59,1
2026-04-01 16:16:39.802310,309.85,6.43,1
2026-04-01 16:16:44.802310,0.0,0.0,0
2026-04-01 16:16:49.802310,130.91,5.47,1
2026-04-01 16:16:54.802310,145.73,6.65,1
2026-04-01 16:16:59.802310,146.34,6.04,1
2026-04-01 16:17:04.802310,147.5,5.47,1
2026-04-01 16:17:09.802310,149.88,6.71,1
2026-04-01 16:17:14.802310,153.88,7.77,1
2026-04-01 16:17:19.802310,165.95,6.53,1
2026-04-01 16:17:24.802310,174.84,7.6,1
2026-04-01 16:17:29.802310,180.89,7.58,1
2026-04-01 16:17:34.802310,194.37,7.24,1
2026-04-01 16:17:39.802310,195.12,5.17,1
2026-04-01 16:17:44.802310,199.0,7.33,1
2026-04-01 16:17:49.802310,200.09,5.64,1
2026-04-01 16:17:54.802310,201.79,6.1,1
2026-04-01 16:17:59.802310,211.66,6.34,1
2026-04-01 16:18:04.802310,221.4,5.05,1
2026-04-01 16:18:09.802310,224.24,7.78,1
2026-04-01 16:18:14.802310,230.39,6.99,1
2026-04-01 16:18:19.802310,242.9,5.99,1
2026-04-01 16:18:24.802310,246.2,7.79,1
2026-04-01 16:18:29.802310,248.72,6.93,1
2026-04-01 16:18:34.802310,252.71,7.28,1
2026-04-01 16:18:39.802310,256.87,7.36,1
2026-04-01 16:18:44.802310,271.05,5.48,1
2026-04-01 16:18:49.802310,278.18,5.71,1
2026-04-01 16:18:54.802310,291.84,7.22,1
2026-04-01 16:18:59.802310,293.43,6.25,1
2026-04-01 16:19:04.802310,302.36,6.28,1
2026-04-01 16:19:09.802310,263.33,7.35,1
2026-04-01 16:19:14.802310,270.66,5.93,1
2026-04-01 16:19:19.802310,279.79,5.96,1
2026-04-01 16:19:24.802310,282.48,6.3,1
2026-04-01 16:19:29.802310,290.49,7.99,1
2026-04-01 16:19:34.802310,294.66,6.62,1
2026-04-01 16:19:39.802310,308.86,7.94,1
2026-04-01 16:19:44.802310,0.0,0.0,0
2026-04-01 16:19:49.802310,0.0,0.0,0
2026-04-01 16:19:54.802310,10.31,9.42,2
2026-04-01 16:19:59.802310,13.04,10.94,2
2026-04-01 16:20:04.802310,26.33,8.95,2
2026-04-01 16:20:09.802310,30.57,11.0,2
2026-04-01 16:20:14.802310,32.53,9.63,2
2026-04-01 16:20:19.802310,46.55,8.2,2
2026-04-01 16:20:24.802310,54.4,9.1,2
2026-04-01 16:20:29.802310,8.76,9.76,2
2026-04-01 16:20:34.802310,23.72,8.3,2
2026-04-01 16:20:39.802310,23.9,11.89,2
2026-04-01 16:20:44.802310,37.31,8.72,2
2026-04-01 16:20:49.802310,45.53,8.28,2
2026-04-01 16:20:54.802310,53.58,11.02,2
2026-04-01 16:20:59.802310,18.58,8.12,2
2026-04-01 16:21:04.802310,31.36,10.88,2
2026-04-01 16:21:09.802310,36.53,8.36,2
2026-04-01 16:21:14.802310,41.36,8.83,2
2026-04-01 16:21:19.802310,49.19,11.66,2
2026-04-01 16:21:24.802310,49.58,8.04,2
2026-04-01 16:21:29.802310,57.12,9.43,2
2026-04-01 16:21:34.802310,194.22,7.07,1
2026-04-01 16:21:39.802310,199.77,7.3,1
2026-04-01 16:21:44.802310,201.69,6.75,1
2026-04-01 16:21:49.802310,206.36,7.07,1
2026-04-01 16:21:54.802310,218.06,6.08,1
2026-04-01 16:21:59.802310,230.69,5.84,1
2026-04-01 16:22:04.802310,233.98,7.0,1
2026-04-01 16:22:09.802310,236.73,7.83,1
2026-04-01 16:22:14.802310,238.37,5.67,1
2026-04-01 16:22:19.802310,243.2,7.28,1
2026-04-01 16:22:24.802310,253.46,7.14,1
2026-04-01 16:22:29.802310,263.52,7.14,1
2026-04-01 16:22:34.802310,265.17,5.68,1
2026-04-01 16:22:39.802310,275.85,5.73,1
2026-04-01 16:22:44.802310,282.12,5.62,1
2026-04-01 16:22:49.802310,286.73,6.35,1
2026-04-01 16:22:54.802310,297.89,6.57,1
2026-04-01 16:22:59.802310,304.96,5.98,1
2026-04-01 16:23:04.802310,31.99,9.91,2
2026-04-01 16:23:09.802310,34.77,9.5,2
2026-04-01 16:23:14.802310,44.5,8.34,2
2026-04-01 16:23:19.802310,45.66,11.25,2
2026-04-01 16:23:24.802310,55.63,11.56,2
2026-04-01 16:23:29.802310,0.0,0.0,0
2026-04-01 16:23:34.802310,251.51,7.45,1
2026-04-01 16:23:39.802310,254.38,7.89,1
2026-04-01 16:23:44.802310,259.83,7.07,1
2026-04-01 16:23:49.802310,270.92,5.51,1
2026-04-01 16:23:54.802310,279.85,7.11,1
2026-04-01 16:23:59.802310,281.14,5.8,1
2026-04-01 16:24:04.802310,287.61,6.14,1
2026-04-01 16:24:09.802310,301.03,7.45,1
2026-04-01 16:24:14.802310,70.03,7.51,1
2026-04-01 16:24:19.802310,76.72,6.58,1
2026-04-01 16:24:24.802310,90.7,7.79,1
2026-04-01 16:24:29.802310,102.1,5.62,1
2026-04-01 16:24:34.802310,104.5,6.49,1
2026-04-01 16:24:39.802310,105.08,5.09,1
2026-04-01 16:24:44.802310,105.35,7.65,1
2026-04-01 16:24:49.802310,106.74,7.93,1
2026-04-01 16:24:54.802310,115.59,6.51,1
2026-04-01 16:24:59.802310,127.71,5.87,1
2026-04-01 16:25:04.802310,139.3,5.01,1
2026-04-01 16:25:09.802310,141.77,5.24,1
2026-04-01 16:25:14.802310,149.2,6.77,1
2026-04-01 16:25:19.802310,155.43,7.83,1
2026-04-01 16:25:24.802310,169.25,5.96,1
2026-04-01 16:25:29.802310,175.09,5.4,1
2026-04-01 16:25:34.802310,189.47,5.03,1
2026-04-01 16:25:39.802310,198.27,7.34,1
2026-04-01 16:25:44.802310,201.14,6.89,1
2026-04-01 16:25:49.802310,211.8,6.7,1
2026-04-01 16:25:54.802310,220.65,6.09,1
2026-04-01 16:25:59.802310,226.91,5.72,1
2026-04-01 16:26:04.802310,237.67,5.71,1
2026-04-01 16:26:09.802310,248.21,6.53,1
2026-04-01 16:26:14.802310,260.7,7.86,1
2026-04-01 16:26:19.802310,269.42,5.08,1
2026-04-01 16:26:24.802310,283.68,6.01,1
2026-04-01 16:26:29.802310,291.19,5.57,1
2026-04-01 16:26:34.802310,295.37,7.44,1
2026-04-01 16:26:39.802310,295.95,6.86,1
2026-04-01 16:26:44.802310,305.92,6.07,1
2026-04-01 16:26:49.802310,84.36,5.64,1
2026-04-01 16:26:54.802310,84.75,6.37,1
2026-04-01 16:26:59.802310,96.53,7.57,1
2026-04-01 16:27:04.802310,102.42,7.57,1
2026-04-01 16:27:09.802310,113.72,6.59,1
2026-04-01 16:27:14.802310,124.61,5.7,1
2026-04-01 16:27:19.802310,125.83,5.21,1
2026-04-01 16:27:24.802310,134.41,7.06,1
2026-04-01 16:27:29.802310,144.83,7.4,1
2026-04-01 16:27:34.802310,152.03,6.98,1
2026-04-01 16:27:39.802310,152.88,7.47,1
2026-04-01 16:27:44.802310,156.99,7.35,1
2026-04-01 16:27:49.802310,166.55,7.64,1
2026-04-01 16:27:54.802310,167.69,7.6,1
2026-04-01 16:27:59.802310,176.44,5.03,1
2026-04-01 16:28:04.802310,188.19,6.16,1
2026-04-01 16:28:09.802310,195.42,6.43,1
2026-04-01 16:28:14.802310,206.29,5.62,1
2026-04-01 16:28:19.802310,216.3,5.2,1
2026-04-01 16:28:24.802310,219.83,5.13,1
2026-04-01 16:28:29.802310,224.62,7.19,1
2026-04-01 16:28:34.802310,235.95,7.54,1
2026-04-01 16:28:39.802310,242.7,7.46,1
2026-04-01 16:28:44.802310,255.31,7.39,1
2026-04-01 16:28:49.802310,269.81,7.01,1
2026-04-01 16:28:54.802310,279.36,6.57,1
2026-04-01 16:28:59.802310,292.49,5.83,1
2026-04-01 16:29:04.802310,297.39,7.74,1
2026-04-01 16:29:09.802310,311.22,7.65,1
2026-04-01 16:29:14.802310,0.0,0.0,0
2026-04-01 16:29:19.802310,32.75,10.63,2
2026-04-01 16:29:24.802310,37.9,10.74,2
2026-04-01 16:29:29.802310,40.42,9.33,2
2026-04-01 16:29:34.802310,45.47,10.59,2
2026-04-01 16:29:39.802310,54.9,9.72,2
2026-04-01 16:29:44.802310,42.77,10.59,2
2026-04-01 16:29:49.802310,53.18,8.05,2
2026-04-01 16:29:54.802310,40.3,11.91,2
2026-04-01 16:29:59.802310,47.08,8.89,2
2026-04-01 16:30:04.802310,61.55,11.93,2
2026-04-01 16:30:09.802310,43.58,8.09,2
2026-04-01 16:30:14.802310,52.7,9.89,2
2026-04-01 16:30:19.802310,0.0,0.0,0
2026-04-01 16:30:24.802310,0.0,0.0,0
2026-04-01 16:30:29.802310,111.77,6.61,1
2026-04-01 16:30:34.802310,112.6,6.7,1
2026-04-01 16:30:39.802310,116.3,6.37,1
2026-04-01 16:30:44.802310,117.35,7.07,1
2026-04-01 16:30:49.802310,132.09,6.86,1
2026-04-01 16:30:54.802310,139.88,6.54,1
2026-04-01 16:30:59.802310,141.42,6.71,1
2026-04-01 16:31:04.802310,151.07,5.42,1
2026-04-01 16:31:09.802310,165.96,6.82,1
2026-04-01 16:31:14.802310,180.96,7.56,1
2026-04-01 16:31:19.802310,189.69,7.25,1
2026-04-01 16:31:24.802310,196.76,7.69,1
2026-04-01 16:31:29.802310,204.55,5.23,1
2026-04-01 16:31:34.802310,206.03,6.59,1
2026-04-01 16:31:39.802310,215.57,7.13,1
2026-04-01 16:31:44.802310,226.01,7.92,1
2026-04-01 16:31:49.802310,237.01,5.73,1
2026-04-01 16:31:54.802310,246.52,5.77,1
2026-04-01 16:31:59.802310,259.2,5.57,1
2026-04-01 16:32:04.802310,264.65,7.65,1
2026-04-01 16:32:09.802310,278.44,6.64,1
2026-04-01 16:32:14.802310,279.52,5.52,1
2026-04-01 16:32:19.802310,292.22,6.33,1
2026-04-01 16:32:24.802310,294.91,6.07,1
2026-04-01 16:32:29.802310,302.83,7.12,1
2026-04-01 16:32:34.802310,122.74,7.45,1
2026-04-01 16:32:39.802310,131.38,6.2,1
2026-04-01 16:32:44.802310,137.75,5.52,1
2026-04-01 16:32:49.802310,148.15,6.72,1
2026-04-01 16:32:54.802310,158.23,6.17,1
2026-04-01 16:32:59.802310,173.21,5.06,1
2026-04-01 16:33:04.802310,182.81,5.56,1
2026-04-01 16:33:09.802310,187.18,5.24,1
2026-04-01 16:33:14.802310,199.69,6.45,1
2026-04-01 16:33:19.802310,205.31,5.66,1
2026-04-01 16:33:24.802310,212.41,6.53,1
2026-04-01 16:33:29.802310,222.62,7.01,1
2026-04-01 16:33:34.802310,236.55,5.01,1
2026-04-01 16:33:39.802310,239.08,6.79,1
2026-04-01 16:33:44.802310,246.6,6.28,1
2026-04-01 16:33:49.802310,257.21,7.86,1
2026-04-01 16:33:54.802310,265.58,6.93,1
2026-04-01 16:33:59.802310,269.46,7.71,1
2026-04-01 16:34:04.802310,283.33,5.68,1
2026-04-01 16:34:09.802310,291.69,6.99,1
2026-04-01 16:34:14.802310,298.37,7.53,1
2026-04-01 16:34:19.802310,301.33,7.26,1
2026-04-01 16:34:24.802310,0.0,0.0,0
2026-04-01 16:34:29.802310,22.64,11.6,2
2026-04-01 16:34:34.802310,29.28,8.37,2
2026-04-01 16:34:39.802310,31.23,8.4,2
2026-04-01 16:34:44.802310,42.81,10.48,2
2026-04-01 16:34:49.802310,45.33,8.05,2
2026-04-01 16:34:54.802310,60.04,10.8,2
2026-04-01 16:34:59.802310,0.0,0.0,0
2026-04-01 16:35:04.802310,0.0,0.0,0
2026-04-01 16:35:09.802310,0.0,0.0,0
2026-04-01 16:35:14.802310,38.02,11.24,2
2026-04-01 16:35:19.802310,43.21,10.92,2
2026-04-01 16:35:24.802310,56.89,10.7,2
2026-04-01 16:35:29.802310,124.52,6.16,1
2026-04-01 16:35:34.802310,126.74,6.05,1
2026-04-01 16:35:39.802310,129.24,7.44,1
2026-04-01 16:35:44.802310,130.26,7.66,1
2026-04-01 16:35:49.802310,141.36,7.05,1
2026-04-01 16:35:54.802310,149.28,5.33,1
2026-04-01 16:35:59.802310,157.71,6.52,1
2026-04-01 16:36:04.802310,167.73,6.89,1
2026-04-01 16:36:09.802310,181.91,6.34,1
2026-04-01 16:36:14.802310,193.5,7.18,1
2026-04-01 16:36:19.802310,193.59,5.38,1
2026-04-01 16:36:24.802310,204.43,6.37,1
2026-04-01 16:36:29.802310,206.17,6.3,1
2026-04-01 16:36:34.802310,212.24,6.33,1
2026-04-01 16:36:39.802310,223.94,6.72,1
2026-04-01 16:36:44.802310,230.21,7.46,1
2026-04-01 16:36:49.802310,230.62,6.9,1
2026-04-01 16:36:54.802310,235.72,7.28,1
2026-04-01 16:36:59.802310,239.09,7.37,1
2026-04-01 16:37:04.802310,246.45,5.17,1
2026-04-01 16:37:09.802310,253.44,6.24,1
2026-04-01 16:37:14.802310,262.24,5.76,1
2026-04-01 16:37:19.802310,273.55,7.52,1
2026-04-01 16:37:24.802310,287.81,5.38,1
2026-04-01 16:37:29.802310,298.6,7.59,1
2026-04-01 16:37:34.802310,304.61,5.17,1
2026-04-01 16:37:39.802310,0.0,0.0,0
2026-04-01 16:37:44.802310,34.83,11.38,2
2026-04-01 16:37:49.802310,40.07,9.92,2
2026-04-01 16:37:54.802310,45.81,9.19,2
2026-04-01 16:37:59.802310,52.54,11.36,2
2026-04-01 16:38:04.802310,0.0,0.0,0
2026-04-01 16:38:09.802310,85.58,5.7,1
2026-04-01 16:38:14.802310,99.41,5.42,1
2026-04-01 16:38:19.802310,101.58,7.36,1
2026-04-01 16:38:24.802310,113.12,6.07,1
2026-04-01 16:38:29.802310,115.22,5.47,1
2026-04-01 16:38:34.802310,118.13,5.26,1
2026-04-01 16:38:39.802310,124.71,5.28,1
2026-04-01 16:38:44.802310,134.87,5.7,1
2026-04-01 16:38:49.802310,146.9,5.0,1
2026-04-01 16:38:54.802310,158.33,7.88,1
2026-04-01 16:38:59.802310,162.43,6.9,1
2026-04-01 16:39:04.802310,173.57,5.83,1
2026-04-01 16:39:09.802310,178.72,7.07,1
2026-04-01 16:39:14.802310,187.79,6.3,1
2026-04-01 16:39:19.802310,192.13,5.46,1
2026-04-01 16:39:24.802310,195.38,7.83,1
2026-04-01 16:39:29.802310,201.49,7.76,1
2026-04-01 16:39:34.802310,202.17,7.45,1
2026-04-01 16:39:39.802310,203.57,7.57,1
2026-04-01 16:39:44.802310,216.99,7.17,1
2026-04-01 16:39:49.802310,218.15,7.34,1
2026-04-01 16:39:54.802310,231.39,6.25,1
2026-04-01 16:39:59.802310,239.74,5.27,1
2026-04-01 16:40:04.802310,240.05,7.59,1
2026-04-01 16:40:09.802310,243.84,5.85,1
2026-04-01 16:40:14.802310,256.19,7.34,1
2026-04-01 16:40:19.802310,259.08,7.39,1
2026-04-01 16:40:24.802310,273.05,7.91,1
2026-04-01 16:40:29.802310,282.44,7.76,1
2026-04-01 16:40:34.802310,297.13,6.2,1
2026-04-01 16:40:39.802310,297.82,5.72,1
2026-04-01 16:40:44.802310,303.56,6.14,1
2026-04-01 16:40:49.802310,0.0,0.0,0
2026-04-01 16:40:54.802310,13.05,11.85,2
2026-04-01 16:40:59.802310,20.57,10.08,2
2026-04-01 16:41:04.802310,20.71,9.88,2
2026-04-01 16:41:09.802310,33.87,11.49,2
2026-04-01 16:41:14.802310,35.71,10.57,2
2026-04-01 16:41:19.802310,50.01,8.73,2
2026-04-01 16:41:24.802310,0.0,0.0,0
2026-04-01 16:41:29.802310,32.0,9.03,2
2026-04-01 16:41:34.802310,36.23,9.78,2
2026-04-01 16:41:39.802310,45.35,10.22,2
2026-04-01 16:41:44.802310,54.65,9.29,2
2026-04-01 16:41:49.802310,61.39,7.1,1
2026-04-01 16:41:54.802310,73.21,6.65,1
2026-04-01 16:41:59.802310,75.09,6.35,1
2026-04-01 16:42:04.802310,76.65,7.35,1
2026-04-01 16:42:09.802310,83.18,5.96,1
2026-04-01 16:42:14.802310,95.3,5.93,1
2026-04-01 16:42:19.802310,102.43,5.6,1
2026-04-01 16:42:24.802310,103.97,6.93,1
2026-04-01 16:42:29.802310,106.11,5.58,1
2026-04-01 16:42:34.802310,114.61,6.48,1
2026-04-01 16:42:39.802310,122.92,7.9,1
2026-04-01 16:42:44.802310,125.4,6.96,1
2026-04-01 16:42:49.802310,131.38,6.64,1
2026-04-01 16:42:54.802310,140.1,5.88,1
2026-04-01 16:42:59.802310,145.71,6.45,1
2026-04-01 16:43:04.802310,148.41,7.56,1
2026-04-01 16:43:09.802310,162.47,7.57,1
2026-04-01 16:43:14.802310,170.13,7.54,1
2026-04-01 16:43:19.802310,184.21,5.42,1
2026-04-01 16:43:24.802310,197.68,6.03,1
2026-04-01 16:43:29.802310,198.61,6.68,1
2026-04-01 16:43:34.802310,210.51,5.31,1
2026-04-01 16:43:39.802310,214.41,6.5,1
2026-04-01 16:43:44.802310,225.64,7.55,1
2026-04-01 16:43:49.802310,230.66,7.9,1
2026-04-01 16:43:54.802310,235.07,5.11,1
2026-04-01 16:43:59.802310,242.32,5.27,1
2026-04-01 16:44:04.802310,252.12,6.2,1
2026-04-01 16:44:09.802310,262.99,5.76,1
2026-04-01 16:44:14.802310,268.31,5.24,1
2026-04-01 16:44:19.802310,281.75,5.64,1
2026-04-01 16:44:24.802310,290.5,7.04,1
2026-04-01 16:44:29.802310,301.06,6.3,1
2026-04-01 16:44:34.802310,0.0,0.0,0
2026-04-01 16:44:39.802310,20.27,11.7,2
2026-04-01 16:44:44.802310,25.4,8.36,2
2026-04-01 16:44:49.802310,39.56,8.86,2
2026-04-01 16:44:54.802310,43.33,11.94,2
2026-04-01 16:44:59.802310,52.14,9.52,2
2026-04-01 16:45:04.802310,39.55,9.41,2
2026-04-01 16:45:09.802310,54.46,10.66,2
2026-04-01 16:45:14.802310,228.36,6.93,1
2026-04-01 16:45:19.802310,238.89,5.65,1
2026-04-01 16:45:24.802310,245.49,6.12,1
2026-04-01 16:45:29.802310,250.38,5.53,1
2026-04-01 16:45:34.802310,257.06,5.14,1
2026-04-01 16:45:39.802310,259.56,5.67,1
2026-04-01 16:45:44.802310,266.68,7.98,1
2026-04-01 16:45:49.802310,267.59,7.4,1
2026-04-01 16:45:54.802310,281.63,6.83,1
2026-04-01 16:45:59.802310,293.98,6.68,1
2026-04-01 16:46:04.802310,307.12,6.86,1
2026-04-01 16:46:09.802310,43.92,9.78,2
2026-04-01 16:46:14.802310,53.52,11.85,2
2026-04-01 16:46:19.802310,0.0,0.0,0
2026-04-01 16:46:24.802310,89.91,6.3,1
2026-04-01 16:46:29.802310,99.83,5.33,1
2026-04-01 16:46:34.802310,111.29,6.92,1
2026-04-01 16:46:39.802310,124.99,6.71,1
2026-04-01 16:46:44.802310,136.82,7.15,1
2026-04-01 16:46:49.802310,145.06,7.7,1
2026-04-01 16:46:54.802310,152.22,7.17,1
2026-04-01 16:46:59.802310,154.02,5.14,1
2026-04-01 16:47:04.802310,158.34,7.9,1
2026-04-01 16:47:09.802310,166.16,5.72,1
2026-04-01 16:47:14.802310,180.09,7.95,1
2026-04-01 16:47:19.802310,186.45,7.23,1
2026-04-01 16:47:24.802310,186.67,7.41,1
2026-04-01 16:47:29.802310,187.64,5.82,1
2026-04-01 16:47:34.802310,199.73,6.88,1
2026-04-01 16:47:39.802310,200.75,7.69,1
2026-04-01 16:47:44.802310,215.56,6.76,1
2026-04-01 16:47:49.802310,224.24,5.09,1
2026-04-01 16:47:54.802310,225.38,5.44,1
2026-04-01 16:47:59.802310,233.97,6.84,1
2026-04-01 16:48:04.802310,247.31,7.71,1
2026-04-01 16:48:09.802310,248.02,7.0,1
2026-04-01 16:48:14.802310,252.64,5.81,1
2026-04-01 16:48:19.802310,259.14,5.9,1
2026-04-01 16:48:24.802310,260.44,7.52,1
2026-04-01 16:48:29.802310,260.83,7.53,1
2026-04-01 16:48:34.802310,268.82,6.52,1
2026-04-01 16:48:39.802310,273.82,5.73,1
2026-04-01 16:48:44.802310,288.51,5.32,1
2026-04-01 16:48:49.802310,291.99,5.57,1
2026-04-01 16:48:54.802310,303.43,7.54,1
2026-04-01 16:48:59.802310,0.0,0.0,0
2026-04-01 16:49:04.802310,0.0,0.0,0
2026-04-01 16:49:09.802310,0.0,0.0,0
2026-04-01 16:49:14.802310,13.55,8.48,2
2026-04-01 16:49:19.802310,14.86,9.5,2
2026-04-01 16:49:24.802310,26.82,10.48,2
2026-04-01 16:49:29.802310,26.93,8.13,2
2026-04-01 16:49:34.802310,36.5,8.06,2
2026-04-01 16:49:39.802310,48.44,10.77,2
2026-04-01 16:49:44.802310,62.22,9.4,2
2026-04-01 16:49:49.802310,21.64,11.73,2
2026-04-01 16:49:54.802310,36.31,11.19,2
2026-04-01 16:49:59.802310,45.8,10.19,2
2026-04-01 16:50:04.802310,52.81,11.56,2
2026-04-01 16:50:09.802310,0.0,0.0,0
2026-04-01 16:50:14.802310,248.53,6.59,1
2026-04-01 16:50:19.802310,262.74,5.85,1
2026-04-01 16:50:24.802310,272.96,7.34,1
2026-04-01 16:50:29.802310,277.18,5.37,1
2026-04-01 16:50:34.802310,282.87,5.32,1
2026-04-01 16:50:39.802310,288.59,5.66,1
2026-04-01 16:50:44.802310,290.14,7.92,1
2026-04-01 16:50:49.802310,296.05,7.04,1
2026-04-01 16:50:54.802310,299.77,5.71,1
2026-04-01 16:50:59.802310,308.75,7.94,1
2026-04-01 16:51:04.802310,0.0,0.0,0
2026-04-01 16:51:09.802310,0.0,0.0,0
2026-04-01 16:51:14.802310,137.53,6.74,1
2026-04-01 16:51:19.802310,151.99,5.71,1
2026-04-01 16:51:24.802310,156.21,7.34,1
2026-04-01 16:51:29.802310,169.89,6.25,1
2026-04-01 16:51:34.802310,173.51,6.74,1
2026-04-01 16:51:39.802310,175.99,6.07,1
2026-04-01 16:51:44.802310,182.97,5.42,1
2026-04-01 16:51:49.802310,188.1,6.25,1
2026-04-01 16:51:54.802310,200.21,5.79,1
2026-04-01 16:51:59.802310,203.41,6.87,1
2026-04-01 16:52:04.802310,213.91,6.52,1
2026-04-01 16:52:09.802310,218.83,5.89,1
2026-04-01 16:52:14.802310,228.53,7.56,1
2026-04-01 16:52:19.802310,241.71,7.0,1
2026-04-01 16:52:24.802310,254.3,6.49,1
2026-04-01 16:52:29.802310,268.56,6.02,1
2026-04-01 16:52:34.802310,280.49,6.02,1
2026-04-01 16:52:39.802310,293.93,5.68,1
2026-04-01 16:52:44.802310,295.52,5.51,1
2026-04-01 16:52:49.802310,307.35,7.2,1
2026-04-01 16:52:54.802310,0.84,11.57,2
2026-04-01 16:52:59.802310,4.28,8.84,2
2026-04-01 16:53:04.802310,12.25,10.74,2
2026-04-01 16:53:09.802310,12.42,9.24,2
2026-04-01 16:53:14.802310,12.46,8.21,2
2026-04-01 16:53:19.802310,15.7,9.62,2
2026-04-01 16:53:24.802310,16.79,9.52,2
2026-04-01 16:53:29.802310,22.15,10.98,2
2026-04-01 16:53:34.802310,35.59,9.94,2
2026-04-01 16:53:39.802310,44.86,9.88,2
2026-04-01 16:53:44.802310,47.12,8.6,2
2026-04-01 16:53:49.802310,62.07,11.43,2
2026-04-01 16:53:54.802310,19.81,8.53,2
2026-04-01 16:53:59.802310,34.12,10.19,2
2026-04-01 16:54:04.802310,41.0,8.9,2
2026-04-01 16:54:09.802310,52.5,9.04,2
2026-04-01 16:54:14.802310,199.01,5.82,1
2026-04-01 16:54:19.802310,212.61,7.95,1
2026-04-01 16:54:24.802310,218.64,6.14,1
2026-04-01 16:54:29.802310,223.31,7.49,1
2026-04-01 16:54:34.802310,229.53,6.2,1
2026-04-01 16:54:39.802310,238.07,5.44,1
2026-04-01 16:54:44.802310,251.84,5.19,1
2026-04-01 16:54:49.802310,259.33,7.87,1
2026-04-01 16:54:54.802310,270.58,5.6,1
2026-04-01 16:54:59.802310,283.07,6.23,1
2026-04-01 16:55:04.802310,289.27,6.19,1
2026-04-01 16:55:09.802310,296.66,7.64,1
2026-04-01 16:55:14.802310,307.8,7.56,1
2026-04-01 16:55:19.802310,0.0,0.0,0
2026-04-01 16:55:24.802310,229.64,7.17,1
2026-04-01 16:55:29.802310,230.04,7.31,1
2026-04-01 16:55:34.802310,241.44,6.23,1
2026-04-01 16:55:39.802310,247.99,5.65,1
2026-04-01 16:55:44.802310,259.9,5.59,1
2026-04-01 16:55:49.802310,260.08,6.15,1
2026-04-01 16:55:54.802310,267.47,7.35,1
2026-04-01 16:55:59.802310,271.97,6.11,1
2026-04-01 16:56:04.802310,284.58,7.08,1
2026-04-01 16:56:09.802310,289.0,6.49,1
2026-04-01 16:56:14.802310,300.97,6.31,1
2026-04-01 16:56:19.802310,0.0,0.0,0
2026-04-01 16:56:24.802310,43.35,8.57,2
2026-04-01 16:56:29.802310,46.09,8.64,2
2026-04-01 16:56:34.802310,46.96,9.98,2
2026-04-01 16:56:39.802310,60.36,11.03,2
2026-04-01 16:56:44.802310,0.0,0.0,0
2026-04-01 16:56:49.802310,0.0,0.0,0
2026-04-01 16:56:54.802310,242.48,7.83,1
2026-04-01 16:56:59.802310,250.47,7.87,1
2026-04-01 16:57:04.802310,253.15,7.26,1
2026-04-01 16:57:09.802310,263.36,7.6,1
2026-04-01 16:57:14.802310,270.04,5.19,1
2026-04-01 16:57:19.802310,274.96,5.6,1
2026-04-01 16:57:24.802310,278.03,7.95,1
2026-04-01 16:57:29.802310,289.0,7.51,1
2026-04-01 16:57:34.802310,294.55,5.93,1
2026-04-01 16:57:39.802310,301.74,7.97,1
2026-04-01 16:57:44.802310,0.0,0.0,0
2026-04-01 16:57:49.802310,25.07,9.23,2
2026-04-01 16:57:54.802310,31.84,9.61,2
2026-04-01 16:57:59.802310,36.67,9.01,2
2026-04-01 16:58:04.802310,50.65,10.34,2
2026-04-01 16:58:09.802310,107.09,7.64,1
2026-04-01 16:58:14.802310,116.55,6.63,1
2026-04-01 16:58:19.802310,126.8,6.48,1
2026-04-01 16:58:24.802310,138.31,6.69,1
2026-04-01 16:58:29.802310,148.87,6.71,1
2026-04-01 16:58:34.802310,156.21,7.92,1
2026-04-01 16:58:39.802310,162.81,6.48,1
2026-04-01 16:58:44.802310,166.88,6.54,1
2026-04-01 16:58:49.802310,178.65,7.49,1
2026-04-01 16:58:54.802310,192.87,7.95,1
2026-04-01 16:58:59.802310,204.59,7.31,1
2026-04-01 16:59:04.802310,212.5,5.86,1
2026-04-01 16:59:09.802310,213.31,7.6,1
2026-04-01 16:59:14.802310,214.8,5.09,1
2026-04-01 16:59:19.802310,216.18,5.12,1
2026-04-01 16:59:24.802310,227.57,6.13,1
2026-04-01 16:59:29.802310,230.09,5.46,1
2026-04-01 16:59:34.802310,244.82,7.24,1
2026-04-01 16:59:39.802310,249.59,5.41,1
2026-04-01 16:59:44.802310,263.8,7.75,1
2026-04-01 16:59:49.802310,264.34,6.0,1
2026-04-01 16:59:54.802310,266.27,7.42,1
2026-04-01 16:59:59.802310,271.41,6.24,1
2026-04-01 17:00:04.802310,280.66,7.0,1
2026-04-01 17:00:09.802310,295.37,6.21,1
2026-04-01 17:00:14.802310,298.25,5.46,1
2026-04-01 17:00:19.802310,303.53,7.27,1
2026-04-01 17:00:24.802310,34.07,8.74,2
2026-04-01 17:00:29.802310,48.93,11.26,2
2026-04-01 17:00:34.802310,54.7,11.12,2
2026-04-01 17:00:39.802310,0.0,0.0,0
2026-04-01 17:00:44.802310,0.0,0.0,0
2026-04-01 17:00:49.802310,32.48,11.51,2
2026-04-01 17:00:54.802310,34.79,10.44,2
2026-04-01 17:00:59.802310,43.3,8.66,2
2026-04-01 17:01:04.802310,43.54,8.97,2
2026-04-01 17:01:09.802310,44.5,10.7,2
2026-04-01 17:01:14.802310,52.05,10.1,2
2026-04-01 17:01:19.802310,0.0,0.0,0
2026-04-01 17:01:24.802310,0.0,0.0,0
2026-04-01 17:01:29.802310,0.0,0.0,0
2026-04-01 17:01:34.802310,202.16,7.8,1
2026-04-01 17:01:39.802310,217.11,5.57,1
2026-04-01 17:01:44.802310,223.95,5.67,1
2026-04-01 17:01:49.802310,232.16,7.52,1
2026-04-01 17:01:54.802310,245.24,5.18,1
2026-04-01 17:01:59.802310,247.79,5.57,1
2026-04-01 17:02:04.802310,257.18,5.76,1
2026-04-01 17:02:09.802310,264.5,6.25,1
2026-04-01 17:02:14.802310,276.92,6.69,1
2026-04-01 17:02:19.802310,278.47,7.88,1
2026-04-01 17:02:24.802310,285.39,5.75,1
2026-04-01 17:02:29.802310,294.56,7.82,1
2026-04-01 17:02:34.802310,300.69,6.53,1
2026-04-01 17:02:39.802310,285.61,6.14,1
2026-04-01 17:02:44.802310,287.78,7.18,1
2026-04-01 17:02:49.802310,289.1,7.66,1
2026-04-01 17:02:54.802310,296.87,6.89,1
2026-04-01 17:02:59.802310,299.28,6.04,1
2026-04-01 17:03:04.802310,302.43,5.71,1
2026-04-01 17:03:09.802310,38.11,11.69,2
2026-04-01 17:03:14.802310,49.53,9.49,2
2026-04-01 17:03:19.802310,61.73,9.21,2
2026-04-01 17:03:24.802310,1.1,9.44,2
2026-04-01 17:03:29.802310,10.66,8.95,2
2026-04-01 17:03:34.802310,23.61,8.56,2
2026-04-01 17:03:39.802310,30.67,9.59,2
2026-04-01 17:03:44.802310,39.14,9.37,2
2026-04-01 17:03:49.802310,47.08,8.42,2
2026-04-01 17:03:54.802310,58.24,8.01,2
2026-04-01 17:03:59.802310,278.69,7.02,1
2026-04-01 17:04:04.802310,282.38,7.26,1
2026-04-01 17:04:09.802310,286.81,5.52,1
2026-04-01 17:04:14.802310,294.12,5.71,1
2026-04-01 17:04:19.802310,303.0,6.46,1
2026-04-01 17:04:24.802310,0.0,0.0,0
2026-04-01 17:04:29.802310,154.33,6.71,1
2026-04-01 17:04:34.802310,165.01,5.43,1
2026-04-01 17:04:39.802310,167.38,6.77,1
2026-04-01 17:04:44.802310,177.65,6.91,1
2026-04-01 17:04:49.802310,192.55,7.02,1
2026-04-01 17:04:54.802310,200.17,5.11,1
2026-04-01 17:04:59.802310,207.45,5.33,1
2026-04-01 17:05:04.802310,217.8,6.03,1
2026-04-01 17:05:09.802310,226.81,5.54,1
2026-04-01 17:05:14.802310,227.4,7.87,1
2026-04-01 17:05:19.802310,228.65,5.96,1
2026-04-01 17:05:24.802310,229.32,5.79,1
2026-04-01 17:05:29.802310,231.89,5.72,1
2026-04-01 17:05:34.802310,240.93,7.09,1
2026-04-01 17:05:39.802310,253.52,6.02,1
2026-04-01 17:05:44.802310,267.33,5.35,1
2026-04-01 17:05:49.802310,276.04,6.64,1
2026-04-01 17:05:54.802310,276.76,7.72,1
2026-04-01 17:05:59.802310,283.88,5.35,1
2026-04-01 17:06:04.802310,287.17,5.03,1
2026-04-01 17:06:09.802310,301.6,7.58,1
2026-04-01 17:06:14.802310,0.0,0.0,0
2026-04-01 17:06:19.802310,121.74,6.54,1
2026-04-01 17:06:24.802310,123.67,6.17,1
2026-04-01 17:06:29.802310,138.4,6.01,1
2026-04-01 17:06:34.802310,142.08,7.62,1
2026-04-01 17:06:39.802310,154.24,7.48,1
2026-04-01 17:06:44.802310,166.34,6.72,1
2026-04-01 17:06:49.802310,173.07,7.54,1
2026-04-01 17:06:54.802310,181.32,7.3,1
2026-04-01 17:06:59.802310,193.43,6.49,1
2026-04-01 17:07:04.802310,194.4,5.77,1
2026-04-01 17:07:09.802310,201.19,6.94,1
2026-04-01 17:07:14.802310,211.88,7.93,1
2026-04-01 17:07:19.802310,219.05,6.65,1
2026-04-01 17:07:24.802310,234.0,7.81,1
2026-04-01 17:07:29.802310,236.86,5.69,1
2026-04-01 17:07:34.802310,243.3,5.76,1
2026-04-01 17:07:39.802310,255.24,7.55,1
2026-04-01 17:07:44.802310,267.47,7.86,1
2026-04-01 17:07:49.802310,272.66,6.46,1
2026-04-01 17:07:54.802310,275.07,6.66,1
2026-04-01 17:07:59.802310,275.45,5.94,1
2026-04-01 17:08:04.802310,279.31,6.66,1
2026-04-01 17:08:09.802310,287.73,6.99,1
2026-04-01 17:08:14.802310,288.72,6.78,1
2026-04-01 17:08:19.802310,297.39,5.63,1
2026-04-01 17:08:24.802310,308.93,5.28,1
2026-04-01 17:08:29.802310,95.79,7.57,1
2026-04-01 17:08:34.802310,110.38,7.88,1
2026-04-01 17:08:39.802310,119.19,6.03,1
2026-04-01 17:08:44.802310,120.25,7.01,1
2026-04-01 17:08:49.802310,120.52,5.15,1
2026-04-01 17:08:54.802310,134.69,6.52,1
2026-04-01 17:08:59.802310,142.98,5.17,1
2026-04-01 17:09:04.802310,152.98,6.87,1
2026-04-01 17:09:09.802310,154.44,6.28,1
2026-04-01 17:09:14.802310,154.58,5.29,1
2026-04-01 17:09:19.802310,159.11,6.37,1
2026-04-01 17:09:24.802310,162.73,7.08,1
2026-04-01 17:09:29.802310,175.65,5.4,1
2026-04-01 17:09:34.802310,177.35,5.54,1
2026-04-01 17:09:39.802310,179.94,7.31,1
2026-04-01 17:09:44.802310,193.54,5.55,1
2026-04-01 17:09:49.802310,204.83,7.19,1
2026-04-01 17:09:54.802310,214.56,7.72,1
2026-04-01 17:09:59.802310,223.72,6.08,1
2026-04-01 17:10:04.802310,224.38,7.6,1
2026-04-01 17:10:09.802310,237.29,5.12,1
2026-04-01 17:10:14.802310,252.08,7.26,1
2026-04-01 17:10:19.802310,253.27,7.56,1
2026-04-01 17:10:24.802310,254.15,5.41,1
2026-04-01 17:10:29.802310,255.4,5.26,1
2026-04-01 17:10:34.802310,264.31,6.02,1
2026-04-01 17:10:39.802310,266.97,6.36,1
2026-04-01 17:10:44.802310,275.39,5.0,1
2026-04-01 17:10:49.802310,284.46,7.57,1
2026-04-01 17:10:54.802310,293.22,6.13,1
2026-04-01 17:10:59.802310,300.14,7.63,1
2026-04-01 17:11:04.802310,148.81,5.45,1
2026-04-01 17:11:09.802310,157.71,7.82,1
2026-04-01 17:11:14.802310,163.66,5.93,1
2026-04-01 17:11:19.802310,178.19,5.35,1
2026-04-01 17:11:24.802310,190.74,6.15,1
2026-04-01 17:11:29.802310,201.71,6.66,1
2026-04-01 17:11:34.802310,210.74,7.65,1
2026-04-01 17:11:39.802310,225.04,5.68,1
2026-04-01 17:11:44.802310,237.09,6.49,1
2026-04-01 17:11:49.802310,239.7,7.26,1
2026-04-01 17:11:54.802310,247.52,6.53,1
2026-04-01 17:11:59.802310,260.09,5.72,1
2026-04-01 17:12:04.802310,260.72,5.72,1
2026-04-01 17:12:09.802310,274.98,7.62,1
2026-04-01 17:12:14.802310,275.82,5.47,1
2026-04-01 17:12:19.802310,282.28,6.76,1
2026-04-01 17:12:24.802310,285.16,5.86,1
2026-04-01 17:12:29.802310,298.93,5.86,1
2026-04-01 17:12:34.802310,304.09,7.76,1
2026-04-01 17:12:39.802310,26.69,11.27,2
2026-04-01 17:12:44.802310,40.12,8.07,2
2026-04-01 17:12:49.802310,51.77,10.98,2
2026-04-01 17:12:54.802310,39.81,8.04,2
2026-04-01 17:12:59.802310,46.91,9.67,2
2026-04-01 17:13:04.802310,51.85,11.26,2
2026-04-01 17:13:09.802310,0.0,0.0,0
2026-04-01 17:13:14.802310,111.23,6.2,1
2026-04-01 17:13:19.802310,115.55,7.83,1
2026-04-01 17:13:24.802310,116.44,5.39,1
2026-04-01 17:13:29.802310,117.3,6.12,1
2026-04-01 17:13:34.802310,120.91,6.81,1
2026-04-01 17:13:39.802310,134.56,5.28,1
2026-04-01 17:13:44.802310,140.13,6.3,1
2026-04-01 17:13:49.802310,152.61,6.29,1
2026-04-01 17:13:54.802310,161.1,6.76,1
2026-04-01 17:13:59.802310,172.3,5.05,1
2026-04-01 17:14:04.802310,185.7,6.87,1
2026-04-01 17:14:09.802310,187.03,5.6,1
2026-04-01 17:14:14.802310,199.7,5.89,1
2026-04-01 17:14:19.802310,214.14,5.04,1
2026-04-01 17:14:24.802310,219.53,7.29,1
2026-04-01 17:14:29.802310,230.22,5.42,1
2026-04-01 17:14:34.802310,235.22,7.98,1
2026-04-01 17:14:39.802310,241.28,5.4,1
2026-04-01 17:14:44.802310,250.63,5.17,1
2026-04-01 17:14:49.802310,265.6,6.3,1
2026-04-01 17:14:54.802310,273.19,6.54,1
2026-04-01 17:14:59.802310,274.77,6.98,1
2026-04-01 17:15:04.802310,284.43,6.14,1
2026-04-01 17:15:09.802310,290.81,6.9,1
2026-04-01 17:15:14.802310,292.39,7.15,1
2026-04-01 17:15:19.802310,306.21,6.22,1
2026-04-01 17:15:24.802310,278.12,6.83,1
2026-04-01 17:15:29.802310,289.44,7.94,1
2026-04-01 17:15:34.802310,300.2,7.04,1
2026-04-01 17:15:39.802310,10.99,8.42,2
2026-04-01 17:15:44.802310,12.98,10.9,2
2026-04-01 17:15:49.802310,27.5,10.07,2
2026-04-01 17:15:54.802310,36.09,8.72,2
2026-04-01 17:15:59.802310,46.66,11.14,2
2026-04-01 17:16:04.802310,46.99,9.04,2
2026-04-01 17:16:09.802310,60.23,10.1,2
2026-04-01 17:16:14.802310,141.42,7.76,1
2026-04-01 17:16:19.802310,147.38,7.83,1
2026-04-01 17:16:24.802310,151.52,7.04,1
2026-04-01 17:16:29.802310,159.87,7.78,1
2026-04-01 17:16:34.802310,162.59,6.9,1
2026-04-01 17:16:39.802310,171.76,7.23,1
2026-04-01 17:16:44.802310,179.5,7.29,1
2026-04-01 17:16:49.802310,184.83,7.08,1
2026-04-01 17:16:54.802310,195.84,5.62,1
2026-04-01 17:16:59.802310,205.79,7.3,1
2026-04-01 17:17:04.802310,215.29,5.22,1
2026-04-01 17:17:09.802310,227.96,7.85,1
2026-04-01 17:17:14.802310,235.95,5.77,1
2026-04-01 17:17:19.802310,244.01,7.08,1
2026-04-01 17:17:24.802310,251.45,6.57,1
2026-04-01 17:17:29.802310,257.93,5.87,1
2026-04-01 17:17:34.802310,263.35,7.03,1
2026-04-01 17:17:39.802310,275.05,7.4,1
2026-04-01 17:17:44.802310,278.47,7.55,1
2026-04-01 17:17:49.802310,290.77,7.01,1
2026-04-01 17:17:54.802310,301.26,7.23,1
2026-04-01 17:17:59.802310,211.49,5.59,1
2026-04-01 17:18:04.802310,221.93,5.92,1
2026-04-01 17:18:09.802310,236.41,5.65,1
2026-04-01 17:18:14.802310,239.15,7.21,1
2026-04-01 17:18:19.802310,239.84,7.3,1
2026-04-01 17:18:24.802310,248.76,6.53,1
2026-04-01 17:18:29.802310,250.86,5.28,1
2026-04-01 17:18:34.802310,254.85,7.71,1
2026-04-01 17:18:39.802310,260.54,5.39,1
2026-04-01 17:18:44.802310,266.73,7.87,1
2026-04-01 17:18:49.802310,274.99,6.34,1
2026-04-01 17:18:54.802310,287.26,7.58,1
2026-04-01 17:18:59.802310,293.79,5.57,1
2026-04-01 17:19:04.802310,302.61,6.74,1
2026-04-01 17:19:09.802310,293.86,6.14,1
2026-04-01 17:19:14.802310,305.77,6.33,1
2026-04-01 17:19:19.802310,0.0,0.0,0
2026-04-01 17:19:24.802310,124.03,6.55,1
2026-04-01 17:19:29.802310,129.02,6.59,1
2026-04-01 17:19:34.802310,138.85,6.78,1
2026-04-01 17:19:39.802310,153.46,5.57,1
2026-04-01 17:19:44.802310,165.41,6.04,1
2026-04-01 17:19:49.802310,176.09,5.61,1
2026-04-01 17:19:54.802310,179.72,7.99,1
2026-04-01 17:19:59.802310,189.95,7.91,1
2026-04-01 17:20:04.802310,201.31,5.3,1
2026-04-01 17:20:09.802310,208.91,6.1,1
2026-04-01 17:20:14.802310,219.66,7.74,1
2026-04-01 17:20:19.802310,224.49,6.74,1
2026-04-01 17:20:24.802310,233.65,7.47,1
2026-04-01 17:20:29.802310,245.98,5.28,1
2026-04-01 17:20:34.802310,251.23,5.71,1
2026-04-01 17:20:39.802310,260.99,6.63,1
2026-04-01 17:20:44.802310,268.71,5.48,1
2026-04-01 17:20:49.802310,272.1,5.03,1
2026-04-01 17:20:54.802310,284.59,6.61,1
2026-04-01 17:20:59.802310,297.09,6.49,1
2026-04-01 17:21:04.802310,299.29,5.22,1
2026-04-01 17:21:09.802310,302.09,5.79,1
2026-04-01 17:21:14.802310,0.0,0.0,0
2026-04-01 17:21:19.802310,0.0,0.0,0
2026-04-01 17:21:24.802310,73.67,7.96,1
2026-04-01 17:21:29.802310,88.44,7.92,1
2026-04-01 17:21:34.802310,96.09,6.71,1
2026-04-01 17:21:39.802310,107.23,5.36,1
2026-04-01 17:21:44.802310,113.14,5.55,1
2026-04-01 17:21:49.802310,115.67,5.9,1
2026-04-01 17:21:54.802310,124.58,5.45,1
2026-04-01 17:21:59.802310,137.59,5.49,1
2026-04-01 17:22:04.802310,150.84,5.43,1
2026-04-01 17:22:09.802310,161.82,7.33,1
2026-04-01 17:22:14.802310,176.45,6.61,1
2026-04-01 17:22:19.802310,185.26,7.18,1
2026-04-01 17:22:24.802310,198.49,5.54,1
2026-04-01 17:22:29.802310,203.74,7.41,1
2026-04-01 17:22:34.802310,210.46,5.96,1
2026-04-01 17:22:39.802310,217.44,7.99,1
2026-04-01 17:22:44.802310,224.18,5.97,1
2026-04-01 17:22:49.802310,225.51,6.84,1
2026-04-01 17:22:54.802310,227.82,7.92,1
2026-04-01 17:22:59.802310,234.57,6.31,1
2026-04-01 17:23:04.802310,235.61,5.1,1
2026-04-01 17:23:09.802310,240.3,6.69,1
2026-04-01 17:23:14.802310,247.4,7.52,1
2026-04-01 17:23:19.802310,251.88,6.28,1
2026-04-01 17:23:24.802310,265.93,5.17,1
2026-04-01 17:23:29.802310,273.14,7.87,1
2026-04-01 17:23:34.802310,286.23,7.85,1
2026-04-01 17:23:39.802310,288.71,5.38,1
2026-04-01 17:23:44.802310,298.31,7.82,1
2026-04-01 17:23:49.802310,303.52,6.31,1
2026-04-01 17:23:54.802310,10.43,11.2,2
2026-04-01 17:23:59.802310,24.66,9.3,2
2026-04-01 17:24:04.802310,29.55,9.36,2
2026-04-01 17:24:09.802310,32.65,8.02,2
2026-04-01 17:24:14.802310,39.83,10.8,2
2026-04-01 17:24:19.802310,41.57,9.56,2
2026-04-01 17:24:24.802310,48.0,10.2,2
2026-04-01 17:24:29.802310,62.05,11.5,2
2026-04-01 17:24:34.802310,0.0,0.0,0
2026-04-01 17:24:39.802310,0.0,0.0,0
2026-04-01 17:24:44.802310,72.34,7.06,1
2026-04-01 17:24:49.802310,74.06,5.06,1
2026-04-01 17:24:54.802310,86.86,5.44,1
2026-04-01 17:24:59.802310,87.31,6.52,1
2026-04-01 17:25:04.802310,94.69,6.83,1
2026-04-01 17:25:09.802310,102.32,6.23,1
2026-04-01 17:25:14.802310,108.91,7.02,1
2026-04-01 17:25:19.802310,120.9,6.87,1
2026-04-01 17:25:24.802310,128.06,7.45,1
2026-04-01 17:25:29.802310,133.25,5.19,1
2026-04-01 17:25:34.802310,134.84,7.7,1
2026-04-01 17:25:39.802310,139.74,6.58,1
2026-04-01 17:25:44.802310,145.0,5.36,1
2026-04-01 17:25:49.802310,147.57,5.08,1
2026-04-01 17:25:54.802310,149.26,7.26,1
2026-04-01 17:25:59.802310,151.25,7.84,1
2026-04-01 17:26:04.802310,165.86,7.64,1
2026-04-01 17:26:09.802310,167.99,7.25,1
2026-04-01 17:26:14.802310,172.31,6.31,1
2026-04-01 17:26:19.802310,187.27,7.32,1
2026-04-01 17:26:24.802310,187.87,7.22,1
2026-04-01 17:26:29.802310,197.77,7.91,1
2026-04-01 17:26:34.802310,209.02,6.98,1
2026-04-01 17:26:39.802310,214.35,5.74,1
2026-04-01 17:26:44.802310,221.25,5.11,1
2026-04-01 17:26:49.802310,232.89,6.5,1
2026-04-01 17:26:54.802310,243.05,6.67,1
2026-04-01 17:26:59.802310,253.04,6.7,1
2026-04-01 17:27:04.802310,253.28,5.05,1
2026-04-01 17:27:09.802310,266.63,6.82,1
2026-04-01 17:27:14.802310,266.85,6.35,1
2026-04-01 17:27:19.802310,276.54,7.74,1
2026-04-01 17:27:24.802310,290.07,6.92,1
2026-04-01 17:27:29.802310,297.16,5.49,1
2026-04-01 17:27:34.802310,304.99,5.84,1
2026-04-01 17:27:39.802310,13.14,8.13,2
2026-04-01 17:27:44.802310,23.03,8.32,2
2026-04-01 17:27:49.802310,26.4,9.36,2
2026-04-01 17:27:54.802310,31.62,9.72,2
2026-04-01 17:27:59.802310,36.13,8.55,2
2026-04-01 17:28:04.802310,40.95,10.74,2
2026-04-01 17:28:09.802310,44.24,11.08,2
2026-04-01 17:28:14.802310,49.81,9.86,2
2026-04-01 17:28:19.802310,52.91,9.44,2
2026-04-01 17:28:24.802310,0.0,0.0,0
2026-04-01 17:28:29.802310,3.87,10.18,2
2026-04-01 17:28:34.802310,10.75,9.5,2
2026-04-01 17:28:39.802310,21.9,9.65,2
2026-04-01 17:28:44.802310,36.44,9.83,2
2026-04-01 17:28:49.802310,40.32,10.35,2
2026-04-01 17:28:54.802310,48.41,10.6,2
2026-04-01 17:28:59.802310,52.79,10.71,2
2026-04-01 17:29:04.802310,9.2,11.23,2
2026-04-01 17:29:09.802310,12.9,8.39,2
2026-04-01 17:29:14.802310,21.52,8.67,2
2026-04-01 17:29:19.802310,35.14,10.59,2
2026-04-01 17:29:24.802310,47.45,10.61,2
2026-04-01 17:29:29.802310,47.79,10.73,2
2026-04-01 17:29:34.802310,55.53,11.38,2
2026-04-01 17:29:39.802310,33.86,11.67,2
2026-04-01 17:29:44.802310,36.81,9.36,2
2026-04-01 17:29:49.802310,51.16,8.49,2
2026-04-01 17:29:54.802310,185.55,6.37,1
2026-04-01 17:29:59.802310,186.18,5.22,1
2026-04-01 17:30:04.802310,195.93,5.72,1
2026-04-01 17:30:09.802310,204.72,7.99,1
2026-04-01 17:30:14.802310,207.59,7.16,1
2026-04-01 17:30:19.802310,215.15,6.08,1
2026-04-01 17:30:24.802310,218.04,6.27,1
2026-04-01 17:30:29.802310,231.29,5.61,1
2026-04-01 17:30:34.802310,238.02,7.15,1
2026-04-01 17:30:39.802310,246.63,7.27,1
2026-04-01 17:30:44.802310,251.05,7.46,1
2026-04-01 17:30:49.802310,259.27,5.47,1
2026-04-01 17:30:54.802310,272.33,6.04,1
2026-04-01 17:30:59.802310,277.72,6.3,1
2026-04-01 17:31:04.802310,283.24,6.82,1
2026-04-01 17:31:09.802310,287.26,7.8,1
2026-04-01 17:31:14.802310,289.54,6.76,1
2026-04-01 17:31:19.802310,303.51,5.43,1
2026-04-01 17:31:24.802310,13.74,11.26,2
2026-04-01 17:31:29.802310,14.73,8.18,2
2026-04-01 17:31:34.802310,23.46,11.27,2
2026-04-01 17:31:39.802310,33.99,8.14,2
2026-04-01 17:31:44.802310,37.81,9.97,2
2026-04-01 17:31:49.802310,38.98,8.8,2
2026-04-01 17:31:54.802310,39.28,10.75,2
2026-04-01 17:31:59.802310,40.22,11.05,2
2026-04-01 17:32:04.802310,49.55,11.41,2
2026-04-01 17:32:09.802310,63.36,9.86,2
2026-04-01 17:32:14.802310,0.0,0.0,0
2026-04-01 17:32:19.802310,25.72,8.01,2
2026-04-01 17:32:24.802310,39.15,11.65,2
2026-04-01 17:32:29.802310,46.26,8.21,2
2026-04-01 17:32:34.802310,57.18,10.15,2
2026-04-01 17:32:39.802310,297.74,5.99,1
2026-04-01 17:32:44.802310,308.62,6.74,1
2026-04-01 17:32:49.802310,79.71,5.82,1
2026-04-01 17:32:54.802310,88.63,7.46,1
2026-04-01 17:32:59.802310,94.29,7.78,1
2026-04-01 17:33:04.802310,101.15,7.45,1
2026-04-01 17:33:09.802310,109.17,7.5,1
2026-04-01 17:33:14.802310,121.17,5.91,1
2026-04-01 17:33:19.802310,130.23,5.9,1
2026-04-01 17:33:24.802310,144.4,7.95,1
2026-04-01 17:33:29.802310,150.22,5.03,1
2026-04-01 17:33:34.802310,163.16,6.84,1
2026-04-01 17:33:39.802310,171.16,5.41,1
2026-04-01 17:33:44.802310,173.92,7.14,1
2026-04-01 17:33:49.802310,175.21,7.0,1
2026-04-01 17:33:54.802310,181.27,7.16,1
2026-04-01 17:33:59.802310,185.8,6.93,1
2026-04-01 17:34:04.802310,188.21,6.48,1
2026-04-01 17:34:09.802310,195.97,5.6,1
2026-04-01 17:34:14.802310,197.6,5.05,1
2026-04-01 17:34:19.802310,205.01,6.36,1
2026-04-01 17:34:24.802310,217.79,6.03,1
2026-04-01 17:34:29.802310,226.88,6.75,1
2026-04-01 17:34:34.802310,237.97,5.44,1
2026-04-01 17:34:39.802310,239.02,6.1,1
2026-04-01 17:34:44.802310,251.97,6.11,1
2026-04-01 17:34:49.802310,256.79,7.34,1
2026-04-01 17:34:54.802310,271.3,6.29,1
2026-04-01 17:34:59.802310,272.43,6.12,1
2026-04-01 17:35:04.802310,286.73,6.47,1
2026-04-01 17:35:09.802310,299.34,5.45,1
2026-04-01 17:35:14.802310,299.57,7.36,1
2026-04-01 17:35:19.802310,313.36,6.52,1
2026-04-01 17:35:24.802310,0.0,0.0,0
2026-04-01 17:35:29.802310,40.35,10.07,2
2026-04-01 17:35:34.802310,49.62,9.11,2
2026-04-01 17:35:39.802310,60.94,9.89,2
2026-04-01 17:35:44.802310,158.19,6.77,1
2026-04-01 17:35:49.802310,169.37,7.04,1
2026-04-01 17:35:54.802310,173.43,6.27,1
2026-04-01 17:35:59.802310,181.83,7.05,1
2026-04-01 17:36:04.802310,184.0,7.48,1
2026-04-01 17:36:09.802310,190.95,6.02,1
2026-04-01 17:36:14.802310,193.39,6.33,1
2026-04-01 17:36:19.802310,195.21,7.51,1
2026-04-01 17:36:24.802310,208.36,5.87,1
2026-04-01 17:36:29.802310,223.08,5.78,1
2026-04-01 17:36:34.802310,233.35,6.47,1
2026-04-01 17:36:39.802310,236.15,7.26,1
2026-04-01 17:36:44.802310,247.63,5.9,1
2026-04-01 17:36:49.802310,247.69,5.2,1
2026-04-01 17:36:54.802310,255.01,5.64,1
2026-04-01 17:36:59.802310,261.72,6.19,1
2026-04-01 17:37:04.802310,273.79,7.15,1
2026-04-01 17:37:09.802310,274.86,6.38,1
2026-04-01 17:37:14.802310,284.24,5.43,1
2026-04-01 17:37:19.802310,289.74,7.98,1
2026-04-01 17:37:24.802310,298.07,6.81,1
2026-04-01 17:37:29.802310,299.75,5.89,1
2026-04-01 17:37:34.802310,311.33,7.34,1
2026-04-01 17:37:39.802310,0.0,0.0,0
2026-04-01 17:37:44.802310,197.66,7.92,1
2026-04-01 17:37:49.802310,207.52,7.4,1
2026-04-01 17:37:54.802310,208.82,5.31,1
2026-04-01 17:37:59.802310,215.06,7.95,1
2026-04-01 17:38:04.802310,226.92,7.91,1
2026-04-01 17:38:09.802310,239.7,5.76,1
2026-04-01 17:38:14.802310,242.24,6.31,1
2026-04-01 17:38:19.802310,247.0,6.31,1
2026-04-01 17:38:24.802310,247.72,7.7,1
2026-04-01 17:38:29.802310,261.43,7.18,1
2026-04-01 17:38:34.802310,272.83,7.62,1
2026-04-01 17:38:39.802310,279.56,6.57,1
2026-04-01 17:38:44.802310,280.27,6.48,1
2026-04-01 17:38:49.802310,294.42,5.09,1
2026-04-01 17:38:54.802310,296.08,7.02,1
2026-04-01 17:38:59.802310,296.46,5.54,1
2026-04-01 17:39:04.802310,303.47,6.16,1
2026-04-01 17:39:09.802310,12.18,8.66,2
2026-04-01 17:39:14.802310,25.51,10.5,2
2026-04-01 17:39:19.802310,34.4,9.27,2
2026-04-01 17:39:24.802310,46.28,11.53,2
2026-04-01 17:39:29.802310,50.47,9.46,2
2026-04-01 17:39:34.802310,0.0,0.0,0
2026-04-01 17:39:39.802310,32.58,9.11,2
2026-04-01 17:39:44.802310,33.05,9.19,2
2026-04-01 17:39:49.802310,33.81,11.31,2
2026-04-01 17:39:54.802310,48.51,9.93,2
2026-04-01 17:39:59.802310,62.03,10.32,2
2026-04-01 17:40:04.802310,33.19,10.26,2
2026-04-01 17:40:09.802310,45.47,8.63,2
2026-04-01 17:40:14.802310,52.71,9.63,2
2026-04-01 17:40:19.802310,0.0,0.0,0
2026-04-01 17:40:24.802310,199.07,5.3,1
2026-04-01 17:40:29.802310,209.09,7.03,1
2026-04-01 17:40:34.802310,212.1,7.63,1
2026-04-01 17:40:39.802310,224.07,7.63,1
2026-04-01 17:40:44.802310,238.11,5.44,1
2026-04-01 17:40:49.802310,248.32,6.61,1
2026-04-01 17:40:54.802310,257.23,6.26,1
2026-04-01 17:40:59.802310,260.89,7.21,1
2026-04-01 17:41:04.802310,265.76,5.89,1
2026-04-01 17:41:09.802310,265.97,5.38,1
2026-04-01 17:41:14.802310,279.87,7.71,1
2026-04-01 17:41:19.802310,292.2,6.46,1
2026-04-01 17:41:24.802310,300.51,5.56,1
2026-04-01 17:41:29.802310,0.0,0.0,0
2026-04-01 17:41:34.802310,0.1,9.33,2
2026-04-01 17:41:39.802310,13.59,10.68,2
2026-04-01 17:41:44.802310,24.38,10.95,2
2026-04-01 17:41:49.802310,28.74,11.56,2
2026-04-01 17:41:54.802310,32.77,11.75,2
2026-04-01 17:41:59.802310,33.56,8.13,2
2026-04-01 17:42:04.802310,40.22,8.73,2
2026-04-01 17:42:09.802310,43.88,9.33,2
2026-04-01 17:42:14.802310,57.87,9.12,2
2026-04-01 17:42:19.802310,0.0,0.0,0
2026-04-01 17:42:24.802310,13.51,10.91,2
2026-04-01 17:42:29.802310,22.16,11.01,2
2026-04-01 17:42:34.802310,31.46,9.75,2
2026-04-01 17:42:39.802310,43.87,10.81,2
2026-04-01 17:42:44.802310,57.84,9.5,2
2026-04-01 17:42:49.802310,0.0,0.0,0
2026-04-01 17:42:54.802310,236.29,6.16,1
2026-04-01 17:42:59.802310,242.16,6.0,1
2026-04-01 17:43:04.802310,252.55,5.76,1
2026-04-01 17:43:09.802310,262.74,6.76,1
2026-04-01 17:43:14.802310,272.26,5.26,1
2026-04-01 17:43:19.802310,273.26,5.35,1
2026-04-01 17:43:24.802310,273.62,7.7,1
2026-04-01 17:43:29.802310,277.36,6.82,1
2026-04-01 17:43:34.802310,279.4,7.51,1
2026-04-01 17:43:39.802310,282.23,7.55,1
2026-04-01 17:43:44.802310,295.96,6.11,1
2026-04-01 17:43:49.802310,298.84,6.38,1
2026-04-01 17:43:54.802310,300.67,6.18,1
2026-04-01 17:43:59.802310,0.0,0.0,0
2026-04-01 17:44:04.802310,40.49,9.5,2
2026-04-01 17:44:09.802310,46.34,10.2,2
2026-04-01 17:44:14.802310,58.35,8.08,2
2026-04-01 17:44:19.802310,193.49,5.86,1
2026-04-01 17:44:24.802310,207.2,6.53,1
2026-04-01 17:44:29.802310,212.8,7.52,1
2026-04-01 17:44:34.802310,222.42,7.96,1
2026-04-01 17:44:39.802310,230.93,7.96,1
2026-04-01 17:44:44.802310,240.94,5.1,1
2026-04-01 17:44:49.802310,249.86,5.15,1
2026-04-01 17:44:54.802310,252.12,7.55,1
2026-04-01 17:44:59.802310,265.66,5.72,1
2026-04-01 17:45:04.802310,278.63,6.24,1
2026-04-01 17:45:09.802310,288.92,6.28,1
2026-04-01 17:45:14.802310,301.77,5.33,1
2026-04-01 17:45:19.802310,276.79,7.03,1
2026-04-01 17:45:24.802310,282.09,7.37,1
2026-04-01 17:45:29.802310,292.44,5.49,1
2026-04-01 17:45:34.802310,301.87,7.15,1
2026-04-01 17:45:39.802310,180.34,6.98,1
2026-04-01 17:45:44.802310,193.18,7.31,1
2026-04-01 17:45:49.802310,205.47,5.1,1
2026-04-01 17:45:54.802310,219.16,5.59,1
2026-04-01 17:45:59.802310,220.95,6.96,1
2026-04-01 17:46:04.802310,225.96,6.75,1
2026-04-01 17:46:09.802310,238.22,6.88,1
2026-04-01 17:46:14.802310,248.86,5.85,1
2026-04-01 17:46:19.802310,257.63,7.19,1
2026-04-01 17:46:24.802310,267.04,6.89,1
2026-04-01 17:46:29.802310,273.01,5.95,1
2026-04-01 17:46:34.802310,281.96,5.37,1
2026-04-01 17:46:39.802310,292.93,6.41,1
2026-04-01 17:46:44.802310,298.37,7.85,1
2026-04-01 17:46:49.802310,309.71,7.96,1
2026-04-01 17:46:54.802310,0.0,0.0,0
2026-04-01 17:46:59.802310,272.79,7.47,1
2026-04-01 17:47:04.802310,273.6,7.18,1
2026-04-01 17:47:09.802310,273.75,7.44,1
2026-04-01 17:47:14.802310,285.1,7.96,1
2026-04-01 17:47:19.802310,290.09,7.73,1
2026-04-01 17:47:24.802310,301.97,6.35,1
2026-04-01 17:47:29.802310,0.0,0.0,0
2026-04-01 17:47:34.802310,209.9,5.34,1
2026-04-01 17:47:39.802310,223.58,5.58,1
2026-04-01 17:47:44.802310,237.64,5.19,1
2026-04-01 17:47:49.802310,243.2,6.83,1
2026-04-01 17:47:54.802310,243.71,5.23,1
2026-04-01 17:47:59.802310,258.35,5.7,1
2026-04-01 17:48:04.802310,271.85,5.34,1
2026-04-01 17:48:09.802310,277.65,7.45,1
2026-04-01 17:48:14.802310,281.82,5.1,1
2026-04-01 17:48:19.802310,282.68,7.11,1
2026-04-01 17:48:24.802310,284.65,5.64,1
2026-04-01 17:48:29.802310,295.22,7.64,1
2026-04-01 17:48:34.802310,298.62,6.34,1
2026-04-01 17:48:39.802310,308.69,5.99,1
2026-04-01 17:48:44.802310,61.06,6.17,1
2026-04-01 17:48:49.802310,75.01,5.31,1
2026-04-01 17:48:54.802310,81.75,6.41,1
2026-04-01 17:48:59.802310,82.72,6.5,1
2026-04-01 17:49:04.802310,83.65,6.95,1
2026-04-01 17:49:09.802310,93.48,7.89,1
2026-04-01 17:49:14.802310,100.53,5.64,1
2026-04-01 17:49:19.802310,112.82,5.35,1
2026-04-01 17:49:24.802310,113.46,5.4,1
2026-04-01 17:49:29.802310,120.74,7.4,1
2026-04-01 17:49:34.802310,132.14,5.22,1
2026-04-01 17:49:39.802310,143.49,7.7,1
2026-04-01 17:49:44.802310,147.7,6.92,1
2026-04-01 17:49:49.802310,160.84,6.95,1
2026-04-01 17:49:54.802310,170.86,7.56,1
2026-04-01 17:49:59.802310,171.57,6.54,1
2026-04-01 17:50:04.802310,181.42,5.66,1
2026-04-01 17:50:09.802310,191.19,7.66,1
2026-04-01 17:50:14.802310,193.35,5.98,1
2026-04-01 17:50:19.802310,194.86,5.48,1
2026-04-01 17:50:24.802310,201.82,5.6,1
2026-04-01 17:50:29.802310,214.86,5.92,1
2026-04-01 17:50:34.802310,219.14,7.6,1
2026-04-01 17:50:39.802310,228.59,7.66,1
2026-04-01 17:50:44.802310,231.73,5.51,1
2026-04-01 17:50:49.802310,233.25,6.42,1
2026-04-01 17:50:54.802310,240.6,5.31,1
2026-04-01 17:50:59.802310,250.68,6.79,1
2026-04-01 17:51:04.802310,255.67,7.67,1
2026-04-01 17:51:09.802310,259.72,5.02,1
2026-04-01 17:51:14.802310,266.49,5.07,1
2026-04-01 17:51:19.802310,280.14,6.72,1
2026-04-01 17:51:24.802310,291.96,7.72,1
2026-04-01 17:51:29.802310,296.21,5.02,1
2026-04-01 17:51:34.802310,307.75,6.25,1
2026-04-01 17:51:39.802310,126.72,5.85,1
2026-04-01 17:51:44.802310,132.78,6.34,1
2026-04-01 17:51:49.802310,140.79,6.64,1
2026-04-01 17:51:54.802310,141.27,5.69,1
2026-04-01 17:51:59.802310,149.26,7.82,1
2026-04-01 17:52:04.802310,159.86,6.22,1
2026-04-01 17:52:09.802310,172.43,7.76,1
2026-04-01 17:52:14.802310,185.79,7.05,1
2026-04-01 17:52:19.802310,186.29,7.43,1
2026-04-01 17:52:24.802310,199.84,8.0,1
2026-04-01 17:52:29.802310,202.48,5.22,1
2026-04-01 17:52:34.802310,216.03,5.33,1
2026-04-01 17:52:39.802310,227.6,5.6,1
2026-04-01 17:52:44.802310,237.59,5.57,1
2026-04-01 17:52:49.802310,249.44,5.48,1
2026-04-01 17:52:54.802310,253.37,5.07,1
2026-04-01 17:52:59.802310,253.54,6.29,1
2026-04-01 17:53:04.802310,256.55,7.65,1
2026-04-01 17:53:09.802310,256.82,5.12,1
2026-04-01 17:53:14.802310,260.81,6.52,1
2026-04-01 17:53:19.802310,274.59,5.0,1
2026-04-01 17:53:24.802310,274.99,5.77,1
2026-04-01 17:53:29.802310,277.0,5.78,1
2026-04-01 17:53:34.802310,282.19,6.1,1
2026-04-01 17:53:39.802310,282.92,5.32,1
2026-04-01 17:53:44.802310,292.2,6.14,1
2026-04-01 17:53:49.802310,305.31,6.23,1
2026-04-01 17:53:54.802310,0.0,0.0,0
2026-04-01 17:53:59.802310,214.28,5.61,1
2026-04-01 17:54:04.802310,223.83,5.31,1
2026-04-01 17:54:09.802310,227.27,6.46,1
2026-04-01 17:54:14.802310,237.07,6.58,1
2026-04-01 17:54:19.802310,237.13,6.62,1
2026-04-01 17:54:24.802310,248.82,5.3,1
2026-04-01 17:54:29.802310,263.66,7.16,1
2026-04-01 17:54:34.802310,268.14,6.98,1
2026-04-01 17:54:39.802310,278.02,7.79,1
2026-04-01 17:54:44.802310,282.04,5.04,1
2026-04-01 17:54:49.802310,289.35,5.88,1
2026-04-01 17:54:54.802310,299.79,5.16,1
2026-04-01 17:54:59.802310,306.35,7.26,1
2026-04-01 17:55:04.802310,0.0,0.0,0
2026-04-01 17:55:09.802310,0.0,0.0,0
2026-04-01 17:55:14.802310,28.11,10.56,2
2026-04-01 17:55:19.802310,42.81,8.5,2
2026-04-01 17:55:24.802310,47.98,11.01,2
2026-04-01 17:55:29.802310,48.98,9.22,2
2026-04-01 17:55:34.802310,55.69,9.79,2
2026-04-01 17:55:39.802310,0.0,0.0,0
2026-04-01 17:55:44.802310,282.57,7.78,1
2026-04-01 17:55:49.802310,294.17,6.72,1
2026-04-01 17:55:54.802310,302.24,6.38,1
2026-04-01 17:55:59.802310,63.15,7.71,1
2026-04-01 17:56:04.802310,66.98,6.44,1
2026-04-01 17:56:09.802310,79.1,6.87,1
2026-04-01 17:56:14.802310,83.23,6.4,1
2026-04-01 17:56:19.802310,95.96,6.9,1
2026-04-01 17:56:24.802310,110.76,5.32,1
2026-04-01 17:56:29.802310,116.59,6.96,1
2026-04-01 17:56:34.802310,127.1,5.58,1
2026-04-01 17:56:39.802310,141.3,5.06,1
2026-04-01 17:56:44.802310,150.93,5.72,1
2026-04-01 17:56:49.802310,151.77,5.17,1
2026-04-01 17:56:54.802310,157.41,7.61,1
2026-04-01 17:56:59.802310,159.72,6.93,1
2026-04-01 17:57:04.802310,170.46,5.22,1
2026-04-01 17:57:09.802310,180.88,5.41,1
2026-04-01 17:57:14.802310,180.97,7.79,1
2026-04-01 17:57:19.802310,192.09,6.88,1
2026-04-01 17:57:24.802310,203.97,5.78,1
2026-04-01 17:57:29.802310,212.81,7.33,1
2026-04-01 17:57:34.802310,220.91,5.59,1
2026-04-01 17:57:39.802310,222.8,7.62,1
2026-04-01 17:57:44.802310,229.07,7.94,1
2026-04-01 17:57:49.802310,230.53,6.33,1
2026-04-01 17:57:54.802310,240.11,5.97,1
2026-04-01 17:57:59.802310,248.4,5.01,1
2026-04-01 17:58:04.802310,252.28,7.84,1
2026-04-01 17:58:09.802310,257.64,7.76,1
2026-04-01 17:58:14.802310,258.29,7.96,1
2026-04-01 17:58:19.802310,259.48,6.79,1
2026-04-01 17:58:24.802310,261.95,5.03,1
2026-04-01 17:58:29.802310,266.45,5.74,1
2026-04-01 17:58:34.802310,280.5,6.79,1
2026-04-01 17:58:39.802310,288.11,7.55,1
2026-04-01 17:58:44.802310,297.27,7.44,1
2026-04-01 17:58:49.802310,300.07,7.53,1
2026-04-01 17:58:54.802310,204.36,7.08,1
2026-04-01 17:58:59.802310,209.94,6.91,1
2026-04-01 17:59:04.802310,212.87,6.55,1
2026-04-01 17:59:09.802310,213.69,5.12,1
2026-04-01 17:59:14.802310,226.94,6.06,1
2026-04-01 17:59:19.802310,229.62,5.27,1
2026-04-01 17:59:24.802310,236.64,6.95,1
2026-04-01 17:59:29.802310,244.33,7.9,1
2026-04-01 17:59:34.802310,258.42,5.73,1
2026-04-01 17:59:39.802310,261.26,6.97,1
2026-04-01 17:59:44.802310,275.02,5.04,1
2026-04-01 17:59:49.802310,285.43,6.58,1
2026-04-01 17:59:54.802310,287.33,5.88,1
2026-04-01 17:59:59.802310,288.91,7.67,1
2026-04-01 18:00:04.802310,298.43,5.56,1
2026-04-01 18:00:09.802310,306.84,5.15,1
2026-04-01 18:00:14.802310,27.79,9.51,2
2026-04-01 18:00:19.802310,34.24,9.89,2
2026-04-01 18:00:24.802310,34.76,10.38,2
2026-04-01 18:00:29.802310,43.64,9.47,2
2026-04-01 18:00:34.802310,51.4,11.5,2
2026-04-01 18:00:39.802310,209.7,7.49,1
2026-04-01 18:00:44.802310,217.19,7.4,1
2026-04-01 18:00:49.802310,223.42,6.97,1
2026-04-01 18:00:54.802310,230.3,6.23,1
2026-04-01 18:00:59.802310,237.56,5.91,1
2026-04-01 18:01:04.802310,249.93,6.7,1
2026-04-01 18:01:09.802310,259.26,5.08,1
2026-04-01 18:01:14.802310,264.53,6.63,1
2026-04-01 18:01:19.802310,274.59,7.01,1
2026-04-01 18:01:24.802310,275.29,7.88,1
2026-04-01 18:01:29.802310,285.9,7.52,1
2026-04-01 18:01:34.802310,295.64,6.77,1
2026-04-01 18:01:39.802310,302.43,6.55,1
2026-04-01 18:01:44.802310,133.52,7.69,1
2026-04-01 18:01:49.802310,143.71,6.23,1
2026-04-01 18:01:54.802310,158.54,7.96,1
2026-04-01 18:01:59.802310,161.15,5.59,1
2026-04-01 18:02:04.802310,164.9,6.78,1
2026-04-01 18:02:09.802310,165.12,7.96,1
2026-04-01 18:02:14.802310,165.62,6.93,1
2026-04-01 18:02:19.802310,175.25,6.6,1
2026-04-01 18:02:24.802310,184.35,7.04,1
2026-04-01 18:02:29.802310,194.97,5.69,1
2026-04-01 18:02:34.802310,202.8,6.61,1
2026-04-01 18:02:39.802310,206.22,7.34,1
2026-04-01 18:02:44.802310,216.67,7.59,1
2026-04-01 18:02:49.802310,219.86,5.69,1
2026-04-01 18:02:54.802310,224.98,5.38,1
2026-04-01 18:02:59.802310,228.03,7.27,1
2026-04-01 18:03:04.802310,241.77,6.28,1
2026-04-01 18:03:09.802310,247.55,5.3,1
2026-04-01 18:03:14.802310,261.89,6.49,1
2026-04-01 18:03:19.802310,268.09,7.74,1
2026-04-01 18:03:24.802310,275.92,7.3,1
2026-04-01 18:03:29.802310,282.78,7.43,1
2026-04-01 18:03:34.802310,291.51,6.37,1
2026-04-01 18:03:39.802310,296.33,6.54,1
2026-04-01 18:03:44.802310,299.96,7.11,1
2026-04-01 18:03:49.802310,305.45,7.4,1
2026-04-01 18:03:54.802310,12.11,9.8,2
2026-04-01 18:03:59.802310,19.58,11.23,2
2026-04-01 18:04:04.802310,26.58,8.91,2
2026-04-01 18:04:09.802310,33.5,9.14,2
2026-04-01 18:04:14.802310,42.59,8.84,2
2026-04-01 18:04:19.802310,45.79,11.34,2
2026-04-01 18:04:24.802310,51.9,10.33,2
2026-04-01 18:04:29.802310,0.0,0.0,0
2026-04-01 18:04:34.802310,287.46,7.76,1
2026-04-01 18:04:39.802310,300.97,6.51,1
2026-04-01 18:04:44.802310,119.78,7.63,1
2026-04-01 18:04:49.802310,130.51,6.19,1
2026-04-01 18:04:54.802310,130.69,6.37,1
2026-04-01 18:04:59.802310,138.5,6.83,1
2026-04-01 18:05:04.802310,152.97,6.52,1
2026-04-01 18:05:09.802310,164.95,5.89,1
2026-04-01 18:05:14.802310,168.19,7.87,1
2026-04-01 18:05:19.802310,179.48,5.41,1
2026-04-01 18:05:24.802310,186.09,5.36,1
2026-04-01 18:05:29.802310,199.02,7.52,1
2026-04-01 18:05:34.802310,201.89,5.76,1
2026-04-01 18:05:39.802310,208.2,6.29,1
2026-04-01 18:05:44.802310,213.23,6.07,1
2026-04-01 18:05:49.802310,216.95,5.65,1
2026-04-01 18:05:54.802310,222.31,5.56,1
2026-04-01 18:05:59.802310,227.94,6.86,1
2026-04-01 18:06:04.802310,236.81,5.05,1
2026-04-01 18:06:09.802310,247.75,7.06,1
2026-04-01 18:06:14.802310,262.34,6.44,1
2026-04-01 18:06:19.802310,270.79,6.75,1
2026-04-01 18:06:24.802310,275.12,6.85,1
2026-04-01 18:06:29.802310,288.98,6.95,1
2026-04-01 18:06:34.802310,290.74,5.18,1
2026-04-01 18:06:39.802310,291.02,7.78,1
2026-04-01 18:06:44.802310,294.77,5.55,1
2026-04-01 18:06:49.802310,296.77,6.14,1
2026-04-01 18:06:54.802310,300.38,7.24,1
2026-04-01 18:06:59.802310,271.03,7.87,1
2026-04-01 18:07:04.802310,272.96,6.6,1
2026-04-01 18:07:09.802310,286.38,5.81,1
2026-04-01 18:07:14.802310,299.61,7.76,1
2026-04-01 18:07:19.802310,304.47,7.41,1
2026-04-01 18:07:24.802310,95.32,7.92,1
2026-04-01 18:07:29.802310,109.28,5.6,1
2026-04-01 18:07:34.802310,121.46,7.4,1
2026-04-01 18:07:39.802310,133.03,5.34,1
2026-04-01 18:07:44.802310,139.34,5.63,1
2026-04-01 18:07:49.802310,149.95,6.14,1
2026-04-01 18:07:54.802310,152.96,6.84,1
2026-04-01 18:07:59.802310,155.06,7.32,1
2026-04-01 18:08:04.802310,156.32,5.03,1
2026-04-01 18:08:09.802310,164.44,7.06,1
2026-04-01 18:08:14.802310,176.6,6.76,1
2026-04-01 18:08:19.802310,181.27,5.53,1
2026-04-01 18:08:24.802310,192.98,7.8,1
2026-04-01 18:08:29.802310,199.55,7.87,1
2026-04-01 18:08:34.802310,211.53,6.9,1
2026-04-01 18:08:39.802310,217.09,5.76,1
2026-04-01 18:08:44.802310,219.72,6.11,1
2026-04-01 18:08:49.802310,230.62,7.72,1
2026-04-01 18:08:54.802310,231.13,5.71,1
2026-04-01 18:08:59.802310,236.02,6.9,1
2026-04-01 18:09:04.802310,246.28,5.89,1
2026-04-01 18:09:09.802310,259.43,6.22,1
2026-04-01 18:09:14.802310,264.35,6.6,1
2026-04-01 18:09:19.802310,265.89,7.96,1
2026-04-01 18:09:24.802310,277.35,7.26,1
2026-04-01 18:09:29.802310,280.85,7.69,1
2026-04-01 18:09:34.802310,290.91,6.88,1
2026-04-01 18:09:39.802310,299.12,5.03,1
2026-04-01 18:09:44.802310,301.08,6.12,1
2026-04-01 18:09:49.802310,274.83,6.8,1
2026-04-01 18:09:54.802310,280.21,6.46,1
2026-04-01 18:09:59.802310,283.65,5.41,1
2026-04-01 18:10:04.802310,291.73,6.83,1
2026-04-01 18:10:09.802310,293.48,5.14,1
2026-04-01 18:10:14.802310,296.64,7.21,1
2026-04-01 18:10:19.802310,306.82,6.38,1
2026-04-01 18:10:24.802310,22.43,10.39,2
2026-04-01 18:10:29.802310,22.99,10.98,2
2026-04-01 18:10:34.802310,28.18,10.05,2
2026-04-01 18:10:39.802310,29.04,9.43,2
2026-04-01 18:10:44.802310,35.71,11.48,2
2026-04-01 18:10:49.802310,44.76,9.68,2
2026-04-01 18:10:54.802310,59.36,10.95,2
2026-04-01 18:10:59.802310,0.0,0.0,0
2026-04-01 18:11:04.802310,46.16,11.25,2
2026-04-01 18:11:09.802310,57.34,9.21,2
2026-04-01 18:11:14.802310,47.68,10.31,2
2026-04-01 18:11:19.802310,53.73,11.43,2
2026-04-01 18:11:24.802310,7.76,10.38,2
2026-04-01 18:11:29.802310,18.92,11.43,2
2026-04-01 18:11:34.802310,20.78,9.57,2
2026-04-01 18:11:39.802310,21.6,10.82,2
2026-04-01 18:11:44.802310,29.22,9.73,2
2026-04-01 18:11:49.802310,42.84,8.52,2
2026-04-01 18:11:54.802310,45.27,9.35,2
2026-04-01 18:11:59.802310,56.73,9.77,2
2026-04-01 18:12:04.802310,122.22,7.15,1
2026-04-01 18:12:09.802310,134.72,5.87,1
2026-04-01 18:12:14.802310,135.32,7.69,1
2026-04-01 18:12:19.802310,138.35,7.81,1
2026-04-01 18:12:24.802310,147.69,5.96,1
2026-04-01 18:12:29.802310,158.76,5.57,1
2026-04-01 18:12:34.802310,168.23,7.39,1
2026-04-01 18:12:39.802310,177.61,5.55,1
2026-04-01 18:12:44.802310,191.77,6.89,1
2026-04-01 18:12:49.802310,202.73,6.21,1
2026-04-01 18:12:54.802310,214.03,7.14,1
2026-04-01 18:12:59.802310,227.98,6.65,1
2026-04-01 18:13:04.802310,233.84,6.8,1
2026-04-01 18:13:09.802310,246.47,7.48,1
2026-04-01 18:13:14.802310,247.96,5.06,1
2026-04-01 18:13:19.802310,249.22,7.36,1
2026-04-01 18:13:24.802310,249.44,6.57,1
2026-04-01 18:13:29.802310,256.52,6.5,1
2026-04-01 18:13:34.802310,258.69,7.86,1
2026-04-01 18:13:39.802310,273.32,5.09,1
2026-04-01 18:13:44.802310,276.08,7.23,1
2026-04-01 18:13:49.802310,289.03,7.5,1
2026-04-01 18:13:54.802310,290.25,5.65,1
2026-04-01 18:13:59.802310,300.11,6.25,1
2026-04-01 18:14:04.802310,242.3,7.32,1
2026-04-01 18:14:09.802310,256.36,7.36,1
2026-04-01 18:14:14.802310,257.49,6.54,1
2026-04-01 18:14:19.802310,270.15,6.57,1
2026-04-01 18:14:24.802310,276.4,7.12,1
2026-04-01 18:14:29.802310,290.1,5.39,1
2026-04-01 18:14:34.802310,294.3,7.33,1
2026-04-01 18:14:39.802310,303.87,6.05,1
2026-04-01 18:14:44.802310,0.0,0.0,0
2026-04-01 18:14:49.802310,134.63,6.99,1
2026-04-01 18:14:54.802310,137.45,5.02,1
2026-04-01 18:14:59.802310,137.55,7.11,1
2026-04-01 18:15:04.802310,149.27,7.09,1
2026-04-01 18:15:09.802310,158.22,5.23,1
2026-04-01 18:15:14.802310,166.15,6.23,1
2026-04-01 18:15:19.802310,176.88,6.97,1
2026-04-01 18:15:24.802310,179.84,5.12,1
2026-04-01 18:15:29.802310,180.0,5.17,1
2026-04-01 18:15:34.802310,193.62,6.15,1
2026-04-01 18:15:39.802310,208.05,7.43,1
2026-04-01 18:15:44.802310,210.47,6.05,1
2026-04-01 18:15:49.802310,218.13,5.69,1
2026-04-01 18:15:54.802310,220.0,5.58,1
2026-04-01 18:15:59.802310,228.11,6.23,1
2026-04-01 18:16:04.802310,238.13,7.57,1
2026-04-01 18:16:09.802310,239.94,6.65,1
2026-04-01 18:16:14.802310,249.97,5.22,1
2026-04-01 18:16:19.802310,263.78,5.08,1
2026-04-01 18:16:24.802310,269.84,5.48,1
2026-04-01 18:16:29.802310,281.34,6.75,1
2026-04-01 18:16:34.802310,289.06,6.54,1
2026-04-01 18:16:39.802310,296.86,6.64,1
2026-04-01 18:16:44.802310,299.97,6.2,1
2026-04-01 18:16:49.802310,311.96,7.57,1
2026-04-01 18:16:54.802310,283.42,7.09,1
2026-04-01 18:16:59.802310,286.61,7.94,1
2026-04-01 18:17:04.802310,293.36,6.43,1
2026-04-01 18:17:09.802310,296.38,7.13,1
2026-04-01 18:17:14.802310,299.48,7.27,1
2026-04-01 18:17:19.802310,299.89,7.5,1
2026-04-01 18:17:24.802310,310.12,5.78,1
2026-04-01 18:17:29.802310,225.87,7.94,1
2026-04-01 18:17:34.802310,232.22,6.99,1
2026-04-01 18:17:39.802310,239.71,5.48,1
2026-04-01 18:17:44.802310,241.64,6.32,1
2026-04-01 18:17:49.802310,246.83,7.15,1
2026-04-01 18:17:54.802310,251.27,5.05,1
2026-04-01 18:17:59.802310,266.03,6.72,1
2026-04-01 18:18:04.802310,277.96,5.24,1
2026-04-01 18:18:09.802310,287.25,7.1,1
2026-04-01 18:18:14.802310,292.77,5.48,1
2026-04-01 18:18:19.802310,302.7,6.05,1
2026-04-01 18:18:24.802310,135.19,5.84,1
2026-04-01 18:18:29.802310,140.89,7.13,1
2026-04-01 18:18:34.802310,142.85,7.4,1
2026-04-01 18:18:39.802310,156.69,6.95,1
2026-04-01 18:18:44.802310,157.46,7.68,1
2026-04-01 18:18:49.802310,164.79,6.32,1
2026-04-01 18:18:54.802310,164.99,7.24,1
2026-04-01 18:18:59.802310,168.42,7.43,1
2026-04-01 18:19:04.802310,176.75,6.96,1
2026-04-01 18:19:09.802310,183.17,6.83,1
2026-04-01 18:19:14.802310,195.73,7.04,1
2026-04-01 18:19:19.802310,198.65,5.12,1
2026-04-01 18:19:24.802310,204.61,6.39,1
2026-04-01 18:19:29.802310,218.86,6.83,1
2026-04-01 18:19:34.802310,232.16,5.8,1
2026-04-01 18:19:39.802310,245.69,5.97,1
2026-04-01 18:19:44.802310,259.31,6.29,1
2026-04-01 18:19:49.802310,259.34,7.34,1
2026-04-01 18:19:54.802310,264.91,5.05,1
2026-04-01 18:19:59.802310,267.65,7.67,1
2026-04-01 18:20:04.802310,276.33,6.3,1
2026-04-01 18:20:09.802310,288.12,5.75,1
2026-04-01 18:20:14.802310,295.45,7.81,1
2026-04-01 18:20:19.802310,307.98,6.49,1
2026-04-01 18:20:24.802310,0.0,0.0,0
2026-04-01 18:20:29.802310,39.31,11.3,2
2026-04-01 18:20:34.802310,50.63,8.39,2
2026-04-01 18:20:39.802310,0.0,0.0,0
2026-04-01 18:20:44.802310,288.46,6.7,1
2026-04-01 18:20:49.802310,302.68,6.71,1
2026-04-01 18:20:54.802310,148.86,5.25,1
2026-04-01 18:20:59.802310,156.29,7.84,1
2026-04-01 18:21:04.802310,166.3,5.36,1
2026-04-01 18:21:09.802310,179.8,6.71,1
2026-04-01 18:21:14.802310,182.95,6.78,1
2026-04-01 18:21:19.802310,194.29,7.44,1
2026-04-01 18:21:24.802310,195.58,5.81,1
2026-04-01 18:21:29.802310,204.99,5.95,1
2026-04-01 18:21:34.802310,212.57,6.7,1
2026-04-01 18:21:39.802310,218.36,5.08,1
2026-04-01 18:21:44.802310,232.3,6.95,1
2026-04-01 18:21:49.802310,238.88,7.38,1
2026-04-01 18:21:54.802310,244.57,5.64,1
2026-04-01 18:21:59.802310,245.56,5.71,1
2026-04-01 18:22:04.802310,247.21,7.46,1
2026-04-01 18:22:09.802310,253.45,6.93,1
2026-04-01 18:22:14.802310,263.97,7.39,1
2026-04-01 18:22:19.802310,271.48,6.76,1
2026-04-01 18:22:24.802310,274.13,5.55,1
2026-04-01 18:22:29.802310,288.46,5.75,1
2026-04-01 18:22:34.802310,297.3,5.52,1
2026-04-01 18:22:39.802310,304.59,5.52,1
2026-04-01 18:22:44.802310,0.0,0.0,0
2026-04-01 18:22:49.802310,178.53,7.56,1
2026-04-01 18:22:54.802310,184.94,7.09,1
2026-04-01 18:22:59.802310,190.61,6.98,1
2026-04-01 18:23:04.802310,205.39,5.48,1
2026-04-01 18:23:09.802310,216.53,6.42,1
2026-04-01 18:23:14.802310,220.05,6.45,1
2026-04-01 18:23:19.802310,221.86,6.22,1
2026-04-01 18:23:24.802310,230.39,6.33,1
2026-04-01 18:23:29.802310,237.77,7.85,1
2026-04-01 18:23:34.802310,250.45,6.32,1
2026-04-01 18:23:39.802310,260.56,6.31,1
2026-04-01 18:23:44.802310,269.89,5.77,1
2026-04-01 18:23:49.802310,272.42,7.59,1
2026-04-01 18:23:54.802310,280.22,7.53,1
2026-04-01 18:23:59.802310,284.58,7.06,1
2026-04-01 18:24:04.802310,294.56,7.53,1
2026-04-01 18:24:09.802310,308.15,6.72,1
2026-04-01 18:24:14.802310,0.0,0.0,0
2026-04-01 18:24:19.802310,0.0,0.0,0
2026-04-01 18:24:24.802310,24.96,8.82,2
2026-04-01 18:24:29.802310,38.67,10.69,2
2026-04-01 18:24:34.802310,47.19,11.89,2
2026-04-01 18:24:39.802310,51.79,9.6,2
2026-04-01 18:24:44.802310,0.0,0.0,0
2026-04-01 18:24:49.802310,23.81,11.48,2
2026-04-01 18:24:54.802310,31.16,10.61,2
2026-04-01 18:24:59.802310,34.5,11.35,2
2026-04-01 18:25:04.802310,49.36,8.37,2
2026-04-01 18:25:09.802310,53.01,11.14,2
2026-04-01 18:25:14.802310,175.66,5.66,1
2026-04-01 18:25:19.802310,189.01,6.91,1
2026-04-01 18:25:24.802310,194.2,5.8,1
2026-04-01 18:25:29.802310,204.66,5.33,1
2026-04-01 18:25:34.802310,209.41,6.75,1
2026-04-01 18:25:39.802310,215.19,6.93,1
2026-04-01 18:25:44.802310,220.73,7.71,1
2026-04-01 18:25:49.802310,221.72,7.63,1
2026-04-01 18:25:54.802310,222.01,6.57,1
2026-04-01 18:25:59.802310,225.07,5.1,1
2026-04-01 18:26:04.802310,226.54,5.89,1
2026-04-01 18:26:09.802310,232.51,7.01,1
2026-04-01 18:26:14.802310,240.87,7.85,1
2026-04-01 18:26:19.802310,248.91,5.9,1
2026-04-01 18:26:24.802310,251.11,7.79,1
2026-04-01 18:26:29.802310,260.0,7.67,1
2026-04-01 18:26:34.802310,261.22,7.45,1
2026-04-01 18:26:39.802310,274.67,5.22,1
2026-04-01 18:26:44.802310,279.26,7.5,1
2026-04-01 18:26:49.802310,286.54,5.02,1
2026-04-01 18:26:54.802310,297.56,5.13,1
2026-04-01 18:26:59.802310,306.4,6.43,1
2026-04-01 18:27:04.802310,48.61,10.08,2
2026-04-01 18:27:09.802310,57.6,9.85,2
2026-04-01 18:27:14.802310,297.03,5.13,1
2026-04-01 18:27:19.802310,306.83,6.03,1
2026-04-01 18:27:24.802310,26.04,10.69,2
2026-04-01 18:27:29.802310,39.17,10.74,2
2026-04-01 18:27:34.802310,42.79,9.12,2
2026-04-01 18:27:39.802310,48.7,8.03,2
2026-04-01 18:27:44.802310,49.65,10.31,2
2026-04-01 18:27:49.802310,64.25,9.84,2
2026-04-01 18:27:54.802310,0.0,0.0,0
2026-04-01 18:27:59.802310,0.0,0.0,0
2026-04-01 18:28:04.802310,169.97,6.6,1
2026-04-01 18:28:09.802310,173.86,6.21,1
2026-04-01 18:28:14.802310,183.95,7.49,1
2026-04-01 18:28:19.802310,196.73,6.24,1
2026-04-01 18:28:24.802310,199.0,5.3,1
2026-04-01 18:28:29.802310,205.55,5.12,1
2026-04-01 18:28:34.802310,208.91,5.09,1
2026-04-01 18:28:39.802310,222.53,5.23,1
2026-04-01 18:28:44.802310,237.09,5.26,1
2026-04-01 18:28:49.802310,245.52,7.7,1
2026-04-01 18:28:54.802310,259.67,7.83,1
2026-04-01 18:28:59.802310,260.26,5.84,1
2026-04-01 18:29:04.802310,266.35,6.22,1
2026-04-01 18:29:09.802310,273.34,5.11,1
2026-04-01 18:29:14.802310,275.32,7.05,1
2026-04-01 18:29:19.802310,283.18,6.11,1
2026-04-01 18:29:24.802310,290.77,5.44,1
2026-04-01 18:29:29.802310,300.58,5.47,1
2026-04-01 18:29:34.802310,5.38,8.58,2
2026-04-01 18:29:39.802310,7.19,9.75,2
2026-04-01 18:29:44.802310,14.63,8.69,2
2026-04-01 18:29:49.802310,21.2,10.01,2
2026-04-01 18:29:54.802310,27.11,10.18,2
2026-04-01 18:29:59.802310,31.43,10.37,2
2026-04-01 18:30:04.802310,37.15,12.0,2
2026-04-01 18:30:09.802310,41.25,11.97,2
2026-04-01 18:30:14.802310,47.2,10.01,2
2026-04-01 18:30:19.802310,59.33,10.89,2
2026-04-01 18:30:24.802310,7.08,10.18,2
2026-04-01 18:30:29.802310,8.93,8.19,2
2026-04-01 18:30:34.802310,12.04,9.73,2
2026-04-01 18:30:39.802310,15.03,8.59,2
2026-04-01 18:30:44.802310,27.48,8.26,2
2026-04-01 18:30:49.802310,28.15,8.32,2
2026-04-01 18:30:54.802310,30.85,11.24,2
2026-04-01 18:30:59.802310,34.95,11.92,2
2026-04-01 18:31:04.802310,44.76,9.79,2
2026-04-01 18:31:09.802310,52.29,8.97,2
2026-04-01 18:31:14.802310,42.16,9.97,2
2026-04-01 18:31:19.802310,54.28,8.47,2
2026-04-01 18:31:24.802310,272.1,6.44,1
2026-04-01 18:31:29.802310,286.6,6.88,1
2026-04-01 18:31:34.802310,293.01,6.38,1
2026-04-01 18:31:39.802310,307.93,5.64,1
2026-04-01 18:31:44.802310,271.28,6.17,1
2026-04-01 18:31:49.802310,277.41,5.9,1
2026-04-01 18:31:54.802310,277.75,6.88,1
2026-04-01 18:31:59.802310,280.5,6.89,1
2026-04-01 18:32:04.802310,283.13,7.77,1
2026-04-01 18:32:09.802310,287.41,5.25,1
2026-04-01 18:32:14.802310,291.79,7.77,1
2026-04-01 18:32:19.802310,294.48,7.01,1
2026-04-01 18:32:24.802310,305.11,6.52,1
2026-04-01 18:32:29.802310,0.0,0.0,0
2026-04-01 18:32:34.802310,31.97,8.35,2
2026-04-01 18:32:39.802310,39.84,9.77,2
2026-04-01 18:32:44.802310,46.37,10.95,2
2026-04-01 18:32:49.802310,60.4,11.11,2
2026-04-01 18:32:54.802310,10.43,8.34,2
2026-04-01 18:32:59.802310,12.47,9.33,2
2026-04-01 18:33:04.802310,14.93,10.46,2
2026-04-01 18:33:09.802310,18.4,9.9,2
2026-04-01 18:33:14.802310,30.5,10.14,2
2026-04-01 18:33:19.802310,35.55,10.49,2
2026-04-01 18:33:24.802310,37.02,10.38,2
2026-04-01 18:33:29.802310,42.34,9.22,2
2026-04-01 18:33:34.802310,48.44,8.46,2
2026-04-01 18:33:39.802310,48.88,8.29,2
2026-04-01 18:33:44.802310,52.6,9.51,2
2026-04-01 18:33:49.802310,42.12,9.18,2
2026-04-01 18:33:54.802310,54.63,8.56,2
2026-04-01 18:33:59.802310,74.54,7.98,1
2026-04-01 18:34:04.802310,78.33,6.05,1
2026-04-01 18:34:09.802310,87.01,7.29,1
2026-04-01 18:34:14.802310,90.79,5.99,1
2026-04-01 18:34:19.802310,102.94,7.2,1
2026-04-01 18:34:24.802310,106.11,6.04,1
2026-04-01 18:34:29.802310,106.98,5.39,1
2026-04-01 18:34:34.802310,113.24,7.16,1
2026-04-01 18:34:39.802310,125.07,6.04,1
2026-04-01 18:34:44.802310,130.76,5.54,1
2026-04-01 18:34:49.802310,130.97,7.26,1
2026-04-01 18:34:54.802310,136.09,5.19,1
2026-04-01 18:34:59.802310,144.27,6.29,1
2026-04-01 18:35:04.802310,144.34,7.74,1
2026-04-01 18:35:09.802310,157.36,5.3,1
2026-04-01 18:35:14.802310,160.98,7.14,1
2026-04-01 18:35:19.802310,167.15,7.54,1
2026-04-01 18:35:24.802310,181.11,5.9,1
2026-04-01 18:35:29.802310,187.39,7.89,1
2026-04-01 18:35:34.802310,192.65,6.72,1
2026-04-01 18:35:39.802310,203.13,7.75,1
2026-04-01 18:35:44.802310,209.48,7.62,1
2026-04-01 18:35:49.802310,217.3,7.43,1
2026-04-01 18:35:54.802310,221.63,7.34,1
2026-04-01 18:35:59.802310,231.85,7.35,1
2026-04-01 18:36:04.802310,233.78,7.24,1
2026-04-01 18:36:09.802310,243.57,7.59,1
2026-04-01 18:36:14.802310,246.63,6.66,1
2026-04-01 18:36:19.802310,251.63,6.43,1
2026-04-01 18:36:24.802310,263.29,5.69,1
2026-04-01 18:36:29.802310,266.19,6.42,1
2026-04-01 18:36:34.802310,277.86,6.14,1
2026-04-01 18:36:39.802310,281.82,5.77,1
2026-04-01 18:36:44.802310,291.91,6.43,1
2026-04-01 18:36:49.802310,298.84,7.3,1
2026-04-01 18:36:54.802310,304.27,5.18,1
2026-04-01 18:36:59.802310,0.0,0.0,0
2026-04-01 18:37:04.802310,88.88,7.44,1
2026-04-01 18:37:09.802310,99.18,5.37,1
2026-04-01 18:37:14.802310,101.05,6.45,1
2026-04-01 18:37:19.802310,106.2,5.37,1
2026-04-01 18:37:24.802310,106.3,6.71,1
2026-04-01 18:37:29.802310,117.69,7.38,1
2026-04-01 18:37:34.802310,132.28,7.68,1
2026-04-01 18:37:39.802310,143.41,5.45,1
2026-04-01 18:37:44.802310,157.1,6.83,1
2026-04-01 18:37:49.802310,164.48,7.74,1
2026-04-01 18:37:54.802310,174.9,6.1,1
2026-04-01 18:37:59.802310,182.13,6.26,1
2026-04-01 18:38:04.802310,196.47,5.65,1
2026-04-01 18:38:09.802310,199.61,5.35,1
2026-04-01 18:38:14.802310,213.46,5.48,1
2026-04-01 18:38:19.802310,222.46,5.28,1
2026-04-01 18:38:24.802310,223.51,6.2,1
2026-04-01 18:38:29.802310,226.47,7.02,1
2026-04-01 18:38:34.802310,241.4,7.38,1
2026-04-01 18:38:39.802310,255.35,7.92,1
2026-04-01 18:38:44.802310,266.45,5.27,1
2026-04-01 18:38:49.802310,271.22,5.16,1
2026-04-01 18:38:54.802310,277.62,7.17,1
2026-04-01 18:38:59.802310,283.11,6.01,1
2026-04-01 18:39:04.802310,287.41,5.35,1
2026-04-01 18:39:09.802310,295.36,5.61,1
2026-04-01 18:39:14.802310,299.53,7.8,1
2026-04-01 18:39:19.802310,306.41,5.69,1
2026-04-01 18:39:24.802310,0.0,0.0,0
2026-04-01 18:39:29.802310,163.95,5.5,1
2026-04-01 18:39:34.802310,167.03,7.22,1
2026-04-01 18:39:39.802310,174.36,5.38,1
2026-04-01 18:39:44.802310,188.0,5.52,1
2026-04-01 18:39:49.802310,197.28,6.12,1
2026-04-01 18:39:54.802310,209.28,5.52,1
2026-04-01 18:39:59.802310,213.75,7.71,1
2026-04-01 18:40:04.802310,217.73,7.3,1
2026-04-01 18:40:09.802310,231.56,7.42,1
2026-04-01 18:40:14.802310,241.03,7.96,1
2026-04-01 18:40:19.802310,253.43,5.51,1
2026-04-01 18:40:24.802310,266.55,6.93,1
2026-04-01 18:40:29.802310,274.41,6.22,1
2026-04-01 18:40:34.802310,285.13,5.89,1
2026-04-01 18:40:39.802310,287.67,6.09,1
2026-04-01 18:40:44.802310,288.6,5.52,1
2026-04-01 18:40:49.802310,293.66,7.18,1
2026-04-01 18:40:54.802310,302.79,5.48,1
2026-04-01 18:40:59.802310,186.65,7.43,1
2026-04-01 18:41:04.802310,191.75,5.19,1
2026-04-01 18:41:09.802310,193.48,5.2,1
2026-04-01 18:41:14.802310,204.62,7.74,1
2026-04-01 18:41:19.802310,215.51,6.05,1
2026-04-01 18:41:24.802310,222.48,7.41,1
2026-04-01 18:41:29.802310,228.94,6.1,1
2026-04-01 18:41:34.802310,230.39,7.35,1
2026-04-01 18:41:39.802310,243.04,7.54,1
2026-04-01 18:41:44.802310,247.44,5.12,1
2026-04-01 18:41:49.802310,252.98,7.59,1
2026-04-01 18:41:54.802310,254.02,6.06,1
2026-04-01 18:41:59.802310,255.38,7.87,1
2026-04-01 18:42:04.802310,257.48,5.09,1
2026-04-01 18:42:09.802310,272.19,5.48,1
2026-04-01 18:42:14.802310,282.85,5.71,1
2026-04-01 18:42:19.802310,286.69,6.15,1
2026-04-01 18:42:24.802310,288.88,6.43,1
2026-04-01 18:42:29.802310,300.52,6.99,1
2026-04-01 18:42:34.802310,0.0,0.0,0
2026-04-01 18:42:39.802310,159.17,7.11,1
2026-04-01 18:42:44.802310,163.52,7.74,1
2026-04-01 18:42:49.802310,166.77,7.68,1
2026-04-01 18:42:54.802310,176.14,6.85,1
2026-04-01 18:42:59.802310,184.38,7.6,1
2026-04-01 18:43:04.802310,190.69,7.38,1
2026-04-01 18:43:09.802310,198.8,5.21,1
2026-04-01 18:43:14.802310,200.19,5.96,1
2026-04-01 18:43:19.802310,203.2,5.8,1
2026-04-01 18:43:24.802310,216.75,5.6,1
2026-04-01 18:43:29.802310,225.89,7.74,1
2026-04-01 18:43:34.802310,226.32,7.52,1
2026-04-01 18:43:39.802310,228.17,5.44,1
2026-04-01 18:43:44.802310,241.74,7.48,1
2026-04-01 18:43:49.802310,254.23,5.52,1
2026-04-01 18:43:54.802310,256.28,5.82,1
2026-04-01 18:43:59.802310,263.78,7.54,1
2026-04-01 18:44:04.802310,278.76,5.15,1
2026-04-01 18:44:09.802310,287.68,5.58,1
2026-04-01 18:44:14.802310,297.82,5.31,1
2026-04-01 18:44:19.802310,309.59,5.37,1
2026-04-01 18:44:24.802310,30.28,11.56,2
2026-04-01 18:44:29.802310,30.78,11.39,2
2026-04-01 18:44:34.802310,43.35,11.74,2
2026-04-01 18:44:39.802310,58.18,11.42,2
2026-04-01 18:44:44.802310,130.71,5.17,1
2026-04-01 18:44:49.802310,132.22,5.1,1
2026-04-01 18:44:54.802310,132.35,5.95,1
2026-04-01 18:44:59.802310,144.03,6.44,1
2026-04-01 18:45:04.802310,147.01,7.99,1
2026-04-01 18:45:09.802310,160.45,7.14,1
2026-04-01 18:45:14.802310,162.57,6.34,1
2026-04-01 18:45:19.802310,163.34,7.49,1
2026-04-01 18:45:24.802310,172.67,5.47,1
2026-04-01 18:45:29.802310,179.26,5.81,1
2026-04-01 18:45:34.802310,182.85,7.48,1
2026-04-01 18:45:39.802310,196.2,6.18,1
2026-04-01 18:45:44.802310,199.42,7.04,1
2026-04-01 18:45:49.802310,208.22,7.16,1
2026-04-01 18:45:54.802310,220.15,7.25,1
2026-04-01 18:45:59.802310,232.74,6.9,1
2026-04-01 18:46:04.802310,242.41,7.24,1
2026-04-01 18:46:09.802310,253.93,5.26,1
2026-04-01 18:46:14.802310,265.28,7.94,1
2026-04-01 18:46:19.802310,278.99,6.57,1
2026-04-01 18:46:24.802310,283.2,7.26,1
2026-04-01 18:46:29.802310,288.24,7.59,1
2026-04-01 18:46:34.802310,291.66,6.28,1
2026-04-01 18:46:39.802310,301.64,7.46,1
2026-04-01 18:46:44.802310,0.0,0.0,0
2026-04-01 18:46:49.802310,8.41,10.33,2
2026-04-01 18:46:54.802310,16.42,11.35,2
2026-04-01 18:46:59.802310,19.72,9.48,2
2026-04-01 18:47:04.802310,23.23,10.41,2
2026-04-01 18:47:09.802310,26.42,8.66,2
2026-04-01 18:47:14.802310,35.41,11.53,2
2026-04-01 18:47:19.802310,50.27,11.59,2
2026-04-01 18:47:24.802310,121.03,5.6,1
2026-04-01 18:47:29.802310,128.18,7.01,1
2026-04-01 18:47:34.802310,132.23,6.89,1
2026-04-01 18:47:39.802310,135.71,5.81,1
2026-04-01 18:47:44.802310,147.48,7.22,1
2026-04-01 18:47:49.802310,148.8,5.29,1
2026-04-01 18:47:54.802310,157.68,6.17,1
2026-04-01 18:47:59.802310,167.8,7.41,1
2026-04-01 18:48:04.802310,181.2,5.62,1
2026-04-01 18:48:09.802310,185.65,7.09,1
2026-04-01 18:48:14.802310,189.42,6.38,1
2026-04-01 18:48:19.802310,201.65,7.22,1
2026-04-01 18:48:24.802310,208.8,6.52,1
2026-04-01 18:48:29.802310,210.08,7.15,1
2026-04-01 18:48:34.802310,214.31,6.07,1
2026-04-01 18:48:39.802310,216.24,5.24,1
2026-04-01 18:48:44.802310,216.32,6.57,1
2026-04-01 18:48:49.802310,216.72,7.18,1
2026-04-01 18:48:54.802310,220.54,6.79,1
2026-04-01 18:48:59.802310,224.76,6.05,1
2026-04-01 18:49:04.802310,235.62,5.01,1
2026-04-01 18:49:09.802310,240.95,6.68,1
2026-04-01 18:49:14.802310,254.58,5.84,1
2026-04-01 18:49:19.802310,265.11,7.39,1
2026-04-01 18:49:24.802310,272.89,6.06,1
2026-04-01 18:49:29.802310,279.04,7.99,1
2026-04-01 18:49:34.802310,279.93,7.2,1
2026-04-01 18:49:39.802310,281.99,6.35,1
2026-04-01 18:49:44.802310,283.76,5.48,1
2026-04-01 18:49:49.802310,293.78,5.94,1
2026-04-01 18:49:54.802310,303.02,5.33,1
2026-04-01 18:49:59.802310,21.51,11.69,2
2026-04-01 18:50:04.802310,29.89,10.07,2
2026-04-01 18:50:09.802310,43.79,10.87,2
2026-04-01 18:50:14.802310,54.42,8.54,2
2026-04-01 18:50:19.802310,0.0,0.0,0
2026-04-01 18:50:24.802310,0.0,0.0,0
2026-04-01 18:50:29.802310,0.0,0.0,0
2026-04-01 18:50:34.802310,263.95,5.19,1
2026-04-01 18:50:39.802310,275.18,7.55,1
2026-04-01 18:50:44.802310,280.62,6.81,1
2026-04-01 18:50:49.802310,287.41,7.26,1
2026-04-01 18:50:54.802310,295.45,7.24,1
2026-04-01 18:50:59.802310,309.15,5.42,1
2026-04-01 18:51:04.802310,0.0,0.0,0
2026-04-01 18:51:09.802310,75.83,6.12,1
2026-04-01 18:51:14.802310,85.28,6.67,1
2026-04-01 18:51:19.802310,100.16,5.6,1
2026-04-01 18:51:24.802310,107.38,7.26,1
2026-04-01 18:51:29.802310,110.33,6.01,1
2026-04-01 18:51:34.802310,110.84,7.18,1
2026-04-01 18:51:39.802310,118.54,7.01,1
2026-04-01 18:51:44.802310,133.19,6.93,1
2026-04-01 18:51:49.802310,138.27,6.1,1
2026-04-01 18:51:54.802310,148.86,6.14,1
2026-04-01 18:51:59.802310,156.62,5.07,1
2026-04-01 18:52:04.802310,168.53,5.63,1
2026-04-01 18:52:09.802310,182.12,7.02,1
2026-04-01 18:52:14.802310,191.31,5.78,1
2026-04-01 18:52:19.802310,203.75,5.76,1
2026-04-01 18:52:24.802310,215.16,5.77,1
2026-04-01 18:52:29.802310,228.78,6.04,1
2026-04-01 18:52:34.802310,243.25,7.65,1
2026-04-01 18:52:39.802310,255.92,6.06,1
2026-04-01 18:52:44.802310,264.65,6.22,1
2026-04-01 18:52:49.802310,271.08,7.89,1
2026-04-01 18:52:54.802310,277.43,6.16,1
2026-04-01 18:52:59.802310,290.13,7.6,1
2026-04-01 18:53:04.802310,301.32,6.68,1
2026-04-01 18:53:09.802310,0.0,0.0,0
2026-04-01 18:53:14.802310,0.0,0.0,0
2026-04-01 18:53:19.802310,205.08,7.48,1
2026-04-01 18:53:24.802310,206.2,6.61,1
2026-04-01 18:53:29.802310,207.84,7.38,1
2026-04-01 18:53:34.802310,222.45,6.01,1
2026-04-01 18:53:39.802310,226.9,5.38,1
2026-04-01 18:53:44.802310,241.05,5.47,1
2026-04-01 18:53:49.802310,250.66,5.17,1
2026-04-01 18:53:54.802310,260.59,5.63,1
2026-04-01 18:53:59.802310,265.02,7.11,1
2026-04-01 18:54:04.802310,270.22,5.48,1
2026-04-01 18:54:09.802310,272.64,7.9,1
2026-04-01 18:54:14.802310,275.43,7.89,1
2026-04-01 18:54:19.802310,278.45,6.32,1
2026-04-01 18:54:24.802310,283.43,5.75,1
2026-04-01 18:54:29.802310,289.88,7.76,1
2026-04-01 18:54:34.802310,295.41,6.85,1
2026-04-01 18:54:39.802310,309.87,6.25,1
2026-04-01 18:54:44.802310,260.83,7.82,1
2026-04-01 18:54:49.802310,272.33,6.6,1
2026-04-01 18:54:54.802310,276.29,5.33,1
2026-04-01 18:54:59.802310,281.93,7.99,1
2026-04-01 18:55:04.802310,287.26,6.61,1
2026-04-01 18:55:09.802310,300.75,5.3,1
2026-04-01 18:55:14.802310,274.89,7.08,1
2026-04-01 18:55:19.802310,289.73,7.11,1
2026-04-01 18:55:24.802310,292.22,7.88,1
2026-04-01 18:55:29.802310,297.52,7.98,1
2026-04-01 18:55:34.802310,303.49,6.42,1
2026-04-01 18:55:39.802310,3.61,8.8,2
2026-04-01 18:55:44.802310,7.81,9.34,2
2026-04-01 18:55:49.802310,9.5,11.55,2
2026-04-01 18:55:54.802310,14.97,8.0,2
2026-04-01 18:55:59.802310,16.97,11.18,2
2026-04-01 18:56:04.802310,21.67,10.3,2
2026-04-01 18:56:09.802310,31.55,10.52,2
2026-04-01 18:56:14.802310,44.72,9.05,2
2026-04-01 18:56:19.802310,50.51,8.64,2
2026-04-01 18:56:24.802310,0.0,0.0,0
2026-04-01 18:56:29.802310,251.46,5.2,1
2026-04-01 18:56:34.802310,263.34,6.11,1
2026-04-01 18:56:39.802310,269.23,7.71,1
2026-04-01 18:56:44.802310,276.11,6.39,1
2026-04-01 18:56:49.802310,278.69,6.35,1
2026-04-01 18:56:54.802310,282.08,5.34,1
2026-04-01 18:56:59.802310,282.88,5.82,1
2026-04-01 18:57:04.802310,293.6,5.53,1
2026-04-01 18:57:09.802310,303.69,7.34,1
2026-04-01 18:57:14.802310,23.82,9.59,2
2026-04-01 18:57:19.802310,36.05,9.47,2
2026-04-01 18:57:24.802310,38.36,9.23,2
2026-04-01 18:57:29.802310,51.51,10.61,2
2026-04-01 18:57:34.802310,9.33,8.34,2
2026-04-01 18:57:39.802310,11.73,11.24,2
2026-04-01 18:57:44.802310,15.69,8.45,2
2026-04-01 18:57:49.802310,28.52,9.18,2
2026-04-01 18:57:54.802310,31.64,10.5,2
2026-04-01 18:57:59.802310,31.8,9.69,2
2026-04-01 18:58:04.802310,37.85,10.99,2
2026-04-01 18:58:09.802310,52.68,8.21,2
2026-04-01 18:58:14.802310,49.27,11.51,2
2026-04-01 18:58:19.802310,59.31,10.67,2
2026-04-01 18:58:24.802310,113.55,5.01,1
2026-04-01 18:58:29.802310,122.84,6.95,1
2026-04-01 18:58:34.802310,125.11,6.49,1
2026-04-01 18:58:39.802310,140.02,6.34,1
2026-04-01 18:58:44.802310,141.16,7.31,1
2026-04-01 18:58:49.802310,146.35,5.65,1
2026-04-01 18:58:54.802310,159.79,6.45,1
2026-04-01 18:58:59.802310,167.67,5.13,1
2026-04-01 18:59:04.802310,177.87,5.56,1
2026-04-01 18:59:09.802310,185.35,6.06,1
2026-04-01 18:59:14.802310,199.88,6.38,1
2026-04-01 18:59:19.802310,209.3,5.6,1
2026-04-01 18:59:24.802310,214.74,5.63,1
2026-04-01 18:59:29.802310,220.04,5.46,1
2026-04-01 18:59:34.802310,228.54,5.46,1
2026-04-01 18:59:39.802310,236.46,5.37,1
2026-04-01 18:59:44.802310,241.99,6.77,1
2026-04-01 18:59:49.802310,255.37,6.51,1
2026-04-01 18:59:54.802310,259.5,7.76,1
2026-04-01 18:59:59.802310,269.12,6.14,1
2026-04-01 19:00:04.802310,277.2,7.36,1
2026-04-01 19:00:09.802310,278.84,6.1,1
2026-04-01 19:00:14.802310,288.32,6.15,1
2026-04-01 19:00:19.802310,290.14,7.93,1
2026-04-01 19:00:24.802310,302.63,7.07,1
2026-04-01 19:00:29.802310,0.0,0.0,0
2026-04-01 19:00:34.802310,121.87,5.56,1
2026-04-01 19:00:39.802310,123.43,7.79,1
2026-04-01 19:00:44.802310,129.65,6.96,1
2026-04-01 19:00:49.802310,134.89,5.96,1
2026-04-01 19:00:54.802310,137.77,7.05,1
2026-04-01 19:00:59.802310,148.45,6.56,1
2026-04-01 19:01:04.802310,154.72,6.16,1
2026-04-01 19:01:09.802310,163.2,5.67,1
2026-04-01 19:01:14.802310,175.77,5.73,1
2026-04-01 19:01:19.802310,182.01,5.71,1
2026-04-01 19:01:24.802310,196.66,7.14,1
2026-04-01 19:01:29.802310,201.42,5.79,1
2026-04-01 19:01:34.802310,205.51,5.05,1
2026-04-01 19:01:39.802310,217.84,5.62,1
2026-04-01 19:01:44.802310,226.54,7.35,1
2026-04-01 19:01:49.802310,233.77,6.0,1
2026-04-01 19:01:54.802310,240.76,6.7,1
2026-04-01 19:01:59.802310,249.35,7.41,1
2026-04-01 19:02:04.802310,250.31,6.51,1
2026-04-01 19:02:09.802310,265.3,6.03,1
2026-04-01 19:02:14.802310,271.69,6.81,1
2026-04-01 19:02:19.802310,279.3,7.55,1
2026-04-01 19:02:24.802310,285.93,6.81,1
2026-04-01 19:02:29.802310,294.23,7.74,1
2026-04-01 19:02:34.802310,296.39,5.8,1
2026-04-01 19:02:39.802310,303.89,6.15,1
2026-04-01 19:02:44.802310,35.23,11.54,2
2026-04-01 19:02:49.802310,39.64,9.46,2
2026-04-01 19:02:54.802310,51.16,8.08,2
2026-04-01 19:02:59.802310,274.16,6.53,1
2026-04-01 19:03:04.802310,279.27,5.07,1
2026-04-01 19:03:09.802310,290.44,5.09,1
2026-04-01 19:03:14.802310,304.54,6.41,1
2026-04-01 19:03:19.802310,24.09,11.5,2
2026-04-01 19:03:24.802310,37.41,8.21,2
2026-04-01 19:03:29.802310,50.78,11.86,2
2026-04-01 19:03:34.802310,0.0,0.0,0
2026-04-01 19:03:39.802310,225.97,7.94,1
2026-04-01 19:03:44.802310,234.03,6.71,1
2026-04-01 19:03:49.802310,246.2,6.83,1
2026-04-01 19:03:54.802310,249.34,6.58,1
2026-04-01 19:03:59.802310,262.49,6.31,1
2026-04-01 19:04:04.802310,276.45,7.74,1
2026-04-01 19:04:09.802310,287.41,6.37,1
2026-04-01 19:04:14.802310,289.6,7.11,1
2026-04-01 19:04:19.802310,296.34,5.11,1
2026-04-01 19:04:24.802310,301.64,5.68,1
2026-04-01 19:04:29.802310,14.19,9.44,2
2026-04-01 19:04:34.802310,20.96,9.71,2
2026-04-01 19:04:39.802310,24.27,11.28,2
2026-04-01 19:04:44.802310,35.47,11.19,2
2026-04-01 19:04:49.802310,37.9,8.17,2
2026-04-01 19:04:54.802310,42.94,10.5,2
2026-04-01 19:04:59.802310,53.96,9.08,2
2026-04-01 19:05:04.802310,154.22,5.39,1
2026-04-01 19:05:09.802310,160.57,7.37,1
2026-04-01 19:05:14.802310,167.52,7.07,1
2026-04-01 19:05:19.802310,176.79,5.06,1
2026-04-01 19:05:24.802310,183.76,6.03,1
2026-04-01 19:05:29.802310,186.54,7.87,1
2026-04-01 19:05:34.802310,198.32,7.54,1
2026-04-01 19:05:39.802310,212.5,6.58,1
2026-04-01 19:05:44.802310,221.48,7.29,1
2026-04-01 19:05:49.802310,229.95,7.05,1
2026-04-01 19:05:54.802310,242.21,7.2,1
2026-04-01 19:05:59.802310,253.89,7.95,1
2026-04-01 19:06:04.802310,263.77,6.66,1
2026-04-01 19:06:09.802310,270.63,7.95,1
2026-04-01 19:06:14.802310,271.05,7.37,1
2026-04-01 19:06:19.802310,278.85,7.65,1
2026-04-01 19:06:24.802310,281.7,7.26,1
2026-04-01 19:06:29.802310,282.97,5.15,1
2026-04-01 19:06:34.802310,286.33,6.0,1
2026-04-01 19:06:39.802310,290.23,5.82,1
2026-04-01 19:06:44.802310,290.99,5.27,1
2026-04-01 19:06:49.802310,300.28,6.71,1
2026-04-01 19:06:54.802310,245.62,5.69,1
2026-04-01 19:06:59.802310,245.96,6.1,1
2026-04-01 19:07:04.802310,250.95,6.3,1
2026-04-01 19:07:09.802310,262.72,6.55,1
2026-04-01 19:07:14.802310,274.0,5.08,1
2026-04-01 19:07:19.802310,279.66,5.03,1
2026-04-01 19:07:24.802310,287.62,5.44,1
2026-04-01 19:07:29.802310,289.93,5.29,1
2026-04-01 19:07:34.802310,300.16,5.36,1
2026-04-01 19:07:39.802310,1.47,10.13,2
2026-04-01 19:07:44.802310,13.72,8.46,2
2026-04-01 19:07:49.802310,17.6,10.09,2
2026-04-01 19:07:54.802310,25.67,11.38,2
2026-04-01 19:07:59.802310,39.27,9.49,2
2026-04-01 19:08:04.802310,46.29,11.82,2
2026-04-01 19:08:09.802310,56.0,9.95,2
2026-04-01 19:08:14.802310,26.47,9.53,2
2026-04-01 19:08:19.802310,28.12,11.58,2
2026-04-01 19:08:24.802310,42.25,8.16,2
2026-04-01 19:08:29.802310,56.39,9.42,2
2026-04-01 19:08:34.802310,45.56,9.99,2
2026-04-01 19:08:39.802310,59.67,11.05,2
2026-04-01 19:08:44.802310,0.0,0.0,0
2026-04-01 19:08:49.802310,70.71,7.73,1
2026-04-01 19:08:54.802310,76.35,7.63,1
2026-04-01 19:08:59.802310,80.22,5.47,1
2026-04-01 19:09:04.802310,82.9,5.26,1
2026-04-01 19:09:09.802310,90.54,5.75,1
2026-04-01 19:09:14.802310,101.09,7.3,1
2026-04-01 19:09:19.802310,112.76,6.07,1
2026-04-01 19:09:24.802310,122.5,5.07,1
2026-04-01 19:09:29.802310,128.19,7.13,1
2026-04-01 19:09:34.802310,139.76,7.84,1
2026-04-01 19:09:39.802310,140.47,7.82,1
2026-04-01 19:09:44.802310,148.95,6.62,1
2026-04-01 19:09:49.802310,152.44,7.56,1
2026-04-01 19:09:54.802310,158.4,6.28,1
2026-04-01 19:09:59.802310,173.14,6.29,1
2026-04-01 19:10:04.802310,186.67,5.31,1
2026-04-01 19:10:09.802310,195.81,7.58,1
2026-04-01 19:10:14.802310,198.11,6.1,1
2026-04-01 19:10:19.802310,208.11,5.94,1
2026-04-01 19:10:24.802310,216.69,5.99,1
2026-04-01 19:10:29.802310,230.78,7.33,1
2026-04-01 19:10:34.802310,242.75,7.91,1
2026-04-01 19:10:39.802310,252.85,6.54,1
2026-04-01 19:10:44.802310,266.48,6.63,1
2026-04-01 19:10:49.802310,275.11,5.81,1
2026-04-01 19:10:54.802310,278.58,7.16,1
2026-04-01 19:10:59.802310,285.35,6.3,1
2026-04-01 19:11:04.802310,295.64,7.22,1
2026-04-01 19:11:09.802310,296.55,6.01,1
2026-04-01 19:11:14.802310,297.52,7.47,1
2026-04-01 19:11:19.802310,308.61,7.7,1
2026-04-01 19:11:24.802310,0.0,0.0,0
2026-04-01 19:11:29.802310,0.0,0.0,0
2026-04-01 19:11:34.802310,0.0,0.0,0
2026-04-01 19:11:39.802310,103.44,7.65,1
2026-04-01 19:11:44.802310,109.07,6.29,1
2026-04-01 19:11:49.802310,121.68,6.68,1
2026-04-01 19:11:54.802310,127.53,7.23,1
2026-04-01 19:11:59.802310,135.98,5.6,1
2026-04-01 19:12:04.802310,146.36,7.17,1
2026-04-01 19:12:09.802310,146.49,7.41,1
2026-04-01 19:12:14.802310,151.25,5.82,1
2026-04-01 19:12:19.802310,161.95,7.57,1
2026-04-01 19:12:24.802310,163.84,7.78,1
2026-04-01 19:12:29.802310,168.53,6.88,1
2026-04-01 19:12:34.802310,178.09,6.66,1
2026-04-01 19:12:39.802310,182.87,5.4,1
2026-04-01 19:12:44.802310,184.52,5.08,1
2026-04-01 19:12:49.802310,187.71,6.42,1
2026-04-01 19:12:54.802310,187.71,5.22,1
2026-04-01 19:12:59.802310,196.23,7.08,1
2026-04-01 19:13:04.802310,197.74,7.08,1
2026-04-01 19:13:09.802310,207.95,6.96,1
2026-04-01 19:13:14.802310,221.05,6.23,1
2026-04-01 19:13:19.802310,234.4,6.35,1
2026-04-01 19:13:24.802310,236.16,5.74,1
2026-04-01 19:13:29.802310,238.16,6.05,1
2026-04-01 19:13:34.802310,245.35,6.28,1
2026-04-01 19:13:39.802310,251.03,7.78,1
2026-04-01 19:13:44.802310,260.61,6.52,1
2026-04-01 19:13:49.802310,261.28,7.23,1
2026-04-01 19:13:54.802310,266.03,6.96,1
2026-04-01 19:13:59.802310,273.34,5.73,1
2026-04-01 19:14:04.802310,284.31,5.15,1
2026-04-01 19:14:09.802310,297.47,6.79,1
2026-04-01 19:14:14.802310,299.45,5.22,1
2026-04-01 19:14:19.802310,313.02,7.08,1
2026-04-01 19:14:24.802310,216.14,7.44,1
2026-04-01 19:14:29.802310,225.98,7.92,1
2026-04-01 19:14:34.802310,227.15,7.65,1
2026-04-01 19:14:39.802310,230.49,5.32,1
2026-04-01 19:14:44.802310,239.1,7.01,1
2026-04-01 19:14:49.802310,253.72,7.3,1
2026-04-01 19:14:54.802310,261.64,5.66,1
2026-04-01 19:14:59.802310,270.63,7.61,1
2026-04-01 19:15:04.802310,277.19,6.16,1
2026-04-01 19:15:09.802310,285.79,6.76,1
2026-04-01 19:15:14.802310,297.1,6.22,1
2026-04-01 19:15:19.802310,309.69,7.47,1
2026-04-01 19:15:24.802310,156.08,6.94,1
2026-04-01 19:15:29.802310,169.81,7.5,1
2026-04-01 19:15:34.802310,178.96,6.04,1
2026-04-01 19:15:39.802310,180.07,7.21,1
2026-04-01 19:15:44.802310,195.04,7.37,1
2026-04-01 19:15:49.802310,206.59,5.5,1
2026-04-01 19:15:54.802310,211.58,6.05,1
2026-04-01 19:15:59.802310,219.14,5.76,1
2026-04-01 19:16:04.802310,232.89,5.83,1
2026-04-01 19:16:09.802310,236.72,7.4,1
2026-04-01 19:16:14.802310,243.23,6.91,1
2026-04-01 19:16:19.802310,255.28,5.24,1
2026-04-01 19:16:24.802310,263.02,5.48,1
2026-04-01 19:16:29.802310,275.68,6.99,1
2026-04-01 19:16:34.802310,290.6,6.7,1
2026-04-01 19:16:39.802310,292.34,7.54,1
2026-04-01 19:16:44.802310,294.3,6.12,1
2026-04-01 19:16:49.802310,297.39,5.35,1
2026-04-01 19:16:54.802310,298.02,5.1,1
2026-04-01 19:16:59.802310,310.79,7.26,1
2026-04-01 19:17:04.802310,0.0,0.0,0
2026-04-01 19:17:09.802310,93.45,5.45,1
2026-04-01 19:17:14.802310,100.59,7.82,1
2026-04-01 19:17:19.802310,100.72,5.05,1
2026-04-01 19:17:24.802310,112.61,6.68,1
2026-04-01 19:17:29.802310,121.01,5.26,1
2026-04-01 19:17:34.802310,130.62,5.69,1
2026-04-01 19:17:39.802310,133.89,5.42,1
2026-04-01 19:17:44.802310,142.6,5.44,1
2026-04-01 19:17:49.802310,146.95,7.78,1
2026-04-01 19:17:54.802310,157.06,5.8,1
2026-04-01 19:17:59.802310,164.12,5.57,1
2026-04-01 19:18:04.802310,173.32,7.57,1
2026-04-01 19:18:09.802310,178.23,7.55,1
2026-04-01 19:18:14.802310,181.35,6.99,1
2026-04-01 19:18:19.802310,194.65,5.97,1
2026-04-01 19:18:24.802310,198.78,7.3,1
2026-04-01 19:18:29.802310,200.41,6.77,1
2026-04-01 19:18:34.802310,203.48,6.31,1
2026-04-01 19:18:39.802310,216.0,7.85,1
2026-04-01 19:18:44.802310,218.31,6.79,1
2026-04-01 19:18:49.802310,229.38,7.97,1
2026-04-01 19:18:54.802310,242.11,5.12,1
2026-04-01 19:18:59.802310,243.3,6.73,1
2026-04-01 19:19:04.802310,252.29,7.87,1
2026-04-01 19:19:09.802310,261.27,6.52,1
2026-04-01 19:19:14.802310,262.33,7.63,1
2026-04-01 19:19:19.802310,270.59,5.05,1
2026-04-01 19:19:24.802310,272.25,5.19,1
2026-04-01 19:19:29.802310,276.12,5.82,1
2026-04-01 19:19:34.802310,290.96,7.85,1
2026-04-01 19:19:39.802310,295.15,7.07,1
2026-04-01 19:19:44.802310,300.58,7.28,1
2026-04-01 19:19:49.802310,0.0,0.0,0
2026-04-01 19:19:54.802310,275.64,6.9,1
2026-04-01 19:19:59.802310,288.22,7.28,1
2026-04-01 19:20:04.802310,288.49,7.63,1
2026-04-01 19:20:09.802310,300.55,6.57,1
2026-04-01 19:20:14.802310,7.49,11.92,2
2026-04-01 19:20:19.802310,10.16,9.74,2
2026-04-01 19:20:24.802310,10.76,11.72,2
2026-04-01 19:20:29.802310,18.29,8.4,2
2026-04-01 19:20:34.802310,24.28,11.26,2
2026-04-01 19:20:39.802310,26.0,10.91,2
2026-04-01 19:20:44.802310,27.52,10.86,2
2026-04-01 19:20:49.802310,31.09,8.49,2
2026-04-01 19:20:54.802310,41.93,11.68,2
2026-04-01 19:20:59.802310,48.22,11.94,2
2026-04-01 19:21:04.802310,52.28,9.31,2
2026-04-01 19:21:09.802310,170.09,6.37,1
2026-04-01 19:21:14.802310,171.33,7.78,1
2026-04-01 19:21:19.802310,180.1,5.47,1
2026-04-01 19:21:24.802310,190.12,6.57,1
2026-04-01 19:21:29.802310,195.39,7.23,1
2026-04-01 19:21:34.802310,204.61,6.81,1
2026-04-01 19:21:39.802310,213.1,5.18,1
2026-04-01 19:21:44.802310,224.72,6.19,1
2026-04-01 19:21:49.802310,230.94,7.61,1
2026-04-01 19:21:54.802310,232.23,5.37,1
2026-04-01 19:21:59.802310,246.99,7.92,1
2026-04-01 19:22:04.802310,247.09,6.32,1
2026-04-01 19:22:09.802310,258.04,7.98,1
2026-04-01 19:22:14.802310,262.21,5.96,1
2026-04-01 19:22:19.802310,265.33,6.42,1
2026-04-01 19:22:24.802310,274.82,6.6,1
2026-04-01 19:22:29.802310,287.98,6.51,1
2026-04-01 19:22:34.802310,301.52,7.3,1
2026-04-01 19:22:39.802310,0.0,0.0,0
2026-04-01 19:22:44.802310,203.25,6.68,1
2026-04-01 19:22:49.802310,203.75,7.97,1
2026-04-01 19:22:54.802310,218.02,6.92,1
2026-04-01 19:22:59.802310,219.17,7.12,1
2026-04-01 19:23:04.802310,231.55,6.64,1
2026-04-01 19:23:09.802310,235.61,6.5,1
2026-04-01 19:23:14.802310,240.34,6.66,1
2026-04-01 19:23:19.802310,254.14,7.02,1
2026-04-01 19:23:24.802310,265.36,6.8,1
2026-04-01 19:23:29.802310,271.62,7.22,1
2026-04-01 19:23:34.802310,278.35,6.73,1
2026-04-01 19:23:39.802310,283.61,5.95,1
2026-04-01 19:23:44.802310,296.13,5.15,1
2026-04-01 19:23:49.802310,301.42,7.86,1
2026-04-01 19:23:54.802310,194.8,6.84,1
2026-04-01 19:23:59.802310,198.23,7.41,1
2026-04-01 19:24:04.802310,208.57,6.99,1
2026-04-01 19:24:09.802310,211.34,6.71,1
2026-04-01 19:24:14.802310,214.0,5.21,1
2026-04-01 19:24:19.802310,220.75,7.83,1
2026-04-01 19:24:24.802310,225.67,6.69,1
2026-04-01 19:24:29.802310,237.36,5.44,1
2026-04-01 19:24:34.802310,246.22,7.66,1
2026-04-01 19:24:39.802310,254.25,6.18,1
2026-04-01 19:24:44.802310,264.03,7.4,1
2026-04-01 19:24:49.802310,272.01,7.91,1
2026-04-01 19:24:54.802310,275.56,5.41,1
2026-04-01 19:24:59.802310,285.6,5.68,1
2026-04-01 19:25:04.802310,295.05,5.69,1
2026-04-01 19:25:09.802310,308.36,7.51,1
2026-04-01 19:25:14.802310,0.0,0.0,0
2026-04-01 19:25:19.802310,9.02,11.94,2
2026-04-01 19:25:24.802310,21.52,11.86,2
2026-04-01 19:25:29.802310,28.58,11.16,2
2026-04-01 19:25:34.802310,29.5,10.39,2
2026-04-01 19:25:39.802310,37.12,9.56,2
2026-04-01 19:25:44.802310,41.62,8.2,2
2026-04-01 19:25:49.802310,52.18,11.22,2
2026-04-01 19:25:54.802310,0.0,0.0,0
2026-04-01 19:25:59.802310,0.0,0.0,0
2026-04-01 19:26:04.802310,4.98,10.18,2
2026-04-01 19:26:09.802310,18.45,8.48,2
2026-04-01 19:26:14.802310,20.49,10.41,2
2026-04-01 19:26:19.802310,28.9,8.51,2
2026-04-01 19:26:24.802310,43.14,11.88,2
2026-04-01 19:26:29.802310,57.4,8.31,2
2026-04-01 19:26:34.802310,29.28,11.34,2
2026-04-01 19:26:39.802310,39.9,8.59,2
2026-04-01 19:26:44.802310,50.97,8.88,2
2026-04-01 19:26:49.802310,30.45,10.01,2
2026-04-01 19:26:54.802310,30.68,11.18,2
2026-04-01 19:26:59.802310,41.62,9.59,2
2026-04-01 19:27:04.802310,52.66,11.14,2
2026-04-01 19:27:09.802310,0.0,0.0,0
2026-04-01 19:27:14.802310,44.19,8.72,2
2026-04-01 19:27:19.802310,45.46,11.86,2
2026-04-01 19:27:24.802310,49.69,10.64,2
2026-04-01 19:27:29.802310,50.98,8.23,2
2026-04-01 19:27:34.802310,38.15,9.91,2
2026-04-01 19:27:39.802310,48.82,8.36,2
2026-04-01 19:27:44.802310,56.07,10.83,2
2026-04-01 19:27:49.802310,2.09,11.67,2
2026-04-01 19:27:54.802310,5.31,8.56,2
2026-04-01 19:27:59.802310,10.19,9.89,2
2026-04-01 19:28:04.802310,19.0,10.71,2
2026-04-01 19:28:09.802310,25.28,9.35,2
2026-04-01 19:28:14.802310,35.79,8.94,2
2026-04-01 19:28:19.802310,42.9,9.67,2
2026-04-01 19:28:24.802310,47.44,8.8,2
2026-04-01 19:28:29.802310,55.01,11.18,2
2026-04-01 19:28:34.802310,86.7,6.58,1
2026-04-01 19:28:39.802310,93.48,6.75,1
2026-04-01 19:28:44.802310,107.26,6.62,1
2026-04-01 19:28:49.802310,110.89,7.71,1
2026-04-01 19:28:54.802310,115.26,6.39,1
2026-04-01 19:28:59.802310,123.52,5.71,1
2026-04-01 19:29:04.802310,135.76,5.77,1
2026-04-01 19:29:09.802310,140.47,6.21,1
2026-04-01 19:29:14.802310,143.83,6.27,1
2026-04-01 19:29:19.802310,145.52,7.31,1
2026-04-01 19:29:24.802310,147.87,7.47,1
2026-04-01 19:29:29.802310,157.91,6.64,1
2026-04-01 19:29:34.802310,172.01,5.95,1
2026-04-01 19:29:39.802310,175.17,6.88,1
2026-04-01 19:29:44.802310,176.21,5.34,1
2026-04-01 19:29:49.802310,184.48,5.27,1
2026-04-01 19:29:54.802310,193.98,7.02,1
2026-04-01 19:29:59.802310,204.01,7.2,1
2026-04-01 19:30:04.802310,205.77,6.35,1
2026-04-01 19:30:09.802310,206.27,6.93,1
2026-04-01 19:30:14.802310,215.36,5.51,1
2026-04-01 19:30:19.802310,224.29,6.64,1
2026-04-01 19:30:24.802310,237.4,5.43,1
2026-04-01 19:30:29.802310,246.2,7.73,1
2026-04-01 19:30:34.802310,252.71,6.23,1
2026-04-01 19:30:39.802310,260.15,6.39,1
2026-04-01 19:30:44.802310,267.28,6.91,1
2026-04-01 19:30:49.802310,269.53,7.98,1
2026-04-01 19:30:54.802310,279.59,6.46,1
2026-04-01 19:30:59.802310,283.4,5.72,1
2026-04-01 19:31:04.802310,297.86,5.04,1
2026-04-01 19:31:09.802310,311.59,5.5,1
2026-04-01 19:31:14.802310,16.45,10.39,2
2026-04-01 19:31:19.802310,29.68,10.36,2
2026-04-01 19:31:24.802310,33.02,9.19,2
2026-04-01 19:31:29.802310,47.16,9.61,2
2026-04-01 19:31:34.802310,60.4,9.12,2
2026-04-01 19:31:39.802310,20.38,8.52,2
2026-04-01 19:31:44.802310,33.83,9.19,2
2026-04-01 19:31:49.802310,37.8,11.87,2
2026-04-01 19:31:54.802310,41.83,10.82,2
2026-04-01 19:31:59.802310,56.81,9.5,2
2026-04-01 19:32:04.802310,0.44,10.46,2
2026-04-01 19:32:09.802310,8.79,11.99,2
2026-04-01 19:32:14.802310,20.67,9.34,2
2026-04-01 19:32:19.802310,23.91,10.34,2
2026-04-01 19:32:24.802310,33.44,8.52,2
2026-04-01 19:32:29.802310,44.11,10.28,2
2026-04-01 19:32:34.802310,57.35,10.16,2
2026-04-01 19:32:39.802310,0.0,0.0,0
2026-04-01 19:32:44.802310,40.61,10.81,2
2026-04-01 19:32:49.802310,52.4,9.09,2
2026-04-01 19:32:54.802310,0.0,0.0,0
2026-04-01 19:32:59.802310,0.0,0.0,0
2026-04-01 19:33:04.802310,34.37,9.84,2
2026-04-01 19:33:09.802310,48.69,9.53,2
2026-04-01 19:33:14.802310,55.72,10.15,2
2026-04-01 19:33:19.802310,17.16,10.03,2
2026-04-01 19:33:24.802310,21.85,8.8,2
2026-04-01 19:33:29.802310,32.28,9.51,2
2026-04-01 19:33:34.802310,40.8,9.42,2
2026-04-01 19:33:39.802310,41.09,9.4,2
2026-04-01 19:33:44.802310,42.67,9.72,2
2026-04-01 19:33:49.802310,43.54,11.66,2
2026-04-01 19:33:54.802310,51.5,10.39,2
2026-04-01 19:33:59.802310,159.8,5.89,1
2026-04-01 19:34:04.802310,164.97,6.13,1
2026-04-01 19:34:09.802310,165.4,6.5,1
2026-04-01 19:34:14.802310,171.1,7.73,1
2026-04-01 19:34:19.802310,172.79,6.54,1
2026-04-01 19:34:24.802310,175.92,7.51,1
2026-04-01 19:34:29.802310,178.08,5.95,1
2026-04-01 19:34:34.802310,183.73,6.39,1
2026-04-01 19:34:39.802310,193.87,7.89,1
2026-04-01 19:34:44.802310,204.43,6.25,1
2026-04-01 19:34:49.802310,213.76,5.63,1
2026-04-01 19:34:54.802310,221.19,6.57,1
2026-04-01 19:34:59.802310,233.21,6.78,1
2026-04-01 19:35:04.802310,233.47,7.74,1
2026-04-01 19:35:09.802310,240.09,7.9,1
2026-04-01 19:35:14.802310,240.49,7.13,1
2026-04-01 19:35:19.802310,241.34,5.22,1
2026-04-01 19:35:24.802310,251.5,5.95,1
2026-04-01 19:35:29.802310,263.27,6.06,1
2026-04-01 19:35:34.802310,269.04,6.81,1
2026-04-01 19:35:39.802310,273.04,5.29,1
2026-04-01 19:35:44.802310,275.28,6.4,1
2026-04-01 19:35:49.802310,288.36,5.66,1
2026-04-01 19:35:54.802310,294.94,5.45,1
2026-04-01 19:35:59.802310,296.29,6.83,1
2026-04-01 19:36:04.802310,310.98,7.56,1
2026-04-01 19:36:09.802310,255.89,5.76,1
2026-04-01 19:36:14.802310,268.76,5.52,1
2026-04-01 19:36:19.802310,276.77,6.08,1
2026-04-01 19:36:24.802310,290.36,7.49,1
2026-04-01 19:36:29.802310,301.88,7.22,1
2026-04-01 19:36:34.802310,0.0,0.0,0
2026-04-01 19:36:39.802310,93.93,6.23,1
2026-04-01 19:36:44.802310,96.2,6.76,1
2026-04-01 19:36:49.802310,107.26,5.78,1
2026-04-01 19:36:54.802310,116.71,7.99,1
2026-04-01 19:36:59.802310,126.97,7.42,1
2026-04-01 19:37:04.802310,127.46,6.61,1
2026-04-01 19:37:09.802310,129.84,7.92,1
2026-04-01 19:37:14.802310,133.42,5.55,1
2026-04-01 19:37:19.802310,141.55,6.6,1
2026-04-01 19:37:24.802310,154.9,6.47,1
2026-04-01 19:37:29.802310,166.26,5.73,1
2026-04-01 19:37:34.802310,181.03,5.86,1
2026-04-01 19:37:39.802310,188.83,7.35,1
2026-04-01 19:37:44.802310,196.31,5.62,1
2026-04-01 19:37:49.802310,209.88,6.76,1
2026-04-01 19:37:54.802310,223.41,6.67,1
2026-04-01 19:37:59.802310,226.3,7.01,1
2026-04-01 19:38:04.802310,230.74,6.48,1
2026-04-01 19:38:09.802310,244.51,5.68,1
2026-04-01 19:38:14.802310,248.24,5.04,1
2026-04-01 19:38:19.802310,262.98,7.98,1
2026-04-01 19:38:24.802310,273.6,6.6,1
2026-04-01 19:38:29.802310,287.82,7.13,1
2026-04-01 19:38:34.802310,297.86,7.12,1
2026-04-01 19:38:39.802310,310.89,6.59,1
2026-04-01 19:38:44.802310,218.33,7.01,1
2026-04-01 19:38:49.802310,219.74,6.7,1
2026-04-01 19:38:54.802310,234.18,7.23,1
2026-04-01 19:38:59.802310,235.04,5.9,1
2026-04-01 19:39:04.802310,246.23,7.1,1
2026-04-01 19:39:09.802310,255.48,7.35,1
2026-04-01 19:39:14.802310,259.43,7.4,1
2026-04-01 19:39:19.802310,266.54,5.5,1
2026-04-01 19:39:24.802310,280.92,7.96,1
2026-04-01 19:39:29.802310,284.72,5.6,1
2026-04-01 19:39:34.802310,294.42,6.48,1
2026-04-01 19:39:39.802310,308.8,6.52,1
2026-04-01 19:39:44.802310,0.0,0.0,0
2026-04-01 19:39:49.802310,44.27,8.88,2
2026-04-01 19:39:54.802310,52.38,9.72,2
2026-04-01 19:39:59.802310,8.88,11.48,2
2026-04-01 19:40:04.802310,21.46,10.03,2
2026-04-01 19:40:09.802310,29.6,8.11,2
2026-04-01 19:40:14.802310,32.94,8.95,2
2026-04-01 19:40:19.802310,41.1,11.17,2
2026-04-01 19:40:24.802310,44.51,9.53,2
2026-04-01 19:40:29.802310,46.81,8.21,2
2026-04-01 19:40:34.802310,56.36,8.53,2
2026-04-01 19:40:39.802310,0.0,0.0,0
2026-04-01 19:40:44.802310,0.0,0.0,0
2026-04-01 19:40:49.802310,25.42,8.0,2
2026-04-01 19:40:54.802310,35.08,9.7,2
2026-04-01 19:40:59.802310,35.9,9.27,2
2026-04-01 19:41:04.802310,42.87,8.55,2
2026-04-01 19:41:09.802310,43.29,8.42,2
2026-04-01 19:41:14.802310,56.51,9.16,2
2026-04-01 19:41:19.802310,19.44,9.31,2
2026-04-01 19:41:24.802310,31.48,10.59,2
2026-04-01 19:41:29.802310,44.05,9.87,2
2026-04-01 19:41:34.802310,52.08,8.8,2
2026-04-01 19:41:39.802310,24.58,8.08,2
2026-04-01 19:41:44.802310,35.5,10.87,2
2026-04-01 19:41:49.802310,43.9,9.45,2
2026-04-01 19:41:54.802310,44.84,11.73,2
2026-04-01 19:41:59.802310,58.48,10.01,2
2026-04-01 19:42:04.802310,38.62,8.76,2
2026-04-01 19:42:09.802310,43.54,9.44,2
2026-04-01 19:42:14.802310,53.21,8.17,2
2026-04-01 19:42:19.802310,228.49,5.65,1
2026-04-01 19:42:24.802310,229.51,5.9,1
2026-04-01 19:42:29.802310,235.53,5.44,1
2026-04-01 19:42:34.802310,243.69,5.85,1
2026-04-01 19:42:39.802310,255.67,7.85,1
2026-04-01 19:42:44.802310,259.77,6.93,1
2026-04-01 19:42:49.802310,267.07,5.41,1
2026-04-01 19:42:54.802310,280.65,7.77,1
2026-04-01 19:42:59.802310,281.45,6.4,1
2026-04-01 19:43:04.802310,292.9,7.96,1
2026-04-01 19:43:09.802310,302.82,7.59,1
2026-04-01 19:43:14.802310,7.31,11.03,2
2026-04-01 19:43:19.802310,17.16,10.6,2
2026-04-01 19:43:24.802310,27.8,8.39,2
2026-04-01 19:43:29.802310,33.85,8.27,2
2026-04-01 19:43:34.802310,34.96,9.62,2
2026-04-01 19:43:39.802310,47.1,11.95,2
2026-04-01 19:43:44.802310,57.38,10.39,2
2026-04-01 19:43:49.802310,0.0,0.0,0
2026-04-01 19:43:54.802310,31.05,11.05,2
2026-04-01 19:43:59.802310,43.68,10.26,2
2026-04-01 19:44:04.802310,45.66,8.39,2
2026-04-01 19:44:09.802310,48.51,11.09,2
2026-04-01 19:44:14.802310,49.11,8.68,2
2026-04-01 19:44:19.802310,55.9,11.0,2
2026-04-01 19:44:24.802310,148.05,5.27,1
2026-04-01 19:44:29.802310,157.72,5.11,1
2026-04-01 19:44:34.802310,166.12,7.46,1
2026-04-01 19:44:39.802310,173.56,5.03,1
2026-04-01 19:44:44.802310,175.47,6.61,1
2026-04-01 19:44:49.802310,189.01,6.81,1
2026-04-01 19:44:54.802310,194.63,6.66,1
2026-04-01 19:44:59.802310,206.05,6.15,1
2026-04-01 19:45:04.802310,217.42,7.84,1
2026-04-01 19:45:09.802310,224.33,6.08,1
2026-04-01 19:45:14.802310,228.16,6.57,1
2026-04-01 19:45:19.802310,233.59,6.85,1
2026-04-01 19:45:24.802310,244.67,5.29,1
2026-04-01 19:45:29.802310,244.87,6.57,1
2026-04-01 19:45:34.802310,250.13,5.27,1
2026-04-01 19:45:39.802310,250.95,6.55,1
2026-04-01 19:45:44.802310,254.32,5.83,1
2026-04-01 19:45:49.802310,263.83,5.12,1
2026-04-01 19:45:54.802310,278.71,7.43,1
2026-04-01 19:45:59.802310,284.59,5.26,1
2026-04-01 19:46:04.802310,289.7,6.54,1
2026-04-01 19:46:09.802310,294.91,5.54,1
2026-04-01 19:46:14.802310,295.19,5.6,1
2026-04-01 19:46:19.802310,306.78,5.94,1
2026-04-01 19:46:24.802310,191.0,6.07,1
2026-04-01 19:46:29.802310,194.28,6.99,1
2026-04-01 19:46:34.802310,196.37,7.95,1
2026-04-01 19:46:39.802310,200.0,6.44,1
2026-04-01 19:46:44.802310,210.26,6.78,1
2026-04-01 19:46:49.802310,221.6,5.84,1
2026-04-01 19:46:54.802310,236.45,5.73,1
2026-04-01 19:46:59.802310,238.52,7.72,1
2026-04-01 19:47:04.802310,251.26,6.32,1
2026-04-01 19:47:09.802310,253.08,7.15,1
2026-04-01 19:47:14.802310,265.52,5.47,1
2026-04-01 19:47:19.802310,274.01,6.65,1
2026-04-01 19:47:24.802310,285.71,6.26,1
2026-04-01 19:47:29.802310,288.77,6.31,1
2026-04-01 19:47:34.802310,293.84,6.05,1
2026-04-01 19:47:39.802310,299.36,6.51,1
2026-04-01 19:47:44.802310,307.79,6.53,1
2026-04-01 19:47:49.802310,184.98,5.05,1
2026-04-01 19:47:54.802310,188.21,5.35,1
2026-04-01 19:47:59.802310,197.71,5.59,1
2026-04-01 19:48:04.802310,210.04,6.57,1
2026-04-01 19:48:09.802310,211.98,6.01,1
2026-04-01 19:48:14.802310,217.48,6.51,1
2026-04-01 19:48:19.802310,223.42,5.58,1
2026-04-01 19:48:24.802310,224.3,5.15,1
2026-04-01 19:48:29.802310,226.33,7.15,1
2026-04-01 19:48:34.802310,238.91,6.63,1
2026-04-01 19:48:39.802310,242.63,7.34,1
2026-04-01 19:48:44.802310,245.58,5.59,1
2026-04-01 19:48:49.802310,256.39,7.51,1
2026-04-01 19:48:54.802310,269.92,7.42,1
2026-04-01 19:48:59.802310,270.17,5.24,1
2026-04-01 19:49:04.802310,274.49,5.96,1
2026-04-01 19:49:09.802310,276.38,5.85,1
2026-04-01 19:49:14.802310,281.21,5.88,1
2026-04-01 19:49:19.802310,287.18,6.56,1
2026-04-01 19:49:24.802310,293.92,5.36,1
2026-04-01 19:49:29.802310,305.32,5.48,1
2026-04-01 19:49:34.802310,65.82,7.15,1
2026-04-01 19:49:39.802310,66.53,6.97,1
2026-04-01 19:49:44.802310,67.43,7.17,1
2026-04-01 19:49:49.802310,74.16,6.68,1
2026-04-01 19:49:54.802310,80.5,7.52,1
2026-04-01 19:49:59.802310,91.05,6.92,1
2026-04-01 19:50:04.802310,99.26,5.87,1
2026-04-01 19:50:09.802310,110.99,7.39,1
2026-04-01 19:50:14.802310,113.35,6.04,1
2026-04-01 19:50:19.802310,115.32,5.82,1
2026-04-01 19:50:24.802310,121.26,7.31,1
2026-04-01 19:50:29.802310,130.51,5.6,1
2026-04-01 19:50:34.802310,133.63,5.19,1
2026-04-01 19:50:39.802310,139.19,7.12,1
2026-04-01 19:50:44.802310,146.65,7.33,1
2026-04-01 19:50:49.802310,152.12,5.75,1
2026-04-01 19:50:54.802310,160.87,6.48,1
2026-04-01 19:50:59.802310,169.88,5.52,1
2026-04-01 19:51:04.802310,170.15,6.52,1
2026-04-01 19:51:09.802310,176.44,7.24,1
2026-04-01 19:51:14.802310,178.88,5.06,1
2026-04-01 19:51:19.802310,188.76,7.37,1
2026-04-01 19:51:24.802310,202.37,6.16,1
2026-04-01 19:51:29.802310,204.12,5.09,1
2026-04-01 19:51:34.802310,210.4,6.44,1
2026-04-01 19:51:39.802310,215.06,6.96,1
2026-04-01 19:51:44.802310,228.79,7.04,1
2026-04-01 19:51:49.802310,238.96,6.18,1
2026-04-01 19:51:54.802310,247.04,5.73,1
2026-04-01 19:51:59.802310,261.67,5.7,1
2026-04-01 19:52:04.802310,262.31,6.15,1
2026-04-01 19:52:09.802310,276.34,5.45,1
2026-04-01 19:52:14.802310,286.67,7.81,1
2026-04-01 19:52:19.802310,289.89,7.33,1
2026-04-01 19:52:24.802310,298.54,6.62,1
2026-04-01 19:52:29.802310,300.37,5.6,1
2026-04-01 19:52:34.802310,198.4,5.82,1
2026-04-01 19:52:39.802310,206.69,6.47,1
2026-04-01 19:52:44.802310,207.41,5.53,1
2026-04-01 19:52:49.802310,214.69,6.57,1
2026-04-01 19:52:54.802310,215.18,7.41,1
2026-04-01 19:52:59.802310,228.48,5.18,1
2026-04-01 19:53:04.802310,239.97,7.91,1
2026-04-01 19:53:09.802310,243.3,6.42,1
2026-04-01 19:53:14.802310,247.03,7.87,1
2026-04-01 19:53:19.802310,251.1,7.32,1
2026-04-01 19:53:24.802310,256.08,5.25,1
2026-04-01 19:53:29.802310,261.23,6.72,1
2026-04-01 19:53:34.802310,262.9,7.51,1
2026-04-01 19:53:39.802310,267.69,5.21,1
2026-04-01 19:53:44.802310,271.44,6.56,1
2026-04-01 19:53:49.802310,272.5,6.59,1
2026-04-01 19:53:54.802310,286.81,5.74,1
2026-04-01 19:53:59.802310,291.69,7.97,1
2026-04-01 19:54:04.802310,300.79,6.21,1
2026-04-01 19:54:09.802310,0.0,0.0,0
2026-04-01 19:54:14.802310,0.0,0.0,0
2026-04-01 19:54:19.802310,136.58,6.23,1
2026-04-01 19:54:24.802310,136.98,6.63,1
2026-04-01 19:54:29.802310,145.82,5.72,1
2026-04-01 19:54:34.802310,160.29,6.91,1
2026-04-01 19:54:39.802310,168.3,6.37,1
2026-04-01 19:54:44.802310,169.35,5.96,1
2026-04-01 19:54:49.802310,177.8,7.62,1
2026-04-01 19:54:54.802310,184.46,5.83,1
2026-04-01 19:54:59.802310,184.96,6.97,1
2026-04-01 19:55:04.802310,197.68,6.09,1
2026-04-01 19:55:09.802310,208.29,5.81,1
2026-04-01 19:55:14.802310,209.47,5.75,1
2026-04-01 19:55:19.802310,214.73,5.36,1
2026-04-01 19:55:24.802310,228.23,6.24,1
2026-04-01 19:55:29.802310,241.94,5.4,1
2026-04-01 19:55:34.802310,250.22,7.99,1
2026-04-01 19:55:39.802310,251.49,7.09,1
2026-04-01 19:55:44.802310,255.38,6.77,1
2026-04-01 19:55:49.802310,266.98,6.73,1
2026-04-01 19:55:54.802310,274.82,7.3,1
2026-04-01 19:55:59.802310,280.49,6.21,1
2026-04-01 19:56:04.802310,289.07,7.86,1
2026-04-01 19:56:09.802310,301.84,5.34,1
2026-04-01 19:56:14.802310,175.62,5.02,1
2026-04-01 19:56:19.802310,188.74,5.04,1
2026-04-01 19:56:24.802310,193.63,7.73,1
2026-04-01 19:56:29.802310,193.82,5.32,1
2026-04-01 19:56:34.802310,206.72,6.56,1
2026-04-01 19:56:39.802310,209.55,6.14,1
2026-04-01 19:56:44.802310,212.87,6.37,1
2026-04-01 19:56:49.802310,226.99,7.3,1
2026-04-01 19:56:54.802310,230.15,5.2,1
2026-04-01 19:56:59.802310,238.29,5.88,1
2026-04-01 19:57:04.802310,240.63,7.01,1
2026-04-01 19:57:09.802310,241.18,7.56,1
2026-04-01 19:57:14.802310,242.8,5.43,1
2026-04-01 19:57:19.802310,243.77,6.18,1
2026-04-01 19:57:24.802310,249.24,5.01,1
2026-04-01 19:57:29.802310,253.79,6.02,1
2026-04-01 19:57:34.802310,266.97,5.77,1
2026-04-01 19:57:39.802310,281.59,6.09,1
2026-04-01 19:57:44.802310,289.88,7.32,1
2026-04-01 19:57:49.802310,293.03,5.73,1
2026-04-01 19:57:54.802310,296.08,5.62,1
2026-04-01 19:57:59.802310,300.16,5.81,1
2026-04-01 19:58:04.802310,0.0,0.0,0
2026-04-01 19:58:09.802310,10.94,9.72,2
2026-04-01 19:58:14.802310,22.92,8.08,2
2026-04-01 19:58:19.802310,23.49,10.04,2
2026-04-01 19:58:24.802310,35.14,8.89,2
2026-04-01 19:58:29.802310,42.37,8.62,2
2026-04-01 19:58:34.802310,55.34,9.19,2
2026-04-01 19:58:39.802310,90.68,6.35,1
2026-04-01 19:58:44.802310,92.27,7.94,1
2026-04-01 19:58:49.802310,104.96,7.25,1
2026-04-01 19:58:54.802310,109.76,7.02,1
2026-04-01 19:58:59.802310,124.26,6.53,1
2026-04-01 19:59:04.802310,133.56,7.55,1
2026-04-01 19:59:09.802310,147.95,5.38,1
2026-04-01 19:59:14.802310,158.89,5.09,1
2026-04-01 19:59:19.802310,169.35,6.93,1
2026-04-01 19:59:24.802310,172.44,6.35,1
2026-04-01 19:59:29.802310,181.87,5.23,1
2026-04-01 19:59:34.802310,188.82,6.27,1
2026-04-01 19:59:39.802310,198.16,5.53,1
2026-04-01 19:59:44.802310,201.2,6.99,1
2026-04-01 19:59:49.802310,207.26,5.22,1
2026-04-01 19:59:54.802310,215.83,7.36,1
2026-04-01 19:59:59.802310,218.67,5.11,1
2026-04-01 20:00:04.802310,227.42,5.19,1
2026-04-01 20:00:09.802310,234.22,7.33,1
2026-04-01 20:00:14.802310,241.24,7.14,1
2026-04-01 20:00:19.802310,241.33,5.47,1
2026-04-01 20:00:24.802310,244.97,5.94,1
2026-04-01 20:00:29.802310,256.6,5.22,1
2026-04-01 20:00:34.802310,265.95,5.09,1
2026-04-01 20:00:39.802310,268.58,6.79,1
2026-04-01 20:00:44.802310,282.77,6.86,1
2026-04-01 20:00:49.802310,286.45,6.31,1
2026-04-01 20:00:54.802310,286.77,5.73,1
2026-04-01 20:00:59.802310,299.75,6.73,1
2026-04-01 20:01:04.802310,307.18,6.75,1
2026-04-01 20:01:09.802310,0.0,0.0,0
2026-04-01 20:01:14.802310,145.48,7.09,1
2026-04-01 20:01:19.802310,148.39,5.36,1
2026-04-01 20:01:24.802310,150.76,6.85,1
2026-04-01 20:01:29.802310,153.45,7.22,1
2026-04-01 20:01:34.802310,159.73,5.4,1
2026-04-01 20:01:39.802310,167.43,6.14,1
2026-04-01 20:01:44.802310,174.78,6.84,1
2026-04-01 20:01:49.802310,178.65,5.84,1
2026-04-01 20:01:54.802310,180.01,6.38,1
2026-04-01 20:01:59.802310,183.69,5.13,1
2026-04-01 20:02:04.802310,198.32,5.8,1
2026-04-01 20:02:09.802310,210.53,6.71,1
2026-04-01 20:02:14.802310,219.79,6.21,1
2026-04-01 20:02:19.802310,234.67,7.77,1
2026-04-01 20:02:24.802310,245.22,7.68,1
2026-04-01 20:02:29.802310,257.44,7.42,1
2026-04-01 20:02:34.802310,259.05,6.51,1
2026-04-01 20:02:39.802310,259.42,6.57,1
2026-04-01 20:02:44.802310,263.02,6.2,1
2026-04-01 20:02:49.802310,275.12,7.4,1
2026-04-01 20:02:54.802310,284.95,7.61,1
2026-04-01 20:02:59.802310,285.6,7.4,1
2026-04-01 20:03:04.802310,286.39,7.9,1
2026-04-01 20:03:09.802310,297.38,6.53,1
2026-04-01 20:03:14.802310,303.56,5.74,1
2026-04-01 20:03:19.802310,0.0,0.0,0
2026-04-01 20:03:24.802310,7.03,10.37,2
2026-04-01 20:03:29.802310,21.23,9.6,2
2026-04-01 20:03:34.802310,27.08,10.86,2
2026-04-01 20:03:39.802310,42.07,9.72,2
2026-04-01 20:03:44.802310,46.78,10.46,2
2026-04-01 20:03:49.802310,50.36,8.42,2
2026-04-01 20:03:54.802310,37.0,11.3,2
2026-04-01 20:03:59.802310,43.82,11.42,2
2026-04-01 20:04:04.802310,52.0,9.56,2
2026-04-01 20:04:09.802310,192.58,5.15,1
2026-04-01 20:04:14.802310,202.61,5.9,1
2026-04-01 20:04:19.802310,203.17,6.06,1
2026-04-01 20:04:24.802310,205.77,7.81,1
2026-04-01 20:04:29.802310,218.13,7.36,1
2026-04-01 20:04:34.802310,231.12,7.72,1
2026-04-01 20:04:39.802310,242.79,7.75,1
2026-04-01 20:04:44.802310,254.13,7.76,1
2026-04-01 20:04:49.802310,256.71,5.91,1
2026-04-01 20:04:54.802310,259.55,6.77,1
2026-04-01 20:04:59.802310,272.03,7.0,1
2026-04-01 20:05:04.802310,272.97,6.3,1
2026-04-01 20:05:09.802310,287.83,7.16,1
2026-04-01 20:05:14.802310,290.06,5.79,1
2026-04-01 20:05:19.802310,302.86,6.96,1
2026-04-01 20:05:24.802310,90.82,5.58,1
2026-04-01 20:05:29.802310,92.79,6.8,1
2026-04-01 20:05:34.802310,100.7,7.23,1
2026-04-01 20:05:39.802310,112.83,7.18,1
2026-04-01 20:05:44.802310,122.78,7.36,1
2026-04-01 20:05:49.802310,133.31,6.32,1
2026-04-01 20:05:54.802310,142.97,7.46,1
2026-04-01 20:05:59.802310,149.01,7.56,1
2026-04-01 20:06:04.802310,157.8,7.77,1
2026-04-01 20:06:09.802310,165.56,7.84,1
2026-04-01 20:06:14.802310,171.13,7.55,1
2026-04-01 20:06:19.802310,181.74,7.36,1
2026-04-01 20:06:24.802310,195.38,7.95,1
2026-04-01 20:06:29.802310,205.47,7.27,1
2026-04-01 20:06:34.802310,218.43,6.94,1
2026-04-01 20:06:39.802310,232.18,6.61,1
2026-04-01 20:06:44.802310,237.28,5.38,1
2026-04-01 20:06:49.802310,248.79,6.74,1
2026-04-01 20:06:54.802310,252.6,7.48,1
2026-04-01 20:06:59.802310,261.18,7.63,1
2026-04-01 20:07:04.802310,267.06,6.62,1
2026-04-01 20:07:09.802310,267.1,6.8,1
2026-04-01 20:07:14.802310,267.59,7.18,1
2026-04-01 20:07:19.802310,277.17,6.62,1
2026-04-01 20:07:24.802310,291.73,6.53,1
2026-04-01 20:07:29.802310,294.34,5.96,1
2026-04-01 20:07:34.802310,308.83,7.52,1
2026-04-01 20:07:39.802310,0.0,0.0,0
2026-04-01 20:07:44.802310,0.0,0.0,0
2026-04-01 20:07:49.802310,43.65,10.33,2
2026-04-01 20:07:54.802310,54.87,9.75,2
2026-04-01 20:07:59.802310,0.7,10.65,2
2026-04-01 20:08:04.802310,13.59,8.1,2
2026-04-01 20:08:09.802310,16.64,9.66,2
2026-04-01 20:08:14.802310,30.76,8.32,2
2026-04-01 20:08:19.802310,32.3,8.6,2
2026-04-01 20:08:24.802310,41.4,11.38,2
2026-04-01 20:08:29.802310,53.69,9.34,2
2026-04-01 20:08:34.802310,0.0,0.0,0
2026-04-01 20:08:39.802310,27.38,8.61,2
2026-04-01 20:08:44.802310,37.62,8.71,2
2026-04-01 20:08:49.802310,50.2,9.77,2
2026-04-01 20:08:54.802310,133.9,7.12,1
2026-04-01 20:08:59.802310,144.8,7.76,1
2026-04-01 20:09:04.802310,147.57,7.61,1
2026-04-01 20:09:09.802310,150.71,5.81,1
2026-04-01 20:09:14.802310,157.89,7.56,1
2026-04-01 20:09:19.802310,171.77,6.37,1
2026-04-01 20:09:24.802310,181.0,6.47,1
2026-04-01 20:09:29.802310,183.15,5.26,1
2026-04-01 20:09:34.802310,193.75,6.92,1
2026-04-01 20:09:39.802310,198.83,6.69,1
2026-04-01 20:09:44.802310,202.73,7.45,1
2026-04-01 20:09:49.802310,209.34,7.34,1
2026-04-01 20:09:54.802310,219.66,5.35,1
2026-04-01 20:09:59.802310,225.18,8.0,1
2026-04-01 20:10:04.802310,232.81,5.13,1
2026-04-01 20:10:09.802310,244.37,5.23,1
2026-04-01 20:10:14.802310,256.92,5.96,1
2026-04-01 20:10:19.802310,257.2,7.01,1
2026-04-01 20:10:24.802310,261.56,6.39,1
2026-04-01 20:10:29.802310,262.39,7.23,1
2026-04-01 20:10:34.802310,269.37,7.9,1
2026-04-01 20:10:39.802310,270.16,7.21,1
2026-04-01 20:10:44.802310,276.83,7.58,1
2026-04-01 20:10:49.802310,279.62,5.35,1
2026-04-01 20:10:54.802310,284.28,6.9,1
2026-04-01 20:10:59.802310,292.48,7.95,1
2026-04-01 20:11:04.802310,297.61,6.5,1
2026-04-01 20:11:09.802310,308.21,5.15,1
2026-04-01 20:11:14.802310,27.79,10.8,2
2026-04-01 20:11:19.802310,38.41,10.91,2
2026-04-01 20:11:24.802310,52.18,10.87,2
2026-04-01 20:11:29.802310,10.27,11.29,2
2026-04-01 20:11:34.802310,17.49,8.63,2
2026-04-01 20:11:39.802310,26.68,9.87,2
2026-04-01 20:11:44.802310,39.78,10.03,2
2026-04-01 20:11:49.802310,48.79,8.95,2
2026-04-01 20:11:54.802310,59.92,8.19,2
2026-04-01 20:11:59.802310,19.87,8.14,2
2026-04-01 20:12:04.802310,33.19,10.93,2
2026-04-01 20:12:09.802310,37.94,8.45,2
2026-04-01 20:12:14.802310,47.6,9.99,2
2026-04-01 20:12:19.802310,57.18,11.27,2
2026-04-01 20:12:24.802310,0.0,0.0,0
2026-04-01 20:12:29.802310,79.26,6.55,1
2026-04-01 20:12:34.802310,81.9,6.95,1
2026-04-01 20:12:39.802310,96.07,5.97,1
2026-04-01 20:12:44.802310,107.73,5.43,1
2026-04-01 20:12:49.802310,113.55,7.8,1
2026-04-01 20:12:54.802310,114.49,5.89,1
2026-04-01 20:12:59.802310,124.46,7.33,1
2026-04-01 20:13:04.802310,124.62,7.79,1
2026-04-01 20:13:09.802310,135.77,6.09,1
2026-04-01 20:13:14.802310,145.91,7.17,1
2026-04-01 20:13:19.802310,149.39,6.19,1
2026-04-01 20:13:24.802310,160.18,5.9,1
2026-04-01 20:13:29.802310,162.49,5.98,1
2026-04-01 20:13:34.802310,165.53,5.76,1
2026-04-01 20:13:39.802310,165.93,7.67,1
2026-04-01 20:13:44.802310,174.36,6.61,1
2026-04-01 20:13:49.802310,183.16,5.08,1
2026-04-01 20:13:54.802310,187.61,6.85,1
2026-04-01 20:13:59.802310,200.86,6.39,1
2026-04-01 20:14:04.802310,201.68,5.52,1
2026-04-01 20:14:09.802310,213.88,6.64,1
2026-04-01 20:14:14.802310,216.92,6.18,1
2026-04-01 20:14:19.802310,229.79,6.82,1
2026-04-01 20:14:24.802310,231.05,6.12,1
2026-04-01 20:14:29.802310,235.15,6.94,1
2026-04-01 20:14:34.802310,246.89,5.29,1
2026-04-01 20:14:39.802310,254.78,5.28,1
2026-04-01 20:14:44.802310,255.22,7.85,1
2026-04-01 20:14:49.802310,257.57,6.26,1
2026-04-01 20:14:54.802310,269.13,5.0,1
2026-04-01 20:14:59.802310,273.64,7.87,1
2026-04-01 20:15:04.802310,274.86,7.89,1
2026-04-01 20:15:09.802310,281.84,7.97,1
2026-04-01 20:15:14.802310,287.65,7.08,1
2026-04-01 20:15:19.802310,292.57,6.57,1
2026-04-01 20:15:24.802310,307.36,5.96,1
2026-04-01 20:15:29.802310,87.32,5.3,1
2026-04-01 20:15:34.802310,92.1,5.04,1
2026-04-01 20:15:39.802310,93.24,7.2,1
2026-04-01 20:15:44.802310,93.36,7.19,1
2026-04-01 20:15:49.802310,103.62,7.48,1
2026-04-01 20:15:54.802310,113.51,6.76,1
2026-04-01 20:15:59.802310,118.47,7.07,1
2026-04-01 20:16:04.802310,130.21,6.75,1
2026-04-01 20:16:09.802310,131.89,6.38,1
2026-04-01 20:16:14.802310,138.51,6.04,1
2026-04-01 20:16:19.802310,151.18,7.99,1
2026-04-01 20:16:24.802310,157.81,5.29,1
2026-04-01 20:16:29.802310,165.96,7.08,1
2026-04-01 20:16:34.802310,168.2,7.24,1
2026-04-01 20:16:39.802310,171.5,6.91,1
2026-04-01 20:16:44.802310,183.83,7.08,1
2026-04-01 20:16:49.802310,185.29,6.23,1
2026-04-01 20:16:54.802310,194.29,7.08,1
2026-04-01 20:16:59.802310,204.92,5.7,1
2026-04-01 20:17:04.802310,214.66,7.76,1
2026-04-01 20:17:09.802310,220.9,5.05,1
2026-04-01 20:17:14.802310,223.29,5.87,1
2026-04-01 20:17:19.802310,226.57,6.09,1
2026-04-01 20:17:24.802310,239.65,6.18,1
2026-04-01 20:17:29.802310,252.26,7.88,1
2026-04-01 20:17:34.802310,258.43,5.95,1
2026-04-01 20:17:39.802310,263.2,5.79,1
2026-04-01 20:17:44.802310,265.02,6.78,1
2026-04-01 20:17:49.802310,279.47,6.69,1
2026-04-01 20:17:54.802310,286.7,7.71,1
2026-04-01 20:17:59.802310,298.41,6.79,1
2026-04-01 20:18:04.802310,311.94,5.75,1
2026-04-01 20:18:09.802310,73.38,7.4,1
2026-04-01 20:18:14.802310,87.69,7.59,1
2026-04-01 20:18:19.802310,93.19,5.5,1
2026-04-01 20:18:24.802310,104.31,6.14,1
2026-04-01 20:18:29.802310,119.25,6.14,1
2026-04-01 20:18:34.802310,130.37,6.0,1
2026-04-01 20:18:39.802310,131.01,6.85,1
2026-04-01 20:18:44.802310,141.37,7.78,1
2026-04-01 20:18:49.802310,151.02,7.71,1
2026-04-01 20:18:54.802310,163.42,7.01,1
2026-04-01 20:18:59.802310,171.87,6.22,1
2026-04-01 20:19:04.802310,173.06,7.27,1
2026-04-01 20:19:09.802310,175.59,7.44,1
2026-04-01 20:19:14.802310,184.55,6.8,1
2026-04-01 20:19:19.802310,187.42,6.85,1
2026-04-01 20:19:24.802310,194.47,6.97,1
2026-04-01 20:19:29.802310,200.2,7.16,1
2026-04-01 20:19:34.802310,213.06,7.3,1
2026-04-01 20:19:39.802310,221.27,6.47,1
2026-04-01 20:19:44.802310,228.81,7.98,1
2026-04-01 20:19:49.802310,229.22,6.92,1
2026-04-01 20:19:54.802310,239.7,7.73,1
2026-04-01 20:19:59.802310,252.72,7.6,1
2026-04-01 20:20:04.802310,266.73,6.0,1
2026-04-01 20:20:09.802310,274.14,6.68,1
2026-04-01 20:20:14.802310,283.9,6.58,1
2026-04-01 20:20:19.802310,293.42,7.85,1
2026-04-01 20:20:24.802310,299.39,5.86,1
2026-04-01 20:20:29.802310,304.19,5.93,1
2026-04-01 20:20:34.802310,151.23,7.45,1
2026-04-01 20:20:39.802310,152.82,7.97,1
2026-04-01 20:20:44.802310,153.33,5.55,1
2026-04-01 20:20:49.802310,155.49,7.21,1
2026-04-01 20:20:54.802310,164.85,6.31,1
2026-04-01 20:20:59.802310,170.19,7.35,1
2026-04-01 20:21:04.802310,179.96,7.04,1
2026-04-01 20:21:09.802310,186.9,7.9,1
2026-04-01 20:21:14.802310,188.53,6.28,1
2026-04-01 20:21:19.802310,193.23,6.8,1
2026-04-01 20:21:24.802310,205.24,6.81,1
2026-04-01 20:21:29.802310,212.09,5.93,1
2026-04-01 20:21:34.802310,219.75,5.97,1
2026-04-01 20:21:39.802310,219.85,5.19,1
2026-04-01 20:21:44.802310,222.39,6.9,1
2026-04-01 20:21:49.802310,236.38,7.77,1
2026-04-01 20:21:54.802310,237.07,6.89,1
2026-04-01 20:21:59.802310,243.0,6.57,1
2026-04-01 20:22:04.802310,254.75,5.57,1
2026-04-01 20:22:09.802310,263.32,6.66,1
2026-04-01 20:22:14.802310,276.43,6.22,1
2026-04-01 20:22:19.802310,290.86,6.74,1
2026-04-01 20:22:24.802310,299.01,7.77,1
2026-04-01 20:22:29.802310,311.93,5.59,1
2026-04-01 20:22:34.802310,0.0,0.0,0
2026-04-01 20:22:39.802310,149.65,5.1,1
2026-04-01 20:22:44.802310,155.17,6.96,1
2026-04-01 20:22:49.802310,165.36,5.92,1
2026-04-01 20:22:54.802310,166.83,7.83,1
2026-04-01 20:22:59.802310,170.74,6.08,1
2026-04-01 20:23:04.802310,171.03,7.6,1
2026-04-01 20:23:09.802310,174.0,7.94,1
2026-04-01 20:23:14.802310,184.08,6.49,1
2026-04-01 20:23:19.802310,198.86,5.15,1
2026-04-01 20:23:24.802310,205.55,6.52,1
2026-04-01 20:23:29.802310,217.25,6.13,1
2026-04-01 20:23:34.802310,229.17,5.14,1
2026-04-01 20:23:39.802310,242.9,6.8,1
2026-04-01 20:23:44.802310,247.33,5.37,1
2026-04-01 20:23:49.802310,254.35,5.68,1
2026-04-01 20:23:54.802310,254.38,6.89,1
2026-04-01 20:23:59.802310,260.62,5.8,1
2026-04-01 20:24:04.802310,261.61,5.74,1
2026-04-01 20:24:09.802310,269.15,7.96,1
2026-04-01 20:24:14.802310,270.93,5.17,1
2026-04-01 20:24:19.802310,277.68,6.33,1
2026-04-01 20:24:24.802310,281.3,6.43,1
2026-04-01 20:24:29.802310,285.23,7.93,1
2026-04-01 20:24:34.802310,294.38,6.01,1
2026-04-01 20:24:39.802310,307.2,5.08,1
2026-04-01 20:24:44.802310,0.0,0.0,0
2026-04-01 20:24:49.802310,0.0,0.0,0
2026-04-01 20:24:54.802310,132.46,7.96,1
2026-04-01 20:24:59.802310,133.98,6.53,1
2026-04-01 20:25:04.802310,145.97,6.97,1
2026-04-01 20:25:09.802310,157.97,5.36,1
2026-04-01 20:25:14.802310,166.6,6.18,1
2026-04-01 20:25:19.802310,171.38,7.9,1
2026-04-01 20:25:24.802310,186.0,6.01,1
2026-04-01 20:25:29.802310,194.24,5.06,1
2026-04-01 20:25:34.802310,207.17,7.51,1
2026-04-01 20:25:39.802310,219.11,7.11,1
2026-04-01 20:25:44.802310,230.89,7.76,1
2026-04-01 20:25:49.802310,239.27,5.23,1
2026-04-01 20:25:54.802310,245.14,7.55,1
2026-04-01 20:25:59.802310,253.45,7.05,1
2026-04-01 20:26:04.802310,265.02,6.75,1
2026-04-01 20:26:09.802310,275.91,7.25,1
2026-04-01 20:26:14.802310,276.19,6.75,1
2026-04-01 20:26:19.802310,286.07,5.15,1
2026-04-01 20:26:24.802310,288.78,7.54,1
2026-04-01 20:26:29.802310,302.25,7.84,1
2026-04-01 20:26:34.802310,21.09,11.89,2
2026-04-01 20:26:39.802310,25.27,8.61,2
2026-04-01 20:26:44.802310,33.29,8.62,2
2026-04-01 20:26:49.802310,36.28,11.85,2
2026-04-01 20:26:54.802310,44.97,9.98,2
2026-04-01 20:26:59.802310,54.14,10.67,2
2026-04-01 20:27:04.802310,0.0,0.0,0
2026-04-01 20:27:09.802310,0.0,0.0,0
2026-04-01 20:27:14.802310,0.0,0.0,0
2026-04-01 20:27:19.802310,4.76,9.15,2
2026-04-01 20:27:24.802310,14.28,8.38,2
2026-04-01 20:27:29.802310,27.89,11.35,2
2026-04-01 20:27:34.802310,30.48,10.04,2
2026-04-01 20:27:39.802310,38.72,8.19,2
2026-04-01 20:27:44.802310,52.81,10.76,2
2026-04-01 20:27:49.802310,21.0,9.82,2
2026-04-01 20:27:54.802310,34.78,8.89,2
2026-04-01 20:27:59.802310,38.86,10.53,2
2026-04-01 20:28:04.802310,52.5,8.75,2
2026-04-01 20:28:09.802310,30.82,11.21,2
2026-04-01 20:28:14.802310,44.77,11.62,2
2026-04-01 20:28:19.802310,49.14,11.08,2
2026-04-01 20:28:24.802310,54.12,10.6,2
2026-04-01 20:28:29.802310,42.24,10.46,2
2026-04-01 20:28:34.802310,46.25,10.32,2
2026-04-01 20:28:39.802310,59.44,10.01,2
2026-04-01 20:28:44.802310,128.59,6.12,1
2026-04-01 20:28:49.802310,139.52,5.16,1
2026-04-01 20:28:54.802310,147.12,7.18,1
2026-04-01 20:28:59.802310,149.58,5.05,1
2026-04-01 20:29:04.802310,153.57,5.58,1
2026-04-01 20:29:09.802310,163.63,7.94,1
2026-04-01 20:29:14.802310,169.17,5.73,1
2026-04-01 20:29:19.802310,180.75,7.66,1
2026-04-01 20:29:24.802310,181.27,6.39,1
2026-04-01 20:29:29.802310,189.35,6.01,1
2026-04-01 20:29:34.802310,201.19,5.94,1
2026-04-01 20:29:39.802310,204.76,6.42,1
2026-04-01 20:29:44.802310,215.24,7.56,1
2026-04-01 20:29:49.802310,229.95,6.3,1
2026-04-01 20:29:54.802310,242.11,7.46,1
2026-04-01 20:29:59.802310,256.25,5.08,1
2026-04-01 20:30:04.802310,268.65,5.59,1
2026-04-01 20:30:09.802310,269.41,6.71,1
2026-04-01 20:30:14.802310,283.05,6.17,1
2026-04-01 20:30:19.802310,292.79,5.6,1
2026-04-01 20:30:24.802310,293.23,7.76,1
2026-04-01 20:30:29.802310,305.71,6.28,1
2026-04-01 20:30:34.802310,0.0,0.0,0
2026-04-01 20:30:39.802310,34.9,10.99,2
2026-04-01 20:30:44.802310,38.12,9.69,2
2026-04-01 20:30:49.802310,52.48,8.46,2
2026-04-01 20:30:54.802310,15.98,8.53,2
2026-04-01 20:30:59.802310,16.11,11.06,2
2026-04-01 20:31:04.802310,30.25,8.02,2
2026-04-01 20:31:09.802310,34.92,8.04,2
2026-04-01 20:31:14.802310,41.34,8.53,2
2026-04-01 20:31:19.802310,55.63,8.28,2
2026-04-01 20:31:24.802310,171.88,7.76,1
2026-04-01 20:31:29.802310,185.24,5.22,1
2026-04-01 20:31:34.802310,187.39,7.66,1
2026-04-01 20:31:39.802310,200.4,6.88,1
2026-04-01 20:31:44.802310,211.41,7.15,1
2026-04-01 20:31:49.802310,213.94,6.78,1
