timestamp,Current,Voltage,Temperature,Vibration
14:09:00,0.4,8.09,3.84,0
14:09:05,1.91,22.55,-96.48,1
14:09:10,1.43,24.46,-18.45,1
14:09:15,1.86,24.93,-60.55,1
14:09:20,2.12,14.94,85.21,0
14:09:25,1.68,24.38,121.45,0
14:09:30,0.01,23.3,-45.29,0
14:09:35,2.64,19.91,30.03,1
14:09:40,1.34,22.23,106.76,0
14:09:45,2.49,24.86,-112.59,1
14:09:50,2.72,12.35,-79.49,0
14:09:55,0.47,22.86,-107.68,0
14:10:00,2.47,19.53,-4.0,1
14:10:05,1.46,15.85,108.86,1
14:10:10,1.76,16.58,119.41,0
14:10:15,0.67,13.6,38.9,0
14:10:20,1.08,21.01,123.59,0
14:10:25,1.47,10.23,-19.69,1
14:10:30,0.97,19.08,-35.76,1
14:10:35,2.22,22.32,101.91,0
14:10:40,1.76,20.07,116.72,0
14:10:45,0.46,18.66,59.29,0
14:10:50,0.99,17.87,2.17,1
14:10:55,1.85,18.79,45.93,1
14:11:00,1.97,14.15,61.82,0
14:11:05,2.66,20.8,12.75,1
14:11:10,1.62,22.39,28.51,0
14:11:15,2.93,9.88,24.36,0
14:11:20,0.95,17.61,92.03,1
14:11:25,1.23,11.87,33.73,1
14:11:30,2.39,19.6,71.53,0
14:11:35,1.42,8.49,-67.26,1
14:11:40,2.04,14.46,114.87,1
14:11:45,2.12,24.66,45.99,0
14:11:50,1.85,14.97,-113.55,1
14:11:55,0.58,12.13,102.17,0
14:12:00,0.86,12.16,43.95,0
14:12:05,0.82,20.57,-29.77,1
14:12:10,0.65,16.67,-54.6,1
14:12:15,1.92,17.44,1.45,1
14:12:20,0.96,12.58,-106.9,1
14:12:25,2.39,11.12,-6.64,0
14:12:30,2.34,18.81,-115.54,1
14:12:35,0.44,24.98,-43.64,0
14:12:40,0.18,18.43,54.36,0
14:12:45,2.14,20.36,54.06,0
14:12:50,2.76,23.23,118.44,0
14:12:55,2.26,21.53,69.64,0
14:13:00,2.82,15.85,-106.6,1
14:13:05,2.9,21.84,47.04,0
14:13:10,0.18,20.88,-82.32,1
14:13:15,2.32,8.94,67.51,0
14:13:20,1.19,19.42,-59.63,1
14:13:25,1.37,24.91,13.06,0
14:13:30,0.62,11.08,79.43,0
14:13:35,0.04,16.9,-13.66,0
14:13:40,2.79,20.95,6.9,1
14:13:45,0.35,20.13,-76.06,0
14:13:50,1.32,12.56,-57.47,0
14:13:55,0.17,12.74,97.42,1
14:14:00,2.45,18.28,6.51,1
14:14:05,1.89,16.12,-30.14,1
14:14:10,0.28,16.46,73.48,1
14:14:15,1.09,8.73,-13.07,1
14:14:20,2.36,19.89,-85.07,1
14:14:25,0.91,20.76,0.64,1
14:14:30,0.73,8.34,46.88,0
14:14:35,0.21,22.62,59.77,0
14:14:40,2.36,18.22,33.67,1
14:14:45,2.28,16.94,20.17,1
14:14:50,1.81,8.11,-34.97,1
14:14:55,1.07,17.27,123.48,0
14:15:00,0.35,18.44,83.34,0
14:15:05,2.56,22.26,21.78,0
14:15:10,1.71,20.79,-111.14,0
14:15:15,2.81,20.88,-47.44,0
14:15:20,0.4,18.82,2.09,0
14:15:25,1.53,21.48,85.1,0
14:15:30,1.2,19.65,-16.63,0
14:15:35,0.84,20.86,88.32,1
14:15:40,2.52,16.0,-118.45,1
14:15:45,0.05,23.61,-75.74,1
14:15:50,1.97,22.89,-45.57,0
14:15:55,1.4,18.15,-37.88,1
14:16:00,2.92,19.62,47.21,1
14:16:05,1.71,17.12,111.01,0
14:16:10,1.46,15.05,-64.69,1
14:16:15,2.0,10.59,-0.37,1
14:16:20,0.16,22.64,31.98,0
14:16:25,0.59,13.59,-15.61,1
14:16:30,2.92,18.68,-27.01,0
14:16:35,1.73,19.26,88.43,0
14:16:40,2.32,19.3,38.36,1
14:16:45,2.68,16.74,83.09,1
14:16:50,0.11,14.52,-99.75,1
14:16:55,1.8,22.51,119.62,1
14:17:00,2.5,19.83,-108.77,0
14:17:05,1.09,23.14,1.64,0
14:17:10,0.09,19.92,126.37,0
14:17:15,0.06,14.64,-14.67,1
14:17:20,2.11,9.03,-31.06,1
14:17:25,1.17,23.59,-126.58,0
14:17:30,2.12,16.48,23.37,0
14:17:35,0.36,17.21,-115.32,0
14:17:40,0.13,23.25,-79.79,0
14:17:45,0.64,12.23,-61.51,1
14:17:50,1.0,9.44,-15.01,1
14:17:55,0.4,24.51,86.81,0
14:18:00,0.43,24.15,-79.18,1
14:18:05,2.53,17.7,19.47,1
14:18:10,2.87,14.79,20.43,0
14:18:15,0.37,8.12,6.27,0
14:18:20,0.57,24.13,68.51,1
14:18:25,0.24,23.0,84.85,1
14:18:30,0.7,15.65,68.99,1
14:18:35,1.16,9.93,59.18,1
14:18:40,0.18,22.91,-54.85,1
14:18:45,1.64,21.05,-35.71,0
14:18:50,1.36,12.08,-97.36,0
14:18:55,2.34,18.64,10.45,0
14:19:00,0.2,9.45,78.35,1
14:19:05,1.53,21.82,62.98,0
14:19:10,0.32,22.97,-1.28,1
14:19:15,2.62,13.1,-119.89,0
14:19:20,0.84,13.57,85.43,0
14:19:25,1.71,15.41,31.26,0
14:19:30,1.17,16.49,-7.46,1
14:19:35,0.99,21.77,97.01,0
14:19:40,0.03,19.09,-117.99,1
14:19:45,1.66,13.6,-125.11,1
14:19:50,2.24,8.15,35.47,1
14:19:55,0.06,19.81,-71.4,0
14:20:00,2.18,17.07,124.55,1
14:20:05,0.7,16.6,112.63,1
14:20:10,1.5,20.95,-92.38,0
14:20:15,0.17,22.72,119.0,0
14:20:20,2.16,14.61,-99.99,0
14:20:25,0.02,11.13,37.67,0
14:20:30,2.4,13.33,36.41,0
14:20:35,2.79,19.59,-102.75,0
14:20:40,2.47,24.63,8.11,1
14:20:45,1.19,24.79,55.4,0
14:20:50,2.82,13.42,52.16,1
14:20:55,0.26,21.09,57.14,0
14:21:00,0.38,16.73,-65.92,1
14:21:05,1.88,14.93,-52.54,0
14:21:10,2.73,20.6,-63.78,0
14:21:15,0.5,20.94,20.87,1
14:21:20,2.38,10.46,116.8,0
14:21:25,1.31,12.02,113.62,1
14:21:30,2.24,19.79,34.74,0
14:21:35,0.59,22.65,-11.94,1
14:21:40,1.54,12.52,-114.9,0
14:21:45,1.02,9.94,-21.51,1
14:21:50,0.7,16.41,47.27,1
14:21:55,0.92,22.57,-119.35,0
14:22:00,1.82,19.23,32.16,0
14:22:05,0.26,21.87,-1.29,1
14:22:10,2.94,17.71,-60.14,1
14:22:15,0.1,24.45,-100.49,0
14:22:20,1.45,10.65,-115.26,0
14:22:25,0.03,24.41,47.8,0
14:22:30,1.41,17.88,-63.74,0
14:22:35,2.01,10.23,0.63,1
14:22:40,1.17,15.34,88.5,0
14:22:45,1.11,24.97,0.95,0
14:22:50,0.02,23.54,39.6,1
14:22:55,2.76,19.07,21.92,1
14:23:00,0.4,19.52,-101.67,1
14:23:05,0.57,24.78,121.54,0
14:23:10,2.82,16.47,65.4,0
14:23:15,1.47,12.57,-29.01,0
14:23:20,2.96,23.89,-19.16,0
14:23:25,0.41,20.04,109.79,1
14:23:30,1.58,11.03,28.75,1
14:23:35,2.11,15.47,51.49,1
14:23:40,0.74,23.35,12.12,1
14:23:45,2.43,8.72,-41.44,1
14:23:50,2.83,20.75,114.91,0
14:23:55,1.4,24.63,123.64,1
14:24:00,0.88,16.94,-25.61,1
14:24:05,0.15,22.55,-102.69,0
14:24:10,1.92,20.41,53.18,1
14:24:15,0.08,19.87,-109.05,1
14:24:20,0.54,22.22,13.77,1
14:24:25,2.34,8.5,80.0,1
14:24:30,1.08,12.95,-42.43,0
14:24:35,1.48,23.42,84.19,0
14:24:40,2.89,23.92,38.01,1
14:24:45,1.98,13.9,87.5,0
14:24:50,2.3,19.41,64.95,0
14:24:55,2.62,23.95,17.68,1
14:25:00,0.34,14.04,125.39,1
14:25:05,1.98,8.74,33.64,0
14:25:10,2.09,16.01,85.23,1
14:25:15,0.97,22.02,-14.84,0
14:25:20,1.69,23.23,12.3,1
14:25:25,1.52,18.4,-119.3,0
14:25:30,0.96,21.15,53.01,0
14:25:35,0.27,22.71,-40.25,0
14:25:40,2.94,13.54,-41.46,1
14:25:45,2.96,13.96,97.88,1
14:25:50,2.73,13.15,-11.13,1
14:25:55,1.12,24.69,-76.47,1
14:26:00,0.66,20.1,67.42,1
14:26:05,2.33,20.98,32.73,0
14:26:10,1.64,10.81,36.91,1
14:26:15,2.4,20.07,10.24,0
14:26:20,1.48,17.53,73.03,1
14:26:25,1.6,22.46,-69.54,1
14:26:30,2.28,11.77,31.14,1
14:26:35,1.89,10.58,-115.73,0
14:26:40,0.65,17.23,-89.38,1
14:26:45,1.8,13.12,-81.13,1
14:26:50,1.62,21.21,-107.16,1
14:26:55,0.19,23.54,97.24,0
14:27:00,0.72,11.63,121.17,0
14:27:05,0.25,18.37,-38.71,1
14:27:10,1.23,20.33,-24.26,0
14:27:15,0.44,9.89,11.43,0
14:27:20,0.53,23.56,-43.78,1
14:27:25,2.2,17.69,-82.15,1
14:27:30,1.3,21.74,4.96,0
14:27:35,0.82,20.71,-78.29,1
14:27:40,1.19,22.5,-51.1,0
14:27:45,1.43,20.35,-113.41,0
14:27:50,1.14,18.75,118.6,1
14:27:55,1.66,16.67,-125.62,0
14:28:00,1.4,12.58,-66.38,1
14:28:05,1.14,10.24,114.49,0
14:28:10,1.05,15.61,55.8,1
14:28:15,0.04,14.64,62.11,0
14:28:20,0.16,9.86,-5.36,0
14:28:25,1.28,14.55,70.18,1
14:28:30,2.65,14.89,-4.43,0
14:28:35,0.63,17.36,-80.8,1
14:28:40,2.68,13.94,76.79,0
14:28:45,0.77,18.07,-24.85,0
14:28:50,1.88,13.29,-115.23,1
14:28:55,0.77,10.72,-119.88,0
14:29:00,0.34,10.84,37.42,1
14:29:05,1.47,24.08,112.92,0
14:29:10,1.9,20.92,-17.09,1
14:29:15,2.42,18.66,-89.83,0
14:29:20,1.39,12.08,-79.86,1
14:29:25,2.98,19.66,-54.51,1
14:29:30,1.67,14.38,-96.43,1
14:29:35,1.24,10.51,58.95,1
14:29:40,0.96,24.74,-65.19,0
14:29:45,1.76,9.46,-13.05,1
14:29:50,1.34,14.13,-27.29,0
14:29:55,1.41,11.33,-38.98,1
14:30:00,2.99,24.77,-125.68,0
14:30:05,1.6,11.44,25.37,1
14:30:10,1.88,17.09,-25.91,1
14:30:15,0.21,8.53,-23.68,0
14:30:20,2.04,11.7,-6.55,0
14:30:25,2.99,24.4,99.49,1
14:30:30,2.17,19.05,15.86,1
14:30:35,1.91,12.18,-107.93,1
14:30:40,0.78,10.61,39.42,1
14:30:45,1.44,15.44,21.82,0
14:30:50,1.54,11.19,-7.61,1
14:30:55,0.89,20.22,-76.25,1
14:31:00,2.1,10.64,93.29,1
14:31:05,0.9,23.98,7.49,0
14:31:10,0.72,23.04,14.76,0
14:31:15,0.59,8.32,87.01,1
14:31:20,0.45,11.93,30.0,0
14:31:25,0.69,13.57,44.34,0
14:31:30,0.76,23.13,-35.54,0
14:31:35,1.39,16.5,-108.29,0
14:31:40,0.04,22.79,57.7,1
14:31:45,1.1,13.24,45.34,1
14:31:50,0.75,22.21,-85.65,1
14:31:55,1.19,16.18,69.31,1
14:32:00,1.52,24.4,-117.08,1
14:32:05,2.12,15.42,77.54,1
14:32:10,0.58,9.33,-65.23,1
14:32:15,0.12,12.26,98.35,0
14:32:20,0.79,24.36,-124.04,0
14:32:25,1.8,12.53,-47.09,1
14:32:30,1.86,21.84,-97.73,1
14:32:35,1.42,12.68,114.9,1
14:32:40,2.1,10.08,-112.92,1
14:32:45,2.1,10.53,111.42,1
14:32:50,0.68,17.93,117.44,1
14:32:55,0.34,18.12,-121.52,1
14:33:00,1.63,13.81,68.52,1
14:33:05,2.19,12.84,57.91,1
14:33:10,1.73,8.97,64.24,0
14:33:15,2.76,12.05,117.44,0
14:33:20,0.34,21.77,121.89,1
14:33:25,0.41,23.53,-59.6,0
14:33:30,0.89,19.04,-45.9,0
14:33:35,1.46,23.02,-103.71,0
14:33:40,0.7,15.8,-45.67,1
14:33:45,0.43,10.87,67.18,1
14:33:50,0.54,24.86,14.97,1
14:33:55,0.36,16.78,-32.01,1
14:34:00,0.97,19.52,-27.84,1
14:34:05,0.77,16.84,-25.51,1
14:34:10,0.56,16.37,-6.86,0
14:34:15,1.68,21.81,17.8,0
14:34:20,2.38,8.43,98.68,0
14:34:25,1.85,21.52,90.3,1
14:34:30,1.63,23.45,-40.36,0
14:34:35,2.53,10.78,-113.02,0
14:34:40,2.69,13.71,47.62,0
14:34:45,2.96,17.48,-108.22,0
14:34:50,1.31,11.87,-123.89,0
14:34:55,2.97,8.85,-36.39,1
14:35:00,1.26,23.55,-63.83,1
14:35:05,1.91,15.64,-97.14,1
14:35:10,2.2,9.35,-122.53,1
14:35:15,0.05,12.59,-78.13,0
14:35:20,1.9,9.25,50.63,0
14:35:25,0.69,10.62,3.41,1
14:35:30,0.07,13.65,-78.75,0
14:35:35,2.5,17.37,-9.82,1
14:35:40,2.9,15.39,90.39,0
14:35:45,1.21,24.16,98.25,1
14:35:50,1.62,16.43,120.24,1
14:35:55,2.73,16.23,-47.02,0
14:36:00,2.59,21.72,4.91,0
14:36:05,2.06,21.63,-83.9,1
14:36:10,0.79,10.13,72.19,0
14:36:15,2.02,15.28,112.76,0
14:36:20,0.69,9.56,-8.62,1
14:36:25,0.54,11.86,-95.11,1
14:36:30,0.44,13.11,115.03,0
14:36:35,1.27,23.24,-98.69,0
14:36:40,0.17,14.93,-21.74,0
14:36:45,0.19,20.25,-42.48,1
14:36:50,0.64,15.45,116.78,0
14:36:55,2.2,17.66,-68.11,1
14:37:00,0.09,19.77,-19.53,0
14:37:05,2.11,20.11,-7.42,1
14:37:10,2.13,8.51,22.43,0
14:37:15,0.9,14.85,26.96,0
14:37:20,2.04,18.39,-121.56,1
14:37:25,0.42,16.49,54.58,0
14:37:30,1.42,13.73,-105.39,0
14:37:35,2.11,16.33,32.66,0
14:37:40,1.69,13.84,65.71,0
14:37:45,1.64,10.39,64.71,1
14:37:50,2.65,20.58,-83.32,0
14:37:55,2.59,21.03,-92.94,0
14:38:00,2.09,17.48,83.54,1
14:38:05,1.36,11.02,76.95,1
14:38:10,2.44,20.74,82.89,1
14:38:15,2.46,17.52,50.89,0
14:38:20,1.42,21.05,-29.0,0
14:38:25,1.53,8.68,-33.57,1
14:38:30,0.37,11.26,101.89,1
14:38:35,1.58,11.12,-91.92,1
14:38:40,2.34,17.33,-104.55,1
14:38:45,1.29,8.12,-106.84,0
14:38:50,1.87,23.37,120.98,1
14:38:55,1.71,16.9,120.14,0
14:39:00,1.54,9.09,-33.75,0
14:39:05,1.12,9.7,94.83,0
14:39:10,0.8,14.05,38.17,1
14:39:15,2.43,18.94,-82.66,0
14:39:20,0.87,19.98,-16.48,1
14:39:25,1.15,19.46,-37.88,1
14:39:30,0.61,11.74,67.37,1
14:39:35,2.33,9.69,-93.28,0
14:39:40,2.61,23.91,-19.94,0
14:39:45,1.13,24.72,98.86,0
14:39:50,0.2,9.21,33.96,0
14:39:55,0.39,22.24,-42.59,0
14:40:00,1.32,21.07,52.85,0
14:40:05,0.57,15.01,-67.5,1
14:40:10,1.34,18.65,-113.47,1
14:40:15,0.97,16.62,85.31,0
14:40:20,1.75,14.57,-60.43,1
14:40:25,2.59,24.7,117.61,0
14:40:30,2.72,20.4,76.57,1
14:40:35,0.9,18.27,89.0,0
14:40:40,0.8,9.02,0.19,0
14:40:45,1.38,10.31,106.04,1
14:40:50,2.14,12.43,105.31,1
14:40:55,1.7,13.28,67.92,0
14:41:00,1.6,19.95,49.25,0
14:41:05,0.99,24.24,-62.58,0
14:41:10,2.88,10.37,115.89,1
14:41:15,1.95,17.87,-125.52,0
14:41:20,0.24,8.31,-16.41,0
14:41:25,2.03,18.53,-43.01,1
14:41:30,2.54,17.85,64.77,1
14:41:35,2.68,18.72,-13.65,1
14:41:40,1.82,13.48,-11.56,1
14:41:45,0.23,9.06,48.14,0
14:41:50,2.66,10.59,117.38,0
14:41:55,2.28,8.79,-117.38,0
14:42:00,1.95,18.59,-121.49,1
14:42:05,2.4,24.1,60.99,0
14:42:10,2.06,24.63,75.95,1
14:42:15,1.13,22.97,94.33,0
14:42:20,1.19,8.13,33.43,1
14:42:25,0.37,22.3,-71.86,0
14:42:30,1.48,24.01,112.49,0
14:42:35,1.02,16.35,-63.1,0
14:42:40,1.77,17.15,88.78,0
14:42:45,2.8,14.56,-65.88,1
14:42:50,2.72,17.21,8.22,0
14:42:55,1.19,22.65,-4.65,1
14:43:00,2.79,10.3,-37.1,1
14:43:05,0.0,9.46,42.57,1
14:43:10,2.74,15.94,83.08,0
14:43:15,1.56,17.87,55.23,0
14:43:20,2.94,19.24,-100.16,0
14:43:25,2.07,23.94,76.99,0
14:43:30,1.87,13.16,100.35,1
14:43:35,1.34,16.91,34.5,1
14:43:40,2.27,19.72,111.49,0
14:43:45,2.27,24.67,84.35,1
14:43:50,1.59,23.37,-47.59,0
14:43:55,1.99,14.21,-53.17,1
14:44:00,2.3,20.74,-2.56,1
14:44:05,2.36,24.29,64.63,1
14:44:10,1.3,23.65,0.13,1
14:44:15,0.31,24.6,-46.72,0
14:44:20,2.67,24.21,84.74,1
14:44:25,0.07,12.27,10.15,0
14:44:30,1.92,22.11,53.36,0
14:44:35,1.7,8.16,-44.78,0
14:44:40,2.22,22.88,-111.84,0
14:44:45,2.9,22.2,-18.59,0
14:44:50,0.54,8.51,-14.95,0
14:44:55,1.35,20.54,-68.1,0
14:45:00,1.28,24.57,-2.0,0
14:45:05,0.67,13.46,-119.38,1
14:45:10,0.99,22.6,66.59,0
14:45:15,0.78,12.69,120.55,1
14:45:20,0.6,12.96,54.75,1
14:45:25,0.35,12.77,-106.92,1
14:45:30,1.28,21.7,77.79,0
14:45:35,0.95,25.0,15.8,1
14:45:40,2.07,12.5,38.97,0
14:45:45,1.69,16.33,54.39,1
14:45:50,0.11,24.52,69.45,0
14:45:55,2.16,9.26,9.63,0
14:46:00,1.78,10.98,120.17,1
14:46:05,0.57,23.58,-86.7,0
14:46:10,0.46,8.29,-121.38,1
14:46:15,2.98,11.4,119.19,1
14:46:20,1.08,11.42,120.25,0
14:46:25,0.51,8.84,61.87,0
14:46:30,2.3,17.36,-93.37,1
14:46:35,2.3,18.97,90.2,0
14:46:40,1.47,21.0,99.21,1
14:46:45,2.87,9.38,82.1,0
14:46:50,2.71,16.86,-26.8,1
14:46:55,0.15,23.03,-66.52,1
14:47:00,1.32,22.34,-45.05,0
14:47:05,0.71,23.99,121.53,0
14:47:10,2.15,17.98,12.99,1
14:47:15,0.69,10.73,-100.95,0
14:47:20,0.96,24.59,-61.48,0
14:47:25,0.11,18.49,57.38,1
14:47:30,2.57,21.54,99.55,1
14:47:35,1.26,12.3,33.47,1
14:47:40,2.09,9.95,-67.06,0
14:47:45,1.61,12.58,66.71,1
14:47:50,1.63,21.25,-97.26,1
14:47:55,0.73,10.3,85.64,1
14:48:00,1.09,13.41,63.3,1
14:48:05,0.54,22.44,5.82,1
14:48:10,2.74,9.28,112.79,0
14:48:15,1.95,14.22,-93.07,0
14:48:20,0.07,12.22,-86.14,0
14:48:25,2.99,8.82,-70.83,1
14:48:30,0.46,11.84,-122.23,0
14:48:35,2.36,17.27,72.44,0
14:48:40,1.76,21.31,122.26,1
14:48:45,2.99,21.65,110.5,0
14:48:50,0.22,14.93,-38.29,1
14:48:55,2.15,17.53,-44.14,1
14:49:00,1.12,23.02,-43.43,0
14:49:05,2.32,8.31,-120.31,0
14:49:10,2.15,16.38,-35.0,1
14:49:15,1.53,20.64,59.69,1
14:49:20,1.29,21.89,-31.95,1
14:49:25,0.07,17.48,89.85,1
14:49:30,2.37,14.33,112.79,1
14:49:35,0.73,20.1,48.63,1
14:49:40,2.99,23.8,-57.76,1
14:49:45,2.74,9.3,52.44,1
14:49:50,1.3,16.07,-102.49,1
14:49:55,2.99,8.14,107.25,1
14:50:00,2.92,16.24,4.38,1
14:50:05,1.91,19.19,-83.08,0
14:50:10,1.93,20.44,25.08,1
14:50:15,1.12,13.16,53.04,0
14:50:20,0.54,8.23,55.91,0
14:50:25,1.99,10.58,6.3,1
14:50:30,1.09,15.54,-119.89,0
14:50:35,2.96,13.29,49.91,1
14:50:40,1.71,16.27,19.21,0
14:50:45,1.58,20.67,-118.95,0
14:50:50,0.02,15.91,-70.85,1
14:50:55,0.63,10.62,-92.36,0
14:51:00,2.21,22.28,117.97,1
14:51:05,0.27,18.99,19.23,1
14:51:10,1.92,17.66,-97.76,0
14:51:15,1.12,13.21,120.51,0
14:51:20,1.04,13.48,18.36,1
14:51:25,2.97,20.3,-78.6,1
14:51:30,2.52,14.07,51.37,1
14:51:35,1.19,18.28,31.64,1
14:51:40,2.59,24.13,60.17,0
14:51:45,1.02,21.61,-41.3,0
14:51:50,2.91,15.23,38.64,1
14:51:55,0.57,24.44,36.84,0
14:52:00,1.33,11.1,77.92,1
14:52:05,1.14,24.9,8.56,0
14:52:10,2.0,22.71,-95.54,1
14:52:15,1.36,8.97,96.71,0
14:52:20,0.21,23.29,98.11,1
14:52:25,1.6,12.01,-43.18,1
14:52:30,2.28,19.07,89.42,0
14:52:35,1.76,15.72,26.38,1
14:52:40,0.42,23.65,-93.47,0
14:52:45,0.33,15.44,-72.93,1
14:52:50,1.63,23.03,-23.38,1
14:52:55,0.45,16.41,36.81,1
14:53:00,2.38,11.5,89.64,1
14:53:05,1.79,14.17,107.46,1
14:53:10,0.98,16.97,-110.84,0
14:53:15,2.62,8.0,18.17,0
14:53:20,0.8,13.73,-119.11,1
14:53:25,2.52,18.76,-15.06,1
14:53:30,1.1,17.76,-108.45,1
14:53:35,0.48,16.24,-46.38,1
14:53:40,1.57,22.08,-45.86,0
14:53:45,2.97,13.12,107.4,0
14:53:50,0.57,17.83,102.98,0
14:53:55,1.48,10.2,99.03,0
14:54:00,2.85,10.93,-74.91,0
14:54:05,0.52,8.11,-50.52,0
14:54:10,2.22,9.22,86.04,1
14:54:15,2.96,16.26,-66.69,1
14:54:20,1.44,22.74,-57.45,0
14:54:25,0.37,18.04,63.17,0
14:54:30,1.41,17.03,-7.73,0
14:54:35,2.2,13.97,-32.06,1
14:54:40,0.96,16.58,122.99,0
14:54:45,0.83,9.28,-96.3,0
14:54:50,2.19,10.83,70.62,0
14:54:55,2.51,24.3,-90.11,1
14:55:00,1.36,20.13,-46.18,1
14:55:05,1.02,17.61,101.09,0
14:55:10,0.62,21.07,-82.65,1
14:55:15,0.46,15.4,84.22,0
14:55:20,0.09,21.21,50.59,0
14:55:25,2.03,8.51,-9.66,1
14:55:30,0.06,18.12,121.27,0
14:55:35,1.61,18.69,-53.63,0
14:55:40,0.04,21.13,87.72,1
14:55:45,0.98,23.47,95.39,0
14:55:50,0.95,8.45,-63.75,1
14:55:55,2.64,21.33,96.11,1
14:56:00,2.98,19.59,-13.04,1
14:56:05,1.54,17.45,-115.28,0
14:56:10,2.04,10.64,39.97,0
14:56:15,1.96,13.99,-97.61,0
14:56:20,2.42,22.94,-47.83,1
14:56:25,0.84,12.06,82.13,0
14:56:30,2.14,18.67,46.24,1
14:56:35,2.48,21.52,63.93,0
14:56:40,2.77,11.21,12.07,1
14:56:45,1.13,21.81,-43.0,1
14:56:50,2.39,21.71,107.04,0
14:56:55,1.05,8.66,125.38,0
14:57:00,0.9,11.43,83.53,1
14:57:05,1.1,12.22,-42.1,1
14:57:10,0.39,11.13,84.67,0
14:57:15,1.6,19.31,-27.81,0
14:57:20,1.14,18.13,24.21,0
14:57:25,1.9,12.91,-50.5,0
14:57:30,2.58,8.96,11.74,0
14:57:35,1.69,20.1,95.2,1
14:57:40,2.25,12.04,79.72,0
14:57:45,2.87,14.81,30.22,0
14:57:50,2.29,8.48,-89.96,0
14:57:55,1.83,16.04,-37.32,1
14:58:00,1.51,24.15,-120.42,1
14:58:05,0.07,15.73,75.28,1
14:58:10,2.5,16.14,33.81,1
14:58:15,0.62,19.64,-74.85,0
14:58:20,0.42,17.28,-56.53,1
14:58:25,2.66,8.41,44.77,1
14:58:30,1.59,19.44,80.68,1
14:58:35,2.73,8.64,-73.76,0
14:58:40,2.73,13.07,-96.07,0
14:58:45,0.33,8.06,-45.67,1
14:58:50,2.91,10.21,-105.72,0
14:58:55,1.46,20.07,93.5,1
14:59:00,1.84,13.05,-108.62,1
14:59:05,2.47,19.78,-20.95,0
14:59:10,1.66,17.81,101.2,0
14:59:15,0.83,9.61,70.0,0
14:59:20,2.21,8.95,-118.74,0
14:59:25,0.26,18.38,107.16,1
14:59:30,2.3,20.88,-112.95,0
14:59:35,1.04,10.85,84.11,1
14:59:40,0.55,15.21,-37.34,0
14:59:45,0.43,15.62,49.06,0
14:59:50,1.76,15.42,32.55,0
14:59:55,2.97,9.13,94.45,1
15:00:00,0.09,8.62,-13.33,0
15:00:05,2.36,18.77,-49.47,0
15:00:10,0.59,24.97,-4.04,0
15:00:15,1.65,8.57,109.6,1
15:00:20,1.64,21.96,83.74,1
15:00:25,0.53,8.78,-114.78,0
15:00:30,0.8,12.42,-22.08,1
15:00:35,0.99,19.39,-28.52,1
15:00:40,1.26,11.42,-46.25,0
15:00:45,0.42,15.96,-49.07,1
15:00:50,0.59,14.01,48.82,1
15:00:55,0.92,21.5,111.87,1
15:01:00,2.78,16.39,47.58,0
15:01:05,0.7,16.28,13.35,1
15:01:10,2.92,10.45,44.95,1
15:01:15,0.96,11.34,106.25,0
15:01:20,0.15,24.43,57.47,1
15:01:25,0.63,24.61,-43.97,0
15:01:30,2.84,18.87,116.8,0
15:01:35,0.88,20.28,-56.7,0
15:01:40,0.21,10.6,122.27,0
15:01:45,2.56,20.28,24.38,0
15:01:50,2.98,15.16,-95.7,0
15:01:55,1.55,15.47,83.14,0
15:02:00,2.61,21.18,-45.24,1
15:02:05,0.81,8.58,-60.17,1
15:02:10,1.64,16.95,-81.72,0
15:02:15,0.24,22.82,35.46,0
15:02:20,1.04,16.15,112.45,1
15:02:25,1.17,20.67,71.75,1
15:02:30,0.2,13.87,-108.91,0
15:02:35,0.72,11.11,25.36,1
15:02:40,1.54,23.52,-22.01,1
15:02:45,1.48,19.34,101.8,0
15:02:50,2.99,21.1,-4.83,0
15:02:55,0.15,13.0,-92.8,0
15:03:00,1.14,21.68,91.22,0
15:03:05,0.21,20.21,-30.01,1
15:03:10,1.01,21.62,7.94,1
15:03:15,2.63,13.72,-27.53,0
15:03:20,0.52,23.92,80.66,0
15:03:25,0.49,15.39,-37.65,1
15:03:30,0.77,13.22,122.72,1
15:03:35,0.71,13.93,102.22,1
15:03:40,2.04,8.52,44.37,0
15:03:45,1.8,10.78,-30.21,1
15:03:50,2.48,24.97,-49.08,1
15:03:55,2.7,19.57,35.02,0
15:04:00,0.87,8.3,73.18,0
15:04:05,1.87,23.93,13.6,0
15:04:10,1.57,14.82,3.42,0
15:04:15,1.11,21.92,4.04,0
15:04:20,1.38,14.54,-13.17,1
15:04:25,1.74,19.78,2.23,1
15:04:30,1.57,22.87,89.47,0
15:04:35,2.13,16.25,12.96,0
15:04:40,1.44,24.18,98.02,1
15:04:45,0.69,12.26,-64.6,1
15:04:50,0.84,14.4,-117.49,0
15:04:55,1.22,18.98,111.69,1
15:05:00,0.56,18.57,-108.62,1
15:05:05,1.77,23.83,125.2,0
15:05:10,2.93,8.9,79.15,0
15:05:15,2.86,9.1,21.21,1
15:05:20,0.52,20.93,-75.53,1
15:05:25,1.91,22.28,-70.85,0
15:05:30,2.92,12.07,69.26,0
15:05:35,2.59,14.22,-97.96,0
15:05:40,0.91,19.36,35.03,0
15:05:45,1.98,22.39,-6.59,0
15:05:50,0.88,10.49,-72.48,0
15:05:55,2.5,14.58,37.5,0
15:06:00,0.54,10.63,-74.78,1
15:06:05,0.05,24.28,27.36,0
15:06:10,2.95,20.89,-46.66,1
15:06:15,2.53,12.2,104.24,1
15:06:20,0.41,12.13,-35.47,0
15:06:25,1.13,20.44,-53.89,0
15:06:30,1.85,20.87,102.04,1
15:06:35,0.64,20.33,98.22,0
15:06:40,2.46,12.11,42.82,1
15:06:45,2.81,16.09,112.05,1
15:06:50,0.72,20.26,28.14,0
15:06:55,1.75,17.14,-36.98,1
15:07:00,1.13,19.24,-90.28,1
15:07:05,1.69,14.67,57.45,1
15:07:10,0.1,23.17,27.43,1
15:07:15,1.72,13.81,23.54,1
15:07:20,0.27,22.0,-73.02,0
15:07:25,2.08,23.96,103.48,1
15:07:30,2.29,9.8,114.93,1
15:07:35,2.95,15.2,-11.62,0
15:07:40,1.99,16.0,-7.71,0
15:07:45,2.09,13.87,-62.24,1
15:07:50,0.78,21.48,-25.66,0
15:07:55,1.68,19.09,-68.2,0
15:08:00,0.15,15.77,-122.79,0
15:08:05,2.91,24.82,-101.47,1
15:08:10,2.47,8.86,19.2,0
15:08:15,0.13,22.67,-112.28,0
15:08:20,1.44,24.35,-113.66,0
15:08:25,1.34,15.87,97.16,1
15:08:30,1.45,9.47,94.1,1
15:08:35,0.19,22.77,114.23,1
15:08:40,0.39,23.33,-72.17,0
15:08:45,1.91,15.32,-106.37,1
15:08:50,0.67,22.04,45.39,1
15:08:55,0.78,9.95,106.24,1
15:09:00,0.59,23.09,-94.38,0
15:09:05,2.01,14.98,-97.73,0
15:09:10,0.51,12.07,81.72,0
15:09:15,0.45,18.6,-83.58,1
15:09:20,2.61,9.82,87.94,0
15:09:25,0.27,12.07,-93.61,0
15:09:30,2.82,12.29,-42.44,0
15:09:35,0.28,22.58,37.65,1
15:09:40,2.44,17.4,-1.12,0
15:09:45,2.72,10.04,25.42,0
15:09:50,1.44,21.8,105.04,1
15:09:55,2.52,15.95,78.6,1
15:10:00,1.35,20.83,73.35,1
15:10:05,0.29,15.9,-117.01,1
15:10:10,0.23,13.99,-53.02,0
15:10:15,2.51,16.06,15.15,0
15:10:20,1.72,16.65,8.25,0
15:10:25,1.27,12.08,42.15,1
15:10:30,0.24,23.26,49.27,0
15:10:35,0.57,19.77,-116.17,0
15:10:40,1.67,11.12,-78.94,0
15:10:45,2.67,13.19,76.51,0
15:10:50,0.66,24.24,-14.31,0
15:10:55,1.73,9.26,-77.13,1
15:11:00,2.28,17.36,25.04,1
15:11:05,1.17,22.45,-21.71,1
15:11:10,1.0,22.38,-45.87,0
15:11:15,0.87,21.69,13.46,0
15:11:20,1.76,24.88,-117.15,0
15:11:25,1.75,15.04,-76.68,0
15:11:30,2.71,20.24,-11.78,1
15:11:35,1.02,10.41,34.5,1
15:11:40,2.49,16.75,-72.04,0
15:11:45,1.67,15.83,115.77,1
15:11:50,1.9,11.31,-72.3,1
15:11:55,2.32,23.11,-30.82,1
15:12:00,1.06,15.63,5.23,0
15:12:05,0.44,10.09,-116.06,0
15:12:10,2.84,14.71,-31.06,1
15:12:15,1.58,17.58,-38.69,1
15:12:20,0.58,17.6,112.75,1
15:12:25,1.83,8.94,81.47,0
15:12:30,1.41,10.02,89.55,1
15:12:35,0.03,23.53,38.03,0
15:12:40,1.32,13.14,34.59,1
15:12:45,2.48,22.96,-118.57,1
15:12:50,1.84,20.3,-20.09,0
15:12:55,0.37,12.23,-76.98,1
15:13:00,1.13,12.56,51.78,0
15:13:05,2.18,22.17,11.06,1
15:13:10,2.05,10.19,-70.57,0
15:13:15,2.48,11.19,-59.64,0
15:13:20,1.17,18.76,-2.4,0
15:13:25,1.51,10.28,2.35,0
15:13:30,1.94,13.86,-70.11,1
15:13:35,1.62,11.54,119.16,0
15:13:40,0.19,22.22,-107.8,0
15:13:45,0.34,22.6,13.36,0
15:13:50,2.07,13.97,103.56,1
15:13:55,2.0,11.19,10.7,1
15:14:00,1.34,19.88,108.42,0
15:14:05,1.0,22.7,-93.63,1
15:14:10,1.22,23.7,-113.53,1
15:14:15,1.49,14.17,122.4,1
15:14:20,2.12,17.16,88.43,0
15:14:25,0.75,14.94,-101.27,0
15:14:30,1.3,11.34,15.32,0
15:14:35,2.5,21.33,-23.78,0
15:14:40,2.2,18.72,90.7,0
15:14:45,1.57,16.04,-73.2,1
15:14:50,0.99,20.13,-71.65,0
15:14:55,2.9,9.41,-106.88,1
15:15:00,2.67,18.45,-11.81,0
15:15:05,2.4,17.3,-122.4,1
15:15:10,0.56,17.27,-43.83,0
15:15:15,1.1,19.1,12.34,0
15:15:20,1.16,11.54,-24.12,0
15:15:25,1.4,18.88,-76.93,1
15:15:30,2.23,14.11,3.15,1
15:15:35,0.77,20.45,-59.3,1
15:15:40,2.4,12.0,7.69,0
15:15:45,2.1,11.32,-44.37,1
15:15:50,1.52,18.47,16.42,0
15:15:55,0.71,9.56,-70.59,0
15:16:00,0.52,16.48,-37.83,0
15:16:05,2.72,14.63,70.22,0
15:16:10,1.0,20.03,51.66,0
15:16:15,2.27,12.32,-25.73,1
15:16:20,0.74,20.51,46.26,0
15:16:25,0.62,22.94,-122.83,1
15:16:30,0.21,16.54,96.07,0
15:16:35,2.74,21.52,79.89,0
15:16:40,0.85,18.72,-30.16,1
15:16:45,1.04,14.87,82.62,1
15:16:50,2.77,11.73,-40.61,1
15:16:55,2.54,23.02,-82.07,1
15:17:00,0.31,24.09,115.5,0
15:17:05,2.84,24.95,6.0,1
15:17:10,2.05,10.2,-22.85,0
15:17:15,0.63,23.68,-101.03,1
15:17:20,0.37,18.04,-31.56,1
15:17:25,0.16,9.57,-9.49,0
15:17:30,0.46,22.1,-41.28,0
15:17:35,1.19,18.47,30.8,1
15:17:40,1.24,19.44,35.07,1
15:17:45,1.16,14.28,121.68,0
15:17:50,0.19,14.06,113.69,0
15:17:55,0.48,16.37,-47.23,1
15:18:00,2.13,19.5,23.33,1
15:18:05,0.25,24.22,72.34,1
15:18:10,1.57,15.5,122.47,1
15:18:15,2.52,17.0,38.73,1
15:18:20,1.95,22.32,90.86,1
15:18:25,1.22,17.47,15.82,0
15:18:30,2.99,23.95,-109.62,1
15:18:35,1.11,11.28,-10.58,1
15:18:40,2.29,8.18,71.79,1
15:18:45,2.78,15.04,123.69,1
15:18:50,0.11,19.85,114.74,0
15:18:55,0.6,14.56,-41.37,0
15:19:00,2.91,16.4,90.84,0
15:19:05,2.2,12.98,-33.78,0
15:19:10,0.46,19.58,-120.66,0
15:19:15,2.34,20.3,13.17,1
15:19:20,2.83,10.95,95.14,1
15:19:25,0.98,21.89,109.37,0
15:19:30,1.93,21.37,-1.78,1
15:19:35,0.57,22.37,-118.41,0
15:19:40,1.96,9.92,85.89,0
15:19:45,0.43,23.67,-66.03,0
15:19:50,0.2,21.68,-50.01,1
15:19:55,2.64,17.71,-43.82,0
15:20:00,1.57,21.78,-91.75,0
15:20:05,2.85,20.82,-107.05,0
15:20:10,2.3,12.0,42.89,1
15:20:15,0.96,12.68,-98.36,0
15:20:20,2.26,12.98,24.82,0
15:20:25,1.14,9.53,-89.79,1
15:20:30,0.23,15.8,-76.45,1
15:20:35,0.06,13.11,21.28,0
15:20:40,1.87,9.04,38.29,0
15:20:45,1.01,14.45,-17.84,0
15:20:50,0.53,16.62,-79.83,0
15:20:55,0.19,15.32,80.45,1
15:21:00,1.41,21.56,54.0,0
15:21:05,0.12,16.9,-96.26,0
15:21:10,2.56,21.7,-80.4,0
15:21:15,2.25,20.89,-12.57,0
15:21:20,1.55,12.26,-98.5,1
15:21:25,1.49,20.56,-56.71,1
15:21:30,0.5,24.03,-28.24,0
15:21:35,0.58,16.33,-88.71,1
15:21:40,1.35,9.72,114.13,0
15:21:45,0.38,11.02,35.78,1
15:21:50,0.3,18.42,-67.25,0
15:21:55,2.21,11.25,-37.91,1
15:22:00,0.95,10.26,-10.62,1
15:22:05,2.4,8.71,-101.78,1
15:22:10,0.55,20.15,-41.25,0
15:22:15,0.5,20.91,-50.01,1
15:22:20,1.58,14.66,-108.01,0
15:22:25,2.25,11.38,11.12,0
15:22:30,2.72,9.98,4.75,0
15:22:35,2.44,18.88,94.12,1
15:22:40,1.43,20.7,-119.99,0
15:22:45,0.8,20.15,-99.54,0
15:22:50,2.45,21.65,-7.77,0
15:22:55,1.24,22.64,-32.98,0
15:23:00,2.41,24.66,37.0,0
15:23:05,2.65,11.57,-117.0,1
15:23:10,1.0,14.21,32.27,0
15:23:15,0.31,24.02,-90.81,1
15:23:20,1.82,9.65,102.56,1
15:23:25,2.77,21.42,78.46,1
15:23:30,0.0,10.67,123.25,0
15:23:35,0.72,24.62,-97.6,0
15:23:40,0.78,14.35,-99.1,1
15:23:45,2.03,15.95,-0.43,0
15:23:50,0.8,12.23,-33.97,1
15:23:55,0.3,12.97,-107.8,0
15:24:00,2.06,23.24,35.7,1
15:24:05,1.95,9.09,22.58,1
15:24:10,1.8,13.2,113.82,0
15:24:15,0.08,23.05,-31.46,1
15:24:20,2.7,13.49,73.2,1
15:24:25,2.0,11.3,-115.67,0
15:24:30,0.87,24.36,5.1,0
15:24:35,1.13,23.18,66.74,1
15:24:40,2.81,16.12,-10.86,0
15:24:45,0.4,13.81,95.7,0
15:24:50,1.86,22.0,113.26,1
15:24:55,1.55,19.09,-106.75,1
15:25:00,2.41,13.43,108.3,0
15:25:05,2.33,21.81,-79.21,1
15:25:10,1.38,14.23,-25.36,0
15:25:15,1.31,21.82,20.67,1
15:25:20,2.49,13.07,-16.96,1
15:25:25,1.28,11.78,71.09,0
15:25:30,0.77,22.5,-49.22,1
15:25:35,0.12,24.25,-39.86,1
15:25:40,1.82,9.27,-111.44,1
15:25:45,0.11,20.17,-60.38,0
15:25:50,2.83,13.62,-1.21,1
15:25:55,1.43,8.31,105.67,1
15:26:00,2.12,24.43,-85.66,0
15:26:05,1.85,11.19,110.91,0
15:26:10,1.63,11.3,91.87,1
15:26:15,2.48,13.67,-27.49,1
15:26:20,1.09,23.44,0.57,1
15:26:25,1.5,11.96,1.76,1
15:26:30,2.58,10.43,66.95,0
15:26:35,1.45,10.85,-100.62,0
15:26:40,1.21,18.67,36.14,0
15:26:45,2.1,15.16,-44.02,1
15:26:50,0.04,18.16,-91.67,0
15:26:55,1.46,17.87,-57.72,0
15:27:00,0.15,20.45,124.3,0
15:27:05,2.31,11.31,-60.33,1
15:27:10,1.33,12.68,41.02,1
15:27:15,2.99,23.6,-22.49,0
15:27:20,0.11,9.84,95.16,1
15:27:25,1.62,18.25,-44.48,0
15:27:30,2.1,14.58,-72.42,1
15:27:35,2.03,17.92,-55.86,1
15:27:40,2.38,24.13,-0.46,1
15:27:45,2.91,10.05,108.31,0
15:27:50,0.38,8.84,-75.7,0
15:27:55,1.6,19.38,-22.35,1
15:28:00,2.9,10.3,40.81,0
15:28:05,1.04,24.67,51.09,0
15:28:10,0.68,15.16,-75.77,0
15:28:15,0.29,23.03,-84.64,0
15:28:20,0.82,21.79,84.79,1
15:28:25,1.21,21.08,-13.6,1
15:28:30,1.6,17.07,40.85,0
15:28:35,1.61,16.68,121.23,1
15:28:40,1.7,24.28,110.53,0
15:28:45,1.81,17.74,38.54,0
15:28:50,1.92,22.17,37.41,1
15:28:55,1.69,18.0,30.99,0
15:29:00,2.11,23.76,69.25,0
15:29:05,1.11,21.22,-41.14,1
15:29:10,1.01,18.94,104.37,0
15:29:15,1.02,11.27,-47.98,0
15:29:20,0.25,16.25,12.48,0
15:29:25,0.8,15.55,-100.73,1
15:29:30,0.3,10.82,-51.11,1
15:29:35,2.12,10.08,101.55,1
15:29:40,0.42,24.84,42.35,0
15:29:45,1.19,14.02,2.21,0
15:29:50,0.91,19.75,111.07,0
15:29:55,2.1,10.12,101.21,0
15:30:00,2.82,18.46,-100.9,0
15:30:05,2.06,16.06,-17.43,0
15:30:10,1.56,10.16,-84.02,1
15:30:15,2.91,21.52,-27.8,0
15:30:20,1.68,22.64,125.77,0
15:30:25,0.57,10.14,-94.94,1
15:30:30,1.37,13.85,-2.49,1
15:30:35,1.51,9.31,-42.84,1
15:30:40,1.53,21.51,117.77,0
15:30:45,2.96,24.16,69.99,0
15:30:50,2.11,17.81,103.11,0
15:30:55,2.49,12.05,61.71,0
15:31:00,0.46,14.81,-62.78,1
15:31:05,1.35,20.96,-90.81,1
15:31:10,2.98,21.44,98.77,0
15:31:15,0.04,13.46,57.45,1
15:31:20,0.46,11.11,86.99,1
15:31:25,1.17,16.28,92.68,0
15:31:30,2.89,19.81,-74.85,0
15:31:35,2.33,9.98,21.55,0
15:31:40,2.64,19.18,-106.05,1
15:31:45,0.33,14.17,17.79,1
15:31:50,2.33,22.59,-41.64,0
15:31:55,0.9,19.23,65.02,1
15:32:00,1.91,8.96,18.67,1
15:32:05,1.99,12.15,-97.23,0
15:32:10,1.75,17.3,-98.2,1
15:32:15,2.08,21.59,-41.79,1
15:32:20,2.45,22.29,46.4,1
15:32:25,2.73,19.66,20.71,1
15:32:30,1.31,20.84,23.81,0
15:32:35,0.41,9.4,-38.57,0
15:32:40,2.87,13.24,-21.4,1
15:32:45,2.66,8.78,37.54,0
15:32:50,1.14,10.99,-5.59,0
15:32:55,2.59,8.95,-82.84,1
15:33:00,1.48,8.52,40.14,1
15:33:05,0.6,14.99,-14.45,0
15:33:10,1.82,20.85,73.13,0
15:33:15,1.42,18.26,77.78,0
15:33:20,0.8,9.62,-62.79,1
15:33:25,1.44,21.31,11.89,0
15:33:30,1.91,23.47,-27.2,0
15:33:35,1.15,10.44,47.74,0
15:33:40,1.34,13.0,-95.26,0
15:33:45,2.42,10.02,-10.46,1
15:33:50,2.6,10.9,37.17,1
15:33:55,0.06,12.69,-109.06,1
15:34:00,1.74,18.19,61.51,1
15:34:05,2.82,21.74,-105.53,1
15:34:10,1.8,15.66,125.55,1
15:34:15,0.32,22.8,-126.35,1
15:34:20,2.58,18.56,-78.45,0
15:34:25,0.93,20.41,54.63,0
15:34:30,1.66,13.45,-55.64,1
15:34:35,0.59,11.72,113.72,0
15:34:40,1.64,17.61,-85.44,1
15:34:45,0.5,20.83,-48.2,1
15:34:50,0.86,17.33,66.78,0
15:34:55,1.13,21.05,-69.84,0
15:35:00,2.59,10.71,72.48,1
15:35:05,0.11,8.13,36.73,0
15:35:10,0.07,22.14,26.34,0
15:35:15,0.29,11.58,-1.93,1
15:35:20,2.22,21.31,-95.61,0
15:35:25,1.6,11.33,-55.68,1
15:35:30,2.81,13.08,-38.1,1
15:35:35,1.3,21.82,-5.3,1
15:35:40,2.28,24.34,7.04,1
15:35:45,0.15,20.65,-116.09,0
15:35:50,0.45,19.28,-24.44,1
15:35:55,2.47,10.66,-37.11,1
15:36:00,2.12,21.96,63.98,1
15:36:05,1.32,11.42,-20.81,0
15:36:10,0.37,23.99,80.13,1
15:36:15,2.21,13.97,-64.51,1
15:36:20,0.78,10.72,57.35,1
15:36:25,0.62,12.2,72.59,1
15:36:30,2.36,15.68,-42.56,0
15:36:35,1.45,24.27,-20.2,0
15:36:40,2.33,24.62,-10.02,0
15:36:45,1.42,13.69,-19.05,1
15:36:50,1.23,24.49,-122.22,0
15:36:55,0.78,12.23,66.53,1
15:37:00,0.09,16.55,-74.39,0
15:37:05,0.77,19.0,-16.17,0
15:37:10,2.75,19.2,-116.22,0
15:37:15,1.9,15.85,-34.21,1
15:37:20,2.33,24.05,-22.3,0
15:37:25,2.37,9.17,-92.57,1
15:37:30,0.18,20.49,-97.63,1
15:37:35,1.3,12.35,85.16,1
15:37:40,0.98,18.87,-22.45,1
15:37:45,1.65,15.42,-59.91,1
15:37:50,0.53,15.88,-94.37,0
15:37:55,1.23,9.43,34.52,1
15:38:00,2.74,18.47,-117.52,0
15:38:05,0.89,24.42,-107.22,0
15:38:10,2.56,21.99,-10.0,0
15:38:15,0.78,12.14,22.56,1
15:38:20,2.67,12.57,-44.37,0
15:38:25,2.71,10.68,-80.42,1
15:38:30,0.13,11.89,107.71,1
15:38:35,2.7,23.96,96.14,1
15:38:40,2.91,15.55,68.18,1
15:38:45,0.11,18.79,-87.36,0
15:38:50,1.36,13.98,8.48,1
15:38:55,2.4,24.78,64.83,1
15:39:00,2.7,21.81,62.07,1
15:39:05,2.92,17.4,12.67,0
15:39:10,2.04,16.44,85.1,1
15:39:15,0.45,22.57,-57.0,1
15:39:20,1.42,11.28,-88.97,1
15:39:25,2.24,21.7,52.92,0
15:39:30,0.06,20.49,72.25,0
15:39:35,1.18,17.32,-72.05,0
15:39:40,0.09,24.97,-103.77,1
15:39:45,1.75,9.22,-43.42,0
15:39:50,2.73,11.05,-46.44,1
15:39:55,1.08,22.56,-91.98,0
15:40:00,0.37,12.03,-73.42,1
15:40:05,1.63,12.57,-22.58,0
15:40:10,0.54,14.74,-92.6,1
15:40:15,2.42,20.27,98.88,1
15:40:20,0.07,16.51,83.71,0
15:40:25,1.68,18.2,56.5,0
15:40:30,1.31,11.65,27.01,0
15:40:35,1.36,18.1,3.25,1
15:40:40,1.46,8.64,46.31,1
15:40:45,1.37,11.7,-83.46,0
15:40:50,1.08,14.57,67.04,0
15:40:55,0.64,12.83,-10.55,0
15:41:00,0.49,8.67,-35.35,0
15:41:05,0.45,24.05,29.93,0
15:41:10,1.39,24.64,46.03,0
15:41:15,2.78,24.37,-68.86,0
15:41:20,2.71,12.88,-115.27,0
15:41:25,0.71,20.87,91.26,1
15:41:30,2.53,19.21,-107.81,1
15:41:35,0.06,8.15,-29.77,1
15:41:40,2.33,11.69,-62.38,0
15:41:45,2.64,14.91,-83.2,0
15:41:50,0.43,19.5,-82.68,1
15:41:55,0.71,10.79,102.65,1
15:42:00,0.68,17.64,28.72,0
15:42:05,0.04,21.44,70.99,1
15:42:10,0.78,23.66,-85.02,0
15:42:15,2.5,13.7,-125.27,1
15:42:20,1.49,10.28,-16.55,1
15:42:25,0.34,20.68,-93.1,0
15:42:30,0.77,22.33,108.01,0
15:42:35,2.92,9.59,-94.37,0
15:42:40,1.69,23.6,122.58,0
15:42:45,2.83,9.5,-27.01,0
15:42:50,2.99,9.07,53.38,1
15:42:55,0.37,24.81,-98.64,1
15:43:00,1.68,10.69,65.6,1
15:43:05,0.4,12.45,-81.81,0
15:43:10,2.07,20.33,77.14,0
15:43:15,2.78,16.98,-10.88,0
15:43:20,0.12,19.96,58.88,1
15:43:25,2.78,16.6,43.62,1
15:43:30,0.78,21.29,-39.14,1
15:43:35,1.17,14.69,-106.41,0
15:43:40,2.89,17.08,87.79,1
15:43:45,1.07,20.34,65.63,1
15:43:50,1.64,8.26,73.15,1
15:43:55,2.97,20.38,-83.12,1
15:44:00,0.77,14.72,-20.17,0
15:44:05,0.95,19.5,-123.25,0
15:44:10,0.49,21.55,-25.14,0
15:44:15,1.62,10.28,-24.51,1
15:44:20,2.8,15.4,-61.61,1
15:44:25,0.77,17.75,68.54,0
15:44:30,1.1,17.2,-112.99,1
15:44:35,1.95,24.66,-74.74,0
15:44:40,1.1,16.93,-60.56,1
15:44:45,2.62,9.71,84.28,0
15:44:50,1.89,20.72,-35.97,0
15:44:55,1.68,21.99,-66.39,1
15:45:00,1.61,10.53,-48.07,0
15:45:05,2.07,14.57,90.42,1
15:45:10,1.47,18.52,30.55,0
15:45:15,1.06,9.77,-47.91,0
15:45:20,2.36,18.14,16.95,0
15:45:25,2.88,16.37,107.0,1
15:45:30,0.68,24.08,-119.89,1
15:45:35,1.22,21.71,68.59,0
15:45:40,0.03,18.22,-30.02,1
15:45:45,1.24,16.25,80.45,0
15:45:50,0.77,16.83,56.43,1
15:45:55,1.61,13.32,-111.76,0
15:46:00,0.84,14.17,-44.88,0
15:46:05,0.58,16.47,34.95,0
15:46:10,0.7,20.15,-51.45,0
15:46:15,1.32,20.81,24.8,0
15:46:20,0.1,16.17,41.0,1
15:46:25,2.55,10.07,-102.04,1
15:46:30,2.08,12.47,-2.97,1
15:46:35,1.65,20.58,-37.99,1
15:46:40,0.98,8.05,34.46,0
15:46:45,2.32,18.31,59.42,1
15:46:50,0.48,18.63,-118.43,1
15:46:55,2.2,9.07,111.5,1
15:47:00,0.79,20.13,86.39,1
15:47:05,2.11,21.89,117.08,0
15:47:10,2.46,11.92,95.97,1
15:47:15,2.82,15.33,-110.07,1
15:47:20,1.56,22.24,43.82,1
15:47:25,0.46,11.23,31.36,1
15:47:30,1.61,12.16,91.57,0
15:47:35,1.92,10.72,51.74,0
15:47:40,2.75,10.06,-29.95,1
15:47:45,0.5,23.41,-103.49,0
15:47:50,2.63,17.77,-81.12,0
15:47:55,0.27,22.13,80.62,1
15:48:00,1.14,17.47,-94.6,1
15:48:05,1.7,8.31,4.54,0
15:48:10,2.1,22.9,-4.5,0
15:48:15,2.01,21.34,53.35,0
15:48:20,1.85,22.69,99.63,0
15:48:25,0.68,23.7,33.82,0
15:48:30,2.53,23.44,-124.46,1
15:48:35,2.72,12.85,-70.45,1
15:48:40,2.71,20.85,16.47,0
15:48:45,1.59,10.92,-81.25,0
15:48:50,1.84,19.11,69.67,1
15:48:55,2.98,12.15,74.29,0
15:49:00,1.6,18.42,18.79,0
15:49:05,0.63,19.02,82.03,1
15:49:10,2.07,20.3,92.75,1
15:49:15,2.8,18.98,49.88,1
15:49:20,0.73,21.88,50.75,0
15:49:25,0.28,20.31,77.21,0
15:49:30,2.31,16.51,106.24,1
15:49:35,0.31,18.67,-22.88,1
15:49:40,2.98,12.48,-119.83,0
15:49:45,0.97,8.5,-19.96,1
15:49:50,1.37,17.15,102.91,1
15:49:55,0.07,14.73,109.27,0
15:50:00,1.34,13.78,-1.99,1
15:50:05,1.83,20.04,77.68,1
15:50:10,0.48,23.43,-71.35,1
15:50:15,1.82,23.97,-41.8,1
15:50:20,0.04,11.74,-113.77,1
15:50:25,0.28,15.76,43.44,0
15:50:30,0.91,21.2,-28.78,0
15:50:35,2.21,12.07,36.73,1
15:50:40,1.6,21.93,13.59,1
15:50:45,2.4,8.47,36.11,0
15:50:50,0.65,9.02,123.37,0
15:50:55,2.05,14.66,-4.16,0
15:51:00,0.5,24.38,102.68,1
15:51:05,0.15,10.54,87.13,0
15:51:10,0.95,13.17,68.52,1
15:51:15,2.11,20.19,-115.17,0
15:51:20,2.95,24.38,-99.31,1
15:51:25,2.09,12.17,16.19,1
15:51:30,0.65,19.18,32.38,0
15:51:35,2.94,16.91,38.0,1
15:51:40,0.04,8.37,-86.87,1
15:51:45,2.02,14.83,-95.12,1
15:51:50,2.64,12.75,69.73,0
15:51:55,2.46,15.38,-121.12,0
15:52:00,1.1,24.93,-78.62,1
15:52:05,1.46,8.77,-65.01,1
15:52:10,1.46,9.2,-25.37,0
15:52:15,1.61,15.26,-102.55,1
15:52:20,2.59,16.89,31.09,1
15:52:25,2.79,12.39,25.26,1
15:52:30,0.42,14.84,32.23,0
15:52:35,2.68,11.71,55.84,0
15:52:40,2.24,10.4,38.49,1
15:52:45,1.15,22.05,117.57,0
15:52:50,2.09,9.23,-55.51,1
15:52:55,1.44,9.56,-66.66,0
15:53:00,1.61,22.42,6.08,0
15:53:05,2.14,19.37,4.73,0
15:53:10,1.28,24.5,-42.63,1
15:53:15,1.66,8.33,-10.2,0
15:53:20,0.97,22.82,-10.84,1
15:53:25,2.98,16.13,98.22,0
15:53:30,1.46,23.41,99.04,0
15:53:35,2.12,17.97,-118.06,1
15:53:40,0.34,23.46,76.27,1
15:53:45,2.59,21.17,-72.89,1
15:53:50,2.29,17.56,81.88,1
15:53:55,2.11,13.02,-20.67,1
15:54:00,1.0,10.63,-14.29,1
15:54:05,0.25,10.66,24.61,0
15:54:10,1.26,20.44,93.13,0
15:54:15,1.82,15.74,-49.91,0
15:54:20,0.66,22.78,97.84,0
15:54:25,0.38,10.26,83.48,0
15:54:30,2.55,22.86,-27.57,1
15:54:35,2.01,16.27,-4.14,1
15:54:40,2.03,11.16,37.69,0
15:54:45,2.04,18.65,-28.46,0
15:54:50,0.92,8.08,104.11,0
15:54:55,1.67,12.28,105.82,0
15:55:00,0.13,11.5,-16.59,0
15:55:05,0.96,17.59,46.15,1
15:55:10,2.48,23.84,-60.29,0
15:55:15,1.09,11.52,90.27,0
15:55:20,1.01,12.57,-68.55,1
15:55:25,2.64,8.84,-116.95,0
15:55:30,1.43,15.12,6.84,1
15:55:35,0.3,21.1,-22.37,0
15:55:40,2.37,11.67,-58.61,0
15:55:45,0.41,10.06,-41.19,0
15:55:50,2.46,24.28,92.18,1
15:55:55,1.67,14.89,-90.75,0
15:56:00,2.08,15.82,122.66,1
15:56:05,0.23,20.64,95.31,1
15:56:10,0.07,10.63,-95.9,0
15:56:15,2.08,8.26,-33.81,1
15:56:20,2.99,20.82,-27.59,1
15:56:25,2.08,10.12,22.66,0
15:56:30,2.74,23.41,-57.37,1
15:56:35,0.92,12.57,14.99,0
15:56:40,2.67,22.95,31.63,0
15:56:45,1.2,18.87,92.37,1
15:56:50,2.16,24.24,85.65,0
15:56:55,1.42,22.3,-98.91,1
15:57:00,2.51,15.9,-22.43,1
15:57:05,2.97,10.36,-99.26,0
15:57:10,0.85,24.34,-9.01,1
15:57:15,2.16,22.05,-114.12,0
15:57:20,0.66,10.18,-39.4,0
15:57:25,1.17,19.27,-110.47,0
15:57:30,2.26,15.64,3.46,1
15:57:35,2.18,15.51,110.83,1
15:57:40,1.39,10.26,109.12,0
15:57:45,0.22,16.68,-106.23,1
15:57:50,2.77,10.03,26.88,0
15:57:55,1.5,18.28,41.59,1
15:58:00,2.37,23.02,-95.11,0
15:58:05,0.11,22.11,-93.35,0
15:58:10,1.81,16.47,-79.22,0
15:58:15,2.65,13.02,-14.1,1
15:58:20,1.02,8.27,-51.59,1
15:58:25,2.66,18.67,63.98,0
15:58:30,1.82,24.88,71.72,1
15:58:35,2.41,13.17,58.28,1
15:58:40,2.44,13.77,-13.13,1
15:58:45,1.77,21.03,-83.3,1
15:58:50,2.56,12.02,100.44,1
15:58:55,0.99,20.59,-19.71,1
15:59:00,1.85,15.1,48.92,1
15:59:05,0.92,14.51,95.5,1
15:59:10,0.77,11.97,-83.52,1
15:59:15,2.97,17.68,23.64,0
15:59:20,2.14,12.24,105.53,1
15:59:25,2.79,16.04,23.13,0
15:59:30,2.83,21.58,-6.73,1
15:59:35,1.88,23.7,3.12,1
15:59:40,1.04,13.18,43.45,0
15:59:45,2.08,10.92,-95.99,0
15:59:50,0.58,21.67,-94.38,1
15:59:55,2.89,11.16,-102.4,1
16:00:00,2.54,19.78,119.05,1
16:00:05,2.76,24.66,-88.57,1
16:00:10,1.56,19.55,63.47,0
16:00:15,2.72,11.13,60.48,0
16:00:20,2.17,11.15,54.16,0
16:00:25,1.49,19.45,43.67,1
16:00:30,2.35,15.77,-45.06,1
16:00:35,2.6,18.03,-7.01,1
16:00:40,0.75,20.07,75.28,0
16:00:45,2.01,23.91,46.81,1
16:00:50,2.56,15.9,10.65,1
16:00:55,2.66,17.31,25.74,1
16:01:00,2.53,14.11,-94.56,0
16:01:05,0.32,19.43,39.48,1
16:01:10,2.15,9.76,-32.36,1
16:01:15,1.94,13.43,-17.31,1
16:01:20,2.97,19.8,35.51,1
16:01:25,2.24,8.94,-12.89,0
16:01:30,2.76,21.8,101.61,1
16:01:35,0.34,15.93,-92.64,0
16:01:40,1.98,8.41,3.71,1
16:01:45,1.38,15.43,-101.7,1
16:01:50,2.18,8.2,4.77,0
16:01:55,0.24,17.54,75.35,0
16:02:00,0.62,12.05,-102.18,0
16:02:05,1.5,15.06,86.26,1
16:02:10,1.33,11.96,1.8,1
16:02:15,1.43,10.05,-56.74,0
16:02:20,1.24,8.63,34.7,0
16:02:25,1.87,19.95,-67.78,0
16:02:30,0.71,23.09,124.35,0
16:02:35,0.2,15.07,-83.03,0
16:02:40,2.51,13.78,106.71,1
16:02:45,2.34,22.6,-58.17,1
16:02:50,1.95,16.7,43.51,0
16:02:55,1.71,10.55,-114.31,1
16:03:00,2.74,15.54,-49.28,0
16:03:05,1.97,19.85,-11.79,0
16:03:10,1.75,14.45,-48.6,0
16:03:15,0.76,8.28,36.7,1
16:03:20,0.95,17.29,9.28,0
16:03:25,0.62,16.02,60.21,1
16:03:30,1.72,23.26,63.94,0
16:03:35,1.94,23.63,25.94,0
16:03:40,1.44,23.43,-58.37,1
16:03:45,2.17,22.04,47.39,1
16:03:50,2.48,8.81,33.62,1
16:03:55,2.45,10.67,56.58,1
16:04:00,2.67,12.63,43.44,0
16:04:05,1.04,19.45,-42.06,0
16:04:10,2.88,14.82,-73.21,0
16:04:15,2.81,10.46,20.79,0
16:04:20,1.16,24.72,89.49,0
16:04:25,0.22,13.17,66.13,1
16:04:30,1.09,13.35,-86.61,1
16:04:35,2.66,14.92,5.52,0
16:04:40,1.93,18.46,91.58,1
16:04:45,2.05,16.76,-13.97,0
16:04:50,1.23,13.35,-19.55,1
16:04:55,2.65,16.81,-79.08,0
16:05:00,1.69,8.66,70.53,1
16:05:05,0.2,13.66,-10.91,0
16:05:10,2.12,14.33,-77.41,1
16:05:15,1.58,24.15,20.81,1
16:05:20,0.26,19.27,-117.31,0
16:05:25,2.19,12.32,27.32,1
16:05:30,0.47,22.78,100.75,1
16:05:35,0.4,21.56,-42.28,0
16:05:40,0.72,12.86,41.48,1
16:05:45,2.43,11.63,-2.18,1
16:05:50,2.11,8.31,8.05,0
16:05:55,1.05,17.03,5.6,0
16:06:00,2.19,18.13,-45.78,0
16:06:05,1.08,22.58,34.59,1
16:06:10,0.08,15.54,-53.09,1
16:06:15,2.39,19.46,-113.26,0
16:06:20,1.13,20.35,25.3,0
16:06:25,0.61,24.13,-100.99,1
16:06:30,1.44,15.55,-108.78,1
16:06:35,0.84,20.22,24.58,0
16:06:40,0.31,20.0,75.59,0
16:06:45,2.24,10.01,46.99,0
16:06:50,1.8,21.15,93.71,1
16:06:55,0.69,8.31,-117.91,0
16:07:00,0.29,19.86,-93.07,0
16:07:05,0.99,9.78,91.8,0
16:07:10,0.64,8.2,-20.81,0
16:07:15,1.64,18.12,-124.87,0
16:07:20,1.68,24.19,-74.6,1
16:07:25,1.45,18.12,-110.92,1
16:07:30,0.91,9.29,-77.36,0
16:07:35,1.85,19.58,11.76,0
16:07:40,1.14,24.18,75.15,1
16:07:45,0.97,9.89,-125.73,1
16:07:50,0.24,20.05,-59.21,1
16:07:55,1.48,15.16,35.57,1
16:08:00,1.82,22.05,-47.66,1
16:08:05,1.61,17.34,118.35,0
16:08:10,0.1,8.43,123.23,1
16:08:15,0.9,22.16,110.7,1
16:08:20,0.37,22.22,-89.27,0
16:08:25,0.2,21.8,-106.75,0
16:08:30,1.92,8.91,58.97,1
16:08:35,1.02,8.64,0.73,0
16:08:40,1.14,21.32,-100.04,0
16:08:45,1.25,9.43,-20.31,1
16:08:50,2.07,10.02,106.65,0
16:08:55,2.78,12.17,119.62,0
16:09:00,0.25,21.56,38.48,1
16:09:05,1.07,13.34,-111.66,0
16:09:10,0.06,18.4,-61.33,0
16:09:15,0.89,16.69,-98.5,1
16:09:20,0.56,23.99,95.68,1
16:09:25,1.2,18.6,-12.6,0
16:09:30,2.1,15.06,-63.88,0
16:09:35,2.87,11.46,20.89,1
16:09:40,2.2,24.51,13.53,1
16:09:45,2.28,24.31,18.27,1
16:09:50,1.54,14.62,-52.25,1
16:09:55,1.86,14.06,85.56,1
16:10:00,2.48,11.88,-109.74,0
16:10:05,1.43,18.8,124.49,1
16:10:10,0.03,11.36,78.36,0
16:10:15,0.9,18.48,-105.16,0
16:10:20,0.54,10.07,82.58,1
16:10:25,0.9,22.51,63.26,1
16:10:30,0.53,13.29,-25.9,1
16:10:35,0.21,21.2,65.2,0
16:10:40,1.06,10.02,74.99,1
16:10:45,1.53,23.1,-43.92,0
16:10:50,1.69,21.86,-8.5,1
16:10:55,0.47,16.02,90.33,0
16:11:00,1.87,14.53,25.15,1
16:11:05,2.53,12.88,-114.15,0
16:11:10,0.57,24.61,-39.69,0
16:11:15,0.08,9.47,89.38,1
16:11:20,0.81,24.26,-57.48,0
16:11:25,1.07,18.58,-83.56,1
16:11:30,1.01,10.43,-48.7,0
16:11:35,1.35,22.56,-76.98,1
16:11:40,0.13,11.35,11.04,0
16:11:45,0.77,23.57,120.45,0
16:11:50,2.98,9.54,103.5,0
16:11:55,2.94,14.61,-98.85,1
16:12:00,2.8,18.43,-69.18,1
16:12:05,1.1,19.86,44.21,0
16:12:10,0.42,11.15,108.19,0
16:12:15,0.05,10.74,56.07,1
16:12:20,0.7,8.99,-98.89,1
16:12:25,1.56,21.47,-22.7,1
16:12:30,1.68,10.09,43.89,0
16:12:35,1.51,8.53,-6.25,1
16:12:40,2.47,19.88,-3.03,1
16:12:45,0.49,12.46,-33.74,1
16:12:50,1.62,24.19,10.61,0
16:12:55,1.13,16.02,-57.64,1
16:13:00,0.89,13.7,-5.6,1
16:13:05,1.23,23.83,-104.15,0
16:13:10,0.08,17.89,-74.25,0
16:13:15,1.22,21.69,-42.33,0
16:13:20,1.49,19.2,-125.83,0
16:13:25,0.32,19.03,-69.04,0
16:13:30,2.35,23.75,-10.65,0
16:13:35,1.45,15.66,-47.44,0
16:13:40,0.43,11.01,-41.99,1
16:13:45,0.59,19.49,-62.16,1
16:13:50,0.26,12.9,-112.6,0
16:13:55,2.08,19.41,-103.37,1
16:14:00,0.76,20.69,104.2,0
16:14:05,0.42,17.31,19.26,0
16:14:10,1.26,8.72,-0.85,0
16:14:15,0.1,14.65,80.33,1
16:14:20,0.52,21.12,8.94,1
16:14:25,1.87,20.94,94.42,0
16:14:30,1.55,21.54,70.31,0
16:14:35,2.59,9.99,118.44,0
16:14:40,0.12,15.46,-73.26,1
16:14:45,2.09,19.19,-80.4,0
16:14:50,2.61,21.32,-82.82,1
16:14:55,1.04,14.79,33.93,1
16:15:00,2.19,22.75,-102.87,1
16:15:05,0.3,17.23,92.25,1
16:15:10,0.31,18.97,43.01,1
16:15:15,0.14,23.96,-105.76,0
16:15:20,0.84,18.94,-7.97,1
16:15:25,0.05,16.27,57.88,1
16:15:30,2.51,24.72,15.04,0
16:15:35,0.31,10.71,78.48,1
16:15:40,1.25,18.23,58.16,1
16:15:45,0.73,21.48,19.91,1
16:15:50,0.31,12.71,35.8,0
16:15:55,0.88,14.82,-89.04,1
16:16:00,1.06,11.27,97.91,1
16:16:05,2.45,17.59,33.71,1
16:16:10,2.58,11.07,-69.07,1
16:16:15,1.02,10.06,-4.75,1
16:16:20,2.05,20.32,-107.65,1
16:16:25,1.6,10.69,-31.27,1
16:16:30,0.29,12.76,-89.38,0
16:16:35,2.51,22.5,85.45,0
16:16:40,0.56,14.6,60.15,0
16:16:45,1.99,21.16,-38.7,0
16:16:50,2.09,13.52,4.09,1
16:16:55,2.65,21.73,62.1,0
16:17:00,1.34,13.29,50.38,0
16:17:05,0.81,8.65,-36.05,0
16:17:10,2.57,24.47,7.75,1
16:17:15,1.7,11.89,105.99,0
16:17:20,1.4,12.12,-1.62,1
16:17:25,2.45,18.55,41.93,0
16:17:30,0.12,15.52,95.16,1
16:17:35,1.35,22.75,23.27,0
16:17:40,1.21,17.74,-105.65,1
16:17:45,0.95,21.28,19.44,1
16:17:50,0.68,12.12,13.65,0
16:17:55,1.2,18.01,46.94,1
16:18:00,2.96,23.99,14.57,0
16:18:05,1.18,13.88,20.29,1
16:18:10,1.36,22.26,-113.75,0
16:18:15,2.79,9.32,-33.18,0
16:18:20,0.66,10.51,-115.31,1
16:18:25,2.75,16.15,39.51,0
16:18:30,2.17,19.47,-119.57,1
16:18:35,2.59,16.78,-46.74,1
16:18:40,0.44,22.87,62.36,0
16:18:45,2.84,20.45,-30.47,0
16:18:50,0.94,17.16,-79.12,0
16:18:55,2.32,12.16,-97.65,0
16:19:00,2.54,14.25,-61.75,1
16:19:05,1.89,18.25,40.04,0
16:19:10,2.65,16.86,-101.97,1
16:19:15,1.33,9.88,-126.47,1
16:19:20,0.77,19.5,72.53,0
16:19:25,1.79,24.41,-121.2,1
16:19:30,1.01,14.96,-0.66,1
16:19:35,0.44,11.41,-85.19,0
16:19:40,2.73,23.63,-81.48,0
16:19:45,1.46,11.93,64.73,1
16:19:50,2.64,8.5,-37.72,0
16:19:55,1.9,19.92,-48.98,1
16:20:00,2.81,14.99,108.88,1
16:20:05,2.18,20.89,-28.31,0
16:20:10,0.76,9.85,-19.04,1
16:20:15,0.54,20.22,-124.62,0
16:20:20,0.43,9.12,94.07,0
16:20:25,1.18,12.83,106.15,0
16:20:30,1.85,9.38,67.49,0
16:20:35,0.23,12.25,20.08,1
16:20:40,2.28,21.2,48.8,0
16:20:45,2.01,22.5,4.24,0
16:20:50,2.34,8.75,94.63,1
16:20:55,2.34,13.08,-23.68,0
16:21:00,1.65,8.81,-117.22,1
16:21:05,0.36,9.79,112.39,1
16:21:10,0.46,21.26,56.03,0
16:21:15,0.99,17.19,-71.58,0
16:21:20,1.87,24.18,-78.0,1
16:21:25,2.04,19.0,116.43,1
16:21:30,2.98,24.72,-39.79,1
16:21:35,0.66,9.64,90.63,0
16:21:40,1.35,17.1,61.84,0
16:21:45,1.09,22.12,1.28,1
16:21:50,2.92,19.18,121.52,1
16:21:55,2.5,16.78,-114.38,0
16:22:00,2.46,19.44,-53.86,1
16:22:05,2.28,8.49,93.53,0
16:22:10,2.66,24.81,72.71,0
16:22:15,2.08,8.64,13.18,0
16:22:20,2.44,8.3,15.61,0
16:22:25,2.0,17.77,-8.27,0
16:22:30,1.26,18.22,44.74,0
16:22:35,1.85,16.76,44.57,1
16:22:40,2.88,16.55,9.75,1
16:22:45,2.46,23.08,-9.3,1
16:22:50,0.4,20.45,-95.31,0
16:22:55,0.19,22.37,-55.38,0
16:23:00,2.59,24.66,-68.63,0
16:23:05,1.41,20.02,-5.16,0
16:23:10,2.62,15.95,-114.89,1
16:23:15,0.05,20.11,-3.64,1
16:23:20,1.76,15.54,-52.79,1
16:23:25,1.38,13.41,41.35,1
16:23:30,1.98,24.91,-4.89,0
16:23:35,2.09,12.39,123.89,0
16:23:40,2.74,20.36,-99.81,0
16:23:45,1.79,8.83,-48.41,0
16:23:50,1.2,16.69,9.24,1
16:23:55,1.94,18.09,-16.62,0
16:24:00,1.26,13.52,14.61,1
16:24:05,0.37,21.49,-122.53,0
16:24:10,0.76,21.45,125.03,1
16:24:15,2.05,10.64,-116.42,1
16:24:20,2.26,17.26,-89.0,1
16:24:25,0.72,23.56,-29.55,0
16:24:30,2.32,17.96,-7.2,1
16:24:35,1.65,22.19,-48.67,1
16:24:40,0.04,21.16,36.14,0
16:24:45,1.29,23.7,-14.24,1
16:24:50,0.22,8.23,-35.07,0
16:24:55,0.97,21.74,-116.84,1
16:25:00,2.54,17.89,50.14,1
16:25:05,1.41,22.93,29.03,0
16:25:10,1.39,16.82,-1.72,0
16:25:15,0.82,18.56,-111.92,1
16:25:20,0.42,14.52,61.11,1
16:25:25,2.57,16.23,38.44,1
16:25:30,1.75,14.08,113.4,0
16:25:35,2.45,20.87,-99.71,0
16:25:40,2.52,8.14,-60.7,1
16:25:45,0.58,8.01,-76.93,0
16:25:50,2.07,13.81,-11.81,1
16:25:55,2.47,15.56,-6.86,1
16:26:00,2.67,8.94,-18.77,1
16:26:05,2.06,23.18,-46.31,0
16:26:10,2.48,22.62,-105.08,1
16:26:15,2.7,10.43,-97.96,0
16:26:20,1.05,9.07,3.29,0
16:26:25,2.03,11.21,-89.55,1
16:26:30,2.19,10.39,96.14,1
16:26:35,2.57,20.65,98.71,0
16:26:40,2.75,9.78,109.68,1
16:26:45,2.21,23.91,51.57,1
16:26:50,0.15,10.58,-53.84,0
16:26:55,0.25,13.3,94.49,0
16:27:00,2.14,16.28,98.02,0
16:27:05,1.93,23.62,-121.1,0
16:27:10,2.4,20.82,125.67,1
16:27:15,1.07,17.39,-26.98,0
16:27:20,0.17,20.35,-112.63,0
16:27:25,0.64,11.22,-13.95,1
16:27:30,2.9,10.84,121.68,1
16:27:35,2.83,9.66,-20.4,1
16:27:40,0.79,11.59,123.36,1
16:27:45,0.22,17.13,-94.4,1
16:27:50,2.64,21.08,28.9,0
16:27:55,0.17,19.37,-3.02,1
16:28:00,2.15,11.46,35.56,0
16:28:05,0.67,16.17,-47.47,0
16:28:10,2.87,11.33,3.22,0
16:28:15,1.55,24.87,12.94,0
16:28:20,0.43,19.08,-50.23,0
16:28:25,2.86,9.32,50.71,0
16:28:30,0.68,16.06,21.78,1
16:28:35,2.8,8.14,-102.6,1
16:28:40,1.57,15.6,-73.05,0
16:28:45,1.81,22.07,-98.73,0
16:28:50,0.24,9.25,-90.73,0
16:28:55,0.76,20.48,9.53,0
16:29:00,1.65,11.48,-10.69,0
16:29:05,0.0,14.74,32.49,1
16:29:10,2.82,23.47,37.84,0
16:29:15,1.94,9.11,-4.09,1
16:29:20,1.23,10.79,95.42,0
16:29:25,1.15,8.65,31.13,1
16:29:30,2.67,20.24,-16.99,1
16:29:35,1.46,12.01,-27.12,0
16:29:40,1.51,19.92,89.69,1
16:29:45,0.95,13.71,37.95,0
16:29:50,0.54,15.22,-41.38,1
16:29:55,1.63,14.37,-113.92,1
16:30:00,2.27,16.31,116.74,1
16:30:05,0.98,17.81,115.91,0
16:30:10,1.53,16.02,-28.69,1
16:30:15,0.04,22.92,86.01,0
16:30:20,2.13,12.27,-79.74,1
16:30:25,1.59,21.37,19.77,1
16:30:30,2.86,20.5,-45.57,1
16:30:35,2.63,11.66,-90.63,1
16:30:40,1.8,11.4,-20.58,0
16:30:45,2.83,17.75,-8.65,0
16:30:50,0.95,15.29,115.72,1
16:30:55,2.85,15.57,-126.76,0
16:31:00,2.07,9.22,-29.87,1
16:31:05,0.03,14.15,11.8,0
16:31:10,2.0,21.38,66.07,0
16:31:15,2.32,12.44,25.3,0
16:31:20,2.7,21.66,8.51,1
16:31:25,0.47,22.08,90.58,0
16:31:30,2.17,24.8,29.3,0
16:31:35,0.67,19.24,120.94,0
16:31:40,2.48,21.09,-125.18,1
16:31:45,1.04,20.7,32.84,1
16:31:50,1.86,17.74,-100.2,0
16:31:55,0.79,17.62,88.21,0
16:32:00,1.59,14.72,117.49,1
16:32:05,0.2,10.83,-4.03,0
16:32:10,0.22,11.94,-100.91,0
16:32:15,2.31,15.02,21.43,0
16:32:20,0.59,10.01,16.51,0
16:32:25,0.26,18.85,-36.22,1
16:32:30,0.67,20.0,56.47,0
16:32:35,2.52,17.55,-14.81,0
16:32:40,0.4,8.64,-7.56,1
16:32:45,2.79,19.27,35.89,1
16:32:50,1.76,13.48,34.44,0
16:32:55,3.0,18.82,-42.3,1
16:33:00,1.55,18.93,6.65,1
16:33:05,1.65,20.38,65.13,1
16:33:10,0.26,15.68,116.17,1
16:33:15,0.23,12.29,86.85,1
16:33:20,1.13,13.93,-113.52,0
16:33:25,2.03,15.22,8.11,1
16:33:30,1.87,18.69,-37.66,0
16:33:35,1.26,8.54,29.13,1
16:33:40,0.04,24.84,-43.28,1
16:33:45,0.84,23.49,-26.21,1
16:33:50,1.97,17.3,-110.0,0
16:33:55,2.14,10.19,-73.08,1
16:34:00,1.48,8.5,-53.28,1
16:34:05,2.2,11.84,-90.9,1
16:34:10,2.44,10.98,33.68,0
16:34:15,0.68,12.4,-8.22,1
16:34:20,0.05,22.36,31.97,0
16:34:25,2.22,8.73,72.37,0
16:34:30,2.19,18.24,93.87,1
16:34:35,0.21,21.51,-53.45,0
16:34:40,1.76,21.41,102.28,1
16:34:45,2.3,12.27,-74.36,0
16:34:50,1.92,11.47,-55.86,1
16:34:55,2.04,18.34,-51.94,1
16:35:00,2.41,24.3,100.28,0
16:35:05,0.32,14.34,83.93,0
16:35:10,1.44,13.76,-114.02,0
16:35:15,2.25,13.3,107.73,0
16:35:20,1.38,23.9,75.02,0
16:35:25,2.62,20.95,-98.41,0
16:35:30,0.35,8.91,-71.11,1
16:35:35,2.34,21.11,17.57,0
16:35:40,1.84,11.2,-57.51,1
16:35:45,0.14,11.26,96.26,1
16:35:50,1.16,10.36,-56.19,0
16:35:55,2.4,8.46,17.6,1
16:36:00,0.77,10.21,-49.46,1
16:36:05,0.98,19.97,-59.24,0
16:36:10,0.8,9.35,-124.82,1
16:36:15,2.58,18.57,-79.78,1
16:36:20,1.95,14.35,48.44,1
16:36:25,2.21,18.98,-77.86,0
16:36:30,1.28,15.65,-76.72,1
16:36:35,2.45,13.24,-48.21,1
16:36:40,0.75,22.76,-17.9,1
16:36:45,1.95,13.84,-21.08,0
16:36:50,0.97,13.33,125.97,0
16:36:55,2.69,19.6,101.83,0
16:37:00,0.62,12.81,-126.86,1
16:37:05,2.52,13.09,-73.84,0
16:37:10,1.22,12.08,-74.6,0
16:37:15,2.06,23.12,-47.56,1
16:37:20,0.52,14.92,-1.12,0
16:37:25,1.91,21.43,17.29,0
16:37:30,2.85,9.63,56.86,0
16:37:35,1.99,23.81,55.77,1
16:37:40,0.79,9.91,-22.05,1
16:37:45,0.89,11.04,44.38,1
16:37:50,0.88,11.44,-74.4,1
16:37:55,1.92,18.37,-32.39,0
16:38:00,1.69,8.24,119.0,0
16:38:05,1.13,10.63,125.01,0
16:38:10,1.68,14.93,8.28,0
16:38:15,2.26,10.42,-4.07,1
16:38:20,3.0,18.44,-59.13,1
16:38:25,0.03,8.16,-124.1,0
16:38:30,0.36,17.56,45.38,0
16:38:35,1.69,21.03,106.59,1
16:38:40,0.61,22.07,80.0,0
16:38:45,2.15,11.42,-1.36,1
16:38:50,0.57,21.07,-42.28,1
16:38:55,0.69,23.5,120.67,0
16:39:00,2.61,23.24,99.63,0
16:39:05,1.15,14.82,-60.2,1
16:39:10,2.39,16.13,118.51,0
16:39:15,2.93,23.03,-22.55,0
16:39:20,2.29,13.01,17.75,1
16:39:25,2.84,15.53,-85.61,0
16:39:30,1.97,24.51,70.38,0
16:39:35,0.22,17.99,-91.54,0
16:39:40,0.2,21.6,112.25,0
16:39:45,1.13,23.97,-100.03,1
16:39:50,2.01,23.66,14.68,0
16:39:55,0.96,12.55,52.12,0
16:40:00,2.79,13.05,-72.5,1
16:40:05,0.07,8.91,-83.75,0
16:40:10,0.2,8.37,115.8,0
16:40:15,2.61,21.24,-14.25,1
16:40:20,0.98,9.48,39.61,1
16:40:25,1.74,9.88,-18.81,0
16:40:30,2.71,23.32,-33.71,0
16:40:35,0.21,18.17,-104.85,1
16:40:40,0.38,14.95,-67.5,0
16:40:45,0.33,14.11,14.27,0
16:40:50,0.98,21.61,-35.32,0
16:40:55,2.45,8.53,-62.66,1
16:41:00,0.69,8.01,100.61,0
16:41:05,1.12,23.91,-116.52,0
16:41:10,0.03,17.09,-123.35,0
16:41:15,2.48,19.19,-59.35,1
16:41:20,2.73,11.91,0.89,1
16:41:25,0.58,21.44,-114.21,0
16:41:30,2.91,12.12,13.93,0
16:41:35,2.12,19.13,-50.5,0
16:41:40,2.95,12.56,-38.8,1
16:41:45,1.58,13.68,-56.21,0
16:41:50,1.27,11.47,-44.85,0
16:41:55,1.97,11.44,-1.64,1
16:42:00,2.12,8.71,12.84,1
16:42:05,0.55,22.71,-23.89,0
16:42:10,1.07,24.59,-31.94,0
16:42:15,0.48,24.83,66.29,1
16:42:20,0.38,17.48,-11.87,1
16:42:25,2.59,9.23,3.57,0
16:42:30,1.44,24.6,-12.62,1
16:42:35,0.98,12.83,114.16,0
16:42:40,0.27,24.65,80.5,0
16:42:45,0.73,14.0,-3.8,1
16:42:50,0.74,13.72,16.81,1
16:42:55,0.51,17.7,-89.41,1
16:43:00,0.49,17.49,-38.41,0
16:43:05,1.27,10.15,75.41,0
16:43:10,1.21,13.58,7.54,1
16:43:15,0.14,14.76,123.92,0
16:43:20,2.58,19.45,53.53,1
16:43:25,2.25,11.19,109.86,1
16:43:30,1.53,19.91,33.44,1
16:43:35,0.34,18.84,-65.85,0
16:43:40,1.45,21.18,-19.82,0
16:43:45,2.72,10.7,57.12,0
16:43:50,1.69,12.17,107.54,0
16:43:55,1.09,9.19,-28.58,0
16:44:00,2.83,14.71,-20.24,1
16:44:05,2.27,17.41,-107.32,0
16:44:10,0.68,16.46,82.96,0
16:44:15,2.79,21.31,46.79,0
16:44:20,2.48,12.62,91.25,0
16:44:25,1.96,15.45,-67.16,1
16:44:30,2.67,12.89,125.7,1
16:44:35,1.85,16.55,56.08,1
16:44:40,0.12,9.67,-115.2,0
16:44:45,1.43,22.53,-21.45,1
16:44:50,2.24,12.41,-106.32,1
16:44:55,0.67,23.73,-65.33,1
16:45:00,2.45,8.38,-53.11,1
16:45:05,0.66,11.47,126.31,0
16:45:10,1.78,13.98,50.93,1
16:45:15,0.21,9.1,34.58,1
16:45:20,1.81,14.81,-74.73,0
16:45:25,0.3,9.46,-18.43,1
16:45:30,1.43,22.21,-95.26,1
16:45:35,1.47,19.03,-35.27,0
16:45:40,0.4,23.38,20.91,1
16:45:45,2.9,10.54,-41.58,0
16:45:50,1.31,13.24,-5.21,0
16:45:55,2.78,18.97,66.64,1
16:46:00,1.87,13.29,119.35,1
16:46:05,2.08,8.41,41.86,0
16:46:10,1.48,23.14,34.12,0
16:46:15,2.93,19.51,-5.78,0
16:46:20,1.23,12.61,108.65,1
16:46:25,2.93,15.02,-122.68,0
16:46:30,2.99,17.79,-6.07,1
16:46:35,1.25,21.83,-84.98,1
16:46:40,0.32,12.64,-60.78,0
16:46:45,2.42,11.24,43.63,0
16:46:50,0.91,16.65,-82.56,1
16:46:55,2.97,21.09,34.79,1
16:47:00,0.31,23.35,117.61,0
16:47:05,2.57,19.07,-49.68,0
16:47:10,0.82,17.82,27.36,1
16:47:15,0.44,10.0,-72.26,0
16:47:20,1.7,21.73,102.19,0
16:47:25,1.36,24.5,37.21,0
16:47:30,2.51,14.65,-67.03,1
16:47:35,2.98,19.96,-40.34,1
16:47:40,2.24,17.92,79.67,0
16:47:45,1.85,20.59,-78.69,1
16:47:50,1.22,11.34,116.77,1
16:47:55,1.11,21.45,-8.55,0
16:48:00,1.9,16.88,15.33,0
16:48:05,2.09,16.13,3.02,0
16:48:10,0.22,14.34,-101.07,0
16:48:15,0.64,18.17,-112.45,0
16:48:20,0.23,24.28,85.74,0
16:48:25,0.77,16.58,69.63,0
16:48:30,1.51,21.5,-72.99,0
16:48:35,2.81,23.44,-99.09,1
16:48:40,0.43,14.86,83.88,1
16:48:45,0.86,14.06,112.2,1
16:48:50,1.99,15.73,122.09,0
16:48:55,2.37,21.16,50.9,0
16:49:00,1.83,14.22,33.59,1
16:49:05,0.44,18.3,-103.24,0
16:49:10,1.0,17.87,-14.98,1
16:49:15,1.25,21.46,33.59,1
16:49:20,0.8,9.11,-13.55,0
16:49:25,0.26,18.98,42.99,0
16:49:30,2.0,17.96,-81.92,1
16:49:35,0.13,18.36,-91.54,0
16:49:40,0.38,24.34,95.11,1
16:49:45,0.4,10.61,105.96,1
16:49:50,1.19,15.71,32.26,0
16:49:55,0.1,13.88,-98.56,0
16:50:00,0.55,21.3,-61.39,1
16:50:05,2.09,15.05,47.79,1
16:50:10,0.76,9.38,-37.23,1
16:50:15,2.09,18.31,50.55,0
16:50:20,1.02,17.76,-73.89,1
16:50:25,2.47,15.42,58.35,1
16:50:30,0.87,12.31,5.26,1
16:50:35,1.41,14.63,17.42,0
16:50:40,0.33,19.9,-11.67,1
16:50:45,0.02,16.55,33.39,1
16:50:50,0.71,24.71,34.74,0
16:50:55,0.28,19.94,53.54,0
16:51:00,1.83,14.96,89.62,1
16:51:05,1.73,18.17,-55.84,0
16:51:10,2.82,16.99,120.88,1
16:51:15,1.49,12.42,114.05,0
16:51:20,2.47,9.8,30.26,0
16:51:25,2.77,23.94,68.61,1
16:51:30,1.96,14.94,24.47,1
16:51:35,0.62,9.78,-13.74,1
16:51:40,0.85,16.33,49.92,1
16:51:45,2.48,20.39,-80.47,0
16:51:50,2.18,8.93,-48.59,0
16:51:55,2.2,16.9,-87.92,0
16:52:00,0.94,14.99,26.34,1
16:52:05,1.0,14.16,-78.69,0
16:52:10,2.81,19.84,94.63,1
16:52:15,0.77,15.02,49.02,0
16:52:20,1.09,24.31,-94.97,0
16:52:25,1.32,15.23,-120.39,0
16:52:30,0.81,14.7,86.23,0
16:52:35,2.91,13.28,85.8,0
16:52:40,1.04,12.59,-36.09,1
16:52:45,2.68,23.19,14.38,1
16:52:50,1.73,19.74,46.69,0
16:52:55,2.62,20.96,30.03,1
16:53:00,1.96,23.65,-54.81,0
16:53:05,1.82,15.02,-59.55,1
16:53:10,2.02,24.82,96.5,1
16:53:15,1.9,14.48,125.95,1
16:53:20,1.45,22.62,-38.78,1
16:53:25,1.13,10.99,74.97,0
16:53:30,1.86,19.53,121.68,0
16:53:35,2.5,13.3,-73.4,0
16:53:40,1.33,8.97,26.75,0
16:53:45,0.94,12.22,-97.95,0
16:53:50,0.59,20.13,19.68,1
16:53:55,0.28,9.51,36.71,0
16:54:00,1.71,23.42,18.25,1
16:54:05,1.29,11.93,-81.89,1
16:54:10,1.93,20.67,70.92,0
16:54:15,0.25,17.71,-26.55,0
16:54:20,1.45,18.06,103.46,0
16:54:25,2.05,22.41,-42.71,1
16:54:30,1.21,12.63,23.52,0
16:54:35,2.89,15.7,45.65,1
16:54:40,0.07,10.16,-76.31,1
16:54:45,2.84,21.48,-27.06,0
16:54:50,2.63,19.37,58.51,0
16:54:55,1.89,20.42,120.96,0
16:55:00,1.95,22.26,56.13,1
16:55:05,0.92,12.52,-59.45,0
16:55:10,0.31,10.71,92.48,0
16:55:15,2.01,13.49,-22.76,1
16:55:20,0.98,10.63,90.44,0
16:55:25,0.29,15.8,-34.96,0
16:55:30,1.73,15.67,-105.79,0
16:55:35,1.21,16.36,-103.3,0
16:55:40,2.56,23.78,99.38,1
16:55:45,2.86,11.16,31.8,0
16:55:50,2.06,19.07,115.1,0
16:55:55,0.27,12.79,-124.61,1
16:56:00,0.22,9.48,-33.29,0
16:56:05,2.4,17.45,8.08,1
16:56:10,0.08,9.9,35.67,0
16:56:15,2.65,12.99,-77.12,1
16:56:20,1.34,19.09,-82.81,1
16:56:25,0.08,19.34,-18.49,0
16:56:30,1.28,16.39,60.14,0
16:56:35,2.5,16.8,53.11,1
16:56:40,2.52,13.14,-35.39,0
16:56:45,0.13,17.36,-69.87,0
16:56:50,1.48,10.83,68.08,1
16:56:55,1.27,24.36,-31.01,1
16:57:00,1.84,8.75,-35.13,1
16:57:05,1.71,17.21,-74.3,1
16:57:10,0.46,18.02,-75.82,0
16:57:15,1.74,9.78,-24.48,1
16:57:20,1.11,21.76,77.59,0
16:57:25,0.88,20.31,-12.22,1
16:57:30,2.06,17.85,-89.37,0
16:57:35,2.99,21.43,3.77,0
16:57:40,0.76,19.42,8.04,1
16:57:45,1.09,24.08,-0.41,1
16:57:50,1.03,21.05,88.08,0
16:57:55,2.86,23.19,110.11,0
16:58:00,1.78,17.82,10.42,1
16:58:05,0.76,22.84,124.15,0
16:58:10,2.8,10.7,5.83,0
16:58:15,0.28,23.98,33.22,0
16:58:20,0.62,13.42,-2.51,0
16:58:25,0.01,20.09,45.53,0
16:58:30,2.34,15.29,86.16,0
16:58:35,1.39,8.11,4.09,0
16:58:40,0.42,22.55,38.3,0
16:58:45,0.81,15.91,-23.32,1
16:58:50,1.44,10.87,43.43,1
16:58:55,0.82,10.35,-30.88,0
16:59:00,1.93,24.94,25.19,1
16:59:05,2.52,18.62,-92.49,1
16:59:10,2.67,11.82,8.12,1
16:59:15,2.07,19.12,79.58,0
16:59:20,0.68,17.44,-91.73,1
16:59:25,2.57,23.46,46.51,1
16:59:30,1.8,11.72,-99.54,0
16:59:35,2.86,24.73,-109.07,0
16:59:40,2.61,14.54,-36.52,1
16:59:45,2.05,24.66,-14.1,0
16:59:50,1.72,22.4,102.09,1
16:59:55,2.98,15.27,69.12,0
17:00:00,0.17,12.36,-29.86,1
17:00:05,1.2,8.91,-18.02,0
17:00:10,1.33,18.81,-88.04,0
17:00:15,1.65,23.21,18.94,1
17:00:20,0.58,18.96,11.41,1
17:00:25,2.03,10.83,12.9,0
17:00:30,1.25,21.37,-83.84,1
17:00:35,1.77,9.61,51.63,0
17:00:40,1.12,22.23,-18.03,1
17:00:45,1.41,13.83,107.33,0
17:00:50,1.66,8.48,-44.04,1
17:00:55,0.5,13.15,27.87,1
17:01:00,2.67,23.46,-61.75,1
17:01:05,0.08,13.95,40.47,0
17:01:10,1.93,23.55,82.8,1
17:01:15,0.27,8.63,-110.6,0
17:01:20,2.3,24.72,-121.0,1
17:01:25,2.98,23.71,-31.93,1
17:01:30,2.21,13.21,33.45,0
17:01:35,1.92,16.25,35.26,0
17:01:40,2.97,12.09,-96.88,1
17:01:45,1.88,22.44,-115.55,0
17:01:50,0.83,14.44,123.63,0
17:01:55,1.69,16.68,-116.98,1
17:02:00,2.82,21.28,-68.48,1
17:02:05,1.68,24.23,-6.17,1
17:02:10,2.62,19.47,0.64,1
17:02:15,2.37,17.3,22.92,0
17:02:20,0.73,8.54,-99.79,0
17:02:25,2.06,8.46,72.31,0
17:02:30,2.83,21.88,-106.2,0
17:02:35,0.04,14.5,93.6,1
17:02:40,1.95,8.39,-4.71,1
17:02:45,1.49,8.72,35.67,0
17:02:50,1.83,24.93,-99.61,1
17:02:55,0.95,13.01,-38.82,1
17:03:00,0.5,23.83,88.83,1
17:03:05,1.32,22.05,-123.73,1
17:03:10,2.25,23.63,-105.53,0
17:03:15,2.84,24.43,-110.84,0
17:03:20,2.45,20.45,107.79,0
17:03:25,1.53,19.9,89.66,0
17:03:30,1.22,18.6,117.87,0
17:03:35,1.46,8.59,109.59,0
17:03:40,0.13,24.89,-67.11,1
17:03:45,2.37,16.84,-90.63,1
17:03:50,1.8,22.19,-71.31,1
17:03:55,2.62,21.4,-59.68,0
17:04:00,2.09,17.81,-78.69,1
17:04:05,1.32,17.04,-95.33,1
17:04:10,1.9,23.25,88.98,0
17:04:15,0.08,14.92,37.46,1
17:04:20,2.57,17.64,-27.97,0
17:04:25,0.67,18.37,-54.28,0
17:04:30,0.12,13.74,85.67,0
17:04:35,0.32,14.34,-58.77,1
17:04:40,1.49,24.29,-98.84,0
17:04:45,2.67,22.24,117.89,0
17:04:50,1.95,20.16,54.06,0
17:04:55,1.5,19.5,78.32,0
17:05:00,2.94,20.62,31.89,0
17:05:05,2.12,8.19,-96.04,1
17:05:10,2.55,14.08,26.7,1
17:05:15,2.28,9.16,-96.21,1
17:05:20,2.16,24.95,-16.93,0
17:05:25,0.61,19.47,-96.37,1
17:05:30,0.44,21.91,27.68,1
17:05:35,1.19,9.2,-33.29,0
17:05:40,1.8,12.73,-32.69,1
17:05:45,0.27,15.62,42.38,0
17:05:50,0.58,23.53,-94.63,0
17:05:55,1.13,16.63,18.11,1
17:06:00,1.28,11.0,102.01,0
17:06:05,0.57,22.93,-27.42,1
17:06:10,1.75,9.12,-14.17,0
17:06:15,1.06,19.46,-37.24,0
17:06:20,1.69,19.14,72.51,1
17:06:25,0.97,9.46,82.63,1
17:06:30,2.58,10.84,79.97,0
17:06:35,1.27,16.27,115.65,0
17:06:40,1.8,17.42,-1.62,0
17:06:45,2.52,17.7,79.15,0
17:06:50,2.98,9.11,65.13,0
17:06:55,2.18,16.28,-108.96,0
17:07:00,2.83,14.7,-76.33,0
17:07:05,0.31,20.92,1.44,0
17:07:10,0.32,12.28,93.06,1
17:07:15,1.84,8.48,-119.04,0
17:07:20,2.27,16.49,9.04,1
17:07:25,0.2,9.56,-42.23,0
17:07:30,1.38,20.52,-42.52,0
17:07:35,2.29,11.03,-66.92,1
17:07:40,2.13,16.57,-28.69,0
17:07:45,1.38,16.35,70.94,1
17:07:50,0.04,15.07,85.63,0
17:07:55,2.28,17.94,-67.64,1
17:08:00,2.97,22.35,-78.6,1
17:08:05,0.63,23.0,-61.56,0
17:08:10,0.78,12.85,71.72,0
17:08:15,1.63,9.52,-15.92,0
17:08:20,2.16,21.53,-98.74,0
17:08:25,1.73,17.61,-52.59,0
17:08:30,0.75,8.66,117.84,0
17:08:35,1.84,19.43,101.45,0
17:08:40,0.93,18.84,-21.09,0
17:08:45,0.13,13.57,-67.64,1
17:08:50,0.03,16.97,15.88,0
17:08:55,1.43,20.73,60.62,0
17:09:00,2.27,21.6,-87.37,0
17:09:05,1.3,21.85,-6.48,0
17:09:10,2.05,10.96,102.62,1
17:09:15,2.67,15.76,110.79,0
17:09:20,1.94,17.77,76.82,1
17:09:25,1.91,15.56,-90.12,1
17:09:30,2.71,14.05,0.69,1
17:09:35,0.23,10.64,-63.18,1
17:09:40,2.62,9.42,106.75,1
17:09:45,0.07,9.3,-76.47,1
17:09:50,1.72,24.96,-123.1,0
17:09:55,0.48,14.17,110.03,0
17:10:00,2.48,11.24,118.33,1
17:10:05,0.31,24.9,-85.35,0
17:10:10,1.11,19.1,-106.75,0
17:10:15,0.24,10.66,124.19,1
17:10:20,1.43,23.28,-17.49,1
17:10:25,1.04,9.61,89.92,1
17:10:30,2.64,16.62,-5.75,1
17:10:35,1.27,8.1,17.21,0
17:10:40,0.84,15.37,114.89,1
17:10:45,1.12,9.12,-81.95,0
17:10:50,0.58,14.37,85.54,0
17:10:55,2.88,23.35,-69.22,1
17:11:00,1.97,14.79,-122.59,0
17:11:05,1.99,18.13,52.52,0
17:11:10,0.41,10.01,9.41,0
17:11:15,0.12,18.31,-90.73,0
17:11:20,0.02,23.4,96.93,1
17:11:25,0.67,13.87,125.62,0
17:11:30,1.7,16.49,-48.87,1
17:11:35,0.87,8.73,-62.11,1
17:11:40,0.33,16.12,-106.13,1
17:11:45,1.8,24.93,39.68,1
17:11:50,0.7,20.4,25.81,1
17:11:55,2.15,18.92,7.79,0
17:12:00,1.74,18.55,52.17,1
17:12:05,1.62,15.71,82.04,1
17:12:10,0.39,10.17,-74.98,0
17:12:15,0.27,20.38,18.81,1
17:12:20,0.28,23.93,114.57,0
17:12:25,0.51,11.02,-109.37,0
17:12:30,2.18,21.91,32.99,0
17:12:35,0.87,12.33,73.72,0
17:12:40,0.95,23.38,5.21,1
17:12:45,0.75,13.47,-37.33,0
17:12:50,2.86,12.54,-12.21,0
17:12:55,1.46,18.36,-57.86,1
17:13:00,0.1,18.66,120.06,1
17:13:05,1.39,18.64,-48.22,0
17:13:10,0.83,20.23,17.29,0
17:13:15,0.57,23.94,59.55,0
17:13:20,0.36,15.24,39.63,0
17:13:25,2.65,18.48,14.6,0
17:13:30,1.95,21.49,82.31,0
17:13:35,0.4,10.86,19.07,1
17:13:40,1.84,15.38,-89.23,0
17:13:45,0.49,15.21,-28.98,0
17:13:50,1.39,12.27,46.85,1
17:13:55,2.89,24.62,-104.5,1
17:14:00,1.91,19.71,-16.61,0
17:14:05,2.87,21.86,-2.21,1
17:14:10,2.82,23.01,20.27,0
17:14:15,2.93,9.83,-86.43,1
17:14:20,0.33,24.22,-114.14,0
17:14:25,2.15,21.66,-37.9,1
17:14:30,1.43,21.95,124.44,1
17:14:35,2.27,20.49,122.02,0
17:14:40,2.4,8.3,115.62,1
17:14:45,0.7,23.92,99.46,0
17:14:50,0.23,15.79,-43.25,0
17:14:55,1.44,13.68,29.3,1
17:15:00,0.84,24.53,-29.5,1
17:15:05,1.45,18.69,16.12,0
17:15:10,0.37,22.29,90.62,0
17:15:15,0.61,12.31,31.73,1
17:15:20,0.26,17.64,-111.08,0
17:15:25,1.42,9.43,5.5,1
17:15:30,1.03,23.39,-7.96,0
17:15:35,2.6,17.53,125.43,0
17:15:40,0.47,22.58,-40.77,0
17:15:45,2.01,10.27,-102.81,0
17:15:50,0.23,11.92,48.97,0
17:15:55,2.11,10.03,113.83,1
17:16:00,1.61,18.17,-94.56,0
17:16:05,1.53,19.39,39.72,1
17:16:10,1.28,20.72,101.48,0
17:16:15,1.78,9.47,47.15,1
17:16:20,1.82,10.78,97.63,0
17:16:25,1.13,17.74,-80.71,0
17:16:30,2.25,23.84,71.78,1
17:16:35,1.7,14.5,-116.85,0
17:16:40,0.95,20.14,-76.65,1
17:16:45,0.89,24.91,-9.84,0
17:16:50,1.81,19.78,-3.73,0
17:16:55,1.67,24.89,-30.55,0
17:17:00,1.6,21.22,82.02,0
17:17:05,1.53,20.7,-78.63,1
17:17:10,1.28,8.0,93.69,1
17:17:15,0.86,8.31,-0.52,0
17:17:20,0.29,21.5,-107.65,0
17:17:25,2.47,23.5,-82.16,1
17:17:30,1.91,19.91,-103.38,0
17:17:35,0.42,20.37,-14.67,1
17:17:40,0.67,17.05,-58.74,1
17:17:45,0.48,18.14,92.88,0
17:17:50,0.15,20.1,41.46,0
17:17:55,1.8,8.43,-44.97,1
17:18:00,1.08,16.5,-89.61,0
17:18:05,0.61,19.78,4.02,0
17:18:10,2.63,10.64,-28.86,1
17:18:15,2.4,16.81,18.08,1
17:18:20,0.86,13.21,96.63,1
17:18:25,0.5,24.6,-73.81,0
17:18:30,2.64,17.33,54.79,0
17:18:35,2.47,24.27,84.77,0
17:18:40,0.26,10.15,27.05,0
17:18:45,1.05,13.83,-87.89,1
17:18:50,1.95,21.86,-66.55,0
17:18:55,1.54,22.4,-75.98,1
17:19:00,2.66,13.21,-54.9,0
17:19:05,0.17,20.68,-55.72,1
17:19:10,2.01,14.54,-58.91,1
17:19:15,0.34,21.08,57.33,0
17:19:20,2.7,12.14,78.7,1
17:19:25,0.14,14.62,-53.91,1
17:19:30,1.62,10.55,18.83,0
17:19:35,0.45,14.14,-55.24,1
17:19:40,1.76,23.34,-16.17,0
17:19:45,1.91,17.44,82.17,0
17:19:50,2.49,20.93,-35.13,1
17:19:55,0.69,19.85,-52.78,0
17:20:00,2.54,24.58,-120.68,1
17:20:05,1.75,17.38,64.74,0
17:20:10,2.08,17.31,26.62,0
17:20:15,1.58,24.0,54.14,0
17:20:20,2.8,16.07,49.47,1
17:20:25,2.76,21.63,87.97,0
17:20:30,0.81,11.95,16.56,0
17:20:35,0.28,14.61,79.19,0
17:20:40,2.76,18.48,38.75,1
17:20:45,2.51,22.49,14.68,1
17:20:50,2.63,10.05,116.35,0
17:20:55,1.48,22.17,17.1,0
17:21:00,1.65,20.57,82.63,0
17:21:05,2.9,15.61,-80.16,0
17:21:10,0.91,19.92,-106.69,1
17:21:15,2.51,16.71,-21.03,1
17:21:20,0.34,9.37,108.76,0
17:21:25,2.29,14.43,2.58,1
17:21:30,0.12,23.84,-74.14,1
17:21:35,2.8,12.16,109.09,1
17:21:40,2.11,16.08,73.98,0
17:21:45,1.58,13.43,-116.67,1
17:21:50,2.45,24.37,48.36,1
17:21:55,0.34,22.0,85.94,1
17:22:00,1.22,21.74,-119.24,1
17:22:05,1.91,22.94,62.2,0
17:22:10,1.22,23.54,-42.14,0
17:22:15,0.71,22.17,5.32,1
17:22:20,1.24,21.12,9.76,0
17:22:25,2.91,8.91,6.79,1
17:22:30,2.31,8.83,92.02,0
17:22:35,1.43,8.32,-16.67,1
17:22:40,1.68,14.83,-45.44,0
17:22:45,0.03,22.82,18.96,1
17:22:50,0.44,17.91,-33.5,1
17:22:55,0.26,18.57,107.52,1
17:23:00,0.51,24.43,-82.91,1
17:23:05,1.75,12.04,-7.76,0
17:23:10,0.36,17.8,99.01,1
17:23:15,0.15,16.11,-60.71,1
17:23:20,0.26,13.06,-73.94,0
17:23:25,2.0,16.41,37.95,0
17:23:30,1.52,16.02,-12.12,1
17:23:35,2.8,15.04,-23.06,0
17:23:40,1.47,15.74,-77.8,1
17:23:45,2.29,8.36,27.44,1
17:23:50,1.56,24.93,-17.14,1
17:23:55,1.79,9.45,79.8,1
17:24:00,0.65,13.86,-14.5,0
17:24:05,2.85,10.56,-71.87,0
17:24:10,2.04,22.59,5.99,0
17:24:15,2.16,19.83,-78.11,1
17:24:20,2.67,20.83,-78.35,0
17:24:25,1.92,16.41,-26.74,0
17:24:30,0.46,24.93,-113.82,1
17:24:35,0.12,10.94,10.72,0
17:24:40,1.65,17.96,30.29,0
17:24:45,2.55,23.1,-66.56,0
17:24:50,1.97,22.15,-97.43,1
17:24:55,2.33,22.17,65.75,0
17:25:00,0.64,15.79,-69.14,1
17:25:05,1.56,14.95,-15.54,1
17:25:10,2.32,17.49,-24.78,1
17:25:15,0.25,15.01,-40.81,1
17:25:20,0.51,11.14,109.08,1
17:25:25,2.37,19.17,-14.89,1
17:25:30,2.55,24.88,-18.41,0
17:25:35,1.82,14.54,-21.42,0
17:25:40,2.88,12.36,99.61,0
17:25:45,2.64,13.97,-58.96,1
17:25:50,0.7,14.34,-33.87,0
17:25:55,2.44,16.96,-0.03,0
17:26:00,2.23,21.28,-93.86,1
17:26:05,0.77,15.86,58.32,1
17:26:10,2.06,19.33,-105.05,1
17:26:15,2.61,24.08,20.11,1
17:26:20,0.24,18.04,55.97,1
17:26:25,2.71,20.02,-82.19,0
17:26:30,0.14,17.89,-60.28,1
17:26:35,2.84,8.36,-117.41,1
17:26:40,0.39,14.6,-9.39,1
17:26:45,0.96,23.9,47.24,0
17:26:50,2.69,17.48,44.36,0
17:26:55,0.49,21.96,-75.79,0
17:27:00,0.04,16.45,63.96,0
17:27:05,2.51,22.93,0.07,1
17:27:10,2.61,11.02,-75.11,1
17:27:15,0.12,22.07,-56.63,1
17:27:20,2.94,21.65,-25.08,0
17:27:25,2.36,13.2,100.53,0
17:27:30,2.13,15.92,-27.71,0
17:27:35,2.29,12.3,-40.08,1
17:27:40,1.74,14.39,13.13,1
17:27:45,0.9,11.09,-33.09,0
17:27:50,1.98,16.02,98.8,0
17:27:55,0.58,12.44,93.67,0
17:28:00,2.45,10.43,-104.34,0
17:28:05,2.25,10.27,-105.59,0
17:28:10,2.03,14.55,34.99,0
17:28:15,1.83,15.47,37.14,0
17:28:20,0.54,9.33,83.26,1
17:28:25,0.03,22.92,99.53,0
17:28:30,0.8,23.45,116.95,1
17:28:35,0.61,14.87,107.23,1
17:28:40,2.39,8.08,-67.69,0
17:28:45,2.81,9.99,-18.94,1
17:28:50,1.16,12.69,41.74,0
17:28:55,0.52,17.04,75.85,0
17:29:00,0.21,9.4,-67.76,1
17:29:05,1.65,22.74,-103.46,1
17:29:10,2.22,22.78,-45.54,0
17:29:15,1.25,19.71,5.28,0
17:29:20,2.45,15.43,86.21,0
17:29:25,1.19,17.08,-93.98,1
17:29:30,1.02,23.79,104.06,1
17:29:35,0.43,17.41,119.71,0
17:29:40,2.4,21.87,-37.08,1
17:29:45,1.99,18.32,-9.89,1
17:29:50,1.2,16.19,89.39,1
17:29:55,1.56,19.61,-30.94,1
17:30:00,0.77,22.11,-72.97,0
17:30:05,0.36,10.03,-36.07,0
17:30:10,1.95,17.81,7.65,1
17:30:15,2.52,14.33,-37.97,0
17:30:20,0.73,10.72,14.08,1
17:30:25,1.81,17.93,-94.54,1
17:30:30,2.54,13.31,-121.96,0
17:30:35,0.99,18.82,-71.9,1
17:30:40,1.45,19.51,1.2,0
17:30:45,1.23,22.84,-71.65,0
17:30:50,0.9,18.09,-82.32,1
17:30:55,2.93,21.89,64.74,0
17:31:00,0.01,14.1,86.5,1
17:31:05,2.34,11.03,51.47,0
17:31:10,1.61,22.82,-49.07,0
17:31:15,0.6,10.91,77.04,1
17:31:20,1.39,12.38,-91.6,0
17:31:25,2.11,12.2,-67.26,0
17:31:30,0.93,24.93,-32.66,0
17:31:35,1.44,18.94,114.46,1
17:31:40,1.61,23.36,-50.5,0
17:31:45,0.47,8.02,-39.08,0
17:31:50,0.03,16.26,-91.08,1
17:31:55,0.38,20.23,-50.05,1
17:32:00,1.23,18.18,-93.66,0
17:32:05,0.69,21.55,-109.15,1
17:32:10,0.43,18.52,-33.77,0
17:32:15,2.79,9.64,110.81,1
17:32:20,0.01,9.75,44.77,1
17:32:25,0.39,8.46,-122.28,0
17:32:30,2.03,19.08,-33.85,1
17:32:35,0.28,13.17,5.47,1
17:32:40,2.89,8.27,39.31,1
17:32:45,2.66,22.82,-2.0,0
17:32:50,2.52,18.54,37.69,1
17:32:55,1.69,24.66,-20.99,0
17:33:00,1.88,8.38,-104.0,0
17:33:05,2.16,8.48,-91.55,1
17:33:10,1.1,20.12,-49.07,0
17:33:15,2.45,19.13,52.73,0
17:33:20,1.94,23.95,-58.26,1
17:33:25,0.25,14.94,124.82,0
17:33:30,1.71,21.15,115.8,0
17:33:35,1.71,24.9,-6.05,1
17:33:40,2.3,21.77,-102.67,1
17:33:45,1.81,18.24,49.32,0
17:33:50,2.16,16.52,84.22,0
17:33:55,2.0,19.92,72.92,0
17:34:00,1.54,21.09,-3.9,1
17:34:05,0.27,22.13,22.65,0
17:34:10,1.64,11.75,71.66,0
17:34:15,1.8,15.22,-2.83,0
17:34:20,1.85,13.83,-109.64,0
17:34:25,1.77,23.63,26.69,1
17:34:30,1.73,10.12,-44.12,1
17:34:35,1.59,10.76,44.47,1
17:34:40,0.42,21.64,-26.81,1
17:34:45,0.34,22.24,108.29,0
17:34:50,0.24,18.5,72.81,1
17:34:55,0.63,14.6,-25.65,0
17:35:00,2.14,17.38,118.02,1
17:35:05,1.28,24.95,114.04,1
17:35:10,1.28,11.1,-48.37,1
17:35:15,0.28,12.83,29.02,0
17:35:20,0.8,13.1,119.27,1
17:35:25,0.36,21.7,-103.16,1
17:35:30,0.47,17.76,-79.15,0
17:35:35,0.6,8.44,-29.99,1
17:35:40,2.65,22.91,-50.51,1
17:35:45,2.18,24.4,92.55,0
17:35:50,2.92,24.57,79.26,0
17:35:55,0.46,9.35,-3.54,0
17:36:00,0.84,13.68,-10.8,1
17:36:05,1.37,11.94,-0.2,1
17:36:10,2.68,16.13,21.9,1
17:36:15,2.42,18.0,-73.67,1
17:36:20,2.58,20.94,8.57,0
17:36:25,2.91,9.88,-105.9,1
17:36:30,0.13,17.37,23.35,0
17:36:35,2.6,19.08,30.64,1
17:36:40,2.99,21.37,-44.99,1
17:36:45,2.19,10.46,35.47,1
17:36:50,1.92,15.52,-28.05,0
17:36:55,1.39,22.35,121.77,0
17:37:00,1.63,12.95,-75.92,1
17:37:05,2.6,21.23,71.54,1
17:37:10,0.23,14.52,55.71,1
17:37:15,2.05,24.91,8.88,0
17:37:20,1.95,18.95,122.3,1
17:37:25,1.39,23.7,-63.08,1
17:37:30,2.36,17.57,-11.03,1
17:37:35,2.52,11.77,48.98,0
17:37:40,0.07,14.18,-53.77,1
17:37:45,1.78,21.14,70.18,0
17:37:50,1.29,14.44,44.55,0
17:37:55,0.14,10.93,-4.07,1
17:38:00,1.91,9.5,77.63,0
17:38:05,0.61,16.46,62.96,1
17:38:10,2.93,11.73,-121.57,0
17:38:15,2.51,24.65,6.63,1
17:38:20,0.48,24.49,-66.76,0
17:38:25,0.75,21.89,54.65,1
17:38:30,0.96,16.98,-100.68,0
17:38:35,2.05,13.04,-109.17,1
17:38:40,2.69,15.0,-32.91,0
17:38:45,2.47,8.51,34.99,1
17:38:50,2.04,20.12,123.37,1
17:38:55,2.45,17.62,-9.93,0
17:39:00,2.44,16.41,-52.41,0
17:39:05,1.25,21.61,89.62,1
17:39:10,0.16,14.17,-99.63,0
17:39:15,1.59,13.77,22.79,0
17:39:20,0.25,15.59,43.39,0
17:39:25,2.64,23.76,105.81,1
17:39:30,0.67,15.41,-99.21,1
17:39:35,0.33,21.14,52.33,1
17:39:40,0.78,14.57,81.74,0
17:39:45,0.3,11.18,104.9,1
17:39:50,1.23,11.78,83.11,0
17:39:55,1.53,22.24,-125.93,0
17:40:00,2.08,24.99,94.95,1
17:40:05,0.25,23.99,-27.14,0
17:40:10,0.67,23.91,92.12,0
17:40:15,1.09,13.61,-27.22,1
17:40:20,0.48,12.75,124.2,1
17:40:25,2.32,17.86,80.27,1
17:40:30,1.62,13.68,61.71,0
17:40:35,0.78,13.99,33.62,0
17:40:40,1.34,21.93,40.49,1
17:40:45,0.74,23.7,123.1,1
17:40:50,1.48,14.38,-123.58,0
17:40:55,2.55,9.39,108.18,1
17:41:00,0.68,9.36,13.34,1
17:41:05,2.7,8.42,-24.04,0
17:41:10,2.62,22.46,96.23,0
17:41:15,2.48,13.39,-21.53,0
17:41:20,2.1,18.31,22.57,0
17:41:25,0.11,21.57,-24.18,0
17:41:30,1.06,24.91,-100.57,1
17:41:35,0.3,9.67,-46.29,0
17:41:40,1.93,21.03,66.3,1
17:41:45,0.87,22.52,61.98,0
17:41:50,1.03,9.06,-13.35,1
17:41:55,0.84,18.01,76.22,0
17:42:00,2.18,10.17,19.23,0
17:42:05,2.11,24.14,-78.54,0
17:42:10,0.03,11.9,-36.77,0
17:42:15,1.11,17.15,77.08,1
17:42:20,2.47,12.99,-99.44,0
17:42:25,0.42,19.56,16.54,1
17:42:30,2.02,21.22,-114.34,0
17:42:35,2.08,17.58,-63.23,0
17:42:40,0.34,15.87,49.2,0
17:42:45,2.2,16.47,56.63,1
17:42:50,0.11,17.12,10.2,0
17:42:55,1.3,22.07,85.55,0
17:43:00,1.2,11.39,-125.05,0
17:43:05,0.45,18.58,61.16,0
17:43:10,0.4,17.91,-6.45,0
17:43:15,0.78,18.31,-55.37,1
17:43:20,1.67,20.57,-17.44,0
17:43:25,0.28,10.84,61.12,0
17:43:30,0.95,22.16,-73.09,1
17:43:35,2.55,14.17,67.59,1
17:43:40,1.8,16.65,68.27,1
17:43:45,1.62,11.62,4.97,0
17:43:50,0.24,14.99,2.09,1
17:43:55,2.89,23.08,55.99,1
17:44:00,2.73,19.35,6.16,1
17:44:05,0.93,18.28,6.75,0
17:44:10,1.0,8.1,42.82,1
17:44:15,1.74,18.5,-90.87,0
17:44:20,2.62,13.19,-119.22,0
17:44:25,1.64,10.95,46.96,1
17:44:30,2.65,23.64,75.67,1
17:44:35,0.22,10.86,-105.94,1
17:44:40,0.91,21.7,118.09,1
17:44:45,2.88,10.98,-112.06,1
17:44:50,1.3,8.61,106.52,1
17:44:55,0.82,8.29,52.05,0
17:45:00,0.76,21.69,5.28,0
17:45:05,2.18,16.35,0.84,0
17:45:10,1.53,17.73,99.01,0
17:45:15,0.85,8.54,4.32,1
17:45:20,0.73,16.71,-86.26,0
17:45:25,1.07,22.48,73.5,0
17:45:30,0.87,24.07,-27.76,1
17:45:35,1.73,18.18,-60.9,0
17:45:40,0.27,15.84,29.52,1
17:45:45,1.37,9.73,-84.33,1
17:45:50,0.77,17.85,-83.16,1
17:45:55,1.43,21.62,0.51,1
17:46:00,0.35,9.83,7.26,1
17:46:05,0.72,23.9,-73.04,1
17:46:10,1.47,9.75,71.61,1
17:46:15,1.29,24.19,13.83,0
17:46:20,1.8,13.85,101.09,1
17:46:25,2.04,18.35,-95.0,1
17:46:30,2.47,13.28,77.68,0
17:46:35,0.0,10.68,87.08,1
17:46:40,2.35,12.84,-27.18,0
17:46:45,0.63,12.03,-2.93,0
17:46:50,1.75,18.44,-36.38,0
17:46:55,2.58,14.49,-30.34,0
17:47:00,1.39,18.0,-57.54,0
17:47:05,0.15,22.41,10.77,0
17:47:10,0.43,10.44,1.63,0
17:47:15,0.17,24.13,24.65,1
17:47:20,2.52,24.21,107.89,0
17:47:25,2.62,22.47,-10.33,0
17:47:30,0.68,16.62,72.01,1
17:47:35,1.47,15.68,-88.92,0
17:47:40,2.96,13.08,114.05,0
17:47:45,1.87,18.4,-23.57,1
17:47:50,0.39,14.91,85.44,0
17:47:55,1.36,18.33,94.34,0
17:48:00,2.17,13.42,4.01,0
17:48:05,0.23,8.54,107.45,1
17:48:10,1.51,15.78,-44.88,1
17:48:15,2.05,20.71,-118.23,1
17:48:20,1.27,12.94,-30.87,0
17:48:25,0.56,15.78,114.75,0
17:48:30,0.61,11.79,-116.81,0
17:48:35,1.32,24.44,-82.23,1
17:48:40,1.35,21.42,-118.51,1
17:48:45,0.61,19.59,-109.6,0
17:48:50,0.39,20.67,-35.61,0
17:48:55,2.38,24.94,78.97,0
17:49:00,2.23,23.23,1.89,1
17:49:05,1.66,18.9,-110.66,0
17:49:10,0.6,12.17,-10.82,1
17:49:15,0.39,9.87,89.35,1
17:49:20,1.72,14.59,-3.75,1
17:49:25,1.08,18.29,84.75,0
17:49:30,0.87,15.26,-113.11,1
17:49:35,2.78,22.82,86.26,1
17:49:40,2.9,11.89,117.47,1
17:49:45,0.88,8.99,-45.74,1
17:49:50,0.14,21.11,-43.76,1
17:49:55,0.71,13.84,39.86,0
17:50:00,2.69,19.42,-38.86,1
17:50:05,1.72,9.51,-85.59,0
17:50:10,0.11,13.44,120.78,0
17:50:15,0.48,12.21,28.01,0
17:50:20,2.28,24.31,78.4,0
17:50:25,2.89,15.13,-25.64,0
17:50:30,2.84,15.52,-14.77,0
17:50:35,0.74,13.42,69.64,1
17:50:40,0.26,14.92,11.16,0
17:50:45,0.24,17.51,54.0,0
17:50:50,2.04,20.53,109.17,1
17:50:55,2.28,13.07,30.67,0
17:51:00,1.66,16.83,4.87,1
17:51:05,0.0,16.01,104.62,1
17:51:10,2.09,16.09,66.18,0
17:51:15,0.82,10.97,-43.06,1
17:51:20,1.21,18.78,-102.81,0
17:51:25,0.65,22.45,-99.0,0
17:51:30,1.07,18.94,47.07,1
17:51:35,0.83,22.93,101.87,0
17:51:40,1.45,14.09,-8.85,0
17:51:45,0.48,20.27,-113.56,0
17:51:50,2.86,14.69,31.66,1
17:51:55,0.24,13.51,32.46,1
17:52:00,2.42,21.33,-71.9,0
17:52:05,2.58,13.84,-62.74,0
17:52:10,0.15,18.46,63.17,0
17:52:15,1.08,11.24,98.13,1
17:52:20,2.34,13.22,110.06,1
17:52:25,0.4,10.04,-51.68,0
17:52:30,2.48,12.04,33.44,0
17:52:35,0.79,16.42,4.28,1
17:52:40,1.05,10.8,122.55,0
17:52:45,2.2,8.73,-31.31,0
17:52:50,2.13,16.15,18.95,1
17:52:55,1.59,12.13,-17.56,0
17:53:00,1.04,11.47,-11.04,0
17:53:05,0.68,13.65,86.98,1
17:53:10,1.77,20.45,-53.37,1
17:53:15,1.93,8.49,-25.91,1
17:53:20,0.12,20.41,-121.25,0
17:53:25,2.87,21.17,83.08,0
17:53:30,2.64,23.49,49.58,1
17:53:35,0.36,22.32,-52.93,0
17:53:40,0.13,17.22,125.47,0
17:53:45,0.53,8.11,121.96,1
17:53:50,2.16,17.44,22.82,1
17:53:55,2.36,17.94,3.32,1
17:54:00,1.63,14.51,19.56,1
17:54:05,1.4,21.97,120.53,0
17:54:10,2.56,16.24,107.47,1
17:54:15,2.16,24.3,-36.97,1
17:54:20,0.31,17.31,-101.36,0
17:54:25,0.37,8.29,94.55,0
17:54:30,2.64,8.0,1.39,0
17:54:35,2.98,10.32,-44.2,0
17:54:40,0.15,11.04,-100.48,1
17:54:45,1.93,11.42,28.68,1
17:54:50,2.88,13.78,52.31,0
17:54:55,0.47,9.07,-32.99,1
17:55:00,0.26,19.2,-29.33,1
17:55:05,0.7,20.81,56.07,1
17:55:10,1.49,24.85,-32.4,0
17:55:15,0.04,16.36,78.08,0
17:55:20,1.35,8.76,4.27,0
17:55:25,1.06,20.24,-93.91,1
17:55:30,1.52,15.93,124.66,0
17:55:35,2.58,13.8,-47.58,0
17:55:40,0.86,11.24,-88.66,1
17:55:45,1.94,21.71,-49.27,0
17:55:50,1.35,23.29,-86.83,0
17:55:55,0.22,14.77,58.23,0
17:56:00,2.52,21.57,125.58,1
17:56:05,1.1,10.29,84.73,1
17:56:10,0.89,13.26,126.58,1
17:56:15,0.86,8.57,-118.81,1
17:56:20,0.05,12.08,67.7,0
17:56:25,0.5,11.04,-97.96,1
17:56:30,0.68,23.71,-64.5,0
17:56:35,2.42,19.72,-86.93,0
17:56:40,1.27,12.13,-40.02,0
17:56:45,0.83,12.98,117.8,1
17:56:50,2.73,23.45,50.53,0
17:56:55,1.81,13.81,-65.46,1
17:57:00,0.26,18.29,-12.38,1
17:57:05,1.62,14.21,54.52,0
17:57:10,2.96,19.04,-86.31,1
17:57:15,1.63,12.59,98.41,0
17:57:20,1.64,21.37,-54.04,1
17:57:25,2.71,11.89,5.82,0
17:57:30,1.24,12.77,60.75,1
17:57:35,0.98,24.55,98.22,1
17:57:40,2.24,21.76,70.79,0
17:57:45,2.39,17.09,101.93,0
17:57:50,0.56,13.31,71.24,0
17:57:55,1.74,17.21,101.24,0
17:58:00,1.4,21.56,38.84,1
17:58:05,1.94,14.63,1.85,0
17:58:10,2.07,8.34,-56.67,0
17:58:15,2.18,23.17,-65.71,1
17:58:20,0.81,13.94,112.57,1
17:58:25,1.68,14.09,-126.04,0
17:58:30,2.1,17.57,50.73,0
17:58:35,1.21,13.98,-95.24,1
17:58:40,0.68,10.31,-120.36,0
17:58:45,2.38,13.4,9.07,1
17:58:50,1.82,20.77,98.94,1
17:58:55,0.58,10.67,-114.59,1
17:59:00,0.29,9.8,-90.89,1
17:59:05,0.54,18.17,-123.41,0
17:59:10,2.14,11.74,44.39,0
17:59:15,1.08,17.44,60.38,1
17:59:20,1.94,13.23,-47.92,0
17:59:25,2.91,18.77,98.9,1
17:59:30,1.52,14.39,115.59,1
17:59:35,0.52,10.08,4.04,1
17:59:40,1.17,24.4,-52.28,0
17:59:45,0.79,23.96,115.84,0
17:59:50,1.43,11.86,22.12,1
17:59:55,1.53,17.08,90.56,0
18:00:00,2.04,11.37,17.49,1
18:00:05,2.65,10.57,40.86,1
18:00:10,1.85,11.09,-43.84,0
18:00:15,2.62,23.54,-63.52,0
18:00:20,2.26,11.05,-95.2,1
18:00:25,2.57,15.0,-21.53,1
18:00:30,0.51,23.07,50.46,1
18:00:35,1.12,11.53,-121.6,0
18:00:40,0.98,20.06,-73.38,1
18:00:45,2.97,14.58,-27.68,0
18:00:50,1.76,19.35,-3.78,0
18:00:55,1.33,22.88,-35.81,0
18:01:00,0.91,21.99,-67.92,0
18:01:05,1.58,14.98,-104.55,1
18:01:10,2.33,22.69,-119.43,1
18:01:15,1.12,16.99,19.75,1
18:01:20,1.52,13.17,77.87,0
18:01:25,1.63,10.7,88.61,0
18:01:30,2.38,17.95,-84.54,1
18:01:35,1.26,10.96,49.68,0
18:01:40,1.98,24.66,38.96,0
18:01:45,2.57,23.6,84.09,1
18:01:50,1.1,19.81,-109.66,1
18:01:55,1.01,8.54,-43.62,0
18:02:00,0.13,13.06,11.17,1
18:02:05,2.84,9.21,37.68,0
18:02:10,0.67,9.39,114.32,0
18:02:15,2.17,20.69,-117.93,0
18:02:20,1.52,18.82,86.38,1
18:02:25,2.35,18.01,-36.12,1
18:02:30,0.84,14.16,34.3,0
18:02:35,2.84,20.26,-110.73,1
18:02:40,1.69,17.98,-37.99,1
18:02:45,0.61,18.35,-16.06,1
18:02:50,0.23,23.17,88.89,1
18:02:55,1.9,23.88,-23.02,1
18:03:00,0.4,16.37,39.18,1
18:03:05,2.51,16.87,5.48,1
18:03:10,1.85,15.84,31.52,0
18:03:15,2.82,13.45,-38.06,0
18:03:20,2.19,18.87,28.55,0
18:03:25,2.63,9.15,-21.07,0
18:03:30,1.82,24.39,1.08,0
18:03:35,2.17,9.92,35.11,0
18:03:40,1.17,24.47,54.59,0
18:03:45,2.55,8.91,-108.11,1
18:03:50,1.79,24.97,47.13,0
18:03:55,0.33,10.11,20.79,1
18:04:00,1.09,19.52,-74.86,0
18:04:05,1.1,24.28,-68.21,1
18:04:10,1.22,17.59,-114.85,1
18:04:15,0.1,13.6,-119.4,1
18:04:20,1.67,24.51,-35.49,0
18:04:25,1.93,12.08,-48.05,1
18:04:30,2.69,18.31,-19.51,0
18:04:35,2.44,18.3,-85.47,0
18:04:40,0.23,13.87,88.31,1
18:04:45,0.47,11.45,-48.95,1
18:04:50,2.72,22.09,-77.04,1
18:04:55,2.39,10.64,-57.23,0
18:05:00,1.3,9.13,-42.73,1
18:05:05,2.79,24.36,92.87,1
18:05:10,2.48,23.59,77.69,0
18:05:15,1.29,12.38,-28.46,0
18:05:20,2.66,22.23,2.57,1
18:05:25,2.5,24.72,81.35,0
18:05:30,1.84,18.75,-101.29,0
18:05:35,1.76,8.86,-113.31,1
18:05:40,2.63,24.83,-64.69,1
18:05:45,2.39,20.35,2.51,1
18:05:50,0.38,20.15,-71.22,0
18:05:55,1.26,10.82,-1.58,1
18:06:00,0.78,15.1,-93.96,0
18:06:05,0.33,8.05,14.87,0
18:06:10,2.4,9.71,120.72,0
18:06:15,1.74,23.96,40.14,1
18:06:20,0.38,21.36,23.38,0
18:06:25,1.47,24.57,67.13,0
18:06:30,2.55,15.34,-116.99,0
18:06:35,1.85,15.76,-37.76,1
18:06:40,1.05,22.63,-75.58,1
18:06:45,2.56,12.88,12.65,0
18:06:50,0.12,8.33,41.96,0
18:06:55,2.99,8.77,-39.3,1
18:07:00,2.46,9.33,12.44,0
18:07:05,1.54,18.64,101.05,0
18:07:10,2.63,14.14,-49.11,0
18:07:15,0.1,22.24,-104.92,0
18:07:20,2.07,8.42,-0.82,1
18:07:25,2.3,13.07,-50.9,0
18:07:30,1.13,8.71,-44.29,0
18:07:35,0.97,13.93,-63.69,0
18:07:40,2.86,8.56,-2.27,0
18:07:45,1.24,16.38,-121.1,1
18:07:50,0.42,11.67,101.22,1
18:07:55,2.18,22.0,13.32,1
18:08:00,0.17,12.49,115.85,1
18:08:05,1.46,19.88,92.86,0
18:08:10,1.12,10.54,123.42,0
18:08:15,2.66,20.99,-73.8,0
18:08:20,1.8,9.27,4.45,1
18:08:25,1.74,11.51,15.14,0
18:08:30,1.72,8.31,99.16,1
18:08:35,1.68,23.93,55.62,1
18:08:40,2.85,24.95,-7.28,1
18:08:45,0.77,19.11,-81.14,1
18:08:50,0.17,18.22,21.67,1
18:08:55,0.61,9.37,-96.2,0
18:09:00,0.08,23.25,57.85,0
18:09:05,1.42,24.89,-22.85,0
18:09:10,1.25,14.87,-59.03,1
18:09:15,0.88,13.38,-107.67,0
18:09:20,0.3,8.58,-40.37,1
18:09:25,2.88,16.92,4.0,1
18:09:30,2.98,24.24,63.03,0
18:09:35,1.85,13.75,-57.85,1
18:09:40,0.31,10.1,-84.9,0
18:09:45,2.66,17.5,20.92,0
18:09:50,0.76,22.1,92.35,0
18:09:55,1.91,20.54,-84.9,0
18:10:00,0.64,9.94,-21.69,0
18:10:05,0.2,20.36,-28.43,1
18:10:10,1.85,10.41,-64.62,0
18:10:15,1.95,19.71,-96.09,0
18:10:20,2.54,13.62,62.39,0
18:10:25,1.06,17.32,-71.78,0
18:10:30,0.97,12.03,-28.78,1
18:10:35,0.5,18.0,50.34,0
18:10:40,0.63,22.8,-43.82,0
18:10:45,1.99,8.3,109.46,1
18:10:50,1.31,13.18,68.43,0
18:10:55,2.25,22.15,34.5,1
18:11:00,0.64,21.92,-69.57,1
18:11:05,2.99,17.13,-30.81,1
18:11:10,0.29,18.75,75.39,1
18:11:15,2.34,12.11,-76.02,1
18:11:20,0.17,23.18,-36.64,1
18:11:25,2.07,11.45,-104.72,0
18:11:30,2.66,22.06,125.64,1
18:11:35,2.31,12.39,55.62,0
18:11:40,2.34,22.39,-61.55,0
18:11:45,0.5,23.87,-86.48,0
18:11:50,1.74,14.0,24.71,0
18:11:55,2.81,14.77,-42.09,1
18:12:00,0.27,9.88,-1.36,1
18:12:05,1.37,19.5,110.81,1
18:12:10,0.91,10.45,103.51,0
18:12:15,2.11,14.55,13.26,0
18:12:20,1.54,18.44,-74.76,1
18:12:25,0.23,10.48,121.54,1
18:12:30,2.95,9.21,-48.43,1
18:12:35,2.07,9.76,37.76,1
18:12:40,1.93,13.69,-114.71,0
18:12:45,0.94,24.15,103.12,0
18:12:50,1.31,12.4,-103.97,0
18:12:55,1.09,23.79,-119.1,1
18:13:00,1.49,8.07,-79.46,0
18:13:05,2.85,8.14,-43.67,1
18:13:10,1.3,10.04,74.68,1
18:13:15,1.85,15.33,115.65,0
18:13:20,0.88,24.99,85.67,0
18:13:25,0.87,21.64,-37.89,0
18:13:30,1.81,22.98,-24.86,0
18:13:35,1.03,8.42,-25.96,1
18:13:40,1.17,14.84,87.09,0
18:13:45,2.13,19.57,38.26,1
18:13:50,2.42,14.82,-90.25,0
18:13:55,0.49,10.31,47.45,0
18:14:00,2.64,23.62,-77.88,1
18:14:05,1.6,16.56,-63.66,0
18:14:10,0.96,8.18,113.47,0
18:14:15,0.86,13.85,-103.74,1
18:14:20,2.57,13.93,-34.06,0
18:14:25,1.04,15.55,-69.39,0
18:14:30,2.52,19.53,-66.66,1
18:14:35,0.52,24.74,37.54,1
18:14:40,1.29,17.2,87.71,0
18:14:45,2.32,14.77,78.46,0
18:14:50,1.03,21.74,-7.66,1
18:14:55,1.87,8.55,-14.01,1
18:15:00,0.34,9.71,-102.75,0
18:15:05,0.56,13.82,8.17,1
18:15:10,0.68,20.55,-52.22,1
18:15:15,2.84,17.13,-18.05,0
18:15:20,2.4,15.1,-66.38,0
18:15:25,1.59,19.1,64.89,1
18:15:30,0.22,11.05,-5.96,0
18:15:35,2.5,19.23,-58.84,1
18:15:40,0.48,9.97,88.58,1
18:15:45,0.5,13.27,65.33,0
18:15:50,2.81,12.01,-26.35,1
18:15:55,1.26,12.36,12.35,1
18:16:00,2.29,15.26,12.22,1
18:16:05,0.37,14.45,-95.65,0
18:16:10,1.07,22.65,-28.42,0
18:16:15,1.04,14.68,64.06,1
18:16:20,1.75,14.67,98.06,0
18:16:25,1.29,8.77,106.73,1
18:16:30,2.49,8.01,39.45,1
18:16:35,1.45,20.11,87.25,0
18:16:40,2.71,24.17,-88.61,1
18:16:45,0.79,13.79,69.2,1
18:16:50,0.53,15.17,-50.84,0
18:16:55,2.46,10.24,-68.64,1
18:17:00,0.9,18.93,-41.15,0
18:17:05,2.52,16.34,-125.72,0
18:17:10,0.42,17.12,30.89,1
18:17:15,1.65,10.32,-83.76,0
18:17:20,2.99,18.85,-90.9,1
18:17:25,0.84,16.03,101.3,0
18:17:30,2.48,15.68,75.91,1
18:17:35,0.38,16.11,-124.73,1
18:17:40,1.54,24.71,-20.97,0
18:17:45,2.89,10.0,2.8,0
18:17:50,0.47,24.25,-110.0,0
18:17:55,0.24,23.94,-39.36,0
18:18:00,1.02,24.26,82.1,1
18:18:05,0.68,23.07,-87.56,1
18:18:10,1.9,15.16,71.6,0
18:18:15,1.44,16.2,43.56,1
18:18:20,1.97,18.43,69.74,1
18:18:25,0.12,15.49,-115.42,0
18:18:30,2.72,8.63,-125.14,1
18:18:35,0.67,11.67,-6.53,1
18:18:40,1.09,12.65,-52.16,0
18:18:45,1.59,9.0,93.23,1
18:18:50,1.82,14.28,37.57,0
18:18:55,1.64,23.8,91.89,0
18:19:00,1.23,23.49,20.9,0
18:19:05,2.2,24.66,88.02,1
18:19:10,2.51,14.31,-15.38,1
18:19:15,0.66,10.05,110.26,1
18:19:20,2.6,8.67,115.05,0
18:19:25,0.27,11.62,72.64,0
18:19:30,0.92,20.68,-85.07,0
18:19:35,0.35,15.36,82.51,0
18:19:40,2.51,9.57,75.9,1
18:19:45,2.59,8.24,-28.6,1
18:19:50,2.41,20.19,-1.38,0
18:19:55,1.68,12.19,-11.97,1
18:20:00,1.93,10.0,92.22,1
18:20:05,1.14,14.46,36.2,1
18:20:10,3.0,13.43,-28.21,1
18:20:15,0.14,12.82,-75.15,0
18:20:20,0.82,15.31,26.61,0
18:20:25,0.01,14.06,-42.0,1
18:20:30,2.68,13.01,-75.74,0
18:20:35,1.72,22.51,-25.4,0
18:20:40,2.51,23.24,-101.67,0
18:20:45,0.8,12.21,-107.57,0
18:20:50,0.35,21.44,112.36,0
18:20:55,2.73,15.5,38.87,1
18:21:00,0.13,11.74,117.63,0
18:21:05,0.38,15.26,-54.28,1
18:21:10,1.96,19.9,-90.89,1
18:21:15,1.77,19.83,72.99,0
18:21:20,0.48,22.92,-103.35,1
18:21:25,1.15,15.43,-20.58,1
18:21:30,1.94,12.92,32.42,0
18:21:35,1.26,24.47,108.33,1
18:21:40,1.32,13.12,124.76,1
18:21:45,2.33,22.94,26.36,1
18:21:50,1.06,20.19,-77.56,0
18:21:55,2.99,18.1,33.27,1
18:22:00,0.64,14.11,37.92,0
18:22:05,1.56,11.07,-42.71,0
18:22:10,1.45,11.74,-110.67,1
18:22:15,0.18,17.46,-25.46,0
18:22:20,1.2,20.74,-31.02,1
18:22:25,1.6,23.56,-89.15,1
18:22:30,0.72,22.23,-7.08,0
18:22:35,2.69,23.68,36.47,1
18:22:40,1.46,14.79,-92.35,1
18:22:45,1.4,23.44,88.94,0
18:22:50,2.83,23.77,66.68,1
18:22:55,0.25,19.46,-79.25,1
18:23:00,2.7,20.43,11.75,1
18:23:05,2.12,17.69,59.7,0
18:23:10,0.4,16.68,16.7,0
18:23:15,2.65,20.52,102.19,0
18:23:20,1.64,20.05,-73.02,1
18:23:25,0.37,17.76,113.48,0
18:23:30,0.22,24.94,-85.15,1
18:23:35,1.32,15.85,103.24,0
18:23:40,0.77,10.05,-38.95,0
18:23:45,0.7,12.32,-106.78,0
18:23:50,2.08,24.37,6.74,0
18:23:55,0.08,10.66,2.43,0
18:24:00,1.27,18.31,24.66,1
18:24:05,2.27,10.88,13.38,0
18:24:10,0.14,10.71,-48.92,1
18:24:15,2.54,9.83,60.52,1
18:24:20,2.11,10.34,-27.2,1
18:24:25,2.86,12.68,19.14,1
18:24:30,0.57,15.55,-0.63,1
18:24:35,0.84,14.02,-51.06,0
18:24:40,1.38,18.23,-63.9,1
18:24:45,2.49,11.02,55.01,0
18:24:50,2.42,19.26,105.94,0
18:24:55,0.59,8.3,40.49,0
18:25:00,1.57,14.74,125.62,0
18:25:05,2.2,19.63,-76.68,0
18:25:10,0.27,18.91,-65.04,0
18:25:15,0.61,11.81,-93.11,0
18:25:20,1.39,19.89,-19.63,0
18:25:25,0.5,13.19,-47.51,0
18:25:30,0.76,22.7,-44.74,1
18:25:35,0.4,10.88,116.91,0
18:25:40,0.33,18.26,-99.46,1
18:25:45,2.37,12.86,-25.62,1
18:25:50,1.37,19.56,-93.99,1
18:25:55,0.57,24.08,33.06,0
18:26:00,0.07,10.17,33.1,0
18:26:05,2.44,12.38,-85.67,0
18:26:10,0.83,9.26,-69.79,1
18:26:15,1.05,16.64,20.91,0
18:26:20,0.38,17.24,-69.47,1
18:26:25,0.56,10.76,-13.78,0
18:26:30,1.73,23.21,44.86,1
18:26:35,0.35,15.65,22.49,0
18:26:40,2.06,8.29,-94.26,0
18:26:45,2.13,12.05,54.27,1
18:26:50,1.35,18.99,59.56,0
18:26:55,1.85,15.14,0.1,1
18:27:00,2.9,24.64,-91.67,0
18:27:05,1.01,21.11,-38.42,0
18:27:10,1.09,21.02,48.1,1
18:27:15,1.73,14.4,50.12,0
18:27:20,2.23,11.99,73.87,1
18:27:25,2.61,21.76,11.23,0
18:27:30,2.14,24.48,3.54,1
18:27:35,1.75,19.88,5.46,0
18:27:40,2.7,11.07,-115.34,0
18:27:45,1.64,8.84,-28.08,0
18:27:50,2.79,23.78,105.64,1
18:27:55,1.55,11.05,-55.16,0
18:28:00,0.16,11.73,-39.97,1
18:28:05,2.66,20.98,-34.38,1
18:28:10,2.21,16.76,12.19,1
18:28:15,0.04,14.59,-51.39,0
18:28:20,1.08,19.45,44.22,1
18:28:25,2.57,18.02,63.68,1
18:28:30,2.59,13.91,111.98,1
18:28:35,1.78,12.32,-76.74,1
18:28:40,0.4,16.63,-60.18,0
18:28:45,2.45,11.85,39.02,1
18:28:50,2.89,10.76,37.37,1
18:28:55,2.53,8.56,-66.42,1
18:29:00,1.15,9.99,118.89,0
18:29:05,0.85,23.37,-120.5,0
18:29:10,2.29,10.41,119.88,0
18:29:15,1.75,24.88,101.45,0
18:29:20,2.16,15.26,121.26,1
18:29:25,2.83,15.49,108.19,1
18:29:30,0.66,23.22,15.19,0
18:29:35,1.06,18.14,52.83,1
18:29:40,1.35,15.24,22.24,1
18:29:45,2.76,12.63,63.05,0
18:29:50,1.11,22.11,63.39,0
18:29:55,2.53,14.75,23.67,1
18:30:00,1.18,20.53,-10.52,1
18:30:05,0.34,11.99,-96.02,0
18:30:10,2.01,22.87,-5.25,1
18:30:15,1.36,16.7,-1.29,0
18:30:20,2.71,16.0,-3.12,0
18:30:25,1.31,13.19,33.23,1
18:30:30,1.09,16.36,-27.43,0
18:30:35,1.88,9.35,92.29,0
18:30:40,2.76,12.42,-31.74,1
18:30:45,2.3,23.88,-89.72,0
18:30:50,2.97,19.42,-22.18,1
18:30:55,1.45,17.16,111.99,0
18:31:00,0.76,22.39,120.46,0
18:31:05,2.87,23.97,53.73,1
18:31:10,2.42,10.53,-7.98,0
18:31:15,2.2,16.04,47.71,1
18:31:20,0.27,23.78,71.73,0
18:31:25,1.26,13.79,100.95,0
18:31:30,2.22,8.48,69.15,1
18:31:35,1.43,22.75,-80.94,0
18:31:40,1.52,24.01,93.93,0
18:31:45,0.25,20.19,105.0,0
18:31:50,2.94,17.23,24.58,1
18:31:55,2.5,21.66,94.74,0
18:32:00,1.5,25.0,-47.54,0
18:32:05,1.11,8.42,-29.74,1
18:32:10,0.4,12.47,17.89,1
18:32:15,1.49,18.55,-29.89,1
18:32:20,2.61,12.34,74.79,0
18:32:25,2.59,15.95,28.83,1
18:32:30,1.23,14.86,60.3,0
18:32:35,0.87,21.75,30.57,0
18:32:40,1.63,17.36,-86.53,0
18:32:45,1.71,18.98,124.98,1
18:32:50,2.65,20.48,113.11,1
18:32:55,1.95,21.32,-93.31,1
18:33:00,1.96,17.31,-17.87,1
18:33:05,0.78,12.74,-27.75,1
18:33:10,2.84,24.57,-37.27,0
18:33:15,1.63,22.52,53.52,1
18:33:20,2.41,17.39,-116.05,0
18:33:25,0.01,19.4,-8.87,1
18:33:30,2.09,18.56,89.77,1
18:33:35,2.0,21.95,18.59,0
18:33:40,1.31,18.83,-1.59,1
18:33:45,1.44,22.57,-23.8,0
18:33:50,1.7,18.71,88.92,0
18:33:55,0.27,22.34,76.49,1
18:34:00,2.96,23.48,-80.95,1
18:34:05,1.29,15.4,-40.74,1
18:34:10,2.34,18.56,-77.26,1
18:34:15,0.88,8.05,32.35,1
18:34:20,1.16,23.7,-56.2,0
18:34:25,0.75,19.12,116.89,0
18:34:30,2.5,21.49,14.29,1
18:34:35,2.86,9.61,-70.23,1
18:34:40,1.63,15.9,119.97,1
18:34:45,0.25,12.26,14.56,0
18:34:50,2.64,12.61,-107.27,0
18:34:55,2.45,11.72,35.71,0
18:35:00,1.24,16.4,59.92,0
18:35:05,2.63,19.66,22.34,1
18:35:10,1.0,20.41,73.84,1
18:35:15,2.93,22.02,-21.31,0
18:35:20,0.91,8.24,-3.8,1
18:35:25,2.03,15.37,-88.42,1
18:35:30,1.32,10.81,-1.77,1
18:35:35,2.46,14.1,-11.07,1
18:35:40,2.65,14.3,64.35,1
18:35:45,2.25,17.54,-113.37,0
18:35:50,1.29,18.74,37.97,0
18:35:55,2.44,19.86,-79.7,0
18:36:00,1.95,20.58,91.25,1
18:36:05,1.68,24.99,-96.51,0
18:36:10,1.21,17.43,117.87,1
18:36:15,0.32,22.68,-73.97,0
18:36:20,1.54,11.11,-31.54,0
18:36:25,2.51,23.22,-28.71,0
18:36:30,2.4,23.95,-83.55,1
18:36:35,0.72,9.05,-116.58,1
18:36:40,0.11,23.11,31.8,0
18:36:45,2.94,22.77,120.24,1
18:36:50,2.51,24.42,-77.77,0
18:36:55,1.67,10.09,103.63,0
18:37:00,1.22,17.79,-86.62,1
18:37:05,2.14,19.64,-76.21,1
18:37:10,0.32,8.24,43.06,1
18:37:15,1.9,9.35,-94.35,0
18:37:20,1.86,20.77,-48.57,1
18:37:25,0.85,9.24,42.66,0
18:37:30,2.75,22.89,-72.93,1
18:37:35,2.75,23.34,32.15,1
18:37:40,1.73,22.55,-116.42,1
18:37:45,1.09,23.49,-92.44,0
18:37:50,1.7,16.81,-115.9,1
18:37:55,0.57,23.17,42.48,0
18:38:00,0.89,8.22,-2.57,0
18:38:05,0.12,24.78,124.15,0
18:38:10,0.87,9.16,62.44,1
18:38:15,2.59,20.5,54.62,0
18:38:20,1.82,14.9,8.65,1
18:38:25,0.89,12.32,-34.9,0
18:38:30,0.46,12.81,-54.25,1
18:38:35,0.19,13.04,-68.66,1
18:38:40,2.28,11.75,118.19,0
18:38:45,1.98,21.22,-110.81,0
18:38:50,1.83,20.13,99.11,1
18:38:55,1.58,8.71,-111.37,0
18:39:00,2.7,22.29,-54.48,1
18:39:05,1.46,20.27,113.07,0
18:39:10,1.43,9.27,2.28,1
18:39:15,2.23,15.31,-29.12,1
18:39:20,1.78,11.96,-98.27,0
18:39:25,1.18,10.66,-110.35,0
18:39:30,2.83,10.95,70.18,1
18:39:35,1.17,8.84,-16.68,0
18:39:40,0.53,9.16,107.5,1
18:39:45,2.55,24.54,-34.44,1
18:39:50,2.26,20.25,-41.46,0
18:39:55,0.36,16.84,60.03,0
18:40:00,0.04,20.97,33.93,0
18:40:05,2.98,12.72,75.54,1
18:40:10,1.43,20.48,82.34,1
18:40:15,0.62,19.6,-62.65,0
18:40:20,1.49,20.75,100.98,0
18:40:25,2.59,10.49,43.48,0
18:40:30,2.7,15.21,-86.3,1
18:40:35,1.5,14.78,-11.98,1
18:40:40,2.3,17.34,-64.49,1
18:40:45,2.82,21.01,-59.01,0
18:40:50,0.3,20.58,-8.55,1
18:40:55,0.38,22.92,111.88,1
18:41:00,2.36,20.72,-125.51,0
18:41:05,1.47,22.2,118.82,1
18:41:10,1.71,9.5,2.45,1
18:41:15,2.77,12.54,-62.02,1
18:41:20,0.69,23.26,-28.43,0
18:41:25,0.09,24.15,-14.71,0
18:41:30,2.15,23.79,95.88,1
18:41:35,1.39,21.85,-0.2,1
18:41:40,2.16,22.73,3.08,1
18:41:45,1.39,20.05,98.9,1
18:41:50,0.37,10.68,-107.63,1
18:41:55,1.04,10.53,-97.27,0
18:42:00,0.25,22.26,-1.15,1
18:42:05,2.34,10.79,109.31,1
18:42:10,0.66,21.6,28.02,0
18:42:15,1.37,18.77,33.68,1
18:42:20,0.13,17.92,-44.75,0
18:42:25,1.89,17.55,-58.68,0
18:42:30,0.93,13.2,-83.26,0
18:42:35,0.54,18.97,77.34,0
18:42:40,0.54,18.8,4.11,0
18:42:45,1.07,24.87,68.62,0
18:42:50,2.86,8.25,47.42,0
18:42:55,1.46,8.68,-92.14,0
18:43:00,0.85,14.16,33.74,1
18:43:05,2.66,24.03,27.37,0
18:43:10,2.32,16.08,-73.84,1
18:43:15,0.15,9.93,-37.78,0
18:43:20,2.97,15.98,28.18,1
18:43:25,1.61,17.73,96.8,0
18:43:30,0.59,20.9,63.99,0
18:43:35,2.31,12.05,17.35,1
18:43:40,1.41,10.05,116.94,0
18:43:45,1.37,21.42,5.62,0
18:43:50,0.9,23.52,-42.0,1
18:43:55,2.59,19.49,42.43,0
18:44:00,0.4,13.51,55.94,0
18:44:05,2.02,8.85,68.78,0
18:44:10,1.86,9.75,-32.22,0
18:44:15,2.43,19.87,103.92,0
18:44:20,0.88,16.07,60.55,1
18:44:25,2.72,18.45,45.87,1
18:44:30,0.53,22.32,96.53,1
18:44:35,0.6,19.55,-113.7,1
18:44:40,1.81,11.05,-63.2,1
18:44:45,1.6,10.61,15.63,0
18:44:50,0.06,12.61,-2.99,0
18:44:55,1.95,21.75,-5.89,1
18:45:00,0.0,23.4,108.3,0
18:45:05,1.05,21.79,-52.69,0
18:45:10,0.3,21.69,-95.88,0
18:45:15,2.2,18.31,56.41,0
18:45:20,0.93,15.62,-13.78,1
18:45:25,1.44,17.69,-22.81,1
18:45:30,1.07,18.79,-25.59,1
18:45:35,0.49,19.68,53.38,0
18:45:40,1.4,15.69,-14.62,1
18:45:45,2.45,13.65,40.87,0
18:45:50,0.94,21.41,-67.78,0
18:45:55,1.48,19.68,-32.08,0
18:46:00,2.39,23.78,-57.69,0
18:46:05,1.28,18.86,-103.66,1
18:46:10,1.55,22.13,43.67,0
18:46:15,2.34,14.72,93.57,1
18:46:20,1.68,13.11,15.43,0
18:46:25,2.97,15.77,-35.4,0
18:46:30,1.18,12.6,-15.06,1
18:46:35,0.7,19.93,90.96,1
18:46:40,1.85,13.52,64.92,0
18:46:45,2.94,9.37,52.28,0
18:46:50,2.36,22.18,71.2,0
18:46:55,0.75,9.84,35.32,0
18:47:00,1.95,16.04,-64.23,1
18:47:05,1.55,14.25,95.18,0
18:47:10,0.71,15.68,62.48,1
18:47:15,2.72,21.06,91.38,0
18:47:20,0.08,11.15,21.74,1
18:47:25,2.48,22.05,-123.57,0
18:47:30,0.68,15.13,-92.97,0
18:47:35,1.22,16.81,-62.06,1
18:47:40,1.8,20.68,-0.69,1
18:47:45,1.32,16.98,94.36,0
18:47:50,0.97,20.1,-23.5,0
18:47:55,2.81,9.74,46.91,0
18:48:00,2.01,9.97,93.88,1
18:48:05,2.33,24.92,-108.06,1
18:48:10,1.75,10.49,-65.9,0
18:48:15,1.3,9.12,11.66,0
18:48:20,0.32,17.7,-59.75,1
18:48:25,2.28,19.04,-69.29,1
18:48:30,2.51,17.01,30.32,0
18:48:35,0.4,21.55,-118.06,1
18:48:40,2.58,12.45,102.95,1
18:48:45,0.3,19.21,126.9,0
18:48:50,2.96,12.97,-49.05,0
18:48:55,1.47,17.85,81.65,1
18:49:00,0.47,20.67,38.33,0
18:49:05,2.76,16.74,115.35,1
18:49:10,0.97,20.48,48.86,0
18:49:15,0.75,18.55,-44.34,0
18:49:20,2.31,19.6,-53.89,1
18:49:25,0.23,12.13,112.01,1
18:49:30,2.39,21.12,67.96,1
18:49:35,2.6,14.96,-29.32,1
18:49:40,1.21,20.41,-31.63,0
18:49:45,2.72,23.83,-75.13,0
18:49:50,2.0,21.15,111.14,0
18:49:55,2.1,15.52,40.8,0
18:50:00,2.58,14.87,-88.58,0
18:50:05,2.95,9.18,-55.97,0
18:50:10,1.79,8.29,80.42,1
18:50:15,2.67,12.62,-55.46,0
18:50:20,2.26,16.95,95.22,0
18:50:25,0.61,21.04,40.0,1
18:50:30,2.83,11.05,71.55,0
18:50:35,0.09,16.79,104.29,1
18:50:40,0.52,14.44,75.07,0
18:50:45,0.21,18.72,44.32,1
18:50:50,1.89,8.76,-90.18,0
18:50:55,2.44,18.88,-12.78,0
18:51:00,1.15,8.19,-102.13,0
18:51:05,0.23,9.49,6.79,1
18:51:10,2.17,19.34,20.73,0
18:51:15,1.5,17.42,63.99,1
18:51:20,2.21,19.43,-88.0,1
18:51:25,2.3,16.67,53.94,1
18:51:30,1.12,14.26,120.33,1
18:51:35,0.58,12.93,-113.34,0
18:51:40,1.38,20.73,63.36,1
18:51:45,1.15,22.62,120.48,1
18:51:50,2.5,24.1,-70.45,1
18:51:55,0.83,13.88,55.22,0
18:52:00,1.63,20.31,-77.57,1
18:52:05,2.63,22.52,-70.27,0
18:52:10,1.82,19.25,-95.27,0
18:52:15,2.98,24.28,-107.46,0
18:52:20,1.97,8.21,-76.83,1
18:52:25,2.75,12.97,-115.05,1
18:52:30,0.94,14.17,87.76,0
18:52:35,2.75,11.09,53.92,0
18:52:40,2.59,10.67,44.78,0
18:52:45,2.75,13.7,60.11,1
18:52:50,2.01,23.62,1.72,0
18:52:55,1.54,13.5,54.0,0
18:53:00,2.85,19.68,3.74,1
18:53:05,0.02,14.36,111.96,0
18:53:10,2.24,22.47,-31.1,1
18:53:15,0.19,19.49,111.35,0
18:53:20,2.38,14.95,78.26,1
18:53:25,0.23,22.72,1.32,1
18:53:30,1.24,17.68,-14.05,1
18:53:35,2.09,15.8,58.54,0
18:53:40,2.21,13.87,48.57,1
18:53:45,2.75,17.58,80.68,0
18:53:50,2.86,13.85,-61.15,1
18:53:55,1.21,17.85,125.84,0
18:54:00,2.28,24.69,100.86,1
18:54:05,1.58,23.9,-36.64,1
18:54:10,0.61,22.03,-33.0,1
18:54:15,1.09,21.96,-55.84,1
18:54:20,0.26,21.34,119.32,1
18:54:25,1.27,24.24,-4.76,0
18:54:30,1.6,9.78,-83.69,0
18:54:35,1.45,21.35,-59.37,1
18:54:40,1.38,15.06,-94.19,1
18:54:45,1.87,15.57,-106.02,0
18:54:50,2.52,12.6,17.05,1
18:54:55,1.63,13.27,-17.39,0
18:55:00,1.76,20.07,-52.59,1
18:55:05,2.53,15.06,-24.85,1
18:55:10,2.8,14.96,73.69,0
18:55:15,0.16,24.89,-95.55,0
18:55:20,0.67,12.82,52.93,1
18:55:25,0.75,15.2,-23.54,0
18:55:30,0.4,9.68,-113.81,1
18:55:35,2.33,16.94,29.92,0
18:55:40,0.48,11.95,-8.05,0
18:55:45,2.4,24.35,-115.73,1
18:55:50,0.78,14.48,11.86,1
18:55:55,0.1,24.11,32.84,0
18:56:00,2.22,17.7,-45.61,0
18:56:05,0.89,9.24,34.54,1
18:56:10,2.62,24.4,57.21,1
18:56:15,1.18,23.2,38.68,1
18:56:20,2.03,9.99,2.99,0
18:56:25,0.66,13.0,-115.07,0
18:56:30,1.27,18.71,-106.77,0
18:56:35,2.96,17.85,51.07,0
18:56:40,1.68,22.8,110.58,0
18:56:45,1.55,8.97,-11.01,0
18:56:50,1.35,21.89,6.05,1
18:56:55,0.06,18.31,-77.49,0
18:57:00,1.99,17.0,59.4,1
18:57:05,0.1,19.81,-99.64,1
18:57:10,1.94,10.57,67.04,1
18:57:15,0.94,14.96,54.25,1
18:57:20,2.3,17.78,55.94,0
18:57:25,1.68,22.11,68.66,1
18:57:30,0.71,22.96,99.35,1
18:57:35,2.09,10.78,64.65,1
18:57:40,0.72,18.5,22.63,0
18:57:45,2.98,13.6,65.69,1
18:57:50,2.49,18.14,7.56,0
18:57:55,2.58,13.61,-113.39,1
18:58:00,0.75,19.37,-70.78,1
18:58:05,2.7,11.42,76.43,1
18:58:10,0.76,24.13,64.84,1
18:58:15,2.06,22.79,-119.28,0
18:58:20,2.28,14.16,94.8,1
18:58:25,1.17,10.68,-109.67,0
18:58:30,1.28,11.5,58.5,0
18:58:35,1.03,18.17,88.61,1
18:58:40,1.09,10.99,-114.0,0
18:58:45,0.58,22.52,-69.8,0
18:58:50,2.67,16.18,53.4,1
18:58:55,1.41,22.01,14.02,1
18:59:00,0.9,12.96,-96.74,0
18:59:05,1.65,23.36,106.05,0
18:59:10,2.67,21.24,97.26,1
18:59:15,0.43,14.22,26.04,1
18:59:20,2.41,22.05,31.33,0
18:59:25,0.1,23.49,48.55,0
18:59:30,0.3,17.36,86.55,0
18:59:35,1.97,18.33,-106.94,1
18:59:40,1.98,9.74,-41.09,1
18:59:45,0.49,12.4,94.44,1
18:59:50,1.51,19.36,123.95,0
18:59:55,0.52,21.49,-55.69,1
19:00:00,0.29,18.64,-39.4,1
19:00:05,1.38,23.64,88.45,0
19:00:10,2.64,9.77,-111.24,1
19:00:15,2.37,8.59,45.19,0
19:00:20,2.18,10.66,33.42,0
19:00:25,2.39,11.55,72.43,1
19:00:30,2.02,11.16,35.44,0
19:00:35,2.93,16.06,-74.42,1
19:00:40,2.66,22.78,-6.91,0
19:00:45,1.49,8.75,-57.37,1
19:00:50,1.27,20.99,109.34,0
19:00:55,2.62,14.25,95.69,0
19:01:00,1.91,20.58,-21.67,0
19:01:05,0.07,9.12,101.97,1
19:01:10,0.46,13.96,78.64,0
19:01:15,2.44,14.15,-89.25,1
19:01:20,0.28,10.76,-53.17,1
19:01:25,2.58,17.27,40.09,1
19:01:30,0.81,15.39,104.89,1
19:01:35,1.3,18.54,-76.22,1
19:01:40,0.22,8.54,-21.99,0
19:01:45,2.25,8.05,126.24,0
19:01:50,1.34,22.14,80.05,0
19:01:55,1.29,8.24,-126.4,0
19:02:00,2.59,10.42,123.13,0
19:02:05,1.04,24.0,-4.34,1
19:02:10,0.07,14.16,23.16,1
19:02:15,1.52,14.02,7.19,1
19:02:20,0.15,23.79,-28.62,0
19:02:25,1.1,9.02,114.53,1
19:02:30,1.47,16.62,22.78,0
19:02:35,0.44,17.1,-72.33,0
19:02:40,2.82,16.37,44.5,0
19:02:45,2.08,8.75,-112.62,1
19:02:50,2.53,20.43,-28.31,0
19:02:55,2.85,19.45,-74.17,0
19:03:00,1.13,9.61,0.4,0
19:03:05,2.99,22.02,-109.71,0
19:03:10,2.16,23.5,16.27,0
19:03:15,2.9,10.07,33.94,0
19:03:20,0.62,12.7,-104.57,1
19:03:25,2.48,11.99,78.85,0
19:03:30,2.49,11.63,6.41,1
19:03:35,0.62,22.09,-51.62,0
19:03:40,0.33,15.63,-67.15,0
19:03:45,1.28,23.84,85.99,0
19:03:50,1.96,10.74,42.36,1
19:03:55,1.49,8.69,-89.16,1
19:04:00,0.14,22.42,-60.6,1
19:04:05,1.57,19.28,-7.71,0
19:04:10,0.73,13.17,120.88,0
19:04:15,0.43,19.99,25.97,0
19:04:20,1.5,16.51,-44.56,1
19:04:25,1.64,24.91,38.55,0
19:04:30,2.69,10.19,37.92,1
19:04:35,0.09,19.17,122.62,1
19:04:40,1.79,15.03,114.22,1
19:04:45,2.31,12.09,122.68,0
19:04:50,1.44,12.77,-87.28,1
19:04:55,1.91,10.64,57.67,0
19:05:00,0.8,23.8,107.39,0
19:05:05,0.85,8.89,-61.1,0
19:05:10,1.11,21.37,41.61,0
19:05:15,1.4,17.95,22.75,0
19:05:20,1.15,14.6,122.83,0
19:05:25,0.62,12.19,-70.98,1
19:05:30,0.06,8.14,50.31,1
19:05:35,0.87,10.23,-66.69,1
19:05:40,1.01,9.16,-9.19,1
19:05:45,2.28,12.09,-37.42,0
19:05:50,2.97,9.39,-31.21,1
19:05:55,2.94,21.29,-27.74,0
19:06:00,1.77,21.46,-125.61,0
19:06:05,2.23,11.35,-63.55,0
19:06:10,0.81,14.75,115.34,1
19:06:15,0.66,20.47,93.02,0
19:06:20,0.81,11.89,123.09,0
19:06:25,2.01,21.94,-65.52,1
19:06:30,1.45,19.05,-53.25,0
19:06:35,2.26,14.11,12.59,0
19:06:40,2.05,22.7,-83.83,1
19:06:45,0.66,24.35,-90.61,1
19:06:50,2.41,21.26,-119.23,0
19:06:55,2.31,9.95,18.53,0
19:07:00,1.42,15.63,-11.44,1
19:07:05,1.11,20.54,85.95,1
19:07:10,0.34,10.07,-83.22,1
19:07:15,1.76,8.77,90.49,0
19:07:20,1.12,11.3,-105.71,1
19:07:25,1.28,21.58,-12.22,1
19:07:30,1.25,14.03,66.48,0
19:07:35,1.16,16.53,29.13,1
19:07:40,2.11,22.37,-79.5,1
19:07:45,0.91,25.0,29.69,0
19:07:50,1.83,19.9,-16.41,1
19:07:55,2.18,18.47,71.71,1
19:08:00,1.26,13.88,103.65,0
19:08:05,1.84,12.09,124.89,0
19:08:10,1.76,8.69,-58.47,0
19:08:15,0.6,8.44,100.99,1
19:08:20,1.08,13.25,-113.73,1
19:08:25,0.73,10.24,-38.78,1
19:08:30,2.9,23.29,93.94,1
19:08:35,0.04,15.19,113.59,0
19:08:40,0.06,19.21,59.47,0
19:08:45,2.93,13.64,-95.92,0
19:08:50,1.94,11.96,57.77,0
19:08:55,2.56,11.27,64.13,1
19:09:00,1.85,13.88,70.83,0
19:09:05,0.81,18.22,116.17,0
19:09:10,1.08,12.48,-39.96,1
19:09:15,0.09,13.04,-76.09,0
19:09:20,1.32,13.8,75.62,1
19:09:25,2.07,16.93,-104.22,1
19:09:30,1.4,21.84,123.54,0
19:09:35,0.5,20.96,51.78,0
19:09:40,0.59,17.53,-35.46,0
19:09:45,2.31,13.52,-68.15,1
19:09:50,2.16,20.78,57.11,1
19:09:55,2.07,23.13,25.08,0
19:10:00,2.24,23.21,20.57,0
19:10:05,1.23,13.86,26.28,0
19:10:10,1.24,18.06,-88.24,0
19:10:15,2.79,22.81,90.29,0
19:10:20,0.43,19.69,49.52,1
19:10:25,0.27,9.94,57.44,1
19:10:30,0.37,22.37,60.49,1
19:10:35,2.67,20.59,-126.18,0
19:10:40,1.71,22.89,-90.77,1
19:10:45,0.9,13.63,110.64,0
19:10:50,1.17,23.86,-56.78,1
19:10:55,1.27,8.01,-3.11,0
19:11:00,2.6,23.97,32.83,0
19:11:05,0.24,14.47,108.76,0
19:11:10,1.69,14.33,-50.19,1
19:11:15,1.16,18.6,-16.24,0
19:11:20,2.82,21.25,-64.17,1
19:11:25,1.55,18.72,-125.48,1
19:11:30,1.65,9.59,-17.67,1
19:11:35,0.19,22.35,-25.47,0
19:11:40,2.52,16.3,-59.0,1
19:11:45,2.73,13.99,53.37,1
19:11:50,0.27,22.82,34.64,0
19:11:55,2.44,20.82,68.38,0
19:12:00,0.68,23.81,-48.11,1
19:12:05,1.91,23.54,5.13,0
19:12:10,2.44,17.87,-33.18,0
19:12:15,2.97,15.71,67.01,0
19:12:20,1.38,10.76,-122.19,0
19:12:25,2.65,9.65,67.33,0
19:12:30,1.78,18.57,-100.57,1
19:12:35,2.15,22.15,92.8,0
19:12:40,0.09,13.28,39.84,0
19:12:45,1.56,12.41,77.07,0
19:12:50,1.68,20.83,-57.91,0
19:12:55,1.35,14.85,-60.68,1
19:13:00,1.04,11.57,18.78,1
19:13:05,1.89,21.41,-12.64,1
19:13:10,2.6,17.72,88.08,0
19:13:15,1.6,24.02,54.22,0
19:13:20,0.39,11.47,-108.72,1
19:13:25,2.56,24.35,-28.79,1
19:13:30,0.26,20.92,-126.85,1
19:13:35,0.62,22.71,-73.82,0
19:13:40,2.93,24.89,9.98,1
19:13:45,0.61,15.12,-43.48,1
19:13:50,2.44,16.77,-61.61,1
19:13:55,0.2,23.65,-110.24,0
19:14:00,2.6,9.72,73.82,0
19:14:05,0.41,13.3,105.97,1
19:14:10,1.62,10.16,16.14,0
19:14:15,1.44,21.22,66.91,0
19:14:20,2.32,22.5,-98.82,0
19:14:25,2.82,21.88,-9.9,0
19:14:30,0.17,10.64,34.91,0
19:14:35,2.36,8.57,-25.83,0
19:14:40,0.89,10.58,113.07,1
19:14:45,0.01,21.79,122.35,0
19:14:50,2.96,21.31,-65.22,1
19:14:55,1.06,14.29,122.16,0
19:15:00,1.33,24.57,-126.37,1
19:15:05,0.47,18.05,27.4,1
19:15:10,2.58,11.9,-7.62,0
19:15:15,0.24,8.26,-43.53,1
19:15:20,1.04,18.72,36.88,1
19:15:25,1.26,9.96,-68.08,0
19:15:30,1.24,11.04,-115.59,1
19:15:35,1.94,21.63,41.15,0
19:15:40,1.53,18.23,-35.91,0
19:15:45,1.93,20.32,-101.57,1
19:15:50,0.68,19.8,87.63,1
19:15:55,0.5,17.47,27.88,1
19:16:00,1.26,21.17,93.67,0
19:16:05,2.19,13.04,118.02,0
19:16:10,1.85,16.5,-55.21,0
19:16:15,2.28,24.92,7.69,0
19:16:20,1.33,22.98,116.24,1
19:16:25,1.94,8.72,-54.06,1
19:16:30,1.7,10.42,-20.31,1
19:16:35,2.8,10.05,-54.24,1
19:16:40,1.96,24.47,66.32,0
19:16:45,0.41,21.08,-8.54,0
19:16:50,0.12,18.33,-51.84,0
19:16:55,1.56,16.91,56.71,1
19:17:00,0.25,8.05,44.44,0
19:17:05,1.88,16.84,22.96,1
19:17:10,1.45,24.96,-78.57,1
19:17:15,2.24,17.84,58.38,1
19:17:20,1.97,21.47,-90.34,1
19:17:25,2.91,18.31,8.48,1
19:17:30,2.92,14.33,26.19,1
19:17:35,2.33,21.09,94.23,0
19:17:40,0.09,23.12,123.23,0
19:17:45,2.89,16.36,68.39,1
19:17:50,2.99,8.67,-21.21,0
19:17:55,0.98,8.22,-31.62,0
19:18:00,0.85,17.69,-109.09,0
19:18:05,2.17,20.29,-58.54,0
19:18:10,2.02,12.0,-9.74,0
19:18:15,2.36,18.19,-126.8,0
19:18:20,2.66,20.61,-56.64,0
19:18:25,1.75,15.25,30.15,0
19:18:30,1.27,17.51,18.94,1
19:18:35,0.16,22.38,28.09,1
19:18:40,0.27,20.95,68.08,1
19:18:45,0.55,15.9,-66.25,1
19:18:50,2.08,18.88,19.4,1
19:18:55,1.59,16.09,123.41,1
19:19:00,2.88,17.2,-0.43,1
19:19:05,0.19,17.41,34.01,1
19:19:10,2.34,17.45,-118.43,0
19:19:15,0.4,14.79,94.55,0
19:19:20,1.76,13.22,76.34,0
19:19:25,1.89,10.75,-26.79,0
19:19:30,2.42,15.54,-36.68,0
19:19:35,0.67,20.33,61.79,0
19:19:40,2.48,8.96,-18.3,1
19:19:45,0.8,13.59,-73.6,0
19:19:50,0.83,22.09,-50.56,0
19:19:55,1.51,21.07,87.24,1
19:20:00,2.48,10.36,99.67,0
19:20:05,0.73,21.56,-7.03,1
19:20:10,0.11,19.67,54.68,1
19:20:15,0.76,10.57,4.35,0
19:20:20,0.14,11.29,102.58,1
19:20:25,2.92,8.15,-37.19,1
19:20:30,2.24,11.48,-114.14,0
19:20:35,0.21,21.43,-78.7,1
19:20:40,2.4,9.16,2.75,1
19:20:45,0.49,18.52,91.74,1
19:20:50,1.21,10.84,81.5,0
19:20:55,2.03,18.27,-29.52,0
19:21:00,0.2,19.73,-70.64,0
19:21:05,1.14,17.12,-115.11,0
19:21:10,1.42,11.03,27.71,1
19:21:15,1.67,22.45,-102.08,1
19:21:20,1.3,11.86,-119.98,0
19:21:25,0.48,13.48,5.16,0
19:21:30,1.26,24.55,-13.84,1
19:21:35,2.57,21.45,-104.0,0
19:21:40,0.24,22.02,-97.3,1
19:21:45,1.68,18.11,88.12,0
19:21:50,0.63,20.03,44.12,0
19:21:55,2.95,20.17,-22.14,0
19:22:00,1.14,11.85,96.26,1
19:22:05,1.22,11.62,-33.98,1
19:22:10,2.94,11.38,74.97,1
19:22:15,2.89,18.88,94.77,0
19:22:20,2.97,16.68,73.14,1
19:22:25,2.9,23.92,62.82,1
19:22:30,2.84,17.76,12.47,1
19:22:35,2.0,22.5,2.26,1
19:22:40,0.11,19.16,25.12,1
19:22:45,2.86,14.91,57.63,0
19:22:50,0.58,11.67,64.61,0
19:22:55,2.87,19.15,-107.48,0
19:23:00,2.64,24.77,-12.94,1
19:23:05,0.41,14.4,-29.26,0
19:23:10,0.94,15.66,-117.27,0
19:23:15,2.85,13.01,-74.54,1
19:23:20,2.91,23.42,104.27,0
19:23:25,2.93,10.95,-30.56,0
19:23:30,2.02,21.19,-51.14,1
19:23:35,1.05,10.77,-98.29,1
19:23:40,2.18,9.75,-116.56,0
19:23:45,2.84,14.8,-74.68,1
19:23:50,0.15,23.7,-11.7,1
19:23:55,0.64,17.42,-34.97,0
19:24:00,0.75,10.37,-89.01,1
19:24:05,2.16,20.68,30.17,1
19:24:10,0.91,16.65,-6.3,1
19:24:15,1.24,16.6,61.45,0
19:24:20,2.61,14.58,67.75,0
19:24:25,0.19,15.22,-121.07,0
19:24:30,0.42,10.08,-113.84,0
19:24:35,2.36,15.79,-109.46,1
19:24:40,1.53,10.33,-90.42,1
19:24:45,1.38,18.48,-67.79,0
19:24:50,0.84,15.58,-124.44,0
19:24:55,2.05,13.91,109.37,1
19:25:00,0.68,15.59,36.65,1
19:25:05,1.49,23.43,-77.13,1
19:25:10,1.23,18.8,24.01,1
19:25:15,2.73,10.23,-34.53,1
19:25:20,2.62,14.45,-125.74,0
19:25:25,1.88,12.82,-45.58,1
19:25:30,1.45,19.1,-34.01,0
19:25:35,1.67,19.12,74.88,1
19:25:40,1.38,17.37,-110.25,0
19:25:45,0.32,11.13,-124.03,0
19:25:50,2.67,10.02,-18.97,0
19:25:55,2.95,23.09,-41.54,0
19:26:00,1.1,19.49,45.1,1
19:26:05,1.02,18.74,-111.97,0
19:26:10,0.28,11.36,38.01,0
19:26:15,0.81,15.41,-33.23,1
19:26:20,1.02,13.55,-56.13,1
19:26:25,2.75,13.97,38.22,1
19:26:30,2.11,8.93,71.16,1
19:26:35,2.81,22.93,102.56,1
19:26:40,2.58,23.87,-73.16,0
19:26:45,2.51,19.23,13.69,1
19:26:50,2.78,14.6,-84.3,1
19:26:55,0.59,17.39,-33.8,0
19:27:00,1.86,11.87,4.08,1
19:27:05,2.27,14.31,89.13,0
19:27:10,0.78,14.94,-5.96,0
19:27:15,1.01,17.9,-52.79,0
19:27:20,0.91,12.95,-32.46,1
19:27:25,1.96,17.12,59.99,1
19:27:30,1.3,17.67,-29.8,1
19:27:35,1.85,23.56,10.06,1
19:27:40,1.74,13.72,-81.74,1
19:27:45,2.46,21.16,-83.78,0
19:27:50,1.83,9.43,51.3,0
19:27:55,2.47,16.09,-20.29,1
19:28:00,1.73,24.77,-74.6,0
19:28:05,2.3,19.45,-111.03,0
19:28:10,3.0,14.71,-25.59,1
19:28:15,1.65,16.62,-53.45,0
19:28:20,0.64,18.55,90.01,1
19:28:25,0.17,23.3,-18.12,1
19:28:30,0.92,21.73,33.39,1
19:28:35,2.63,20.09,-54.48,0
19:28:40,1.9,11.18,81.38,0
19:28:45,0.18,22.39,-6.58,1
19:28:50,2.91,12.41,7.31,1
19:28:55,3.0,11.49,-74.15,1
19:29:00,2.85,15.75,-63.21,0
19:29:05,2.6,10.32,-75.09,1
19:29:10,0.56,8.02,122.9,1
19:29:15,1.14,8.06,38.27,1
19:29:20,0.85,14.48,126.59,0
19:29:25,1.34,19.58,-7.91,1
19:29:30,2.64,20.02,12.58,0
19:29:35,0.82,24.26,-68.76,1
19:29:40,1.93,15.57,-75.66,0
19:29:45,2.43,12.57,63.68,0
19:29:50,2.14,16.04,-27.44,1
19:29:55,1.84,23.24,-66.86,0
19:30:00,1.51,22.45,31.23,0
19:30:05,2.13,13.85,-64.16,1
19:30:10,0.72,10.0,10.3,0
19:30:15,1.33,22.79,36.24,0
19:30:20,1.04,16.33,-2.96,0
19:30:25,2.19,19.4,26.52,1
19:30:30,2.23,10.1,-58.69,1
19:30:35,0.83,10.55,-75.95,0
19:30:40,0.92,17.57,-0.51,1
19:30:45,1.4,14.29,18.27,0
19:30:50,2.37,16.9,-40.71,1
19:30:55,0.44,20.39,-100.94,1
19:31:00,2.54,17.83,106.24,1
19:31:05,0.23,21.63,115.73,1
19:31:10,1.49,14.47,123.97,1
19:31:15,1.1,10.5,-93.89,1
19:31:20,0.8,11.93,-103.41,0
19:31:25,2.16,13.89,-10.48,0
19:31:30,1.73,15.54,-22.28,1
19:31:35,2.86,17.64,-93.47,1
19:31:40,2.87,20.39,17.46,1
19:31:45,2.38,14.13,105.84,0
19:31:50,1.67,15.84,-31.4,1
19:31:55,1.76,11.18,-45.87,1
19:32:00,0.46,10.5,122.6,0
19:32:05,2.02,22.74,-24.43,1
19:32:10,2.87,15.26,-77.91,1
19:32:15,2.91,11.64,78.99,1
19:32:20,1.79,20.95,70.17,1
19:32:25,1.47,15.45,-31.9,1
19:32:30,0.61,24.68,96.97,1
19:32:35,1.58,17.81,30.47,1
19:32:40,2.47,15.07,13.11,0
19:32:45,2.12,20.08,-8.74,1
19:32:50,0.56,12.25,-107.63,1
19:32:55,2.47,11.73,65.01,1
19:33:00,2.2,14.65,122.56,0
19:33:05,2.39,17.47,18.18,1
19:33:10,0.59,17.53,-44.86,1
19:33:15,2.64,12.39,63.13,1
19:33:20,1.84,22.26,-123.19,1
19:33:25,2.96,12.03,14.03,1
19:33:30,2.69,23.46,81.87,1
19:33:35,1.89,14.62,83.53,0
19:33:40,0.48,21.03,-13.27,0
19:33:45,0.69,15.06,-80.32,1
19:33:50,2.35,12.74,28.96,0
19:33:55,0.68,11.62,-63.58,0
19:34:00,0.73,13.56,61.85,1
19:34:05,0.51,9.82,-113.98,0
19:34:10,2.94,10.62,45.27,1
19:34:15,2.14,14.87,34.0,0
19:34:20,0.86,15.61,-21.26,1
19:34:25,1.52,22.84,-48.14,1
19:34:30,1.98,14.79,-114.08,0
19:34:35,0.65,10.94,67.63,0
19:34:40,0.81,13.89,-96.23,1
19:34:45,1.47,20.98,98.23,0
19:34:50,1.3,14.53,83.53,0
19:34:55,2.12,8.48,37.76,1
19:35:00,2.9,20.23,-56.98,1
19:35:05,2.88,9.94,-67.32,0
19:35:10,1.57,11.09,96.66,1
19:35:15,2.4,11.69,-5.66,1
19:35:20,0.1,17.78,-75.02,1
19:35:25,2.43,21.39,-115.13,1
19:35:30,0.28,11.38,88.9,1
19:35:35,1.78,12.62,-8.07,1
19:35:40,1.04,13.91,50.56,0
19:35:45,0.36,12.57,47.05,0
19:35:50,0.62,17.55,-50.34,1
19:35:55,1.6,19.52,25.24,1
19:36:00,1.08,22.23,120.3,1
19:36:05,0.89,21.66,95.45,1
19:36:10,1.98,22.92,-24.4,0
19:36:15,1.44,20.72,84.9,1
19:36:20,0.09,8.87,-5.29,0
19:36:25,2.45,21.55,95.66,1
19:36:30,2.09,16.2,77.34,1
19:36:35,0.8,22.83,67.95,1
19:36:40,1.86,20.8,58.3,0
19:36:45,2.51,11.82,56.83,0
19:36:50,2.67,16.8,-116.69,0
19:36:55,0.43,10.98,55.03,1
19:37:00,2.79,13.28,55.64,1
19:37:05,0.72,11.06,-91.18,0
19:37:10,0.66,20.94,-7.11,0
19:37:15,1.26,8.32,-78.26,0
19:37:20,1.07,22.8,10.18,1
19:37:25,1.52,12.43,-43.09,0
19:37:30,0.89,24.66,27.47,0
19:37:35,0.61,14.19,120.88,0
19:37:40,1.34,10.92,27.03,0
19:37:45,2.25,11.51,107.34,1
19:37:50,2.82,23.95,120.76,1
19:37:55,1.0,20.46,-82.61,1
19:38:00,2.27,13.32,105.62,0
19:38:05,0.66,9.27,70.35,0
19:38:10,1.39,10.57,123.19,1
19:38:15,2.05,16.03,-113.85,0
19:38:20,1.38,23.33,-114.43,0
19:38:25,0.82,19.32,-78.58,0
19:38:30,2.28,14.87,-103.97,1
19:38:35,1.98,15.62,-7.11,0
19:38:40,2.2,8.11,-9.42,1
19:38:45,2.33,19.66,-21.83,1
19:38:50,2.25,20.62,-72.66,1
19:38:55,1.19,11.61,19.07,0
19:39:00,1.24,15.65,95.79,0
19:39:05,0.52,24.03,-60.85,0
19:39:10,0.31,16.42,-63.47,1
19:39:15,1.46,11.31,15.81,0
19:39:20,0.66,22.38,84.98,0
19:39:25,2.61,17.42,111.18,1
19:39:30,0.21,22.79,106.62,1
19:39:35,1.15,10.9,61.94,1
19:39:40,1.37,23.67,74.54,0
19:39:45,2.53,11.73,6.35,0
19:39:50,1.4,17.71,-89.4,0
19:39:55,1.09,13.0,53.6,1
19:40:00,2.62,20.73,-75.4,0
19:40:05,0.85,8.37,-115.83,1
19:40:10,0.64,17.5,-79.51,1
19:40:15,0.15,21.14,-19.62,1
19:40:20,2.52,15.09,98.35,1
19:40:25,0.93,21.13,-67.94,1
19:40:30,2.97,12.21,-78.98,0
19:40:35,2.56,17.56,121.23,1
19:40:40,2.51,16.18,31.13,1
19:40:45,0.26,21.08,-31.95,0
19:40:50,0.01,12.26,-77.27,0
19:40:55,0.34,18.41,-69.57,1
19:41:00,1.98,21.79,110.54,1
19:41:05,1.66,17.05,-100.52,0
19:41:10,1.2,21.85,-85.59,0
19:41:15,1.58,18.78,119.55,0
19:41:20,0.14,8.9,-89.67,0
19:41:25,1.76,9.49,-9.77,0
19:41:30,1.63,15.03,88.06,0
19:41:35,2.1,11.28,9.03,1
19:41:40,1.82,18.18,-54.31,1
19:41:45,0.53,19.67,52.54,0
19:41:50,2.96,10.13,-53.69,1
19:41:55,2.88,15.73,55.6,0
19:42:00,1.45,12.64,-74.44,1
19:42:05,0.71,11.36,60.05,1
19:42:10,2.48,13.59,72.46,1
19:42:15,1.76,11.61,-5.54,1
19:42:20,1.53,15.71,10.68,1
19:42:25,1.17,17.33,17.34,1
19:42:30,1.78,18.94,-48.47,0
19:42:35,2.71,22.2,-41.04,1
19:42:40,0.07,8.85,-34.03,1
19:42:45,2.84,12.75,64.72,0
19:42:50,0.3,22.9,16.87,1
19:42:55,2.63,23.79,75.47,0
19:43:00,1.56,16.79,-58.36,1
19:43:05,0.32,15.47,106.65,0
19:43:10,0.93,16.33,-118.48,0
19:43:15,2.29,18.69,70.71,0
19:43:20,1.91,22.54,-56.18,1
19:43:25,0.1,20.91,84.79,1
19:43:30,0.64,18.81,-8.9,1
19:43:35,2.14,24.32,-110.38,1
19:43:40,2.27,12.98,-83.62,0
19:43:45,0.94,15.57,96.77,0
19:43:50,0.55,20.76,-49.18,0
19:43:55,2.1,22.02,-100.46,0
19:44:00,1.24,18.96,50.13,0
19:44:05,1.67,15.92,51.93,0
19:44:10,2.12,17.12,-37.89,0
19:44:15,2.76,14.54,-40.77,0
19:44:20,2.68,20.97,-63.76,0
19:44:25,1.1,15.32,117.46,1
19:44:30,0.93,8.57,-118.73,0
19:44:35,0.68,22.88,-19.04,1
19:44:40,1.92,8.59,14.63,1
19:44:45,0.39,16.76,119.89,1
19:44:50,2.26,14.06,-84.92,0
19:44:55,1.11,18.85,-122.25,0
19:45:00,2.62,15.41,66.24,0
19:45:05,1.04,17.78,110.86,0
19:45:10,0.08,24.25,-94.35,0
19:45:15,1.06,14.38,-35.47,0
19:45:20,1.12,15.63,-27.15,1
19:45:25,1.75,15.69,81.67,1
19:45:30,2.56,16.08,-39.35,0
19:45:35,2.32,10.96,-22.0,1
19:45:40,2.52,21.17,50.34,1
19:45:45,1.77,17.55,30.4,0
19:45:50,2.74,14.8,13.58,0
19:45:55,0.73,13.18,-121.88,1
19:46:00,2.58,24.66,-123.37,0
19:46:05,1.51,20.52,46.16,0
19:46:10,0.97,10.04,78.09,1
19:46:15,2.36,11.6,-120.01,1
19:46:20,1.75,20.11,-30.17,0
19:46:25,0.53,11.83,78.69,1
19:46:30,1.83,23.03,-50.78,0
19:46:35,1.9,17.65,-11.85,0
19:46:40,1.29,14.76,82.26,1
19:46:45,1.42,22.18,-18.43,1
19:46:50,2.06,9.8,15.9,1
19:46:55,0.59,17.13,-10.75,0
19:47:00,1.93,8.64,-98.47,0
19:47:05,1.31,16.92,-111.3,1
19:47:10,3.0,11.35,28.01,1
19:47:15,1.55,23.7,12.69,0
19:47:20,1.72,9.7,-113.28,1
19:47:25,3.0,14.71,-10.21,0
19:47:30,0.53,23.58,-94.3,1
19:47:35,1.68,19.05,-2.96,0
19:47:40,0.17,20.23,-6.7,0
19:47:45,0.17,12.56,67.89,0
19:47:50,1.61,22.77,84.1,1
19:47:55,0.17,18.53,54.73,0
19:48:00,1.1,24.21,23.53,1
19:48:05,1.46,22.66,101.8,1
19:48:10,2.18,11.42,122.34,1
19:48:15,0.31,22.45,-88.99,1
19:48:20,1.86,15.98,-13.4,1
19:48:25,1.47,24.81,30.46,1
19:48:30,2.58,17.38,-31.18,0
19:48:35,0.14,15.53,78.91,0
19:48:40,1.17,12.95,-95.95,0
19:48:45,1.47,21.92,39.64,0
19:48:50,2.21,8.5,-17.0,1
19:48:55,2.21,15.82,-116.3,0
19:49:00,2.31,17.1,-89.35,1
19:49:05,0.9,22.54,-16.87,0
19:49:10,2.11,11.59,40.19,0
19:49:15,0.08,21.19,-0.99,1
19:49:20,1.45,13.22,-85.77,0
19:49:25,0.28,21.3,-28.46,1
19:49:30,2.67,20.58,-45.97,1
19:49:35,0.58,19.52,-104.54,0
19:49:40,2.77,11.82,-119.46,1
19:49:45,0.15,12.4,107.75,1
19:49:50,1.57,11.28,-47.57,0
19:49:55,0.53,16.99,61.83,1
19:50:00,0.97,9.07,97.3,0
19:50:05,1.68,13.3,-106.37,0
19:50:10,1.52,19.72,23.42,1
19:50:15,2.3,21.9,118.78,1
19:50:20,2.09,19.91,-18.56,1
19:50:25,1.48,24.45,81.21,1
19:50:30,1.55,17.88,-56.19,0
19:50:35,0.28,22.3,-115.58,0
19:50:40,0.5,9.57,-62.7,1
19:50:45,0.6,18.95,34.81,0
19:50:50,0.68,18.92,26.5,0
19:50:55,0.38,15.31,113.33,1
19:51:00,1.55,8.89,108.25,0
19:51:05,2.63,24.12,-45.84,1
19:51:10,2.58,20.1,59.58,1
19:51:15,2.26,18.88,-111.37,1
19:51:20,2.92,10.32,-65.43,1
19:51:25,2.59,8.73,-83.06,1
19:51:30,2.91,17.91,108.8,0
19:51:35,2.91,17.49,-104.07,0
19:51:40,2.66,23.42,72.57,0
19:51:45,1.01,24.68,115.33,1
19:51:50,2.56,15.45,43.32,0
19:51:55,0.23,17.55,-54.0,1
19:52:00,0.2,10.33,114.63,0
19:52:05,1.94,8.57,68.64,0
19:52:10,1.19,15.91,-52.54,0
19:52:15,2.13,9.79,-118.07,0
19:52:20,1.56,13.28,42.18,0
19:52:25,0.48,9.62,-34.63,1
19:52:30,2.1,18.72,96.19,1
19:52:35,0.83,22.27,7.89,1
19:52:40,2.45,10.34,-15.37,0
19:52:45,0.05,15.69,112.67,0
19:52:50,0.58,13.53,114.27,0
19:52:55,3.0,23.09,-54.0,1
19:53:00,0.6,8.11,97.63,1
19:53:05,0.35,21.77,79.14,0
19:53:10,1.41,20.8,93.16,0
19:53:15,0.84,14.3,18.98,1
19:53:20,0.75,20.68,52.84,0
19:53:25,0.14,17.75,109.25,0
19:53:30,2.98,10.05,-117.14,1
19:53:35,2.93,11.66,72.07,0
19:53:40,1.03,9.33,-54.04,1
19:53:45,2.06,15.63,44.42,0
19:53:50,0.65,23.54,-104.34,0
19:53:55,2.9,9.63,62.25,1
19:54:00,0.45,24.19,-28.75,1
19:54:05,0.98,13.1,15.35,0
19:54:10,0.9,13.9,77.05,0
19:54:15,0.59,22.0,-116.14,0
19:54:20,0.67,22.65,81.46,0
19:54:25,1.68,22.99,75.96,1
19:54:30,2.0,24.9,75.01,0
19:54:35,1.37,13.79,80.78,1
19:54:40,0.44,20.74,-62.29,1
19:54:45,2.73,16.86,19.97,1
19:54:50,1.43,13.74,6.46,1
19:54:55,0.9,11.06,36.92,0
19:55:00,2.39,8.69,93.22,0
19:55:05,2.69,12.99,-73.11,1
19:55:10,1.73,18.06,104.52,0
19:55:15,2.26,23.13,-74.17,0
19:55:20,2.77,21.65,2.28,0
19:55:25,0.48,18.28,-37.65,0
19:55:30,2.22,12.63,23.91,0
19:55:35,0.87,16.36,30.82,1
19:55:40,1.09,12.62,71.38,1
19:55:45,0.41,23.45,4.94,1
19:55:50,2.43,10.27,-61.47,0
19:55:55,2.73,8.47,59.61,1
19:56:00,2.0,8.45,-10.49,0
19:56:05,2.53,8.47,-88.52,1
19:56:10,1.62,19.52,-89.38,0
19:56:15,1.04,10.27,-47.66,0
19:56:20,1.68,17.25,18.91,0
19:56:25,0.83,13.56,-87.29,0
19:56:30,2.4,13.29,21.22,0
19:56:35,0.36,9.63,-64.7,1
19:56:40,1.42,13.77,-13.53,0
19:56:45,1.46,15.77,-124.64,0
19:56:50,1.2,23.85,-32.59,1
19:56:55,2.84,22.85,-9.02,1
19:57:00,2.36,11.64,-32.27,1
19:57:05,2.68,15.64,22.33,1
19:57:10,1.04,19.0,5.52,1
19:57:15,1.68,24.18,-93.7,0
19:57:20,0.14,9.92,-108.45,0
19:57:25,2.33,8.51,-47.29,0
19:57:30,2.0,13.74,-78.86,1
19:57:35,1.95,16.36,107.52,0
19:57:40,0.91,10.27,-58.89,0
19:57:45,0.65,8.71,40.45,1
19:57:50,1.62,11.28,-102.38,0
19:57:55,2.14,24.56,26.94,1
19:58:00,2.34,8.67,-65.88,0
19:58:05,2.58,24.68,-69.79,1
19:58:10,1.48,11.13,52.36,1
19:58:15,2.12,13.39,77.13,1
19:58:20,1.36,10.92,-34.15,0
19:58:25,2.55,12.42,-99.42,1
19:58:30,0.82,24.28,-33.27,0
19:58:35,0.42,12.8,-92.01,1
19:58:40,1.87,14.05,88.0,1
19:58:45,2.36,23.86,23.76,0
19:58:50,1.54,8.64,119.65,1
19:58:55,0.27,16.3,-13.12,1
19:59:00,0.62,20.14,76.71,0
19:59:05,0.59,18.1,117.96,1
19:59:10,0.1,22.65,-66.89,1
19:59:15,0.53,9.5,125.43,1
19:59:20,2.93,19.21,74.07,1
19:59:25,1.91,24.13,79.54,0
19:59:30,0.06,9.94,90.54,0
19:59:35,0.21,8.35,-121.4,1
19:59:40,2.62,20.49,100.59,1
19:59:45,0.8,18.94,-85.32,1
19:59:50,1.43,14.72,87.96,0
19:59:55,0.12,9.47,67.1,0
20:00:00,0.4,19.94,-26.18,1
20:00:05,1.48,21.94,79.53,0
20:00:10,1.11,15.61,-125.01,0
20:00:15,2.41,20.37,-80.65,1
20:00:20,0.08,9.42,-64.14,0
20:00:25,1.48,11.53,-34.77,1
20:00:30,1.45,22.56,-90.23,0
20:00:35,1.8,11.22,-93.99,1
20:00:40,0.12,10.83,-14.17,0
20:00:45,2.26,17.33,-88.67,1
20:00:50,2.0,8.16,-73.03,0
20:00:55,0.93,15.03,52.94,0
20:01:00,2.08,16.61,-89.28,1
20:01:05,2.48,23.61,-33.12,0
20:01:10,2.72,9.51,7.29,1
20:01:15,1.68,11.66,101.86,1
20:01:20,1.28,24.91,-32.89,0
20:01:25,2.08,18.18,67.85,0
20:01:30,0.48,17.2,-64.5,0
20:01:35,0.54,15.9,50.8,0
20:01:40,2.54,14.15,-66.02,0
20:01:45,0.99,18.54,-48.97,0
20:01:50,0.12,15.95,-85.54,1
20:01:55,0.93,20.8,-81.33,0
20:02:00,2.29,8.08,-95.82,0
20:02:05,0.92,14.51,-12.83,1
20:02:10,0.89,18.89,8.19,1
20:02:15,0.97,21.23,-60.58,0
20:02:20,2.42,18.92,66.69,0
20:02:25,1.2,11.08,13.85,0
20:02:30,0.77,18.18,-75.16,0
20:02:35,2.6,16.05,19.27,1
20:02:40,0.93,14.42,115.88,1
20:02:45,2.28,8.78,94.41,0
20:02:50,0.06,17.75,-84.64,1
20:02:55,0.28,10.69,47.15,1
20:03:00,1.41,21.02,-28.5,1
20:03:05,2.01,23.76,90.2,0
20:03:10,1.73,24.74,30.49,0
20:03:15,2.88,14.52,28.6,0
20:03:20,0.92,11.71,-30.98,0
20:03:25,2.39,22.9,-73.0,0
20:03:30,1.62,23.54,-91.07,0
20:03:35,2.13,17.53,-63.67,1
20:03:40,0.04,17.99,-106.42,0
20:03:45,0.57,17.04,-36.31,1
20:03:50,1.04,15.61,-76.64,1
20:03:55,1.88,10.36,124.76,1
20:04:00,2.77,17.51,13.1,1
20:04:05,1.9,10.83,-105.85,0
20:04:10,1.22,13.02,99.42,0
20:04:15,1.24,17.36,39.66,1
20:04:20,1.75,10.3,59.62,1
20:04:25,2.6,17.38,110.81,1
20:04:30,0.65,10.06,-84.74,0
20:04:35,0.36,12.92,-61.98,0
20:04:40,2.52,24.41,80.02,0
20:04:45,1.68,19.43,-31.77,1
20:04:50,0.93,17.98,-41.57,0
20:04:55,0.58,24.18,80.61,0
20:05:00,2.39,12.19,-5.93,1
20:05:05,0.51,14.2,-26.32,0
20:05:10,1.5,9.88,-64.38,0
20:05:15,2.79,13.36,100.72,0
20:05:20,0.64,17.38,-5.01,1
20:05:25,2.75,21.21,-74.12,0
20:05:30,2.03,22.4,-107.58,1
20:05:35,0.25,21.66,71.66,0
20:05:40,2.35,12.64,-34.49,0
20:05:45,2.08,19.93,112.6,1
20:05:50,1.58,10.62,-5.13,0
20:05:55,2.54,9.31,29.6,0
20:06:00,0.17,9.6,95.96,1
20:06:05,0.75,20.81,-16.89,1
20:06:10,1.55,19.12,85.37,0
20:06:15,0.02,24.05,68.85,1
20:06:20,2.65,17.79,28.5,1
20:06:25,0.76,18.03,-59.62,0
20:06:30,2.32,8.1,-80.96,0
20:06:35,0.44,16.89,16.64,0
20:06:40,1.44,23.67,55.91,0
20:06:45,1.92,22.44,102.9,1
20:06:50,0.75,19.22,24.87,0
20:06:55,0.69,8.13,27.38,1
20:07:00,2.3,19.2,-75.56,0
20:07:05,2.72,8.91,91.39,0
20:07:10,0.15,8.25,85.02,1
20:07:15,0.01,8.75,52.58,0
20:07:20,0.79,12.7,-32.67,0
20:07:25,0.54,10.53,-106.21,0
20:07:30,2.39,17.38,-100.13,0
20:07:35,1.33,10.38,80.88,0
20:07:40,1.03,18.32,61.6,1
20:07:45,2.03,12.59,99.5,0
20:07:50,0.63,19.51,-46.75,0
20:07:55,1.23,11.43,55.53,1
20:08:00,2.16,22.09,2.16,1
20:08:05,1.88,13.81,-17.75,0
20:08:10,0.46,20.46,-85.91,1
20:08:15,1.57,21.66,-91.59,0
20:08:20,2.67,23.18,-34.97,1
20:08:25,1.16,24.68,-56.48,1
20:08:30,0.41,18.76,-81.29,0
20:08:35,0.52,9.17,16.36,0
20:08:40,1.67,9.87,-38.35,0
20:08:45,0.5,24.3,108.67,1
20:08:50,1.88,15.21,-32.48,0
20:08:55,0.26,17.96,33.19,1
20:09:00,0.72,17.02,52.67,1
20:09:05,2.92,24.47,37.03,1
20:09:10,2.33,21.74,45.56,0
20:09:15,1.68,20.51,118.4,0
20:09:20,2.61,10.39,-101.18,1
20:09:25,1.55,22.79,-110.7,1
20:09:30,2.16,15.99,102.96,0
20:09:35,0.93,8.71,69.22,1
20:09:40,1.22,18.56,-0.71,0
20:09:45,2.48,11.89,126.56,0
20:09:50,0.96,11.99,63.01,1
20:09:55,2.72,14.46,45.14,1
20:10:00,1.58,23.41,-118.19,1
20:10:05,1.48,23.29,97.21,0
20:10:10,0.81,16.58,42.3,1
20:10:15,1.18,23.34,-98.17,1
20:10:20,1.75,14.49,-21.69,1
20:10:25,1.93,10.12,103.88,1
20:10:30,2.53,22.68,-123.6,1
20:10:35,2.12,16.35,94.59,1
20:10:40,0.63,23.88,72.04,0
20:10:45,1.27,10.32,-30.84,1
20:10:50,2.07,24.81,98.69,0
20:10:55,1.2,21.49,-10.33,0
20:11:00,0.58,22.54,-82.89,0
20:11:05,2.16,19.41,-46.2,1
20:11:10,2.3,14.43,8.52,0
20:11:15,1.73,11.59,119.31,1
20:11:20,1.44,24.14,-119.93,1
20:11:25,0.58,17.67,98.01,0
20:11:30,2.53,17.43,112.73,1
20:11:35,0.74,23.07,81.19,1
20:11:40,0.05,10.32,-103.36,0
20:11:45,1.46,12.14,-83.45,0
20:11:50,1.76,12.6,-52.1,1
20:11:55,1.22,19.66,62.84,0
20:12:00,1.71,16.24,28.51,0
20:12:05,0.17,18.09,-87.15,1
20:12:10,2.05,21.48,83.22,0
20:12:15,2.31,21.06,96.4,1
20:12:20,1.51,16.18,-47.78,0
20:12:25,1.94,8.35,51.98,0
20:12:30,0.91,20.76,93.44,0
20:12:35,0.09,22.87,66.9,0
20:12:40,0.14,14.62,-75.83,1
20:12:45,2.46,23.79,-88.99,0
20:12:50,2.01,14.73,-95.11,0
20:12:55,2.25,15.59,96.83,1
20:13:00,1.67,9.64,84.73,1
20:13:05,0.12,12.12,-17.38,0
20:13:10,1.17,17.64,114.03,0
20:13:15,1.14,8.01,-66.48,1
20:13:20,0.4,11.68,101.67,0
20:13:25,1.93,22.46,104.06,1
20:13:30,1.73,12.46,-67.99,1
20:13:35,0.08,21.95,-92.73,1
20:13:40,1.85,15.93,-71.29,1
20:13:45,2.68,15.92,111.96,1
20:13:50,1.88,9.43,103.82,0
20:13:55,1.27,8.48,-78.18,0
20:14:00,0.62,13.27,-111.67,0
20:14:05,2.39,12.09,-123.29,0
20:14:10,0.21,24.53,-96.08,1
20:14:15,1.47,23.48,-29.49,0
20:14:20,1.21,24.79,-21.73,1
20:14:25,2.51,16.93,-0.02,1
20:14:30,2.75,19.55,-45.68,1
20:14:35,0.31,10.37,-54.16,0
20:14:40,0.08,17.79,-100.23,0
20:14:45,2.13,15.91,44.45,1
20:14:50,1.47,13.5,25.43,0
20:14:55,0.37,20.82,-23.65,0
20:15:00,2.89,23.56,35.47,0
20:15:05,2.79,10.52,-73.94,1
20:15:10,2.19,11.07,40.48,0
20:15:15,0.81,21.39,97.05,0
20:15:20,0.35,8.8,82.54,1
20:15:25,0.75,18.73,-97.05,0
20:15:30,0.98,20.74,-46.5,0
20:15:35,1.01,24.47,11.27,0
20:15:40,0.56,13.11,96.0,0
20:15:45,0.27,17.3,101.94,1
20:15:50,1.56,15.99,-118.01,0
20:15:55,0.16,10.13,-27.44,1
20:16:00,2.35,20.78,-67.93,1
20:16:05,2.21,22.1,-101.6,1
20:16:10,1.46,15.24,-42.6,0
20:16:15,1.57,12.37,-99.01,0
20:16:20,0.64,22.54,-55.82,1
20:16:25,0.9,17.16,-88.27,1
20:16:30,1.37,10.04,108.07,1
20:16:35,1.39,11.54,-9.13,1
20:16:40,0.91,9.27,-65.26,0
20:16:45,0.5,13.65,-5.36,0
20:16:50,1.59,15.25,58.26,1
20:16:55,1.72,24.69,-123.6,0
20:17:00,0.79,18.5,93.78,0
20:17:05,1.59,13.27,28.94,1
20:17:10,0.17,12.19,10.89,1
20:17:15,1.73,15.61,-117.38,1
20:17:20,0.86,15.44,10.48,1
20:17:25,2.9,22.75,-46.2,0
20:17:30,0.8,11.24,-4.85,1
20:17:35,2.92,17.89,-93.42,0
20:17:40,2.47,22.87,-109.01,0
20:17:45,0.28,20.02,-110.95,1
20:17:50,1.93,22.61,-100.35,0
20:17:55,0.66,13.2,98.36,1
20:18:00,0.06,13.49,54.83,0
20:18:05,1.44,23.98,53.08,1
20:18:10,2.49,20.85,109.56,1
20:18:15,2.58,23.83,20.13,1
20:18:20,2.31,12.11,-111.99,1
20:18:25,2.3,12.53,102.83,1
20:18:30,0.74,18.41,112.24,1
20:18:35,0.02,10.23,-96.61,0
20:18:40,1.28,23.62,51.25,1
20:18:45,2.85,8.05,37.12,1
20:18:50,1.53,8.98,114.19,1
20:18:55,2.52,11.19,-54.9,0
20:19:00,2.13,23.59,-92.61,0
20:19:05,2.81,24.28,63.65,0
20:19:10,2.41,16.96,34.35,0
20:19:15,1.33,23.1,-67.0,0
20:19:20,0.99,10.8,40.22,1
20:19:25,0.49,16.1,49.12,0
20:19:30,0.46,19.21,23.7,0
20:19:35,1.32,11.83,99.12,1
20:19:40,0.16,23.11,39.47,1
20:19:45,1.54,8.95,16.51,0
20:19:50,0.08,10.65,-25.22,0
20:19:55,2.92,9.63,6.45,0
20:20:00,1.25,9.01,125.11,0
20:20:05,0.47,20.29,15.67,0
20:20:10,1.28,22.39,-63.25,1
20:20:15,0.98,22.49,-82.26,1
20:20:20,2.79,17.52,-126.66,0
20:20:25,2.45,22.18,-41.57,0
20:20:30,1.38,18.06,-14.36,0
20:20:35,1.68,11.06,51.55,0
20:20:40,1.54,20.89,-46.82,0
20:20:45,0.77,13.76,64.4,0
20:20:50,2.17,10.12,89.82,1
20:20:55,0.09,12.23,20.1,0
20:21:00,2.2,12.54,-15.2,0
20:21:05,0.71,16.6,90.0,0
20:21:10,1.73,11.64,-115.13,0
20:21:15,1.89,12.77,-29.18,1
20:21:20,0.36,20.83,73.44,0
20:21:25,0.08,16.88,109.14,1
20:21:30,1.23,20.09,31.54,0
20:21:35,2.24,16.13,117.7,0
20:21:40,1.46,17.78,-55.24,1
20:21:45,0.16,22.99,63.28,1
20:21:50,2.59,12.44,61.02,0
20:21:55,2.71,16.05,73.91,0
20:22:00,2.4,11.72,97.92,0
20:22:05,1.43,15.55,85.5,0
20:22:10,0.12,16.12,-85.91,0
20:22:15,2.9,14.27,-55.46,0
20:22:20,1.45,12.45,-43.0,1
20:22:25,2.76,21.35,43.73,0
20:22:30,3.0,18.75,-41.73,1
20:22:35,1.8,13.72,-50.06,0
20:22:40,1.25,14.46,99.77,0
20:22:45,1.44,21.91,-55.07,0
20:22:50,0.33,10.26,-41.99,1
20:22:55,1.66,22.16,105.85,1
20:23:00,2.23,11.16,-6.54,0
20:23:05,1.64,8.25,-40.02,1
20:23:10,0.27,23.43,119.23,1
20:23:15,2.19,16.77,-82.37,1
20:23:20,0.95,14.52,80.71,1
20:23:25,2.52,24.6,-112.31,0
20:23:30,0.87,23.04,56.82,1
20:23:35,1.32,23.68,-62.74,0
20:23:40,2.13,15.78,-96.77,0
20:23:45,2.05,24.69,-121.21,0
20:23:50,1.75,11.74,89.7,1
20:23:55,1.78,16.35,-43.21,0
20:24:00,1.55,16.48,-83.75,0
20:24:05,1.1,17.47,-7.24,0
20:24:10,2.83,20.21,-0.35,1
20:24:15,1.35,11.71,-115.69,0
20:24:20,0.61,16.15,-112.49,1
20:24:25,2.26,17.98,-21.69,1
20:24:30,1.25,15.64,77.1,1
20:24:35,0.32,24.58,-53.29,1
20:24:40,1.28,24.13,-83.98,1
20:24:45,0.83,11.19,122.7,1
20:24:50,1.32,19.66,99.32,0
20:24:55,1.83,23.31,89.57,0
20:25:00,1.23,18.73,-103.32,0
20:25:05,0.84,21.7,-4.57,1
20:25:10,1.32,15.83,45.47,0
20:25:15,1.37,11.48,48.65,0
20:25:20,0.12,14.67,-37.98,0
20:25:25,0.72,19.94,28.28,0
20:25:30,2.69,19.9,78.9,0
20:25:35,2.18,13.79,8.77,1
20:25:40,0.93,19.16,117.75,1
20:25:45,1.68,24.66,117.28,0
20:25:50,2.51,12.52,47.75,1
20:25:55,2.8,11.08,-22.74,0
20:26:00,1.63,13.08,3.82,0
20:26:05,0.18,23.95,-89.08,0
20:26:10,0.15,23.47,-44.88,1
20:26:15,0.17,22.14,34.11,0
20:26:20,1.6,13.98,-28.19,1
20:26:25,1.26,8.72,67.5,1
20:26:30,0.84,21.21,87.69,0
20:26:35,1.03,16.69,-56.27,0
20:26:40,0.47,8.05,98.26,1
20:26:45,1.58,13.92,-37.93,0
20:26:50,2.44,24.57,108.67,0
20:26:55,0.31,15.28,-93.76,1
20:27:00,2.28,11.63,-77.06,1
20:27:05,2.02,18.98,-104.16,0
20:27:10,0.74,17.97,-119.93,0
20:27:15,0.39,19.28,45.84,0
20:27:20,0.92,13.47,-6.08,1
20:27:25,0.3,16.77,110.93,1
20:27:30,2.26,10.48,-76.97,0
20:27:35,0.69,12.1,-51.92,0
20:27:40,2.46,15.2,-116.99,1
20:27:45,0.99,11.33,-69.79,1
20:27:50,0.3,13.8,75.53,0
20:27:55,0.02,10.72,18.61,1
20:28:00,1.0,19.64,2.32,1
20:28:05,1.72,15.66,89.15,1
20:28:10,0.13,14.91,-58.56,1
20:28:15,2.01,18.62,32.33,1
20:28:20,1.85,9.54,62.78,0
20:28:25,2.59,22.68,-18.28,0
20:28:30,2.57,15.99,-9.72,0
20:28:35,1.74,23.93,-9.45,1
20:28:40,0.37,12.6,-44.44,0
20:28:45,1.36,20.32,-58.42,1
20:28:50,0.16,18.83,-88.3,0
20:28:55,0.12,9.29,-110.84,0
20:29:00,2.37,19.05,84.18,0
20:29:05,2.07,22.85,57.44,1
20:29:10,2.14,13.13,-2.46,1
20:29:15,0.27,16.17,76.83,1
20:29:20,1.38,17.07,91.55,0
20:29:25,0.83,8.5,-83.29,0
20:29:30,0.94,19.26,75.58,0
20:29:35,0.46,24.88,-101.14,1
20:29:40,2.23,20.26,95.87,1
20:29:45,2.34,21.41,-23.29,1
20:29:50,2.16,12.43,85.04,0
20:29:55,0.19,20.93,-1.06,1
20:30:00,0.11,12.7,-6.94,1
20:30:05,0.17,18.06,-82.22,0
20:30:10,2.14,10.47,-94.37,1
20:30:15,0.32,9.49,77.96,0
20:30:20,2.09,22.17,-80.71,0
20:30:25,2.95,22.4,105.85,0
20:30:30,2.87,10.58,114.93,0
20:30:35,0.66,24.85,23.92,1
20:30:40,1.44,17.62,23.9,1
20:30:45,2.31,16.46,76.83,1
20:30:50,2.18,20.31,-48.54,1
20:30:55,2.68,24.12,119.41,0
20:31:00,1.02,23.64,58.94,0
20:31:05,1.64,19.93,122.96,0
20:31:10,0.56,12.87,-6.73,0
20:31:15,2.25,11.45,-24.27,1
20:31:20,1.4,8.23,-62.51,1
20:31:25,2.16,23.79,-59.75,1
20:31:30,2.03,16.3,62.8,1
20:31:35,0.54,20.75,-117.1,1
20:31:40,2.14,14.04,51.71,1
20:31:45,2.47,12.31,50.69,0
20:31:50,1.92,11.17,-60.48,0
20:31:55,2.58,14.0,125.21,0
20:32:00,2.26,10.73,34.7,0
20:32:05,1.84,15.25,-91.29,1
20:32:10,0.7,14.05,124.36,0
20:32:15,1.17,19.55,121.83,0
20:32:20,2.29,20.6,-123.93,1
20:32:25,2.6,16.5,24.83,0
20:32:30,1.86,17.7,-102.97,1
20:32:35,1.95,22.06,46.24,0
20:32:40,1.27,11.58,-101.66,1
20:32:45,2.44,20.21,114.46,1
20:32:50,1.27,15.36,28.34,0
20:32:55,1.5,20.57,47.12,1
20:33:00,2.43,11.38,-119.77,0
20:33:05,1.3,24.27,16.0,1
20:33:10,2.02,18.83,12.15,0
20:33:15,2.15,11.06,-83.12,0
20:33:20,0.33,18.47,-45.69,0
20:33:25,0.82,23.49,-96.18,0
20:33:30,1.81,20.81,103.84,0
20:33:35,0.07,19.25,-101.92,0
20:33:40,1.4,9.08,71.69,1
20:33:45,2.62,15.75,-123.95,0
20:33:50,1.46,14.67,67.19,0
20:33:55,1.88,22.58,68.79,1
20:34:00,2.5,10.21,14.64,1
20:34:05,1.64,17.87,124.81,0
20:34:10,1.51,10.56,-75.99,1
20:34:15,1.33,12.1,66.52,0
20:34:20,0.02,12.73,42.28,1
20:34:25,1.12,23.46,95.36,1
20:34:30,1.58,9.28,122.11,0
20:34:35,2.47,8.66,-84.49,1
20:34:40,1.96,10.15,116.88,1
20:34:45,0.56,9.23,-12.82,0
20:34:50,1.74,17.1,82.32,0
20:34:55,0.78,9.64,-120.48,0
20:35:00,1.9,23.66,-17.8,1
20:35:05,1.43,9.88,102.16,0
20:35:10,1.43,13.24,72.05,0
20:35:15,1.39,12.93,77.38,1
20:35:20,1.62,19.73,113.51,0
20:35:25,1.23,11.68,-115.18,0
20:35:30,2.5,16.06,30.93,1
20:35:35,2.72,14.76,87.92,1
20:35:40,1.39,19.52,-72.49,1
20:35:45,2.03,10.79,-2.84,0
20:35:50,1.56,14.47,-51.76,0
20:35:55,0.43,13.42,94.55,1
20:36:00,0.37,12.4,31.22,0
20:36:05,0.78,8.64,-80.06,0
20:36:10,0.62,17.53,-29.65,1
20:36:15,2.12,23.03,17.14,0
20:36:20,1.93,9.55,96.8,0
20:36:25,0.37,11.84,124.98,0
20:36:30,2.35,14.72,-123.78,1
20:36:35,1.85,9.42,101.67,0
20:36:40,0.56,14.17,75.41,0
20:36:45,1.36,9.95,3.45,0
20:36:50,0.51,19.74,15.79,1
20:36:55,1.26,21.95,-31.42,1
20:37:00,1.27,19.54,-43.45,0
20:37:05,0.16,21.64,-96.68,0
20:37:10,1.26,12.67,-6.66,0
20:37:15,1.01,16.1,-112.85,1
20:37:20,2.12,21.78,-6.26,1
20:37:25,2.23,14.27,76.9,0
20:37:30,1.37,21.97,22.96,0
20:37:35,1.98,24.52,-78.85,1
20:37:40,0.68,15.05,-100.64,0
20:37:45,2.13,13.51,-60.87,1
20:37:50,2.15,24.9,-62.72,1
20:37:55,2.76,21.61,-40.14,0
20:38:00,0.3,21.68,26.8,0
20:38:05,2.68,11.52,-16.33,1
20:38:10,2.16,22.79,61.38,1
20:38:15,2.23,17.89,47.16,1
20:38:20,0.53,20.64,-70.72,0
20:38:25,0.48,18.58,-82.85,1
20:38:30,1.82,10.78,-46.51,1
20:38:35,1.17,12.77,-4.66,0
20:38:40,1.91,10.47,123.03,1
20:38:45,0.52,9.91,-25.69,0
20:38:50,0.79,9.44,-14.22,1
20:38:55,1.59,20.8,-4.93,0
20:39:00,1.27,12.41,71.57,1
20:39:05,2.08,11.36,-81.16,1
20:39:10,0.71,19.59,-25.06,1
20:39:15,2.29,16.77,-12.3,1
20:39:20,1.28,24.04,-101.07,0
20:39:25,0.19,22.37,76.12,0
20:39:30,1.98,15.93,-18.46,1
20:39:35,2.59,20.59,-58.71,0
20:39:40,0.67,14.84,-52.21,1
20:39:45,2.79,8.78,60.11,0
20:39:50,1.8,13.88,-110.36,1
20:39:55,2.14,17.48,76.4,0
20:40:00,2.99,22.22,54.84,1
20:40:05,1.96,11.03,-0.24,1
20:40:10,2.8,14.62,-59.42,0
20:40:15,1.9,13.21,66.28,1
20:40:20,0.36,12.3,53.09,0
20:40:25,0.21,14.83,-86.24,0
20:40:30,0.48,21.84,-95.91,1
20:40:35,2.1,11.08,-46.86,0
20:40:40,0.72,15.29,30.05,1
20:40:45,0.97,17.54,-71.84,1
20:40:50,1.55,9.07,-5.2,0
20:40:55,2.33,23.9,66.79,0
20:41:00,0.87,8.57,115.49,1
20:41:05,1.54,20.26,77.45,0
20:41:10,2.11,10.23,-35.03,1
20:41:15,1.92,24.36,104.26,1
20:41:20,0.87,20.08,46.44,1
20:41:25,1.02,9.22,-112.48,0
20:41:30,2.1,13.8,11.86,1
20:41:35,0.63,18.95,-109.38,0
20:41:40,2.05,18.32,66.85,1
20:41:45,2.14,16.75,91.56,1
20:41:50,1.86,22.28,-32.45,1
20:41:55,1.05,9.81,24.15,1
20:42:00,0.45,11.18,-8.31,1
20:42:05,0.3,11.67,53.42,0
20:42:10,1.92,10.74,-71.73,1
20:42:15,1.71,15.43,18.06,0
20:42:20,1.07,12.98,53.81,1
20:42:25,0.69,19.93,123.9,0
20:42:30,1.1,8.39,-119.86,1
20:42:35,1.69,17.92,64.55,1
20:42:40,0.22,24.78,57.15,1
20:42:45,0.86,8.75,58.95,1
20:42:50,2.15,22.82,-16.72,1
20:42:55,2.83,15.93,-114.38,0
20:43:00,2.27,11.49,-121.26,0
20:43:05,2.76,21.02,21.77,1
20:43:10,2.39,16.92,61.47,1
20:43:15,0.55,15.56,-44.65,0
20:43:20,0.53,16.72,84.52,1
20:43:25,0.82,21.49,-8.21,1
20:43:30,2.11,9.82,72.16,1
20:43:35,2.72,15.05,119.38,0
20:43:40,2.46,19.82,-47.94,0
20:43:45,2.95,9.63,-80.6,0
20:43:50,0.08,20.77,34.89,0
20:43:55,1.39,22.29,115.89,1
20:44:00,1.24,12.12,-69.33,1
20:44:05,2.58,11.14,-43.31,1
20:44:10,1.34,19.62,44.64,0
20:44:15,2.34,22.98,62.22,0
20:44:20,0.93,21.03,62.27,1
20:44:25,1.34,13.14,29.18,1
20:44:30,0.22,13.92,4.57,0
20:44:35,0.14,11.52,74.12,0
20:44:40,0.67,9.26,75.3,0
20:44:45,2.34,20.86,91.35,0
20:44:50,0.63,12.0,44.89,1
20:44:55,2.6,8.81,-92.09,0
20:45:00,2.21,17.76,-16.24,1
20:45:05,0.21,13.56,45.11,0
20:45:10,1.25,15.49,19.41,0
20:45:15,2.34,23.54,-68.91,0
20:45:20,1.19,20.19,-69.07,1
20:45:25,2.06,9.72,-99.67,1
20:45:30,1.74,14.8,97.57,0
20:45:35,1.99,20.85,-112.21,0
20:45:40,0.81,10.88,-124.79,0
20:45:45,1.88,14.6,65.19,0
20:45:50,1.04,20.46,-43.7,1
20:45:55,2.19,17.43,40.01,1
20:46:00,1.06,20.55,-85.5,1
20:46:05,1.86,10.58,64.42,1
20:46:10,1.96,19.98,80.91,1
20:46:15,0.31,20.01,39.7,1
20:46:20,0.88,21.7,24.61,1
20:46:25,2.26,13.5,-107.71,1
20:46:30,0.46,22.65,6.72,1
20:46:35,2.51,23.11,22.9,1
20:46:40,1.1,19.27,76.57,0
20:46:45,2.87,8.94,43.42,0
20:46:50,0.03,22.12,-91.33,0
20:46:55,1.49,19.7,16.54,1
20:47:00,0.81,24.76,94.87,0
20:47:05,0.84,8.42,-80.49,0
20:47:10,2.59,10.97,-24.54,0
20:47:15,1.78,9.07,-50.44,1
20:47:20,0.12,14.38,89.67,1
20:47:25,0.04,15.46,-62.27,0
20:47:30,1.23,14.82,85.77,1
20:47:35,0.36,19.15,21.22,1
20:47:40,0.74,10.29,126.1,1
20:47:45,2.53,24.5,-74.82,1
20:47:50,0.07,19.44,47.15,1
20:47:55,1.19,17.67,-31.8,0
20:48:00,1.02,13.19,-121.78,1
20:48:05,1.09,11.42,-10.24,1
20:48:10,1.7,23.02,-61.51,0
20:48:15,1.96,18.38,-48.97,1
20:48:20,0.1,8.89,27.29,1
20:48:25,2.02,14.77,-25.84,1
20:48:30,2.96,10.1,-31.33,0
20:48:35,0.78,17.64,38.47,0
20:48:40,1.64,16.12,-102.78,1
20:48:45,1.95,15.4,-117.6,0
20:48:50,2.29,24.96,-78.03,0
20:48:55,2.96,21.45,93.27,1
20:49:00,1.67,10.26,33.48,0
20:49:05,0.04,12.07,3.08,1
20:49:10,1.57,23.73,-63.56,0
20:49:15,1.67,21.52,65.06,0
20:49:20,1.95,21.51,-33.07,0
20:49:25,0.56,10.16,-18.44,0
20:49:30,0.81,21.87,87.84,1
20:49:35,0.06,9.6,112.58,0
20:49:40,2.38,15.56,88.91,0
20:49:45,0.45,15.25,112.15,1
20:49:50,1.32,15.7,124.45,1
20:49:55,1.34,23.52,-95.01,1
20:50:00,0.94,8.64,-123.48,1
20:50:05,1.31,14.22,75.01,1
20:50:10,1.28,14.96,65.28,0
20:50:15,0.94,10.42,123.58,0
20:50:20,1.39,8.59,7.14,1
20:50:25,0.8,10.54,84.09,0
20:50:30,1.91,11.52,-6.85,0
20:50:35,2.51,12.75,24.63,0
20:50:40,2.66,20.73,79.63,1
20:50:45,1.54,10.85,-111.41,0
20:50:50,1.08,8.99,-111.48,0
20:50:55,0.55,21.47,-51.17,1
20:51:00,1.18,22.43,5.46,1
20:51:05,0.39,20.09,82.71,0
20:51:10,0.7,16.14,-72.39,1
20:51:15,0.49,10.94,-48.06,0
20:51:20,2.44,10.2,95.29,0
20:51:25,2.94,18.73,59.46,1
20:51:30,1.82,23.21,-43.47,0
20:51:35,1.2,22.22,-11.31,1
20:51:40,0.18,14.94,-33.79,0
20:51:45,1.53,11.78,-78.34,0
20:51:50,0.92,22.81,89.96,0
20:51:55,0.32,11.95,-124.84,1
20:52:00,0.37,21.49,12.85,0
20:52:05,0.07,11.39,113.37,0
20:52:10,2.83,14.35,-52.8,1
20:52:15,2.38,23.57,-30.59,0
20:52:20,1.83,17.13,100.01,0
20:52:25,1.45,12.11,-18.41,0
20:52:30,1.27,18.58,-105.44,1
20:52:35,2.82,17.64,-15.22,1
20:52:40,0.33,9.08,36.83,0
20:52:45,0.53,17.93,-29.49,0
20:52:50,0.31,24.5,-110.88,0
20:52:55,0.89,11.47,8.75,0
20:53:00,2.07,18.5,-81.08,0
20:53:05,0.91,21.68,99.26,0
20:53:10,1.1,14.46,-47.3,0
20:53:15,1.32,17.31,34.91,0
20:53:20,0.78,18.96,-71.13,0
20:53:25,1.1,10.99,-28.46,1
20:53:30,0.36,13.97,7.9,0
20:53:35,0.7,9.15,-12.98,0
20:53:40,1.29,18.99,39.79,1
20:53:45,1.5,8.97,24.63,0
20:53:50,2.17,18.59,3.17,0
20:53:55,1.23,10.55,10.0,1
20:54:00,0.71,13.46,105.49,0
20:54:05,2.46,23.06,83.94,1
20:54:10,0.82,21.49,-79.35,1
20:54:15,0.73,8.62,-11.97,0
20:54:20,1.63,17.89,59.32,0
20:54:25,2.55,17.36,-20.04,0
20:54:30,1.83,8.44,57.87,1
20:54:35,1.69,24.09,-20.13,1
20:54:40,2.16,18.49,15.83,1
20:54:45,0.12,16.62,39.58,1
20:54:50,1.56,20.99,-119.16,0
20:54:55,1.15,13.98,18.88,0
20:55:00,0.53,24.89,-17.71,0
20:55:05,1.0,10.49,110.22,1
20:55:10,1.24,9.53,-86.86,0
20:55:15,1.47,24.48,-94.37,1
20:55:20,1.72,21.72,54.89,1
20:55:25,2.69,23.85,107.73,1
20:55:30,1.49,24.34,-69.97,1
20:55:35,1.43,12.21,-107.35,1
20:55:40,0.62,13.96,75.3,1
20:55:45,2.9,20.17,94.57,1
20:55:50,0.17,8.28,100.11,1
20:55:55,0.64,17.0,-37.39,0
20:56:00,2.71,9.38,-96.52,1
20:56:05,1.96,23.47,11.3,0
20:56:10,1.09,14.33,86.07,1
20:56:15,1.15,12.12,64.99,0
20:56:20,1.52,14.52,-39.91,1
20:56:25,0.19,8.68,102.15,0
20:56:30,0.17,15.63,-86.56,0
20:56:35,0.08,10.29,99.81,1
20:56:40,2.38,20.42,-5.32,1
20:56:45,2.12,11.92,-83.45,1
20:56:50,2.64,8.58,-17.25,0
20:56:55,1.01,24.29,92.15,1
20:57:00,0.14,12.49,-47.57,0
20:57:05,0.7,17.83,4.61,0
20:57:10,1.72,12.38,-33.3,0
20:57:15,2.34,20.21,-108.43,0
20:57:20,0.37,19.76,-40.29,1
20:57:25,2.53,24.67,-23.5,0
20:57:30,0.03,10.22,125.89,0
20:57:35,0.05,13.83,-107.23,0
20:57:40,0.83,11.63,-64.85,1
20:57:45,1.76,19.41,-94.66,1
20:57:50,2.95,14.5,-92.49,0
20:57:55,0.1,13.66,-119.05,1
20:58:00,0.28,16.92,-84.42,1
20:58:05,2.23,20.04,-90.4,0
20:58:10,1.65,16.86,-109.69,1
20:58:15,2.87,20.01,-61.94,1
20:58:20,2.39,10.63,-90.3,0
20:58:25,2.2,11.17,57.76,1
20:58:30,0.53,21.82,47.51,0
20:58:35,1.68,21.95,126.57,0
20:58:40,0.56,21.79,-116.44,0
20:58:45,2.37,20.15,68.24,1
20:58:50,2.18,24.02,-123.61,1
20:58:55,2.6,19.24,-40.13,1
20:59:00,0.21,24.38,-54.66,0
20:59:05,2.84,23.95,40.95,1
20:59:10,2.03,20.07,-5.43,0
20:59:15,1.07,15.23,-80.09,0
20:59:20,0.48,23.11,3.7,1
20:59:25,2.05,21.76,-31.62,0
20:59:30,2.55,18.73,59.32,0
20:59:35,2.44,20.69,-94.76,1
20:59:40,1.84,19.36,124.6,0
20:59:45,2.28,13.68,-36.5,1
20:59:50,1.72,9.5,-119.01,1
20:59:55,0.93,16.74,23.82,1
21:00:00,2.51,21.29,-124.08,0
21:00:05,2.96,13.77,-118.67,0
21:00:10,1.29,23.37,90.41,1
21:00:15,2.43,10.91,-56.97,1
21:00:20,2.86,15.72,-18.09,0
21:00:25,2.22,18.33,113.23,1
21:00:30,1.54,17.45,-95.73,1
21:00:35,0.27,11.11,-39.78,0
21:00:40,0.65,16.37,-14.15,0
21:00:45,1.24,9.03,32.64,0
21:00:50,2.78,17.76,2.21,0
21:00:55,1.85,20.83,55.58,0
21:01:00,0.43,21.26,-78.52,1
21:01:05,0.85,8.14,-37.62,0
21:01:10,0.05,8.46,108.12,1
21:01:15,1.41,8.86,-87.56,1
21:01:20,1.63,24.13,106.29,0
21:01:25,1.77,15.02,100.27,0
21:01:30,1.29,22.34,-88.3,1
21:01:35,2.52,15.72,54.61,0
21:01:40,0.1,17.38,-52.65,0
21:01:45,0.51,18.22,-16.75,0
21:01:50,0.84,11.0,-91.21,1
21:01:55,2.23,8.7,51.34,1
21:02:00,2.9,8.84,-106.49,0
21:02:05,0.94,19.06,31.32,1
21:02:10,0.59,19.38,48.35,0
21:02:15,0.64,14.24,63.31,1
21:02:20,0.1,15.07,119.7,1
21:02:25,2.04,14.09,102.48,1
21:02:30,1.8,23.97,75.85,1
21:02:35,0.43,16.6,-45.23,0
21:02:40,1.27,14.93,30.29,1
21:02:45,0.71,17.45,-54.61,1
21:02:50,2.62,13.14,8.01,1
21:02:55,2.64,23.77,14.67,0
21:03:00,2.78,12.11,8.07,1
21:03:05,2.2,18.53,-33.79,0
21:03:10,0.57,21.11,-114.9,0
21:03:15,0.65,8.96,-64.17,1
21:03:20,1.95,20.62,-42.57,0
21:03:25,0.64,22.12,10.86,1
21:03:30,2.72,24.3,-63.28,1
21:03:35,2.39,9.65,112.11,0
21:03:40,2.01,21.25,76.63,0
21:03:45,1.4,11.9,74.28,1
21:03:50,1.66,19.58,-68.69,1
21:03:55,0.75,24.64,38.98,1
21:04:00,0.82,18.94,-31.13,0
21:04:05,1.9,8.71,-68.85,0
21:04:10,1.44,22.29,84.33,1
21:04:15,2.42,24.31,104.58,1
21:04:20,0.56,13.89,-95.17,1
21:04:25,2.85,9.02,-99.12,0
21:04:30,0.8,14.24,78.61,1
21:04:35,2.62,13.18,-47.41,0
21:04:40,2.68,18.44,100.35,0
21:04:45,1.0,13.92,-117.64,1
21:04:50,2.55,14.77,-99.45,1
21:04:55,0.13,9.59,104.47,1
21:05:00,0.52,14.18,13.98,0
21:05:05,2.57,21.71,-49.93,1
21:05:10,0.26,24.3,18.63,1
21:05:15,1.05,23.28,42.42,0
21:05:20,1.54,19.76,-109.27,0
21:05:25,2.76,9.13,83.83,1
21:05:30,0.68,8.56,47.17,1
21:05:35,1.68,24.66,-74.51,0
