timestamp,current,voltage,temperature,vibration,label
2026-03-10 14:57:17.643458,-13.44,11.06,38.56,0,1
2026-03-10 14:57:22.643458,-12.76,13.57,37.06,1,2
2026-03-10 14:57:27.643458,-13.39,10.44,35.08,0,1
2026-03-10 14:57:32.643458,-12.79,14.91,45.57,1,2
2026-03-10 14:57:37.643458,-13.29,15.95,42.98,1,2
2026-03-10 14:57:42.643458,-13.56,9.77,36.25,0,1
2026-03-10 14:57:47.643458,-13.43,11.89,31.03,0,1
2026-03-10 14:57:52.643458,-13.48,11.45,34.87,0,1
2026-03-10 14:57:57.643458,-13.25,13.43,45.78,1,2
2026-03-10 14:58:02.643458,-13.72,0.0,32.0,0,0
2026-03-10 14:58:07.643458,-13.01,17.78,46.28,1,2
2026-03-10 14:58:12.643458,-13.79,0.0,32.0,0,0
2026-03-10 14:58:17.643458,-12.85,16.92,50.56,1,2
2026-03-10 14:58:22.643458,-13.54,0.0,32.0,0,0
2026-03-10 14:58:27.643458,-13.67,11.22,30.1,0,1
2026-03-10 14:58:32.643458,-12.81,16.54,38.52,1,2
2026-03-10 14:58:37.643458,-13.55,0.0,32.0,0,0
2026-03-10 14:58:42.643458,-13.48,0.0,32.0,0,0
2026-03-10 14:58:47.643458,-13.53,0.0,32.0,0,0
2026-03-10 14:58:52.643458,-13.68,9.65,34.41,0,1
2026-03-10 14:58:57.643458,-13.04,14.6,52.15,1,2
2026-03-10 14:59:02.643458,-13.04,13.12,42.87,1,2
2026-03-10 14:59:07.643458,-13.62,11.54,32.01,0,1
2026-03-10 14:59:12.643458,-13.32,10.52,32.2,0,1
2026-03-10 14:59:17.643458,-13.61,10.87,33.47,0,1
2026-03-10 14:59:22.643458,-13.22,0.0,32.0,0,0
2026-03-10 14:59:27.643458,-13.26,0.0,32.0,0,0
2026-03-10 14:59:32.643458,-13.29,0.0,32.0,0,0
2026-03-10 14:59:37.643458,-13.22,15.47,39.09,1,2
2026-03-10 14:59:42.643458,-13.57,11.75,34.77,0,1
2026-03-10 14:59:47.643458,-12.94,13.99,48.13,1,2
2026-03-10 14:59:52.643458,-13.47,11.6,30.55,0,1
2026-03-10 14:59:57.643458,-13.46,9.93,30.81,0,1
2026-03-10 15:00:02.643458,-13.14,13.05,48.87,1,2
2026-03-10 15:00:07.643458,-13.44,0.0,32.0,0,0
2026-03-10 15:00:12.643458,-13.37,10.97,32.55,0,1
2026-03-10 15:00:17.643458,-13.74,0.0,32.0,0,0
2026-03-10 15:00:22.643458,-13.42,0.0,32.0,0,0
2026-03-10 15:00:27.643458,-13.7,10.75,36.71,0,1
2026-03-10 15:00:32.643458,-13.18,17.63,43.83,1,2
2026-03-10 15:00:37.643458,-13.06,17.02,53.31,1,2
2026-03-10 15:00:42.643458,-13.31,11.56,36.2,0,1
2026-03-10 15:00:47.643458,-13.46,0.0,32.0,0,0
2026-03-10 15:00:52.643458,-12.97,15.08,36.39,1,2
2026-03-10 15:00:57.643458,-13.68,0.0,32.0,0,0
2026-03-10 15:01:02.643458,-13.63,10.23,34.9,0,1
2026-03-10 15:01:07.643458,-13.31,0.0,32.0,0,0
2026-03-10 15:01:12.643458,-12.82,15.22,41.0,1,2
2026-03-10 15:01:17.643458,-13.62,11.41,32.09,0,1
2026-03-10 15:01:22.643458,-13.55,9.9,36.13,0,1
2026-03-10 15:01:27.643458,-13.27,13.72,38.59,1,2
2026-03-10 15:01:32.643458,-12.88,13.62,38.88,1,2
2026-03-10 15:01:37.643458,-13.1,14.97,51.77,1,2
2026-03-10 15:01:42.643458,-13.66,0.0,32.0,0,0
2026-03-10 15:01:47.643458,-13.55,0.0,32.0,0,0
2026-03-10 15:01:52.643458,-12.75,15.58,37.18,1,2
2026-03-10 15:01:57.643458,-12.98,17.39,45.46,1,2
2026-03-10 15:02:02.643458,-13.28,0.0,32.0,0,0
2026-03-10 15:02:07.643458,-13.63,0.0,32.0,0,0
2026-03-10 15:02:12.643458,-12.76,15.67,45.16,1,2
2026-03-10 15:02:17.643458,-13.69,11.91,38.8,0,1
2026-03-10 15:02:22.643458,-13.61,10.91,33.52,0,1
2026-03-10 15:02:27.643458,-12.85,14.68,51.03,1,2
2026-03-10 15:02:32.643458,-13.6,0.0,32.0,0,0
2026-03-10 15:02:37.643458,-13.96,0.0,32.0,0,0
2026-03-10 15:02:42.643458,-13.24,0.0,32.0,0,0
2026-03-10 15:02:47.643458,-12.94,13.74,40.29,1,2
2026-03-10 15:02:52.643458,-13.18,0.0,32.0,0,0
2026-03-10 15:02:57.643458,-13.21,17.32,50.07,1,2
2026-03-10 15:03:02.643458,-12.79,16.63,51.43,1,2
2026-03-10 15:03:07.643458,-12.97,15.86,37.43,1,2
2026-03-10 15:03:12.643458,-13.68,0.0,32.0,0,0
2026-03-10 15:03:17.643458,-13.65,9.67,38.35,0,1
2026-03-10 15:03:22.643458,-13.08,14.51,54.84,1,2
2026-03-10 15:03:27.643458,-13.59,9.04,31.18,0,1
2026-03-10 15:03:32.643458,-13.0,0.0,32.0,0,0
2026-03-10 15:03:37.643458,-13.17,0.0,32.0,0,0
2026-03-10 15:03:42.643458,-13.53,0.0,32.0,0,0
2026-03-10 15:03:47.643458,-12.72,14.09,41.48,1,2
2026-03-10 15:03:52.643458,-13.34,10.71,32.8,0,1
2026-03-10 15:03:57.643458,-13.64,10.21,33.16,0,1
2026-03-10 15:04:02.643458,-13.37,10.61,31.08,0,1
2026-03-10 15:04:07.643458,-13.17,0.0,32.0,0,0
2026-03-10 15:04:12.643458,-13.63,9.58,39.14,0,1
2026-03-10 15:04:17.643458,-13.65,11.94,37.52,0,1
2026-03-10 15:04:22.643458,-13.62,10.49,37.75,0,1
2026-03-10 15:04:27.643458,-13.12,0.0,32.0,0,0
2026-03-10 15:04:32.643458,-13.62,9.52,31.34,0,1
2026-03-10 15:04:37.643458,-13.87,0.0,32.0,0,0
2026-03-10 15:04:42.643458,-13.49,0.0,32.0,0,0
2026-03-10 15:04:47.643458,-12.8,14.48,49.19,1,2
2026-03-10 15:04:52.643458,-13.82,0.0,32.0,0,0
2026-03-10 15:04:57.643458,-13.0,16.67,47.93,1,2
2026-03-10 15:05:02.643458,-13.39,0.0,32.0,0,0
2026-03-10 15:05:07.643458,-13.68,11.59,30.03,0,1
2026-03-10 15:05:12.643458,-13.54,0.0,32.0,0,0
2026-03-10 15:05:17.643458,-13.6,10.56,35.76,0,1
2026-03-10 15:05:22.643458,-12.75,13.96,42.67,1,2
2026-03-10 15:05:27.643458,-12.88,17.99,43.84,1,2
2026-03-10 15:05:32.643458,-13.69,9.01,34.7,0,1
2026-03-10 15:05:37.643458,-13.59,11.55,32.89,0,1
2026-03-10 15:05:42.643458,-13.27,0.0,32.0,0,0
2026-03-10 15:05:47.643458,-13.63,9.65,31.68,0,1
2026-03-10 15:05:52.643458,-13.76,0.0,32.0,0,0
2026-03-10 15:05:57.643458,-13.6,11.05,30.25,0,1
2026-03-10 15:06:02.643458,-13.65,9.63,39.45,0,1
2026-03-10 15:06:07.643458,-13.03,0.0,32.0,0,0
2026-03-10 15:06:12.643458,-12.88,16.43,39.29,1,2
2026-03-10 15:06:17.643458,-12.96,16.55,45.65,1,2
2026-03-10 15:06:22.643458,-13.43,9.09,38.37,0,1
2026-03-10 15:06:27.643458,-12.82,15.18,38.85,1,2
2026-03-10 15:06:32.643458,-13.28,13.41,37.43,1,2
2026-03-10 15:06:37.643458,-13.58,9.9,33.4,0,1
2026-03-10 15:06:42.643458,-13.64,9.08,36.64,0,1
2026-03-10 15:06:47.643458,-13.24,16.13,46.55,1,2
2026-03-10 15:06:52.643458,-13.23,14.97,45.48,1,2
2026-03-10 15:06:57.643458,-13.07,0.0,32.0,0,0
2026-03-10 15:07:02.643458,-13.39,9.52,39.82,0,1
2026-03-10 15:07:07.643458,-12.98,16.06,50.42,1,2
2026-03-10 15:07:12.643458,-13.36,9.25,36.15,0,1
2026-03-10 15:07:17.643458,-13.45,11.55,36.38,0,1
2026-03-10 15:07:22.643458,-13.85,0.0,32.0,0,0
2026-03-10 15:07:27.643458,-13.37,9.39,36.56,0,1
2026-03-10 15:07:32.643458,-13.06,17.33,51.85,1,2
2026-03-10 15:07:37.643458,-13.62,11.07,33.12,0,1
2026-03-10 15:07:42.643458,-13.48,11.5,36.84,0,1
2026-03-10 15:07:47.643458,-13.36,11.04,34.11,0,1
2026-03-10 15:07:52.643458,-13.1,0.0,32.0,0,0
2026-03-10 15:07:57.643458,-12.85,17.72,43.55,1,2
2026-03-10 15:08:02.643458,-13.57,9.63,31.15,0,1
2026-03-10 15:08:07.643458,-13.45,10.52,33.89,0,1
2026-03-10 15:08:12.643458,-13.25,13.87,54.69,1,2
2026-03-10 15:08:17.643458,-13.61,11.18,31.34,0,1
2026-03-10 15:08:22.643458,-12.76,13.3,36.6,1,2
2026-03-10 15:08:27.643458,-13.39,11.18,37.56,0,1
2026-03-10 15:08:32.643458,-12.96,14.39,45.93,1,2
2026-03-10 15:08:37.643458,-13.55,0.0,32.0,0,0
2026-03-10 15:08:42.643458,-13.5,10.23,36.0,0,1
2026-03-10 15:08:47.643458,-13.25,14.33,44.29,1,2
2026-03-10 15:08:52.643458,-13.68,11.48,33.99,0,1
2026-03-10 15:08:57.643458,-12.95,17.19,42.4,1,2
2026-03-10 15:09:02.643458,-13.83,0.0,32.0,0,0
2026-03-10 15:09:07.643458,-13.62,9.4,34.06,0,1
2026-03-10 15:09:12.643458,-13.29,0.0,32.0,0,0
2026-03-10 15:09:17.643458,-14.0,0.0,32.0,0,0
2026-03-10 15:09:22.643458,-13.4,9.18,34.8,0,1
2026-03-10 15:09:27.643458,-12.89,14.52,49.47,1,2
2026-03-10 15:09:32.643458,-13.01,15.34,41.74,1,2
2026-03-10 15:09:37.643458,-12.97,16.34,37.41,1,2
2026-03-10 15:09:42.643458,-13.36,10.02,32.94,0,1
2026-03-10 15:09:47.643458,-13.54,0.0,32.0,0,0
2026-03-10 15:09:52.643458,-13.65,10.94,39.47,0,1
2026-03-10 15:09:57.643458,-13.35,0.0,32.0,0,0
2026-03-10 15:10:02.643458,-13.27,17.01,48.55,1,2
2026-03-10 15:10:07.643458,-13.45,11.76,31.86,0,1
2026-03-10 15:10:12.643458,-13.33,11.09,35.97,0,1
2026-03-10 15:10:17.643458,-13.02,0.0,32.0,0,0
2026-03-10 15:10:22.643458,-13.59,10.52,31.08,0,1
2026-03-10 15:10:27.643458,-13.68,9.44,35.91,0,1
2026-03-10 15:10:32.643458,-12.92,17.41,40.37,1,2
2026-03-10 15:10:37.643458,-12.73,13.93,51.1,1,2
2026-03-10 15:10:42.643458,-13.9,0.0,32.0,0,0
2026-03-10 15:10:47.643458,-13.18,0.0,32.0,0,0
2026-03-10 15:10:52.643458,-13.27,14.68,52.03,1,2
2026-03-10 15:10:57.643458,-13.3,10.56,32.71,0,1
2026-03-10 15:11:02.643458,-12.99,17.68,41.07,1,2
2026-03-10 15:11:07.643458,-13.57,9.67,31.23,0,1
2026-03-10 15:11:12.643458,-13.05,0.0,32.0,0,0
2026-03-10 15:11:17.643458,-13.56,9.45,31.69,0,1
2026-03-10 15:11:22.643458,-13.58,11.44,32.13,0,1
2026-03-10 15:11:27.643458,-13.39,9.48,39.93,0,1
2026-03-10 15:11:32.643458,-13.57,9.84,35.21,0,1
2026-03-10 15:11:37.643458,-13.68,10.17,34.96,0,1
2026-03-10 15:11:42.643458,-13.32,9.73,35.39,0,1
2026-03-10 15:11:47.643458,-13.34,0.0,32.0,0,0
2026-03-10 15:11:52.643458,-13.23,15.59,43.83,1,2
2026-03-10 15:11:57.643458,-13.4,0.0,32.0,0,0
2026-03-10 15:12:02.643458,-13.02,0.0,32.0,0,0
2026-03-10 15:12:07.643458,-13.73,0.0,32.0,0,0
2026-03-10 15:12:12.643458,-13.59,10.17,39.11,0,1
2026-03-10 15:12:17.643458,-13.24,16.61,50.75,1,2
2026-03-10 15:12:22.643458,-13.69,10.1,30.87,0,1
2026-03-10 15:12:27.643458,-13.17,17.68,45.44,1,2
2026-03-10 15:12:32.643458,-13.62,0.0,32.0,0,0
2026-03-10 15:12:37.643458,-13.56,10.0,38.98,0,1
2026-03-10 15:12:42.643458,-13.58,0.0,32.0,0,0
2026-03-10 15:12:47.643458,-13.34,10.47,38.18,0,1
2026-03-10 15:12:52.643458,-13.8,0.0,32.0,0,0
2026-03-10 15:12:57.643458,-13.92,0.0,32.0,0,0
2026-03-10 15:13:02.643458,-13.31,9.94,36.68,0,1
2026-03-10 15:13:07.643458,-13.2,14.8,35.19,1,2
2026-03-10 15:13:12.643458,-12.93,13.7,46.8,1,2
2026-03-10 15:13:17.643458,-13.63,0.0,32.0,0,0
2026-03-10 15:13:22.643458,-12.91,17.79,44.49,1,2
2026-03-10 15:13:27.643458,-13.16,15.75,53.77,1,2
2026-03-10 15:13:32.643458,-12.78,16.73,42.57,1,2
2026-03-10 15:13:37.643458,-13.21,0.0,32.0,0,0
2026-03-10 15:13:42.643458,-12.79,15.05,37.71,1,2
2026-03-10 15:13:47.643458,-13.79,0.0,32.0,0,0
2026-03-10 15:13:52.643458,-13.43,0.0,32.0,0,0
2026-03-10 15:13:57.643458,-13.31,10.87,38.67,0,1
2026-03-10 15:14:02.643458,-12.9,13.76,39.16,1,2
2026-03-10 15:14:07.643458,-13.28,13.48,41.33,1,2
2026-03-10 15:14:12.643458,-13.27,0.0,32.0,0,0
2026-03-10 15:14:17.643458,-13.39,11.73,37.57,0,1
2026-03-10 15:14:22.643458,-13.18,17.5,49.3,1,2
2026-03-10 15:14:27.643458,-13.14,0.0,32.0,0,0
2026-03-10 15:14:32.643458,-13.43,10.81,33.66,0,1
2026-03-10 15:14:37.643458,-13.63,10.13,31.53,0,1
2026-03-10 15:14:42.643458,-13.63,0.0,32.0,0,0
2026-03-10 15:14:47.643458,-13.65,0.0,32.0,0,0
2026-03-10 15:14:52.643458,-13.45,10.99,39.83,0,1
2026-03-10 15:14:57.643458,-13.74,0.0,32.0,0,0
2026-03-10 15:15:02.643458,-13.08,0.0,32.0,0,0
2026-03-10 15:15:07.643458,-12.76,17.87,38.76,1,2
2026-03-10 15:15:12.643458,-13.02,13.53,49.39,1,2
2026-03-10 15:15:17.643458,-13.08,15.7,36.43,1,2
2026-03-10 15:15:22.643458,-12.71,16.98,46.02,1,2
2026-03-10 15:15:27.643458,-13.51,0.0,32.0,0,0
2026-03-10 15:15:32.643458,-13.38,9.79,37.83,0,1
2026-03-10 15:15:37.643458,-13.26,0.0,32.0,0,0
2026-03-10 15:15:42.643458,-13.58,10.71,32.31,0,1
2026-03-10 15:15:47.643458,-13.61,11.73,32.53,0,1
2026-03-10 15:15:52.643458,-13.34,0.0,32.0,0,0
2026-03-10 15:15:57.643458,-13.22,16.67,42.31,1,2
2026-03-10 15:16:02.643458,-13.36,9.54,36.24,0,1
2026-03-10 15:16:07.643458,-13.07,14.73,50.83,1,2
2026-03-10 15:16:12.643458,-13.7,0.0,32.0,0,0
2026-03-10 15:16:17.643458,-13.62,9.48,39.84,0,1
2026-03-10 15:16:22.643458,-13.17,17.26,35.57,1,2
2026-03-10 15:16:27.643458,-13.21,16.83,49.18,1,2
2026-03-10 15:16:32.643458,-13.44,9.23,35.8,0,1
2026-03-10 15:16:37.643458,-13.87,0.0,32.0,0,0
2026-03-10 15:16:42.643458,-13.85,0.0,32.0,0,0
2026-03-10 15:16:47.643458,-13.15,16.26,47.68,1,2
2026-03-10 15:16:52.643458,-13.12,13.92,54.09,1,2
2026-03-10 15:16:57.643458,-13.06,0.0,32.0,0,0
2026-03-10 15:17:02.643458,-13.15,16.91,48.95,1,2
2026-03-10 15:17:07.643458,-13.7,0.0,32.0,0,0
2026-03-10 15:17:12.643458,-13.95,0.0,32.0,0,0
2026-03-10 15:17:17.643458,-13.1,15.43,43.03,1,2
2026-03-10 15:17:22.643458,-13.67,10.15,38.15,0,1
2026-03-10 15:17:27.643458,-13.24,16.01,40.22,1,2
2026-03-10 15:17:32.643458,-13.74,0.0,32.0,0,0
2026-03-10 15:17:37.643458,-12.88,15.04,52.39,1,2
2026-03-10 15:17:42.643458,-13.36,9.17,30.09,0,1
2026-03-10 15:17:47.643458,-13.64,9.99,37.15,0,1
2026-03-10 15:17:52.643458,-12.75,15.88,36.05,1,2
2026-03-10 15:17:57.643458,-13.55,0.0,32.0,0,0
2026-03-10 15:18:02.643458,-13.23,16.23,50.94,1,2
2026-03-10 15:18:07.643458,-13.76,0.0,32.0,0,0
2026-03-10 15:18:12.643458,-13.9,0.0,32.0,0,0
2026-03-10 15:18:17.643458,-13.44,9.99,32.58,0,1
2026-03-10 15:18:22.643458,-13.47,11.42,31.02,0,1
2026-03-10 15:18:27.643458,-13.33,9.69,37.59,0,1
2026-03-10 15:18:32.643458,-13.69,0.0,32.0,0,0
2026-03-10 15:18:37.643458,-13.2,16.62,41.03,1,2
2026-03-10 15:18:42.643458,-12.74,13.78,46.58,1,2
2026-03-10 15:18:47.643458,-13.66,11.52,35.8,0,1
2026-03-10 15:18:52.643458,-13.11,17.64,51.08,1,2
2026-03-10 15:18:57.643458,-13.4,9.45,36.39,0,1
2026-03-10 15:19:02.643458,-13.2,16.03,41.9,1,2
2026-03-10 15:19:07.643458,-13.55,0.0,32.0,0,0
2026-03-10 15:19:12.643458,-12.8,13.46,45.37,1,2
2026-03-10 15:19:17.643458,-13.61,9.63,35.68,0,1
2026-03-10 15:19:22.643458,-13.69,10.82,37.54,0,1
2026-03-10 15:19:27.643458,-13.91,0.0,32.0,0,0
2026-03-10 15:19:32.643458,-12.85,16.39,47.8,1,2
2026-03-10 15:19:37.643458,-13.8,0.0,32.0,0,0
2026-03-10 15:19:42.643458,-13.36,11.32,37.81,0,1
2026-03-10 15:19:47.643458,-12.75,14.95,40.49,1,2
2026-03-10 15:19:52.643458,-12.83,16.35,36.9,1,2
2026-03-10 15:19:57.643458,-13.3,10.6,32.18,0,1
2026-03-10 15:20:02.643458,-13.84,0.0,32.0,0,0
2026-03-10 15:20:07.643458,-13.42,10.86,34.86,0,1
2026-03-10 15:20:12.643458,-13.44,10.87,32.51,0,1
2026-03-10 15:20:17.643458,-13.23,0.0,32.0,0,0
2026-03-10 15:20:22.643458,-13.31,0.0,32.0,0,0
2026-03-10 15:20:27.643458,-13.92,0.0,32.0,0,0
2026-03-10 15:20:32.643458,-13.58,9.16,36.15,0,1
2026-03-10 15:20:37.643458,-13.52,0.0,32.0,0,0
2026-03-10 15:20:42.643458,-12.99,17.22,53.77,1,2
2026-03-10 15:20:47.643458,-13.33,10.8,36.13,0,1
2026-03-10 15:20:52.643458,-13.23,17.56,44.83,1,2
2026-03-10 15:20:57.643458,-13.32,10.25,37.52,0,1
2026-03-10 15:21:02.643458,-13.03,15.11,43.49,1,2
2026-03-10 15:21:07.643458,-13.07,13.78,46.31,1,2
2026-03-10 15:21:12.643458,-13.44,11.38,30.53,0,1
2026-03-10 15:21:17.643458,-13.43,10.51,35.67,0,1
2026-03-10 15:21:22.643458,-12.88,14.93,41.8,1,2
2026-03-10 15:21:27.643458,-13.38,0.0,32.0,0,0
2026-03-10 15:21:32.643458,-12.71,15.51,38.97,1,2
2026-03-10 15:21:37.643458,-13.95,0.0,32.0,0,0
2026-03-10 15:21:42.643458,-13.59,10.73,31.85,0,1
2026-03-10 15:21:47.643458,-13.16,13.95,39.91,1,2
2026-03-10 15:21:52.643458,-13.08,0.0,32.0,0,0
2026-03-10 15:21:57.643458,-13.45,0.0,32.0,0,0
2026-03-10 15:22:02.643458,-13.54,10.21,34.89,0,1
2026-03-10 15:22:07.643458,-13.05,17.84,50.63,1,2
2026-03-10 15:22:12.643458,-12.72,16.42,50.83,1,2
2026-03-10 15:22:17.643458,-13.72,0.0,32.0,0,0
2026-03-10 15:22:22.643458,-13.37,11.36,37.51,0,1
2026-03-10 15:22:27.643458,-13.23,15.08,54.74,1,2
2026-03-10 15:22:32.643458,-12.77,15.56,37.1,1,2
2026-03-10 15:22:37.643458,-12.72,17.8,50.13,1,2
2026-03-10 15:22:42.643458,-12.91,14.28,48.59,1,2
2026-03-10 15:22:47.643458,-12.86,14.96,49.25,1,2
2026-03-10 15:22:52.643458,-12.88,16.49,38.71,1,2
2026-03-10 15:22:57.643458,-13.31,11.51,34.9,0,1
2026-03-10 15:23:02.643458,-13.9,0.0,32.0,0,0
2026-03-10 15:23:07.643458,-13.53,9.6,37.02,0,1
2026-03-10 15:23:12.643458,-13.35,10.08,39.5,0,1
2026-03-10 15:23:17.643458,-13.35,0.0,32.0,0,0
2026-03-10 15:23:22.643458,-13.54,10.21,37.29,0,1
2026-03-10 15:23:27.643458,-13.29,14.46,45.8,1,2
2026-03-10 15:23:32.643458,-12.7,16.59,50.54,1,2
2026-03-10 15:23:37.643458,-12.93,15.3,53.22,1,2
2026-03-10 15:23:42.643458,-13.45,9.21,37.52,0,1
2026-03-10 15:23:47.643458,-13.73,0.0,32.0,0,0
2026-03-10 15:23:52.643458,-13.46,11.45,31.76,0,1
2026-03-10 15:23:57.643458,-13.28,13.18,41.36,1,2
2026-03-10 15:24:02.643458,-13.2,0.0,32.0,0,0
2026-03-10 15:24:07.643458,-12.73,15.76,38.62,1,2
2026-03-10 15:24:12.643458,-13.7,0.0,32.0,0,0
2026-03-10 15:24:17.643458,-13.22,0.0,32.0,0,0
2026-03-10 15:24:22.643458,-13.04,17.96,38.7,1,2
2026-03-10 15:24:27.643458,-13.53,11.76,31.93,0,1
2026-03-10 15:24:32.643458,-13.12,17.31,54.86,1,2
2026-03-10 15:24:37.643458,-13.65,0.0,32.0,0,0
2026-03-10 15:24:42.643458,-13.48,0.0,32.0,0,0
2026-03-10 15:24:47.643458,-13.04,17.29,37.01,1,2
2026-03-10 15:24:52.643458,-13.3,0.0,32.0,0,0
2026-03-10 15:24:57.643458,-13.36,0.0,32.0,0,0
2026-03-10 15:25:02.643458,-13.05,15.78,53.65,1,2
2026-03-10 15:25:07.643458,-13.94,0.0,32.0,0,0
2026-03-10 15:25:12.643458,-12.82,13.81,42.12,1,2
2026-03-10 15:25:17.643458,-13.27,0.0,32.0,0,0
2026-03-10 15:25:22.643458,-13.08,16.07,37.26,1,2
2026-03-10 15:25:27.643458,-13.68,10.51,32.03,0,1
2026-03-10 15:25:32.643458,-13.14,17.85,43.6,1,2
2026-03-10 15:25:37.643458,-13.99,0.0,32.0,0,0
2026-03-10 15:25:42.643458,-13.67,10.82,32.51,0,1
2026-03-10 15:25:47.643458,-13.55,9.48,39.19,0,1
2026-03-10 15:25:52.643458,-12.83,16.49,47.76,1,2
2026-03-10 15:25:57.643458,-13.2,17.47,44.88,1,2
2026-03-10 15:26:02.643458,-13.96,0.0,32.0,0,0
2026-03-10 15:26:07.643458,-13.64,0.0,32.0,0,0
2026-03-10 15:26:12.643458,-13.36,10.11,36.35,0,1
2026-03-10 15:26:17.643458,-13.26,13.52,50.23,1,2
2026-03-10 15:26:22.643458,-13.33,11.38,39.28,0,1
2026-03-10 15:26:27.643458,-13.03,0.0,32.0,0,0
2026-03-10 15:26:32.643458,-13.38,10.2,33.69,0,1
2026-03-10 15:26:37.643458,-13.61,9.34,38.95,0,1
2026-03-10 15:26:42.643458,-13.31,11.98,34.32,0,1
2026-03-10 15:26:47.643458,-13.31,11.01,39.19,0,1
2026-03-10 15:26:52.643458,-13.04,0.0,32.0,0,0
2026-03-10 15:26:57.643458,-13.39,0.0,32.0,0,0
2026-03-10 15:27:02.643458,-13.19,16.06,43.25,1,2
2026-03-10 15:27:07.643458,-13.61,0.0,32.0,0,0
2026-03-10 15:27:12.643458,-13.4,11.89,36.63,0,1
2026-03-10 15:27:17.643458,-13.94,0.0,32.0,0,0
2026-03-10 15:27:22.643458,-13.43,10.38,38.35,0,1
2026-03-10 15:27:27.643458,-13.36,11.45,35.08,0,1
2026-03-10 15:27:32.643458,-13.01,0.0,32.0,0,0
2026-03-10 15:27:37.643458,-13.28,0.0,32.0,0,0
2026-03-10 15:27:42.643458,-13.05,15.41,53.53,1,2
2026-03-10 15:27:47.643458,-13.18,14.86,35.89,1,2
2026-03-10 15:27:52.643458,-13.19,0.0,32.0,0,0
2026-03-10 15:27:57.643458,-12.75,14.14,38.25,1,2
2026-03-10 15:28:02.643458,-13.35,11.44,30.91,0,1
2026-03-10 15:28:07.643458,-13.25,16.61,36.18,1,2
2026-03-10 15:28:12.643458,-13.48,9.26,30.85,0,1
2026-03-10 15:28:17.643458,-13.37,10.54,31.49,0,1
2026-03-10 15:28:22.643458,-12.94,17.36,52.91,1,2
2026-03-10 15:28:27.643458,-13.5,11.82,39.5,0,1
2026-03-10 15:28:32.643458,-12.88,17.64,48.98,1,2
2026-03-10 15:28:37.643458,-12.92,15.78,47.66,1,2
2026-03-10 15:28:42.643458,-13.49,0.0,32.0,0,0
2026-03-10 15:28:47.643458,-13.29,16.19,51.6,1,2
2026-03-10 15:28:52.643458,-13.06,15.1,41.48,1,2
2026-03-10 15:28:57.643458,-13.28,0.0,32.0,0,0
2026-03-10 15:29:02.643458,-13.78,0.0,32.0,0,0
2026-03-10 15:29:07.643458,-13.15,0.0,32.0,0,0
2026-03-10 15:29:12.643458,-13.23,17.28,46.28,1,2
2026-03-10 15:29:17.643458,-12.85,13.67,46.54,1,2
2026-03-10 15:29:22.643458,-13.54,0.0,32.0,0,0
2026-03-10 15:29:27.643458,-12.88,17.94,54.44,1,2
2026-03-10 15:29:32.643458,-13.94,0.0,32.0,0,0
2026-03-10 15:29:37.643458,-12.91,15.44,51.65,1,2
2026-03-10 15:29:42.643458,-12.81,15.37,46.91,1,2
2026-03-10 15:29:47.643458,-13.37,9.93,35.28,0,1
2026-03-10 15:29:52.643458,-13.92,0.0,32.0,0,0
2026-03-10 15:29:57.643458,-13.36,11.94,39.53,0,1
2026-03-10 15:30:02.643458,-12.93,16.1,54.14,1,2
2026-03-10 15:30:07.643458,-13.31,0.0,32.0,0,0
2026-03-10 15:30:12.643458,-13.55,11.2,33.22,0,1
2026-03-10 15:30:17.643458,-12.78,14.18,48.24,1,2
2026-03-10 15:30:22.643458,-13.32,11.82,30.39,0,1
2026-03-10 15:30:27.643458,-13.53,10.42,30.42,0,1
2026-03-10 15:30:32.643458,-12.72,15.38,40.63,1,2
2026-03-10 15:30:37.643458,-13.35,0.0,32.0,0,0
2026-03-10 15:30:42.643458,-13.55,0.0,32.0,0,0
2026-03-10 15:30:47.643458,-13.39,11.71,37.78,0,1
2026-03-10 15:30:52.643458,-13.46,9.31,38.52,0,1
2026-03-10 15:30:57.643458,-13.65,0.0,32.0,0,0
2026-03-10 15:31:02.643458,-13.68,9.82,33.72,0,1
2026-03-10 15:31:07.643458,-12.95,13.13,46.61,1,2
2026-03-10 15:31:12.643458,-12.71,17.32,45.6,1,2
2026-03-10 15:31:17.643458,-13.65,10.44,37.05,0,1
2026-03-10 15:31:22.643458,-12.83,14.26,50.82,1,2
2026-03-10 15:31:27.643458,-13.46,10.24,35.71,0,1
2026-03-10 15:31:32.643458,-13.65,11.76,39.6,0,1
2026-03-10 15:31:37.643458,-13.57,9.87,37.74,0,1
2026-03-10 15:31:42.643458,-13.52,9.69,37.93,0,1
2026-03-10 15:31:47.643458,-13.16,16.18,36.47,1,2
2026-03-10 15:31:52.643458,-13.16,0.0,32.0,0,0
2026-03-10 15:31:57.643458,-13.53,0.0,32.0,0,0
2026-03-10 15:32:02.643458,-12.83,13.76,41.82,1,2
2026-03-10 15:32:07.643458,-13.31,9.99,33.52,0,1
2026-03-10 15:32:12.643458,-12.8,17.87,53.89,1,2
2026-03-10 15:32:17.643458,-13.07,14.33,51.99,1,2
2026-03-10 15:32:22.643458,-13.31,9.32,30.86,0,1
2026-03-10 15:32:27.643458,-13.32,10.08,35.57,0,1
2026-03-10 15:32:32.643458,-13.68,9.12,34.92,0,1
2026-03-10 15:32:37.643458,-13.54,0.0,32.0,0,0
2026-03-10 15:32:42.643458,-13.34,11.68,31.85,0,1
2026-03-10 15:32:47.643458,-12.89,15.77,41.58,1,2
2026-03-10 15:32:52.643458,-12.82,13.97,48.5,1,2
2026-03-10 15:32:57.643458,-13.41,0.0,32.0,0,0
2026-03-10 15:33:02.643458,-12.85,14.84,52.52,1,2
2026-03-10 15:33:07.643458,-13.09,15.62,38.96,1,2
2026-03-10 15:33:12.643458,-13.89,0.0,32.0,0,0
2026-03-10 15:33:17.643458,-13.31,0.0,32.0,0,0
2026-03-10 15:33:22.643458,-13.22,0.0,32.0,0,0
2026-03-10 15:33:27.643458,-13.59,11.38,34.74,0,1
2026-03-10 15:33:32.643458,-13.58,10.02,32.74,0,1
2026-03-10 15:33:37.643458,-12.95,15.87,38.09,1,2
2026-03-10 15:33:42.643458,-12.78,16.33,45.47,1,2
2026-03-10 15:33:47.643458,-13.32,0.0,32.0,0,0
2026-03-10 15:33:52.643458,-13.34,0.0,32.0,0,0
2026-03-10 15:33:57.643458,-12.73,16.18,52.06,1,2
2026-03-10 15:34:02.643458,-13.19,17.02,35.91,1,2
2026-03-10 15:34:07.643458,-13.49,0.0,32.0,0,0
2026-03-10 15:34:12.643458,-13.41,10.52,35.0,0,1
2026-03-10 15:34:17.643458,-13.01,13.59,51.76,1,2
2026-03-10 15:34:22.643458,-13.78,0.0,32.0,0,0
2026-03-10 15:34:27.643458,-13.39,0.0,32.0,0,0
2026-03-10 15:34:32.643458,-13.03,17.48,39.18,1,2
2026-03-10 15:34:37.643458,-12.8,17.05,45.2,1,2
2026-03-10 15:34:42.643458,-13.87,0.0,32.0,0,0
2026-03-10 15:34:47.643458,-13.44,9.16,32.6,0,1
2026-03-10 15:34:52.643458,-12.81,13.83,51.76,1,2
2026-03-10 15:34:57.643458,-13.46,11.21,33.73,0,1
2026-03-10 15:35:02.643458,-12.89,13.25,38.98,1,2
2026-03-10 15:35:07.643458,-13.19,13.39,46.03,1,2
2026-03-10 15:35:12.643458,-12.83,13.04,42.97,1,2
2026-03-10 15:35:17.643458,-12.74,13.01,54.6,1,2
2026-03-10 15:35:22.643458,-13.45,9.8,30.9,0,1
2026-03-10 15:35:27.643458,-13.13,16.81,42.65,1,2
2026-03-10 15:35:32.643458,-13.01,14.68,37.96,1,2
2026-03-10 15:35:37.643458,-13.6,0.0,32.0,0,0
2026-03-10 15:35:42.643458,-13.34,10.85,30.02,0,1
2026-03-10 15:35:47.643458,-13.7,10.97,30.01,0,1
2026-03-10 15:35:52.643458,-13.3,11.74,34.75,0,1
2026-03-10 15:35:57.643458,-13.45,11.21,30.18,0,1
2026-03-10 15:36:02.643458,-13.64,0.0,32.0,0,0
2026-03-10 15:36:07.643458,-12.91,15.32,38.84,1,2
2026-03-10 15:36:12.643458,-13.47,11.13,34.3,0,1
2026-03-10 15:36:17.643458,-13.58,10.03,39.81,0,1
2026-03-10 15:36:22.643458,-13.2,0.0,32.0,0,0
2026-03-10 15:36:27.643458,-13.35,10.93,38.65,0,1
2026-03-10 15:36:32.643458,-13.11,14.05,49.85,1,2
2026-03-10 15:36:37.643458,-13.46,0.0,32.0,0,0
2026-03-10 15:36:42.643458,-12.96,14.83,43.27,1,2
2026-03-10 15:36:47.643458,-13.59,9.51,39.6,0,1
2026-03-10 15:36:52.643458,-13.43,10.37,31.38,0,1
2026-03-10 15:36:57.643458,-13.12,0.0,32.0,0,0
2026-03-10 15:37:02.643458,-13.2,0.0,32.0,0,0
2026-03-10 15:37:07.643458,-13.54,9.24,34.83,0,1
2026-03-10 15:37:12.643458,-13.83,0.0,32.0,0,0
2026-03-10 15:37:17.643458,-13.12,15.02,39.11,1,2
2026-03-10 15:37:22.643458,-13.39,9.74,31.29,0,1
2026-03-10 15:37:27.643458,-13.54,10.68,35.98,0,1
2026-03-10 15:37:32.643458,-13.36,9.13,31.01,0,1
2026-03-10 15:37:37.643458,-13.64,10.31,32.19,0,1
2026-03-10 15:37:42.643458,-12.71,14.43,49.64,1,2
2026-03-10 15:37:47.643458,-13.28,16.75,47.36,1,2
2026-03-10 15:37:52.643458,-13.08,17.69,36.22,1,2
2026-03-10 15:37:57.643458,-13.0,13.25,39.58,1,2
2026-03-10 15:38:02.643458,-13.54,0.0,32.0,0,0
2026-03-10 15:38:07.643458,-13.82,0.0,32.0,0,0
2026-03-10 15:38:12.643458,-13.15,15.93,38.72,1,2
2026-03-10 15:38:17.643458,-13.4,10.21,38.67,0,1
2026-03-10 15:38:22.643458,-13.34,9.56,35.0,0,1
2026-03-10 15:38:27.643458,-13.25,0.0,32.0,0,0
2026-03-10 15:38:32.643458,-13.55,0.0,32.0,0,0
2026-03-10 15:38:37.643458,-13.76,0.0,32.0,0,0
2026-03-10 15:38:42.643458,-13.11,17.24,37.34,1,2
2026-03-10 15:38:47.643458,-12.87,17.34,35.67,1,2
2026-03-10 15:38:52.643458,-13.69,11.19,36.9,0,1
2026-03-10 15:38:57.643458,-13.01,16.94,47.04,1,2
2026-03-10 15:39:02.643458,-13.9,0.0,32.0,0,0
2026-03-10 15:39:07.643458,-13.23,0.0,32.0,0,0
2026-03-10 15:39:12.643458,-12.84,14.5,49.65,1,2
2026-03-10 15:39:17.643458,-12.84,16.81,43.57,1,2
2026-03-10 15:39:22.643458,-12.89,14.55,37.9,1,2
2026-03-10 15:39:27.643458,-13.89,0.0,32.0,0,0
2026-03-10 15:39:32.643458,-13.6,0.0,32.0,0,0
2026-03-10 15:39:37.643458,-13.07,15.42,46.96,1,2
2026-03-10 15:39:42.643458,-13.21,0.0,32.0,0,0
2026-03-10 15:39:47.643458,-13.52,0.0,32.0,0,0
2026-03-10 15:39:52.643458,-13.24,0.0,32.0,0,0
2026-03-10 15:39:57.643458,-13.24,0.0,32.0,0,0
2026-03-10 15:40:02.643458,-13.6,0.0,32.0,0,0
2026-03-10 15:40:07.643458,-13.67,0.0,32.0,0,0
2026-03-10 15:40:12.643458,-13.3,9.04,38.04,0,1
2026-03-10 15:40:17.643458,-13.36,9.43,35.27,0,1
2026-03-10 15:40:22.643458,-13.55,10.61,39.51,0,1
2026-03-10 15:40:27.643458,-13.83,0.0,32.0,0,0
2026-03-10 15:40:32.643458,-13.33,0.0,32.0,0,0
2026-03-10 15:40:37.643458,-13.69,9.66,39.74,0,1
2026-03-10 15:40:42.643458,-13.77,0.0,32.0,0,0
2026-03-10 15:40:47.643458,-13.09,0.0,32.0,0,0
2026-03-10 15:40:52.643458,-13.61,0.0,32.0,0,0
2026-03-10 15:40:57.643458,-13.41,11.67,37.93,0,1
2026-03-10 15:41:02.643458,-13.07,0.0,32.0,0,0
2026-03-10 15:41:07.643458,-13.93,0.0,32.0,0,0
2026-03-10 15:41:12.643458,-13.65,0.0,32.0,0,0
2026-03-10 15:41:17.643458,-13.17,16.93,44.65,1,2
2026-03-10 15:41:22.643458,-13.38,11.75,30.0,0,1
2026-03-10 15:41:27.643458,-13.61,11.6,30.63,0,1
2026-03-10 15:41:32.643458,-12.85,17.42,50.53,1,2
2026-03-10 15:41:37.643458,-13.2,0.0,32.0,0,0
2026-03-10 15:41:42.643458,-13.65,0.0,32.0,0,0
2026-03-10 15:41:47.643458,-13.65,11.6,32.43,0,1
2026-03-10 15:41:52.643458,-13.39,0.0,32.0,0,0
2026-03-10 15:41:57.643458,-13.92,0.0,32.0,0,0
2026-03-10 15:42:02.643458,-13.7,9.25,33.93,0,1
2026-03-10 15:42:07.643458,-13.62,11.24,35.47,0,1
2026-03-10 15:42:12.643458,-13.23,13.45,53.69,1,2
2026-03-10 15:42:17.643458,-13.04,0.0,32.0,0,0
2026-03-10 15:42:22.643458,-12.72,13.5,44.02,1,2
2026-03-10 15:42:27.643458,-13.56,0.0,32.0,0,0
2026-03-10 15:42:32.643458,-13.28,15.76,41.62,1,2
2026-03-10 15:42:37.643458,-13.55,10.85,33.91,0,1
2026-03-10 15:42:42.643458,-13.02,16.35,38.73,1,2
2026-03-10 15:42:47.643458,-13.05,13.72,51.55,1,2
2026-03-10 15:42:52.643458,-13.47,0.0,32.0,0,0
2026-03-10 15:42:57.643458,-13.7,0.0,32.0,0,0
2026-03-10 15:43:02.643458,-13.82,0.0,32.0,0,0
2026-03-10 15:43:07.643458,-13.5,0.0,32.0,0,0
2026-03-10 15:43:12.643458,-13.06,16.03,37.65,1,2
2026-03-10 15:43:17.643458,-12.76,15.24,39.53,1,2
2026-03-10 15:43:22.643458,-12.79,16.47,41.26,1,2
2026-03-10 15:43:27.643458,-13.92,0.0,32.0,0,0
2026-03-10 15:43:32.643458,-13.56,0.0,32.0,0,0
2026-03-10 15:43:37.643458,-13.5,0.0,32.0,0,0
2026-03-10 15:43:42.643458,-13.63,10.63,32.83,0,1
2026-03-10 15:43:47.643458,-13.34,0.0,32.0,0,0
2026-03-10 15:43:52.643458,-13.66,11.4,31.73,0,1
2026-03-10 15:43:57.643458,-13.41,10.35,30.04,0,1
2026-03-10 15:44:02.643458,-13.35,9.03,38.65,0,1
2026-03-10 15:44:07.643458,-13.22,16.49,42.34,1,2
2026-03-10 15:44:12.643458,-13.2,14.59,40.3,1,2
2026-03-10 15:44:17.643458,-13.12,17.48,36.68,1,2
2026-03-10 15:44:22.643458,-13.84,0.0,32.0,0,0
2026-03-10 15:44:27.643458,-13.04,15.06,54.12,1,2
2026-03-10 15:44:32.643458,-13.66,11.31,35.08,0,1
2026-03-10 15:44:37.643458,-13.65,0.0,32.0,0,0
2026-03-10 15:44:42.643458,-12.89,17.73,53.94,1,2
2026-03-10 15:44:47.643458,-13.36,0.0,32.0,0,0
2026-03-10 15:44:52.643458,-12.87,16.23,47.77,1,2
2026-03-10 15:44:57.643458,-13.09,0.0,32.0,0,0
2026-03-10 15:45:02.643458,-13.84,0.0,32.0,0,0
2026-03-10 15:45:07.643458,-13.67,0.0,32.0,0,0
2026-03-10 15:45:12.643458,-13.23,13.96,40.99,1,2
2026-03-10 15:45:17.643458,-13.52,11.74,33.96,0,1
2026-03-10 15:45:22.643458,-13.14,0.0,32.0,0,0
2026-03-10 15:45:27.643458,-13.98,0.0,32.0,0,0
2026-03-10 15:45:32.643458,-13.0,17.27,54.71,1,2
2026-03-10 15:45:37.643458,-13.29,16.97,54.16,1,2
2026-03-10 15:45:42.643458,-13.76,0.0,32.0,0,0
2026-03-10 15:45:47.643458,-13.67,9.35,31.32,0,1
2026-03-10 15:45:52.643458,-13.93,0.0,32.0,0,0
2026-03-10 15:45:57.643458,-13.47,11.21,34.65,0,1
2026-03-10 15:46:02.643458,-13.9,0.0,32.0,0,0
2026-03-10 15:46:07.643458,-13.45,11.72,39.56,0,1
2026-03-10 15:46:12.643458,-13.19,13.56,45.63,1,2
2026-03-10 15:46:17.643458,-13.41,11.99,32.61,0,1
2026-03-10 15:46:22.643458,-13.18,0.0,32.0,0,0
2026-03-10 15:46:27.643458,-13.61,9.17,39.35,0,1
2026-03-10 15:46:32.643458,-13.48,9.4,35.81,0,1
2026-03-10 15:46:37.643458,-13.16,16.75,45.66,1,2
2026-03-10 15:46:42.643458,-13.82,0.0,32.0,0,0
2026-03-10 15:46:47.643458,-13.55,0.0,32.0,0,0
2026-03-10 15:46:52.643458,-13.84,0.0,32.0,0,0
2026-03-10 15:46:57.643458,-13.23,17.35,44.9,1,2
2026-03-10 15:47:02.643458,-13.29,0.0,32.0,0,0
2026-03-10 15:47:07.643458,-13.1,15.19,53.68,1,2
2026-03-10 15:47:12.643458,-13.5,9.01,38.61,0,1
2026-03-10 15:47:17.643458,-13.57,9.25,30.9,0,1
2026-03-10 15:47:22.643458,-13.84,0.0,32.0,0,0
2026-03-10 15:47:27.643458,-13.76,0.0,32.0,0,0
2026-03-10 15:47:32.643458,-13.16,16.16,44.35,1,2
2026-03-10 15:47:37.643458,-13.55,0.0,32.0,0,0
2026-03-10 15:47:42.643458,-13.31,0.0,32.0,0,0
2026-03-10 15:47:47.643458,-13.09,17.57,52.34,1,2
2026-03-10 15:47:52.643458,-13.61,0.0,32.0,0,0
2026-03-10 15:47:57.643458,-13.02,15.19,53.25,1,2
2026-03-10 15:48:02.643458,-13.06,17.52,49.4,1,2
2026-03-10 15:48:07.643458,-13.66,0.0,32.0,0,0
2026-03-10 15:48:12.643458,-13.16,15.27,46.43,1,2
2026-03-10 15:48:17.643458,-13.45,10.91,33.62,0,1
2026-03-10 15:48:22.643458,-12.87,15.06,46.4,1,2
2026-03-10 15:48:27.643458,-13.37,9.59,32.29,0,1
2026-03-10 15:48:32.643458,-13.25,0.0,32.0,0,0
2026-03-10 15:48:37.643458,-13.24,0.0,32.0,0,0
2026-03-10 15:48:42.643458,-13.37,0.0,32.0,0,0
2026-03-10 15:48:47.643458,-12.76,13.72,36.26,1,2
2026-03-10 15:48:52.643458,-13.52,10.24,31.75,0,1
2026-03-10 15:48:57.643458,-13.93,0.0,32.0,0,0
2026-03-10 15:49:02.643458,-13.48,10.21,37.28,0,1
2026-03-10 15:49:07.643458,-12.99,13.43,52.74,1,2
2026-03-10 15:49:12.643458,-13.42,10.96,38.01,0,1
2026-03-10 15:49:17.643458,-13.57,0.0,32.0,0,0
2026-03-10 15:49:22.643458,-13.38,0.0,32.0,0,0
2026-03-10 15:49:27.643458,-13.52,10.81,39.28,0,1
2026-03-10 15:49:32.643458,-12.88,15.36,51.65,1,2
2026-03-10 15:49:37.643458,-13.62,0.0,32.0,0,0
2026-03-10 15:49:42.643458,-13.34,10.92,30.42,0,1
2026-03-10 15:49:47.643458,-13.47,0.0,32.0,0,0
2026-03-10 15:49:52.643458,-13.23,0.0,32.0,0,0
2026-03-10 15:49:57.643458,-13.31,11.52,32.05,0,1
2026-03-10 15:50:02.643458,-13.13,0.0,32.0,0,0
2026-03-10 15:50:07.643458,-13.24,14.12,43.13,1,2
2026-03-10 15:50:12.643458,-13.59,10.93,30.37,0,1
2026-03-10 15:50:17.643458,-13.43,0.0,32.0,0,0
2026-03-10 15:50:22.643458,-13.4,10.78,35.21,0,1
2026-03-10 15:50:27.643458,-13.53,11.82,34.31,0,1
2026-03-10 15:50:32.643458,-12.96,17.81,52.23,1,2
2026-03-10 15:50:37.643458,-12.91,14.92,40.37,1,2
2026-03-10 15:50:42.643458,-13.54,10.44,34.35,0,1
2026-03-10 15:50:47.643458,-13.66,11.31,31.0,0,1
2026-03-10 15:50:52.643458,-13.52,11.61,33.71,0,1
2026-03-10 15:50:57.643458,-13.55,10.89,33.33,0,1
2026-03-10 15:51:02.643458,-12.73,15.13,54.04,1,2
2026-03-10 15:51:07.643458,-13.21,0.0,32.0,0,0
2026-03-10 15:51:12.643458,-12.81,17.96,45.92,1,2
2026-03-10 15:51:17.643458,-13.16,0.0,32.0,0,0
2026-03-10 15:51:22.643458,-13.28,15.04,37.58,1,2
2026-03-10 15:51:27.643458,-13.59,11.44,31.26,0,1
2026-03-10 15:51:32.643458,-13.68,11.29,37.49,0,1
2026-03-10 15:51:37.643458,-13.29,13.66,45.64,1,2
2026-03-10 15:51:42.643458,-13.23,17.1,53.52,1,2
2026-03-10 15:51:47.643458,-12.9,16.11,39.23,1,2
2026-03-10 15:51:52.643458,-13.85,0.0,32.0,0,0
2026-03-10 15:51:57.643458,-13.51,0.0,32.0,0,0
2026-03-10 15:52:02.643458,-13.63,0.0,32.0,0,0
2026-03-10 15:52:07.643458,-13.08,14.82,39.55,1,2
2026-03-10 15:52:12.643458,-12.76,16.9,46.39,1,2
2026-03-10 15:52:17.643458,-13.57,11.12,32.38,0,1
2026-03-10 15:52:22.643458,-13.7,0.0,32.0,0,0
2026-03-10 15:52:27.643458,-13.47,0.0,32.0,0,0
2026-03-10 15:52:32.643458,-13.77,0.0,32.0,0,0
2026-03-10 15:52:37.643458,-12.95,14.34,49.11,1,2
2026-03-10 15:52:42.643458,-13.45,11.07,31.82,0,1
2026-03-10 15:52:47.643458,-13.9,0.0,32.0,0,0
2026-03-10 15:52:52.643458,-13.92,0.0,32.0,0,0
2026-03-10 15:52:57.643458,-13.38,11.24,33.81,0,1
2026-03-10 15:53:02.643458,-13.48,10.23,37.65,0,1
2026-03-10 15:53:07.643458,-13.13,15.04,45.43,1,2
2026-03-10 15:53:12.643458,-13.29,0.0,32.0,0,0
2026-03-10 15:53:17.643458,-13.25,13.6,37.7,1,2
2026-03-10 15:53:22.643458,-13.11,0.0,32.0,0,0
2026-03-10 15:53:27.643458,-13.32,11.39,31.66,0,1
2026-03-10 15:53:32.643458,-12.92,14.6,52.27,1,2
2026-03-10 15:53:37.643458,-13.88,0.0,32.0,0,0
2026-03-10 15:53:42.643458,-13.74,0.0,32.0,0,0
2026-03-10 15:53:47.643458,-12.78,14.78,42.09,1,2
2026-03-10 15:53:52.643458,-13.66,11.55,36.14,0,1
2026-03-10 15:53:57.643458,-13.48,11.71,31.96,0,1
2026-03-10 15:54:02.643458,-13.32,0.0,32.0,0,0
2026-03-10 15:54:07.643458,-13.23,14.82,36.85,1,2
2026-03-10 15:54:12.643458,-13.92,0.0,32.0,0,0
2026-03-10 15:54:17.643458,-13.31,10.77,39.78,0,1
2026-03-10 15:54:22.643458,-13.61,11.05,34.11,0,1
2026-03-10 15:54:27.643458,-13.49,10.29,35.64,0,1
2026-03-10 15:54:32.643458,-13.14,0.0,32.0,0,0
2026-03-10 15:54:37.643458,-13.58,0.0,32.0,0,0
2026-03-10 15:54:42.643458,-13.56,9.4,35.02,0,1
2026-03-10 15:54:47.643458,-13.37,0.0,32.0,0,0
2026-03-10 15:54:52.643458,-13.9,0.0,32.0,0,0
2026-03-10 15:54:57.643458,-13.6,11.0,34.66,0,1
2026-03-10 15:55:02.643458,-13.2,15.35,42.54,1,2
2026-03-10 15:55:07.643458,-13.52,0.0,32.0,0,0
2026-03-10 15:55:12.643458,-12.87,16.88,50.06,1,2
2026-03-10 15:55:17.643458,-13.35,11.07,37.56,0,1
2026-03-10 15:55:22.643458,-13.54,10.16,30.26,0,1
2026-03-10 15:55:27.643458,-13.42,0.0,32.0,0,0
2026-03-10 15:55:32.643458,-13.65,11.68,38.74,0,1
2026-03-10 15:55:37.643458,-13.49,11.03,38.67,0,1
2026-03-10 15:55:42.643458,-13.19,0.0,32.0,0,0
2026-03-10 15:55:47.643458,-13.06,14.11,40.1,1,2
2026-03-10 15:55:52.643458,-13.13,0.0,32.0,0,0
2026-03-10 15:55:57.643458,-13.43,11.52,34.25,0,1
2026-03-10 15:56:02.643458,-13.51,9.21,34.92,0,1
2026-03-10 15:56:07.643458,-13.77,0.0,32.0,0,0
2026-03-10 15:56:12.643458,-13.25,14.1,54.56,1,2
2026-03-10 15:56:17.643458,-13.1,0.0,32.0,0,0
2026-03-10 15:56:22.643458,-13.05,17.96,53.56,1,2
2026-03-10 15:56:27.643458,-13.4,9.24,35.07,0,1
2026-03-10 15:56:32.643458,-13.52,10.01,38.4,0,1
2026-03-10 15:56:37.643458,-13.15,17.84,50.03,1,2
2026-03-10 15:56:42.643458,-13.61,10.43,32.77,0,1
2026-03-10 15:56:47.643458,-13.11,16.78,50.42,1,2
2026-03-10 15:56:52.643458,-13.47,11.93,35.29,0,1
2026-03-10 15:56:57.643458,-13.19,0.0,32.0,0,0
2026-03-10 15:57:02.643458,-13.5,9.89,31.4,0,1
2026-03-10 15:57:07.643458,-13.98,0.0,32.0,0,0
2026-03-10 15:57:12.643458,-13.36,11.94,30.65,0,1
2026-03-10 15:57:17.643458,-13.35,10.44,34.04,0,1
2026-03-10 15:57:22.643458,-13.58,0.0,32.0,0,0
2026-03-10 15:57:27.643458,-13.59,9.78,33.83,0,1
2026-03-10 15:57:32.643458,-13.6,10.47,36.16,0,1
2026-03-10 15:57:37.643458,-12.79,14.88,54.25,1,2
2026-03-10 15:57:42.643458,-13.16,0.0,32.0,0,0
2026-03-10 15:57:47.643458,-13.82,0.0,32.0,0,0
2026-03-10 15:57:52.643458,-13.23,13.69,52.84,1,2
2026-03-10 15:57:57.643458,-13.36,0.0,32.0,0,0
2026-03-10 15:58:02.643458,-13.16,0.0,32.0,0,0
2026-03-10 15:58:07.643458,-12.76,15.67,40.47,1,2
2026-03-10 15:58:12.643458,-13.57,0.0,32.0,0,0
2026-03-10 15:58:17.643458,-13.97,0.0,32.0,0,0
2026-03-10 15:58:22.643458,-13.38,0.0,32.0,0,0
2026-03-10 15:58:27.643458,-12.75,15.64,53.65,1,2
2026-03-10 15:58:32.643458,-13.12,0.0,32.0,0,0
2026-03-10 15:58:37.643458,-13.33,10.87,37.36,0,1
2026-03-10 15:58:42.643458,-13.61,0.0,32.0,0,0
2026-03-10 15:58:47.643458,-13.69,0.0,32.0,0,0
2026-03-10 15:58:52.643458,-13.32,0.0,32.0,0,0
2026-03-10 15:58:57.643458,-13.38,11.77,35.69,0,1
2026-03-10 15:59:02.643458,-13.49,11.93,33.86,0,1
2026-03-10 15:59:07.643458,-12.85,16.74,35.24,1,2
2026-03-10 15:59:12.643458,-13.43,0.0,32.0,0,0
2026-03-10 15:59:17.643458,-13.31,11.5,30.28,0,1
2026-03-10 15:59:22.643458,-13.4,0.0,32.0,0,0
2026-03-10 15:59:27.643458,-13.48,10.57,33.94,0,1
2026-03-10 15:59:32.643458,-12.74,13.46,50.49,1,2
2026-03-10 15:59:37.643458,-13.02,0.0,32.0,0,0
2026-03-10 15:59:42.643458,-12.94,14.65,54.91,1,2
2026-03-10 15:59:47.643458,-13.4,0.0,32.0,0,0
2026-03-10 15:59:52.643458,-13.98,0.0,32.0,0,0
2026-03-10 15:59:57.643458,-12.86,16.63,42.48,1,2
2026-03-10 16:00:02.643458,-12.9,16.49,43.1,1,2
2026-03-10 16:00:07.643458,-13.07,0.0,32.0,0,0
2026-03-10 16:00:12.643458,-12.71,14.58,48.11,1,2
2026-03-10 16:00:17.643458,-13.22,0.0,32.0,0,0
2026-03-10 16:00:22.643458,-12.81,16.9,53.03,1,2
2026-03-10 16:00:27.643458,-13.66,11.88,34.49,0,1
2026-03-10 16:00:32.643458,-14.0,0.0,32.0,0,0
2026-03-10 16:00:37.643458,-12.79,17.07,41.28,1,2
2026-03-10 16:00:42.643458,-13.36,9.67,39.84,0,1
2026-03-10 16:00:47.643458,-13.22,16.0,36.06,1,2
2026-03-10 16:00:52.643458,-13.25,17.49,43.66,1,2
2026-03-10 16:00:57.643458,-13.87,0.0,32.0,0,0
2026-03-10 16:01:02.643458,-12.88,17.26,37.97,1,2
2026-03-10 16:01:07.643458,-13.22,13.95,39.48,1,2
2026-03-10 16:01:12.643458,-13.23,14.62,38.52,1,2
2026-03-10 16:01:17.643458,-13.53,0.0,32.0,0,0
2026-03-10 16:01:22.643458,-13.18,15.76,40.4,1,2
2026-03-10 16:01:27.643458,-13.27,15.71,48.93,1,2
2026-03-10 16:01:32.643458,-13.58,9.17,36.89,0,1
2026-03-10 16:01:37.643458,-13.12,14.35,38.99,1,2
2026-03-10 16:01:42.643458,-12.91,13.07,37.72,1,2
2026-03-10 16:01:47.643458,-13.45,0.0,32.0,0,0
2026-03-10 16:01:52.643458,-13.57,11.1,34.3,0,1
2026-03-10 16:01:57.643458,-13.69,11.15,39.17,0,1
2026-03-10 16:02:02.643458,-13.43,10.97,30.3,0,1
2026-03-10 16:02:07.643458,-13.49,9.73,30.91,0,1
2026-03-10 16:02:12.643458,-13.12,17.72,53.76,1,2
2026-03-10 16:02:17.643458,-13.65,9.54,30.51,0,1
2026-03-10 16:02:22.643458,-13.94,0.0,32.0,0,0
2026-03-10 16:02:27.643458,-13.34,9.72,39.04,0,1
2026-03-10 16:02:32.643458,-12.74,17.25,51.0,1,2
2026-03-10 16:02:37.643458,-13.47,10.58,38.88,0,1
2026-03-10 16:02:42.643458,-13.19,16.06,40.42,1,2
2026-03-10 16:02:47.643458,-13.66,10.89,30.65,0,1
2026-03-10 16:02:52.643458,-13.4,10.8,31.49,0,1
2026-03-10 16:02:57.643458,-13.52,9.81,36.53,0,1
2026-03-10 16:03:02.643458,-13.64,9.49,38.92,0,1
2026-03-10 16:03:07.643458,-13.17,14.18,40.58,1,2
2026-03-10 16:03:12.643458,-13.54,10.61,36.34,0,1
2026-03-10 16:03:17.643458,-13.35,9.32,38.35,0,1
2026-03-10 16:03:22.643458,-13.61,9.66,36.23,0,1
2026-03-10 16:03:27.643458,-13.02,16.21,54.1,1,2
2026-03-10 16:03:32.643458,-13.32,10.66,35.97,0,1
2026-03-10 16:03:37.643458,-13.03,0.0,32.0,0,0
2026-03-10 16:03:42.643458,-12.74,17.75,42.3,1,2
2026-03-10 16:03:47.643458,-13.58,11.39,37.67,0,1
2026-03-10 16:03:52.643458,-13.67,9.46,36.33,0,1
2026-03-10 16:03:57.643458,-13.56,11.91,33.29,0,1
2026-03-10 16:04:02.643458,-13.62,11.92,37.93,0,1
2026-03-10 16:04:07.643458,-13.05,13.48,36.94,1,2
2026-03-10 16:04:12.643458,-12.93,14.37,35.48,1,2
2026-03-10 16:04:17.643458,-13.34,0.0,32.0,0,0
2026-03-10 16:04:22.643458,-13.37,9.36,32.09,0,1
2026-03-10 16:04:27.643458,-13.36,11.39,33.11,0,1
2026-03-10 16:04:32.643458,-13.07,0.0,32.0,0,0
2026-03-10 16:04:37.643458,-13.55,0.0,32.0,0,0
2026-03-10 16:04:42.643458,-13.36,10.43,31.25,0,1
2026-03-10 16:04:47.643458,-13.35,0.0,32.0,0,0
2026-03-10 16:04:52.643458,-13.55,11.89,35.47,0,1
2026-03-10 16:04:57.643458,-13.68,11.57,37.04,0,1
2026-03-10 16:05:02.643458,-13.15,14.88,35.72,1,2
2026-03-10 16:05:07.643458,-13.29,15.5,54.94,1,2
2026-03-10 16:05:12.643458,-13.29,17.65,45.42,1,2
2026-03-10 16:05:17.643458,-13.21,0.0,32.0,0,0
2026-03-10 16:05:22.643458,-13.03,15.41,47.8,1,2
2026-03-10 16:05:27.643458,-13.63,11.04,32.3,0,1
2026-03-10 16:05:32.643458,-13.48,11.7,38.28,0,1
2026-03-10 16:05:37.643458,-13.72,0.0,32.0,0,0
2026-03-10 16:05:42.643458,-12.89,17.12,52.59,1,2
2026-03-10 16:05:47.643458,-13.87,0.0,32.0,0,0
2026-03-10 16:05:52.643458,-13.9,0.0,32.0,0,0
2026-03-10 16:05:57.643458,-13.37,0.0,32.0,0,0
2026-03-10 16:06:02.643458,-13.14,0.0,32.0,0,0
2026-03-10 16:06:07.643458,-12.9,16.57,53.81,1,2
2026-03-10 16:06:12.643458,-13.18,14.6,39.78,1,2
2026-03-10 16:06:17.643458,-13.67,11.99,30.01,0,1
2026-03-10 16:06:22.643458,-12.9,14.08,52.73,1,2
2026-03-10 16:06:27.643458,-13.39,11.76,37.96,0,1
2026-03-10 16:06:32.643458,-13.01,14.35,48.45,1,2
2026-03-10 16:06:37.643458,-12.77,17.87,36.22,1,2
2026-03-10 16:06:42.643458,-13.11,0.0,32.0,0,0
2026-03-10 16:06:47.643458,-13.32,9.97,37.17,0,1
2026-03-10 16:06:52.643458,-12.71,16.55,46.98,1,2
2026-03-10 16:06:57.643458,-13.68,9.12,35.7,0,1
2026-03-10 16:07:02.643458,-13.41,0.0,32.0,0,0
2026-03-10 16:07:07.643458,-13.67,10.85,33.76,0,1
2026-03-10 16:07:12.643458,-13.21,16.45,52.9,1,2
2026-03-10 16:07:17.643458,-13.38,10.09,38.53,0,1
2026-03-10 16:07:22.643458,-13.36,10.82,30.25,0,1
2026-03-10 16:07:27.643458,-13.22,16.61,46.29,1,2
2026-03-10 16:07:32.643458,-13.68,0.0,32.0,0,0
2026-03-10 16:07:37.643458,-13.05,0.0,32.0,0,0
2026-03-10 16:07:42.643458,-13.61,10.09,37.46,0,1
2026-03-10 16:07:47.643458,-13.24,0.0,32.0,0,0
2026-03-10 16:07:52.643458,-13.28,13.86,51.52,1,2
2026-03-10 16:07:57.643458,-13.66,11.78,36.9,0,1
2026-03-10 16:08:02.643458,-13.9,0.0,32.0,0,0
2026-03-10 16:08:07.643458,-13.29,16.49,50.89,1,2
2026-03-10 16:08:12.643458,-13.67,11.31,38.57,0,1
2026-03-10 16:08:17.643458,-13.07,0.0,32.0,0,0
2026-03-10 16:08:22.643458,-13.24,16.65,36.94,1,2
2026-03-10 16:08:27.643458,-13.31,11.99,33.55,0,1
2026-03-10 16:08:32.643458,-13.51,10.73,32.15,0,1
2026-03-10 16:08:37.643458,-12.91,15.25,52.9,1,2
2026-03-10 16:08:42.643458,-13.64,10.37,33.92,0,1
2026-03-10 16:08:47.643458,-13.7,0.0,32.0,0,0
2026-03-10 16:08:52.643458,-13.43,11.06,35.16,0,1
2026-03-10 16:08:57.643458,-13.18,0.0,32.0,0,0
2026-03-10 16:09:02.643458,-13.48,10.03,32.31,0,1
2026-03-10 16:09:07.643458,-13.51,0.0,32.0,0,0
2026-03-10 16:09:12.643458,-13.39,10.66,36.28,0,1
2026-03-10 16:09:17.643458,-13.28,16.45,52.32,1,2
2026-03-10 16:09:22.643458,-13.3,15.96,41.59,1,2
2026-03-10 16:09:27.643458,-13.19,14.48,54.68,1,2
2026-03-10 16:09:32.643458,-13.55,10.55,35.45,0,1
2026-03-10 16:09:37.643458,-13.3,10.48,32.43,0,1
2026-03-10 16:09:42.643458,-13.51,9.88,31.0,0,1
2026-03-10 16:09:47.643458,-13.35,10.73,31.17,0,1
2026-03-10 16:09:52.643458,-13.33,11.04,32.02,0,1
2026-03-10 16:09:57.643458,-13.5,11.57,30.02,0,1
2026-03-10 16:10:02.643458,-13.43,10.62,30.77,0,1
2026-03-10 16:10:07.643458,-13.97,0.0,32.0,0,0
2026-03-10 16:10:12.643458,-13.24,0.0,32.0,0,0
2026-03-10 16:10:17.643458,-13.38,0.0,32.0,0,0
2026-03-10 16:10:22.643458,-13.37,10.44,35.78,0,1
2026-03-10 16:10:27.643458,-13.46,9.83,32.87,0,1
2026-03-10 16:10:32.643458,-13.25,0.0,32.0,0,0
2026-03-10 16:10:37.643458,-13.14,16.2,54.33,1,2
2026-03-10 16:10:42.643458,-13.59,0.0,32.0,0,0
2026-03-10 16:10:47.643458,-13.25,16.96,37.07,1,2
2026-03-10 16:10:52.643458,-13.35,11.69,33.24,0,1
2026-03-10 16:10:57.643458,-13.66,0.0,32.0,0,0
2026-03-10 16:11:02.643458,-13.5,0.0,32.0,0,0
2026-03-10 16:11:07.643458,-13.7,10.93,36.07,0,1
2026-03-10 16:11:12.643458,-13.04,0.0,32.0,0,0
2026-03-10 16:11:17.643458,-13.71,0.0,32.0,0,0
2026-03-10 16:11:22.643458,-13.74,0.0,32.0,0,0
2026-03-10 16:11:27.643458,-13.1,13.17,40.72,1,2
2026-03-10 16:11:32.643458,-13.09,15.63,39.72,1,2
2026-03-10 16:11:37.643458,-13.32,0.0,32.0,0,0
2026-03-10 16:11:42.643458,-12.76,13.46,54.04,1,2
2026-03-10 16:11:47.643458,-12.78,16.45,53.47,1,2
2026-03-10 16:11:52.643458,-13.47,0.0,32.0,0,0
2026-03-10 16:11:57.643458,-13.21,13.79,41.03,1,2
2026-03-10 16:12:02.643458,-13.61,10.85,34.72,0,1
2026-03-10 16:12:07.643458,-13.28,15.46,53.33,1,2
2026-03-10 16:12:12.643458,-13.37,11.63,33.94,0,1
2026-03-10 16:12:17.643458,-13.37,11.36,34.48,0,1
2026-03-10 16:12:22.643458,-12.82,17.18,43.3,1,2
2026-03-10 16:12:27.643458,-13.93,0.0,32.0,0,0
2026-03-10 16:12:32.643458,-13.05,15.85,47.15,1,2
2026-03-10 16:12:37.643458,-13.55,10.57,34.33,0,1
2026-03-10 16:12:42.643458,-13.71,0.0,32.0,0,0
2026-03-10 16:12:47.643458,-13.35,0.0,32.0,0,0
2026-03-10 16:12:52.643458,-13.44,9.55,34.95,0,1
2026-03-10 16:12:57.643458,-13.46,0.0,32.0,0,0
2026-03-10 16:13:02.643458,-13.22,15.33,44.51,1,2
2026-03-10 16:13:07.643458,-12.78,14.11,41.25,1,2
2026-03-10 16:13:12.643458,-13.69,10.16,39.58,0,1
2026-03-10 16:13:17.643458,-13.33,9.27,34.0,0,1
2026-03-10 16:13:22.643458,-13.46,11.36,39.82,0,1
2026-03-10 16:13:27.643458,-13.54,9.49,35.98,0,1
2026-03-10 16:13:32.643458,-13.16,14.44,50.09,1,2
2026-03-10 16:13:37.643458,-13.08,14.19,52.46,1,2
2026-03-10 16:13:42.643458,-13.8,0.0,32.0,0,0
2026-03-10 16:13:47.643458,-13.39,0.0,32.0,0,0
2026-03-10 16:13:52.643458,-12.76,15.91,36.03,1,2
2026-03-10 16:13:57.643458,-13.19,16.66,37.61,1,2
2026-03-10 16:14:02.643458,-13.65,10.09,32.17,0,1
2026-03-10 16:14:07.643458,-13.47,10.84,31.47,0,1
2026-03-10 16:14:12.643458,-13.44,0.0,32.0,0,0
2026-03-10 16:14:17.643458,-13.68,10.17,32.16,0,1
2026-03-10 16:14:22.643458,-12.99,14.45,49.23,1,2
2026-03-10 16:14:27.643458,-13.22,0.0,32.0,0,0
2026-03-10 16:14:32.643458,-12.9,16.17,49.6,1,2
2026-03-10 16:14:37.643458,-13.5,10.7,33.5,0,1
2026-03-10 16:14:42.643458,-13.11,0.0,32.0,0,0
2026-03-10 16:14:47.643458,-13.3,10.53,38.72,0,1
2026-03-10 16:14:52.643458,-13.36,0.0,32.0,0,0
2026-03-10 16:14:57.643458,-12.91,16.21,36.43,1,2
2026-03-10 16:15:02.643458,-12.96,17.68,37.31,1,2
2026-03-10 16:15:07.643458,-13.15,13.57,37.99,1,2
2026-03-10 16:15:12.643458,-13.63,0.0,32.0,0,0
2026-03-10 16:15:17.643458,-13.53,9.98,38.22,0,1
2026-03-10 16:15:22.643458,-13.9,0.0,32.0,0,0
2026-03-10 16:15:27.643458,-12.84,16.42,37.38,1,2
2026-03-10 16:15:32.643458,-12.77,14.07,54.62,1,2
2026-03-10 16:15:37.643458,-13.67,11.5,33.47,0,1
2026-03-10 16:15:42.643458,-12.95,14.18,40.73,1,2
2026-03-10 16:15:47.643458,-13.16,0.0,32.0,0,0
2026-03-10 16:15:52.643458,-12.92,14.3,46.28,1,2
2026-03-10 16:15:57.643458,-13.09,16.57,51.26,1,2
2026-03-10 16:16:02.643458,-13.2,14.07,42.47,1,2
2026-03-10 16:16:07.643458,-13.13,0.0,32.0,0,0
2026-03-10 16:16:12.643458,-12.74,16.47,41.59,1,2
2026-03-10 16:16:17.643458,-13.3,0.0,32.0,0,0
2026-03-10 16:16:22.643458,-13.5,0.0,32.0,0,0
2026-03-10 16:16:27.643458,-13.48,9.53,31.26,0,1
2026-03-10 16:16:32.643458,-13.14,15.1,37.12,1,2
2026-03-10 16:16:37.643458,-13.68,9.65,33.1,0,1
2026-03-10 16:16:42.643458,-13.66,0.0,32.0,0,0
2026-03-10 16:16:47.643458,-13.55,11.98,34.97,0,1
2026-03-10 16:16:52.643458,-13.22,16.4,43.73,1,2
2026-03-10 16:16:57.643458,-12.94,14.94,41.68,1,2
2026-03-10 16:17:02.643458,-13.37,0.0,32.0,0,0
2026-03-10 16:17:07.643458,-13.9,0.0,32.0,0,0
2026-03-10 16:17:12.643458,-13.61,10.98,32.81,0,1
2026-03-10 16:17:17.643458,-12.77,15.1,52.51,1,2
2026-03-10 16:17:22.643458,-13.23,15.32,45.66,1,2
2026-03-10 16:17:27.643458,-13.0,13.42,54.36,1,2
2026-03-10 16:17:32.643458,-13.55,11.82,32.07,0,1
2026-03-10 16:17:37.643458,-13.45,0.0,32.0,0,0
2026-03-10 16:17:42.643458,-13.01,15.4,35.77,1,2
2026-03-10 16:17:47.643458,-13.66,11.81,37.31,0,1
2026-03-10 16:17:52.643458,-12.81,16.23,42.72,1,2
2026-03-10 16:17:57.643458,-13.24,14.86,53.05,1,2
2026-03-10 16:18:02.643458,-13.11,0.0,32.0,0,0
2026-03-10 16:18:07.643458,-13.45,0.0,32.0,0,0
2026-03-10 16:18:12.643458,-13.39,0.0,32.0,0,0
2026-03-10 16:18:17.643458,-13.76,0.0,32.0,0,0
2026-03-10 16:18:22.643458,-13.89,0.0,32.0,0,0
2026-03-10 16:18:27.643458,-13.53,0.0,32.0,0,0
2026-03-10 16:18:32.643458,-13.27,0.0,32.0,0,0
2026-03-10 16:18:37.643458,-13.34,0.0,32.0,0,0
2026-03-10 16:18:42.643458,-12.81,15.54,53.94,1,2
2026-03-10 16:18:47.643458,-13.72,0.0,32.0,0,0
2026-03-10 16:18:52.643458,-13.48,0.0,32.0,0,0
2026-03-10 16:18:57.643458,-12.81,15.28,52.49,1,2
2026-03-10 16:19:02.643458,-13.22,14.01,36.85,1,2
2026-03-10 16:19:07.643458,-12.89,17.37,52.24,1,2
2026-03-10 16:19:12.643458,-13.03,16.29,52.39,1,2
2026-03-10 16:19:17.643458,-13.68,10.92,35.33,0,1
2026-03-10 16:19:22.643458,-13.3,15.83,50.1,1,2
2026-03-10 16:19:27.643458,-13.92,0.0,32.0,0,0
2026-03-10 16:19:32.643458,-13.68,11.82,36.35,0,1
2026-03-10 16:19:37.643458,-13.1,13.53,46.96,1,2
2026-03-10 16:19:42.643458,-12.86,15.56,50.25,1,2
2026-03-10 16:19:47.643458,-13.69,10.9,33.38,0,1
2026-03-10 16:19:52.643458,-13.34,11.52,36.74,0,1
2026-03-10 16:19:57.643458,-13.37,10.58,33.63,0,1
2026-03-10 16:20:02.643458,-12.97,15.28,50.25,1,2
2026-03-10 16:20:07.643458,-13.97,0.0,32.0,0,0
2026-03-10 16:20:12.643458,-12.94,13.99,48.7,1,2
2026-03-10 16:20:17.643458,-13.28,0.0,32.0,0,0
2026-03-10 16:20:22.643458,-12.92,13.7,40.92,1,2
2026-03-10 16:20:27.643458,-13.75,0.0,32.0,0,0
2026-03-10 16:20:32.643458,-13.68,11.22,31.27,0,1
2026-03-10 16:20:37.643458,-13.48,0.0,32.0,0,0
2026-03-10 16:20:42.643458,-12.81,16.26,49.07,1,2
2026-03-10 16:20:47.643458,-13.44,9.2,38.81,0,1
2026-03-10 16:20:52.643458,-13.12,17.94,49.89,1,2
2026-03-10 16:20:57.643458,-12.83,13.09,35.92,1,2
2026-03-10 16:21:02.643458,-13.92,0.0,32.0,0,0
2026-03-10 16:21:07.643458,-13.65,11.9,32.44,0,1
2026-03-10 16:21:12.643458,-13.99,0.0,32.0,0,0
2026-03-10 16:21:17.643458,-13.13,13.23,48.45,1,2
2026-03-10 16:21:22.643458,-13.2,16.43,45.17,1,2
2026-03-10 16:21:27.643458,-13.77,0.0,32.0,0,0
2026-03-10 16:21:32.643458,-13.78,0.0,32.0,0,0
2026-03-10 16:21:37.643458,-13.89,0.0,32.0,0,0
2026-03-10 16:21:42.643458,-13.42,10.44,37.98,0,1
2026-03-10 16:21:47.643458,-13.05,17.31,50.01,1,2
2026-03-10 16:21:52.643458,-12.94,14.58,48.11,1,2
2026-03-10 16:21:57.643458,-13.48,9.83,34.8,0,1
2026-03-10 16:22:02.643458,-12.92,15.18,36.27,1,2
2026-03-10 16:22:07.643458,-13.49,11.55,35.7,0,1
2026-03-10 16:22:12.643458,-13.1,17.41,50.41,1,2
2026-03-10 16:22:17.643458,-13.48,9.16,34.76,0,1
2026-03-10 16:22:22.643458,-13.3,0.0,32.0,0,0
2026-03-10 16:22:27.643458,-13.19,16.76,39.02,1,2
2026-03-10 16:22:32.643458,-13.22,16.11,49.31,1,2
2026-03-10 16:22:37.643458,-13.28,0.0,32.0,0,0
2026-03-10 16:22:42.643458,-13.56,11.95,32.25,0,1
2026-03-10 16:22:47.643458,-13.56,10.27,31.41,0,1
2026-03-10 16:22:52.643458,-13.37,10.78,30.08,0,1
2026-03-10 16:22:57.643458,-12.88,15.88,43.06,1,2
2026-03-10 16:23:02.643458,-13.62,0.0,32.0,0,0
2026-03-10 16:23:07.643458,-13.17,0.0,32.0,0,0
2026-03-10 16:23:12.643458,-13.33,0.0,32.0,0,0
2026-03-10 16:23:17.643458,-12.97,14.21,43.38,1,2
2026-03-10 16:23:22.643458,-13.73,0.0,32.0,0,0
2026-03-10 16:23:27.643458,-13.49,0.0,32.0,0,0
2026-03-10 16:23:32.643458,-13.03,14.8,43.99,1,2
2026-03-10 16:23:37.643458,-13.22,16.21,45.32,1,2
2026-03-10 16:23:42.643458,-12.95,15.65,50.22,1,2
2026-03-10 16:23:47.643458,-13.15,0.0,32.0,0,0
2026-03-10 16:23:52.643458,-13.5,11.6,36.65,0,1
2026-03-10 16:23:57.643458,-13.72,0.0,32.0,0,0
2026-03-10 16:24:02.643458,-13.04,0.0,32.0,0,0
2026-03-10 16:24:07.643458,-13.74,0.0,32.0,0,0
2026-03-10 16:24:12.643458,-13.55,9.31,31.84,0,1
2026-03-10 16:24:17.643458,-13.39,0.0,32.0,0,0
2026-03-10 16:24:22.643458,-13.04,0.0,32.0,0,0
2026-03-10 16:24:27.643458,-13.77,0.0,32.0,0,0
2026-03-10 16:24:32.643458,-13.14,15.3,53.18,1,2
2026-03-10 16:24:37.643458,-13.54,11.7,39.71,0,1
2026-03-10 16:24:42.643458,-13.67,10.14,32.48,0,1
2026-03-10 16:24:47.643458,-13.56,11.83,39.36,0,1
2026-03-10 16:24:52.643458,-13.41,0.0,32.0,0,0
2026-03-10 16:24:57.643458,-13.13,0.0,32.0,0,0
2026-03-10 16:25:02.643458,-13.54,0.0,32.0,0,0
2026-03-10 16:25:07.643458,-13.28,0.0,32.0,0,0
2026-03-10 16:25:12.643458,-13.54,9.0,35.46,0,1
2026-03-10 16:25:17.643458,-13.6,9.35,36.96,0,1
2026-03-10 16:25:22.643458,-13.22,0.0,32.0,0,0
2026-03-10 16:25:27.643458,-13.22,13.69,44.05,1,2
2026-03-10 16:25:32.643458,-12.92,16.06,40.64,1,2
2026-03-10 16:25:37.643458,-13.96,0.0,32.0,0,0
2026-03-10 16:25:42.643458,-13.56,11.98,33.76,0,1
2026-03-10 16:25:47.643458,-13.31,9.91,39.75,0,1
2026-03-10 16:25:52.643458,-12.91,16.16,54.3,1,2
2026-03-10 16:25:57.643458,-13.92,0.0,32.0,0,0
2026-03-10 16:26:02.643458,-12.83,16.97,44.52,1,2
2026-03-10 16:26:07.643458,-12.75,16.21,41.75,1,2
2026-03-10 16:26:12.643458,-13.43,11.81,37.89,0,1
2026-03-10 16:26:17.643458,-13.47,0.0,32.0,0,0
2026-03-10 16:26:22.643458,-12.95,14.17,52.35,1,2
2026-03-10 16:26:27.643458,-12.97,15.0,46.68,1,2
2026-03-10 16:26:32.643458,-13.19,17.9,40.31,1,2
2026-03-10 16:26:37.643458,-13.44,0.0,32.0,0,0
2026-03-10 16:26:42.643458,-13.64,0.0,32.0,0,0
2026-03-10 16:26:47.643458,-12.74,13.53,39.45,1,2
2026-03-10 16:26:52.643458,-13.16,17.51,42.42,1,2
2026-03-10 16:26:57.643458,-13.34,9.61,37.51,0,1
2026-03-10 16:27:02.643458,-13.21,0.0,32.0,0,0
2026-03-10 16:27:07.643458,-12.87,13.85,46.94,1,2
2026-03-10 16:27:12.643458,-13.09,0.0,32.0,0,0
2026-03-10 16:27:17.643458,-13.52,0.0,32.0,0,0
2026-03-10 16:27:22.643458,-13.18,13.56,42.94,1,2
2026-03-10 16:27:27.643458,-13.3,16.82,48.27,1,2
2026-03-10 16:27:32.643458,-13.22,13.3,47.21,1,2
2026-03-10 16:27:37.643458,-13.66,10.88,30.61,0,1
2026-03-10 16:27:42.643458,-13.5,10.06,36.94,0,1
2026-03-10 16:27:47.643458,-12.71,14.8,35.54,1,2
2026-03-10 16:27:52.643458,-13.39,11.74,30.3,0,1
2026-03-10 16:27:57.643458,-13.62,11.53,36.68,0,1
2026-03-10 16:28:02.643458,-13.26,0.0,32.0,0,0
2026-03-10 16:28:07.643458,-13.53,0.0,32.0,0,0
2026-03-10 16:28:12.643458,-12.94,13.62,37.44,1,2
2026-03-10 16:28:17.643458,-13.3,10.5,34.14,0,1
2026-03-10 16:28:22.643458,-13.71,0.0,32.0,0,0
2026-03-10 16:28:27.643458,-13.51,9.26,37.44,0,1
2026-03-10 16:28:32.643458,-13.84,0.0,32.0,0,0
2026-03-10 16:28:37.643458,-13.75,0.0,32.0,0,0
2026-03-10 16:28:42.643458,-13.67,10.52,37.47,0,1
2026-03-10 16:28:47.643458,-13.23,13.23,52.06,1,2
2026-03-10 16:28:52.643458,-13.5,9.08,36.65,0,1
2026-03-10 16:28:57.643458,-13.18,16.96,43.16,1,2
2026-03-10 16:29:02.643458,-13.27,15.51,41.98,1,2
2026-03-10 16:29:07.643458,-13.67,11.41,30.92,0,1
2026-03-10 16:29:12.643458,-13.42,9.38,32.19,0,1
2026-03-10 16:29:17.643458,-13.31,9.92,38.25,0,1
2026-03-10 16:29:22.643458,-13.46,10.76,34.53,0,1
2026-03-10 16:29:27.643458,-13.47,11.02,34.66,0,1
2026-03-10 16:29:32.643458,-13.55,10.58,37.35,0,1
2026-03-10 16:29:37.643458,-13.3,0.0,32.0,0,0
2026-03-10 16:29:42.643458,-13.47,10.97,39.51,0,1
2026-03-10 16:29:47.643458,-13.38,10.02,37.48,0,1
2026-03-10 16:29:52.643458,-12.86,17.34,46.32,1,2
2026-03-10 16:29:57.643458,-12.85,13.08,53.66,1,2
2026-03-10 16:30:02.643458,-12.79,13.64,43.87,1,2
2026-03-10 16:30:07.643458,-13.43,9.77,32.71,0,1
2026-03-10 16:30:12.643458,-13.41,11.69,37.47,0,1
2026-03-10 16:30:17.643458,-13.22,14.71,48.04,1,2
2026-03-10 16:30:22.643458,-13.3,9.25,33.63,0,1
2026-03-10 16:30:27.643458,-13.21,0.0,32.0,0,0
2026-03-10 16:30:32.643458,-12.81,15.54,48.52,1,2
2026-03-10 16:30:37.643458,-13.34,11.37,33.91,0,1
2026-03-10 16:30:42.643458,-13.16,14.6,51.92,1,2
2026-03-10 16:30:47.643458,-13.59,11.0,33.46,0,1
2026-03-10 16:30:52.643458,-13.47,9.3,33.93,0,1
2026-03-10 16:30:57.643458,-13.21,17.9,43.84,1,2
2026-03-10 16:31:02.643458,-13.36,10.13,39.51,0,1
2026-03-10 16:31:07.643458,-13.04,14.79,43.31,1,2
2026-03-10 16:31:12.643458,-13.16,17.25,35.67,1,2
2026-03-10 16:31:17.643458,-13.41,0.0,32.0,0,0
2026-03-10 16:31:22.643458,-13.16,13.95,40.46,1,2
2026-03-10 16:31:27.643458,-13.7,9.39,34.01,0,1
2026-03-10 16:31:32.643458,-13.41,0.0,32.0,0,0
2026-03-10 16:31:37.643458,-13.98,0.0,32.0,0,0
2026-03-10 16:31:42.643458,-12.92,14.55,38.24,1,2
2026-03-10 16:31:47.643458,-12.75,14.34,38.36,1,2
2026-03-10 16:31:52.643458,-13.05,17.51,36.91,1,2
2026-03-10 16:31:57.643458,-13.55,11.54,36.69,0,1
2026-03-10 16:32:02.643458,-13.12,15.83,46.37,1,2
2026-03-10 16:32:07.643458,-13.38,0.0,32.0,0,0
2026-03-10 16:32:12.643458,-13.72,0.0,32.0,0,0
2026-03-10 16:32:17.643458,-13.47,0.0,32.0,0,0
2026-03-10 16:32:22.643458,-13.09,17.11,46.38,1,2
2026-03-10 16:32:27.643458,-12.72,14.73,39.9,1,2
2026-03-10 16:32:32.643458,-12.9,14.99,54.69,1,2
2026-03-10 16:32:37.643458,-13.09,0.0,32.0,0,0
2026-03-10 16:32:42.643458,-13.48,0.0,32.0,0,0
2026-03-10 16:32:47.643458,-13.58,11.68,32.16,0,1
2026-03-10 16:32:52.643458,-13.06,0.0,32.0,0,0
2026-03-10 16:32:57.643458,-12.9,16.67,36.53,1,2
2026-03-10 16:33:02.643458,-13.08,13.82,52.24,1,2
2026-03-10 16:33:07.643458,-13.03,0.0,32.0,0,0
2026-03-10 16:33:12.643458,-13.58,11.26,33.4,0,1
2026-03-10 16:33:17.643458,-13.19,17.85,52.34,1,2
2026-03-10 16:33:22.643458,-13.53,10.56,35.2,0,1
2026-03-10 16:33:27.643458,-12.71,14.45,54.84,1,2
2026-03-10 16:33:32.643458,-13.54,11.5,32.97,0,1
2026-03-10 16:33:37.643458,-12.9,17.34,52.28,1,2
2026-03-10 16:33:42.643458,-13.42,9.1,31.32,0,1
2026-03-10 16:33:47.643458,-13.76,0.0,32.0,0,0
2026-03-10 16:33:52.643458,-13.15,17.47,52.8,1,2
2026-03-10 16:33:57.643458,-13.59,10.25,36.93,0,1
2026-03-10 16:34:02.643458,-13.46,10.4,38.66,0,1
2026-03-10 16:34:07.643458,-13.04,17.02,49.91,1,2
2026-03-10 16:34:12.643458,-13.43,9.05,33.42,0,1
2026-03-10 16:34:17.643458,-13.55,0.0,32.0,0,0
2026-03-10 16:34:22.643458,-13.12,13.92,51.2,1,2
2026-03-10 16:34:27.643458,-13.21,13.62,45.71,1,2
2026-03-10 16:34:32.643458,-13.9,0.0,32.0,0,0
2026-03-10 16:34:37.643458,-13.84,0.0,32.0,0,0
2026-03-10 16:34:42.643458,-13.47,0.0,32.0,0,0
2026-03-10 16:34:47.643458,-13.65,0.0,32.0,0,0
2026-03-10 16:34:52.643458,-12.92,17.07,50.19,1,2
2026-03-10 16:34:57.643458,-13.34,0.0,32.0,0,0
2026-03-10 16:35:02.643458,-12.86,14.6,54.25,1,2
2026-03-10 16:35:07.643458,-13.71,0.0,32.0,0,0
2026-03-10 16:35:12.643458,-13.46,11.78,37.3,0,1
2026-03-10 16:35:17.643458,-13.64,0.0,32.0,0,0
2026-03-10 16:35:22.643458,-13.47,0.0,32.0,0,0
2026-03-10 16:35:27.643458,-13.62,11.96,31.14,0,1
2026-03-10 16:35:32.643458,-13.25,16.62,37.68,1,2
2026-03-10 16:35:37.643458,-13.98,0.0,32.0,0,0
2026-03-10 16:35:42.643458,-13.9,0.0,32.0,0,0
2026-03-10 16:35:47.643458,-13.53,10.21,38.29,0,1
2026-03-10 16:35:52.643458,-13.29,0.0,32.0,0,0
2026-03-10 16:35:57.643458,-13.17,0.0,32.0,0,0
2026-03-10 16:36:02.643458,-13.96,0.0,32.0,0,0
2026-03-10 16:36:07.643458,-12.75,15.98,43.84,1,2
2026-03-10 16:36:12.643458,-13.37,10.69,34.98,0,1
2026-03-10 16:36:17.643458,-13.29,0.0,32.0,0,0
2026-03-10 16:36:22.643458,-13.29,15.2,48.72,1,2
2026-03-10 16:36:27.643458,-13.32,9.38,38.34,0,1
2026-03-10 16:36:32.643458,-13.91,0.0,32.0,0,0
2026-03-10 16:36:37.643458,-13.54,0.0,32.0,0,0
2026-03-10 16:36:42.643458,-13.29,14.31,52.35,1,2
2026-03-10 16:36:47.643458,-13.14,16.31,43.99,1,2
2026-03-10 16:36:52.643458,-13.11,16.46,42.16,1,2
2026-03-10 16:36:57.643458,-13.56,9.79,38.13,0,1
2026-03-10 16:37:02.643458,-13.39,10.99,33.75,0,1
2026-03-10 16:37:07.643458,-13.13,14.03,50.27,1,2
2026-03-10 16:37:12.643458,-13.37,0.0,32.0,0,0
2026-03-10 16:37:17.643458,-12.79,17.22,37.19,1,2
2026-03-10 16:37:22.643458,-13.04,0.0,32.0,0,0
2026-03-10 16:37:27.643458,-13.56,10.36,39.83,0,1
2026-03-10 16:37:32.643458,-12.97,16.09,42.97,1,2
2026-03-10 16:37:37.643458,-13.48,10.76,39.87,0,1
2026-03-10 16:37:42.643458,-13.63,0.0,32.0,0,0
2026-03-10 16:37:47.643458,-13.34,0.0,32.0,0,0
2026-03-10 16:37:52.643458,-13.05,14.9,41.61,1,2
2026-03-10 16:37:57.643458,-13.12,0.0,32.0,0,0
2026-03-10 16:38:02.643458,-13.53,9.48,37.77,0,1
2026-03-10 16:38:07.643458,-13.27,17.67,53.85,1,2
2026-03-10 16:38:12.643458,-13.45,0.0,32.0,0,0
2026-03-10 16:38:17.643458,-13.66,10.97,30.72,0,1
2026-03-10 16:38:22.643458,-12.94,13.52,50.93,1,2
2026-03-10 16:38:27.643458,-13.1,17.48,35.68,1,2
2026-03-10 16:38:32.643458,-13.47,0.0,32.0,0,0
2026-03-10 16:38:37.643458,-13.5,9.24,34.76,0,1
2026-03-10 16:38:42.643458,-12.83,15.3,41.72,1,2
2026-03-10 16:38:47.643458,-12.8,16.45,51.32,1,2
2026-03-10 16:38:52.643458,-13.34,10.43,30.99,0,1
2026-03-10 16:38:57.643458,-12.86,14.27,41.33,1,2
2026-03-10 16:39:02.643458,-13.65,0.0,32.0,0,0
2026-03-10 16:39:07.643458,-13.2,13.11,48.02,1,2
2026-03-10 16:39:12.643458,-13.3,17.61,47.99,1,2
2026-03-10 16:39:17.643458,-13.6,10.18,36.97,0,1
2026-03-10 16:39:22.643458,-13.36,11.75,31.28,0,1
2026-03-10 16:39:27.643458,-13.55,9.81,35.69,0,1
2026-03-10 16:39:32.643458,-13.43,0.0,32.0,0,0
2026-03-10 16:39:37.643458,-13.24,14.23,41.88,1,2
2026-03-10 16:39:42.643458,-13.2,17.5,42.7,1,2
2026-03-10 16:39:47.643458,-13.38,10.55,31.3,0,1
2026-03-10 16:39:52.643458,-13.31,0.0,32.0,0,0
2026-03-10 16:39:57.643458,-13.16,0.0,32.0,0,0
2026-03-10 16:40:02.643458,-13.5,9.16,38.03,0,1
2026-03-10 16:40:07.643458,-12.86,13.53,41.4,1,2
2026-03-10 16:40:12.643458,-13.14,0.0,32.0,0,0
2026-03-10 16:40:17.643458,-13.46,10.24,31.26,0,1
2026-03-10 16:40:22.643458,-13.12,0.0,32.0,0,0
2026-03-10 16:40:27.643458,-13.41,11.8,30.67,0,1
2026-03-10 16:40:32.643458,-13.12,17.24,46.34,1,2
2026-03-10 16:40:37.643458,-13.53,9.79,38.77,0,1
2026-03-10 16:40:42.643458,-13.38,0.0,32.0,0,0
2026-03-10 16:40:47.643458,-13.27,0.0,32.0,0,0
2026-03-10 16:40:52.643458,-13.56,9.5,33.99,0,1
2026-03-10 16:40:57.643458,-13.21,0.0,32.0,0,0
2026-03-10 16:41:02.643458,-13.52,11.34,35.5,0,1
2026-03-10 16:41:07.643458,-13.63,9.73,36.41,0,1
2026-03-10 16:41:12.643458,-13.05,0.0,32.0,0,0
2026-03-10 16:41:17.643458,-13.09,16.71,37.31,1,2
2026-03-10 16:41:22.643458,-12.81,14.56,51.28,1,2
2026-03-10 16:41:27.643458,-13.34,10.65,35.74,0,1
2026-03-10 16:41:32.643458,-13.43,11.62,39.22,0,1
2026-03-10 16:41:37.643458,-13.74,0.0,32.0,0,0
2026-03-10 16:41:42.643458,-13.28,0.0,32.0,0,0
2026-03-10 16:41:47.643458,-13.33,9.32,36.67,0,1
2026-03-10 16:41:52.643458,-13.37,11.96,33.48,0,1
2026-03-10 16:41:57.643458,-12.86,16.24,52.68,1,2
2026-03-10 16:42:02.643458,-13.61,10.64,30.53,0,1
2026-03-10 16:42:07.643458,-13.23,14.84,51.62,1,2
2026-03-10 16:42:12.643458,-12.74,14.48,53.98,1,2
2026-03-10 16:42:17.643458,-13.79,0.0,32.0,0,0
2026-03-10 16:42:22.643458,-13.4,11.08,39.17,0,1
2026-03-10 16:42:27.643458,-12.84,17.04,49.86,1,2
2026-03-10 16:42:32.643458,-13.68,10.53,33.21,0,1
2026-03-10 16:42:37.643458,-13.53,9.64,35.65,0,1
2026-03-10 16:42:42.643458,-13.37,11.25,30.48,0,1
2026-03-10 16:42:47.643458,-13.05,15.3,38.91,1,2
2026-03-10 16:42:52.643458,-13.29,14.9,43.64,1,2
2026-03-10 16:42:57.643458,-13.02,14.67,37.98,1,2
2026-03-10 16:43:02.643458,-13.06,0.0,32.0,0,0
2026-03-10 16:43:07.643458,-13.56,0.0,32.0,0,0
2026-03-10 16:43:12.643458,-12.93,15.49,44.14,1,2
2026-03-10 16:43:17.643458,-13.49,9.32,34.71,0,1
2026-03-10 16:43:22.643458,-13.42,11.29,36.42,0,1
2026-03-10 16:43:27.643458,-13.58,9.13,36.96,0,1
2026-03-10 16:43:32.643458,-13.67,0.0,32.0,0,0
2026-03-10 16:43:37.643458,-12.71,13.09,50.5,1,2
2026-03-10 16:43:42.643458,-12.81,17.96,36.37,1,2
2026-03-10 16:43:47.643458,-12.8,14.83,35.24,1,2
2026-03-10 16:43:52.643458,-13.13,0.0,32.0,0,0
2026-03-10 16:43:57.643458,-13.44,10.54,33.9,0,1
2026-03-10 16:44:02.643458,-12.84,17.04,42.87,1,2
2026-03-10 16:44:07.643458,-13.94,0.0,32.0,0,0
2026-03-10 16:44:12.643458,-13.65,9.55,40.0,0,1
2026-03-10 16:44:17.643458,-13.35,0.0,32.0,0,0
2026-03-10 16:44:22.643458,-12.74,16.39,39.07,1,2
2026-03-10 16:44:27.643458,-13.08,0.0,32.0,0,0
2026-03-10 16:44:32.643458,-13.26,15.19,44.54,1,2
2026-03-10 16:44:37.643458,-13.15,16.97,50.68,1,2
2026-03-10 16:44:42.643458,-13.12,13.74,53.54,1,2
2026-03-10 16:44:47.643458,-13.36,11.38,37.96,0,1
2026-03-10 16:44:52.643458,-13.68,10.94,38.49,0,1
2026-03-10 16:44:57.643458,-13.65,9.59,38.19,0,1
2026-03-10 16:45:02.643458,-13.77,0.0,32.0,0,0
2026-03-10 16:45:07.643458,-13.55,0.0,32.0,0,0
2026-03-10 16:45:12.643458,-13.4,10.71,30.91,0,1
2026-03-10 16:45:17.643458,-13.87,0.0,32.0,0,0
2026-03-10 16:45:22.643458,-13.27,14.65,41.66,1,2
2026-03-10 16:45:27.643458,-13.26,0.0,32.0,0,0
2026-03-10 16:45:32.643458,-12.99,14.53,49.66,1,2
2026-03-10 16:45:37.643458,-12.96,17.09,38.93,1,2
2026-03-10 16:45:42.643458,-13.07,15.69,41.6,1,2
2026-03-10 16:45:47.643458,-13.48,0.0,32.0,0,0
2026-03-10 16:45:52.643458,-12.86,17.58,52.9,1,2
2026-03-10 16:45:57.643458,-13.91,0.0,32.0,0,0
2026-03-10 16:46:02.643458,-13.29,15.86,35.46,1,2
2026-03-10 16:46:07.643458,-13.1,0.0,32.0,0,0
2026-03-10 16:46:12.643458,-13.02,13.25,52.12,1,2
2026-03-10 16:46:17.643458,-13.9,0.0,32.0,0,0
2026-03-10 16:46:22.643458,-13.49,0.0,32.0,0,0
2026-03-10 16:46:27.643458,-12.82,16.53,38.03,1,2
2026-03-10 16:46:32.643458,-13.48,11.77,33.22,0,1
2026-03-10 16:46:37.643458,-13.57,9.0,39.96,0,1
2026-03-10 16:46:42.643458,-13.1,13.05,54.91,1,2
2026-03-10 16:46:47.643458,-13.28,13.81,42.7,1,2
2026-03-10 16:46:52.643458,-13.41,10.88,30.3,0,1
2026-03-10 16:46:57.643458,-13.25,17.91,37.46,1,2
2026-03-10 16:47:02.643458,-13.53,0.0,32.0,0,0
2026-03-10 16:47:07.643458,-13.17,16.39,46.76,1,2
2026-03-10 16:47:12.643458,-13.97,0.0,32.0,0,0
2026-03-10 16:47:17.643458,-13.65,10.55,37.5,0,1
2026-03-10 16:47:22.643458,-13.47,0.0,32.0,0,0
2026-03-10 16:47:27.643458,-13.64,9.96,37.75,0,1
2026-03-10 16:47:32.643458,-12.77,15.87,35.53,1,2
2026-03-10 16:47:37.643458,-13.49,0.0,32.0,0,0
2026-03-10 16:47:42.643458,-12.73,15.02,48.74,1,2
2026-03-10 16:47:47.643458,-13.41,0.0,32.0,0,0
2026-03-10 16:47:52.643458,-13.5,0.0,32.0,0,0
2026-03-10 16:47:57.643458,-13.53,0.0,32.0,0,0
2026-03-10 16:48:02.643458,-13.91,0.0,32.0,0,0
2026-03-10 16:48:07.643458,-13.09,0.0,32.0,0,0
2026-03-10 16:48:12.643458,-13.9,0.0,32.0,0,0
2026-03-10 16:48:17.643458,-13.51,11.76,32.82,0,1
2026-03-10 16:48:22.643458,-13.49,0.0,32.0,0,0
2026-03-10 16:48:27.643458,-13.27,0.0,32.0,0,0
2026-03-10 16:48:32.643458,-13.26,16.88,35.26,1,2
2026-03-10 16:48:37.643458,-13.53,10.39,39.08,0,1
2026-03-10 16:48:42.643458,-13.02,0.0,32.0,0,0
2026-03-10 16:48:47.643458,-13.06,0.0,32.0,0,0
2026-03-10 16:48:52.643458,-13.1,17.06,37.76,1,2
2026-03-10 16:48:57.643458,-13.03,13.64,52.81,1,2
2026-03-10 16:49:02.643458,-13.42,0.0,32.0,0,0
2026-03-10 16:49:07.643458,-13.45,0.0,32.0,0,0
2026-03-10 16:49:12.643458,-12.76,16.75,51.05,1,2
2026-03-10 16:49:17.643458,-13.53,11.68,30.58,0,1
2026-03-10 16:49:22.643458,-13.54,11.97,32.79,0,1
2026-03-10 16:49:27.643458,-13.62,0.0,32.0,0,0
2026-03-10 16:49:32.643458,-12.76,16.81,50.75,1,2
2026-03-10 16:49:37.643458,-13.6,11.87,36.45,0,1
2026-03-10 16:49:42.643458,-13.41,0.0,32.0,0,0
2026-03-10 16:49:47.643458,-12.97,14.65,44.34,1,2
2026-03-10 16:49:52.643458,-13.86,0.0,32.0,0,0
2026-03-10 16:49:57.643458,-13.85,0.0,32.0,0,0
2026-03-10 16:50:02.643458,-13.71,0.0,32.0,0,0
2026-03-10 16:50:07.643458,-13.58,9.95,32.39,0,1
2026-03-10 16:50:12.643458,-12.83,15.98,50.61,1,2
2026-03-10 16:50:17.643458,-13.39,9.07,35.48,0,1
2026-03-10 16:50:22.643458,-12.8,13.21,41.9,1,2
2026-03-10 16:50:27.643458,-13.27,0.0,32.0,0,0
2026-03-10 16:50:32.643458,-13.52,11.48,33.36,0,1
2026-03-10 16:50:37.643458,-13.51,11.86,30.21,0,1
2026-03-10 16:50:42.643458,-13.91,0.0,32.0,0,0
2026-03-10 16:50:47.643458,-13.59,11.96,36.13,0,1
2026-03-10 16:50:52.643458,-13.87,0.0,32.0,0,0
2026-03-10 16:50:57.643458,-13.51,11.67,33.59,0,1
2026-03-10 16:51:02.643458,-13.02,0.0,32.0,0,0
2026-03-10 16:51:07.643458,-13.59,11.85,30.9,0,1
2026-03-10 16:51:12.643458,-13.49,0.0,32.0,0,0
2026-03-10 16:51:17.643458,-13.78,0.0,32.0,0,0
2026-03-10 16:51:22.643458,-13.33,11.11,36.29,0,1
2026-03-10 16:51:27.643458,-12.72,17.02,40.38,1,2
2026-03-10 16:51:32.643458,-12.78,13.21,52.55,1,2
2026-03-10 16:51:37.643458,-13.52,0.0,32.0,0,0
2026-03-10 16:51:42.643458,-12.83,14.62,50.26,1,2
2026-03-10 16:51:47.643458,-12.75,15.33,52.56,1,2
2026-03-10 16:51:52.643458,-13.55,10.78,37.85,0,1
2026-03-10 16:51:57.643458,-13.62,11.58,32.81,0,1
2026-03-10 16:52:02.643458,-13.35,0.0,32.0,0,0
2026-03-10 16:52:07.643458,-13.47,9.01,39.24,0,1
2026-03-10 16:52:12.643458,-13.48,11.49,39.68,0,1
2026-03-10 16:52:17.643458,-13.45,0.0,32.0,0,0
2026-03-10 16:52:22.643458,-13.11,14.46,36.76,1,2
2026-03-10 16:52:27.643458,-13.47,0.0,32.0,0,0
2026-03-10 16:52:32.643458,-12.72,17.89,48.38,1,2
2026-03-10 16:52:37.643458,-13.31,0.0,32.0,0,0
2026-03-10 16:52:42.643458,-13.21,0.0,32.0,0,0
2026-03-10 16:52:47.643458,-13.03,14.92,51.76,1,2
2026-03-10 16:52:52.643458,-13.01,0.0,32.0,0,0
2026-03-10 16:52:57.643458,-13.62,10.47,34.52,0,1
2026-03-10 16:53:02.643458,-13.86,0.0,32.0,0,0
2026-03-10 16:53:07.643458,-13.42,10.32,34.82,0,1
2026-03-10 16:53:12.643458,-12.74,14.52,40.53,1,2
2026-03-10 16:53:17.643458,-13.0,16.63,43.37,1,2
2026-03-10 16:53:22.643458,-13.52,11.17,36.47,0,1
2026-03-10 16:53:27.643458,-13.53,10.93,32.57,0,1
2026-03-10 16:53:32.643458,-13.43,10.72,33.92,0,1
2026-03-10 16:53:37.643458,-13.14,0.0,32.0,0,0
2026-03-10 16:53:42.643458,-13.78,0.0,32.0,0,0
2026-03-10 16:53:47.643458,-13.06,15.92,54.46,1,2
2026-03-10 16:53:52.643458,-13.02,17.31,36.71,1,2
2026-03-10 16:53:57.643458,-12.94,13.58,51.67,1,2
2026-03-10 16:54:02.643458,-13.37,10.23,32.95,0,1
2026-03-10 16:54:07.643458,-13.64,10.88,36.79,0,1
2026-03-10 16:54:12.643458,-12.93,16.18,50.69,1,2
2026-03-10 16:54:17.643458,-12.88,15.17,35.55,1,2
2026-03-10 16:54:22.643458,-13.44,11.75,36.89,0,1
2026-03-10 16:54:27.643458,-13.61,0.0,32.0,0,0
2026-03-10 16:54:32.643458,-13.46,10.14,38.49,0,1
2026-03-10 16:54:37.643458,-13.44,0.0,32.0,0,0
2026-03-10 16:54:42.643458,-13.58,9.64,38.52,0,1
2026-03-10 16:54:47.643458,-13.61,10.02,37.3,0,1
2026-03-10 16:54:52.643458,-13.27,0.0,32.0,0,0
2026-03-10 16:54:57.643458,-13.51,11.76,32.51,0,1
2026-03-10 16:55:02.643458,-13.16,14.66,38.3,1,2
2026-03-10 16:55:07.643458,-13.66,0.0,32.0,0,0
2026-03-10 16:55:12.643458,-13.69,11.67,30.68,0,1
2026-03-10 16:55:17.643458,-13.65,0.0,32.0,0,0
2026-03-10 16:55:22.643458,-13.6,9.65,33.09,0,1
2026-03-10 16:55:27.643458,-12.81,16.06,40.48,1,2
2026-03-10 16:55:32.643458,-13.32,11.12,31.42,0,1
2026-03-10 16:55:37.643458,-13.42,10.54,35.52,0,1
2026-03-10 16:55:42.643458,-13.12,14.25,53.4,1,2
2026-03-10 16:55:47.643458,-13.51,0.0,32.0,0,0
2026-03-10 16:55:52.643458,-13.0,16.72,48.06,1,2
2026-03-10 16:55:57.643458,-12.97,13.14,41.62,1,2
2026-03-10 16:56:02.643458,-13.69,10.38,37.3,0,1
2026-03-10 16:56:07.643458,-13.8,0.0,32.0,0,0
2026-03-10 16:56:12.643458,-13.32,0.0,32.0,0,0
2026-03-10 16:56:17.643458,-12.81,14.51,36.92,1,2
2026-03-10 16:56:22.643458,-13.89,0.0,32.0,0,0
2026-03-10 16:56:27.643458,-13.01,15.34,38.04,1,2
2026-03-10 16:56:32.643458,-12.88,17.0,39.54,1,2
2026-03-10 16:56:37.643458,-12.84,15.98,37.01,1,2
2026-03-10 16:56:42.643458,-13.68,9.72,33.66,0,1
2026-03-10 16:56:47.643458,-13.16,14.02,54.63,1,2
2026-03-10 16:56:52.643458,-12.85,13.1,50.81,1,2
2026-03-10 16:56:57.643458,-13.29,13.04,36.98,1,2
2026-03-10 16:57:02.643458,-13.62,11.69,31.05,0,1
2026-03-10 16:57:07.643458,-13.54,11.12,37.49,0,1
2026-03-10 16:57:12.643458,-13.22,17.53,39.86,1,2
2026-03-10 16:57:17.643458,-13.64,10.27,36.51,0,1
2026-03-10 16:57:22.643458,-13.15,14.68,41.13,1,2
2026-03-10 16:57:27.643458,-13.7,10.82,30.62,0,1
2026-03-10 16:57:32.643458,-13.03,0.0,32.0,0,0
2026-03-10 16:57:37.643458,-13.48,10.9,30.99,0,1
2026-03-10 16:57:42.643458,-12.71,17.98,52.65,1,2
2026-03-10 16:57:47.643458,-13.63,9.01,35.34,0,1
2026-03-10 16:57:52.643458,-13.86,0.0,32.0,0,0
2026-03-10 16:57:57.643458,-13.52,9.04,32.91,0,1
2026-03-10 16:58:02.643458,-13.1,15.2,38.27,1,2
2026-03-10 16:58:07.643458,-13.31,10.43,35.7,0,1
2026-03-10 16:58:12.643458,-13.09,17.68,52.07,1,2
2026-03-10 16:58:17.643458,-13.66,9.47,34.39,0,1
2026-03-10 16:58:22.643458,-13.81,0.0,32.0,0,0
2026-03-10 16:58:27.643458,-13.16,14.45,52.2,1,2
2026-03-10 16:58:32.643458,-13.14,17.8,39.01,1,2
2026-03-10 16:58:37.643458,-12.94,16.53,44.18,1,2
2026-03-10 16:58:42.643458,-13.26,17.98,39.27,1,2
2026-03-10 16:58:47.643458,-13.2,14.9,49.47,1,2
2026-03-10 16:58:52.643458,-13.13,0.0,32.0,0,0
2026-03-10 16:58:57.643458,-13.67,9.33,32.35,0,1
2026-03-10 16:59:02.643458,-13.48,0.0,32.0,0,0
2026-03-10 16:59:07.643458,-13.48,10.83,33.46,0,1
2026-03-10 16:59:12.643458,-12.85,13.01,47.5,1,2
2026-03-10 16:59:17.643458,-12.99,16.84,39.22,1,2
2026-03-10 16:59:22.643458,-13.23,0.0,32.0,0,0
2026-03-10 16:59:27.643458,-13.08,17.38,44.62,1,2
2026-03-10 16:59:32.643458,-13.62,0.0,32.0,0,0
2026-03-10 16:59:37.643458,-13.12,15.63,41.04,1,2
2026-03-10 16:59:42.643458,-12.87,13.25,45.44,1,2
2026-03-10 16:59:47.643458,-13.68,10.88,32.89,0,1
2026-03-10 16:59:52.643458,-13.03,0.0,32.0,0,0
2026-03-10 16:59:57.643458,-13.44,9.81,38.48,0,1
2026-03-10 17:00:02.643458,-13.07,0.0,32.0,0,0
2026-03-10 17:00:07.643458,-13.15,0.0,32.0,0,0
2026-03-10 17:00:12.643458,-13.43,0.0,32.0,0,0
2026-03-10 17:00:17.643458,-13.69,11.43,31.84,0,1
2026-03-10 17:00:22.643458,-13.34,10.2,38.3,0,1
2026-03-10 17:00:27.643458,-13.35,0.0,32.0,0,0
2026-03-10 17:00:32.643458,-13.41,0.0,32.0,0,0
2026-03-10 17:00:37.643458,-12.98,13.38,52.38,1,2
2026-03-10 17:00:42.643458,-13.43,10.68,37.0,0,1
2026-03-10 17:00:47.643458,-13.31,9.07,34.62,0,1
2026-03-10 17:00:52.643458,-13.07,0.0,32.0,0,0
2026-03-10 17:00:57.643458,-12.82,17.28,38.66,1,2
2026-03-10 17:01:02.643458,-13.02,17.52,48.08,1,2
2026-03-10 17:01:07.643458,-13.07,14.61,54.05,1,2
2026-03-10 17:01:12.643458,-12.79,13.74,48.9,1,2
2026-03-10 17:01:17.643458,-13.21,14.32,44.28,1,2
2026-03-10 17:01:22.643458,-13.28,15.14,43.28,1,2
2026-03-10 17:01:27.643458,-13.93,0.0,32.0,0,0
2026-03-10 17:01:32.643458,-13.13,15.31,40.41,1,2
2026-03-10 17:01:37.643458,-13.62,0.0,32.0,0,0
2026-03-10 17:01:42.643458,-13.26,14.45,42.32,1,2
2026-03-10 17:01:47.643458,-13.12,15.32,43.26,1,2
2026-03-10 17:01:52.643458,-13.19,13.09,49.16,1,2
2026-03-10 17:01:57.643458,-13.47,9.73,38.15,0,1
2026-03-10 17:02:02.643458,-13.43,11.63,35.35,0,1
2026-03-10 17:02:07.643458,-13.57,10.66,30.17,0,1
2026-03-10 17:02:12.643458,-13.48,9.49,39.82,0,1
2026-03-10 17:02:17.643458,-13.24,14.98,38.64,1,2
2026-03-10 17:02:22.643458,-13.53,0.0,32.0,0,0
2026-03-10 17:02:27.643458,-12.71,15.73,42.65,1,2
2026-03-10 17:02:32.643458,-13.28,16.0,40.47,1,2
2026-03-10 17:02:37.643458,-13.55,9.15,36.04,0,1
2026-03-10 17:02:42.643458,-13.16,13.46,51.2,1,2
2026-03-10 17:02:47.643458,-13.23,14.16,35.56,1,2
2026-03-10 17:02:52.643458,-12.73,16.17,50.66,1,2
2026-03-10 17:02:57.643458,-13.51,11.07,30.9,0,1
2026-03-10 17:03:02.643458,-12.95,13.9,54.11,1,2
2026-03-10 17:03:07.643458,-13.23,0.0,32.0,0,0
2026-03-10 17:03:12.643458,-13.52,9.27,37.59,0,1
2026-03-10 17:03:17.643458,-13.18,0.0,32.0,0,0
2026-03-10 17:03:22.643458,-13.73,0.0,32.0,0,0
2026-03-10 17:03:27.643458,-12.72,13.66,42.0,1,2
2026-03-10 17:03:32.643458,-13.23,14.87,35.31,1,2
2026-03-10 17:03:37.643458,-13.76,0.0,32.0,0,0
2026-03-10 17:03:42.643458,-13.49,10.97,37.1,0,1
2026-03-10 17:03:47.643458,-13.29,14.81,52.27,1,2
2026-03-10 17:03:52.643458,-12.91,16.2,38.35,1,2
2026-03-10 17:03:57.643458,-13.01,0.0,32.0,0,0
2026-03-10 17:04:02.643458,-13.64,0.0,32.0,0,0
2026-03-10 17:04:07.643458,-13.61,0.0,32.0,0,0
2026-03-10 17:04:12.643458,-13.55,11.78,33.45,0,1
2026-03-10 17:04:17.643458,-13.26,0.0,32.0,0,0
2026-03-10 17:04:22.643458,-12.89,16.43,42.9,1,2
2026-03-10 17:04:27.643458,-13.98,0.0,32.0,0,0
2026-03-10 17:04:32.643458,-13.4,0.0,32.0,0,0
2026-03-10 17:04:37.643458,-13.24,16.66,42.25,1,2
2026-03-10 17:04:42.643458,-13.77,0.0,32.0,0,0
2026-03-10 17:04:47.643458,-13.02,15.23,45.38,1,2
2026-03-10 17:04:52.643458,-13.51,10.61,32.98,0,1
2026-03-10 17:04:57.643458,-13.26,0.0,32.0,0,0
2026-03-10 17:05:02.643458,-13.33,10.65,30.64,0,1
2026-03-10 17:05:07.643458,-12.97,14.9,39.51,1,2
2026-03-10 17:05:12.643458,-13.68,0.0,32.0,0,0
2026-03-10 17:05:17.643458,-13.19,0.0,32.0,0,0
2026-03-10 17:05:22.643458,-13.59,0.0,32.0,0,0
2026-03-10 17:05:27.643458,-13.05,0.0,32.0,0,0
2026-03-10 17:05:32.643458,-13.54,11.84,30.51,0,1
2026-03-10 17:05:37.643458,-13.49,0.0,32.0,0,0
2026-03-10 17:05:42.643458,-12.85,13.63,47.34,1,2
2026-03-10 17:05:47.643458,-13.04,14.75,40.85,1,2
2026-03-10 17:05:52.643458,-13.63,9.71,33.2,0,1
2026-03-10 17:05:57.643458,-12.79,17.08,37.6,1,2
2026-03-10 17:06:02.643458,-13.43,9.55,38.88,0,1
2026-03-10 17:06:07.643458,-13.5,11.19,39.81,0,1
2026-03-10 17:06:12.643458,-13.69,11.99,30.89,0,1
2026-03-10 17:06:17.643458,-13.93,0.0,32.0,0,0
2026-03-10 17:06:22.643458,-13.82,0.0,32.0,0,0
2026-03-10 17:06:27.643458,-12.78,14.25,49.13,1,2
2026-03-10 17:06:32.643458,-13.38,0.0,32.0,0,0
2026-03-10 17:06:37.643458,-13.57,0.0,32.0,0,0
2026-03-10 17:06:42.643458,-13.53,9.67,33.31,0,1
2026-03-10 17:06:47.643458,-12.94,14.87,37.4,1,2
2026-03-10 17:06:52.643458,-13.57,11.14,38.35,0,1
2026-03-10 17:06:57.643458,-13.55,10.51,39.36,0,1
2026-03-10 17:07:02.643458,-13.33,11.02,31.23,0,1
2026-03-10 17:07:07.643458,-12.81,16.32,38.06,1,2
2026-03-10 17:07:12.643458,-13.74,0.0,32.0,0,0
2026-03-10 17:07:17.643458,-13.6,10.57,35.61,0,1
2026-03-10 17:07:22.643458,-12.83,14.91,54.38,1,2
2026-03-10 17:07:27.643458,-13.66,0.0,32.0,0,0
2026-03-10 17:07:32.643458,-13.52,11.47,34.74,0,1
2026-03-10 17:07:37.643458,-13.68,11.01,39.12,0,1
2026-03-10 17:07:42.643458,-13.06,17.38,51.47,1,2
2026-03-10 17:07:47.643458,-13.93,0.0,32.0,0,0
2026-03-10 17:07:52.643458,-13.17,15.13,48.86,1,2
2026-03-10 17:07:57.643458,-13.23,0.0,32.0,0,0
2026-03-10 17:08:02.643458,-12.92,17.37,39.64,1,2
2026-03-10 17:08:07.643458,-12.79,13.5,45.95,1,2
2026-03-10 17:08:12.643458,-13.85,0.0,32.0,0,0
2026-03-10 17:08:17.643458,-13.51,0.0,32.0,0,0
2026-03-10 17:08:22.643458,-13.24,15.13,45.17,1,2
2026-03-10 17:08:27.643458,-13.14,0.0,32.0,0,0
2026-03-10 17:08:32.643458,-13.67,11.8,30.32,0,1
2026-03-10 17:08:37.643458,-13.1,0.0,32.0,0,0
2026-03-10 17:08:42.643458,-13.43,10.63,38.07,0,1
2026-03-10 17:08:47.643458,-13.77,0.0,32.0,0,0
2026-03-10 17:08:52.643458,-12.91,16.96,51.86,1,2
2026-03-10 17:08:57.643458,-13.02,0.0,32.0,0,0
2026-03-10 17:09:02.643458,-13.19,15.76,50.94,1,2
2026-03-10 17:09:07.643458,-13.14,17.38,40.02,1,2
2026-03-10 17:09:12.643458,-13.6,9.86,31.39,0,1
2026-03-10 17:09:17.643458,-13.14,0.0,32.0,0,0
2026-03-10 17:09:22.643458,-13.49,10.75,32.53,0,1
2026-03-10 17:09:27.643458,-13.05,0.0,32.0,0,0
2026-03-10 17:09:32.643458,-13.57,9.75,35.0,0,1
2026-03-10 17:09:37.643458,-13.25,0.0,32.0,0,0
2026-03-10 17:09:42.643458,-13.64,0.0,32.0,0,0
2026-03-10 17:09:47.643458,-12.81,14.92,53.89,1,2
2026-03-10 17:09:52.643458,-13.27,16.11,40.74,1,2
2026-03-10 17:09:57.643458,-12.99,15.97,44.47,1,2
2026-03-10 17:10:02.643458,-13.11,14.94,41.83,1,2
2026-03-10 17:10:07.643458,-13.45,9.7,38.38,0,1
2026-03-10 17:10:12.643458,-13.03,0.0,32.0,0,0
2026-03-10 17:10:17.643458,-13.15,15.97,50.61,1,2
2026-03-10 17:10:22.643458,-13.34,10.41,36.56,0,1
2026-03-10 17:10:27.643458,-12.87,13.08,43.75,1,2
2026-03-10 17:10:32.643458,-13.63,0.0,32.0,0,0
2026-03-10 17:10:37.643458,-13.3,9.14,37.94,0,1
2026-03-10 17:10:42.643458,-13.66,9.65,34.33,0,1
2026-03-10 17:10:47.643458,-13.71,0.0,32.0,0,0
2026-03-10 17:10:52.643458,-13.81,0.0,32.0,0,0
2026-03-10 17:10:57.643458,-12.8,14.09,44.26,1,2
2026-03-10 17:11:02.643458,-13.43,0.0,32.0,0,0
2026-03-10 17:11:07.643458,-13.38,0.0,32.0,0,0
2026-03-10 17:11:12.643458,-13.62,0.0,32.0,0,0
2026-03-10 17:11:17.643458,-13.27,13.61,48.85,1,2
2026-03-10 17:11:22.643458,-13.21,0.0,32.0,0,0
2026-03-10 17:11:27.643458,-13.56,11.14,37.3,0,1
2026-03-10 17:11:32.643458,-13.94,0.0,32.0,0,0
2026-03-10 17:11:37.643458,-12.98,14.22,42.29,1,2
2026-03-10 17:11:42.643458,-13.62,11.18,37.2,0,1
2026-03-10 17:11:47.643458,-13.14,0.0,32.0,0,0
2026-03-10 17:11:52.643458,-13.29,0.0,32.0,0,0
2026-03-10 17:11:57.643458,-13.54,11.17,36.99,0,1
2026-03-10 17:12:02.643458,-13.86,0.0,32.0,0,0
2026-03-10 17:12:07.643458,-13.53,0.0,32.0,0,0
2026-03-10 17:12:12.643458,-13.44,11.48,34.0,0,1
2026-03-10 17:12:17.643458,-13.54,11.58,32.31,0,1
2026-03-10 17:12:22.643458,-13.25,0.0,32.0,0,0
2026-03-10 17:12:27.643458,-12.72,14.51,38.01,1,2
2026-03-10 17:12:32.643458,-13.54,10.82,33.09,0,1
2026-03-10 17:12:37.643458,-13.2,15.25,37.73,1,2
2026-03-10 17:12:42.643458,-13.65,10.95,32.47,0,1
2026-03-10 17:12:47.643458,-13.06,15.31,51.69,1,2
2026-03-10 17:12:52.643458,-13.91,0.0,32.0,0,0
2026-03-10 17:12:57.643458,-13.04,16.23,46.72,1,2
2026-03-10 17:13:02.643458,-13.89,0.0,32.0,0,0
2026-03-10 17:13:07.643458,-13.65,11.99,33.45,0,1
2026-03-10 17:13:12.643458,-13.28,0.0,32.0,0,0
2026-03-10 17:13:17.643458,-13.98,0.0,32.0,0,0
2026-03-10 17:13:22.643458,-13.06,13.51,51.87,1,2
2026-03-10 17:13:27.643458,-13.64,0.0,32.0,0,0
2026-03-10 17:13:32.643458,-13.66,0.0,32.0,0,0
2026-03-10 17:13:37.643458,-13.25,13.55,54.35,1,2
2026-03-10 17:13:42.643458,-13.41,10.26,34.88,0,1
2026-03-10 17:13:47.643458,-13.76,0.0,32.0,0,0
2026-03-10 17:13:52.643458,-13.46,11.05,35.53,0,1
2026-03-10 17:13:57.643458,-13.69,9.73,36.25,0,1
2026-03-10 17:14:02.643458,-12.82,16.98,35.68,1,2
2026-03-10 17:14:07.643458,-13.94,0.0,32.0,0,0
2026-03-10 17:14:12.643458,-13.33,11.8,31.51,0,1
2026-03-10 17:14:17.643458,-13.77,0.0,32.0,0,0
2026-03-10 17:14:22.643458,-13.19,13.5,41.62,1,2
2026-03-10 17:14:27.643458,-13.34,11.26,38.23,0,1
2026-03-10 17:14:32.643458,-13.11,14.04,50.5,1,2
2026-03-10 17:14:37.643458,-13.59,0.0,32.0,0,0
2026-03-10 17:14:42.643458,-12.72,15.31,54.9,1,2
2026-03-10 17:14:47.643458,-13.48,11.42,37.45,0,1
2026-03-10 17:14:52.643458,-13.21,16.89,47.76,1,2
2026-03-10 17:14:57.643458,-13.49,11.28,30.63,0,1
2026-03-10 17:15:02.643458,-13.42,9.07,34.87,0,1
2026-03-10 17:15:07.643458,-13.31,0.0,32.0,0,0
2026-03-10 17:15:12.643458,-13.48,9.53,39.82,0,1
2026-03-10 17:15:17.643458,-13.17,0.0,32.0,0,0
2026-03-10 17:15:22.643458,-13.03,15.17,49.38,1,2
2026-03-10 17:15:27.643458,-13.89,0.0,32.0,0,0
2026-03-10 17:15:32.643458,-13.15,14.16,54.85,1,2
2026-03-10 17:15:37.643458,-13.23,13.61,41.33,1,2
2026-03-10 17:15:42.643458,-13.67,0.0,32.0,0,0
2026-03-10 17:15:47.643458,-13.45,0.0,32.0,0,0
2026-03-10 17:15:52.643458,-13.46,9.62,38.62,0,1
2026-03-10 17:15:57.643458,-13.34,11.6,35.97,0,1
2026-03-10 17:16:02.643458,-13.21,17.91,51.13,1,2
2026-03-10 17:16:07.643458,-13.37,0.0,32.0,0,0
2026-03-10 17:16:12.643458,-13.22,0.0,32.0,0,0
2026-03-10 17:16:17.643458,-12.97,14.07,46.74,1,2
2026-03-10 17:16:22.643458,-12.76,17.94,38.42,1,2
2026-03-10 17:16:27.643458,-13.95,0.0,32.0,0,0
2026-03-10 17:16:32.643458,-12.87,15.26,35.18,1,2
2026-03-10 17:16:37.643458,-13.34,9.53,35.85,0,1
2026-03-10 17:16:42.643458,-13.07,15.37,36.2,1,2
2026-03-10 17:16:47.643458,-13.12,16.69,40.85,1,2
2026-03-10 17:16:52.643458,-13.48,0.0,32.0,0,0
2026-03-10 17:16:57.643458,-13.26,13.48,35.59,1,2
2026-03-10 17:17:02.643458,-13.68,0.0,32.0,0,0
2026-03-10 17:17:07.643458,-13.17,13.09,50.23,1,2
2026-03-10 17:17:12.643458,-13.56,9.5,35.85,0,1
2026-03-10 17:17:17.643458,-13.05,13.52,53.55,1,2
2026-03-10 17:17:22.643458,-13.13,14.56,54.92,1,2
2026-03-10 17:17:27.643458,-13.4,11.53,36.17,0,1
2026-03-10 17:17:32.643458,-13.57,10.04,30.14,0,1
2026-03-10 17:17:37.643458,-12.72,13.77,53.93,1,2
2026-03-10 17:17:42.643458,-13.47,9.28,31.8,0,1
2026-03-10 17:17:47.643458,-13.67,11.14,36.26,0,1
2026-03-10 17:17:52.643458,-13.79,0.0,32.0,0,0
2026-03-10 17:17:57.643458,-13.21,16.01,51.9,1,2
2026-03-10 17:18:02.643458,-13.63,11.79,33.21,0,1
2026-03-10 17:18:07.643458,-13.01,0.0,32.0,0,0
2026-03-10 17:18:12.643458,-13.04,17.53,36.51,1,2
2026-03-10 17:18:17.643458,-13.58,0.0,32.0,0,0
2026-03-10 17:18:22.643458,-13.35,11.56,34.67,0,1
2026-03-10 17:18:27.643458,-13.7,9.24,36.53,0,1
2026-03-10 17:18:32.643458,-13.28,0.0,32.0,0,0
2026-03-10 17:18:37.643458,-13.15,14.12,40.81,1,2
2026-03-10 17:18:42.643458,-12.74,15.78,50.16,1,2
2026-03-10 17:18:47.643458,-13.14,15.94,46.76,1,2
2026-03-10 17:18:52.643458,-12.72,13.07,51.27,1,2
2026-03-10 17:18:57.643458,-13.2,0.0,32.0,0,0
2026-03-10 17:19:02.643458,-13.73,0.0,32.0,0,0
2026-03-10 17:19:07.643458,-13.42,11.35,32.23,0,1
2026-03-10 17:19:12.643458,-12.85,13.24,46.45,1,2
2026-03-10 17:19:17.643458,-13.23,17.36,39.72,1,2
2026-03-10 17:19:22.643458,-12.73,17.35,46.4,1,2
2026-03-10 17:19:27.643458,-13.38,11.41,32.6,0,1
2026-03-10 17:19:32.643458,-13.05,0.0,32.0,0,0
2026-03-10 17:19:37.643458,-12.71,15.13,52.99,1,2
2026-03-10 17:19:42.643458,-13.45,0.0,32.0,0,0
2026-03-10 17:19:47.643458,-13.6,10.57,35.65,0,1
2026-03-10 17:19:52.643458,-12.76,15.25,42.06,1,2
2026-03-10 17:19:57.643458,-13.06,15.05,49.01,1,2
2026-03-10 17:20:02.643458,-13.41,10.39,35.59,0,1
2026-03-10 17:20:07.643458,-13.24,14.19,54.99,1,2
2026-03-10 17:20:12.643458,-13.45,10.6,38.02,0,1
2026-03-10 17:20:17.643458,-13.3,0.0,32.0,0,0
2026-03-10 17:20:22.643458,-13.6,11.81,34.11,0,1
2026-03-10 17:20:27.643458,-13.6,10.13,35.21,0,1
2026-03-10 17:20:32.643458,-12.94,17.06,41.35,1,2
2026-03-10 17:20:37.643458,-13.6,10.25,33.75,0,1
2026-03-10 17:20:42.643458,-13.61,11.66,39.03,0,1
2026-03-10 17:20:47.643458,-13.03,0.0,32.0,0,0
2026-03-10 17:20:52.643458,-13.64,0.0,32.0,0,0
2026-03-10 17:20:57.643458,-13.89,0.0,32.0,0,0
2026-03-10 17:21:02.643458,-13.7,10.34,36.35,0,1
2026-03-10 17:21:07.643458,-13.41,11.62,34.37,0,1
2026-03-10 17:21:12.643458,-13.0,17.21,37.99,1,2
2026-03-10 17:21:17.643458,-13.63,10.74,36.25,0,1
2026-03-10 17:21:22.643458,-13.01,16.72,35.77,1,2
2026-03-10 17:21:27.643458,-12.8,13.04,40.73,1,2
2026-03-10 17:21:32.643458,-13.77,0.0,32.0,0,0
2026-03-10 17:21:37.643458,-13.13,13.65,46.21,1,2
2026-03-10 17:21:42.643458,-13.24,14.4,38.33,1,2
2026-03-10 17:21:47.643458,-13.32,10.26,35.93,0,1
2026-03-10 17:21:52.643458,-13.5,9.65,32.69,0,1
2026-03-10 17:21:57.643458,-13.53,0.0,32.0,0,0
2026-03-10 17:22:02.643458,-13.57,10.78,35.4,0,1
2026-03-10 17:22:07.643458,-13.28,0.0,32.0,0,0
2026-03-10 17:22:12.643458,-13.33,0.0,32.0,0,0
2026-03-10 17:22:17.643458,-12.85,13.04,36.38,1,2
2026-03-10 17:22:22.643458,-13.49,10.49,31.75,0,1
2026-03-10 17:22:27.643458,-13.31,11.92,30.19,0,1
2026-03-10 17:22:32.643458,-12.93,15.35,40.27,1,2
2026-03-10 17:22:37.643458,-13.36,0.0,32.0,0,0
2026-03-10 17:22:42.643458,-13.61,0.0,32.0,0,0
2026-03-10 17:22:47.643458,-13.12,14.47,47.01,1,2
2026-03-10 17:22:52.643458,-13.48,11.76,34.31,0,1
2026-03-10 17:22:57.643458,-13.35,11.48,32.79,0,1
2026-03-10 17:23:02.643458,-13.37,0.0,32.0,0,0
2026-03-10 17:23:07.643458,-12.87,17.46,54.66,1,2
2026-03-10 17:23:12.643458,-13.55,9.44,37.87,0,1
2026-03-10 17:23:17.643458,-13.19,17.43,41.64,1,2
2026-03-10 17:23:22.643458,-13.18,0.0,32.0,0,0
2026-03-10 17:23:27.643458,-13.6,11.46,37.9,0,1
2026-03-10 17:23:32.643458,-13.26,16.4,36.78,1,2
2026-03-10 17:23:37.643458,-13.56,10.11,34.3,0,1
2026-03-10 17:23:42.643458,-13.47,11.57,31.01,0,1
2026-03-10 17:23:47.643458,-12.98,14.24,52.52,1,2
2026-03-10 17:23:52.643458,-13.13,15.42,49.68,1,2
2026-03-10 17:23:57.643458,-13.47,11.66,35.77,0,1
2026-03-10 17:24:02.643458,-13.16,0.0,32.0,0,0
2026-03-10 17:24:07.643458,-12.86,16.6,50.6,1,2
2026-03-10 17:24:12.643458,-13.55,11.72,33.94,0,1
2026-03-10 17:24:17.643458,-13.35,0.0,32.0,0,0
2026-03-10 17:24:22.643458,-13.42,11.6,35.0,0,1
2026-03-10 17:24:27.643458,-13.09,16.42,54.91,1,2
2026-03-10 17:24:32.643458,-13.05,0.0,32.0,0,0
2026-03-10 17:24:37.643458,-13.99,0.0,32.0,0,0
2026-03-10 17:24:42.643458,-13.19,15.2,38.08,1,2
2026-03-10 17:24:47.643458,-13.13,14.98,54.25,1,2
2026-03-10 17:24:52.643458,-13.87,0.0,32.0,0,0
2026-03-10 17:24:57.643458,-13.44,0.0,32.0,0,0
2026-03-10 17:25:02.643458,-13.07,13.99,48.0,1,2
2026-03-10 17:25:07.643458,-13.34,9.96,39.61,0,1
2026-03-10 17:25:12.643458,-13.07,13.75,45.86,1,2
2026-03-10 17:25:17.643458,-13.07,0.0,32.0,0,0
2026-03-10 17:25:22.643458,-13.59,10.18,33.68,0,1
2026-03-10 17:25:27.643458,-13.59,9.05,31.4,0,1
2026-03-10 17:25:32.643458,-12.99,13.98,45.4,1,2
2026-03-10 17:25:37.643458,-13.57,10.97,30.76,0,1
2026-03-10 17:25:42.643458,-13.76,0.0,32.0,0,0
2026-03-10 17:25:47.643458,-13.86,0.0,32.0,0,0
2026-03-10 17:25:52.643458,-13.5,9.02,31.1,0,1
2026-03-10 17:25:57.643458,-13.5,10.8,30.14,0,1
2026-03-10 17:26:02.643458,-13.0,0.0,32.0,0,0
2026-03-10 17:26:07.643458,-13.01,13.95,38.41,1,2
2026-03-10 17:26:12.643458,-12.97,17.22,52.36,1,2
2026-03-10 17:26:17.643458,-13.24,0.0,32.0,0,0
2026-03-10 17:26:22.643458,-13.29,0.0,32.0,0,0
2026-03-10 17:26:27.643458,-13.6,10.41,36.14,0,1
2026-03-10 17:26:32.643458,-13.43,0.0,32.0,0,0
2026-03-10 17:26:37.643458,-12.79,17.97,49.0,1,2
2026-03-10 17:26:42.643458,-13.22,0.0,32.0,0,0
2026-03-10 17:26:47.643458,-12.82,13.01,54.41,1,2
2026-03-10 17:26:52.643458,-13.67,11.85,36.32,0,1
2026-03-10 17:26:57.643458,-13.25,0.0,32.0,0,0
2026-03-10 17:27:02.643458,-13.8,0.0,32.0,0,0
2026-03-10 17:27:07.643458,-13.03,0.0,32.0,0,0
2026-03-10 17:27:12.643458,-13.29,0.0,32.0,0,0
2026-03-10 17:27:17.643458,-13.11,14.42,50.31,1,2
2026-03-10 17:27:22.643458,-13.54,9.21,32.23,0,1
2026-03-10 17:27:27.643458,-12.72,13.61,39.92,1,2
2026-03-10 17:27:32.643458,-13.91,0.0,32.0,0,0
2026-03-10 17:27:37.643458,-13.25,13.11,38.31,1,2
2026-03-10 17:27:42.643458,-12.88,14.71,54.93,1,2
2026-03-10 17:27:47.643458,-13.33,9.22,32.94,0,1
2026-03-10 17:27:52.643458,-12.91,17.26,43.74,1,2
2026-03-10 17:27:57.643458,-13.94,0.0,32.0,0,0
2026-03-10 17:28:02.643458,-13.16,0.0,32.0,0,0
2026-03-10 17:28:07.643458,-13.51,0.0,32.0,0,0
2026-03-10 17:28:12.643458,-13.68,10.59,35.25,0,1
2026-03-10 17:28:17.643458,-13.64,0.0,32.0,0,0
2026-03-10 17:28:22.643458,-13.58,11.2,35.92,0,1
2026-03-10 17:28:27.643458,-13.61,9.36,35.76,0,1
2026-03-10 17:28:32.643458,-13.02,14.32,47.71,1,2
2026-03-10 17:28:37.643458,-13.22,0.0,32.0,0,0
2026-03-10 17:28:42.643458,-13.79,0.0,32.0,0,0
2026-03-10 17:28:47.643458,-13.03,0.0,32.0,0,0
2026-03-10 17:28:52.643458,-13.31,9.84,34.64,0,1
2026-03-10 17:28:57.643458,-13.48,11.6,35.97,0,1
2026-03-10 17:29:02.643458,-13.13,0.0,32.0,0,0
2026-03-10 17:29:07.643458,-13.49,10.39,37.09,0,1
2026-03-10 17:29:12.643458,-13.28,15.47,35.21,1,2
2026-03-10 17:29:17.643458,-13.06,16.24,40.93,1,2
2026-03-10 17:29:22.643458,-12.84,14.29,38.18,1,2
2026-03-10 17:29:27.643458,-13.65,11.21,34.67,0,1
2026-03-10 17:29:32.643458,-13.45,0.0,32.0,0,0
2026-03-10 17:29:37.643458,-13.08,15.27,46.75,1,2
2026-03-10 17:29:42.643458,-12.74,16.25,40.46,1,2
2026-03-10 17:29:47.643458,-13.48,11.68,37.52,0,1
2026-03-10 17:29:52.643458,-13.74,0.0,32.0,0,0
2026-03-10 17:29:57.643458,-13.47,9.21,32.14,0,1
2026-03-10 17:30:02.643458,-13.04,14.52,53.77,1,2
2026-03-10 17:30:07.643458,-13.99,0.0,32.0,0,0
2026-03-10 17:30:12.643458,-13.35,10.04,36.7,0,1
2026-03-10 17:30:17.643458,-12.73,17.45,54.23,1,2
2026-03-10 17:30:22.643458,-13.81,0.0,32.0,0,0
2026-03-10 17:30:27.643458,-13.3,17.96,50.68,1,2
2026-03-10 17:30:32.643458,-13.49,10.42,37.88,0,1
2026-03-10 17:30:37.643458,-13.89,0.0,32.0,0,0
2026-03-10 17:30:42.643458,-12.78,15.82,45.71,1,2
2026-03-10 17:30:47.643458,-13.07,0.0,32.0,0,0
2026-03-10 17:30:52.643458,-13.76,0.0,32.0,0,0
2026-03-10 17:30:57.643458,-13.94,0.0,32.0,0,0
2026-03-10 17:31:02.643458,-13.27,16.65,42.56,1,2
2026-03-10 17:31:07.643458,-13.17,14.71,39.95,1,2
2026-03-10 17:31:12.643458,-13.67,10.07,32.83,0,1
2026-03-10 17:31:17.643458,-12.89,14.61,51.87,1,2
2026-03-10 17:31:22.643458,-13.37,10.88,38.71,0,1
2026-03-10 17:31:27.643458,-13.34,11.59,33.52,0,1
2026-03-10 17:31:32.643458,-13.33,9.63,34.47,0,1
2026-03-10 17:31:37.643458,-13.08,13.47,53.89,1,2
2026-03-10 17:31:42.643458,-13.3,14.41,45.88,1,2
2026-03-10 17:31:47.643458,-12.77,13.12,36.81,1,2
2026-03-10 17:31:52.643458,-13.28,13.72,47.44,1,2
2026-03-10 17:31:57.643458,-13.37,9.6,33.5,0,1
2026-03-10 17:32:02.643458,-12.94,13.03,49.34,1,2
2026-03-10 17:32:07.643458,-13.31,10.87,38.04,0,1
2026-03-10 17:32:12.643458,-13.38,10.92,39.13,0,1
2026-03-10 17:32:17.643458,-13.45,10.69,37.02,0,1
2026-03-10 17:32:22.643458,-13.34,0.0,32.0,0,0
2026-03-10 17:32:27.643458,-13.46,9.94,37.85,0,1
2026-03-10 17:32:32.643458,-12.98,17.52,37.12,1,2
2026-03-10 17:32:37.643458,-12.98,17.91,39.3,1,2
2026-03-10 17:32:42.643458,-13.68,11.75,35.94,0,1
2026-03-10 17:32:47.643458,-13.23,17.09,35.35,1,2
2026-03-10 17:32:52.643458,-13.14,16.11,36.54,1,2
2026-03-10 17:32:57.643458,-13.38,0.0,32.0,0,0
2026-03-10 17:33:02.643458,-13.48,10.1,30.28,0,1
2026-03-10 17:33:07.643458,-12.9,16.51,44.32,1,2
2026-03-10 17:33:12.643458,-13.07,0.0,32.0,0,0
2026-03-10 17:33:17.643458,-13.39,11.33,33.57,0,1
2026-03-10 17:33:22.643458,-12.76,17.19,38.07,1,2
2026-03-10 17:33:27.643458,-13.14,14.8,47.37,1,2
2026-03-10 17:33:32.643458,-13.41,0.0,32.0,0,0
2026-03-10 17:33:37.643458,-13.11,13.58,51.44,1,2
2026-03-10 17:33:42.643458,-13.32,0.0,32.0,0,0
2026-03-10 17:33:47.643458,-13.7,12.0,32.72,0,1
2026-03-10 17:33:52.643458,-13.6,10.15,38.71,0,1
2026-03-10 17:33:57.643458,-13.8,0.0,32.0,0,0
2026-03-10 17:34:02.643458,-13.43,10.34,38.31,0,1
2026-03-10 17:34:07.643458,-13.08,16.35,36.18,1,2
2026-03-10 17:34:12.643458,-13.17,17.06,44.78,1,2
2026-03-10 17:34:17.643458,-13.29,0.0,32.0,0,0
2026-03-10 17:34:22.643458,-13.38,11.91,38.26,0,1
2026-03-10 17:34:27.643458,-13.14,17.06,42.77,1,2
2026-03-10 17:34:32.643458,-13.63,11.73,35.6,0,1
2026-03-10 17:34:37.643458,-13.2,14.75,43.63,1,2
2026-03-10 17:34:42.643458,-13.09,14.75,44.59,1,2
2026-03-10 17:34:47.643458,-13.16,0.0,32.0,0,0
2026-03-10 17:34:52.643458,-12.94,13.61,36.18,1,2
2026-03-10 17:34:57.643458,-13.97,0.0,32.0,0,0
2026-03-10 17:35:02.643458,-13.94,0.0,32.0,0,0
2026-03-10 17:35:07.643458,-13.22,16.2,37.68,1,2
2026-03-10 17:35:12.643458,-12.71,16.25,44.9,1,2
2026-03-10 17:35:17.643458,-13.43,9.94,39.73,0,1
2026-03-10 17:35:22.643458,-12.71,13.91,44.96,1,2
2026-03-10 17:35:27.643458,-13.13,14.04,48.11,1,2
2026-03-10 17:35:32.643458,-12.95,15.73,44.71,1,2
2026-03-10 17:35:37.643458,-13.68,10.71,39.31,0,1
2026-03-10 17:35:42.643458,-13.37,10.65,39.09,0,1
2026-03-10 17:35:47.643458,-13.66,0.0,32.0,0,0
2026-03-10 17:35:52.643458,-12.98,16.08,44.12,1,2
2026-03-10 17:35:57.643458,-13.74,0.0,32.0,0,0
2026-03-10 17:36:02.643458,-12.85,15.64,36.56,1,2
2026-03-10 17:36:07.643458,-13.2,17.02,40.96,1,2
2026-03-10 17:36:12.643458,-13.32,10.4,34.3,0,1
2026-03-10 17:36:17.643458,-12.74,17.97,40.66,1,2
2026-03-10 17:36:22.643458,-12.86,15.83,37.99,1,2
2026-03-10 17:36:27.643458,-13.69,11.65,33.73,0,1
2026-03-10 17:36:32.643458,-13.06,0.0,32.0,0,0
2026-03-10 17:36:37.643458,-13.14,17.78,43.31,1,2
2026-03-10 17:36:42.643458,-13.86,0.0,32.0,0,0
2026-03-10 17:36:47.643458,-13.53,9.14,39.63,0,1
2026-03-10 17:36:52.643458,-13.89,0.0,32.0,0,0
2026-03-10 17:36:57.643458,-13.26,0.0,32.0,0,0
2026-03-10 17:37:02.643458,-12.76,13.18,49.46,1,2
2026-03-10 17:37:07.643458,-13.69,0.0,32.0,0,0
2026-03-10 17:37:12.643458,-13.39,9.68,31.67,0,1
2026-03-10 17:37:17.643458,-13.14,14.76,40.9,1,2
2026-03-10 17:37:22.643458,-13.63,11.08,34.62,0,1
2026-03-10 17:37:27.643458,-13.92,0.0,32.0,0,0
2026-03-10 17:37:32.643458,-13.93,0.0,32.0,0,0
2026-03-10 17:37:37.643458,-13.58,11.66,30.43,0,1
2026-03-10 17:37:42.643458,-13.58,10.42,33.06,0,1
2026-03-10 17:37:47.643458,-13.28,15.39,35.34,1,2
2026-03-10 17:37:52.643458,-13.18,13.36,54.6,1,2
2026-03-10 17:37:57.643458,-13.05,0.0,32.0,0,0
2026-03-10 17:38:02.643458,-12.99,15.62,46.24,1,2
2026-03-10 17:38:07.643458,-13.09,14.52,40.62,1,2
2026-03-10 17:38:12.643458,-13.05,16.22,42.26,1,2
2026-03-10 17:38:17.643458,-13.57,10.63,39.52,0,1
2026-03-10 17:38:22.643458,-13.16,17.96,50.75,1,2
2026-03-10 17:38:27.643458,-13.54,0.0,32.0,0,0
2026-03-10 17:38:32.643458,-13.65,10.17,37.7,0,1
2026-03-10 17:38:37.643458,-13.36,0.0,32.0,0,0
2026-03-10 17:38:42.643458,-12.92,17.61,52.73,1,2
2026-03-10 17:38:47.643458,-13.17,0.0,32.0,0,0
2026-03-10 17:38:52.643458,-13.31,0.0,32.0,0,0
2026-03-10 17:38:57.643458,-12.73,14.41,43.08,1,2
2026-03-10 17:39:02.643458,-12.77,13.16,40.5,1,2
2026-03-10 17:39:07.643458,-12.84,13.9,50.69,1,2
2026-03-10 17:39:12.643458,-12.96,16.1,40.58,1,2
2026-03-10 17:39:17.643458,-12.86,16.11,49.45,1,2
2026-03-10 17:39:22.643458,-13.67,11.63,38.86,0,1
2026-03-10 17:39:27.643458,-12.97,15.35,45.78,1,2
2026-03-10 17:39:32.643458,-13.85,0.0,32.0,0,0
2026-03-10 17:39:37.643458,-13.22,0.0,32.0,0,0
2026-03-10 17:39:42.643458,-12.73,13.14,40.47,1,2
2026-03-10 17:39:47.643458,-13.06,15.41,46.64,1,2
2026-03-10 17:39:52.643458,-12.97,14.01,38.32,1,2
2026-03-10 17:39:57.643458,-12.93,16.42,54.57,1,2
2026-03-10 17:40:02.643458,-12.86,15.43,51.88,1,2
2026-03-10 17:40:07.643458,-12.96,15.56,48.07,1,2
2026-03-10 17:40:12.643458,-13.16,15.26,44.94,1,2
2026-03-10 17:40:17.643458,-13.6,0.0,32.0,0,0
2026-03-10 17:40:22.643458,-13.65,0.0,32.0,0,0
2026-03-10 17:40:27.643458,-12.88,16.53,38.75,1,2
2026-03-10 17:40:32.643458,-13.52,11.06,30.43,0,1
2026-03-10 17:40:37.643458,-13.6,9.31,30.47,0,1
2026-03-10 17:40:42.643458,-13.3,10.37,30.89,0,1
2026-03-10 17:40:47.643458,-13.09,14.47,40.48,1,2
2026-03-10 17:40:52.643458,-13.22,17.11,36.06,1,2
2026-03-10 17:40:57.643458,-13.42,0.0,32.0,0,0
2026-03-10 17:41:02.643458,-13.64,0.0,32.0,0,0
2026-03-10 17:41:07.643458,-12.91,17.46,51.16,1,2
2026-03-10 17:41:12.643458,-13.51,10.24,37.38,0,1
2026-03-10 17:41:17.643458,-13.91,0.0,32.0,0,0
2026-03-10 17:41:22.643458,-13.41,0.0,32.0,0,0
2026-03-10 17:41:27.643458,-13.78,0.0,32.0,0,0
2026-03-10 17:41:32.643458,-13.88,0.0,32.0,0,0
2026-03-10 17:41:37.643458,-13.18,13.35,49.66,1,2
2026-03-10 17:41:42.643458,-13.3,9.08,34.09,0,1
2026-03-10 17:41:47.643458,-13.93,0.0,32.0,0,0
2026-03-10 17:41:52.643458,-13.75,0.0,32.0,0,0
2026-03-10 17:41:57.643458,-13.76,0.0,32.0,0,0
2026-03-10 17:42:02.643458,-13.37,0.0,32.0,0,0
2026-03-10 17:42:07.643458,-13.33,0.0,32.0,0,0
2026-03-10 17:42:12.643458,-13.7,0.0,32.0,0,0
2026-03-10 17:42:17.643458,-13.69,9.63,39.4,0,1
2026-03-10 17:42:22.643458,-12.94,17.23,47.63,1,2
2026-03-10 17:42:27.643458,-13.74,0.0,32.0,0,0
2026-03-10 17:42:32.643458,-13.5,10.88,37.49,0,1
2026-03-10 17:42:37.643458,-13.82,0.0,32.0,0,0
2026-03-10 17:42:42.643458,-13.75,0.0,32.0,0,0
2026-03-10 17:42:47.643458,-12.78,16.85,46.13,1,2
2026-03-10 17:42:52.643458,-14.0,0.0,32.0,0,0
2026-03-10 17:42:57.643458,-13.24,0.0,32.0,0,0
2026-03-10 17:43:02.643458,-13.11,13.09,42.98,1,2
2026-03-10 17:43:07.643458,-13.75,0.0,32.0,0,0
2026-03-10 17:43:12.643458,-13.45,10.39,33.16,0,1
2026-03-10 17:43:17.643458,-13.23,0.0,32.0,0,0
2026-03-10 17:43:22.643458,-13.11,17.41,47.0,1,2
2026-03-10 17:43:27.643458,-13.98,0.0,32.0,0,0
2026-03-10 17:43:32.643458,-13.44,10.93,37.26,0,1
2026-03-10 17:43:37.643458,-13.36,9.71,30.78,0,1
2026-03-10 17:43:42.643458,-13.69,11.37,37.96,0,1
2026-03-10 17:43:47.643458,-13.41,9.37,33.49,0,1
2026-03-10 17:43:52.643458,-13.38,11.06,37.32,0,1
2026-03-10 17:43:57.643458,-13.25,14.77,47.2,1,2
2026-03-10 17:44:02.643458,-13.21,14.48,51.91,1,2
2026-03-10 17:44:07.643458,-13.12,0.0,32.0,0,0
2026-03-10 17:44:12.643458,-13.56,11.12,37.16,0,1
2026-03-10 17:44:17.643458,-13.49,0.0,32.0,0,0
2026-03-10 17:44:22.643458,-13.91,0.0,32.0,0,0
2026-03-10 17:44:27.643458,-13.31,9.59,35.99,0,1
2026-03-10 17:44:32.643458,-12.72,16.92,40.04,1,2
2026-03-10 17:44:37.643458,-13.35,0.0,32.0,0,0
2026-03-10 17:44:42.643458,-13.44,9.92,37.38,0,1
2026-03-10 17:44:47.643458,-13.35,9.18,35.71,0,1
2026-03-10 17:44:52.643458,-12.94,16.12,43.62,1,2
2026-03-10 17:44:57.643458,-13.48,0.0,32.0,0,0
2026-03-10 17:45:02.643458,-13.51,9.12,39.2,0,1
2026-03-10 17:45:07.643458,-13.69,11.59,30.58,0,1
2026-03-10 17:45:12.643458,-13.35,11.89,32.81,0,1
2026-03-10 17:45:17.643458,-13.56,11.38,33.45,0,1
2026-03-10 17:45:22.643458,-13.16,13.95,51.54,1,2
2026-03-10 17:45:27.643458,-12.7,13.74,46.24,1,2
2026-03-10 17:45:32.643458,-13.07,16.15,54.94,1,2
2026-03-10 17:45:37.643458,-13.39,9.49,35.82,0,1
2026-03-10 17:45:42.643458,-13.56,10.39,32.02,0,1
2026-03-10 17:45:47.643458,-13.66,0.0,32.0,0,0
2026-03-10 17:45:52.643458,-13.98,0.0,32.0,0,0
2026-03-10 17:45:57.643458,-13.46,11.34,36.99,0,1
2026-03-10 17:46:02.643458,-13.47,11.29,32.23,0,1
2026-03-10 17:46:07.643458,-13.13,15.7,41.8,1,2
2026-03-10 17:46:12.643458,-12.95,17.14,45.6,1,2
2026-03-10 17:46:17.643458,-13.77,0.0,32.0,0,0
2026-03-10 17:46:22.643458,-13.09,0.0,32.0,0,0
2026-03-10 17:46:27.643458,-13.56,10.97,36.48,0,1
2026-03-10 17:46:32.643458,-13.98,0.0,32.0,0,0
2026-03-10 17:46:37.643458,-13.46,10.46,31.52,0,1
2026-03-10 17:46:42.643458,-13.41,0.0,32.0,0,0
2026-03-10 17:46:47.643458,-12.82,15.86,47.3,1,2
2026-03-10 17:46:52.643458,-13.64,10.16,31.71,0,1
2026-03-10 17:46:57.643458,-13.55,0.0,32.0,0,0
2026-03-10 17:47:02.643458,-13.08,17.49,40.08,1,2
2026-03-10 17:47:07.643458,-13.68,0.0,32.0,0,0
2026-03-10 17:47:12.643458,-13.62,0.0,32.0,0,0
2026-03-10 17:47:17.643458,-13.48,9.26,36.58,0,1
2026-03-10 17:47:22.643458,-12.76,14.98,36.24,1,2
2026-03-10 17:47:27.643458,-13.14,17.95,53.38,1,2
2026-03-10 17:47:32.643458,-13.57,0.0,32.0,0,0
2026-03-10 17:47:37.643458,-13.37,10.85,31.31,0,1
2026-03-10 17:47:42.643458,-12.78,16.69,50.65,1,2
2026-03-10 17:47:47.643458,-13.61,11.0,39.66,0,1
2026-03-10 17:47:52.643458,-12.99,15.96,39.81,1,2
2026-03-10 17:47:57.643458,-13.91,0.0,32.0,0,0
2026-03-10 17:48:02.643458,-12.98,16.95,50.84,1,2
2026-03-10 17:48:07.643458,-12.87,17.78,43.1,1,2
2026-03-10 17:48:12.643458,-13.84,0.0,32.0,0,0
2026-03-10 17:48:17.643458,-13.63,10.32,36.96,0,1
2026-03-10 17:48:22.643458,-13.35,0.0,32.0,0,0
2026-03-10 17:48:27.643458,-13.8,0.0,32.0,0,0
2026-03-10 17:48:32.643458,-13.62,10.07,30.15,0,1
2026-03-10 17:48:37.643458,-13.09,0.0,32.0,0,0
2026-03-10 17:48:42.643458,-13.68,11.42,38.4,0,1
2026-03-10 17:48:47.643458,-13.89,0.0,32.0,0,0
2026-03-10 17:48:52.643458,-13.22,13.33,50.78,1,2
2026-03-10 17:48:57.643458,-12.76,17.78,49.09,1,2
2026-03-10 17:49:02.643458,-13.1,0.0,32.0,0,0
2026-03-10 17:49:07.643458,-13.24,0.0,32.0,0,0
2026-03-10 17:49:12.643458,-13.5,11.87,30.44,0,1
2026-03-10 17:49:17.643458,-13.45,9.92,34.44,0,1
2026-03-10 17:49:22.643458,-13.18,15.09,45.84,1,2
2026-03-10 17:49:27.643458,-13.14,17.49,39.55,1,2
2026-03-10 17:49:32.643458,-13.64,0.0,32.0,0,0
2026-03-10 17:49:37.643458,-12.81,13.71,36.79,1,2
2026-03-10 17:49:42.643458,-13.1,0.0,32.0,0,0
2026-03-10 17:49:47.643458,-12.81,14.71,49.22,1,2
2026-03-10 17:49:52.643458,-13.3,15.84,50.41,1,2
2026-03-10 17:49:57.643458,-12.75,13.56,45.97,1,2
2026-03-10 17:50:02.643458,-13.12,0.0,32.0,0,0
2026-03-10 17:50:07.643458,-13.18,16.31,51.18,1,2
2026-03-10 17:50:12.643458,-12.94,13.94,45.73,1,2
2026-03-10 17:50:17.643458,-13.64,0.0,32.0,0,0
2026-03-10 17:50:22.643458,-13.57,0.0,32.0,0,0
2026-03-10 17:50:27.643458,-13.44,10.67,37.07,0,1
2026-03-10 17:50:32.643458,-13.51,11.6,32.32,0,1
2026-03-10 17:50:37.643458,-13.7,0.0,32.0,0,0
2026-03-10 17:50:42.643458,-13.32,11.1,34.62,0,1
2026-03-10 17:50:47.643458,-13.47,0.0,32.0,0,0
2026-03-10 17:50:52.643458,-13.92,0.0,32.0,0,0
2026-03-10 17:50:57.643458,-13.64,9.63,37.53,0,1
2026-03-10 17:51:02.643458,-13.65,9.56,34.13,0,1
2026-03-10 17:51:07.643458,-13.35,11.86,34.08,0,1
2026-03-10 17:51:12.643458,-13.2,0.0,32.0,0,0
2026-03-10 17:51:17.643458,-13.23,13.75,50.55,1,2
2026-03-10 17:51:22.643458,-13.52,9.34,36.49,0,1
2026-03-10 17:51:27.643458,-13.62,11.94,36.39,0,1
2026-03-10 17:51:32.643458,-12.97,14.7,42.59,1,2
2026-03-10 17:51:37.643458,-13.37,10.2,37.19,0,1
2026-03-10 17:51:42.643458,-13.61,11.53,33.54,0,1
2026-03-10 17:51:47.643458,-13.65,11.56,34.39,0,1
2026-03-10 17:51:52.643458,-13.08,0.0,32.0,0,0
2026-03-10 17:51:57.643458,-13.18,0.0,32.0,0,0
2026-03-10 17:52:02.643458,-13.28,14.05,36.74,1,2
2026-03-10 17:52:07.643458,-13.44,9.79,36.06,0,1
2026-03-10 17:52:12.643458,-13.05,0.0,32.0,0,0
2026-03-10 17:52:17.643458,-13.44,11.71,34.99,0,1
2026-03-10 17:52:22.643458,-12.98,13.65,36.39,1,2
2026-03-10 17:52:27.643458,-13.43,10.46,34.76,0,1
2026-03-10 17:52:32.643458,-13.92,0.0,32.0,0,0
2026-03-10 17:52:37.643458,-13.77,0.0,32.0,0,0
2026-03-10 17:52:42.643458,-12.95,17.17,48.77,1,2
2026-03-10 17:52:47.643458,-13.35,11.58,31.85,0,1
2026-03-10 17:52:52.643458,-13.4,0.0,32.0,0,0
2026-03-10 17:52:57.643458,-13.09,14.85,40.08,1,2
2026-03-10 17:53:02.643458,-13.03,0.0,32.0,0,0
2026-03-10 17:53:07.643458,-13.94,0.0,32.0,0,0
2026-03-10 17:53:12.643458,-13.17,16.97,41.46,1,2
2026-03-10 17:53:17.643458,-13.53,9.75,36.47,0,1
2026-03-10 17:53:22.643458,-13.68,0.0,32.0,0,0
2026-03-10 17:53:27.643458,-13.57,9.87,30.37,0,1
2026-03-10 17:53:32.643458,-12.9,13.61,48.34,1,2
2026-03-10 17:53:37.643458,-13.71,0.0,32.0,0,0
2026-03-10 17:53:42.643458,-13.03,0.0,32.0,0,0
2026-03-10 17:53:47.643458,-13.2,15.34,43.75,1,2
2026-03-10 17:53:52.643458,-13.39,10.85,36.59,0,1
2026-03-10 17:53:57.643458,-13.56,11.55,30.21,0,1
2026-03-10 17:54:02.643458,-13.08,0.0,32.0,0,0
2026-03-10 17:54:07.643458,-13.93,0.0,32.0,0,0
2026-03-10 17:54:12.643458,-14.0,0.0,32.0,0,0
2026-03-10 17:54:17.643458,-13.07,0.0,32.0,0,0
2026-03-10 17:54:22.643458,-13.23,0.0,32.0,0,0
2026-03-10 17:54:27.643458,-13.14,0.0,32.0,0,0
2026-03-10 17:54:32.643458,-13.38,0.0,32.0,0,0
2026-03-10 17:54:37.643458,-13.45,11.36,35.19,0,1
2026-03-10 17:54:42.643458,-12.95,15.18,37.35,1,2
2026-03-10 17:54:47.643458,-13.68,9.0,30.39,0,1
2026-03-10 17:54:52.643458,-13.34,0.0,32.0,0,0
2026-03-10 17:54:57.643458,-13.63,11.3,31.42,0,1
2026-03-10 17:55:02.643458,-13.42,11.83,33.5,0,1
2026-03-10 17:55:07.643458,-13.74,0.0,32.0,0,0
2026-03-10 17:55:12.643458,-13.52,11.15,32.48,0,1
2026-03-10 17:55:17.643458,-13.11,15.14,51.0,1,2
2026-03-10 17:55:22.643458,-13.5,0.0,32.0,0,0
2026-03-10 17:55:27.643458,-13.39,11.68,34.62,0,1
2026-03-10 17:55:32.643458,-13.99,0.0,32.0,0,0
2026-03-10 17:55:37.643458,-12.75,13.48,43.36,1,2
2026-03-10 17:55:42.643458,-13.6,0.0,32.0,0,0
2026-03-10 17:55:47.643458,-13.47,11.04,31.62,0,1
2026-03-10 17:55:52.643458,-13.01,0.0,32.0,0,0
2026-03-10 17:55:57.643458,-13.46,11.74,35.32,0,1
2026-03-10 17:56:02.643458,-13.71,0.0,32.0,0,0
2026-03-10 17:56:07.643458,-13.03,0.0,32.0,0,0
2026-03-10 17:56:12.643458,-12.78,16.65,37.03,1,2
2026-03-10 17:56:17.643458,-13.64,0.0,32.0,0,0
2026-03-10 17:56:22.643458,-13.6,9.11,37.71,0,1
2026-03-10 17:56:27.643458,-13.01,0.0,32.0,0,0
2026-03-10 17:56:32.643458,-13.86,0.0,32.0,0,0
2026-03-10 17:56:37.643458,-13.21,14.35,43.17,1,2
2026-03-10 17:56:42.643458,-13.18,17.64,47.68,1,2
2026-03-10 17:56:47.643458,-13.29,0.0,32.0,0,0
2026-03-10 17:56:52.643458,-13.19,0.0,32.0,0,0
2026-03-10 17:56:57.643458,-13.04,0.0,32.0,0,0
2026-03-10 17:57:02.643458,-12.73,16.17,42.85,1,2
2026-03-10 17:57:07.643458,-13.63,11.48,39.07,0,1
2026-03-10 17:57:12.643458,-13.69,10.07,39.52,0,1
2026-03-10 17:57:17.643458,-13.29,0.0,32.0,0,0
2026-03-10 17:57:22.643458,-13.51,0.0,32.0,0,0
2026-03-10 17:57:27.643458,-13.3,10.47,35.03,0,1
2026-03-10 17:57:32.643458,-13.58,10.47,39.0,0,1
2026-03-10 17:57:37.643458,-13.4,0.0,32.0,0,0
2026-03-10 17:57:42.643458,-13.15,13.62,41.31,1,2
2026-03-10 17:57:47.643458,-12.97,15.2,51.19,1,2
2026-03-10 17:57:52.643458,-12.92,16.23,45.01,1,2
2026-03-10 17:57:57.643458,-13.98,0.0,32.0,0,0
2026-03-10 17:58:02.643458,-13.67,0.0,32.0,0,0
2026-03-10 17:58:07.643458,-13.47,11.82,36.81,0,1
2026-03-10 17:58:12.643458,-12.94,15.09,36.16,1,2
2026-03-10 17:58:17.643458,-13.53,9.09,34.8,0,1
2026-03-10 17:58:22.643458,-13.56,11.25,38.21,0,1
2026-03-10 17:58:27.643458,-13.42,11.26,31.34,0,1
2026-03-10 17:58:32.643458,-13.21,13.39,43.03,1,2
2026-03-10 17:58:37.643458,-12.76,16.72,45.77,1,2
2026-03-10 17:58:42.643458,-13.25,16.13,54.7,1,2
2026-03-10 17:58:47.643458,-13.68,11.42,32.4,0,1
2026-03-10 17:58:52.643458,-13.08,13.7,53.85,1,2
2026-03-10 17:58:57.643458,-13.78,0.0,32.0,0,0
2026-03-10 17:59:02.643458,-13.49,10.57,36.6,0,1
2026-03-10 17:59:07.643458,-13.03,15.57,41.52,1,2
2026-03-10 17:59:12.643458,-13.63,9.08,34.17,0,1
2026-03-10 17:59:17.643458,-13.39,0.0,32.0,0,0
2026-03-10 17:59:22.643458,-13.48,0.0,32.0,0,0
2026-03-10 17:59:27.643458,-13.08,0.0,32.0,0,0
2026-03-10 17:59:32.643458,-13.56,11.99,37.57,0,1
2026-03-10 17:59:37.643458,-13.41,9.82,37.59,0,1
2026-03-10 17:59:42.643458,-13.38,9.67,38.55,0,1
2026-03-10 17:59:47.643458,-13.35,0.0,32.0,0,0
2026-03-10 17:59:52.643458,-13.58,9.75,35.51,0,1
2026-03-10 17:59:57.643458,-12.85,16.42,49.19,1,2
2026-03-10 18:00:02.643458,-12.87,16.61,45.1,1,2
2026-03-10 18:00:07.643458,-13.67,9.98,31.03,0,1
2026-03-10 18:00:12.643458,-13.92,0.0,32.0,0,0
2026-03-10 18:00:17.643458,-12.91,15.4,52.41,1,2
2026-03-10 18:00:22.643458,-13.4,11.23,36.72,0,1
2026-03-10 18:00:27.643458,-13.09,17.8,51.73,1,2
2026-03-10 18:00:32.643458,-13.26,0.0,32.0,0,0
2026-03-10 18:00:37.643458,-13.7,10.41,33.82,0,1
2026-03-10 18:00:42.643458,-13.44,0.0,32.0,0,0
2026-03-10 18:00:47.643458,-13.6,10.0,38.61,0,1
2026-03-10 18:00:52.643458,-13.51,0.0,32.0,0,0
2026-03-10 18:00:57.643458,-13.88,0.0,32.0,0,0
2026-03-10 18:01:02.643458,-13.54,10.05,39.46,0,1
2026-03-10 18:01:07.643458,-13.53,10.64,34.61,0,1
2026-03-10 18:01:12.643458,-13.3,15.72,37.54,1,2
2026-03-10 18:01:17.643458,-13.8,0.0,32.0,0,0
2026-03-10 18:01:22.643458,-13.1,0.0,32.0,0,0
2026-03-10 18:01:27.643458,-13.58,10.66,31.71,0,1
2026-03-10 18:01:32.643458,-13.74,0.0,32.0,0,0
2026-03-10 18:01:37.643458,-13.48,9.68,35.48,0,1
2026-03-10 18:01:42.643458,-13.52,11.6,30.4,0,1
2026-03-10 18:01:47.643458,-13.1,15.07,44.62,1,2
2026-03-10 18:01:52.643458,-13.7,0.0,32.0,0,0
2026-03-10 18:01:57.643458,-13.51,0.0,32.0,0,0
2026-03-10 18:02:02.643458,-13.45,9.3,33.19,0,1
2026-03-10 18:02:07.643458,-13.44,10.13,34.85,0,1
2026-03-10 18:02:12.643458,-13.43,0.0,32.0,0,0
2026-03-10 18:02:17.643458,-13.59,9.88,31.59,0,1
2026-03-10 18:02:22.643458,-13.46,10.86,36.22,0,1
2026-03-10 18:02:27.643458,-13.79,0.0,32.0,0,0
2026-03-10 18:02:32.643458,-13.26,13.3,54.58,1,2
2026-03-10 18:02:37.643458,-13.09,13.73,48.54,1,2
2026-03-10 18:02:42.643458,-13.47,0.0,32.0,0,0
2026-03-10 18:02:47.643458,-12.98,17.5,44.05,1,2
2026-03-10 18:02:52.643458,-13.18,16.12,48.71,1,2
2026-03-10 18:02:57.643458,-13.38,11.52,32.37,0,1
2026-03-10 18:03:02.643458,-13.08,0.0,32.0,0,0
2026-03-10 18:03:07.643458,-13.67,0.0,32.0,0,0
2026-03-10 18:03:12.643458,-12.78,16.63,48.48,1,2
2026-03-10 18:03:17.643458,-12.82,14.27,52.32,1,2
2026-03-10 18:03:22.643458,-13.96,0.0,32.0,0,0
2026-03-10 18:03:27.643458,-13.07,0.0,32.0,0,0
2026-03-10 18:03:32.643458,-13.54,0.0,32.0,0,0
2026-03-10 18:03:37.643458,-13.48,0.0,32.0,0,0
2026-03-10 18:03:42.643458,-12.71,14.55,46.66,1,2
2026-03-10 18:03:47.643458,-13.16,0.0,32.0,0,0
2026-03-10 18:03:52.643458,-13.77,0.0,32.0,0,0
2026-03-10 18:03:57.643458,-12.73,16.96,38.78,1,2
2026-03-10 18:04:02.643458,-13.35,11.93,38.37,0,1
2026-03-10 18:04:07.643458,-13.69,11.6,31.15,0,1
2026-03-10 18:04:12.643458,-12.72,15.73,37.97,1,2
2026-03-10 18:04:17.643458,-13.08,15.11,43.74,1,2
2026-03-10 18:04:22.643458,-13.46,9.42,31.04,0,1
2026-03-10 18:04:27.643458,-13.6,11.49,37.22,0,1
2026-03-10 18:04:32.643458,-13.07,0.0,32.0,0,0
2026-03-10 18:04:37.643458,-12.87,15.26,48.51,1,2
2026-03-10 18:04:42.643458,-13.63,9.48,31.57,0,1
2026-03-10 18:04:47.643458,-12.77,17.02,35.56,1,2
2026-03-10 18:04:52.643458,-13.12,0.0,32.0,0,0
2026-03-10 18:04:57.643458,-13.56,11.97,30.71,0,1
2026-03-10 18:05:02.643458,-13.31,9.29,33.11,0,1
2026-03-10 18:05:07.643458,-13.13,0.0,32.0,0,0
2026-03-10 18:05:12.643458,-13.66,9.17,33.87,0,1
2026-03-10 18:05:17.643458,-12.94,17.28,46.32,1,2
2026-03-10 18:05:22.643458,-13.8,0.0,32.0,0,0
2026-03-10 18:05:27.643458,-13.31,10.32,39.62,0,1
2026-03-10 18:05:32.643458,-13.42,9.52,34.28,0,1
2026-03-10 18:05:37.643458,-13.64,9.79,32.91,0,1
2026-03-10 18:05:42.643458,-13.55,0.0,32.0,0,0
2026-03-10 18:05:47.643458,-13.65,9.31,31.83,0,1
2026-03-10 18:05:52.643458,-13.03,17.84,51.52,1,2
2026-03-10 18:05:57.643458,-13.17,14.85,40.21,1,2
2026-03-10 18:06:02.643458,-13.44,0.0,32.0,0,0
2026-03-10 18:06:07.643458,-13.5,11.52,31.45,0,1
2026-03-10 18:06:12.643458,-13.27,15.65,38.71,1,2
2026-03-10 18:06:17.643458,-13.55,0.0,32.0,0,0
2026-03-10 18:06:22.643458,-13.57,0.0,32.0,0,0
2026-03-10 18:06:27.643458,-12.91,17.18,38.08,1,2
2026-03-10 18:06:32.643458,-13.66,0.0,32.0,0,0
2026-03-10 18:06:37.643458,-12.88,16.15,49.87,1,2
2026-03-10 18:06:42.643458,-13.67,10.84,32.68,0,1
2026-03-10 18:06:47.643458,-13.37,10.65,33.36,0,1
2026-03-10 18:06:52.643458,-13.18,0.0,32.0,0,0
2026-03-10 18:06:57.643458,-13.41,11.68,39.22,0,1
2026-03-10 18:07:02.643458,-13.89,0.0,32.0,0,0
2026-03-10 18:07:07.643458,-13.47,11.29,33.33,0,1
2026-03-10 18:07:12.643458,-13.32,9.39,39.96,0,1
2026-03-10 18:07:17.643458,-13.9,0.0,32.0,0,0
2026-03-10 18:07:22.643458,-13.84,0.0,32.0,0,0
2026-03-10 18:07:27.643458,-13.65,0.0,32.0,0,0
2026-03-10 18:07:32.643458,-13.69,0.0,32.0,0,0
2026-03-10 18:07:37.643458,-12.97,14.0,52.72,1,2
2026-03-10 18:07:42.643458,-13.55,0.0,32.0,0,0
2026-03-10 18:07:47.643458,-13.45,10.63,35.0,0,1
2026-03-10 18:07:52.643458,-13.41,9.8,38.78,0,1
2026-03-10 18:07:57.643458,-13.03,13.6,53.78,1,2
2026-03-10 18:08:02.643458,-13.47,9.21,30.45,0,1
2026-03-10 18:08:07.643458,-13.38,9.61,34.16,0,1
2026-03-10 18:08:12.643458,-13.5,9.12,38.85,0,1
2026-03-10 18:08:17.643458,-13.42,0.0,32.0,0,0
2026-03-10 18:08:22.643458,-12.98,14.18,53.15,1,2
2026-03-10 18:08:27.643458,-13.43,10.0,30.5,0,1
2026-03-10 18:08:32.643458,-13.34,0.0,32.0,0,0
2026-03-10 18:08:37.643458,-13.56,0.0,32.0,0,0
2026-03-10 18:08:42.643458,-13.14,15.85,48.52,1,2
2026-03-10 18:08:47.643458,-12.78,14.06,39.76,1,2
2026-03-10 18:08:52.643458,-13.41,0.0,32.0,0,0
2026-03-10 18:08:57.643458,-13.96,0.0,32.0,0,0
2026-03-10 18:09:02.643458,-13.7,9.35,35.08,0,1
2026-03-10 18:09:07.643458,-12.83,15.11,50.02,1,2
2026-03-10 18:09:12.643458,-13.4,11.9,30.36,0,1
2026-03-10 18:09:17.643458,-13.0,17.76,53.86,1,2
2026-03-10 18:09:22.643458,-13.69,11.8,33.07,0,1
2026-03-10 18:09:27.643458,-13.05,0.0,32.0,0,0
2026-03-10 18:09:32.643458,-13.59,10.76,34.04,0,1
2026-03-10 18:09:37.643458,-12.85,17.71,46.81,1,2
2026-03-10 18:09:42.643458,-13.41,9.69,33.89,0,1
2026-03-10 18:09:47.643458,-13.61,0.0,32.0,0,0
2026-03-10 18:09:52.643458,-12.75,13.33,52.03,1,2
2026-03-10 18:09:57.643458,-13.23,15.92,48.59,1,2
2026-03-10 18:10:02.643458,-13.01,15.07,42.16,1,2
2026-03-10 18:10:07.643458,-13.43,0.0,32.0,0,0
2026-03-10 18:10:12.643458,-13.29,17.66,43.66,1,2
2026-03-10 18:10:17.643458,-13.36,0.0,32.0,0,0
2026-03-10 18:10:22.643458,-12.84,16.44,46.02,1,2
2026-03-10 18:10:27.643458,-13.72,0.0,32.0,0,0
2026-03-10 18:10:32.643458,-12.78,13.77,46.3,1,2
2026-03-10 18:10:37.643458,-13.32,9.1,30.66,0,1
2026-03-10 18:10:42.643458,-13.59,11.49,37.22,0,1
2026-03-10 18:10:47.643458,-13.05,13.24,51.63,1,2
2026-03-10 18:10:52.643458,-13.17,0.0,32.0,0,0
2026-03-10 18:10:57.643458,-13.48,10.89,34.98,0,1
2026-03-10 18:11:02.643458,-13.33,11.98,36.65,0,1
2026-03-10 18:11:07.643458,-13.78,0.0,32.0,0,0
2026-03-10 18:11:12.643458,-13.59,11.46,38.36,0,1
2026-03-10 18:11:17.643458,-13.4,10.11,34.11,0,1
2026-03-10 18:11:22.643458,-13.29,13.5,40.28,1,2
2026-03-10 18:11:27.643458,-13.68,10.95,31.46,0,1
2026-03-10 18:11:32.643458,-13.03,0.0,32.0,0,0
2026-03-10 18:11:37.643458,-13.66,9.84,38.58,0,1
2026-03-10 18:11:42.643458,-13.36,10.37,38.89,0,1
2026-03-10 18:11:47.643458,-13.46,0.0,32.0,0,0
2026-03-10 18:11:52.643458,-13.52,0.0,32.0,0,0
2026-03-10 18:11:57.643458,-13.49,0.0,32.0,0,0
2026-03-10 18:12:02.643458,-13.57,11.48,33.74,0,1
2026-03-10 18:12:07.643458,-13.04,16.63,36.22,1,2
2026-03-10 18:12:12.643458,-13.15,16.7,52.39,1,2
2026-03-10 18:12:17.643458,-13.09,13.54,46.66,1,2
2026-03-10 18:12:22.643458,-13.13,17.62,38.0,1,2
2026-03-10 18:12:27.643458,-12.9,15.02,47.25,1,2
2026-03-10 18:12:32.643458,-13.62,0.0,32.0,0,0
2026-03-10 18:12:37.643458,-13.39,11.06,33.66,0,1
2026-03-10 18:12:42.643458,-13.21,0.0,32.0,0,0
2026-03-10 18:12:47.643458,-12.73,17.82,46.64,1,2
2026-03-10 18:12:52.643458,-13.32,0.0,32.0,0,0
2026-03-10 18:12:57.643458,-13.11,17.83,44.03,1,2
2026-03-10 18:13:02.643458,-13.28,15.99,41.33,1,2
2026-03-10 18:13:07.643458,-13.25,16.11,53.41,1,2
2026-03-10 18:13:12.643458,-13.62,0.0,32.0,0,0
2026-03-10 18:13:17.643458,-12.91,15.99,51.45,1,2
2026-03-10 18:13:22.643458,-13.0,0.0,32.0,0,0
2026-03-10 18:13:27.643458,-13.56,9.03,35.54,0,1
2026-03-10 18:13:32.643458,-12.96,14.2,46.58,1,2
2026-03-10 18:13:37.643458,-13.63,10.6,33.41,0,1
2026-03-10 18:13:42.643458,-13.14,16.97,40.5,1,2
2026-03-10 18:13:47.643458,-13.2,0.0,32.0,0,0
2026-03-10 18:13:52.643458,-13.64,9.38,36.0,0,1
2026-03-10 18:13:57.643458,-13.62,10.54,33.9,0,1
2026-03-10 18:14:02.643458,-13.52,11.82,30.22,0,1
2026-03-10 18:14:07.643458,-13.91,0.0,32.0,0,0
2026-03-10 18:14:12.643458,-13.6,10.87,35.59,0,1
2026-03-10 18:14:17.643458,-13.33,9.8,38.89,0,1
2026-03-10 18:14:22.643458,-13.54,10.36,32.38,0,1
2026-03-10 18:14:27.643458,-13.18,16.15,44.64,1,2
2026-03-10 18:14:32.643458,-13.16,0.0,32.0,0,0
2026-03-10 18:14:37.643458,-13.49,11.57,32.68,0,1
2026-03-10 18:14:42.643458,-13.49,11.01,34.09,0,1
2026-03-10 18:14:47.643458,-13.23,17.07,42.32,1,2
2026-03-10 18:14:52.643458,-13.56,10.03,31.29,0,1
2026-03-10 18:14:57.643458,-13.38,0.0,32.0,0,0
2026-03-10 18:15:02.643458,-12.92,16.11,35.04,1,2
2026-03-10 18:15:07.643458,-12.75,14.32,36.04,1,2
2026-03-10 18:15:12.643458,-13.23,0.0,32.0,0,0
2026-03-10 18:15:17.643458,-13.14,13.24,45.24,1,2
2026-03-10 18:15:22.643458,-13.6,10.93,30.1,0,1
2026-03-10 18:15:27.643458,-13.16,0.0,32.0,0,0
2026-03-10 18:15:32.643458,-12.97,13.12,37.2,1,2
2026-03-10 18:15:37.643458,-13.51,9.25,37.36,0,1
2026-03-10 18:15:42.643458,-12.75,14.99,54.76,1,2
2026-03-10 18:15:47.643458,-13.04,0.0,32.0,0,0
2026-03-10 18:15:52.643458,-13.54,10.2,39.12,0,1
2026-03-10 18:15:57.643458,-13.68,11.42,38.78,0,1
2026-03-10 18:16:02.643458,-13.36,11.06,34.83,0,1
2026-03-10 18:16:07.643458,-13.28,13.95,54.48,1,2
2026-03-10 18:16:12.643458,-13.41,11.67,36.1,0,1
2026-03-10 18:16:17.643458,-13.1,16.0,49.43,1,2
2026-03-10 18:16:22.643458,-13.03,16.2,46.72,1,2
2026-03-10 18:16:27.643458,-12.99,17.3,45.48,1,2
2026-03-10 18:16:32.643458,-12.85,13.33,41.59,1,2
2026-03-10 18:16:37.643458,-13.02,0.0,32.0,0,0
2026-03-10 18:16:42.643458,-13.31,11.16,37.14,0,1
2026-03-10 18:16:47.643458,-13.87,0.0,32.0,0,0
2026-03-10 18:16:52.643458,-13.95,0.0,32.0,0,0
2026-03-10 18:16:57.643458,-13.0,14.19,40.45,1,2
2026-03-10 18:17:02.643458,-13.77,0.0,32.0,0,0
2026-03-10 18:17:07.643458,-12.91,17.56,44.09,1,2
2026-03-10 18:17:12.643458,-13.23,15.71,48.87,1,2
2026-03-10 18:17:17.643458,-13.26,13.1,43.35,1,2
2026-03-10 18:17:22.643458,-12.97,13.6,35.97,1,2
2026-03-10 18:17:27.643458,-13.21,15.53,35.51,1,2
2026-03-10 18:17:32.643458,-13.14,0.0,32.0,0,0
2026-03-10 18:17:37.643458,-13.45,10.73,30.1,0,1
2026-03-10 18:17:42.643458,-13.04,14.85,39.57,1,2
2026-03-10 18:17:47.643458,-13.18,16.93,51.61,1,2
2026-03-10 18:17:52.643458,-13.72,0.0,32.0,0,0
2026-03-10 18:17:57.643458,-13.92,0.0,32.0,0,0
2026-03-10 18:18:02.643458,-13.6,10.3,37.9,0,1
2026-03-10 18:18:07.643458,-12.79,14.19,35.62,1,2
2026-03-10 18:18:12.643458,-13.22,15.09,54.17,1,2
2026-03-10 18:18:17.643458,-13.18,13.35,47.52,1,2
2026-03-10 18:18:22.643458,-13.79,0.0,32.0,0,0
2026-03-10 18:18:27.643458,-12.96,14.5,52.56,1,2
2026-03-10 18:18:32.643458,-13.65,9.27,37.38,0,1
2026-03-10 18:18:37.643458,-13.56,11.44,36.08,0,1
2026-03-10 18:18:42.643458,-13.47,10.11,35.84,0,1
2026-03-10 18:18:47.643458,-13.42,9.97,35.15,0,1
2026-03-10 18:18:52.643458,-13.42,0.0,32.0,0,0
2026-03-10 18:18:57.643458,-12.87,16.6,43.71,1,2
2026-03-10 18:19:02.643458,-13.31,9.28,39.01,0,1
2026-03-10 18:19:07.643458,-13.59,0.0,32.0,0,0
2026-03-10 18:19:12.643458,-13.12,0.0,32.0,0,0
2026-03-10 18:19:17.643458,-12.77,14.7,54.09,1,2
2026-03-10 18:19:22.643458,-12.77,14.87,54.21,1,2
2026-03-10 18:19:27.643458,-13.52,0.0,32.0,0,0
2026-03-10 18:19:32.643458,-13.53,11.97,30.82,0,1
2026-03-10 18:19:37.643458,-12.74,14.65,40.53,1,2
2026-03-10 18:19:42.643458,-13.27,15.55,36.65,1,2
2026-03-10 18:19:47.643458,-13.36,10.07,39.74,0,1
2026-03-10 18:19:52.643458,-13.9,0.0,32.0,0,0
2026-03-10 18:19:57.643458,-13.54,11.49,39.5,0,1
2026-03-10 18:20:02.643458,-12.91,14.72,41.81,1,2
2026-03-10 18:20:07.643458,-13.63,0.0,32.0,0,0
2026-03-10 18:20:12.643458,-13.4,11.31,32.75,0,1
2026-03-10 18:20:17.643458,-13.56,10.62,32.22,0,1
2026-03-10 18:20:22.643458,-13.26,14.34,54.21,1,2
2026-03-10 18:20:27.643458,-13.14,0.0,32.0,0,0
2026-03-10 18:20:32.643458,-12.85,17.79,48.52,1,2
2026-03-10 18:20:37.643458,-13.36,10.9,34.58,0,1
2026-03-10 18:20:42.643458,-13.7,0.0,32.0,0,0
2026-03-10 18:20:47.643458,-13.19,15.1,49.47,1,2
2026-03-10 18:20:52.643458,-13.73,0.0,32.0,0,0
2026-03-10 18:20:57.643458,-13.49,11.28,38.81,0,1
2026-03-10 18:21:02.643458,-13.63,9.36,33.51,0,1
2026-03-10 18:21:07.643458,-13.63,0.0,32.0,0,0
2026-03-10 18:21:12.643458,-13.52,0.0,32.0,0,0
2026-03-10 18:21:17.643458,-13.04,13.72,54.09,1,2
2026-03-10 18:21:22.643458,-13.6,9.72,38.32,0,1
2026-03-10 18:21:27.643458,-13.61,0.0,32.0,0,0
2026-03-10 18:21:32.643458,-13.47,11.55,33.41,0,1
2026-03-10 18:21:37.643458,-12.87,17.21,52.68,1,2
2026-03-10 18:21:42.643458,-13.59,10.01,38.02,0,1
2026-03-10 18:21:47.643458,-13.27,14.81,45.25,1,2
2026-03-10 18:21:52.643458,-13.34,11.72,35.45,0,1
2026-03-10 18:21:57.643458,-13.76,0.0,32.0,0,0
2026-03-10 18:22:02.643458,-13.15,0.0,32.0,0,0
2026-03-10 18:22:07.643458,-13.61,9.23,39.42,0,1
2026-03-10 18:22:12.643458,-12.97,14.99,52.45,1,2
2026-03-10 18:22:17.643458,-13.24,17.15,39.52,1,2
2026-03-10 18:22:22.643458,-13.24,0.0,32.0,0,0
2026-03-10 18:22:27.643458,-13.48,0.0,32.0,0,0
2026-03-10 18:22:32.643458,-13.52,10.06,33.97,0,1
2026-03-10 18:22:37.643458,-13.77,0.0,32.0,0,0
2026-03-10 18:22:42.643458,-12.93,16.49,43.41,1,2
2026-03-10 18:22:47.643458,-13.02,17.98,51.63,1,2
2026-03-10 18:22:52.643458,-13.6,0.0,32.0,0,0
2026-03-10 18:22:57.643458,-13.08,15.84,36.18,1,2
2026-03-10 18:23:02.643458,-13.47,11.12,31.02,0,1
2026-03-10 18:23:07.643458,-13.34,10.55,32.27,0,1
2026-03-10 18:23:12.643458,-13.86,0.0,32.0,0,0
2026-03-10 18:23:17.643458,-13.58,9.55,33.18,0,1
2026-03-10 18:23:22.643458,-12.93,14.14,45.18,1,2
2026-03-10 18:23:27.643458,-13.39,0.0,32.0,0,0
2026-03-10 18:23:32.643458,-12.82,17.57,52.63,1,2
2026-03-10 18:23:37.643458,-13.42,0.0,32.0,0,0
2026-03-10 18:23:42.643458,-12.7,13.95,39.25,1,2
2026-03-10 18:23:47.643458,-13.17,0.0,32.0,0,0
2026-03-10 18:23:52.643458,-13.23,15.47,41.34,1,2
2026-03-10 18:23:57.643458,-13.25,0.0,32.0,0,0
2026-03-10 18:24:02.643458,-12.82,16.54,53.7,1,2
2026-03-10 18:24:07.643458,-13.22,0.0,32.0,0,0
2026-03-10 18:24:12.643458,-13.4,10.27,37.41,0,1
2026-03-10 18:24:17.643458,-13.56,0.0,32.0,0,0
2026-03-10 18:24:22.643458,-13.01,0.0,32.0,0,0
2026-03-10 18:24:27.643458,-12.74,17.05,51.8,1,2
2026-03-10 18:24:32.643458,-13.14,17.03,51.91,1,2
2026-03-10 18:24:37.643458,-13.45,11.21,33.35,0,1
2026-03-10 18:24:42.643458,-13.16,0.0,32.0,0,0
2026-03-10 18:24:47.643458,-13.55,11.43,39.44,0,1
2026-03-10 18:24:52.643458,-13.15,16.48,37.16,1,2
2026-03-10 18:24:57.643458,-13.54,9.71,35.7,0,1
2026-03-10 18:25:02.643458,-13.68,10.99,38.12,0,1
2026-03-10 18:25:07.643458,-13.15,16.4,45.98,1,2
2026-03-10 18:25:12.643458,-13.52,10.45,39.72,0,1
2026-03-10 18:25:17.643458,-13.02,0.0,32.0,0,0
2026-03-10 18:25:22.643458,-13.71,0.0,32.0,0,0
2026-03-10 18:25:27.643458,-13.03,14.75,44.83,1,2
2026-03-10 18:25:32.643458,-13.79,0.0,32.0,0,0
2026-03-10 18:25:37.643458,-13.98,0.0,32.0,0,0
2026-03-10 18:25:42.643458,-13.62,0.0,32.0,0,0
2026-03-10 18:25:47.643458,-13.35,11.0,35.08,0,1
2026-03-10 18:25:52.643458,-13.67,9.49,30.1,0,1
2026-03-10 18:25:57.643458,-13.15,0.0,32.0,0,0
2026-03-10 18:26:02.643458,-13.0,0.0,32.0,0,0
2026-03-10 18:26:07.643458,-13.52,9.02,34.89,0,1
2026-03-10 18:26:12.643458,-13.48,0.0,32.0,0,0
2026-03-10 18:26:17.643458,-13.52,10.77,37.07,0,1
2026-03-10 18:26:22.643458,-13.86,0.0,32.0,0,0
2026-03-10 18:26:27.643458,-13.12,0.0,32.0,0,0
2026-03-10 18:26:32.643458,-13.11,0.0,32.0,0,0
2026-03-10 18:26:37.643458,-12.81,15.63,47.27,1,2
2026-03-10 18:26:42.643458,-13.6,9.1,35.85,0,1
2026-03-10 18:26:47.643458,-13.37,11.23,36.47,0,1
2026-03-10 18:26:52.643458,-13.0,0.0,32.0,0,0
2026-03-10 18:26:57.643458,-13.34,10.25,31.75,0,1
2026-03-10 18:27:02.643458,-13.64,10.06,35.61,0,1
2026-03-10 18:27:07.643458,-13.17,14.95,52.47,1,2
2026-03-10 18:27:12.643458,-13.11,0.0,32.0,0,0
2026-03-10 18:27:17.643458,-12.71,17.95,35.1,1,2
2026-03-10 18:27:22.643458,-13.83,0.0,32.0,0,0
2026-03-10 18:27:27.643458,-13.53,0.0,32.0,0,0
2026-03-10 18:27:32.643458,-13.27,0.0,32.0,0,0
2026-03-10 18:27:37.643458,-13.07,17.33,35.25,1,2
2026-03-10 18:27:42.643458,-12.82,16.01,47.34,1,2
2026-03-10 18:27:47.643458,-13.43,9.74,35.0,0,1
2026-03-10 18:27:52.643458,-13.2,0.0,32.0,0,0
2026-03-10 18:27:57.643458,-12.91,15.53,41.71,1,2
2026-03-10 18:28:02.643458,-13.24,0.0,32.0,0,0
2026-03-10 18:28:07.643458,-13.62,11.73,30.17,0,1
2026-03-10 18:28:12.643458,-13.2,0.0,32.0,0,0
2026-03-10 18:28:17.643458,-12.88,17.4,40.46,1,2
2026-03-10 18:28:22.643458,-12.86,17.95,54.6,1,2
2026-03-10 18:28:27.643458,-13.18,0.0,32.0,0,0
2026-03-10 18:28:32.643458,-12.73,16.14,40.16,1,2
2026-03-10 18:28:37.643458,-13.51,9.04,32.41,0,1
2026-03-10 18:28:42.643458,-13.09,14.02,53.58,1,2
2026-03-10 18:28:47.643458,-13.29,13.68,51.87,1,2
2026-03-10 18:28:52.643458,-13.62,10.02,38.04,0,1
2026-03-10 18:28:57.643458,-13.27,16.57,47.86,1,2
2026-03-10 18:29:02.643458,-13.63,0.0,32.0,0,0
2026-03-10 18:29:07.643458,-13.09,0.0,32.0,0,0
2026-03-10 18:29:12.643458,-13.08,14.73,38.98,1,2
2026-03-10 18:29:17.643458,-13.61,0.0,32.0,0,0
2026-03-10 18:29:22.643458,-13.5,11.41,30.61,0,1
2026-03-10 18:29:27.643458,-13.04,17.1,47.02,1,2
2026-03-10 18:29:32.643458,-13.4,10.95,37.35,0,1
2026-03-10 18:29:37.643458,-13.58,0.0,32.0,0,0
2026-03-10 18:29:42.643458,-13.15,17.33,44.73,1,2
2026-03-10 18:29:47.643458,-13.82,0.0,32.0,0,0
2026-03-10 18:29:52.643458,-13.19,16.44,38.9,1,2
2026-03-10 18:29:57.643458,-13.39,11.2,35.98,0,1
2026-03-10 18:30:02.643458,-13.08,14.3,35.77,1,2
2026-03-10 18:30:07.643458,-13.52,11.57,32.49,0,1
2026-03-10 18:30:12.643458,-13.46,0.0,32.0,0,0
2026-03-10 18:30:17.643458,-12.92,14.07,45.71,1,2
2026-03-10 18:30:22.643458,-13.35,11.95,31.39,0,1
2026-03-10 18:30:27.643458,-13.34,10.34,38.24,0,1
2026-03-10 18:30:32.643458,-13.07,15.39,48.53,1,2
2026-03-10 18:30:37.643458,-13.6,11.08,38.55,0,1
2026-03-10 18:30:42.643458,-12.72,17.29,44.32,1,2
2026-03-10 18:30:47.643458,-13.09,15.28,36.07,1,2
2026-03-10 18:30:52.643458,-13.02,0.0,32.0,0,0
2026-03-10 18:30:57.643458,-13.19,16.16,43.78,1,2
2026-03-10 18:31:02.643458,-13.69,10.73,34.63,0,1
2026-03-10 18:31:07.643458,-13.56,11.15,37.98,0,1
2026-03-10 18:31:12.643458,-13.06,15.36,54.66,1,2
2026-03-10 18:31:17.643458,-13.07,0.0,32.0,0,0
2026-03-10 18:31:22.643458,-13.51,0.0,32.0,0,0
2026-03-10 18:31:27.643458,-13.72,0.0,32.0,0,0
2026-03-10 18:31:32.643458,-13.54,9.78,39.43,0,1
2026-03-10 18:31:37.643458,-12.91,14.27,49.87,1,2
2026-03-10 18:31:42.643458,-13.53,0.0,32.0,0,0
2026-03-10 18:31:47.643458,-13.36,0.0,32.0,0,0
2026-03-10 18:31:52.643458,-13.31,9.28,31.86,0,1
2026-03-10 18:31:57.643458,-13.19,14.8,39.94,1,2
2026-03-10 18:32:02.643458,-12.87,14.86,52.47,1,2
2026-03-10 18:32:07.643458,-13.41,11.79,35.26,0,1
2026-03-10 18:32:12.643458,-13.03,14.15,40.06,1,2
2026-03-10 18:32:17.643458,-13.26,16.38,39.21,1,2
2026-03-10 18:32:22.643458,-13.45,10.77,38.59,0,1
2026-03-10 18:32:27.643458,-13.48,10.16,34.81,0,1
2026-03-10 18:32:32.643458,-13.64,10.84,38.56,0,1
2026-03-10 18:32:37.643458,-12.91,15.12,39.49,1,2
2026-03-10 18:32:42.643458,-13.2,17.76,41.46,1,2
2026-03-10 18:32:47.643458,-13.14,13.04,45.13,1,2
2026-03-10 18:32:52.643458,-13.6,11.69,32.11,0,1
2026-03-10 18:32:57.643458,-13.42,11.58,35.49,0,1
2026-03-10 18:33:02.643458,-13.57,10.14,38.43,0,1
2026-03-10 18:33:07.643458,-12.87,13.85,50.24,1,2
2026-03-10 18:33:12.643458,-13.17,16.17,49.83,1,2
2026-03-10 18:33:17.643458,-12.84,17.66,39.25,1,2
2026-03-10 18:33:22.643458,-13.47,11.77,32.95,0,1
2026-03-10 18:33:27.643458,-13.07,0.0,32.0,0,0
2026-03-10 18:33:32.643458,-13.44,10.87,33.69,0,1
2026-03-10 18:33:37.643458,-13.63,9.49,31.15,0,1
2026-03-10 18:33:42.643458,-13.35,0.0,32.0,0,0
2026-03-10 18:33:47.643458,-13.19,0.0,32.0,0,0
2026-03-10 18:33:52.643458,-13.85,0.0,32.0,0,0
2026-03-10 18:33:57.643458,-13.49,0.0,32.0,0,0
2026-03-10 18:34:02.643458,-13.44,0.0,32.0,0,0
2026-03-10 18:34:07.643458,-13.45,10.76,39.93,0,1
2026-03-10 18:34:12.643458,-13.29,13.81,50.04,1,2
2026-03-10 18:34:17.643458,-13.39,11.97,37.47,0,1
2026-03-10 18:34:22.643458,-12.94,13.06,37.09,1,2
2026-03-10 18:34:27.643458,-13.92,0.0,32.0,0,0
2026-03-10 18:34:32.643458,-13.16,15.24,48.69,1,2
2026-03-10 18:34:37.643458,-13.56,9.65,33.79,0,1
2026-03-10 18:34:42.643458,-13.54,9.21,39.38,0,1
2026-03-10 18:34:47.643458,-12.88,13.93,41.84,1,2
2026-03-10 18:34:52.643458,-13.55,10.44,32.88,0,1
2026-03-10 18:34:57.643458,-13.95,0.0,32.0,0,0
2026-03-10 18:35:02.643458,-13.23,0.0,32.0,0,0
2026-03-10 18:35:07.643458,-13.74,0.0,32.0,0,0
2026-03-10 18:35:12.643458,-13.62,11.74,39.28,0,1
2026-03-10 18:35:17.643458,-13.7,9.09,34.89,0,1
2026-03-10 18:35:22.643458,-13.1,14.69,47.14,1,2
2026-03-10 18:35:27.643458,-13.66,10.2,39.47,0,1
2026-03-10 18:35:32.643458,-13.31,9.99,30.19,0,1
2026-03-10 18:35:37.643458,-13.51,11.55,32.43,0,1
2026-03-10 18:35:42.643458,-13.32,11.89,33.34,0,1
2026-03-10 18:35:47.643458,-13.19,14.71,39.13,1,2
2026-03-10 18:35:52.643458,-13.56,11.38,36.24,0,1
2026-03-10 18:35:57.643458,-13.66,11.98,30.34,0,1
2026-03-10 18:36:02.643458,-13.89,0.0,32.0,0,0
2026-03-10 18:36:07.643458,-12.76,13.59,49.19,1,2
2026-03-10 18:36:12.643458,-13.1,15.76,36.65,1,2
2026-03-10 18:36:17.643458,-12.8,14.93,52.47,1,2
2026-03-10 18:36:22.643458,-13.3,10.57,36.16,0,1
2026-03-10 18:36:27.643458,-13.76,0.0,32.0,0,0
2026-03-10 18:36:32.643458,-13.26,17.79,46.56,1,2
2026-03-10 18:36:37.643458,-13.17,16.61,41.51,1,2
2026-03-10 18:36:42.643458,-12.96,16.85,44.58,1,2
2026-03-10 18:36:47.643458,-12.76,15.79,48.51,1,2
2026-03-10 18:36:52.643458,-13.57,0.0,32.0,0,0
2026-03-10 18:36:57.643458,-12.88,15.49,44.54,1,2
2026-03-10 18:37:02.643458,-13.03,0.0,32.0,0,0
2026-03-10 18:37:07.643458,-13.44,11.94,33.46,0,1
2026-03-10 18:37:12.643458,-13.26,0.0,32.0,0,0
2026-03-10 18:37:17.643458,-13.48,11.87,35.53,0,1
2026-03-10 18:37:22.643458,-13.37,0.0,32.0,0,0
2026-03-10 18:37:27.643458,-13.59,10.79,31.32,0,1
2026-03-10 18:37:32.643458,-13.63,0.0,32.0,0,0
2026-03-10 18:37:37.643458,-12.88,16.3,49.84,1,2
2026-03-10 18:37:42.643458,-12.94,14.12,50.69,1,2
2026-03-10 18:37:47.643458,-13.99,0.0,32.0,0,0
2026-03-10 18:37:52.643458,-13.52,10.22,34.55,0,1
2026-03-10 18:37:57.643458,-12.75,13.22,47.11,1,2
2026-03-10 18:38:02.643458,-13.21,0.0,32.0,0,0
2026-03-10 18:38:07.643458,-13.3,17.6,47.05,1,2
2026-03-10 18:38:12.643458,-13.26,0.0,32.0,0,0
2026-03-10 18:38:17.643458,-13.36,0.0,32.0,0,0
2026-03-10 18:38:22.643458,-13.22,14.72,39.51,1,2
2026-03-10 18:38:27.643458,-13.35,11.74,30.65,0,1
2026-03-10 18:38:32.643458,-13.03,14.89,35.55,1,2
2026-03-10 18:38:37.643458,-13.51,11.4,30.39,0,1
2026-03-10 18:38:42.643458,-13.53,10.78,33.07,0,1
2026-03-10 18:38:47.643458,-13.37,11.55,32.68,0,1
2026-03-10 18:38:52.643458,-13.34,0.0,32.0,0,0
2026-03-10 18:38:57.643458,-12.91,16.36,45.92,1,2
2026-03-10 18:39:02.643458,-12.89,13.24,54.08,1,2
2026-03-10 18:39:07.643458,-12.88,13.25,48.7,1,2
2026-03-10 18:39:12.643458,-13.58,10.47,33.6,0,1
2026-03-10 18:39:17.643458,-13.86,0.0,32.0,0,0
2026-03-10 18:39:22.643458,-13.9,0.0,32.0,0,0
2026-03-10 18:39:27.643458,-13.52,11.29,38.61,0,1
2026-03-10 18:39:32.643458,-13.09,13.92,35.55,1,2
2026-03-10 18:39:37.643458,-13.72,0.0,32.0,0,0
2026-03-10 18:39:42.643458,-13.39,10.22,39.76,0,1
2026-03-10 18:39:47.643458,-13.35,10.66,36.72,0,1
2026-03-10 18:39:52.643458,-13.73,0.0,32.0,0,0
2026-03-10 18:39:57.643458,-13.3,9.79,34.59,0,1
2026-03-10 18:40:02.643458,-13.06,16.01,43.89,1,2
2026-03-10 18:40:07.643458,-13.41,11.86,34.64,0,1
2026-03-10 18:40:12.643458,-13.62,9.64,30.71,0,1
2026-03-10 18:40:17.643458,-13.12,15.23,50.06,1,2
2026-03-10 18:40:22.643458,-13.48,9.71,37.03,0,1
2026-03-10 18:40:27.643458,-13.32,10.48,32.91,0,1
2026-03-10 18:40:32.643458,-12.88,16.71,40.77,1,2
2026-03-10 18:40:37.643458,-13.2,16.44,49.35,1,2
2026-03-10 18:40:42.643458,-13.26,0.0,32.0,0,0
2026-03-10 18:40:47.643458,-13.62,0.0,32.0,0,0
2026-03-10 18:40:52.643458,-12.98,16.01,49.97,1,2
2026-03-10 18:40:57.643458,-13.64,11.11,36.5,0,1
2026-03-10 18:41:02.643458,-13.55,10.56,30.79,0,1
2026-03-10 18:41:07.643458,-13.13,0.0,32.0,0,0
2026-03-10 18:41:12.643458,-13.48,11.81,35.39,0,1
2026-03-10 18:41:17.643458,-12.82,15.95,41.0,1,2
2026-03-10 18:41:22.643458,-13.38,0.0,32.0,0,0
2026-03-10 18:41:27.643458,-13.52,9.56,33.32,0,1
2026-03-10 18:41:32.643458,-13.43,9.33,34.14,0,1
2026-03-10 18:41:37.643458,-13.52,11.01,33.94,0,1
2026-03-10 18:41:42.643458,-13.24,0.0,32.0,0,0
2026-03-10 18:41:47.643458,-12.87,16.5,54.79,1,2
2026-03-10 18:41:52.643458,-13.42,0.0,32.0,0,0
2026-03-10 18:41:57.643458,-13.43,10.71,34.96,0,1
2026-03-10 18:42:02.643458,-13.33,9.83,35.53,0,1
2026-03-10 18:42:07.643458,-12.85,15.46,39.74,1,2
2026-03-10 18:42:12.643458,-13.26,15.68,37.66,1,2
2026-03-10 18:42:17.643458,-13.95,0.0,32.0,0,0
2026-03-10 18:42:22.643458,-12.97,13.01,47.89,1,2
2026-03-10 18:42:27.643458,-13.57,10.52,36.39,0,1
2026-03-10 18:42:32.643458,-13.56,11.55,30.19,0,1
2026-03-10 18:42:37.643458,-13.52,9.71,34.87,0,1
2026-03-10 18:42:42.643458,-13.56,9.59,30.18,0,1
2026-03-10 18:42:47.643458,-13.57,0.0,32.0,0,0
2026-03-10 18:42:52.643458,-13.34,10.39,37.62,0,1
2026-03-10 18:42:57.643458,-12.72,15.61,48.32,1,2
2026-03-10 18:43:02.643458,-13.05,13.46,45.97,1,2
2026-03-10 18:43:07.643458,-13.6,11.93,38.23,0,1
2026-03-10 18:43:12.643458,-13.12,0.0,32.0,0,0
2026-03-10 18:43:17.643458,-12.97,13.66,43.21,1,2
2026-03-10 18:43:22.643458,-13.61,9.49,32.14,0,1
2026-03-10 18:43:27.643458,-13.58,0.0,32.0,0,0
2026-03-10 18:43:32.643458,-12.89,17.13,41.9,1,2
2026-03-10 18:43:37.643458,-13.0,15.33,45.22,1,2
2026-03-10 18:43:42.643458,-13.37,10.23,35.55,0,1
2026-03-10 18:43:47.643458,-12.75,14.21,47.51,1,2
2026-03-10 18:43:52.643458,-13.02,16.49,42.02,1,2
2026-03-10 18:43:57.643458,-13.51,11.88,37.11,0,1
2026-03-10 18:44:02.643458,-12.84,16.86,37.43,1,2
2026-03-10 18:44:07.643458,-13.82,0.0,32.0,0,0
2026-03-10 18:44:12.643458,-13.25,13.09,36.97,1,2
2026-03-10 18:44:17.643458,-13.64,11.53,33.87,0,1
2026-03-10 18:44:22.643458,-12.91,13.33,54.67,1,2
2026-03-10 18:44:27.643458,-13.05,0.0,32.0,0,0
2026-03-10 18:44:32.643458,-13.02,13.2,51.05,1,2
2026-03-10 18:44:37.643458,-13.08,16.82,51.21,1,2
2026-03-10 18:44:42.643458,-13.77,0.0,32.0,0,0
2026-03-10 18:44:47.643458,-13.36,11.41,30.27,0,1
2026-03-10 18:44:52.643458,-13.55,0.0,32.0,0,0
2026-03-10 18:44:57.643458,-13.69,0.0,32.0,0,0
2026-03-10 18:45:02.643458,-12.89,13.99,49.5,1,2
2026-03-10 18:45:07.643458,-13.36,9.07,35.15,0,1
2026-03-10 18:45:12.643458,-13.62,11.09,38.05,0,1
2026-03-10 18:45:17.643458,-12.75,14.46,44.59,1,2
2026-03-10 18:45:22.643458,-12.75,17.75,52.54,1,2
2026-03-10 18:45:27.643458,-13.16,0.0,32.0,0,0
2026-03-10 18:45:32.643458,-13.61,0.0,32.0,0,0
2026-03-10 18:45:37.643458,-13.27,16.15,40.48,1,2
2026-03-10 18:45:42.643458,-13.06,13.94,44.98,1,2
2026-03-10 18:45:47.643458,-13.55,11.27,36.72,0,1
2026-03-10 18:45:52.643458,-13.22,17.82,52.4,1,2
2026-03-10 18:45:57.643458,-13.1,0.0,32.0,0,0
2026-03-10 18:46:02.643458,-13.63,11.36,32.73,0,1
2026-03-10 18:46:07.643458,-13.64,9.95,34.19,0,1
2026-03-10 18:46:12.643458,-13.69,9.92,33.55,0,1
2026-03-10 18:46:17.643458,-13.7,0.0,32.0,0,0
2026-03-10 18:46:22.643458,-13.46,0.0,32.0,0,0
2026-03-10 18:46:27.643458,-13.59,9.06,30.49,0,1
2026-03-10 18:46:32.643458,-13.59,9.08,32.39,0,1
2026-03-10 18:46:37.643458,-13.56,10.89,39.01,0,1
2026-03-10 18:46:42.643458,-13.26,0.0,32.0,0,0
2026-03-10 18:46:47.643458,-14.0,0.0,32.0,0,0
2026-03-10 18:46:52.643458,-13.15,0.0,32.0,0,0
2026-03-10 18:46:57.643458,-13.64,9.23,33.07,0,1
2026-03-10 18:47:02.643458,-13.55,0.0,32.0,0,0
2026-03-10 18:47:07.643458,-13.16,0.0,32.0,0,0
2026-03-10 18:47:12.643458,-13.39,11.57,31.1,0,1
2026-03-10 18:47:17.643458,-13.14,0.0,32.0,0,0
2026-03-10 18:47:22.643458,-13.49,11.14,39.28,0,1
2026-03-10 18:47:27.643458,-13.77,0.0,32.0,0,0
2026-03-10 18:47:32.643458,-13.1,16.19,50.05,1,2
2026-03-10 18:47:37.643458,-13.5,9.14,32.9,0,1
2026-03-10 18:47:42.643458,-13.1,0.0,32.0,0,0
2026-03-10 18:47:47.643458,-13.02,13.06,43.93,1,2
2026-03-10 18:47:52.643458,-13.22,14.03,49.15,1,2
2026-03-10 18:47:57.643458,-13.09,0.0,32.0,0,0
2026-03-10 18:48:02.643458,-13.27,0.0,32.0,0,0
2026-03-10 18:48:07.643458,-13.15,15.32,52.66,1,2
2026-03-10 18:48:12.643458,-13.31,11.36,34.94,0,1
2026-03-10 18:48:17.643458,-13.76,0.0,32.0,0,0
2026-03-10 18:48:22.643458,-13.38,9.56,35.37,0,1
2026-03-10 18:48:27.643458,-13.68,11.95,35.29,0,1
2026-03-10 18:48:32.643458,-13.16,13.67,38.14,1,2
2026-03-10 18:48:37.643458,-13.66,10.35,35.88,0,1
2026-03-10 18:48:42.643458,-12.93,14.64,54.37,1,2
2026-03-10 18:48:47.643458,-13.37,9.43,35.49,0,1
2026-03-10 18:48:52.643458,-13.05,14.99,46.18,1,2
2026-03-10 18:48:57.643458,-13.01,13.58,36.8,1,2
2026-03-10 18:49:02.643458,-13.58,10.87,31.5,0,1
2026-03-10 18:49:07.643458,-13.13,15.91,48.94,1,2
2026-03-10 18:49:12.643458,-13.02,16.62,47.25,1,2
2026-03-10 18:49:17.643458,-13.11,16.0,45.98,1,2
2026-03-10 18:49:22.643458,-13.89,0.0,32.0,0,0
2026-03-10 18:49:27.643458,-13.94,0.0,32.0,0,0
2026-03-10 18:49:32.643458,-13.46,0.0,32.0,0,0
2026-03-10 18:49:37.643458,-13.5,0.0,32.0,0,0
2026-03-10 18:49:42.643458,-13.13,0.0,32.0,0,0
2026-03-10 18:49:47.643458,-13.49,9.33,34.73,0,1
2026-03-10 18:49:52.643458,-13.26,0.0,32.0,0,0
2026-03-10 18:49:57.643458,-13.64,11.18,32.99,0,1
2026-03-10 18:50:02.643458,-13.44,0.0,32.0,0,0
2026-03-10 18:50:07.643458,-12.89,17.31,45.13,1,2
2026-03-10 18:50:12.643458,-13.36,0.0,32.0,0,0
2026-03-10 18:50:17.643458,-13.69,9.97,32.08,0,1
2026-03-10 18:50:22.643458,-12.98,15.31,42.41,1,2
2026-03-10 18:50:27.643458,-13.26,0.0,32.0,0,0
2026-03-10 18:50:32.643458,-13.61,9.71,33.92,0,1
2026-03-10 18:50:37.643458,-13.65,0.0,32.0,0,0
2026-03-10 18:50:42.643458,-13.37,9.67,34.23,0,1
2026-03-10 18:50:47.643458,-13.17,17.71,38.62,1,2
2026-03-10 18:50:52.643458,-13.99,0.0,32.0,0,0
2026-03-10 18:50:57.643458,-13.42,0.0,32.0,0,0
2026-03-10 18:51:02.643458,-13.57,10.39,33.09,0,1
2026-03-10 18:51:07.643458,-13.15,0.0,32.0,0,0
2026-03-10 18:51:12.643458,-13.43,0.0,32.0,0,0
2026-03-10 18:51:17.643458,-13.06,14.63,48.87,1,2
2026-03-10 18:51:22.643458,-13.19,13.34,35.28,1,2
2026-03-10 18:51:27.643458,-13.63,11.38,38.93,0,1
2026-03-10 18:51:32.643458,-12.84,13.83,47.23,1,2
2026-03-10 18:51:37.643458,-13.15,0.0,32.0,0,0
2026-03-10 18:51:42.643458,-13.06,13.95,46.21,1,2
2026-03-10 18:51:47.643458,-13.65,9.08,39.48,0,1
2026-03-10 18:51:52.643458,-13.28,0.0,32.0,0,0
2026-03-10 18:51:57.643458,-12.7,13.54,36.31,1,2
2026-03-10 18:52:02.643458,-13.15,17.0,49.03,1,2
2026-03-10 18:52:07.643458,-13.18,15.5,48.51,1,2
2026-03-10 18:52:12.643458,-13.43,11.64,34.07,0,1
2026-03-10 18:52:17.643458,-13.31,9.45,32.0,0,1
2026-03-10 18:52:22.643458,-13.48,9.3,34.54,0,1
2026-03-10 18:52:27.643458,-13.21,0.0,32.0,0,0
2026-03-10 18:52:32.643458,-13.5,10.66,32.1,0,1
2026-03-10 18:52:37.643458,-13.52,0.0,32.0,0,0
2026-03-10 18:52:42.643458,-12.87,17.24,52.72,1,2
2026-03-10 18:52:47.643458,-13.21,16.9,52.51,1,2
2026-03-10 18:52:52.643458,-13.17,15.1,40.13,1,2
2026-03-10 18:52:57.643458,-13.58,9.11,39.22,0,1
2026-03-10 18:53:02.643458,-13.63,10.15,30.2,0,1
2026-03-10 18:53:07.643458,-13.57,9.87,39.58,0,1
2026-03-10 18:53:12.643458,-13.34,10.31,35.69,0,1
2026-03-10 18:53:17.643458,-13.62,9.98,34.68,0,1
2026-03-10 18:53:22.643458,-13.49,9.29,31.35,0,1
2026-03-10 18:53:27.643458,-13.57,11.72,34.55,0,1
2026-03-10 18:53:32.643458,-13.42,11.09,31.24,0,1
2026-03-10 18:53:37.643458,-13.43,10.27,35.01,0,1
2026-03-10 18:53:42.643458,-13.32,11.53,34.27,0,1
2026-03-10 18:53:47.643458,-13.36,9.48,32.67,0,1
2026-03-10 18:53:52.643458,-13.41,9.04,30.85,0,1
2026-03-10 18:53:57.643458,-13.59,10.9,31.0,0,1
2026-03-10 18:54:02.643458,-13.4,0.0,32.0,0,0
2026-03-10 18:54:07.643458,-13.61,0.0,32.0,0,0
2026-03-10 18:54:12.643458,-13.02,14.95,44.19,1,2
2026-03-10 18:54:17.643458,-13.05,0.0,32.0,0,0
2026-03-10 18:54:22.643458,-13.94,0.0,32.0,0,0
2026-03-10 18:54:27.643458,-13.54,11.96,38.7,0,1
2026-03-10 18:54:32.643458,-13.47,11.89,39.68,0,1
2026-03-10 18:54:37.643458,-13.81,0.0,32.0,0,0
2026-03-10 18:54:42.643458,-13.31,0.0,32.0,0,0
2026-03-10 18:54:47.643458,-13.29,17.37,35.26,1,2
2026-03-10 18:54:52.643458,-13.38,10.17,30.36,0,1
2026-03-10 18:54:57.643458,-12.79,17.47,45.77,1,2
2026-03-10 18:55:02.643458,-13.12,13.71,35.53,1,2
2026-03-10 18:55:07.643458,-13.45,9.37,39.39,0,1
2026-03-10 18:55:12.643458,-13.5,11.84,35.09,0,1
2026-03-10 18:55:17.643458,-13.55,9.16,34.1,0,1
2026-03-10 18:55:22.643458,-13.92,0.0,32.0,0,0
2026-03-10 18:55:27.643458,-13.03,0.0,32.0,0,0
2026-03-10 18:55:32.643458,-13.26,0.0,32.0,0,0
2026-03-10 18:55:37.643458,-13.66,0.0,32.0,0,0
2026-03-10 18:55:42.643458,-13.25,0.0,32.0,0,0
2026-03-10 18:55:47.643458,-13.95,0.0,32.0,0,0
2026-03-10 18:55:52.643458,-13.5,9.07,39.58,0,1
2026-03-10 18:55:57.643458,-13.63,10.66,35.02,0,1
2026-03-10 18:56:02.643458,-13.32,10.83,36.08,0,1
2026-03-10 18:56:07.643458,-13.06,0.0,32.0,0,0
2026-03-10 18:56:12.643458,-13.11,16.06,45.45,1,2
2026-03-10 18:56:17.643458,-12.99,16.15,36.27,1,2
2026-03-10 18:56:22.643458,-12.83,15.05,46.23,1,2
2026-03-10 18:56:27.643458,-12.88,13.14,37.8,1,2
2026-03-10 18:56:32.643458,-13.6,10.16,34.71,0,1
2026-03-10 18:56:37.643458,-13.33,0.0,32.0,0,0
2026-03-10 18:56:42.643458,-13.02,0.0,32.0,0,0
2026-03-10 18:56:47.643458,-13.69,0.0,32.0,0,0
2026-03-10 18:56:52.643458,-13.05,13.79,40.96,1,2
2026-03-10 18:56:57.643458,-13.37,0.0,32.0,0,0
2026-03-10 18:57:02.643458,-13.15,0.0,32.0,0,0
2026-03-10 18:57:07.643458,-12.97,17.89,52.49,1,2
2026-03-10 18:57:12.643458,-13.62,9.41,36.32,0,1
2026-03-10 18:57:17.643458,-13.46,10.73,38.22,0,1
2026-03-10 18:57:22.643458,-13.6,10.87,39.61,0,1
2026-03-10 18:57:27.643458,-13.1,14.19,36.49,1,2
2026-03-10 18:57:32.643458,-13.22,14.55,46.41,1,2
2026-03-10 18:57:37.643458,-13.61,9.28,37.9,0,1
2026-03-10 18:57:42.643458,-12.79,17.05,45.76,1,2
2026-03-10 18:57:47.643458,-13.16,15.69,48.87,1,2
2026-03-10 18:57:52.643458,-13.22,13.75,53.51,1,2
2026-03-10 18:57:57.643458,-13.63,9.86,34.23,0,1
2026-03-10 18:58:02.643458,-13.39,0.0,32.0,0,0
2026-03-10 18:58:07.643458,-13.22,0.0,32.0,0,0
2026-03-10 18:58:12.643458,-13.52,11.24,34.73,0,1
2026-03-10 18:58:17.643458,-13.04,0.0,32.0,0,0
2026-03-10 18:58:22.643458,-13.15,13.29,51.1,1,2
2026-03-10 18:58:27.643458,-13.13,0.0,32.0,0,0
2026-03-10 18:58:32.643458,-13.28,0.0,32.0,0,0
2026-03-10 18:58:37.643458,-13.22,0.0,32.0,0,0
2026-03-10 18:58:42.643458,-13.44,0.0,32.0,0,0
2026-03-10 18:58:47.643458,-13.66,11.98,37.52,0,1
2026-03-10 18:58:52.643458,-12.89,13.42,48.09,1,2
2026-03-10 18:58:57.643458,-12.99,15.29,52.03,1,2
2026-03-10 18:59:02.643458,-13.55,9.56,38.17,0,1
2026-03-10 18:59:07.643458,-13.61,0.0,32.0,0,0
2026-03-10 18:59:12.643458,-13.14,14.9,53.51,1,2
2026-03-10 18:59:17.643458,-13.18,0.0,32.0,0,0
2026-03-10 18:59:22.643458,-13.49,11.13,37.56,0,1
2026-03-10 18:59:27.643458,-13.59,11.71,30.65,0,1
2026-03-10 18:59:32.643458,-13.62,11.28,33.5,0,1
2026-03-10 18:59:37.643458,-13.32,0.0,32.0,0,0
2026-03-10 18:59:42.643458,-12.79,17.66,35.93,1,2
2026-03-10 18:59:47.643458,-13.53,10.2,35.97,0,1
2026-03-10 18:59:52.643458,-12.9,13.92,43.89,1,2
2026-03-10 18:59:57.643458,-13.54,10.25,34.12,0,1
2026-03-10 19:00:02.643458,-12.71,17.98,41.6,1,2
2026-03-10 19:00:07.643458,-12.94,17.35,36.08,1,2
2026-03-10 19:00:12.643458,-13.35,11.43,31.82,0,1
2026-03-10 19:00:17.643458,-13.27,0.0,32.0,0,0
2026-03-10 19:00:22.643458,-13.01,0.0,32.0,0,0
2026-03-10 19:00:27.643458,-12.97,13.05,39.58,1,2
2026-03-10 19:00:32.643458,-13.41,0.0,32.0,0,0
2026-03-10 19:00:37.643458,-13.03,16.88,40.54,1,2
2026-03-10 19:00:42.643458,-13.94,0.0,32.0,0,0
2026-03-10 19:00:47.643458,-13.84,0.0,32.0,0,0
2026-03-10 19:00:52.643458,-12.85,13.42,53.67,1,2
2026-03-10 19:00:57.643458,-12.91,13.68,47.91,1,2
2026-03-10 19:01:02.643458,-13.93,0.0,32.0,0,0
2026-03-10 19:01:07.643458,-13.53,11.92,31.28,0,1
2026-03-10 19:01:12.643458,-13.48,9.97,32.25,0,1
2026-03-10 19:01:17.643458,-13.63,0.0,32.0,0,0
2026-03-10 19:01:22.643458,-12.97,13.33,41.33,1,2
2026-03-10 19:01:27.643458,-13.07,0.0,32.0,0,0
2026-03-10 19:01:32.643458,-13.09,0.0,32.0,0,0
2026-03-10 19:01:37.643458,-13.3,0.0,32.0,0,0
2026-03-10 19:01:42.643458,-13.06,0.0,32.0,0,0
2026-03-10 19:01:47.643458,-13.46,10.18,36.5,0,1
2026-03-10 19:01:52.643458,-13.35,11.68,31.38,0,1
2026-03-10 19:01:57.643458,-13.37,9.88,32.71,0,1
2026-03-10 19:02:02.643458,-13.2,0.0,32.0,0,0
2026-03-10 19:02:07.643458,-13.89,0.0,32.0,0,0
2026-03-10 19:02:12.643458,-13.31,10.95,33.97,0,1
2026-03-10 19:02:17.643458,-13.69,10.56,32.18,0,1
2026-03-10 19:02:22.643458,-13.18,15.86,40.71,1,2
2026-03-10 19:02:27.643458,-13.55,11.42,30.69,0,1
2026-03-10 19:02:32.643458,-13.24,0.0,32.0,0,0
2026-03-10 19:02:37.643458,-13.53,0.0,32.0,0,0
2026-03-10 19:02:42.643458,-13.65,0.0,32.0,0,0
2026-03-10 19:02:47.643458,-13.65,10.06,35.72,0,1
2026-03-10 19:02:52.643458,-13.4,0.0,32.0,0,0
2026-03-10 19:02:57.643458,-13.68,9.8,39.72,0,1
2026-03-10 19:03:02.643458,-13.21,14.25,46.84,1,2
2026-03-10 19:03:07.643458,-13.41,10.72,37.62,0,1
2026-03-10 19:03:12.643458,-13.68,11.0,31.2,0,1
2026-03-10 19:03:17.643458,-12.84,13.27,35.64,1,2
2026-03-10 19:03:22.643458,-13.68,0.0,32.0,0,0
2026-03-10 19:03:27.643458,-12.94,14.95,45.15,1,2
2026-03-10 19:03:32.643458,-13.44,11.19,33.45,0,1
2026-03-10 19:03:37.643458,-13.11,0.0,32.0,0,0
2026-03-10 19:03:42.643458,-13.61,0.0,32.0,0,0
2026-03-10 19:03:47.643458,-13.83,0.0,32.0,0,0
2026-03-10 19:03:52.643458,-13.57,10.55,30.04,0,1
2026-03-10 19:03:57.643458,-13.36,0.0,32.0,0,0
2026-03-10 19:04:02.643458,-13.17,15.9,43.68,1,2
2026-03-10 19:04:07.643458,-12.97,16.24,47.53,1,2
2026-03-10 19:04:12.643458,-13.9,0.0,32.0,0,0
2026-03-10 19:04:17.643458,-12.8,13.95,35.43,1,2
2026-03-10 19:04:22.643458,-13.53,0.0,32.0,0,0
2026-03-10 19:04:27.643458,-13.12,16.14,39.02,1,2
2026-03-10 19:04:32.643458,-13.98,0.0,32.0,0,0
2026-03-10 19:04:37.643458,-13.41,11.42,34.14,0,1
2026-03-10 19:04:42.643458,-12.83,15.98,51.5,1,2
2026-03-10 19:04:47.643458,-13.26,13.47,48.81,1,2
2026-03-10 19:04:52.643458,-12.97,14.62,49.55,1,2
2026-03-10 19:04:57.643458,-13.68,0.0,32.0,0,0
2026-03-10 19:05:02.643458,-13.69,9.92,39.7,0,1
2026-03-10 19:05:07.643458,-12.75,14.96,52.72,1,2
2026-03-10 19:05:12.643458,-12.86,15.95,48.52,1,2
2026-03-10 19:05:17.643458,-13.37,9.72,30.14,0,1
2026-03-10 19:05:22.643458,-13.36,10.54,32.51,0,1
2026-03-10 19:05:27.643458,-13.42,0.0,32.0,0,0
2026-03-10 19:05:32.643458,-13.89,0.0,32.0,0,0
2026-03-10 19:05:37.643458,-13.34,11.37,32.08,0,1
2026-03-10 19:05:42.643458,-12.86,13.91,43.01,1,2
2026-03-10 19:05:47.643458,-13.56,0.0,32.0,0,0
2026-03-10 19:05:52.643458,-12.79,17.69,36.45,1,2
2026-03-10 19:05:57.643458,-12.72,14.87,50.46,1,2
2026-03-10 19:06:02.643458,-13.25,14.33,48.93,1,2
2026-03-10 19:06:07.643458,-13.52,0.0,32.0,0,0
2026-03-10 19:06:12.643458,-13.04,13.99,43.64,1,2
2026-03-10 19:06:17.643458,-13.98,0.0,32.0,0,0
2026-03-10 19:06:22.643458,-13.01,13.68,44.43,1,2
2026-03-10 19:06:27.643458,-13.95,0.0,32.0,0,0
2026-03-10 19:06:32.643458,-13.22,0.0,32.0,0,0
2026-03-10 19:06:37.643458,-13.47,11.4,31.34,0,1
2026-03-10 19:06:42.643458,-13.3,0.0,32.0,0,0
2026-03-10 19:06:47.643458,-13.46,11.47,31.69,0,1
2026-03-10 19:06:52.643458,-13.6,10.32,38.83,0,1
2026-03-10 19:06:57.643458,-13.26,16.99,42.58,1,2
2026-03-10 19:07:02.643458,-13.17,17.44,35.86,1,2
2026-03-10 19:07:07.643458,-13.07,13.27,35.97,1,2
2026-03-10 19:07:12.643458,-13.17,15.01,49.89,1,2
2026-03-10 19:07:17.643458,-12.84,16.65,53.79,1,2
2026-03-10 19:07:22.643458,-13.12,16.23,37.71,1,2
2026-03-10 19:07:27.643458,-13.79,0.0,32.0,0,0
2026-03-10 19:07:32.643458,-13.1,16.71,37.32,1,2
2026-03-10 19:07:37.643458,-13.15,17.8,45.17,1,2
2026-03-10 19:07:42.643458,-13.9,0.0,32.0,0,0
2026-03-10 19:07:47.643458,-13.5,11.04,33.02,0,1
2026-03-10 19:07:52.643458,-12.74,17.96,38.45,1,2
2026-03-10 19:07:57.643458,-13.65,11.28,37.28,0,1
2026-03-10 19:08:02.643458,-13.91,0.0,32.0,0,0
2026-03-10 19:08:07.643458,-13.63,0.0,32.0,0,0
2026-03-10 19:08:12.643458,-13.52,9.39,32.58,0,1
2026-03-10 19:08:17.643458,-13.37,11.18,31.19,0,1
2026-03-10 19:08:22.643458,-13.46,9.76,33.07,0,1
2026-03-10 19:08:27.643458,-13.49,10.84,36.44,0,1
2026-03-10 19:08:32.643458,-13.4,9.47,35.26,0,1
2026-03-10 19:08:37.643458,-12.9,15.86,53.5,1,2
2026-03-10 19:08:42.643458,-13.54,10.63,32.42,0,1
2026-03-10 19:08:47.643458,-12.79,17.25,53.61,1,2
2026-03-10 19:08:52.643458,-13.69,10.12,32.26,0,1
2026-03-10 19:08:57.643458,-12.88,16.56,46.32,1,2
2026-03-10 19:09:02.643458,-12.85,13.87,38.68,1,2
2026-03-10 19:09:07.643458,-13.45,9.72,31.16,0,1
2026-03-10 19:09:12.643458,-13.81,0.0,32.0,0,0
2026-03-10 19:09:17.643458,-13.31,0.0,32.0,0,0
2026-03-10 19:09:22.643458,-13.67,0.0,32.0,0,0
2026-03-10 19:09:27.643458,-12.7,13.18,46.33,1,2
2026-03-10 19:09:32.643458,-13.98,0.0,32.0,0,0
2026-03-10 19:09:37.643458,-13.25,0.0,32.0,0,0
2026-03-10 19:09:42.643458,-13.46,0.0,32.0,0,0
2026-03-10 19:09:47.643458,-13.13,16.63,37.32,1,2
2026-03-10 19:09:52.643458,-13.01,0.0,32.0,0,0
2026-03-10 19:09:57.643458,-13.71,0.0,32.0,0,0
2026-03-10 19:10:02.643458,-13.56,11.2,31.51,0,1
2026-03-10 19:10:07.643458,-13.67,11.1,35.59,0,1
2026-03-10 19:10:12.643458,-12.82,14.29,47.55,1,2
2026-03-10 19:10:17.643458,-12.75,13.17,49.08,1,2
2026-03-10 19:10:22.643458,-13.21,0.0,32.0,0,0
2026-03-10 19:10:27.643458,-13.55,0.0,32.0,0,0
2026-03-10 19:10:32.643458,-13.34,9.11,38.28,0,1
2026-03-10 19:10:37.643458,-13.32,0.0,32.0,0,0
2026-03-10 19:10:42.643458,-13.92,0.0,32.0,0,0
2026-03-10 19:10:47.643458,-13.35,0.0,32.0,0,0
2026-03-10 19:10:52.643458,-12.81,15.22,53.45,1,2
2026-03-10 19:10:57.643458,-13.98,0.0,32.0,0,0
2026-03-10 19:11:02.643458,-12.84,15.84,52.41,1,2
2026-03-10 19:11:07.643458,-13.62,9.05,37.37,0,1
2026-03-10 19:11:12.643458,-13.59,11.4,38.56,0,1
2026-03-10 19:11:17.643458,-13.4,0.0,32.0,0,0
2026-03-10 19:11:22.643458,-13.16,0.0,32.0,0,0
2026-03-10 19:11:27.643458,-13.33,9.4,37.4,0,1
2026-03-10 19:11:32.643458,-13.24,17.0,52.33,1,2
2026-03-10 19:11:37.643458,-13.67,9.65,32.12,0,1
2026-03-10 19:11:42.643458,-13.15,0.0,32.0,0,0
2026-03-10 19:11:47.643458,-13.3,0.0,32.0,0,0
2026-03-10 19:11:52.643458,-12.92,17.76,36.88,1,2
2026-03-10 19:11:57.643458,-13.0,17.25,50.03,1,2
2026-03-10 19:12:02.643458,-12.85,17.9,45.36,1,2
2026-03-10 19:12:07.643458,-13.56,9.13,39.2,0,1
2026-03-10 19:12:12.643458,-13.43,10.2,30.39,0,1
2026-03-10 19:12:17.643458,-13.48,11.04,34.4,0,1
2026-03-10 19:12:22.643458,-13.66,9.02,34.19,0,1
2026-03-10 19:12:27.643458,-13.98,0.0,32.0,0,0
2026-03-10 19:12:32.643458,-13.96,0.0,32.0,0,0
2026-03-10 19:12:37.643458,-13.84,0.0,32.0,0,0
2026-03-10 19:12:42.643458,-13.4,11.76,39.18,0,1
2026-03-10 19:12:47.643458,-13.09,16.06,44.18,1,2
2026-03-10 19:12:52.643458,-12.81,14.63,37.79,1,2
2026-03-10 19:12:57.643458,-12.95,17.21,37.95,1,2
2026-03-10 19:13:02.643458,-13.29,13.34,51.18,1,2
2026-03-10 19:13:07.643458,-13.97,0.0,32.0,0,0
2026-03-10 19:13:12.643458,-13.04,17.24,46.68,1,2
2026-03-10 19:13:17.643458,-13.42,0.0,32.0,0,0
2026-03-10 19:13:22.643458,-13.04,15.31,35.2,1,2
2026-03-10 19:13:27.643458,-13.15,15.57,42.55,1,2
2026-03-10 19:13:32.643458,-13.51,11.31,36.68,0,1
2026-03-10 19:13:37.643458,-13.44,9.32,33.29,0,1
2026-03-10 19:13:42.643458,-13.06,14.61,43.39,1,2
2026-03-10 19:13:47.643458,-13.77,0.0,32.0,0,0
2026-03-10 19:13:52.643458,-12.78,14.29,38.28,1,2
2026-03-10 19:13:57.643458,-13.25,0.0,32.0,0,0
2026-03-10 19:14:02.643458,-13.66,0.0,32.0,0,0
2026-03-10 19:14:07.643458,-12.75,16.26,42.51,1,2
2026-03-10 19:14:12.643458,-13.25,0.0,32.0,0,0
2026-03-10 19:14:17.643458,-13.49,10.77,37.4,0,1
2026-03-10 19:14:22.643458,-13.39,0.0,32.0,0,0
2026-03-10 19:14:27.643458,-13.42,10.13,30.02,0,1
2026-03-10 19:14:32.643458,-13.58,9.73,31.06,0,1
2026-03-10 19:14:37.643458,-13.97,0.0,32.0,0,0
2026-03-10 19:14:42.643458,-12.93,14.4,45.01,1,2
2026-03-10 19:14:47.643458,-13.34,0.0,32.0,0,0
2026-03-10 19:14:52.643458,-13.78,0.0,32.0,0,0
2026-03-10 19:14:57.643458,-13.13,17.82,49.5,1,2
2026-03-10 19:15:02.643458,-13.86,0.0,32.0,0,0
2026-03-10 19:15:07.643458,-13.49,11.59,37.78,0,1
2026-03-10 19:15:12.643458,-13.24,15.59,35.44,1,2
2026-03-10 19:15:17.643458,-13.92,0.0,32.0,0,0
2026-03-10 19:15:22.643458,-13.16,0.0,32.0,0,0
2026-03-10 19:15:27.643458,-13.51,11.5,39.48,0,1
2026-03-10 19:15:32.643458,-13.04,13.29,50.08,1,2
2026-03-10 19:15:37.643458,-12.87,14.95,48.19,1,2
2026-03-10 19:15:42.643458,-13.54,11.91,39.38,0,1
2026-03-10 19:15:47.643458,-13.82,0.0,32.0,0,0
2026-03-10 19:15:52.643458,-13.16,17.85,50.71,1,2
2026-03-10 19:15:57.643458,-13.67,0.0,32.0,0,0
2026-03-10 19:16:02.643458,-13.27,13.12,53.65,1,2
2026-03-10 19:16:07.643458,-13.84,0.0,32.0,0,0
2026-03-10 19:16:12.643458,-13.37,10.07,31.17,0,1
2026-03-10 19:16:17.643458,-13.28,17.66,46.99,1,2
2026-03-10 19:16:22.643458,-13.25,0.0,32.0,0,0
2026-03-10 19:16:27.643458,-12.95,17.03,37.9,1,2
2026-03-10 19:16:32.643458,-13.56,0.0,32.0,0,0
2026-03-10 19:16:37.643458,-13.6,11.8,37.1,0,1
2026-03-10 19:16:42.643458,-13.69,10.44,35.83,0,1
2026-03-10 19:16:47.643458,-13.46,10.89,32.24,0,1
2026-03-10 19:16:52.643458,-13.1,15.66,45.27,1,2
2026-03-10 19:16:57.643458,-13.51,11.5,32.13,0,1
2026-03-10 19:17:02.643458,-13.34,9.6,39.59,0,1
2026-03-10 19:17:07.643458,-12.89,13.13,51.49,1,2
2026-03-10 19:17:12.643458,-13.17,0.0,32.0,0,0
2026-03-10 19:17:17.643458,-13.02,0.0,32.0,0,0
2026-03-10 19:17:22.643458,-13.81,0.0,32.0,0,0
2026-03-10 19:17:27.643458,-13.18,0.0,32.0,0,0
2026-03-10 19:17:32.643458,-12.99,16.17,46.15,1,2
2026-03-10 19:17:37.643458,-13.49,11.65,35.21,0,1
2026-03-10 19:17:42.643458,-13.3,11.26,34.56,0,1
2026-03-10 19:17:47.643458,-12.87,15.41,50.47,1,2
2026-03-10 19:17:52.643458,-13.33,0.0,32.0,0,0
2026-03-10 19:17:57.643458,-13.36,11.63,36.76,0,1
2026-03-10 19:18:02.643458,-12.91,15.98,37.45,1,2
2026-03-10 19:18:07.643458,-13.03,13.09,54.83,1,2
2026-03-10 19:18:12.643458,-13.4,9.35,31.55,0,1
2026-03-10 19:18:17.643458,-13.56,11.52,39.0,0,1
2026-03-10 19:18:22.643458,-13.53,11.24,39.44,0,1
2026-03-10 19:18:27.643458,-12.79,17.17,52.7,1,2
2026-03-10 19:18:32.643458,-13.93,0.0,32.0,0,0
2026-03-10 19:18:37.643458,-12.82,14.15,46.33,1,2
2026-03-10 19:18:42.643458,-13.2,0.0,32.0,0,0
2026-03-10 19:18:47.643458,-13.99,0.0,32.0,0,0
2026-03-10 19:18:52.643458,-13.24,15.16,54.2,1,2
2026-03-10 19:18:57.643458,-13.86,0.0,32.0,0,0
2026-03-10 19:19:02.643458,-13.55,11.03,30.32,0,1
2026-03-10 19:19:07.643458,-13.69,0.0,32.0,0,0
2026-03-10 19:19:12.643458,-13.11,15.28,44.17,1,2
2026-03-10 19:19:17.643458,-13.44,11.42,36.56,0,1
2026-03-10 19:19:22.643458,-13.01,15.77,54.43,1,2
2026-03-10 19:19:27.643458,-12.86,15.4,46.25,1,2
2026-03-10 19:19:32.643458,-13.42,0.0,32.0,0,0
2026-03-10 19:19:37.643458,-13.04,0.0,32.0,0,0
2026-03-10 19:19:42.643458,-13.14,0.0,32.0,0,0
2026-03-10 19:19:47.643458,-13.11,13.68,35.08,1,2
2026-03-10 19:19:52.643458,-13.59,0.0,32.0,0,0
2026-03-10 19:19:57.643458,-13.36,9.76,33.71,0,1
2026-03-10 19:20:02.643458,-13.56,11.24,30.98,0,1
2026-03-10 19:20:07.643458,-13.32,10.31,37.33,0,1
2026-03-10 19:20:12.643458,-13.63,0.0,32.0,0,0
2026-03-10 19:20:17.643458,-13.38,10.3,31.99,0,1
2026-03-10 19:20:22.643458,-13.29,14.52,53.5,1,2
2026-03-10 19:20:27.643458,-13.73,0.0,32.0,0,0
2026-03-10 19:20:32.643458,-13.28,17.47,48.48,1,2
2026-03-10 19:20:37.643458,-13.43,10.45,38.22,0,1
2026-03-10 19:20:42.643458,-13.63,11.82,30.52,0,1
2026-03-10 19:20:47.643458,-13.96,0.0,32.0,0,0
2026-03-10 19:20:52.643458,-13.57,9.02,38.86,0,1
2026-03-10 19:20:57.643458,-13.15,0.0,32.0,0,0
2026-03-10 19:21:02.643458,-13.03,14.79,45.72,1,2
2026-03-10 19:21:07.643458,-12.91,17.34,42.29,1,2
2026-03-10 19:21:12.643458,-13.15,15.43,47.77,1,2
2026-03-10 19:21:17.643458,-13.36,9.36,36.97,0,1
2026-03-10 19:21:22.643458,-13.2,16.63,42.24,1,2
2026-03-10 19:21:27.643458,-13.35,0.0,32.0,0,0
2026-03-10 19:21:32.643458,-13.05,16.65,42.52,1,2
2026-03-10 19:21:37.643458,-13.59,9.15,39.47,0,1
2026-03-10 19:21:42.643458,-13.26,0.0,32.0,0,0
2026-03-10 19:21:47.643458,-12.89,16.27,44.4,1,2
2026-03-10 19:21:52.643458,-13.33,11.42,37.99,0,1
2026-03-10 19:21:57.643458,-13.46,11.62,31.3,0,1
2026-03-10 19:22:02.643458,-13.28,0.0,32.0,0,0
2026-03-10 19:22:07.643458,-13.54,12.0,31.42,0,1
2026-03-10 19:22:12.643458,-13.76,0.0,32.0,0,0
2026-03-10 19:22:17.643458,-13.12,14.03,52.43,1,2
2026-03-10 19:22:22.643458,-13.8,0.0,32.0,0,0
2026-03-10 19:22:27.643458,-13.16,0.0,32.0,0,0
2026-03-10 19:22:32.643458,-13.54,11.13,34.11,0,1
2026-03-10 19:22:37.643458,-13.14,15.47,43.25,1,2
2026-03-10 19:22:42.643458,-13.46,11.36,33.05,0,1
2026-03-10 19:22:47.643458,-13.4,11.75,37.45,0,1
2026-03-10 19:22:52.643458,-13.58,0.0,32.0,0,0
2026-03-10 19:22:57.643458,-13.61,11.96,30.82,0,1
2026-03-10 19:23:02.643458,-13.23,0.0,32.0,0,0
2026-03-10 19:23:07.643458,-13.17,0.0,32.0,0,0
2026-03-10 19:23:12.643458,-12.76,13.12,47.55,1,2
2026-03-10 19:23:17.643458,-13.26,0.0,32.0,0,0
2026-03-10 19:23:22.643458,-13.82,0.0,32.0,0,0
2026-03-10 19:23:27.643458,-13.68,12.0,33.46,0,1
2026-03-10 19:23:32.643458,-13.68,11.35,33.38,0,1
2026-03-10 19:23:37.643458,-13.14,0.0,32.0,0,0
2026-03-10 19:23:42.643458,-13.16,14.32,38.58,1,2
2026-03-10 19:23:47.643458,-13.64,11.67,31.45,0,1
2026-03-10 19:23:52.643458,-13.49,0.0,32.0,0,0
2026-03-10 19:23:57.643458,-13.66,10.17,34.2,0,1
2026-03-10 19:24:02.643458,-13.35,11.47,33.88,0,1
2026-03-10 19:24:07.643458,-13.31,10.56,36.12,0,1
2026-03-10 19:24:12.643458,-13.48,11.71,35.0,0,1
2026-03-10 19:24:17.643458,-13.41,10.12,30.76,0,1
2026-03-10 19:24:22.643458,-13.6,9.83,37.2,0,1
2026-03-10 19:24:27.643458,-13.22,0.0,32.0,0,0
2026-03-10 19:24:32.643458,-13.31,10.16,39.3,0,1
2026-03-10 19:24:37.643458,-13.55,11.92,30.66,0,1
2026-03-10 19:24:42.643458,-13.67,9.38,31.18,0,1
2026-03-10 19:24:47.643458,-13.89,0.0,32.0,0,0
2026-03-10 19:24:52.643458,-13.54,9.16,31.33,0,1
2026-03-10 19:24:57.643458,-13.34,9.62,33.34,0,1
2026-03-10 19:25:02.643458,-13.0,14.54,37.61,1,2
2026-03-10 19:25:07.643458,-13.67,10.92,31.48,0,1
2026-03-10 19:25:12.643458,-13.83,0.0,32.0,0,0
2026-03-10 19:25:17.643458,-13.18,0.0,32.0,0,0
2026-03-10 19:25:22.643458,-13.37,10.21,34.83,0,1
2026-03-10 19:25:27.643458,-13.17,13.02,52.71,1,2
2026-03-10 19:25:32.643458,-12.77,14.73,40.21,1,2
2026-03-10 19:25:37.643458,-13.49,11.04,30.11,0,1
2026-03-10 19:25:42.643458,-13.88,0.0,32.0,0,0
2026-03-10 19:25:47.643458,-13.78,0.0,32.0,0,0
2026-03-10 19:25:52.643458,-13.99,0.0,32.0,0,0
2026-03-10 19:25:57.643458,-13.55,11.94,37.71,0,1
2026-03-10 19:26:02.643458,-13.91,0.0,32.0,0,0
2026-03-10 19:26:07.643458,-13.6,9.48,33.41,0,1
2026-03-10 19:26:12.643458,-12.99,16.41,50.38,1,2
2026-03-10 19:26:17.643458,-13.42,10.5,36.56,0,1
2026-03-10 19:26:22.643458,-13.58,0.0,32.0,0,0
2026-03-10 19:26:27.643458,-13.83,0.0,32.0,0,0
2026-03-10 19:26:32.643458,-13.16,0.0,32.0,0,0
2026-03-10 19:26:37.643458,-13.36,11.38,33.53,0,1
2026-03-10 19:26:42.643458,-13.67,0.0,32.0,0,0
2026-03-10 19:26:47.643458,-13.34,10.5,37.67,0,1
2026-03-10 19:26:52.643458,-13.49,10.09,39.52,0,1
2026-03-10 19:26:57.643458,-13.19,17.61,35.03,1,2
2026-03-10 19:27:02.643458,-13.77,0.0,32.0,0,0
2026-03-10 19:27:07.643458,-13.2,16.47,41.25,1,2
2026-03-10 19:27:12.643458,-12.77,15.57,51.96,1,2
2026-03-10 19:27:17.643458,-13.63,11.8,36.31,0,1
2026-03-10 19:27:22.643458,-13.29,17.85,51.97,1,2
2026-03-10 19:27:27.643458,-13.38,10.87,31.02,0,1
2026-03-10 19:27:32.643458,-13.0,0.0,32.0,0,0
2026-03-10 19:27:37.643458,-13.82,0.0,32.0,0,0
2026-03-10 19:27:42.643458,-12.87,15.06,35.13,1,2
2026-03-10 19:27:47.643458,-13.16,13.95,46.61,1,2
2026-03-10 19:27:52.643458,-13.39,10.93,38.76,0,1
2026-03-10 19:27:57.643458,-13.21,18.0,37.6,1,2
2026-03-10 19:28:02.643458,-12.87,13.25,37.22,1,2
2026-03-10 19:28:07.643458,-13.62,0.0,32.0,0,0
2026-03-10 19:28:12.643458,-12.75,13.61,51.27,1,2
2026-03-10 19:28:17.643458,-13.66,0.0,32.0,0,0
2026-03-10 19:28:22.643458,-12.95,17.51,39.28,1,2
2026-03-10 19:28:27.643458,-13.03,15.18,38.96,1,2
2026-03-10 19:28:32.643458,-13.65,0.0,32.0,0,0
2026-03-10 19:28:37.643458,-13.14,13.41,43.12,1,2
2026-03-10 19:28:42.643458,-13.35,9.02,37.0,0,1
2026-03-10 19:28:47.643458,-13.12,14.94,36.09,1,2
2026-03-10 19:28:52.643458,-13.9,0.0,32.0,0,0
2026-03-10 19:28:57.643458,-13.49,10.08,30.45,0,1
2026-03-10 19:29:02.643458,-13.18,15.02,54.51,1,2
2026-03-10 19:29:07.643458,-13.26,16.31,54.33,1,2
2026-03-10 19:29:12.643458,-13.06,17.02,46.82,1,2
2026-03-10 19:29:17.643458,-13.99,0.0,32.0,0,0
2026-03-10 19:29:22.643458,-13.23,17.44,53.31,1,2
2026-03-10 19:29:27.643458,-13.85,0.0,32.0,0,0
2026-03-10 19:29:32.643458,-13.3,17.39,48.59,1,2
2026-03-10 19:29:37.643458,-13.63,11.81,34.59,0,1
2026-03-10 19:29:42.643458,-12.85,16.15,41.88,1,2
2026-03-10 19:29:47.643458,-13.55,10.99,37.05,0,1
2026-03-10 19:29:52.643458,-13.57,0.0,32.0,0,0
2026-03-10 19:29:57.643458,-13.53,9.8,38.68,0,1
2026-03-10 19:30:02.643458,-13.55,11.25,32.39,0,1
2026-03-10 19:30:07.643458,-13.37,0.0,32.0,0,0
2026-03-10 19:30:12.643458,-13.31,9.61,32.69,0,1
2026-03-10 19:30:17.643458,-13.51,11.85,35.12,0,1
2026-03-10 19:30:22.643458,-13.37,10.14,30.12,0,1
2026-03-10 19:30:27.643458,-12.94,13.69,35.31,1,2
2026-03-10 19:30:32.643458,-13.12,14.3,51.87,1,2
2026-03-10 19:30:37.643458,-13.5,11.3,32.31,0,1
2026-03-10 19:30:42.643458,-13.68,10.55,37.25,0,1
2026-03-10 19:30:47.643458,-12.73,13.34,35.89,1,2
2026-03-10 19:30:52.643458,-13.74,0.0,32.0,0,0
2026-03-10 19:30:57.643458,-13.18,16.82,44.41,1,2
2026-03-10 19:31:02.643458,-13.61,11.92,36.2,0,1
2026-03-10 19:31:07.643458,-13.69,11.58,35.06,0,1
2026-03-10 19:31:12.643458,-13.08,0.0,32.0,0,0
2026-03-10 19:31:17.643458,-13.24,15.78,44.5,1,2
2026-03-10 19:31:22.643458,-13.65,9.31,39.03,0,1
2026-03-10 19:31:27.643458,-13.3,15.37,43.41,1,2
2026-03-10 19:31:32.643458,-13.65,9.43,36.52,0,1
2026-03-10 19:31:37.643458,-13.06,17.48,41.06,1,2
2026-03-10 19:31:42.643458,-13.04,14.89,46.61,1,2
2026-03-10 19:31:47.643458,-13.62,9.6,32.73,0,1
2026-03-10 19:31:52.643458,-13.19,13.45,39.28,1,2
2026-03-10 19:31:57.643458,-13.38,11.12,39.58,0,1
2026-03-10 19:32:02.643458,-13.51,9.93,30.15,0,1
2026-03-10 19:32:07.643458,-13.43,10.82,39.83,0,1
2026-03-10 19:32:12.643458,-13.5,0.0,32.0,0,0
2026-03-10 19:32:17.643458,-13.53,10.16,37.14,0,1
2026-03-10 19:32:22.643458,-13.9,0.0,32.0,0,0
2026-03-10 19:32:27.643458,-12.96,17.86,40.91,1,2
2026-03-10 19:32:32.643458,-13.13,0.0,32.0,0,0
2026-03-10 19:32:37.643458,-13.56,11.34,30.42,0,1
2026-03-10 19:32:42.643458,-12.81,17.66,54.2,1,2
2026-03-10 19:32:47.643458,-13.56,11.28,30.99,0,1
2026-03-10 19:32:52.643458,-13.23,14.88,54.61,1,2
2026-03-10 19:32:57.643458,-13.47,10.51,35.4,0,1
2026-03-10 19:33:02.643458,-13.58,11.15,34.55,0,1
2026-03-10 19:33:07.643458,-13.41,10.11,34.56,0,1
2026-03-10 19:33:12.643458,-13.71,0.0,32.0,0,0
2026-03-10 19:33:17.643458,-13.46,0.0,32.0,0,0
2026-03-10 19:33:22.643458,-13.24,0.0,32.0,0,0
2026-03-10 19:33:27.643458,-13.62,10.83,36.14,0,1
2026-03-10 19:33:32.643458,-13.0,13.47,52.33,1,2
2026-03-10 19:33:37.643458,-13.21,16.29,36.78,1,2
2026-03-10 19:33:42.643458,-13.67,11.5,34.2,0,1
2026-03-10 19:33:47.643458,-13.53,9.88,39.95,0,1
2026-03-10 19:33:52.643458,-12.87,17.8,41.92,1,2
2026-03-10 19:33:57.643458,-13.31,9.14,39.88,0,1
2026-03-10 19:34:02.643458,-13.83,0.0,32.0,0,0
2026-03-10 19:34:07.643458,-13.35,10.16,31.1,0,1
2026-03-10 19:34:12.643458,-12.84,13.91,45.09,1,2
2026-03-10 19:34:17.643458,-13.39,11.07,30.34,0,1
2026-03-10 19:34:22.643458,-13.66,0.0,32.0,0,0
2026-03-10 19:34:27.643458,-13.41,11.28,35.34,0,1
2026-03-10 19:34:32.643458,-13.43,10.47,36.35,0,1
2026-03-10 19:34:37.643458,-13.38,11.46,39.22,0,1
2026-03-10 19:34:42.643458,-13.52,9.79,36.7,0,1
2026-03-10 19:34:47.643458,-12.89,15.1,48.88,1,2
2026-03-10 19:34:52.643458,-13.48,10.26,39.36,0,1
2026-03-10 19:34:57.643458,-12.88,13.82,40.38,1,2
2026-03-10 19:35:02.643458,-13.19,0.0,32.0,0,0
2026-03-10 19:35:07.643458,-13.4,11.51,36.02,0,1
2026-03-10 19:35:12.643458,-13.08,16.73,48.52,1,2
2026-03-10 19:35:17.643458,-13.99,0.0,32.0,0,0
2026-03-10 19:35:22.643458,-13.03,17.98,41.29,1,2
2026-03-10 19:35:27.643458,-13.66,11.77,30.24,0,1
2026-03-10 19:35:32.643458,-13.37,9.26,38.73,0,1
2026-03-10 19:35:37.643458,-13.48,0.0,32.0,0,0
2026-03-10 19:35:42.643458,-13.71,0.0,32.0,0,0
2026-03-10 19:35:47.643458,-13.53,11.51,36.55,0,1
2026-03-10 19:35:52.643458,-13.47,10.06,30.33,0,1
2026-03-10 19:35:57.643458,-13.22,0.0,32.0,0,0
2026-03-10 19:36:02.643458,-12.82,15.47,51.06,1,2
2026-03-10 19:36:07.643458,-13.37,11.68,35.3,0,1
2026-03-10 19:36:12.643458,-13.2,13.53,38.09,1,2
2026-03-10 19:36:17.643458,-13.49,0.0,32.0,0,0
2026-03-10 19:36:22.643458,-13.36,10.98,31.49,0,1
2026-03-10 19:36:27.643458,-13.62,9.02,36.27,0,1
2026-03-10 19:36:32.643458,-13.98,0.0,32.0,0,0
2026-03-10 19:36:37.643458,-13.23,0.0,32.0,0,0
2026-03-10 19:36:42.643458,-13.65,11.21,37.23,0,1
2026-03-10 19:36:47.643458,-13.62,9.17,39.19,0,1
2026-03-10 19:36:52.643458,-13.58,11.53,35.32,0,1
2026-03-10 19:36:57.643458,-13.06,15.26,48.62,1,2
2026-03-10 19:37:02.643458,-13.63,11.21,36.81,0,1
2026-03-10 19:37:07.643458,-13.25,0.0,32.0,0,0
2026-03-10 19:37:12.643458,-13.78,0.0,32.0,0,0
2026-03-10 19:37:17.643458,-13.69,9.51,35.58,0,1
2026-03-10 19:37:22.643458,-13.45,9.52,34.81,0,1
2026-03-10 19:37:27.643458,-13.68,0.0,32.0,0,0
2026-03-10 19:37:32.643458,-13.32,9.51,38.53,0,1
2026-03-10 19:37:37.643458,-12.71,16.92,35.39,1,2
2026-03-10 19:37:42.643458,-13.54,9.78,36.04,0,1
2026-03-10 19:37:47.643458,-13.58,9.57,32.1,0,1
2026-03-10 19:37:52.643458,-13.71,0.0,32.0,0,0
2026-03-10 19:37:57.643458,-13.67,11.28,39.28,0,1
2026-03-10 19:38:02.643458,-13.02,14.33,38.63,1,2
2026-03-10 19:38:07.643458,-13.1,15.19,41.31,1,2
2026-03-10 19:38:12.643458,-12.79,16.5,35.85,1,2
2026-03-10 19:38:17.643458,-12.87,14.39,52.46,1,2
2026-03-10 19:38:22.643458,-13.13,0.0,32.0,0,0
2026-03-10 19:38:27.643458,-12.83,14.83,38.88,1,2
2026-03-10 19:38:32.643458,-12.99,15.82,50.62,1,2
2026-03-10 19:38:37.643458,-13.54,10.26,30.5,0,1
2026-03-10 19:38:42.643458,-13.25,17.12,48.94,1,2
2026-03-10 19:38:47.643458,-13.63,11.45,34.33,0,1
2026-03-10 19:38:52.643458,-13.02,0.0,32.0,0,0
2026-03-10 19:38:57.643458,-13.07,17.77,37.74,1,2
2026-03-10 19:39:02.643458,-13.93,0.0,32.0,0,0
2026-03-10 19:39:07.643458,-13.36,11.8,31.13,0,1
2026-03-10 19:39:12.643458,-13.41,10.65,36.54,0,1
2026-03-10 19:39:17.643458,-13.69,10.94,35.32,0,1
2026-03-10 19:39:22.643458,-13.42,0.0,32.0,0,0
2026-03-10 19:39:27.643458,-13.34,11.57,32.1,0,1
2026-03-10 19:39:32.643458,-13.1,0.0,32.0,0,0
2026-03-10 19:39:37.643458,-13.34,11.4,37.31,0,1
2026-03-10 19:39:42.643458,-13.59,0.0,32.0,0,0
2026-03-10 19:39:47.643458,-13.14,16.1,42.22,1,2
2026-03-10 19:39:52.643458,-13.05,0.0,32.0,0,0
2026-03-10 19:39:57.643458,-13.63,11.51,38.08,0,1
2026-03-10 19:40:02.643458,-13.18,16.44,43.73,1,2
2026-03-10 19:40:07.643458,-13.33,10.17,39.69,0,1
2026-03-10 19:40:12.643458,-12.84,17.82,46.83,1,2
2026-03-10 19:40:17.643458,-13.73,0.0,32.0,0,0
2026-03-10 19:40:22.643458,-13.69,0.0,32.0,0,0
2026-03-10 19:40:27.643458,-13.2,14.75,51.51,1,2
2026-03-10 19:40:32.643458,-13.12,14.1,35.44,1,2
2026-03-10 19:40:37.643458,-13.39,9.18,35.82,0,1
2026-03-10 19:40:42.643458,-13.32,11.76,32.53,0,1
2026-03-10 19:40:47.643458,-13.62,9.87,31.97,0,1
2026-03-10 19:40:52.643458,-13.35,11.56,35.2,0,1
2026-03-10 19:40:57.643458,-13.65,0.0,32.0,0,0
2026-03-10 19:41:02.643458,-13.53,9.06,37.95,0,1
2026-03-10 19:41:07.643458,-13.38,11.5,31.32,0,1
2026-03-10 19:41:12.643458,-13.5,0.0,32.0,0,0
2026-03-10 19:41:17.643458,-12.99,16.25,40.58,1,2
2026-03-10 19:41:22.643458,-13.04,15.9,49.01,1,2
2026-03-10 19:41:27.643458,-13.17,0.0,32.0,0,0
2026-03-10 19:41:32.643458,-13.61,11.46,39.17,0,1
2026-03-10 19:41:37.643458,-13.09,16.85,35.94,1,2
2026-03-10 19:41:42.643458,-13.3,16.0,36.91,1,2
2026-03-10 19:41:47.643458,-13.21,14.92,52.36,1,2
2026-03-10 19:41:52.643458,-12.82,13.27,47.23,1,2
2026-03-10 19:41:57.643458,-13.37,10.42,35.98,0,1
2026-03-10 19:42:02.643458,-13.51,0.0,32.0,0,0
2026-03-10 19:42:07.643458,-13.76,0.0,32.0,0,0
2026-03-10 19:42:12.643458,-12.71,14.02,40.52,1,2
2026-03-10 19:42:17.643458,-13.13,15.42,49.55,1,2
2026-03-10 19:42:22.643458,-13.36,9.31,34.72,0,1
2026-03-10 19:42:27.643458,-13.67,0.0,32.0,0,0
2026-03-10 19:42:32.643458,-13.17,0.0,32.0,0,0
2026-03-10 19:42:37.643458,-13.39,9.33,34.19,0,1
2026-03-10 19:42:42.643458,-13.57,11.43,38.84,0,1
2026-03-10 19:42:47.643458,-13.11,16.77,50.38,1,2
2026-03-10 19:42:52.643458,-13.42,0.0,32.0,0,0
2026-03-10 19:42:57.643458,-12.84,13.38,45.42,1,2
2026-03-10 19:43:02.643458,-13.11,0.0,32.0,0,0
2026-03-10 19:43:07.643458,-13.79,0.0,32.0,0,0
2026-03-10 19:43:12.643458,-13.24,15.0,44.62,1,2
2026-03-10 19:43:17.643458,-13.22,17.7,41.72,1,2
2026-03-10 19:43:22.643458,-13.63,11.9,32.85,0,1
2026-03-10 19:43:27.643458,-13.43,10.55,31.22,0,1
2026-03-10 19:43:32.643458,-13.27,0.0,32.0,0,0
2026-03-10 19:43:37.643458,-12.9,16.35,53.35,1,2
2026-03-10 19:43:42.643458,-13.26,0.0,32.0,0,0
2026-03-10 19:43:47.643458,-13.07,0.0,32.0,0,0
2026-03-10 19:43:52.643458,-13.05,17.97,48.7,1,2
2026-03-10 19:43:57.643458,-13.21,16.94,49.8,1,2
2026-03-10 19:44:02.643458,-13.67,10.94,38.53,0,1
2026-03-10 19:44:07.643458,-13.16,0.0,32.0,0,0
2026-03-10 19:44:12.643458,-12.86,17.31,50.37,1,2
2026-03-10 19:44:17.643458,-13.52,10.1,32.56,0,1
2026-03-10 19:44:22.643458,-13.47,0.0,32.0,0,0
2026-03-10 19:44:27.643458,-13.46,0.0,32.0,0,0
2026-03-10 19:44:32.643458,-13.56,11.14,31.58,0,1
2026-03-10 19:44:37.643458,-12.92,14.17,39.58,1,2
2026-03-10 19:44:42.643458,-13.76,0.0,32.0,0,0
2026-03-10 19:44:47.643458,-13.33,11.19,32.13,0,1
2026-03-10 19:44:52.643458,-12.9,16.38,52.34,1,2
2026-03-10 19:44:57.643458,-13.6,10.08,39.84,0,1
2026-03-10 19:45:02.643458,-13.35,0.0,32.0,0,0
2026-03-10 19:45:07.643458,-13.48,9.15,30.0,0,1
2026-03-10 19:45:12.643458,-13.44,10.21,32.48,0,1
2026-03-10 19:45:17.643458,-13.24,0.0,32.0,0,0
2026-03-10 19:45:22.643458,-13.01,15.41,49.22,1,2
2026-03-10 19:45:27.643458,-13.11,17.35,43.91,1,2
2026-03-10 19:45:32.643458,-13.59,0.0,32.0,0,0
2026-03-10 19:45:37.643458,-13.49,0.0,32.0,0,0
2026-03-10 19:45:42.643458,-13.39,11.6,34.51,0,1
2026-03-10 19:45:47.643458,-13.44,11.2,38.34,0,1
2026-03-10 19:45:52.643458,-13.5,11.68,35.63,0,1
2026-03-10 19:45:57.643458,-12.9,13.04,36.87,1,2
2026-03-10 19:46:02.643458,-12.7,14.86,51.82,1,2
2026-03-10 19:46:07.643458,-13.61,10.97,30.63,0,1
2026-03-10 19:46:12.643458,-13.37,0.0,32.0,0,0
2026-03-10 19:46:17.643458,-12.86,16.83,51.51,1,2
2026-03-10 19:46:22.643458,-13.66,0.0,32.0,0,0
2026-03-10 19:46:27.643458,-13.61,10.93,31.67,0,1
2026-03-10 19:46:32.643458,-13.68,9.57,31.02,0,1
2026-03-10 19:46:37.643458,-12.79,15.05,37.09,1,2
2026-03-10 19:46:42.643458,-13.27,13.17,49.15,1,2
2026-03-10 19:46:47.643458,-13.64,9.03,32.52,0,1
2026-03-10 19:46:52.643458,-13.21,17.54,50.98,1,2
2026-03-10 19:46:57.643458,-12.95,15.96,43.87,1,2
2026-03-10 19:47:02.643458,-13.41,11.8,37.83,0,1
2026-03-10 19:47:07.643458,-13.03,16.78,51.15,1,2
2026-03-10 19:47:12.643458,-13.31,9.91,37.05,0,1
2026-03-10 19:47:17.643458,-13.01,14.22,46.21,1,2
2026-03-10 19:47:22.643458,-13.16,0.0,32.0,0,0
2026-03-10 19:47:27.643458,-13.59,10.53,35.21,0,1
2026-03-10 19:47:32.643458,-12.77,14.6,51.29,1,2
2026-03-10 19:47:37.643458,-13.83,0.0,32.0,0,0
2026-03-10 19:47:42.643458,-13.99,0.0,32.0,0,0
2026-03-10 19:47:47.643458,-13.77,0.0,32.0,0,0
2026-03-10 19:47:52.643458,-13.64,11.76,37.0,0,1
2026-03-10 19:47:57.643458,-13.01,0.0,32.0,0,0
2026-03-10 19:48:02.643458,-13.46,9.18,32.95,0,1
2026-03-10 19:48:07.643458,-12.9,15.15,40.44,1,2
2026-03-10 19:48:12.643458,-13.49,10.28,33.65,0,1
2026-03-10 19:48:17.643458,-13.9,0.0,32.0,0,0
2026-03-10 19:48:22.643458,-13.34,11.13,33.05,0,1
2026-03-10 19:48:27.643458,-12.76,17.22,45.98,1,2
2026-03-10 19:48:32.643458,-13.98,0.0,32.0,0,0
2026-03-10 19:48:37.643458,-12.93,14.62,40.88,1,2
2026-03-10 19:48:42.643458,-13.6,0.0,32.0,0,0
2026-03-10 19:48:47.643458,-13.08,13.6,39.47,1,2
2026-03-10 19:48:52.643458,-13.49,11.97,37.83,0,1
2026-03-10 19:48:57.643458,-13.31,0.0,32.0,0,0
2026-03-10 19:49:02.643458,-12.96,16.75,40.0,1,2
2026-03-10 19:49:07.643458,-13.65,9.91,38.97,0,1
2026-03-10 19:49:12.643458,-13.12,13.12,35.67,1,2
2026-03-10 19:49:17.643458,-12.73,16.42,44.01,1,2
2026-03-10 19:49:22.643458,-13.48,9.04,32.78,0,1
2026-03-10 19:49:27.643458,-13.36,11.02,38.78,0,1
2026-03-10 19:49:32.643458,-13.17,16.44,39.26,1,2
2026-03-10 19:49:37.643458,-12.8,17.26,53.24,1,2
2026-03-10 19:49:42.643458,-13.6,10.64,39.32,0,1
2026-03-10 19:49:47.643458,-12.92,14.66,40.6,1,2
2026-03-10 19:49:52.643458,-13.48,0.0,32.0,0,0
2026-03-10 19:49:57.643458,-13.26,0.0,32.0,0,0
2026-03-10 19:50:02.643458,-13.29,0.0,32.0,0,0
2026-03-10 19:50:07.643458,-13.33,11.86,35.07,0,1
2026-03-10 19:50:12.643458,-12.8,17.64,48.08,1,2
2026-03-10 19:50:17.643458,-13.45,10.34,37.47,0,1
2026-03-10 19:50:22.643458,-12.94,15.39,39.69,1,2
2026-03-10 19:50:27.643458,-12.93,17.28,52.47,1,2
2026-03-10 19:50:32.643458,-12.96,14.83,45.39,1,2
2026-03-10 19:50:37.643458,-13.01,15.33,49.45,1,2
2026-03-10 19:50:42.643458,-13.11,15.38,38.69,1,2
2026-03-10 19:50:47.643458,-13.19,16.17,54.9,1,2
2026-03-10 19:50:52.643458,-13.22,17.29,50.24,1,2
2026-03-10 19:50:57.643458,-12.78,17.62,40.73,1,2
2026-03-10 19:51:02.643458,-13.46,11.02,36.18,0,1
2026-03-10 19:51:07.643458,-13.62,11.76,38.05,0,1
2026-03-10 19:51:12.643458,-13.39,0.0,32.0,0,0
2026-03-10 19:51:17.643458,-12.77,13.09,40.89,1,2
2026-03-10 19:51:22.643458,-13.47,0.0,32.0,0,0
2026-03-10 19:51:27.643458,-13.21,16.32,49.27,1,2
2026-03-10 19:51:32.643458,-13.42,10.5,39.0,0,1
2026-03-10 19:51:37.643458,-13.07,15.78,49.36,1,2
2026-03-10 19:51:42.643458,-13.13,15.64,53.07,1,2
2026-03-10 19:51:47.643458,-12.88,15.18,53.24,1,2
2026-03-10 19:51:52.643458,-13.67,0.0,32.0,0,0
2026-03-10 19:51:57.643458,-13.15,0.0,32.0,0,0
2026-03-10 19:52:02.643458,-13.6,9.2,33.8,0,1
2026-03-10 19:52:07.643458,-13.55,0.0,32.0,0,0
2026-03-10 19:52:12.643458,-13.5,0.0,32.0,0,0
2026-03-10 19:52:17.643458,-13.32,0.0,32.0,0,0
2026-03-10 19:52:22.643458,-13.21,17.11,53.99,1,2
2026-03-10 19:52:27.643458,-13.61,10.03,38.29,0,1
2026-03-10 19:52:32.643458,-13.09,15.99,49.93,1,2
2026-03-10 19:52:37.643458,-12.76,14.64,50.56,1,2
2026-03-10 19:52:42.643458,-13.49,10.23,37.68,0,1
2026-03-10 19:52:47.643458,-13.07,16.82,41.45,1,2
2026-03-10 19:52:52.643458,-13.24,0.0,32.0,0,0
2026-03-10 19:52:57.643458,-13.23,14.82,38.39,1,2
2026-03-10 19:53:02.643458,-13.48,0.0,32.0,0,0
2026-03-10 19:53:07.643458,-13.17,17.24,41.68,1,2
2026-03-10 19:53:12.643458,-13.5,11.67,34.08,0,1
2026-03-10 19:53:17.643458,-13.57,10.32,34.18,0,1
2026-03-10 19:53:22.643458,-13.2,0.0,32.0,0,0
2026-03-10 19:53:27.643458,-13.46,0.0,32.0,0,0
2026-03-10 19:53:32.643458,-13.08,14.91,42.65,1,2
2026-03-10 19:53:37.643458,-13.07,14.33,52.26,1,2
2026-03-10 19:53:42.643458,-13.41,0.0,32.0,0,0
2026-03-10 19:53:47.643458,-13.24,0.0,32.0,0,0
2026-03-10 19:53:52.643458,-13.49,0.0,32.0,0,0
2026-03-10 19:53:57.643458,-13.62,9.9,39.4,0,1
2026-03-10 19:54:02.643458,-13.1,0.0,32.0,0,0
2026-03-10 19:54:07.643458,-13.81,0.0,32.0,0,0
2026-03-10 19:54:12.643458,-12.93,13.46,40.01,1,2
2026-03-10 19:54:17.643458,-12.94,15.76,35.31,1,2
2026-03-10 19:54:22.643458,-12.85,13.59,37.79,1,2
2026-03-10 19:54:27.643458,-13.31,11.39,35.58,0,1
2026-03-10 19:54:32.643458,-13.71,0.0,32.0,0,0
2026-03-10 19:54:37.643458,-13.06,0.0,32.0,0,0
2026-03-10 19:54:42.643458,-13.75,0.0,32.0,0,0
2026-03-10 19:54:47.643458,-13.63,0.0,32.0,0,0
2026-03-10 19:54:52.643458,-13.15,15.42,46.19,1,2
2026-03-10 19:54:57.643458,-12.93,15.86,36.86,1,2
2026-03-10 19:55:02.643458,-13.36,11.83,39.92,0,1
2026-03-10 19:55:07.643458,-12.97,14.16,50.29,1,2
2026-03-10 19:55:12.643458,-13.4,0.0,32.0,0,0
2026-03-10 19:55:17.643458,-13.29,0.0,32.0,0,0
2026-03-10 19:55:22.643458,-13.51,0.0,32.0,0,0
2026-03-10 19:55:27.643458,-13.66,9.11,31.25,0,1
2026-03-10 19:55:32.643458,-13.32,11.47,30.94,0,1
2026-03-10 19:55:37.643458,-13.61,0.0,32.0,0,0
2026-03-10 19:55:42.643458,-13.25,0.0,32.0,0,0
2026-03-10 19:55:47.643458,-13.4,11.8,31.84,0,1
2026-03-10 19:55:52.643458,-13.59,10.36,31.81,0,1
2026-03-10 19:55:57.643458,-13.83,0.0,32.0,0,0
2026-03-10 19:56:02.643458,-13.47,0.0,32.0,0,0
2026-03-10 19:56:07.643458,-13.52,9.9,37.25,0,1
2026-03-10 19:56:12.643458,-13.08,14.51,44.2,1,2
2026-03-10 19:56:17.643458,-13.31,0.0,32.0,0,0
2026-03-10 19:56:22.643458,-12.81,13.82,51.4,1,2
2026-03-10 19:56:27.643458,-12.83,15.08,50.09,1,2
2026-03-10 19:56:32.643458,-13.09,16.16,38.58,1,2
2026-03-10 19:56:37.643458,-13.32,10.78,37.45,0,1
2026-03-10 19:56:42.643458,-13.97,0.0,32.0,0,0
2026-03-10 19:56:47.643458,-13.13,14.46,45.48,1,2
2026-03-10 19:56:52.643458,-13.31,11.59,38.87,0,1
2026-03-10 19:56:57.643458,-13.54,9.78,34.36,0,1
2026-03-10 19:57:02.643458,-12.96,17.25,54.59,1,2
2026-03-10 19:57:07.643458,-13.44,0.0,32.0,0,0
2026-03-10 19:57:12.643458,-13.01,16.07,44.16,1,2
2026-03-10 19:57:17.643458,-12.71,17.09,50.22,1,2
2026-03-10 19:57:22.643458,-12.81,13.84,44.98,1,2
2026-03-10 19:57:27.643458,-13.41,10.06,39.34,0,1
2026-03-10 19:57:32.643458,-13.15,16.65,43.85,1,2
2026-03-10 19:57:37.643458,-12.98,13.39,49.52,1,2
2026-03-10 19:57:42.643458,-12.94,15.3,54.29,1,2
2026-03-10 19:57:47.643458,-13.21,17.05,50.22,1,2
2026-03-10 19:57:52.643458,-13.57,10.36,39.95,0,1
2026-03-10 19:57:57.643458,-13.11,0.0,32.0,0,0
2026-03-10 19:58:02.643458,-12.9,14.89,48.2,1,2
2026-03-10 19:58:07.643458,-13.67,9.92,33.36,0,1
2026-03-10 19:58:12.643458,-13.76,0.0,32.0,0,0
2026-03-10 19:58:17.643458,-13.67,11.9,39.3,0,1
2026-03-10 19:58:22.643458,-13.06,0.0,32.0,0,0
2026-03-10 19:58:27.643458,-13.66,0.0,32.0,0,0
2026-03-10 19:58:32.643458,-13.44,9.78,33.51,0,1
2026-03-10 19:58:37.643458,-13.7,0.0,32.0,0,0
2026-03-10 19:58:42.643458,-12.92,13.57,39.08,1,2
2026-03-10 19:58:47.643458,-13.4,9.24,32.86,0,1
2026-03-10 19:58:52.643458,-13.48,10.81,30.86,0,1
2026-03-10 19:58:57.643458,-13.47,10.11,36.62,0,1
2026-03-10 19:59:02.643458,-13.29,15.03,50.4,1,2
2026-03-10 19:59:07.643458,-13.62,9.07,35.83,0,1
2026-03-10 19:59:12.643458,-13.31,9.75,30.24,0,1
2026-03-10 19:59:17.643458,-13.13,13.03,37.79,1,2
2026-03-10 19:59:22.643458,-13.42,10.73,35.41,0,1
2026-03-10 19:59:27.643458,-13.29,17.92,53.6,1,2
2026-03-10 19:59:32.643458,-13.87,0.0,32.0,0,0
2026-03-10 19:59:37.643458,-13.02,0.0,32.0,0,0
2026-03-10 19:59:42.643458,-12.95,14.61,38.25,1,2
2026-03-10 19:59:47.643458,-12.96,17.54,38.35,1,2
2026-03-10 19:59:52.643458,-13.28,0.0,32.0,0,0
2026-03-10 19:59:57.643458,-13.66,10.34,30.93,0,1
2026-03-10 20:00:02.643458,-13.13,13.12,37.75,1,2
2026-03-10 20:00:07.643458,-12.84,13.94,47.09,1,2
2026-03-10 20:00:12.643458,-13.54,10.96,34.81,0,1
2026-03-10 20:00:17.643458,-13.21,16.75,54.96,1,2
2026-03-10 20:00:22.643458,-12.88,16.22,45.27,1,2
2026-03-10 20:00:27.643458,-13.79,0.0,32.0,0,0
2026-03-10 20:00:32.643458,-13.11,17.04,51.89,1,2
2026-03-10 20:00:37.643458,-13.53,9.76,34.24,0,1
2026-03-10 20:00:42.643458,-13.33,11.67,36.26,0,1
2026-03-10 20:00:47.643458,-13.33,11.75,34.1,0,1
2026-03-10 20:00:52.643458,-12.78,15.59,38.32,1,2
2026-03-10 20:00:57.643458,-13.08,0.0,32.0,0,0
2026-03-10 20:01:02.643458,-12.86,13.54,40.0,1,2
2026-03-10 20:01:07.643458,-12.97,17.0,50.91,1,2
2026-03-10 20:01:12.643458,-13.36,9.0,38.96,0,1
2026-03-10 20:01:17.643458,-13.34,11.51,31.54,0,1
2026-03-10 20:01:22.643458,-13.26,17.65,39.3,1,2
2026-03-10 20:01:27.643458,-13.32,9.97,35.2,0,1
2026-03-10 20:01:32.643458,-13.35,9.15,32.05,0,1
2026-03-10 20:01:37.643458,-13.48,11.46,39.34,0,1
2026-03-10 20:01:42.643458,-13.1,15.96,35.76,1,2
2026-03-10 20:01:47.643458,-13.52,11.01,36.94,0,1
2026-03-10 20:01:52.643458,-13.28,0.0,32.0,0,0
2026-03-10 20:01:57.643458,-13.08,15.7,51.94,1,2
2026-03-10 20:02:02.643458,-13.5,0.0,32.0,0,0
2026-03-10 20:02:07.643458,-13.13,0.0,32.0,0,0
2026-03-10 20:02:12.643458,-13.44,11.85,31.52,0,1
2026-03-10 20:02:17.643458,-13.45,11.58,33.06,0,1
2026-03-10 20:02:22.643458,-13.38,0.0,32.0,0,0
2026-03-10 20:02:27.643458,-12.71,17.63,48.62,1,2
2026-03-10 20:02:32.643458,-13.85,0.0,32.0,0,0
2026-03-10 20:02:37.643458,-13.68,10.8,36.21,0,1
2026-03-10 20:02:42.643458,-13.01,17.38,41.13,1,2
2026-03-10 20:02:47.643458,-13.54,10.37,37.39,0,1
2026-03-10 20:02:52.643458,-13.27,0.0,32.0,0,0
2026-03-10 20:02:57.643458,-13.05,0.0,32.0,0,0
2026-03-10 20:03:02.643458,-13.21,13.66,43.59,1,2
2026-03-10 20:03:07.643458,-13.9,0.0,32.0,0,0
2026-03-10 20:03:12.643458,-12.83,16.95,39.62,1,2
2026-03-10 20:03:17.643458,-12.99,13.04,51.6,1,2
2026-03-10 20:03:22.643458,-12.94,14.9,44.39,1,2
2026-03-10 20:03:27.643458,-13.41,10.95,36.82,0,1
2026-03-10 20:03:32.643458,-13.6,11.12,34.2,0,1
2026-03-10 20:03:37.643458,-12.96,14.74,37.54,1,2
2026-03-10 20:03:42.643458,-12.85,15.06,48.63,1,2
2026-03-10 20:03:47.643458,-13.2,0.0,32.0,0,0
2026-03-10 20:03:52.643458,-13.33,9.57,37.19,0,1
2026-03-10 20:03:57.643458,-13.34,9.02,39.46,0,1
2026-03-10 20:04:02.643458,-13.59,9.78,32.47,0,1
2026-03-10 20:04:07.643458,-13.25,14.23,52.01,1,2
2026-03-10 20:04:12.643458,-13.19,0.0,32.0,0,0
2026-03-10 20:04:17.643458,-13.49,11.11,39.94,0,1
2026-03-10 20:04:22.643458,-12.85,16.52,54.23,1,2
2026-03-10 20:04:27.643458,-13.29,0.0,32.0,0,0
2026-03-10 20:04:32.643458,-13.55,11.8,34.75,0,1
2026-03-10 20:04:37.643458,-13.5,9.57,39.45,0,1
2026-03-10 20:04:42.643458,-13.12,17.04,53.48,1,2
2026-03-10 20:04:47.643458,-13.36,0.0,32.0,0,0
2026-03-10 20:04:52.643458,-13.14,0.0,32.0,0,0
2026-03-10 20:04:57.643458,-13.02,14.56,51.22,1,2
2026-03-10 20:05:02.643458,-13.26,17.57,45.58,1,2
2026-03-10 20:05:07.643458,-13.04,0.0,32.0,0,0
2026-03-10 20:05:12.643458,-13.13,0.0,32.0,0,0
2026-03-10 20:05:17.643458,-13.5,9.44,36.41,0,1
2026-03-10 20:05:22.643458,-13.67,0.0,32.0,0,0
2026-03-10 20:05:27.643458,-13.07,14.21,49.59,1,2
2026-03-10 20:05:32.643458,-13.7,10.02,34.3,0,1
2026-03-10 20:05:37.643458,-12.82,15.36,37.9,1,2
2026-03-10 20:05:42.643458,-13.17,16.31,38.06,1,2
2026-03-10 20:05:47.643458,-13.2,17.49,53.03,1,2
2026-03-10 20:05:52.643458,-13.54,10.01,34.74,0,1
2026-03-10 20:05:57.643458,-13.42,11.78,38.58,0,1
2026-03-10 20:06:02.643458,-13.96,0.0,32.0,0,0
2026-03-10 20:06:07.643458,-13.03,16.59,41.4,1,2
2026-03-10 20:06:12.643458,-12.78,15.97,51.71,1,2
2026-03-10 20:06:17.643458,-13.15,0.0,32.0,0,0
2026-03-10 20:06:22.643458,-13.89,0.0,32.0,0,0
2026-03-10 20:06:27.643458,-13.16,14.65,53.1,1,2
2026-03-10 20:06:32.643458,-13.56,11.62,37.97,0,1
2026-03-10 20:06:37.643458,-13.01,16.15,47.23,1,2
2026-03-10 20:06:42.643458,-13.03,15.73,37.14,1,2
2026-03-10 20:06:47.643458,-13.52,10.98,36.23,0,1
2026-03-10 20:06:52.643458,-13.51,10.96,35.22,0,1
2026-03-10 20:06:57.643458,-13.29,0.0,32.0,0,0
2026-03-10 20:07:02.643458,-13.24,14.04,52.18,1,2
2026-03-10 20:07:07.643458,-13.97,0.0,32.0,0,0
2026-03-10 20:07:12.643458,-13.23,17.39,37.3,1,2
2026-03-10 20:07:17.643458,-13.61,0.0,32.0,0,0
2026-03-10 20:07:22.643458,-13.92,0.0,32.0,0,0
2026-03-10 20:07:27.643458,-12.77,17.76,49.57,1,2
2026-03-10 20:07:32.643458,-13.57,0.0,32.0,0,0
2026-03-10 20:07:37.643458,-13.67,11.89,30.66,0,1
2026-03-10 20:07:42.643458,-13.22,14.6,37.47,1,2
2026-03-10 20:07:47.643458,-13.1,0.0,32.0,0,0
2026-03-10 20:07:52.643458,-13.24,15.15,42.86,1,2
2026-03-10 20:07:57.643458,-13.56,9.5,33.08,0,1
2026-03-10 20:08:02.643458,-13.15,16.12,46.23,1,2
2026-03-10 20:08:07.643458,-13.12,16.05,45.72,1,2
2026-03-10 20:08:12.643458,-12.85,17.28,43.06,1,2
2026-03-10 20:08:17.643458,-13.83,0.0,32.0,0,0
2026-03-10 20:08:22.643458,-13.22,0.0,32.0,0,0
2026-03-10 20:08:27.643458,-13.37,11.22,39.93,0,1
2026-03-10 20:08:32.643458,-12.93,13.96,48.3,1,2
2026-03-10 20:08:37.643458,-12.96,15.74,45.04,1,2
2026-03-10 20:08:42.643458,-13.6,11.13,32.7,0,1
2026-03-10 20:08:47.643458,-13.57,11.14,30.96,0,1
2026-03-10 20:08:52.643458,-13.9,0.0,32.0,0,0
2026-03-10 20:08:57.643458,-13.49,10.76,35.41,0,1
2026-03-10 20:09:02.643458,-13.48,10.29,39.2,0,1
2026-03-10 20:09:07.643458,-13.87,0.0,32.0,0,0
2026-03-10 20:09:12.643458,-13.21,0.0,32.0,0,0
2026-03-10 20:09:17.643458,-13.39,0.0,32.0,0,0
2026-03-10 20:09:22.643458,-13.37,9.48,38.67,0,1
2026-03-10 20:09:27.643458,-13.38,10.98,30.02,0,1
2026-03-10 20:09:32.643458,-13.7,11.85,31.32,0,1
2026-03-10 20:09:37.643458,-13.27,0.0,32.0,0,0
2026-03-10 20:09:42.643458,-13.26,0.0,32.0,0,0
2026-03-10 20:09:47.643458,-13.57,9.63,39.79,0,1
2026-03-10 20:09:52.643458,-13.52,0.0,32.0,0,0
2026-03-10 20:09:57.643458,-13.81,0.0,32.0,0,0
2026-03-10 20:10:02.643458,-13.6,0.0,32.0,0,0
2026-03-10 20:10:07.643458,-13.48,0.0,32.0,0,0
2026-03-10 20:10:12.643458,-13.12,0.0,32.0,0,0
2026-03-10 20:10:17.643458,-13.42,10.36,35.36,0,1
2026-03-10 20:10:22.643458,-13.25,0.0,32.0,0,0
2026-03-10 20:10:27.643458,-13.27,0.0,32.0,0,0
2026-03-10 20:10:32.643458,-13.15,16.06,49.12,1,2
2026-03-10 20:10:37.643458,-13.9,0.0,32.0,0,0
2026-03-10 20:10:42.643458,-13.59,0.0,32.0,0,0
2026-03-10 20:10:47.643458,-13.22,14.9,44.65,1,2
2026-03-10 20:10:52.643458,-12.78,14.77,50.07,1,2
2026-03-10 20:10:57.643458,-13.55,0.0,32.0,0,0
2026-03-10 20:11:02.643458,-13.45,10.35,31.37,0,1
2026-03-10 20:11:07.643458,-13.43,9.8,36.71,0,1
2026-03-10 20:11:12.643458,-13.19,17.65,48.76,1,2
2026-03-10 20:11:17.643458,-13.64,0.0,32.0,0,0
2026-03-10 20:11:22.643458,-13.66,11.94,32.62,0,1
2026-03-10 20:11:27.643458,-13.25,13.84,48.49,1,2
2026-03-10 20:11:32.643458,-13.43,0.0,32.0,0,0
2026-03-10 20:11:37.643458,-13.68,0.0,32.0,0,0
2026-03-10 20:11:42.643458,-13.06,16.22,36.93,1,2
2026-03-10 20:11:47.643458,-12.8,16.42,42.22,1,2
2026-03-10 20:11:52.643458,-13.72,0.0,32.0,0,0
2026-03-10 20:11:57.643458,-13.25,17.27,43.24,1,2
2026-03-10 20:12:02.643458,-13.12,16.31,39.81,1,2
2026-03-10 20:12:07.643458,-13.54,11.82,34.7,0,1
2026-03-10 20:12:12.643458,-13.63,11.16,34.67,0,1
2026-03-10 20:12:17.643458,-13.34,0.0,32.0,0,0
2026-03-10 20:12:22.643458,-13.49,9.88,32.31,0,1
2026-03-10 20:12:27.643458,-13.46,9.11,30.19,0,1
2026-03-10 20:12:32.643458,-12.99,16.52,49.12,1,2
2026-03-10 20:12:37.643458,-12.88,14.44,49.93,1,2
2026-03-10 20:12:42.643458,-13.6,11.8,35.25,0,1
2026-03-10 20:12:47.643458,-13.42,0.0,32.0,0,0
2026-03-10 20:12:52.643458,-13.68,11.2,30.12,0,1
2026-03-10 20:12:57.643458,-13.47,10.13,39.66,0,1
2026-03-10 20:13:02.643458,-13.91,0.0,32.0,0,0
2026-03-10 20:13:07.643458,-13.19,13.93,44.53,1,2
2026-03-10 20:13:12.643458,-13.39,0.0,32.0,0,0
2026-03-10 20:13:17.643458,-13.32,0.0,32.0,0,0
2026-03-10 20:13:22.643458,-13.13,14.16,44.02,1,2
2026-03-10 20:13:27.643458,-13.36,0.0,32.0,0,0
2026-03-10 20:13:32.643458,-13.5,0.0,32.0,0,0
2026-03-10 20:13:37.643458,-13.67,9.23,39.02,0,1
2026-03-10 20:13:42.643458,-13.51,9.34,37.75,0,1
2026-03-10 20:13:47.643458,-13.77,0.0,32.0,0,0
2026-03-10 20:13:52.643458,-13.53,10.3,32.82,0,1
2026-03-10 20:13:57.643458,-13.26,0.0,32.0,0,0
2026-03-10 20:14:02.643458,-12.8,13.34,53.21,1,2
2026-03-10 20:14:07.643458,-13.56,10.78,36.03,0,1
2026-03-10 20:14:12.643458,-13.04,15.94,52.72,1,2
2026-03-10 20:14:17.643458,-13.41,10.94,39.72,0,1
2026-03-10 20:14:22.643458,-13.61,10.88,35.83,0,1
2026-03-10 20:14:27.643458,-13.26,17.46,35.63,1,2
2026-03-10 20:14:32.643458,-13.25,17.22,53.23,1,2
2026-03-10 20:14:37.643458,-13.09,0.0,32.0,0,0
2026-03-10 20:14:42.643458,-13.51,11.01,38.23,0,1
2026-03-10 20:14:47.643458,-13.4,0.0,32.0,0,0
2026-03-10 20:14:52.643458,-13.04,0.0,32.0,0,0
2026-03-10 20:14:57.643458,-12.96,15.97,40.52,1,2
2026-03-10 20:15:02.643458,-13.66,10.78,33.38,0,1
2026-03-10 20:15:07.643458,-12.71,16.05,51.96,1,2
2026-03-10 20:15:12.643458,-13.7,0.0,32.0,0,0
2026-03-10 20:15:17.643458,-13.4,0.0,32.0,0,0
2026-03-10 20:15:22.643458,-13.62,0.0,32.0,0,0
2026-03-10 20:15:27.643458,-13.18,0.0,32.0,0,0
2026-03-10 20:15:32.643458,-13.79,0.0,32.0,0,0
2026-03-10 20:15:37.643458,-12.75,16.35,44.61,1,2
2026-03-10 20:15:42.643458,-13.12,14.51,47.03,1,2
2026-03-10 20:15:47.643458,-13.5,9.77,33.41,0,1
2026-03-10 20:15:52.643458,-13.04,0.0,32.0,0,0
2026-03-10 20:15:57.643458,-13.84,0.0,32.0,0,0
2026-03-10 20:16:02.643458,-13.15,0.0,32.0,0,0
2026-03-10 20:16:07.643458,-13.17,17.02,53.69,1,2
2026-03-10 20:16:12.643458,-13.42,0.0,32.0,0,0
2026-03-10 20:16:17.643458,-12.72,16.18,42.97,1,2
2026-03-10 20:16:22.643458,-13.35,0.0,32.0,0,0
2026-03-10 20:16:27.643458,-13.27,17.36,44.2,1,2
2026-03-10 20:16:32.643458,-13.32,0.0,32.0,0,0
2026-03-10 20:16:37.643458,-12.98,17.79,43.76,1,2
2026-03-10 20:16:42.643458,-13.59,11.5,38.46,0,1
2026-03-10 20:16:47.643458,-13.56,11.83,33.75,0,1
2026-03-10 20:16:52.643458,-13.29,0.0,32.0,0,0
2026-03-10 20:16:57.643458,-12.99,15.09,45.37,1,2
2026-03-10 20:17:02.643458,-13.51,11.52,32.68,0,1
2026-03-10 20:17:07.643458,-13.07,0.0,32.0,0,0
2026-03-10 20:17:12.643458,-13.44,11.57,38.87,0,1
2026-03-10 20:17:17.643458,-13.12,0.0,32.0,0,0
2026-03-10 20:17:22.643458,-13.29,17.18,51.99,1,2
2026-03-10 20:17:27.643458,-12.83,13.42,51.76,1,2
2026-03-10 20:17:32.643458,-13.28,14.68,53.33,1,2
2026-03-10 20:17:37.643458,-12.89,15.91,51.4,1,2
2026-03-10 20:17:42.643458,-13.99,0.0,32.0,0,0
2026-03-10 20:17:47.643458,-12.72,15.49,45.8,1,2
2026-03-10 20:17:52.643458,-12.82,15.61,37.0,1,2
2026-03-10 20:17:57.643458,-13.77,0.0,32.0,0,0
2026-03-10 20:18:02.643458,-12.84,14.04,40.24,1,2
2026-03-10 20:18:07.643458,-12.95,14.39,37.0,1,2
2026-03-10 20:18:12.643458,-13.03,0.0,32.0,0,0
2026-03-10 20:18:17.643458,-12.89,17.2,36.42,1,2
2026-03-10 20:18:22.643458,-13.52,0.0,32.0,0,0
2026-03-10 20:18:27.643458,-13.67,0.0,32.0,0,0
2026-03-10 20:18:32.643458,-12.81,13.71,43.95,1,2
2026-03-10 20:18:37.643458,-12.74,13.5,54.15,1,2
2026-03-10 20:18:42.643458,-13.22,14.92,53.57,1,2
2026-03-10 20:18:47.643458,-13.65,9.68,35.8,0,1
2026-03-10 20:18:52.643458,-13.79,0.0,32.0,0,0
2026-03-10 20:18:57.643458,-13.63,10.44,33.0,0,1
2026-03-10 20:19:02.643458,-12.83,14.22,35.55,1,2
2026-03-10 20:19:07.643458,-13.42,11.52,38.04,0,1
2026-03-10 20:19:12.643458,-13.22,0.0,32.0,0,0
2026-03-10 20:19:17.643458,-13.56,9.59,30.81,0,1
2026-03-10 20:19:22.643458,-13.34,10.09,39.63,0,1
2026-03-10 20:19:27.643458,-13.48,10.48,31.96,0,1
2026-03-10 20:19:32.643458,-13.01,16.09,39.75,1,2
2026-03-10 20:19:37.643458,-13.49,9.77,37.09,0,1
2026-03-10 20:19:42.643458,-12.92,13.54,53.45,1,2
2026-03-10 20:19:47.643458,-13.04,14.69,38.23,1,2
2026-03-10 20:19:52.643458,-13.04,14.46,44.13,1,2
2026-03-10 20:19:57.643458,-13.41,9.25,37.73,0,1
2026-03-10 20:20:02.643458,-13.61,0.0,32.0,0,0
2026-03-10 20:20:07.643458,-13.33,11.11,33.82,0,1
2026-03-10 20:20:12.643458,-13.59,11.09,30.48,0,1
2026-03-10 20:20:17.643458,-13.96,0.0,32.0,0,0
2026-03-10 20:20:22.643458,-12.78,17.42,54.05,1,2
2026-03-10 20:20:27.643458,-13.55,0.0,32.0,0,0
2026-03-10 20:20:32.643458,-13.64,0.0,32.0,0,0
2026-03-10 20:20:37.643458,-13.08,14.22,44.51,1,2
2026-03-10 20:20:42.643458,-12.95,15.2,42.54,1,2
2026-03-10 20:20:47.643458,-13.57,10.94,33.72,0,1
2026-03-10 20:20:52.643458,-13.43,10.89,33.77,0,1
2026-03-10 20:20:57.643458,-13.29,15.59,46.1,1,2
2026-03-10 20:21:02.643458,-13.1,0.0,32.0,0,0
2026-03-10 20:21:07.643458,-13.03,15.63,52.63,1,2
2026-03-10 20:21:12.643458,-13.39,0.0,32.0,0,0
2026-03-10 20:21:17.643458,-13.46,9.83,32.82,0,1
2026-03-10 20:21:22.643458,-13.73,0.0,32.0,0,0
2026-03-10 20:21:27.643458,-13.39,0.0,32.0,0,0
2026-03-10 20:21:32.643458,-12.95,15.16,45.62,1,2
2026-03-10 20:21:37.643458,-13.22,17.72,44.69,1,2
2026-03-10 20:21:42.643458,-13.56,0.0,32.0,0,0
2026-03-10 20:21:47.643458,-13.67,11.7,32.92,0,1
2026-03-10 20:21:52.643458,-13.23,0.0,32.0,0,0
2026-03-10 20:21:57.643458,-13.13,0.0,32.0,0,0
2026-03-10 20:22:02.643458,-13.46,0.0,32.0,0,0
2026-03-10 20:22:07.643458,-13.91,0.0,32.0,0,0
2026-03-10 20:22:12.643458,-13.7,11.51,30.38,0,1
2026-03-10 20:22:17.643458,-13.04,17.76,38.7,1,2
2026-03-10 20:22:22.643458,-13.03,0.0,32.0,0,0
2026-03-10 20:22:27.643458,-13.02,17.42,47.65,1,2
2026-03-10 20:22:32.643458,-13.49,10.43,32.11,0,1
2026-03-10 20:22:37.643458,-13.5,9.75,31.91,0,1
2026-03-10 20:22:42.643458,-13.77,0.0,32.0,0,0
2026-03-10 20:22:47.643458,-12.99,15.04,47.91,1,2
2026-03-10 20:22:52.643458,-13.73,0.0,32.0,0,0
2026-03-10 20:22:57.643458,-12.72,17.36,50.14,1,2
2026-03-10 20:23:02.643458,-13.33,0.0,32.0,0,0
2026-03-10 20:23:07.643458,-12.72,15.38,46.45,1,2
2026-03-10 20:23:12.643458,-13.04,15.72,40.0,1,2
2026-03-10 20:23:17.643458,-13.81,0.0,32.0,0,0
2026-03-10 20:23:22.643458,-13.64,0.0,32.0,0,0
2026-03-10 20:23:27.643458,-13.23,14.02,44.16,1,2
2026-03-10 20:23:32.643458,-13.06,15.22,54.2,1,2
2026-03-10 20:23:37.643458,-13.08,0.0,32.0,0,0
2026-03-10 20:23:42.643458,-13.53,11.4,34.49,0,1
2026-03-10 20:23:47.643458,-13.57,11.6,32.34,0,1
2026-03-10 20:23:52.643458,-13.42,10.74,37.76,0,1
2026-03-10 20:23:57.643458,-13.15,16.06,46.46,1,2
2026-03-10 20:24:02.643458,-13.54,0.0,32.0,0,0
2026-03-10 20:24:07.643458,-13.56,11.24,37.96,0,1
2026-03-10 20:24:12.643458,-13.58,0.0,32.0,0,0
2026-03-10 20:24:17.643458,-13.78,0.0,32.0,0,0
2026-03-10 20:24:22.643458,-13.08,13.64,35.97,1,2
2026-03-10 20:24:27.643458,-13.91,0.0,32.0,0,0
2026-03-10 20:24:32.643458,-13.29,15.76,40.93,1,2
2026-03-10 20:24:37.643458,-12.93,16.08,45.31,1,2
2026-03-10 20:24:42.643458,-13.09,15.79,54.07,1,2
2026-03-10 20:24:47.643458,-13.2,0.0,32.0,0,0
2026-03-10 20:24:52.643458,-13.79,0.0,32.0,0,0
2026-03-10 20:24:57.643458,-13.25,15.43,38.42,1,2
2026-03-10 20:25:02.643458,-13.61,10.27,33.49,0,1
2026-03-10 20:25:07.643458,-12.9,17.7,46.72,1,2
2026-03-10 20:25:12.643458,-13.36,0.0,32.0,0,0
2026-03-10 20:25:17.643458,-13.54,10.15,37.66,0,1
2026-03-10 20:25:22.643458,-13.11,0.0,32.0,0,0
2026-03-10 20:25:27.643458,-13.44,11.78,39.52,0,1
2026-03-10 20:25:32.643458,-13.64,11.11,37.37,0,1
2026-03-10 20:25:37.643458,-12.92,15.2,41.35,1,2
2026-03-10 20:25:42.643458,-13.24,17.08,44.9,1,2
2026-03-10 20:25:47.643458,-12.75,15.19,39.69,1,2
2026-03-10 20:25:52.643458,-12.86,15.69,43.93,1,2
2026-03-10 20:25:57.643458,-13.09,0.0,32.0,0,0
2026-03-10 20:26:02.643458,-13.09,17.08,40.57,1,2
2026-03-10 20:26:07.643458,-13.24,0.0,32.0,0,0
2026-03-10 20:26:12.643458,-13.45,9.65,36.85,0,1
2026-03-10 20:26:17.643458,-13.7,11.53,38.08,0,1
2026-03-10 20:26:22.643458,-13.18,14.63,41.26,1,2
2026-03-10 20:26:27.643458,-13.21,16.21,38.72,1,2
2026-03-10 20:26:32.643458,-13.08,15.56,47.09,1,2
2026-03-10 20:26:37.643458,-13.51,10.4,36.1,0,1
2026-03-10 20:26:42.643458,-12.93,16.85,35.06,1,2
2026-03-10 20:26:47.643458,-13.04,0.0,32.0,0,0
2026-03-10 20:26:52.643458,-13.21,13.8,36.69,1,2
2026-03-10 20:26:57.643458,-13.0,17.2,37.78,1,2
2026-03-10 20:27:02.643458,-13.42,0.0,32.0,0,0
2026-03-10 20:27:07.643458,-12.95,15.88,51.16,1,2
2026-03-10 20:27:12.643458,-12.9,17.16,50.79,1,2
2026-03-10 20:27:17.643458,-13.12,0.0,32.0,0,0
2026-03-10 20:27:22.643458,-12.75,16.22,54.8,1,2
2026-03-10 20:27:27.643458,-13.12,13.19,45.74,1,2
2026-03-10 20:27:32.643458,-13.84,0.0,32.0,0,0
2026-03-10 20:27:37.643458,-13.12,0.0,32.0,0,0
2026-03-10 20:27:42.643458,-13.05,13.65,51.74,1,2
2026-03-10 20:27:47.643458,-12.8,15.84,54.44,1,2
2026-03-10 20:27:52.643458,-13.62,9.29,30.17,0,1
2026-03-10 20:27:57.643458,-13.38,11.25,37.95,0,1
2026-03-10 20:28:02.643458,-13.55,9.84,31.68,0,1
2026-03-10 20:28:07.643458,-13.66,9.53,32.21,0,1
2026-03-10 20:28:12.643458,-13.02,15.8,50.93,1,2
2026-03-10 20:28:17.643458,-13.51,0.0,32.0,0,0
2026-03-10 20:28:22.643458,-13.58,9.13,35.2,0,1
2026-03-10 20:28:27.643458,-12.9,17.57,45.9,1,2
2026-03-10 20:28:32.643458,-12.73,17.31,49.75,1,2
2026-03-10 20:28:37.643458,-13.09,17.54,45.33,1,2
2026-03-10 20:28:42.643458,-13.1,16.64,48.25,1,2
2026-03-10 20:28:47.643458,-13.44,11.7,38.44,0,1
2026-03-10 20:28:52.643458,-13.99,0.0,32.0,0,0
2026-03-10 20:28:57.643458,-13.9,0.0,32.0,0,0
2026-03-10 20:29:02.643458,-13.57,0.0,32.0,0,0
2026-03-10 20:29:07.643458,-13.05,16.8,52.64,1,2
2026-03-10 20:29:12.643458,-13.3,11.5,36.08,0,1
2026-03-10 20:29:17.643458,-13.15,0.0,32.0,0,0
2026-03-10 20:29:22.643458,-13.55,0.0,32.0,0,0
2026-03-10 20:29:27.643458,-12.98,14.96,49.96,1,2
2026-03-10 20:29:32.643458,-12.93,17.45,51.1,1,2
2026-03-10 20:29:37.643458,-13.74,0.0,32.0,0,0
2026-03-10 20:29:42.643458,-12.96,17.72,53.16,1,2
2026-03-10 20:29:47.643458,-12.75,13.82,35.73,1,2
2026-03-10 20:29:52.643458,-13.13,0.0,32.0,0,0
2026-03-10 20:29:57.643458,-13.42,10.64,35.95,0,1
2026-03-10 20:30:02.643458,-13.54,11.39,33.1,0,1
2026-03-10 20:30:07.643458,-13.01,15.26,52.71,1,2
2026-03-10 20:30:12.643458,-13.43,11.09,39.88,0,1
2026-03-10 20:30:17.643458,-13.97,0.0,32.0,0,0
2026-03-10 20:30:22.643458,-13.26,16.6,46.51,1,2
2026-03-10 20:30:27.643458,-13.72,0.0,32.0,0,0
2026-03-10 20:30:32.643458,-13.0,13.06,53.28,1,2
2026-03-10 20:30:37.643458,-13.14,0.0,32.0,0,0
2026-03-10 20:30:42.643458,-13.11,14.78,43.17,1,2
2026-03-10 20:30:47.643458,-12.91,13.21,47.83,1,2
2026-03-10 20:30:52.643458,-13.0,17.51,51.9,1,2
2026-03-10 20:30:57.643458,-13.87,0.0,32.0,0,0
2026-03-10 20:31:02.643458,-13.48,11.97,36.14,0,1
2026-03-10 20:31:07.643458,-12.93,13.21,50.41,1,2
2026-03-10 20:31:12.643458,-12.75,17.36,39.59,1,2
2026-03-10 20:31:17.643458,-12.77,14.68,38.4,1,2
2026-03-10 20:31:22.643458,-13.17,14.83,47.11,1,2
2026-03-10 20:31:27.643458,-13.73,0.0,32.0,0,0
2026-03-10 20:31:32.643458,-13.62,0.0,32.0,0,0
2026-03-10 20:31:37.643458,-12.88,15.54,54.18,1,2
2026-03-10 20:31:42.643458,-13.68,9.6,30.93,0,1
2026-03-10 20:31:47.643458,-13.15,0.0,32.0,0,0
2026-03-10 20:31:52.643458,-13.59,0.0,32.0,0,0
2026-03-10 20:31:57.643458,-13.07,0.0,32.0,0,0
2026-03-10 20:32:02.643458,-13.63,0.0,32.0,0,0
2026-03-10 20:32:07.643458,-13.59,10.65,38.64,0,1
2026-03-10 20:32:12.643458,-12.79,13.29,43.98,1,2
2026-03-10 20:32:17.643458,-12.86,13.52,54.77,1,2
2026-03-10 20:32:22.643458,-13.45,11.17,30.68,0,1
2026-03-10 20:32:27.643458,-13.76,0.0,32.0,0,0
2026-03-10 20:32:32.643458,-13.53,11.67,30.72,0,1
2026-03-10 20:32:37.643458,-13.62,0.0,32.0,0,0
2026-03-10 20:32:42.643458,-13.75,0.0,32.0,0,0
2026-03-10 20:32:47.643458,-13.54,11.84,39.08,0,1
2026-03-10 20:32:52.643458,-13.37,0.0,32.0,0,0
2026-03-10 20:32:57.643458,-13.51,10.14,39.78,0,1
2026-03-10 20:33:02.643458,-12.95,16.01,53.56,1,2
2026-03-10 20:33:07.643458,-12.98,15.7,46.25,1,2
2026-03-10 20:33:12.643458,-13.84,0.0,32.0,0,0
2026-03-10 20:33:17.643458,-13.45,9.99,37.55,0,1
2026-03-10 20:33:22.643458,-13.34,10.73,36.56,0,1
2026-03-10 20:33:27.643458,-13.13,0.0,32.0,0,0
2026-03-10 20:33:32.643458,-13.29,15.89,47.4,1,2
2026-03-10 20:33:37.643458,-13.24,0.0,32.0,0,0
2026-03-10 20:33:42.643458,-13.09,16.36,38.14,1,2
2026-03-10 20:33:47.643458,-13.04,0.0,32.0,0,0
2026-03-10 20:33:52.643458,-13.28,14.74,44.08,1,2
2026-03-10 20:33:57.643458,-13.19,0.0,32.0,0,0
2026-03-10 20:34:02.643458,-13.48,0.0,32.0,0,0
2026-03-10 20:34:07.643458,-13.58,0.0,32.0,0,0
2026-03-10 20:34:12.643458,-13.36,0.0,32.0,0,0
2026-03-10 20:34:17.643458,-12.76,14.06,43.03,1,2
2026-03-10 20:34:22.643458,-13.32,11.43,32.12,0,1
2026-03-10 20:34:27.643458,-13.24,14.0,46.38,1,2
2026-03-10 20:34:32.643458,-13.47,10.16,34.47,0,1
2026-03-10 20:34:37.643458,-13.68,0.0,32.0,0,0
2026-03-10 20:34:42.643458,-12.84,13.96,45.94,1,2
2026-03-10 20:34:47.643458,-13.51,0.0,32.0,0,0
2026-03-10 20:34:52.643458,-13.17,15.07,52.59,1,2
2026-03-10 20:34:57.643458,-13.39,10.79,33.28,0,1
2026-03-10 20:35:02.643458,-13.01,15.47,36.34,1,2
2026-03-10 20:35:07.643458,-13.59,10.12,36.88,0,1
2026-03-10 20:35:12.643458,-13.68,9.32,33.05,0,1
2026-03-10 20:35:17.643458,-13.52,11.1,32.17,0,1
2026-03-10 20:35:22.643458,-13.24,15.66,44.74,1,2
2026-03-10 20:35:27.643458,-13.22,16.83,50.44,1,2
2026-03-10 20:35:32.643458,-13.48,10.2,35.0,0,1
2026-03-10 20:35:37.643458,-13.51,0.0,32.0,0,0
2026-03-10 20:35:42.643458,-13.2,15.21,35.61,1,2
2026-03-10 20:35:47.643458,-13.51,11.75,33.68,0,1
2026-03-10 20:35:52.643458,-13.34,9.49,39.28,0,1
2026-03-10 20:35:57.643458,-12.86,15.23,39.98,1,2
2026-03-10 20:36:02.643458,-13.49,0.0,32.0,0,0
2026-03-10 20:36:07.643458,-12.87,16.82,41.46,1,2
2026-03-10 20:36:12.643458,-13.69,10.5,39.74,0,1
2026-03-10 20:36:17.643458,-13.96,0.0,32.0,0,0
2026-03-10 20:36:22.643458,-13.15,13.07,38.3,1,2
2026-03-10 20:36:27.643458,-13.45,10.62,32.06,0,1
2026-03-10 20:36:32.643458,-13.26,0.0,32.0,0,0
2026-03-10 20:36:37.643458,-12.83,17.98,45.8,1,2
2026-03-10 20:36:42.643458,-13.44,0.0,32.0,0,0
2026-03-10 20:36:47.643458,-13.04,0.0,32.0,0,0
2026-03-10 20:36:52.643458,-12.99,17.45,38.26,1,2
2026-03-10 20:36:57.643458,-13.59,11.24,36.91,0,1
2026-03-10 20:37:02.643458,-13.58,10.44,36.06,0,1
2026-03-10 20:37:07.643458,-12.91,17.38,49.89,1,2
2026-03-10 20:37:12.643458,-12.9,14.05,49.6,1,2
2026-03-10 20:37:17.643458,-12.76,14.41,50.02,1,2
2026-03-10 20:37:22.643458,-13.27,14.77,36.52,1,2
2026-03-10 20:37:27.643458,-12.76,16.79,51.31,1,2
2026-03-10 20:37:32.643458,-13.79,0.0,32.0,0,0
2026-03-10 20:37:37.643458,-13.37,0.0,32.0,0,0
2026-03-10 20:37:42.643458,-13.64,0.0,32.0,0,0
2026-03-10 20:37:47.643458,-12.9,13.44,37.77,1,2
2026-03-10 20:37:52.643458,-12.77,14.88,46.27,1,2
2026-03-10 20:37:57.643458,-12.89,13.96,52.45,1,2
2026-03-10 20:38:02.643458,-13.33,10.17,34.62,0,1
2026-03-10 20:38:07.643458,-13.32,11.0,33.6,0,1
2026-03-10 20:38:12.643458,-13.35,9.49,31.94,0,1
2026-03-10 20:38:17.643458,-13.4,9.04,31.76,0,1
2026-03-10 20:38:22.643458,-13.87,0.0,32.0,0,0
2026-03-10 20:38:27.643458,-13.42,11.07,36.53,0,1
2026-03-10 20:38:32.643458,-13.58,9.73,38.1,0,1
2026-03-10 20:38:37.643458,-12.89,17.92,44.4,1,2
2026-03-10 20:38:42.643458,-13.43,11.94,34.53,0,1
2026-03-10 20:38:47.643458,-13.19,0.0,32.0,0,0
2026-03-10 20:38:52.643458,-12.98,13.32,48.07,1,2
2026-03-10 20:38:57.643458,-13.37,10.46,32.42,0,1
2026-03-10 20:39:02.643458,-13.07,13.22,47.02,1,2
2026-03-10 20:39:07.643458,-13.05,13.95,41.09,1,2
2026-03-10 20:39:12.643458,-13.17,0.0,32.0,0,0
2026-03-10 20:39:17.643458,-12.7,17.49,45.41,1,2
2026-03-10 20:39:22.643458,-13.36,0.0,32.0,0,0
2026-03-10 20:39:27.643458,-13.36,10.06,36.03,0,1
2026-03-10 20:39:32.643458,-13.47,11.89,36.29,0,1
2026-03-10 20:39:37.643458,-13.56,0.0,32.0,0,0
2026-03-10 20:39:42.643458,-13.37,10.61,37.35,0,1
2026-03-10 20:39:47.643458,-12.98,15.06,37.32,1,2
2026-03-10 20:39:52.643458,-13.56,9.36,33.15,0,1
2026-03-10 20:39:57.643458,-13.0,15.8,52.29,1,2
2026-03-10 20:40:02.643458,-13.42,9.33,39.7,0,1
2026-03-10 20:40:07.643458,-12.73,13.53,41.48,1,2
2026-03-10 20:40:12.643458,-12.95,16.43,54.89,1,2
2026-03-10 20:40:17.643458,-13.41,9.85,30.1,0,1
2026-03-10 20:40:22.643458,-13.44,10.34,36.26,0,1
2026-03-10 20:40:27.643458,-13.35,11.69,37.28,0,1
2026-03-10 20:40:32.643458,-13.0,13.73,42.36,1,2
2026-03-10 20:40:37.643458,-13.21,17.79,53.92,1,2
2026-03-10 20:40:42.643458,-13.18,14.44,38.57,1,2
2026-03-10 20:40:47.643458,-13.28,13.62,53.93,1,2
2026-03-10 20:40:52.643458,-13.48,11.27,36.06,0,1
2026-03-10 20:40:57.643458,-13.46,10.52,38.47,0,1
2026-03-10 20:41:02.643458,-13.45,11.35,32.3,0,1
2026-03-10 20:41:07.643458,-13.15,13.55,35.37,1,2
2026-03-10 20:41:12.643458,-12.8,14.91,49.3,1,2
2026-03-10 20:41:17.643458,-13.96,0.0,32.0,0,0
2026-03-10 20:41:22.643458,-13.38,0.0,32.0,0,0
2026-03-10 20:41:27.643458,-13.09,0.0,32.0,0,0
2026-03-10 20:41:32.643458,-13.62,9.5,30.67,0,1
2026-03-10 20:41:37.643458,-13.46,0.0,32.0,0,0
2026-03-10 20:41:42.643458,-13.67,10.27,35.21,0,1
2026-03-10 20:41:47.643458,-13.38,10.33,38.59,0,1
2026-03-10 20:41:52.643458,-13.18,17.54,36.93,1,2
2026-03-10 20:41:57.643458,-13.67,0.0,32.0,0,0
2026-03-10 20:42:02.643458,-13.44,9.62,37.41,0,1
2026-03-10 20:42:07.643458,-12.79,14.33,50.18,1,2
2026-03-10 20:42:12.643458,-13.93,0.0,32.0,0,0
2026-03-10 20:42:17.643458,-12.79,17.11,40.58,1,2
2026-03-10 20:42:22.643458,-13.27,0.0,32.0,0,0
2026-03-10 20:42:27.643458,-12.77,13.28,51.09,1,2
2026-03-10 20:42:32.643458,-13.37,0.0,32.0,0,0
2026-03-10 20:42:37.643458,-13.9,0.0,32.0,0,0
2026-03-10 20:42:42.643458,-12.92,13.26,51.58,1,2
2026-03-10 20:42:47.643458,-13.52,9.12,37.94,0,1
2026-03-10 20:42:52.643458,-13.67,10.88,33.05,0,1
2026-03-10 20:42:57.643458,-12.97,17.67,47.93,1,2
2026-03-10 20:43:02.643458,-13.28,14.15,46.68,1,2
2026-03-10 20:43:07.643458,-13.79,0.0,32.0,0,0
2026-03-10 20:43:12.643458,-13.39,9.8,36.41,0,1
2026-03-10 20:43:17.643458,-13.53,0.0,32.0,0,0
2026-03-10 20:43:22.643458,-13.21,0.0,32.0,0,0
2026-03-10 20:43:27.643458,-13.43,10.84,32.28,0,1
2026-03-10 20:43:32.643458,-13.64,0.0,32.0,0,0
2026-03-10 20:43:37.643458,-12.93,15.58,41.95,1,2
2026-03-10 20:43:42.643458,-13.23,15.07,41.45,1,2
2026-03-10 20:43:47.643458,-13.47,9.61,32.68,0,1
2026-03-10 20:43:52.643458,-13.25,14.44,35.43,1,2
2026-03-10 20:43:57.643458,-12.83,16.81,47.2,1,2
2026-03-10 20:44:02.643458,-13.49,9.66,33.12,0,1
2026-03-10 20:44:07.643458,-13.55,11.01,30.95,0,1
2026-03-10 20:44:12.643458,-13.9,0.0,32.0,0,0
2026-03-10 20:44:17.643458,-12.99,17.98,42.61,1,2
2026-03-10 20:44:22.643458,-13.94,0.0,32.0,0,0
2026-03-10 20:44:27.643458,-13.98,0.0,32.0,0,0
2026-03-10 20:44:32.643458,-13.02,0.0,32.0,0,0
2026-03-10 20:44:37.643458,-13.11,14.37,50.27,1,2
2026-03-10 20:44:42.643458,-13.15,14.53,48.35,1,2
2026-03-10 20:44:47.643458,-13.07,16.25,43.9,1,2
2026-03-10 20:44:52.643458,-13.96,0.0,32.0,0,0
2026-03-10 20:44:57.643458,-13.31,0.0,32.0,0,0
2026-03-10 20:45:02.643458,-13.5,11.21,30.21,0,1
2026-03-10 20:45:07.643458,-13.18,14.05,39.3,1,2
2026-03-10 20:45:12.643458,-13.65,9.61,38.18,0,1
2026-03-10 20:45:17.643458,-13.35,11.06,30.86,0,1
2026-03-10 20:45:22.643458,-12.82,15.18,52.33,1,2
2026-03-10 20:45:27.643458,-12.71,16.0,51.56,1,2
2026-03-10 20:45:32.643458,-12.94,17.51,35.92,1,2
2026-03-10 20:45:37.643458,-12.77,14.2,51.25,1,2
2026-03-10 20:45:42.643458,-13.64,11.07,35.36,0,1
2026-03-10 20:45:47.643458,-13.35,10.84,32.78,0,1
2026-03-10 20:45:52.643458,-13.32,9.48,38.8,0,1
2026-03-10 20:45:57.643458,-12.82,14.84,44.15,1,2
2026-03-10 20:46:02.643458,-13.59,10.07,32.29,0,1
2026-03-10 20:46:07.643458,-13.79,0.0,32.0,0,0
2026-03-10 20:46:12.643458,-13.42,10.36,34.18,0,1
2026-03-10 20:46:17.643458,-13.48,9.72,38.78,0,1
2026-03-10 20:46:22.643458,-13.11,17.08,51.94,1,2
2026-03-10 20:46:27.643458,-13.47,10.02,33.85,0,1
2026-03-10 20:46:32.643458,-13.2,15.18,42.76,1,2
2026-03-10 20:46:37.643458,-13.71,0.0,32.0,0,0
2026-03-10 20:46:42.643458,-13.55,0.0,32.0,0,0
2026-03-10 20:46:47.643458,-13.45,11.32,36.45,0,1
2026-03-10 20:46:52.643458,-13.14,16.07,38.81,1,2
2026-03-10 20:46:57.643458,-13.45,11.42,36.38,0,1
2026-03-10 20:47:02.643458,-13.26,17.43,37.08,1,2
2026-03-10 20:47:07.643458,-13.57,11.88,36.4,0,1
2026-03-10 20:47:12.643458,-13.59,10.91,33.39,0,1
2026-03-10 20:47:17.643458,-12.74,15.69,47.21,1,2
2026-03-10 20:47:22.643458,-13.98,0.0,32.0,0,0
2026-03-10 20:47:27.643458,-13.37,11.65,30.16,0,1
2026-03-10 20:47:32.643458,-13.44,0.0,32.0,0,0
2026-03-10 20:47:37.643458,-12.74,17.64,51.2,1,2
2026-03-10 20:47:42.643458,-13.41,0.0,32.0,0,0
2026-03-10 20:47:47.643458,-13.43,10.25,33.41,0,1
2026-03-10 20:47:52.643458,-12.71,15.27,36.81,1,2
2026-03-10 20:47:57.643458,-13.67,10.66,36.45,0,1
2026-03-10 20:48:02.643458,-13.37,9.36,38.12,0,1
2026-03-10 20:48:07.643458,-13.19,14.11,36.62,1,2
2026-03-10 20:48:12.643458,-13.62,0.0,32.0,0,0
2026-03-10 20:48:17.643458,-13.66,9.25,37.9,0,1
2026-03-10 20:48:22.643458,-12.97,16.03,44.24,1,2
2026-03-10 20:48:27.643458,-13.77,0.0,32.0,0,0
2026-03-10 20:48:32.643458,-13.92,0.0,32.0,0,0
2026-03-10 20:48:37.643458,-13.22,0.0,32.0,0,0
2026-03-10 20:48:42.643458,-13.61,11.69,37.09,0,1
2026-03-10 20:48:47.643458,-13.52,11.65,31.29,0,1
2026-03-10 20:48:52.643458,-12.75,14.53,36.4,1,2
2026-03-10 20:48:57.643458,-13.55,11.02,37.1,0,1
2026-03-10 20:49:02.643458,-13.52,10.35,38.86,0,1
2026-03-10 20:49:07.643458,-13.88,0.0,32.0,0,0
2026-03-10 20:49:12.643458,-13.34,10.68,34.0,0,1
2026-03-10 20:49:17.643458,-13.94,0.0,32.0,0,0
2026-03-10 20:49:22.643458,-12.99,13.19,46.53,1,2
2026-03-10 20:49:27.643458,-13.56,10.81,32.41,0,1
2026-03-10 20:49:32.643458,-13.14,16.48,45.01,1,2
2026-03-10 20:49:37.643458,-13.49,11.23,31.1,0,1
2026-03-10 20:49:42.643458,-13.26,0.0,32.0,0,0
2026-03-10 20:49:47.643458,-13.3,0.0,32.0,0,0
2026-03-10 20:49:52.643458,-13.59,10.87,39.25,0,1
2026-03-10 20:49:57.643458,-12.77,15.88,53.95,1,2
2026-03-10 20:50:02.643458,-13.27,0.0,32.0,0,0
2026-03-10 20:50:07.643458,-13.1,0.0,32.0,0,0
2026-03-10 20:50:12.643458,-13.57,0.0,32.0,0,0
2026-03-10 20:50:17.643458,-13.57,9.85,39.07,0,1
2026-03-10 20:50:22.643458,-12.76,15.86,45.43,1,2
2026-03-10 20:50:27.643458,-12.7,14.77,38.05,1,2
2026-03-10 20:50:32.643458,-13.69,0.0,32.0,0,0
2026-03-10 20:50:37.643458,-13.4,0.0,32.0,0,0
2026-03-10 20:50:42.643458,-13.46,0.0,32.0,0,0
2026-03-10 20:50:47.643458,-13.0,15.31,41.85,1,2
2026-03-10 20:50:52.643458,-13.68,11.3,35.25,0,1
2026-03-10 20:50:57.643458,-13.36,9.52,31.32,0,1
2026-03-10 20:51:02.643458,-13.59,0.0,32.0,0,0
2026-03-10 20:51:07.643458,-13.76,0.0,32.0,0,0
2026-03-10 20:51:12.643458,-13.94,0.0,32.0,0,0
2026-03-10 20:51:17.643458,-13.02,0.0,32.0,0,0
2026-03-10 20:51:22.643458,-12.91,16.61,43.54,1,2
2026-03-10 20:51:27.643458,-12.97,17.88,48.92,1,2
2026-03-10 20:51:32.643458,-13.35,10.43,30.37,0,1
2026-03-10 20:51:37.643458,-13.75,0.0,32.0,0,0
2026-03-10 20:51:42.643458,-13.58,0.0,32.0,0,0
2026-03-10 20:51:47.643458,-13.43,10.64,31.55,0,1
2026-03-10 20:51:52.643458,-13.38,11.66,35.93,0,1
2026-03-10 20:51:57.643458,-13.04,13.17,43.86,1,2
2026-03-10 20:52:02.643458,-13.77,0.0,32.0,0,0
2026-03-10 20:52:07.643458,-13.18,0.0,32.0,0,0
2026-03-10 20:52:12.643458,-13.2,16.84,41.12,1,2
2026-03-10 20:52:17.643458,-13.78,0.0,32.0,0,0
2026-03-10 20:52:22.643458,-13.02,15.45,36.03,1,2
2026-03-10 20:52:27.643458,-13.26,0.0,32.0,0,0
2026-03-10 20:52:32.643458,-13.68,0.0,32.0,0,0
2026-03-10 20:52:37.643458,-13.6,0.0,32.0,0,0
2026-03-10 20:52:42.643458,-12.9,16.35,35.35,1,2
2026-03-10 20:52:47.643458,-13.42,0.0,32.0,0,0
2026-03-10 20:52:52.643458,-12.7,16.66,54.12,1,2
2026-03-10 20:52:57.643458,-13.16,13.73,49.16,1,2
2026-03-10 20:53:02.643458,-13.34,10.1,31.95,0,1
2026-03-10 20:53:07.643458,-13.5,10.99,36.77,0,1
2026-03-10 20:53:12.643458,-12.97,16.99,54.19,1,2
2026-03-10 20:53:17.643458,-13.2,17.86,46.41,1,2
2026-03-10 20:53:22.643458,-13.31,11.75,30.32,0,1
2026-03-10 20:53:27.643458,-13.64,10.69,30.32,0,1
2026-03-10 20:53:32.643458,-12.84,17.46,48.31,1,2
2026-03-10 20:53:37.643458,-13.59,0.0,32.0,0,0
2026-03-10 20:53:42.643458,-12.74,16.07,45.48,1,2
2026-03-10 20:53:47.643458,-13.66,11.95,30.03,0,1
2026-03-10 20:53:52.643458,-13.0,14.09,44.57,1,2
2026-03-10 20:53:57.643458,-13.42,0.0,32.0,0,0
2026-03-10 20:54:02.643458,-13.66,10.82,30.39,0,1
2026-03-10 20:54:07.643458,-12.89,16.85,43.65,1,2
2026-03-10 20:54:12.643458,-13.61,11.39,39.87,0,1
2026-03-10 20:54:17.643458,-13.68,0.0,32.0,0,0
2026-03-10 20:54:22.643458,-13.55,0.0,32.0,0,0
2026-03-10 20:54:27.643458,-12.78,14.84,46.49,1,2
2026-03-10 20:54:32.643458,-12.7,16.75,46.39,1,2
2026-03-10 20:54:37.643458,-12.78,17.85,42.03,1,2
2026-03-10 20:54:42.643458,-13.66,11.69,30.56,0,1
2026-03-10 20:54:47.643458,-13.34,11.94,36.93,0,1
2026-03-10 20:54:52.643458,-12.75,15.97,37.57,1,2
2026-03-10 20:54:57.643458,-12.84,15.85,41.55,1,2
2026-03-10 20:55:02.643458,-13.12,0.0,32.0,0,0
2026-03-10 20:55:07.643458,-13.57,10.27,33.95,0,1
2026-03-10 20:55:12.643458,-13.61,10.38,32.64,0,1
2026-03-10 20:55:17.643458,-13.58,11.91,37.03,0,1
2026-03-10 20:55:22.643458,-12.89,15.37,49.43,1,2
2026-03-10 20:55:27.643458,-13.62,10.08,39.46,0,1
2026-03-10 20:55:32.643458,-13.2,0.0,32.0,0,0
2026-03-10 20:55:37.643458,-13.11,0.0,32.0,0,0
2026-03-10 20:55:42.643458,-13.44,0.0,32.0,0,0
2026-03-10 20:55:47.643458,-13.61,10.07,35.93,0,1
2026-03-10 20:55:52.643458,-13.61,9.95,38.39,0,1
2026-03-10 20:55:57.643458,-12.85,17.97,36.81,1,2
2026-03-10 20:56:02.643458,-12.8,14.88,42.89,1,2
2026-03-10 20:56:07.643458,-13.23,0.0,32.0,0,0
2026-03-10 20:56:12.643458,-12.73,17.62,44.0,1,2
2026-03-10 20:56:17.643458,-13.73,0.0,32.0,0,0
2026-03-10 20:56:22.643458,-13.7,0.0,32.0,0,0
2026-03-10 20:56:27.643458,-13.1,14.71,43.54,1,2
2026-03-10 20:56:32.643458,-13.91,0.0,32.0,0,0
2026-03-10 20:56:37.643458,-13.68,0.0,32.0,0,0
2026-03-10 20:56:42.643458,-13.08,0.0,32.0,0,0
2026-03-10 20:56:47.643458,-13.27,0.0,32.0,0,0
2026-03-10 20:56:52.643458,-12.86,16.91,51.55,1,2
2026-03-10 20:56:57.643458,-13.94,0.0,32.0,0,0
2026-03-10 20:57:02.643458,-13.42,9.26,32.22,0,1
2026-03-10 20:57:07.643458,-13.7,10.81,36.96,0,1
2026-03-10 20:57:12.643458,-13.18,17.9,47.88,1,2
2026-03-10 20:57:17.643458,-13.54,10.38,36.04,0,1
2026-03-10 20:57:22.643458,-13.37,11.27,30.75,0,1
2026-03-10 20:57:27.643458,-13.75,0.0,32.0,0,0
2026-03-10 20:57:32.643458,-13.77,0.0,32.0,0,0
2026-03-10 20:57:37.643458,-13.46,10.64,37.62,0,1
2026-03-10 20:57:42.643458,-13.16,0.0,32.0,0,0
2026-03-10 20:57:47.643458,-13.42,0.0,32.0,0,0
2026-03-10 20:57:52.643458,-13.68,9.59,38.26,0,1
2026-03-10 20:57:57.643458,-13.51,0.0,32.0,0,0
2026-03-10 20:58:02.643458,-13.09,14.34,36.08,1,2
2026-03-10 20:58:07.643458,-13.66,9.8,39.3,0,1
2026-03-10 20:58:12.643458,-13.19,17.93,36.99,1,2
2026-03-10 20:58:17.643458,-13.18,14.57,44.97,1,2
2026-03-10 20:58:22.643458,-13.97,0.0,32.0,0,0
2026-03-10 20:58:27.643458,-12.73,14.93,44.42,1,2
2026-03-10 20:58:32.643458,-12.89,14.2,46.13,1,2
2026-03-10 20:58:37.643458,-13.72,0.0,32.0,0,0
2026-03-10 20:58:42.643458,-13.92,0.0,32.0,0,0
2026-03-10 20:58:47.643458,-13.05,0.0,32.0,0,0
2026-03-10 20:58:52.643458,-13.33,10.87,34.02,0,1
2026-03-10 20:58:57.643458,-13.24,15.23,54.27,1,2
2026-03-10 20:59:02.643458,-13.4,11.0,38.29,0,1
2026-03-10 20:59:07.643458,-12.99,13.05,42.63,1,2
2026-03-10 20:59:12.643458,-13.32,9.71,37.32,0,1
2026-03-10 20:59:17.643458,-13.85,0.0,32.0,0,0
2026-03-10 20:59:22.643458,-13.56,11.4,30.39,0,1
2026-03-10 20:59:27.643458,-13.61,0.0,32.0,0,0
2026-03-10 20:59:32.643458,-13.91,0.0,32.0,0,0
2026-03-10 20:59:37.643458,-13.52,9.81,37.68,0,1
2026-03-10 20:59:42.643458,-13.58,9.63,39.59,0,1
2026-03-10 20:59:47.643458,-13.73,0.0,32.0,0,0
2026-03-10 20:59:52.643458,-13.79,0.0,32.0,0,0
2026-03-10 20:59:57.643458,-13.68,9.32,38.51,0,1
2026-03-10 21:00:02.643458,-12.93,15.34,41.49,1,2
2026-03-10 21:00:07.643458,-13.62,10.76,39.46,0,1
2026-03-10 21:00:12.643458,-13.47,9.8,35.83,0,1
2026-03-10 21:00:17.643458,-12.82,13.9,45.72,1,2
2026-03-10 21:00:22.643458,-13.23,14.25,45.95,1,2
2026-03-10 21:00:27.643458,-12.89,13.29,48.58,1,2
2026-03-10 21:00:32.643458,-13.68,10.07,33.28,0,1
2026-03-10 21:00:37.643458,-13.61,0.0,32.0,0,0
2026-03-10 21:00:42.643458,-13.39,9.98,32.92,0,1
2026-03-10 21:00:47.643458,-13.04,0.0,32.0,0,0
2026-03-10 21:00:52.643458,-13.68,10.01,31.88,0,1
2026-03-10 21:00:57.643458,-13.64,11.31,34.1,0,1
2026-03-10 21:01:02.643458,-13.43,0.0,32.0,0,0
2026-03-10 21:01:07.643458,-13.55,9.03,39.85,0,1
2026-03-10 21:01:12.643458,-13.58,10.72,35.88,0,1
2026-03-10 21:01:17.643458,-12.94,15.18,49.93,1,2
2026-03-10 21:01:22.643458,-13.22,13.08,40.23,1,2
2026-03-10 21:01:27.643458,-13.12,0.0,32.0,0,0
2026-03-10 21:01:32.643458,-13.13,0.0,32.0,0,0
2026-03-10 21:01:37.643458,-13.15,0.0,32.0,0,0
2026-03-10 21:01:42.643458,-13.54,0.0,32.0,0,0
2026-03-10 21:01:47.643458,-13.09,14.31,35.79,1,2
2026-03-10 21:01:52.643458,-13.25,0.0,32.0,0,0
2026-03-10 21:01:57.643458,-13.52,9.66,34.63,0,1
2026-03-10 21:02:02.643458,-13.8,0.0,32.0,0,0
2026-03-10 21:02:07.643458,-13.33,10.51,32.14,0,1
2026-03-10 21:02:12.643458,-13.31,9.15,37.22,0,1
2026-03-10 21:02:17.643458,-13.91,0.0,32.0,0,0
2026-03-10 21:02:22.643458,-13.36,0.0,32.0,0,0
2026-03-10 21:02:27.643458,-13.26,0.0,32.0,0,0
2026-03-10 21:02:32.643458,-13.55,11.38,35.5,0,1
2026-03-10 21:02:37.643458,-13.05,17.4,52.11,1,2
2026-03-10 21:02:42.643458,-13.38,0.0,32.0,0,0
2026-03-10 21:02:47.643458,-13.48,0.0,32.0,0,0
2026-03-10 21:02:52.643458,-13.46,9.01,32.53,0,1
2026-03-10 21:02:57.643458,-13.78,0.0,32.0,0,0
2026-03-10 21:03:02.643458,-13.41,0.0,32.0,0,0
2026-03-10 21:03:07.643458,-13.35,9.31,32.54,0,1
2026-03-10 21:03:12.643458,-13.07,0.0,32.0,0,0
2026-03-10 21:03:17.643458,-13.4,11.46,36.61,0,1
2026-03-10 21:03:22.643458,-13.19,0.0,32.0,0,0
2026-03-10 21:03:27.643458,-13.59,11.07,38.96,0,1
2026-03-10 21:03:32.643458,-13.68,10.99,37.7,0,1
2026-03-10 21:03:37.643458,-13.32,10.86,34.14,0,1
2026-03-10 21:03:42.643458,-12.7,13.49,52.0,1,2
2026-03-10 21:03:47.643458,-12.81,16.94,49.26,1,2
2026-03-10 21:03:52.643458,-13.37,11.56,35.72,0,1
2026-03-10 21:03:57.643458,-13.35,9.63,35.08,0,1
2026-03-10 21:04:02.643458,-13.02,15.63,35.56,1,2
2026-03-10 21:04:07.643458,-12.74,17.79,36.84,1,2
2026-03-10 21:04:12.643458,-12.79,16.71,43.59,1,2
2026-03-10 21:04:17.643458,-13.11,0.0,32.0,0,0
2026-03-10 21:04:22.643458,-13.1,14.34,42.54,1,2
2026-03-10 21:04:27.643458,-13.7,0.0,32.0,0,0
2026-03-10 21:04:32.643458,-12.94,16.97,49.95,1,2
2026-03-10 21:04:37.643458,-13.6,0.0,32.0,0,0
2026-03-10 21:04:42.643458,-13.25,17.48,49.93,1,2
2026-03-10 21:04:47.643458,-13.7,11.37,36.92,0,1
2026-03-10 21:04:52.643458,-13.91,0.0,32.0,0,0
2026-03-10 21:04:57.643458,-13.5,10.44,35.56,0,1
2026-03-10 21:05:02.643458,-13.71,0.0,32.0,0,0
2026-03-10 21:05:07.643458,-13.06,0.0,32.0,0,0
2026-03-10 21:05:12.643458,-13.25,0.0,32.0,0,0
2026-03-10 21:05:17.643458,-12.73,13.93,40.14,1,2
2026-03-10 21:05:22.643458,-13.09,13.5,43.01,1,2
2026-03-10 21:05:27.643458,-13.0,17.61,51.12,1,2
2026-03-10 21:05:32.643458,-13.47,0.0,32.0,0,0
2026-03-10 21:05:37.643458,-13.12,15.3,36.2,1,2
2026-03-10 21:05:42.643458,-13.59,10.07,33.51,0,1
2026-03-10 21:05:47.643458,-13.69,10.87,31.99,0,1
2026-03-10 21:05:52.643458,-13.63,0.0,32.0,0,0
2026-03-10 21:05:57.643458,-12.84,15.93,48.79,1,2
2026-03-10 21:06:02.643458,-13.8,0.0,32.0,0,0
2026-03-10 21:06:07.643458,-13.42,10.49,32.27,0,1
2026-03-10 21:06:12.643458,-13.52,10.08,36.63,0,1
2026-03-10 21:06:17.643458,-13.7,10.23,32.65,0,1
2026-03-10 21:06:22.643458,-13.47,11.41,34.75,0,1
2026-03-10 21:06:27.643458,-13.17,15.65,50.19,1,2
2026-03-10 21:06:32.643458,-13.31,9.01,31.5,0,1
2026-03-10 21:06:37.643458,-12.71,13.81,46.68,1,2
2026-03-10 21:06:42.643458,-12.91,14.08,50.22,1,2
2026-03-10 21:06:47.643458,-13.32,11.65,39.0,0,1
2026-03-10 21:06:52.643458,-13.45,10.65,39.82,0,1
2026-03-10 21:06:57.643458,-13.37,10.58,34.59,0,1
2026-03-10 21:07:02.643458,-13.24,17.49,52.72,1,2
2026-03-10 21:07:07.643458,-13.92,0.0,32.0,0,0
2026-03-10 21:07:12.643458,-13.69,0.0,32.0,0,0
2026-03-10 21:07:17.643458,-13.53,11.55,35.64,0,1
2026-03-10 21:07:22.643458,-13.6,0.0,32.0,0,0
2026-03-10 21:07:27.643458,-13.59,10.78,31.99,0,1
2026-03-10 21:07:32.643458,-13.62,10.43,35.22,0,1
2026-03-10 21:07:37.643458,-13.47,0.0,32.0,0,0
2026-03-10 21:07:42.643458,-13.4,11.13,30.6,0,1
2026-03-10 21:07:47.643458,-13.5,0.0,32.0,0,0
2026-03-10 21:07:52.643458,-13.1,0.0,32.0,0,0
2026-03-10 21:07:57.643458,-13.35,0.0,32.0,0,0
2026-03-10 21:08:02.643458,-13.1,14.47,44.75,1,2
2026-03-10 21:08:07.643458,-13.31,11.17,34.79,0,1
2026-03-10 21:08:12.643458,-12.99,13.98,43.15,1,2
2026-03-10 21:08:17.643458,-13.42,11.7,33.85,0,1
2026-03-10 21:08:22.643458,-13.36,11.11,39.38,0,1
2026-03-10 21:08:27.643458,-12.92,14.1,50.46,1,2
2026-03-10 21:08:32.643458,-13.03,13.55,41.22,1,2
2026-03-10 21:08:37.643458,-13.68,11.23,38.94,0,1
2026-03-10 21:08:42.643458,-13.33,0.0,32.0,0,0
2026-03-10 21:08:47.643458,-13.02,13.66,54.72,1,2
2026-03-10 21:08:52.643458,-13.22,0.0,32.0,0,0
2026-03-10 21:08:57.643458,-12.92,13.99,47.22,1,2
2026-03-10 21:09:02.643458,-13.0,14.74,40.42,1,2
2026-03-10 21:09:07.643458,-13.19,0.0,32.0,0,0
2026-03-10 21:09:12.643458,-13.83,0.0,32.0,0,0
2026-03-10 21:09:17.643458,-12.86,16.56,36.85,1,2
2026-03-10 21:09:22.643458,-13.17,15.27,49.62,1,2
2026-03-10 21:09:27.643458,-12.72,16.56,52.55,1,2
2026-03-10 21:09:32.643458,-13.55,0.0,32.0,0,0
2026-03-10 21:09:37.643458,-13.65,0.0,32.0,0,0
2026-03-10 21:09:42.643458,-13.05,0.0,32.0,0,0
2026-03-10 21:09:47.643458,-13.65,10.69,35.72,0,1
2026-03-10 21:09:52.643458,-13.34,9.59,39.65,0,1
2026-03-10 21:09:57.643458,-13.69,9.37,30.96,0,1
2026-03-10 21:10:02.643458,-13.65,9.63,32.55,0,1
2026-03-10 21:10:07.643458,-13.05,0.0,32.0,0,0
2026-03-10 21:10:12.643458,-13.95,0.0,32.0,0,0
2026-03-10 21:10:17.643458,-13.55,0.0,32.0,0,0
2026-03-10 21:10:22.643458,-13.15,16.09,35.83,1,2
2026-03-10 21:10:27.643458,-13.68,11.31,35.7,0,1
2026-03-10 21:10:32.643458,-13.04,0.0,32.0,0,0
2026-03-10 21:10:37.643458,-13.63,0.0,32.0,0,0
2026-03-10 21:10:42.643458,-13.25,17.83,38.43,1,2
2026-03-10 21:10:47.643458,-13.2,14.48,48.48,1,2
2026-03-10 21:10:52.643458,-13.38,0.0,32.0,0,0
2026-03-10 21:10:57.643458,-13.1,15.98,37.65,1,2
2026-03-10 21:11:02.643458,-13.85,0.0,32.0,0,0
2026-03-10 21:11:07.643458,-13.04,16.92,39.13,1,2
2026-03-10 21:11:12.643458,-13.95,0.0,32.0,0,0
2026-03-10 21:11:17.643458,-13.31,9.27,39.4,0,1
2026-03-10 21:11:22.643458,-13.64,9.38,38.46,0,1
2026-03-10 21:11:27.643458,-12.8,15.8,38.65,1,2
2026-03-10 21:11:32.643458,-12.98,15.63,37.87,1,2
2026-03-10 21:11:37.643458,-13.6,11.56,33.64,0,1
2026-03-10 21:11:42.643458,-13.48,0.0,32.0,0,0
2026-03-10 21:11:47.643458,-13.28,0.0,32.0,0,0
2026-03-10 21:11:52.643458,-12.74,15.17,52.52,1,2
2026-03-10 21:11:57.643458,-12.87,15.54,49.67,1,2
2026-03-10 21:12:02.643458,-13.51,0.0,32.0,0,0
2026-03-10 21:12:07.643458,-12.98,17.06,53.42,1,2
2026-03-10 21:12:12.643458,-13.53,11.67,31.25,0,1
2026-03-10 21:12:17.643458,-12.8,13.95,51.78,1,2
2026-03-10 21:12:22.643458,-13.67,10.05,31.12,0,1
2026-03-10 21:12:27.643458,-13.39,9.48,33.93,0,1
2026-03-10 21:12:32.643458,-13.57,0.0,32.0,0,0
2026-03-10 21:12:37.643458,-13.2,14.87,46.56,1,2
2026-03-10 21:12:42.643458,-13.38,0.0,32.0,0,0
2026-03-10 21:12:47.643458,-13.11,17.54,48.32,1,2
2026-03-10 21:12:52.643458,-13.24,17.39,47.63,1,2
2026-03-10 21:12:57.643458,-13.06,0.0,32.0,0,0
2026-03-10 21:13:02.643458,-13.51,0.0,32.0,0,0
2026-03-10 21:13:07.643458,-13.96,0.0,32.0,0,0
2026-03-10 21:13:12.643458,-13.38,0.0,32.0,0,0
2026-03-10 21:13:17.643458,-13.64,9.93,37.13,0,1
2026-03-10 21:13:22.643458,-13.41,11.9,36.87,0,1
2026-03-10 21:13:27.643458,-13.05,0.0,32.0,0,0
2026-03-10 21:13:32.643458,-13.59,10.88,31.48,0,1
2026-03-10 21:13:37.643458,-13.21,17.89,36.61,1,2
2026-03-10 21:13:42.643458,-13.12,14.24,39.36,1,2
2026-03-10 21:13:47.643458,-13.44,9.86,35.17,0,1
2026-03-10 21:13:52.643458,-13.46,9.71,33.6,0,1
2026-03-10 21:13:57.643458,-13.07,16.03,43.99,1,2
2026-03-10 21:14:02.643458,-13.17,0.0,32.0,0,0
2026-03-10 21:14:07.643458,-13.69,10.58,32.17,0,1
2026-03-10 21:14:12.643458,-13.74,0.0,32.0,0,0
2026-03-10 21:14:17.643458,-12.72,13.27,42.78,1,2
2026-03-10 21:14:22.643458,-13.26,17.22,52.92,1,2
2026-03-10 21:14:27.643458,-13.2,17.48,37.78,1,2
2026-03-10 21:14:32.643458,-13.49,11.54,32.06,0,1
2026-03-10 21:14:37.643458,-13.87,0.0,32.0,0,0
2026-03-10 21:14:42.643458,-13.54,0.0,32.0,0,0
2026-03-10 21:14:47.643458,-12.97,13.31,35.04,1,2
2026-03-10 21:14:52.643458,-13.03,16.65,44.69,1,2
2026-03-10 21:14:57.643458,-13.12,0.0,32.0,0,0
2026-03-10 21:15:02.643458,-12.79,15.51,44.75,1,2
2026-03-10 21:15:07.643458,-13.84,0.0,32.0,0,0
2026-03-10 21:15:12.643458,-13.56,0.0,32.0,0,0
2026-03-10 21:15:17.643458,-13.7,9.99,30.77,0,1
2026-03-10 21:15:22.643458,-13.56,9.6,39.18,0,1
2026-03-10 21:15:27.643458,-13.37,11.04,38.97,0,1
2026-03-10 21:15:32.643458,-13.53,9.25,39.73,0,1
2026-03-10 21:15:37.643458,-12.7,16.18,36.19,1,2
2026-03-10 21:15:42.643458,-13.02,15.33,45.57,1,2
2026-03-10 21:15:47.643458,-13.54,0.0,32.0,0,0
2026-03-10 21:15:52.643458,-13.29,14.07,39.63,1,2
2026-03-10 21:15:57.643458,-13.25,15.82,48.54,1,2
2026-03-10 21:16:02.643458,-12.94,15.82,38.98,1,2
2026-03-10 21:16:07.643458,-13.42,11.33,33.04,0,1
2026-03-10 21:16:12.643458,-12.77,15.14,53.32,1,2
2026-03-10 21:16:17.643458,-13.44,10.89,37.06,0,1
2026-03-10 21:16:22.643458,-12.96,15.93,42.05,1,2
2026-03-10 21:16:27.643458,-12.75,16.3,42.02,1,2
2026-03-10 21:16:32.643458,-13.34,0.0,32.0,0,0
2026-03-10 21:16:37.643458,-13.61,9.09,34.01,0,1
2026-03-10 21:16:42.643458,-13.52,11.57,38.9,0,1
2026-03-10 21:16:47.643458,-13.52,0.0,32.0,0,0
2026-03-10 21:16:52.643458,-13.28,0.0,32.0,0,0
2026-03-10 21:16:57.643458,-13.49,0.0,32.0,0,0
2026-03-10 21:17:02.643458,-13.3,13.7,39.84,1,2
2026-03-10 21:17:07.643458,-12.84,13.05,50.34,1,2
2026-03-10 21:17:12.643458,-13.14,0.0,32.0,0,0
2026-03-10 21:17:17.643458,-13.1,0.0,32.0,0,0
2026-03-10 21:17:22.643458,-13.59,0.0,32.0,0,0
2026-03-10 21:17:27.643458,-13.69,9.35,32.89,0,1
2026-03-10 21:17:32.643458,-13.29,14.31,40.72,1,2
2026-03-10 21:17:37.643458,-13.43,9.68,30.63,0,1
2026-03-10 21:17:42.643458,-13.42,10.72,38.24,0,1
2026-03-10 21:17:47.643458,-12.8,15.51,39.32,1,2
2026-03-10 21:17:52.643458,-13.6,0.0,32.0,0,0
2026-03-10 21:17:57.643458,-13.1,0.0,32.0,0,0
2026-03-10 21:18:02.643458,-13.34,0.0,32.0,0,0
2026-03-10 21:18:07.643458,-13.07,0.0,32.0,0,0
2026-03-10 21:18:12.643458,-13.09,13.45,51.94,1,2
2026-03-10 21:18:17.643458,-12.99,14.72,47.17,1,2
2026-03-10 21:18:22.643458,-12.84,14.0,36.87,1,2
2026-03-10 21:18:27.643458,-13.01,17.27,44.27,1,2
2026-03-10 21:18:32.643458,-13.13,15.06,46.84,1,2
2026-03-10 21:18:37.643458,-12.86,16.38,38.89,1,2
2026-03-10 21:18:42.643458,-13.56,0.0,32.0,0,0
2026-03-10 21:18:47.643458,-12.9,14.93,53.54,1,2
2026-03-10 21:18:52.643458,-13.03,0.0,32.0,0,0
2026-03-10 21:18:57.643458,-13.57,11.13,34.16,0,1
2026-03-10 21:19:02.643458,-13.44,10.24,38.87,0,1
2026-03-10 21:19:07.643458,-13.4,9.35,36.18,0,1
2026-03-10 21:19:12.643458,-13.37,0.0,32.0,0,0
2026-03-10 21:19:17.643458,-13.04,13.81,49.04,1,2
2026-03-10 21:19:22.643458,-13.67,0.0,32.0,0,0
2026-03-10 21:19:27.643458,-13.39,10.49,31.86,0,1
2026-03-10 21:19:32.643458,-13.68,10.94,33.89,0,1
2026-03-10 21:19:37.643458,-13.6,9.98,31.74,0,1
2026-03-10 21:19:42.643458,-13.38,9.94,37.58,0,1
2026-03-10 21:19:47.643458,-13.52,11.5,30.18,0,1
2026-03-10 21:19:52.643458,-13.28,16.79,41.01,1,2
2026-03-10 21:19:57.643458,-12.72,13.49,41.46,1,2
2026-03-10 21:20:02.643458,-12.96,13.82,45.05,1,2
2026-03-10 21:20:07.643458,-13.82,0.0,32.0,0,0
2026-03-10 21:20:12.643458,-13.32,0.0,32.0,0,0
2026-03-10 21:20:17.643458,-13.36,10.19,37.39,0,1
2026-03-10 21:20:22.643458,-12.97,15.56,54.48,1,2
2026-03-10 21:20:27.643458,-12.82,14.34,54.2,1,2
2026-03-10 21:20:32.643458,-13.62,9.66,31.86,0,1
2026-03-10 21:20:37.643458,-13.57,10.43,33.42,0,1
2026-03-10 21:20:42.643458,-13.37,11.47,39.58,0,1
2026-03-10 21:20:47.643458,-13.08,0.0,32.0,0,0
2026-03-10 21:20:52.643458,-13.53,11.17,39.24,0,1
2026-03-10 21:20:57.643458,-13.51,0.0,32.0,0,0
2026-03-10 21:21:02.643458,-13.39,11.47,35.87,0,1
2026-03-10 21:21:07.643458,-12.86,15.4,36.91,1,2
2026-03-10 21:21:12.643458,-13.83,0.0,32.0,0,0
2026-03-10 21:21:17.643458,-13.51,0.0,32.0,0,0
2026-03-10 21:21:22.643458,-13.24,16.01,41.33,1,2
2026-03-10 21:21:27.643458,-13.61,9.44,31.46,0,1
2026-03-10 21:21:32.643458,-12.78,14.68,41.58,1,2
2026-03-10 21:21:37.643458,-13.08,16.43,45.27,1,2
2026-03-10 21:21:42.643458,-13.53,11.01,39.55,0,1
2026-03-10 21:21:47.643458,-13.22,13.79,44.15,1,2
2026-03-10 21:21:52.643458,-13.31,0.0,32.0,0,0
2026-03-10 21:21:57.643458,-13.58,9.53,33.05,0,1
2026-03-10 21:22:02.643458,-12.77,14.92,45.94,1,2
2026-03-10 21:22:07.643458,-12.85,16.19,39.84,1,2
2026-03-10 21:22:12.643458,-13.26,0.0,32.0,0,0
2026-03-10 21:22:17.643458,-12.94,15.0,47.15,1,2
2026-03-10 21:22:22.643458,-13.69,0.0,32.0,0,0
2026-03-10 21:22:27.643458,-13.44,11.45,35.68,0,1
2026-03-10 21:22:32.643458,-13.34,11.02,39.42,0,1
2026-03-10 21:22:37.643458,-13.1,0.0,32.0,0,0
2026-03-10 21:22:42.643458,-13.9,0.0,32.0,0,0
2026-03-10 21:22:47.643458,-12.76,15.65,39.14,1,2
2026-03-10 21:22:52.643458,-13.63,0.0,32.0,0,0
2026-03-10 21:22:57.643458,-13.76,0.0,32.0,0,0
2026-03-10 21:23:02.643458,-13.56,10.12,33.87,0,1
2026-03-10 21:23:07.643458,-12.87,16.67,45.74,1,2
2026-03-10 21:23:12.643458,-13.48,0.0,32.0,0,0
2026-03-10 21:23:17.643458,-13.37,11.49,35.37,0,1
2026-03-10 21:23:22.643458,-13.14,14.07,49.41,1,2
2026-03-10 21:23:27.643458,-13.65,9.49,31.66,0,1
2026-03-10 21:23:32.643458,-13.78,0.0,32.0,0,0
2026-03-10 21:23:37.643458,-13.55,11.91,38.46,0,1
2026-03-10 21:23:42.643458,-13.65,0.0,32.0,0,0
2026-03-10 21:23:47.643458,-13.34,9.27,36.95,0,1
2026-03-10 21:23:52.643458,-13.37,9.85,30.0,0,1
2026-03-10 21:23:57.643458,-13.59,10.08,33.16,0,1
2026-03-10 21:24:02.643458,-12.93,17.11,41.29,1,2
2026-03-10 21:24:07.643458,-13.02,0.0,32.0,0,0
2026-03-10 21:24:12.643458,-13.99,0.0,32.0,0,0
2026-03-10 21:24:17.643458,-13.66,0.0,32.0,0,0
2026-03-10 21:24:22.643458,-13.61,9.77,31.65,0,1
2026-03-10 21:24:27.643458,-13.07,15.38,38.64,1,2
2026-03-10 21:24:32.643458,-13.39,0.0,32.0,0,0
2026-03-10 21:24:37.643458,-13.46,0.0,32.0,0,0
2026-03-10 21:24:42.643458,-13.96,0.0,32.0,0,0
2026-03-10 21:24:47.643458,-13.54,10.14,32.59,0,1
2026-03-10 21:24:52.643458,-13.02,14.43,40.37,1,2
2026-03-10 21:24:57.643458,-13.5,9.87,33.76,0,1
2026-03-10 21:25:02.643458,-13.34,0.0,32.0,0,0
2026-03-10 21:25:07.643458,-13.44,11.1,39.55,0,1
2026-03-10 21:25:12.643458,-13.61,0.0,32.0,0,0
2026-03-10 21:25:17.643458,-12.76,14.21,45.28,1,2
2026-03-10 21:25:22.643458,-13.41,9.69,35.71,0,1
2026-03-10 21:25:27.643458,-13.64,11.51,39.6,0,1
2026-03-10 21:25:32.643458,-13.7,11.7,39.19,0,1
2026-03-10 21:25:37.643458,-13.13,14.69,50.05,1,2
2026-03-10 21:25:42.643458,-12.86,17.37,48.86,1,2
2026-03-10 21:25:47.643458,-13.06,17.28,37.04,1,2
2026-03-10 21:25:52.643458,-12.76,14.71,49.16,1,2
2026-03-10 21:25:57.643458,-13.37,11.43,38.67,0,1
2026-03-10 21:26:02.643458,-13.29,0.0,32.0,0,0
2026-03-10 21:26:07.643458,-12.92,17.29,39.12,1,2
2026-03-10 21:26:12.643458,-13.1,17.57,39.57,1,2
2026-03-10 21:26:17.643458,-13.54,11.03,33.77,0,1
2026-03-10 21:26:22.643458,-13.36,0.0,32.0,0,0
2026-03-10 21:26:27.643458,-13.01,15.17,47.77,1,2
2026-03-10 21:26:32.643458,-13.13,15.65,44.37,1,2
2026-03-10 21:26:37.643458,-13.15,14.2,40.93,1,2
2026-03-10 21:26:42.643458,-13.54,0.0,32.0,0,0
2026-03-10 21:26:47.643458,-13.08,0.0,32.0,0,0
2026-03-10 21:26:52.643458,-13.43,0.0,32.0,0,0
2026-03-10 21:26:57.643458,-13.02,16.57,49.48,1,2
2026-03-10 21:27:02.643458,-13.53,0.0,32.0,0,0
2026-03-10 21:27:07.643458,-13.16,14.2,38.65,1,2
2026-03-10 21:27:12.643458,-13.17,17.58,45.87,1,2
2026-03-10 21:27:17.643458,-12.9,17.11,46.11,1,2
2026-03-10 21:27:22.643458,-12.81,16.07,50.61,1,2
2026-03-10 21:27:27.643458,-13.02,17.67,48.39,1,2
2026-03-10 21:27:32.643458,-13.29,17.73,40.76,1,2
2026-03-10 21:27:37.643458,-13.32,10.91,34.93,0,1
2026-03-10 21:27:42.643458,-13.04,13.63,54.88,1,2
2026-03-10 21:27:47.643458,-13.45,11.33,36.07,0,1
2026-03-10 21:27:52.643458,-13.16,0.0,32.0,0,0
2026-03-10 21:27:57.643458,-13.55,11.06,38.2,0,1
2026-03-10 21:28:02.643458,-13.36,0.0,32.0,0,0
2026-03-10 21:28:07.643458,-13.48,10.47,30.85,0,1
2026-03-10 21:28:12.643458,-13.34,11.89,39.52,0,1
2026-03-10 21:28:17.643458,-13.57,9.44,38.61,0,1
2026-03-10 21:28:22.643458,-13.33,9.5,30.16,0,1
2026-03-10 21:28:27.643458,-13.2,0.0,32.0,0,0
2026-03-10 21:28:32.643458,-13.6,10.57,39.92,0,1
2026-03-10 21:28:37.643458,-13.34,9.44,39.45,0,1
2026-03-10 21:28:42.643458,-13.0,16.32,40.28,1,2
2026-03-10 21:28:47.643458,-13.58,10.68,37.41,0,1
2026-03-10 21:28:52.643458,-13.36,0.0,32.0,0,0
2026-03-10 21:28:57.643458,-13.68,9.33,37.06,0,1
2026-03-10 21:29:02.643458,-12.72,16.62,53.96,1,2
2026-03-10 21:29:07.643458,-13.17,13.04,44.13,1,2
2026-03-10 21:29:12.643458,-13.55,11.39,36.49,0,1
2026-03-10 21:29:17.643458,-12.91,14.76,42.33,1,2
2026-03-10 21:29:22.643458,-12.87,13.68,43.59,1,2
2026-03-10 21:29:27.643458,-13.24,0.0,32.0,0,0
2026-03-10 21:29:32.643458,-13.33,10.32,30.44,0,1
2026-03-10 21:29:37.643458,-13.37,11.51,39.04,0,1
2026-03-10 21:29:42.643458,-12.85,13.57,50.27,1,2
2026-03-10 21:29:47.643458,-13.3,0.0,32.0,0,0
2026-03-10 21:29:52.643458,-13.46,10.17,35.58,0,1
2026-03-10 21:29:57.643458,-13.64,11.23,33.56,0,1
2026-03-10 21:30:02.643458,-13.65,10.22,37.21,0,1
2026-03-10 21:30:07.643458,-13.49,11.67,33.92,0,1
2026-03-10 21:30:12.643458,-12.71,16.11,50.06,1,2
2026-03-10 21:30:17.643458,-13.3,16.16,36.09,1,2
2026-03-10 21:30:22.643458,-13.28,16.96,42.35,1,2
2026-03-10 21:30:27.643458,-13.54,0.0,32.0,0,0
2026-03-10 21:30:32.643458,-13.22,0.0,32.0,0,0
2026-03-10 21:30:37.643458,-13.63,9.87,37.52,0,1
2026-03-10 21:30:42.643458,-13.32,0.0,32.0,0,0
2026-03-10 21:30:47.643458,-12.82,14.77,46.39,1,2
2026-03-10 21:30:52.643458,-13.99,0.0,32.0,0,0
2026-03-10 21:30:57.643458,-13.68,11.99,33.09,0,1
2026-03-10 21:31:02.643458,-13.7,0.0,32.0,0,0
2026-03-10 21:31:07.643458,-13.98,0.0,32.0,0,0
2026-03-10 21:31:12.643458,-13.18,0.0,32.0,0,0
2026-03-10 21:31:17.643458,-12.96,14.04,39.56,1,2
2026-03-10 21:31:22.643458,-13.31,11.09,34.91,0,1
2026-03-10 21:31:27.643458,-12.94,13.74,52.4,1,2
2026-03-10 21:31:32.643458,-13.04,0.0,32.0,0,0
2026-03-10 21:31:37.643458,-13.7,0.0,32.0,0,0
2026-03-10 21:31:42.643458,-13.6,9.06,37.97,0,1
2026-03-10 21:31:47.643458,-13.26,0.0,32.0,0,0
2026-03-10 21:31:52.643458,-13.2,0.0,32.0,0,0
2026-03-10 21:31:57.643458,-13.06,0.0,32.0,0,0
2026-03-10 21:32:02.643458,-13.51,10.78,30.25,0,1
2026-03-10 21:32:07.643458,-12.99,16.04,39.5,1,2
2026-03-10 21:32:12.643458,-13.19,14.9,38.34,1,2
2026-03-10 21:32:17.643458,-13.38,9.85,31.22,0,1
2026-03-10 21:32:22.643458,-13.88,0.0,32.0,0,0
2026-03-10 21:32:27.643458,-13.36,10.05,37.12,0,1
2026-03-10 21:32:32.643458,-13.52,10.46,35.8,0,1
2026-03-10 21:32:37.643458,-13.37,0.0,32.0,0,0
2026-03-10 21:32:42.643458,-13.33,10.14,35.15,0,1
2026-03-10 21:32:47.643458,-13.85,0.0,32.0,0,0
2026-03-10 21:32:52.643458,-13.2,16.2,51.97,1,2
2026-03-10 21:32:57.643458,-12.88,14.34,42.22,1,2
2026-03-10 21:33:02.643458,-13.16,15.28,46.97,1,2
2026-03-10 21:33:07.643458,-12.95,16.99,40.82,1,2
2026-03-10 21:33:12.643458,-13.43,9.54,38.3,0,1
2026-03-10 21:33:17.643458,-13.45,0.0,32.0,0,0
2026-03-10 21:33:22.643458,-13.91,0.0,32.0,0,0
2026-03-10 21:33:27.643458,-13.48,10.61,30.16,0,1
2026-03-10 21:33:32.643458,-13.8,0.0,32.0,0,0
2026-03-10 21:33:37.643458,-13.47,9.15,36.71,0,1
2026-03-10 21:33:42.643458,-13.22,0.0,32.0,0,0
2026-03-10 21:33:47.643458,-13.24,16.13,36.1,1,2
2026-03-10 21:33:52.643458,-12.75,15.0,38.97,1,2
2026-03-10 21:33:57.643458,-13.29,0.0,32.0,0,0
2026-03-10 21:34:02.643458,-13.51,10.78,30.42,0,1
2026-03-10 21:34:07.643458,-13.69,9.53,39.54,0,1
2026-03-10 21:34:12.643458,-13.34,10.76,37.79,0,1
2026-03-10 21:34:17.643458,-13.51,0.0,32.0,0,0
2026-03-10 21:34:22.643458,-12.87,14.84,52.24,1,2
2026-03-10 21:34:27.643458,-13.14,15.2,41.19,1,2
2026-03-10 21:34:32.643458,-13.27,17.99,37.59,1,2
2026-03-10 21:34:37.643458,-13.6,0.0,32.0,0,0
2026-03-10 21:34:42.643458,-13.71,0.0,32.0,0,0
2026-03-10 21:34:47.643458,-12.85,16.34,46.25,1,2
2026-03-10 21:34:52.643458,-13.28,15.34,36.15,1,2
2026-03-10 21:34:57.643458,-13.46,0.0,32.0,0,0
2026-03-10 21:35:02.643458,-13.33,9.55,33.17,0,1
2026-03-10 21:35:07.643458,-13.26,0.0,32.0,0,0
2026-03-10 21:35:12.643458,-13.08,15.96,43.76,1,2
2026-03-10 21:35:17.643458,-13.14,0.0,32.0,0,0
2026-03-10 21:35:22.643458,-12.77,16.45,47.84,1,2
2026-03-10 21:35:27.643458,-13.43,0.0,32.0,0,0
2026-03-10 21:35:32.643458,-13.59,0.0,32.0,0,0
2026-03-10 21:35:37.643458,-13.1,0.0,32.0,0,0
2026-03-10 21:35:42.643458,-13.37,9.14,30.11,0,1
2026-03-10 21:35:47.643458,-13.0,15.68,42.76,1,2
2026-03-10 21:35:52.643458,-13.27,0.0,32.0,0,0
2026-03-10 21:35:57.643458,-13.27,16.75,52.79,1,2
2026-03-10 21:36:02.643458,-13.92,0.0,32.0,0,0
2026-03-10 21:36:07.643458,-13.55,11.41,37.74,0,1
2026-03-10 21:36:12.643458,-13.58,11.29,37.85,0,1
2026-03-10 21:36:17.643458,-13.38,0.0,32.0,0,0
2026-03-10 21:36:22.643458,-13.02,13.57,42.61,1,2
2026-03-10 21:36:27.643458,-13.46,10.65,38.14,0,1
2026-03-10 21:36:32.643458,-13.42,0.0,32.0,0,0
2026-03-10 21:36:37.643458,-13.29,16.61,42.15,1,2
2026-03-10 21:36:42.643458,-12.99,17.89,50.46,1,2
2026-03-10 21:36:47.643458,-13.25,0.0,32.0,0,0
2026-03-10 21:36:52.643458,-13.33,11.88,38.35,0,1
2026-03-10 21:36:57.643458,-13.37,9.3,31.1,0,1
2026-03-10 21:37:02.643458,-13.3,16.33,54.25,1,2
2026-03-10 21:37:07.643458,-13.58,11.51,30.29,0,1
2026-03-10 21:37:12.643458,-12.77,17.16,37.8,1,2
2026-03-10 21:37:17.643458,-13.64,10.34,31.01,0,1
2026-03-10 21:37:22.643458,-13.07,16.42,40.34,1,2
2026-03-10 21:37:27.643458,-13.3,0.0,32.0,0,0
2026-03-10 21:37:32.643458,-13.65,0.0,32.0,0,0
2026-03-10 21:37:37.643458,-13.28,0.0,32.0,0,0
2026-03-10 21:37:42.643458,-13.03,16.53,53.99,1,2
2026-03-10 21:37:47.643458,-13.44,10.36,37.28,0,1
2026-03-10 21:37:52.643458,-13.82,0.0,32.0,0,0
2026-03-10 21:37:57.643458,-13.35,0.0,32.0,0,0
2026-03-10 21:38:02.643458,-13.07,17.17,53.05,1,2
2026-03-10 21:38:07.643458,-12.92,14.59,35.94,1,2
2026-03-10 21:38:12.643458,-13.39,11.74,30.4,0,1
2026-03-10 21:38:17.643458,-13.34,10.44,31.91,0,1
2026-03-10 21:38:22.643458,-13.42,11.56,34.53,0,1
2026-03-10 21:38:27.643458,-13.39,10.92,35.45,0,1
2026-03-10 21:38:32.643458,-13.54,11.47,30.03,0,1
2026-03-10 21:38:37.643458,-12.95,17.89,42.46,1,2
2026-03-10 21:38:42.643458,-12.79,14.18,38.77,1,2
2026-03-10 21:38:47.643458,-13.53,0.0,32.0,0,0
2026-03-10 21:38:52.643458,-13.16,13.1,47.87,1,2
2026-03-10 21:38:57.643458,-12.85,14.36,41.57,1,2
2026-03-10 21:39:02.643458,-13.36,9.03,38.64,0,1
2026-03-10 21:39:07.643458,-13.07,0.0,32.0,0,0
2026-03-10 21:39:12.643458,-13.25,13.96,46.49,1,2
2026-03-10 21:39:17.643458,-13.39,11.91,35.84,0,1
2026-03-10 21:39:22.643458,-13.66,0.0,32.0,0,0
2026-03-10 21:39:27.643458,-12.91,17.41,44.65,1,2
2026-03-10 21:39:32.643458,-13.34,0.0,32.0,0,0
2026-03-10 21:39:37.643458,-13.45,11.66,35.76,0,1
2026-03-10 21:39:42.643458,-13.68,10.45,32.91,0,1
2026-03-10 21:39:47.643458,-13.4,0.0,32.0,0,0
2026-03-10 21:39:52.643458,-12.74,14.0,49.87,1,2
2026-03-10 21:39:57.643458,-13.51,10.79,30.17,0,1
2026-03-10 21:40:02.643458,-12.99,16.25,35.44,1,2
2026-03-10 21:40:07.643458,-13.51,0.0,32.0,0,0
2026-03-10 21:40:12.643458,-13.1,0.0,32.0,0,0
2026-03-10 21:40:17.643458,-13.05,0.0,32.0,0,0
2026-03-10 21:40:22.643458,-13.75,0.0,32.0,0,0
2026-03-10 21:40:27.643458,-12.92,15.3,42.43,1,2
2026-03-10 21:40:32.643458,-13.54,10.12,37.65,0,1
2026-03-10 21:40:37.643458,-12.91,13.47,40.59,1,2
2026-03-10 21:40:42.643458,-13.9,0.0,32.0,0,0
2026-03-10 21:40:47.643458,-12.77,13.6,43.35,1,2
2026-03-10 21:40:52.643458,-13.86,0.0,32.0,0,0
2026-03-10 21:40:57.643458,-12.83,15.41,49.35,1,2
2026-03-10 21:41:02.643458,-13.62,10.09,35.64,0,1
2026-03-10 21:41:07.643458,-13.48,0.0,32.0,0,0
2026-03-10 21:41:12.643458,-13.04,16.82,51.41,1,2
2026-03-10 21:41:17.643458,-13.56,11.88,37.71,0,1
2026-03-10 21:41:22.643458,-12.71,14.96,37.68,1,2
2026-03-10 21:41:27.643458,-13.03,0.0,32.0,0,0
2026-03-10 21:41:32.643458,-13.2,16.57,48.93,1,2
2026-03-10 21:41:37.643458,-12.89,14.89,35.94,1,2
2026-03-10 21:41:42.643458,-12.73,17.96,52.42,1,2
2026-03-10 21:41:47.643458,-13.86,0.0,32.0,0,0
2026-03-10 21:41:52.643458,-13.33,11.18,38.87,0,1
2026-03-10 21:41:57.643458,-13.02,17.46,51.05,1,2
2026-03-10 21:42:02.643458,-13.46,11.1,37.42,0,1
2026-03-10 21:42:07.643458,-13.48,9.53,31.1,0,1
2026-03-10 21:42:12.643458,-13.08,0.0,32.0,0,0
2026-03-10 21:42:17.643458,-13.47,9.83,37.46,0,1
2026-03-10 21:42:22.643458,-13.37,0.0,32.0,0,0
2026-03-10 21:42:27.643458,-13.62,9.37,33.23,0,1
2026-03-10 21:42:32.643458,-12.74,14.59,38.27,1,2
2026-03-10 21:42:37.643458,-12.96,16.66,44.21,1,2
2026-03-10 21:42:42.643458,-13.32,11.93,38.12,0,1
2026-03-10 21:42:47.643458,-13.21,17.9,43.97,1,2
2026-03-10 21:42:52.643458,-13.68,9.26,36.89,0,1
2026-03-10 21:42:57.643458,-12.98,13.97,40.99,1,2
2026-03-10 21:43:02.643458,-13.32,10.49,30.24,0,1
2026-03-10 21:43:07.643458,-13.24,16.36,54.6,1,2
2026-03-10 21:43:12.643458,-13.03,15.79,41.79,1,2
2026-03-10 21:43:17.643458,-12.73,13.11,41.32,1,2
2026-03-10 21:43:22.643458,-13.5,0.0,32.0,0,0
2026-03-10 21:43:27.643458,-13.32,0.0,32.0,0,0
2026-03-10 21:43:32.643458,-13.12,0.0,32.0,0,0
2026-03-10 21:43:37.643458,-13.01,16.74,42.0,1,2
2026-03-10 21:43:42.643458,-13.43,11.39,37.56,0,1
2026-03-10 21:43:47.643458,-12.89,13.28,47.15,1,2
2026-03-10 21:43:52.643458,-13.4,10.3,39.56,0,1
2026-03-10 21:43:57.643458,-13.5,0.0,32.0,0,0
2026-03-10 21:44:02.643458,-13.69,0.0,32.0,0,0
2026-03-10 21:44:07.643458,-13.3,9.9,31.74,0,1
2026-03-10 21:44:12.643458,-13.66,10.03,35.49,0,1
2026-03-10 21:44:17.643458,-12.92,15.92,38.17,1,2
2026-03-10 21:44:22.643458,-12.9,14.14,41.19,1,2
2026-03-10 21:44:27.643458,-13.04,17.48,50.32,1,2
2026-03-10 21:44:32.643458,-13.26,0.0,32.0,0,0
2026-03-10 21:44:37.643458,-13.6,0.0,32.0,0,0
2026-03-10 21:44:42.643458,-13.45,10.53,33.69,0,1
2026-03-10 21:44:47.643458,-13.58,9.54,34.11,0,1
2026-03-10 21:44:52.643458,-13.66,11.15,30.11,0,1
2026-03-10 21:44:57.643458,-13.45,0.0,32.0,0,0
2026-03-10 21:45:02.643458,-13.16,13.53,35.28,1,2
2026-03-10 21:45:07.643458,-13.67,11.04,36.27,0,1
2026-03-10 21:45:12.643458,-13.59,0.0,32.0,0,0
2026-03-10 21:45:17.643458,-13.2,0.0,32.0,0,0
2026-03-10 21:45:22.643458,-13.5,0.0,32.0,0,0
2026-03-10 21:45:27.643458,-12.97,16.81,44.72,1,2
2026-03-10 21:45:32.643458,-13.43,11.04,30.41,0,1
2026-03-10 21:45:37.643458,-13.11,0.0,32.0,0,0
2026-03-10 21:45:42.643458,-13.0,13.11,42.1,1,2
2026-03-10 21:45:47.643458,-12.83,13.63,38.91,1,2
2026-03-10 21:45:52.643458,-13.31,0.0,32.0,0,0
2026-03-10 21:45:57.643458,-13.38,0.0,32.0,0,0
2026-03-10 21:46:02.643458,-13.56,10.45,35.45,0,1
2026-03-10 21:46:07.643458,-13.32,11.45,38.65,0,1
2026-03-10 21:46:12.643458,-13.29,14.12,43.65,1,2
2026-03-10 21:46:17.643458,-12.85,17.44,40.87,1,2
2026-03-10 21:46:22.643458,-13.45,0.0,32.0,0,0
2026-03-10 21:46:27.643458,-13.59,10.05,36.16,0,1
2026-03-10 21:46:32.643458,-13.17,0.0,32.0,0,0
2026-03-10 21:46:37.643458,-13.32,0.0,32.0,0,0
2026-03-10 21:46:42.643458,-13.12,0.0,32.0,0,0
2026-03-10 21:46:47.643458,-13.67,10.22,39.29,0,1
2026-03-10 21:46:52.643458,-13.64,11.33,31.72,0,1
2026-03-10 21:46:57.643458,-13.1,0.0,32.0,0,0
2026-03-10 21:47:02.643458,-13.0,17.44,40.61,1,2
2026-03-10 21:47:07.643458,-12.84,13.81,48.95,1,2
2026-03-10 21:47:12.643458,-13.08,13.93,50.58,1,2
2026-03-10 21:47:17.643458,-12.84,15.12,36.61,1,2
2026-03-10 21:47:22.643458,-12.8,16.32,36.4,1,2
2026-03-10 21:47:27.643458,-13.28,16.22,48.18,1,2
2026-03-10 21:47:32.643458,-13.32,9.64,38.27,0,1
2026-03-10 21:47:37.643458,-13.83,0.0,32.0,0,0
2026-03-10 21:47:42.643458,-13.56,0.0,32.0,0,0
2026-03-10 21:47:47.643458,-13.72,0.0,32.0,0,0
2026-03-10 21:47:52.643458,-13.37,11.48,36.63,0,1
2026-03-10 21:47:57.643458,-13.11,13.69,49.17,1,2
2026-03-10 21:48:02.643458,-13.64,9.55,39.14,0,1
2026-03-10 21:48:07.643458,-13.52,11.16,32.58,0,1
2026-03-10 21:48:12.643458,-12.71,17.41,44.25,1,2
2026-03-10 21:48:17.643458,-13.2,0.0,32.0,0,0
2026-03-10 21:48:22.643458,-13.66,10.63,37.76,0,1
2026-03-10 21:48:27.643458,-13.02,0.0,32.0,0,0
2026-03-10 21:48:32.643458,-13.32,10.27,38.19,0,1
2026-03-10 21:48:37.643458,-13.64,10.09,30.24,0,1
2026-03-10 21:48:42.643458,-13.22,17.95,50.0,1,2
2026-03-10 21:48:47.643458,-13.23,0.0,32.0,0,0
2026-03-10 21:48:52.643458,-13.05,13.86,37.7,1,2
2026-03-10 21:48:57.643458,-13.38,11.8,32.92,0,1
2026-03-10 21:49:02.643458,-13.13,14.26,53.81,1,2
2026-03-10 21:49:07.643458,-13.1,0.0,32.0,0,0
2026-03-10 21:49:12.643458,-13.16,13.87,50.74,1,2
2026-03-10 21:49:17.643458,-12.89,17.52,42.26,1,2
2026-03-10 21:49:22.643458,-12.8,13.6,40.73,1,2
2026-03-10 21:49:27.643458,-12.91,17.85,54.73,1,2
2026-03-10 21:49:32.643458,-13.36,10.85,32.05,0,1
2026-03-10 21:49:37.643458,-13.06,0.0,32.0,0,0
2026-03-10 21:49:42.643458,-13.74,0.0,32.0,0,0
2026-03-10 21:49:47.643458,-13.11,17.31,51.98,1,2
2026-03-10 21:49:52.643458,-13.36,11.46,31.64,0,1
2026-03-10 21:49:57.643458,-13.55,0.0,32.0,0,0
2026-03-10 21:50:02.643458,-13.32,11.0,35.54,0,1
2026-03-10 21:50:07.643458,-13.72,0.0,32.0,0,0
2026-03-10 21:50:12.643458,-13.08,14.53,36.68,1,2
2026-03-10 21:50:17.643458,-13.52,11.95,37.35,0,1
2026-03-10 21:50:22.643458,-13.53,0.0,32.0,0,0
2026-03-10 21:50:27.643458,-13.36,0.0,32.0,0,0
2026-03-10 21:50:32.643458,-13.06,14.62,53.96,1,2
2026-03-10 21:50:37.643458,-13.51,9.8,33.6,0,1
2026-03-10 21:50:42.643458,-13.16,13.46,53.54,1,2
2026-03-10 21:50:47.643458,-13.19,15.7,54.73,1,2
2026-03-10 21:50:52.643458,-13.97,0.0,32.0,0,0
2026-03-10 21:50:57.643458,-13.37,11.57,30.22,0,1
2026-03-10 21:51:02.643458,-13.09,0.0,32.0,0,0
2026-03-10 21:51:07.643458,-12.76,15.63,46.79,1,2
2026-03-10 21:51:12.643458,-12.85,14.77,43.61,1,2
2026-03-10 21:51:17.643458,-13.63,0.0,32.0,0,0
2026-03-10 21:51:22.643458,-13.53,11.37,39.42,0,1
2026-03-10 21:51:27.643458,-13.33,9.63,36.72,0,1
2026-03-10 21:51:32.643458,-12.99,17.91,38.81,1,2
2026-03-10 21:51:37.643458,-12.81,13.24,45.78,1,2
2026-03-10 21:51:42.643458,-13.17,17.38,39.24,1,2
2026-03-10 21:51:47.643458,-12.76,16.22,35.52,1,2
2026-03-10 21:51:52.643458,-13.36,0.0,32.0,0,0
2026-03-10 21:51:57.643458,-13.44,10.53,31.7,0,1
2026-03-10 21:52:02.643458,-13.31,11.14,32.96,0,1
2026-03-10 21:52:07.643458,-13.06,0.0,32.0,0,0
2026-03-10 21:52:12.643458,-13.19,17.82,44.1,1,2
2026-03-10 21:52:17.643458,-13.29,13.24,42.84,1,2
2026-03-10 21:52:22.643458,-13.46,9.3,37.42,0,1
2026-03-10 21:52:27.643458,-13.12,0.0,32.0,0,0
2026-03-10 21:52:32.643458,-13.22,0.0,32.0,0,0
2026-03-10 21:52:37.643458,-13.45,11.58,35.91,0,1
2026-03-10 21:52:42.643458,-13.01,17.15,36.56,1,2
2026-03-10 21:52:47.643458,-13.22,16.34,53.01,1,2
2026-03-10 21:52:52.643458,-13.64,10.65,30.83,0,1
2026-03-10 21:52:57.643458,-13.52,9.18,36.21,0,1
2026-03-10 21:53:02.643458,-12.76,16.76,46.32,1,2
2026-03-10 21:53:07.643458,-12.87,16.11,54.37,1,2
2026-03-10 21:53:12.643458,-13.08,15.84,41.78,1,2
2026-03-10 21:53:17.643458,-13.13,15.79,45.27,1,2
2026-03-10 21:53:22.643458,-13.27,15.65,53.84,1,2
2026-03-10 21:53:27.643458,-13.02,17.65,49.19,1,2
2026-03-10 21:53:32.643458,-13.31,10.39,38.97,0,1
2026-03-10 21:53:37.643458,-12.91,14.72,36.62,1,2
2026-03-10 21:53:42.643458,-13.34,0.0,32.0,0,0
2026-03-10 21:53:47.643458,-12.99,14.25,47.21,1,2
2026-03-10 21:53:52.643458,-13.93,0.0,32.0,0,0
2026-03-10 21:53:57.643458,-13.1,0.0,32.0,0,0
2026-03-10 21:54:02.643458,-13.27,0.0,32.0,0,0
2026-03-10 21:54:07.643458,-12.78,15.43,54.01,1,2
2026-03-10 21:54:12.643458,-13.12,0.0,32.0,0,0
2026-03-10 21:54:17.643458,-13.11,13.79,46.32,1,2
2026-03-10 21:54:22.643458,-13.25,0.0,32.0,0,0
2026-03-10 21:54:27.643458,-13.25,16.48,35.03,1,2
2026-03-10 21:54:32.643458,-13.3,17.31,43.7,1,2
2026-03-10 21:54:37.643458,-12.75,16.38,51.47,1,2
2026-03-10 21:54:42.643458,-13.0,17.55,40.1,1,2
2026-03-10 21:54:47.643458,-13.51,9.24,30.47,0,1
2026-03-10 21:54:52.643458,-13.45,0.0,32.0,0,0
2026-03-10 21:54:57.643458,-13.15,17.41,46.35,1,2
2026-03-10 21:55:02.643458,-12.77,16.25,54.57,1,2
2026-03-10 21:55:07.643458,-13.52,0.0,32.0,0,0
2026-03-10 21:55:12.643458,-13.63,9.75,38.3,0,1
2026-03-10 21:55:17.643458,-12.77,13.68,38.47,1,2
2026-03-10 21:55:22.643458,-13.37,0.0,32.0,0,0
2026-03-10 21:55:27.643458,-13.93,0.0,32.0,0,0
2026-03-10 21:55:32.643458,-13.26,13.3,53.62,1,2
2026-03-10 21:55:37.643458,-13.34,9.78,33.11,0,1
2026-03-10 21:55:42.643458,-12.8,13.36,35.92,1,2
2026-03-10 21:55:47.643458,-13.34,0.0,32.0,0,0
2026-03-10 21:55:52.643458,-13.11,13.28,43.7,1,2
2026-03-10 21:55:57.643458,-13.42,0.0,32.0,0,0
2026-03-10 21:56:02.643458,-13.41,10.92,35.02,0,1
2026-03-10 21:56:07.643458,-13.48,9.96,39.97,0,1
2026-03-10 21:56:12.643458,-13.3,9.87,35.3,0,1
2026-03-10 21:56:17.643458,-13.88,0.0,32.0,0,0
2026-03-10 21:56:22.643458,-12.86,17.49,41.7,1,2
2026-03-10 21:56:27.643458,-13.33,10.62,30.63,0,1
2026-03-10 21:56:32.643458,-12.81,17.18,54.27,1,2
2026-03-10 21:56:37.643458,-13.04,0.0,32.0,0,0
2026-03-10 21:56:42.643458,-13.61,0.0,32.0,0,0
2026-03-10 21:56:47.643458,-13.17,13.04,43.34,1,2
2026-03-10 21:56:52.643458,-12.78,17.45,43.2,1,2
2026-03-10 21:56:57.643458,-13.83,0.0,32.0,0,0
2026-03-10 21:57:02.643458,-13.26,0.0,32.0,0,0
2026-03-10 21:57:07.643458,-13.44,0.0,32.0,0,0
2026-03-10 21:57:12.643458,-13.48,11.9,36.62,0,1
2026-03-10 21:57:17.643458,-13.55,0.0,32.0,0,0
2026-03-10 21:57:22.643458,-13.68,0.0,32.0,0,0
2026-03-10 21:57:27.643458,-13.45,0.0,32.0,0,0
2026-03-10 21:57:32.643458,-13.07,17.66,40.81,1,2
2026-03-10 21:57:37.643458,-13.41,9.39,38.04,0,1
2026-03-10 21:57:42.643458,-13.65,0.0,32.0,0,0
2026-03-10 21:57:47.643458,-13.03,0.0,32.0,0,0
2026-03-10 21:57:52.643458,-13.88,0.0,32.0,0,0
2026-03-10 21:57:57.643458,-13.31,0.0,32.0,0,0
2026-03-10 21:58:02.643458,-13.9,0.0,32.0,0,0
2026-03-10 21:58:07.643458,-13.41,0.0,32.0,0,0
2026-03-10 21:58:12.643458,-12.9,17.08,44.12,1,2
2026-03-10 21:58:17.643458,-13.37,0.0,32.0,0,0
2026-03-10 21:58:22.643458,-13.06,15.29,35.7,1,2
2026-03-10 21:58:27.643458,-13.98,0.0,32.0,0,0
2026-03-10 21:58:32.643458,-13.29,13.17,37.84,1,2
2026-03-10 21:58:37.643458,-13.8,0.0,32.0,0,0
2026-03-10 21:58:42.643458,-13.01,15.3,45.71,1,2
2026-03-10 21:58:47.643458,-13.49,11.55,31.02,0,1
2026-03-10 21:58:52.643458,-13.23,14.23,44.19,1,2
2026-03-10 21:58:57.643458,-13.64,11.83,33.52,0,1
2026-03-10 21:59:02.643458,-13.6,9.41,38.31,0,1
2026-03-10 21:59:07.643458,-13.24,13.42,36.45,1,2
2026-03-10 21:59:12.643458,-13.58,0.0,32.0,0,0
2026-03-10 21:59:17.643458,-13.6,11.76,35.97,0,1
2026-03-10 21:59:22.643458,-13.63,9.53,35.08,0,1
2026-03-10 21:59:27.643458,-13.92,0.0,32.0,0,0
2026-03-10 21:59:32.643458,-12.82,14.6,42.68,1,2
2026-03-10 21:59:37.643458,-13.34,9.56,38.27,0,1
2026-03-10 21:59:42.643458,-13.21,17.34,44.2,1,2
2026-03-10 21:59:47.643458,-13.23,14.49,43.14,1,2
2026-03-10 21:59:52.643458,-13.6,9.71,37.08,0,1
2026-03-10 21:59:57.643458,-13.48,0.0,32.0,0,0
2026-03-10 22:00:02.643458,-13.35,0.0,32.0,0,0
2026-03-10 22:00:07.643458,-13.59,0.0,32.0,0,0
2026-03-10 22:00:12.643458,-13.44,11.87,39.1,0,1
2026-03-10 22:00:17.643458,-13.15,0.0,32.0,0,0
2026-03-10 22:00:22.643458,-13.96,0.0,32.0,0,0
2026-03-10 22:00:27.643458,-13.55,0.0,32.0,0,0
2026-03-10 22:00:32.643458,-13.49,0.0,32.0,0,0
2026-03-10 22:00:37.643458,-13.69,10.25,32.39,0,1
2026-03-10 22:00:42.643458,-13.23,0.0,32.0,0,0
2026-03-10 22:00:47.643458,-13.25,17.74,53.3,1,2
2026-03-10 22:00:52.643458,-13.43,0.0,32.0,0,0
2026-03-10 22:00:57.643458,-13.03,13.35,46.37,1,2
2026-03-10 22:01:02.643458,-13.58,9.99,30.95,0,1
2026-03-10 22:01:07.643458,-13.03,17.7,36.66,1,2
2026-03-10 22:01:12.643458,-13.04,13.8,41.28,1,2
2026-03-10 22:01:17.643458,-13.5,9.46,32.42,0,1
2026-03-10 22:01:22.643458,-13.3,0.0,32.0,0,0
2026-03-10 22:01:27.643458,-13.47,11.06,37.62,0,1
2026-03-10 22:01:32.643458,-13.61,0.0,32.0,0,0
2026-03-10 22:01:37.643458,-13.63,9.2,32.84,0,1
2026-03-10 22:01:42.643458,-13.69,11.62,35.05,0,1
2026-03-10 22:01:47.643458,-13.64,11.47,37.91,0,1
2026-03-10 22:01:52.643458,-13.29,17.84,35.34,1,2
2026-03-10 22:01:57.643458,-13.22,0.0,32.0,0,0
2026-03-10 22:02:02.643458,-13.2,0.0,32.0,0,0
2026-03-10 22:02:07.643458,-12.76,14.2,40.08,1,2
2026-03-10 22:02:12.643458,-13.68,0.0,32.0,0,0
2026-03-10 22:02:17.643458,-13.65,9.55,33.26,0,1
2026-03-10 22:02:22.643458,-13.58,9.81,34.21,0,1
2026-03-10 22:02:27.643458,-13.0,14.82,53.78,1,2
2026-03-10 22:02:32.643458,-13.08,17.68,46.09,1,2
2026-03-10 22:02:37.643458,-13.35,11.06,30.31,0,1
2026-03-10 22:02:42.643458,-13.45,0.0,32.0,0,0
2026-03-10 22:02:47.643458,-12.99,16.38,53.75,1,2
2026-03-10 22:02:52.643458,-13.7,0.0,32.0,0,0
2026-03-10 22:02:57.643458,-13.26,14.02,41.97,1,2
2026-03-10 22:03:02.643458,-13.13,0.0,32.0,0,0
2026-03-10 22:03:07.643458,-13.26,15.1,48.51,1,2
2026-03-10 22:03:12.643458,-13.04,16.32,40.4,1,2
2026-03-10 22:03:17.643458,-13.01,13.11,37.17,1,2
2026-03-10 22:03:22.643458,-13.02,13.59,53.73,1,2
2026-03-10 22:03:27.643458,-13.82,0.0,32.0,0,0
2026-03-10 22:03:32.643458,-12.88,14.36,35.36,1,2
2026-03-10 22:03:37.643458,-13.4,10.04,32.19,0,1
2026-03-10 22:03:42.643458,-13.32,9.58,37.41,0,1
2026-03-10 22:03:47.643458,-13.15,0.0,32.0,0,0
2026-03-10 22:03:52.643458,-13.32,9.99,32.04,0,1
2026-03-10 22:03:57.643458,-13.53,11.1,33.64,0,1
2026-03-10 22:04:02.643458,-12.83,17.87,51.69,1,2
2026-03-10 22:04:07.643458,-13.41,11.82,39.32,0,1
2026-03-10 22:04:12.643458,-13.66,0.0,32.0,0,0
2026-03-10 22:04:17.643458,-13.32,11.92,37.08,0,1
2026-03-10 22:04:22.643458,-12.84,15.38,45.04,1,2
2026-03-10 22:04:27.643458,-13.31,10.88,30.55,0,1
2026-03-10 22:04:32.643458,-13.41,0.0,32.0,0,0
2026-03-10 22:04:37.643458,-13.14,0.0,32.0,0,0
2026-03-10 22:04:42.643458,-13.59,9.12,38.56,0,1
2026-03-10 22:04:47.643458,-13.32,9.18,33.35,0,1
2026-03-10 22:04:52.643458,-13.62,0.0,32.0,0,0
2026-03-10 22:04:57.643458,-13.37,0.0,32.0,0,0
2026-03-10 22:05:02.643458,-12.77,13.89,52.5,1,2
2026-03-10 22:05:07.643458,-13.41,0.0,32.0,0,0
2026-03-10 22:05:12.643458,-13.68,11.83,39.42,0,1
2026-03-10 22:05:17.643458,-13.98,0.0,32.0,0,0
2026-03-10 22:05:22.643458,-13.55,11.34,35.4,0,1
2026-03-10 22:05:27.643458,-12.79,17.2,36.42,1,2
2026-03-10 22:05:32.643458,-13.08,16.94,53.04,1,2
2026-03-10 22:05:37.643458,-13.03,17.25,53.76,1,2
2026-03-10 22:05:42.643458,-13.96,0.0,32.0,0,0
2026-03-10 22:05:47.643458,-13.68,11.22,32.45,0,1
2026-03-10 22:05:52.643458,-13.25,14.61,38.3,1,2
2026-03-10 22:05:57.643458,-13.65,11.82,31.02,0,1
2026-03-10 22:06:02.643458,-13.77,0.0,32.0,0,0
2026-03-10 22:06:07.643458,-13.49,0.0,32.0,0,0
2026-03-10 22:06:12.643458,-13.73,0.0,32.0,0,0
2026-03-10 22:06:17.643458,-13.12,17.34,44.53,1,2
2026-03-10 22:06:22.643458,-13.61,9.88,33.58,0,1
2026-03-10 22:06:27.643458,-12.76,17.37,42.11,1,2
2026-03-10 22:06:32.643458,-13.13,17.06,40.31,1,2
2026-03-10 22:06:37.643458,-13.61,10.27,30.42,0,1
2026-03-10 22:06:42.643458,-13.54,11.63,37.87,0,1
2026-03-10 22:06:47.643458,-13.33,10.15,31.93,0,1
2026-03-10 22:06:52.643458,-13.06,14.69,47.56,1,2
2026-03-10 22:06:57.643458,-13.43,10.13,30.35,0,1
2026-03-10 22:07:02.643458,-13.81,0.0,32.0,0,0
2026-03-10 22:07:07.643458,-13.48,9.37,32.2,0,1
2026-03-10 22:07:12.643458,-13.69,9.59,39.42,0,1
2026-03-10 22:07:17.643458,-13.68,10.55,36.82,0,1
2026-03-10 22:07:22.643458,-13.31,11.58,32.88,0,1
2026-03-10 22:07:27.643458,-13.06,13.51,42.82,1,2
2026-03-10 22:07:32.643458,-13.87,0.0,32.0,0,0
2026-03-10 22:07:37.643458,-13.31,10.41,35.66,0,1
2026-03-10 22:07:42.643458,-13.96,0.0,32.0,0,0
2026-03-10 22:07:47.643458,-13.57,10.89,38.07,0,1
2026-03-10 22:07:52.643458,-13.09,13.59,44.08,1,2
2026-03-10 22:07:57.643458,-13.57,9.46,38.73,0,1
2026-03-10 22:08:02.643458,-13.05,0.0,32.0,0,0
2026-03-10 22:08:07.643458,-13.13,0.0,32.0,0,0
2026-03-10 22:08:12.643458,-13.58,9.13,38.96,0,1
2026-03-10 22:08:17.643458,-13.01,0.0,32.0,0,0
2026-03-10 22:08:22.643458,-12.73,15.4,40.86,1,2
2026-03-10 22:08:27.643458,-13.16,14.57,45.11,1,2
2026-03-10 22:08:32.643458,-13.39,11.86,39.52,0,1
2026-03-10 22:08:37.643458,-13.41,11.66,34.19,0,1
2026-03-10 22:08:42.643458,-13.67,11.4,34.37,0,1
2026-03-10 22:08:47.643458,-13.07,15.17,45.7,1,2
2026-03-10 22:08:52.643458,-13.37,11.16,34.77,0,1
2026-03-10 22:08:57.643458,-13.65,11.41,32.64,0,1
2026-03-10 22:09:02.643458,-13.33,10.46,35.76,0,1
2026-03-10 22:09:07.643458,-12.73,17.79,43.05,1,2
2026-03-10 22:09:12.643458,-13.29,17.15,50.12,1,2
2026-03-10 22:09:17.643458,-13.11,14.15,52.38,1,2
2026-03-10 22:09:22.643458,-13.44,0.0,32.0,0,0
2026-03-10 22:09:27.643458,-13.06,15.32,35.39,1,2
2026-03-10 22:09:32.643458,-13.52,11.71,35.68,0,1
2026-03-10 22:09:37.643458,-12.89,13.93,44.36,1,2
2026-03-10 22:09:42.643458,-13.61,11.87,35.43,0,1
2026-03-10 22:09:47.643458,-13.14,16.17,39.28,1,2
2026-03-10 22:09:52.643458,-12.9,14.55,47.53,1,2
2026-03-10 22:09:57.643458,-13.37,9.08,35.22,0,1
2026-03-10 22:10:02.643458,-13.13,0.0,32.0,0,0
2026-03-10 22:10:07.643458,-13.43,11.05,34.63,0,1
2026-03-10 22:10:12.643458,-12.99,13.87,41.17,1,2
2026-03-10 22:10:17.643458,-13.57,9.08,32.89,0,1
2026-03-10 22:10:22.643458,-13.2,17.4,37.76,1,2
2026-03-10 22:10:27.643458,-13.68,0.0,32.0,0,0
2026-03-10 22:10:32.643458,-13.6,0.0,32.0,0,0
2026-03-10 22:10:37.643458,-13.32,11.5,32.59,0,1
2026-03-10 22:10:42.643458,-13.0,14.5,40.49,1,2
2026-03-10 22:10:47.643458,-13.68,10.63,38.52,0,1
2026-03-10 22:10:52.643458,-13.97,0.0,32.0,0,0
2026-03-10 22:10:57.643458,-12.99,17.93,43.1,1,2
2026-03-10 22:11:02.643458,-13.37,0.0,32.0,0,0
2026-03-10 22:11:07.643458,-12.73,13.43,44.74,1,2
2026-03-10 22:11:12.643458,-13.55,11.77,37.49,0,1
2026-03-10 22:11:17.643458,-13.65,0.0,32.0,0,0
2026-03-10 22:11:22.643458,-13.18,0.0,32.0,0,0
2026-03-10 22:11:27.643458,-13.18,0.0,32.0,0,0
2026-03-10 22:11:32.643458,-13.28,17.56,36.6,1,2
2026-03-10 22:11:37.643458,-13.79,0.0,32.0,0,0
2026-03-10 22:11:42.643458,-13.15,16.08,51.77,1,2
2026-03-10 22:11:47.643458,-12.74,15.54,42.2,1,2
2026-03-10 22:11:52.643458,-13.36,0.0,32.0,0,0
2026-03-10 22:11:57.643458,-13.37,0.0,32.0,0,0
2026-03-10 22:12:02.643458,-13.44,9.72,31.74,0,1
2026-03-10 22:12:07.643458,-13.67,9.52,39.66,0,1
2026-03-10 22:12:12.643458,-13.08,14.35,46.36,1,2
2026-03-10 22:12:17.643458,-13.49,0.0,32.0,0,0
2026-03-10 22:12:22.643458,-13.52,11.3,36.92,0,1
2026-03-10 22:12:27.643458,-13.55,11.42,31.27,0,1
2026-03-10 22:12:32.643458,-13.43,9.12,34.28,0,1
2026-03-10 22:12:37.643458,-12.76,16.28,35.16,1,2
2026-03-10 22:12:42.643458,-13.98,0.0,32.0,0,0
2026-03-10 22:12:47.643458,-13.38,0.0,32.0,0,0
2026-03-10 22:12:52.643458,-13.27,15.36,47.69,1,2
2026-03-10 22:12:57.643458,-13.43,0.0,32.0,0,0
2026-03-10 22:13:02.643458,-13.67,0.0,32.0,0,0
2026-03-10 22:13:07.643458,-13.54,11.75,32.46,0,1
2026-03-10 22:13:12.643458,-13.7,0.0,32.0,0,0
2026-03-10 22:13:17.643458,-13.34,9.12,39.75,0,1
2026-03-10 22:13:22.643458,-13.03,14.31,45.47,1,2
2026-03-10 22:13:27.643458,-13.0,13.86,39.76,1,2
2026-03-10 22:13:32.643458,-12.71,16.8,49.88,1,2
2026-03-10 22:13:37.643458,-13.47,10.27,33.07,0,1
2026-03-10 22:13:42.643458,-13.7,10.17,35.31,0,1
2026-03-10 22:13:47.643458,-13.62,10.15,37.68,0,1
2026-03-10 22:13:52.643458,-13.29,0.0,32.0,0,0
2026-03-10 22:13:57.643458,-13.32,11.57,36.73,0,1
2026-03-10 22:14:02.643458,-12.7,13.56,40.12,1,2
2026-03-10 22:14:07.643458,-13.24,0.0,32.0,0,0
2026-03-10 22:14:12.643458,-12.73,17.1,46.62,1,2
2026-03-10 22:14:17.643458,-12.76,17.16,53.59,1,2
2026-03-10 22:14:22.643458,-13.49,0.0,32.0,0,0
2026-03-10 22:14:27.643458,-13.11,0.0,32.0,0,0
2026-03-10 22:14:32.643458,-12.85,17.13,41.44,1,2
2026-03-10 22:14:37.643458,-13.28,15.16,51.39,1,2
2026-03-10 22:14:42.643458,-12.88,16.5,38.04,1,2
2026-03-10 22:14:47.643458,-13.59,11.79,38.36,0,1
2026-03-10 22:14:52.643458,-13.66,10.13,35.94,0,1
2026-03-10 22:14:57.643458,-13.21,15.37,53.15,1,2
2026-03-10 22:15:02.643458,-13.81,0.0,32.0,0,0
2026-03-10 22:15:07.643458,-13.24,0.0,32.0,0,0
2026-03-10 22:15:12.643458,-12.96,15.69,54.43,1,2
2026-03-10 22:15:17.643458,-12.76,16.49,43.97,1,2
2026-03-10 22:15:22.643458,-12.71,16.85,43.34,1,2
2026-03-10 22:15:27.643458,-12.85,14.18,46.1,1,2
2026-03-10 22:15:32.643458,-13.42,11.66,35.5,0,1
2026-03-10 22:15:37.643458,-13.84,0.0,32.0,0,0
2026-03-10 22:15:42.643458,-13.52,10.94,38.85,0,1
2026-03-10 22:15:47.643458,-13.07,15.68,54.9,1,2
2026-03-10 22:15:52.643458,-13.69,9.52,39.41,0,1
2026-03-10 22:15:57.643458,-13.22,16.88,49.1,1,2
2026-03-10 22:16:02.643458,-13.29,17.07,49.0,1,2
2026-03-10 22:16:07.643458,-13.23,0.0,32.0,0,0
2026-03-10 22:16:12.643458,-13.4,11.09,39.32,0,1
2026-03-10 22:16:17.643458,-13.11,14.45,48.35,1,2
2026-03-10 22:16:22.643458,-13.68,11.81,30.71,0,1
2026-03-10 22:16:27.643458,-13.52,0.0,32.0,0,0
2026-03-10 22:16:32.643458,-12.85,15.47,53.47,1,2
2026-03-10 22:16:37.643458,-13.64,9.2,33.78,0,1
2026-03-10 22:16:42.643458,-13.02,17.54,48.98,1,2
2026-03-10 22:16:47.643458,-13.63,9.87,34.67,0,1
2026-03-10 22:16:52.643458,-13.48,10.92,34.76,0,1
2026-03-10 22:16:57.643458,-13.39,0.0,32.0,0,0
2026-03-10 22:17:02.643458,-13.46,11.07,39.13,0,1
2026-03-10 22:17:07.643458,-13.62,9.76,31.02,0,1
2026-03-10 22:17:12.643458,-13.58,10.83,35.11,0,1
2026-03-10 22:17:17.643458,-13.63,9.62,38.26,0,1
2026-03-10 22:17:22.643458,-13.45,10.95,37.44,0,1
2026-03-10 22:17:27.643458,-13.46,9.5,32.97,0,1
2026-03-10 22:17:32.643458,-13.33,0.0,32.0,0,0
2026-03-10 22:17:37.643458,-12.75,16.29,38.0,1,2
2026-03-10 22:17:42.643458,-13.52,0.0,32.0,0,0
2026-03-10 22:17:47.643458,-13.65,0.0,32.0,0,0
2026-03-10 22:17:52.643458,-12.84,14.2,37.84,1,2
2026-03-10 22:17:57.643458,-13.54,11.18,30.1,0,1
2026-03-10 22:18:02.643458,-13.05,0.0,32.0,0,0
2026-03-10 22:18:07.643458,-13.08,17.15,43.6,1,2
2026-03-10 22:18:12.643458,-12.91,16.1,52.45,1,2
2026-03-10 22:18:17.643458,-13.21,15.15,37.21,1,2
2026-03-10 22:18:22.643458,-13.37,9.69,37.46,0,1
2026-03-10 22:18:27.643458,-13.95,0.0,32.0,0,0
2026-03-10 22:18:32.643458,-12.86,16.6,42.62,1,2
2026-03-10 22:18:37.643458,-13.33,10.89,37.98,0,1
2026-03-10 22:18:42.643458,-12.93,16.64,40.0,1,2
2026-03-10 22:18:47.643458,-13.51,9.35,31.13,0,1
2026-03-10 22:18:52.643458,-13.81,0.0,32.0,0,0
2026-03-10 22:18:57.643458,-13.37,10.19,35.75,0,1
2026-03-10 22:19:02.643458,-13.15,0.0,32.0,0,0
2026-03-10 22:19:07.643458,-13.25,16.11,46.55,1,2
2026-03-10 22:19:12.643458,-13.71,0.0,32.0,0,0
2026-03-10 22:19:17.643458,-13.47,0.0,32.0,0,0
2026-03-10 22:19:22.643458,-13.06,14.03,38.23,1,2
2026-03-10 22:19:27.643458,-13.59,11.16,38.83,0,1
2026-03-10 22:19:32.643458,-13.04,13.74,39.85,1,2
2026-03-10 22:19:37.643458,-13.36,0.0,32.0,0,0
2026-03-10 22:19:42.643458,-13.69,0.0,32.0,0,0
2026-03-10 22:19:47.643458,-13.01,15.99,39.74,1,2
2026-03-10 22:19:52.643458,-13.17,13.92,49.48,1,2
2026-03-10 22:19:57.643458,-13.13,16.64,35.51,1,2
2026-03-10 22:20:02.643458,-13.21,17.69,36.64,1,2
2026-03-10 22:20:07.643458,-13.17,13.65,44.94,1,2
2026-03-10 22:20:12.643458,-13.47,0.0,32.0,0,0
2026-03-10 22:20:17.643458,-13.16,0.0,32.0,0,0
2026-03-10 22:20:22.643458,-13.49,11.77,34.58,0,1
2026-03-10 22:20:27.643458,-12.95,17.64,36.76,1,2
2026-03-10 22:20:32.643458,-13.32,0.0,32.0,0,0
2026-03-10 22:20:37.643458,-12.88,16.76,54.86,1,2
2026-03-10 22:20:42.643458,-13.96,0.0,32.0,0,0
2026-03-10 22:20:47.643458,-12.81,17.18,49.81,1,2
2026-03-10 22:20:52.643458,-13.15,13.48,38.18,1,2
2026-03-10 22:20:57.643458,-12.78,16.81,35.12,1,2
2026-03-10 22:21:02.643458,-12.93,17.34,52.2,1,2
2026-03-10 22:21:07.643458,-13.88,0.0,32.0,0,0
2026-03-10 22:21:12.643458,-13.52,10.17,39.21,0,1
2026-03-10 22:21:17.643458,-12.98,17.57,37.03,1,2
2026-03-10 22:21:22.643458,-13.69,0.0,32.0,0,0
2026-03-10 22:21:27.643458,-13.25,15.23,35.46,1,2
2026-03-10 22:21:32.643458,-13.15,15.28,49.64,1,2
2026-03-10 22:21:37.643458,-12.95,14.03,53.91,1,2
2026-03-10 22:21:42.643458,-12.88,13.58,47.04,1,2
2026-03-10 22:21:47.643458,-13.4,0.0,32.0,0,0
2026-03-10 22:21:52.643458,-13.2,17.9,37.62,1,2
2026-03-10 22:21:57.643458,-12.83,16.97,39.02,1,2
2026-03-10 22:22:02.643458,-13.29,0.0,32.0,0,0
2026-03-10 22:22:07.643458,-13.54,10.46,32.54,0,1
2026-03-10 22:22:12.643458,-13.59,11.49,35.44,0,1
2026-03-10 22:22:17.643458,-13.19,14.29,40.35,1,2
2026-03-10 22:22:22.643458,-12.77,17.12,53.45,1,2
2026-03-10 22:22:27.643458,-13.34,0.0,32.0,0,0
2026-03-10 22:22:32.643458,-13.46,0.0,32.0,0,0
2026-03-10 22:22:37.643458,-12.95,13.38,51.55,1,2
2026-03-10 22:22:42.643458,-13.66,9.75,36.05,0,1
2026-03-10 22:22:47.643458,-13.16,0.0,32.0,0,0
2026-03-10 22:22:52.643458,-13.24,15.41,35.17,1,2
2026-03-10 22:22:57.643458,-13.38,9.63,30.13,0,1
2026-03-10 22:23:02.643458,-13.26,0.0,32.0,0,0
2026-03-10 22:23:07.643458,-13.25,16.32,42.42,1,2
2026-03-10 22:23:12.643458,-13.58,11.72,39.78,0,1
2026-03-10 22:23:17.643458,-12.9,16.58,38.82,1,2
2026-03-10 22:23:22.643458,-12.72,13.81,39.11,1,2
2026-03-10 22:23:27.643458,-13.66,0.0,32.0,0,0
2026-03-10 22:23:32.643458,-12.97,17.18,35.16,1,2
2026-03-10 22:23:37.643458,-13.81,0.0,32.0,0,0
2026-03-10 22:23:42.643458,-13.49,11.88,34.54,0,1
2026-03-10 22:23:47.643458,-13.46,9.93,35.93,0,1
2026-03-10 22:23:52.643458,-13.57,10.82,31.67,0,1
2026-03-10 22:23:57.643458,-12.76,16.91,48.89,1,2
2026-03-10 22:24:02.643458,-13.1,0.0,32.0,0,0
2026-03-10 22:24:07.643458,-13.57,9.47,34.06,0,1
2026-03-10 22:24:12.643458,-13.84,0.0,32.0,0,0
2026-03-10 22:24:17.643458,-13.18,16.88,37.33,1,2
2026-03-10 22:24:22.643458,-13.09,0.0,32.0,0,0
2026-03-10 22:24:27.643458,-13.8,0.0,32.0,0,0
2026-03-10 22:24:32.643458,-13.06,17.08,35.62,1,2
2026-03-10 22:24:37.643458,-13.78,0.0,32.0,0,0
2026-03-10 22:24:42.643458,-13.29,13.21,42.27,1,2
2026-03-10 22:24:47.643458,-13.65,11.42,37.37,0,1
2026-03-10 22:24:52.643458,-13.19,17.53,39.64,1,2
2026-03-10 22:24:57.643458,-12.95,17.25,50.93,1,2
2026-03-10 22:25:02.643458,-13.38,11.79,31.58,0,1
2026-03-10 22:25:07.643458,-13.54,9.48,38.78,0,1
2026-03-10 22:25:12.643458,-13.54,0.0,32.0,0,0
2026-03-10 22:25:17.643458,-13.43,10.46,32.06,0,1
2026-03-10 22:25:22.643458,-13.19,17.22,39.52,1,2
2026-03-10 22:25:27.643458,-13.06,13.66,50.24,1,2
2026-03-10 22:25:32.643458,-13.69,11.0,36.43,0,1
2026-03-10 22:25:37.643458,-13.34,0.0,32.0,0,0
2026-03-10 22:25:42.643458,-13.11,13.03,53.42,1,2
2026-03-10 22:25:47.643458,-13.06,15.17,36.91,1,2
2026-03-10 22:25:52.643458,-13.44,9.32,38.61,0,1
2026-03-10 22:25:57.643458,-13.41,10.73,36.71,0,1
2026-03-10 22:26:02.643458,-13.23,13.55,43.51,1,2
2026-03-10 22:26:07.643458,-13.18,13.92,44.05,1,2
2026-03-10 22:26:12.643458,-13.34,9.1,31.24,0,1
2026-03-10 22:26:17.643458,-13.46,0.0,32.0,0,0
2026-03-10 22:26:22.643458,-13.41,11.37,38.49,0,1
2026-03-10 22:26:27.643458,-13.02,15.89,49.02,1,2
2026-03-10 22:26:32.643458,-13.36,0.0,32.0,0,0
2026-03-10 22:26:37.643458,-13.08,0.0,32.0,0,0
2026-03-10 22:26:42.643458,-13.49,9.22,30.41,0,1
2026-03-10 22:26:47.643458,-13.99,0.0,32.0,0,0
2026-03-10 22:26:52.643458,-13.02,0.0,32.0,0,0
2026-03-10 22:26:57.643458,-12.81,15.05,38.65,1,2
2026-03-10 22:27:02.643458,-12.98,14.88,37.19,1,2
2026-03-10 22:27:07.643458,-13.2,14.58,54.41,1,2
2026-03-10 22:27:12.643458,-13.29,15.53,49.63,1,2
2026-03-10 22:27:17.643458,-13.5,11.78,30.76,0,1
2026-03-10 22:27:22.643458,-13.47,9.36,31.18,0,1
2026-03-10 22:27:27.643458,-12.96,14.58,36.15,1,2
2026-03-10 22:27:32.643458,-13.26,17.06,45.5,1,2
2026-03-10 22:27:37.643458,-13.71,0.0,32.0,0,0
2026-03-10 22:27:42.643458,-13.59,10.63,38.59,0,1
2026-03-10 22:27:47.643458,-13.08,0.0,32.0,0,0
2026-03-10 22:27:52.643458,-13.64,10.94,36.38,0,1
2026-03-10 22:27:57.643458,-13.37,10.4,33.55,0,1
2026-03-10 22:28:02.643458,-13.68,9.43,40.0,0,1
2026-03-10 22:28:07.643458,-13.48,11.71,31.66,0,1
2026-03-10 22:28:12.643458,-13.75,0.0,32.0,0,0
2026-03-10 22:28:17.643458,-13.9,0.0,32.0,0,0
2026-03-10 22:28:22.643458,-13.09,0.0,32.0,0,0
2026-03-10 22:28:27.643458,-13.39,10.67,33.92,0,1
2026-03-10 22:28:32.643458,-13.07,0.0,32.0,0,0
2026-03-10 22:28:37.643458,-13.01,15.4,44.05,1,2
2026-03-10 22:28:42.643458,-13.29,0.0,32.0,0,0
2026-03-10 22:28:47.643458,-13.08,0.0,32.0,0,0
2026-03-10 22:28:52.643458,-13.12,16.3,47.96,1,2
2026-03-10 22:28:57.643458,-13.69,10.32,33.07,0,1
2026-03-10 22:29:02.643458,-13.34,0.0,32.0,0,0
2026-03-10 22:29:07.643458,-13.33,9.22,37.98,0,1
2026-03-10 22:29:12.643458,-13.2,0.0,32.0,0,0
2026-03-10 22:29:17.643458,-12.83,17.24,41.99,1,2
2026-03-10 22:29:22.643458,-13.21,17.66,53.2,1,2
2026-03-10 22:29:27.643458,-13.18,0.0,32.0,0,0
2026-03-10 22:29:32.643458,-13.06,0.0,32.0,0,0
2026-03-10 22:29:37.643458,-13.1,0.0,32.0,0,0
2026-03-10 22:29:42.643458,-13.74,0.0,32.0,0,0
2026-03-10 22:29:47.643458,-12.94,16.18,47.1,1,2
2026-03-10 22:29:52.643458,-12.94,15.82,48.71,1,2
2026-03-10 22:29:57.643458,-12.87,15.53,43.62,1,2
2026-03-10 22:30:02.643458,-13.56,0.0,32.0,0,0
2026-03-10 22:30:07.643458,-12.92,15.21,49.64,1,2
2026-03-10 22:30:12.643458,-13.41,10.07,33.19,0,1
2026-03-10 22:30:17.643458,-13.15,13.57,49.87,1,2
2026-03-10 22:30:22.643458,-13.29,0.0,32.0,0,0
2026-03-10 22:30:27.643458,-13.01,17.53,48.81,1,2
2026-03-10 22:30:32.643458,-13.13,16.26,38.0,1,2
2026-03-10 22:30:37.643458,-13.59,0.0,32.0,0,0
2026-03-10 22:30:42.643458,-13.58,0.0,32.0,0,0
2026-03-10 22:30:47.643458,-13.92,0.0,32.0,0,0
2026-03-10 22:30:52.643458,-12.72,16.71,37.56,1,2
2026-03-10 22:30:57.643458,-13.08,17.67,37.07,1,2
2026-03-10 22:31:02.643458,-12.96,14.1,37.43,1,2
2026-03-10 22:31:07.643458,-13.97,0.0,32.0,0,0
2026-03-10 22:31:12.643458,-13.39,0.0,32.0,0,0
2026-03-10 22:31:17.643458,-13.59,11.33,30.08,0,1
2026-03-10 22:31:22.643458,-13.09,16.33,35.04,1,2
2026-03-10 22:31:27.643458,-13.69,0.0,32.0,0,0
2026-03-10 22:31:32.643458,-13.04,0.0,32.0,0,0
2026-03-10 22:31:37.643458,-13.61,11.19,35.07,0,1
2026-03-10 22:31:42.643458,-13.36,0.0,32.0,0,0
2026-03-10 22:31:47.643458,-13.39,0.0,32.0,0,0
2026-03-10 22:31:52.643458,-13.02,0.0,32.0,0,0
2026-03-10 22:31:57.643458,-13.09,15.96,42.32,1,2
2026-03-10 22:32:02.643458,-13.32,0.0,32.0,0,0
2026-03-10 22:32:07.643458,-13.04,0.0,32.0,0,0
2026-03-10 22:32:12.643458,-13.03,17.43,42.68,1,2
2026-03-10 22:32:17.643458,-13.52,9.73,30.09,0,1
2026-03-10 22:32:22.643458,-12.87,17.68,45.87,1,2
2026-03-10 22:32:27.643458,-13.35,10.91,35.18,0,1
2026-03-10 22:32:32.643458,-13.29,16.57,54.44,1,2
2026-03-10 22:32:37.643458,-13.37,11.37,34.42,0,1
2026-03-10 22:32:42.643458,-12.91,13.39,46.32,1,2
2026-03-10 22:32:47.643458,-12.96,13.24,49.39,1,2
2026-03-10 22:32:52.643458,-13.33,11.63,30.79,0,1
2026-03-10 22:32:57.643458,-12.96,14.7,39.48,1,2
2026-03-10 22:33:02.643458,-13.16,14.52,46.07,1,2
2026-03-10 22:33:07.643458,-13.43,10.43,39.04,0,1
2026-03-10 22:33:12.643458,-13.37,10.0,39.33,0,1
2026-03-10 22:33:17.643458,-13.45,0.0,32.0,0,0
2026-03-10 22:33:22.643458,-13.19,16.84,53.85,1,2
2026-03-10 22:33:27.643458,-13.6,10.11,32.98,0,1
2026-03-10 22:33:32.643458,-12.75,14.95,49.66,1,2
2026-03-10 22:33:37.643458,-13.5,10.21,34.0,0,1
2026-03-10 22:33:42.643458,-13.13,0.0,32.0,0,0
2026-03-10 22:33:47.643458,-13.33,0.0,32.0,0,0
2026-03-10 22:33:52.643458,-13.52,0.0,32.0,0,0
2026-03-10 22:33:57.643458,-13.67,0.0,32.0,0,0
2026-03-10 22:34:02.643458,-13.66,10.47,37.95,0,1
2026-03-10 22:34:07.643458,-13.23,0.0,32.0,0,0
2026-03-10 22:34:12.643458,-12.88,17.41,51.14,1,2
2026-03-10 22:34:17.643458,-13.75,0.0,32.0,0,0
2026-03-10 22:34:22.643458,-13.19,14.93,50.13,1,2
2026-03-10 22:34:27.643458,-13.2,0.0,32.0,0,0
2026-03-10 22:34:32.643458,-13.55,11.71,34.21,0,1
2026-03-10 22:34:37.643458,-12.83,14.69,36.15,1,2
2026-03-10 22:34:42.643458,-13.42,10.32,36.85,0,1
2026-03-10 22:34:47.643458,-13.62,11.1,39.32,0,1
2026-03-10 22:34:52.643458,-13.4,9.66,32.43,0,1
2026-03-10 22:34:57.643458,-12.8,13.72,46.97,1,2
2026-03-10 22:35:02.643458,-13.31,11.47,38.18,0,1
2026-03-10 22:35:07.643458,-13.69,0.0,32.0,0,0
2026-03-10 22:35:12.643458,-13.81,0.0,32.0,0,0
2026-03-10 22:35:17.643458,-13.55,0.0,32.0,0,0
2026-03-10 22:35:22.643458,-13.05,0.0,32.0,0,0
2026-03-10 22:35:27.643458,-12.95,16.63,52.02,1,2
2026-03-10 22:35:32.643458,-13.46,9.33,30.15,0,1
2026-03-10 22:35:37.643458,-13.14,0.0,32.0,0,0
2026-03-10 22:35:42.643458,-13.16,15.29,40.33,1,2
2026-03-10 22:35:47.643458,-13.34,0.0,32.0,0,0
2026-03-10 22:35:52.643458,-13.93,0.0,32.0,0,0
2026-03-10 22:35:57.643458,-13.62,11.6,33.53,0,1
2026-03-10 22:36:02.643458,-13.23,14.6,47.3,1,2
2026-03-10 22:36:07.643458,-13.44,9.81,39.65,0,1
2026-03-10 22:36:12.643458,-13.84,0.0,32.0,0,0
2026-03-10 22:36:17.643458,-13.63,10.54,38.24,0,1
2026-03-10 22:36:22.643458,-13.39,0.0,32.0,0,0
2026-03-10 22:36:27.643458,-13.27,13.57,53.66,1,2
2026-03-10 22:36:32.643458,-13.1,17.53,37.56,1,2
2026-03-10 22:36:37.643458,-13.67,11.28,35.94,0,1
2026-03-10 22:36:42.643458,-12.81,15.6,36.39,1,2
2026-03-10 22:36:47.643458,-13.28,17.56,51.16,1,2
2026-03-10 22:36:52.643458,-13.3,14.68,38.99,1,2
2026-03-10 22:36:57.643458,-12.85,17.33,44.31,1,2
2026-03-10 22:37:02.643458,-13.48,11.23,39.71,0,1
2026-03-10 22:37:07.643458,-13.55,0.0,32.0,0,0
2026-03-10 22:37:12.643458,-13.07,16.06,37.68,1,2
2026-03-10 22:37:17.643458,-12.76,13.74,51.37,1,2
2026-03-10 22:37:22.643458,-12.87,17.29,37.6,1,2
2026-03-10 22:37:27.643458,-13.9,0.0,32.0,0,0
2026-03-10 22:37:32.643458,-12.76,14.1,43.23,1,2
2026-03-10 22:37:37.643458,-13.5,10.16,31.89,0,1
2026-03-10 22:37:42.643458,-13.4,10.48,37.45,0,1
2026-03-10 22:37:47.643458,-13.46,11.18,30.17,0,1
2026-03-10 22:37:52.643458,-12.77,17.04,36.12,1,2
2026-03-10 22:37:57.643458,-12.88,16.27,38.22,1,2
2026-03-10 22:38:02.643458,-13.22,0.0,32.0,0,0
2026-03-10 22:38:07.643458,-13.31,10.23,38.33,0,1
2026-03-10 22:38:12.643458,-13.92,0.0,32.0,0,0
2026-03-10 22:38:17.643458,-13.47,9.32,30.57,0,1
2026-03-10 22:38:22.643458,-13.01,13.05,40.42,1,2
2026-03-10 22:38:27.643458,-13.63,11.2,37.26,0,1
2026-03-10 22:38:32.643458,-12.91,13.9,48.14,1,2
2026-03-10 22:38:37.643458,-13.12,16.13,37.81,1,2
2026-03-10 22:38:42.643458,-13.46,0.0,32.0,0,0
2026-03-10 22:38:47.643458,-13.62,11.88,34.86,0,1
2026-03-10 22:38:52.643458,-13.61,10.6,33.86,0,1
2026-03-10 22:38:57.643458,-13.33,10.84,37.35,0,1
2026-03-10 22:39:02.643458,-13.81,0.0,32.0,0,0
2026-03-10 22:39:07.643458,-13.12,17.85,45.94,1,2
2026-03-10 22:39:12.643458,-13.93,0.0,32.0,0,0
2026-03-10 22:39:17.643458,-13.04,14.9,45.5,1,2
2026-03-10 22:39:22.643458,-13.83,0.0,32.0,0,0
2026-03-10 22:39:27.643458,-13.04,16.26,43.52,1,2
2026-03-10 22:39:32.643458,-12.73,14.8,44.42,1,2
2026-03-10 22:39:37.643458,-12.86,15.93,41.95,1,2
2026-03-10 22:39:42.643458,-13.66,9.34,39.22,0,1
2026-03-10 22:39:47.643458,-13.05,15.66,36.25,1,2
2026-03-10 22:39:52.643458,-13.44,0.0,32.0,0,0
2026-03-10 22:39:57.643458,-13.12,15.79,41.7,1,2
2026-03-10 22:40:02.643458,-13.64,0.0,32.0,0,0
2026-03-10 22:40:07.643458,-13.78,0.0,32.0,0,0
2026-03-10 22:40:12.643458,-12.71,17.91,36.77,1,2
2026-03-10 22:40:17.643458,-13.99,0.0,32.0,0,0
2026-03-10 22:40:22.643458,-13.58,9.58,39.39,0,1
2026-03-10 22:40:27.643458,-13.44,0.0,32.0,0,0
2026-03-10 22:40:32.643458,-13.44,10.57,37.53,0,1
2026-03-10 22:40:37.643458,-13.43,10.31,32.87,0,1
2026-03-10 22:40:42.643458,-13.46,9.43,39.52,0,1
2026-03-10 22:40:47.643458,-13.06,13.31,48.6,1,2
2026-03-10 22:40:52.643458,-13.37,11.62,38.61,0,1
2026-03-10 22:40:57.643458,-13.13,14.79,37.29,1,2
2026-03-10 22:41:02.643458,-13.26,13.65,45.5,1,2
2026-03-10 22:41:07.643458,-13.94,0.0,32.0,0,0
2026-03-10 22:41:12.643458,-13.06,14.77,51.06,1,2
2026-03-10 22:41:17.643458,-13.56,9.88,36.82,0,1
2026-03-10 22:41:22.643458,-13.85,0.0,32.0,0,0
2026-03-10 22:41:27.643458,-13.31,9.22,39.74,0,1
2026-03-10 22:41:32.643458,-13.94,0.0,32.0,0,0
2026-03-10 22:41:37.643458,-13.2,14.77,49.87,1,2
2026-03-10 22:41:42.643458,-13.17,13.07,39.84,1,2
2026-03-10 22:41:47.643458,-13.14,14.54,38.32,1,2
2026-03-10 22:41:52.643458,-13.35,0.0,32.0,0,0
2026-03-10 22:41:57.643458,-12.78,17.33,54.76,1,2
2026-03-10 22:42:02.643458,-12.9,17.84,49.52,1,2
2026-03-10 22:42:07.643458,-13.44,11.35,34.81,0,1
2026-03-10 22:42:12.643458,-13.49,11.45,37.54,0,1
2026-03-10 22:42:17.643458,-13.27,16.53,37.34,1,2
2026-03-10 22:42:22.643458,-12.9,17.46,50.4,1,2
2026-03-10 22:42:27.643458,-13.5,11.58,35.8,0,1
2026-03-10 22:42:32.643458,-13.22,15.53,50.46,1,2
2026-03-10 22:42:37.643458,-13.25,0.0,32.0,0,0
2026-03-10 22:42:42.643458,-13.55,11.54,37.72,0,1
2026-03-10 22:42:47.643458,-13.06,0.0,32.0,0,0
2026-03-10 22:42:52.643458,-13.42,10.1,37.96,0,1
2026-03-10 22:42:57.643458,-13.5,11.41,37.98,0,1
2026-03-10 22:43:02.643458,-12.77,17.8,54.43,1,2
2026-03-10 22:43:07.643458,-13.19,15.54,37.78,1,2
2026-03-10 22:43:12.643458,-13.07,14.05,50.48,1,2
2026-03-10 22:43:17.643458,-13.1,14.92,44.68,1,2
2026-03-10 22:43:22.643458,-12.7,15.42,45.74,1,2
2026-03-10 22:43:27.643458,-13.88,0.0,32.0,0,0
2026-03-10 22:43:32.643458,-13.53,10.05,39.81,0,1
2026-03-10 22:43:37.643458,-12.73,16.1,53.39,1,2
2026-03-10 22:43:42.643458,-13.43,0.0,32.0,0,0
2026-03-10 22:43:47.643458,-12.74,16.65,37.28,1,2
2026-03-10 22:43:52.643458,-13.36,10.15,39.56,0,1
2026-03-10 22:43:57.643458,-12.87,14.03,37.62,1,2
2026-03-10 22:44:02.643458,-12.95,14.83,52.78,1,2
2026-03-10 22:44:07.643458,-13.45,11.71,32.57,0,1
2026-03-10 22:44:12.643458,-13.07,14.11,54.39,1,2
2026-03-10 22:44:17.643458,-13.65,0.0,32.0,0,0
2026-03-10 22:44:22.643458,-13.59,0.0,32.0,0,0
2026-03-10 22:44:27.643458,-13.68,0.0,32.0,0,0
2026-03-10 22:44:32.643458,-12.85,14.45,41.77,1,2
2026-03-10 22:44:37.643458,-13.22,0.0,32.0,0,0
2026-03-10 22:44:42.643458,-13.42,9.59,32.97,0,1
2026-03-10 22:44:47.643458,-13.15,13.54,39.71,1,2
2026-03-10 22:44:52.643458,-13.32,9.91,34.47,0,1
2026-03-10 22:44:57.643458,-13.26,0.0,32.0,0,0
2026-03-10 22:45:02.643458,-12.89,16.27,42.08,1,2
2026-03-10 22:45:07.643458,-13.59,11.92,31.53,0,1
2026-03-10 22:45:12.643458,-12.93,13.56,46.18,1,2
2026-03-10 22:45:17.643458,-13.31,11.86,31.67,0,1
2026-03-10 22:45:22.643458,-13.4,9.12,36.32,0,1
2026-03-10 22:45:27.643458,-13.67,9.55,37.62,0,1
2026-03-10 22:45:32.643458,-13.69,10.96,37.9,0,1
2026-03-10 22:45:37.643458,-12.98,17.68,37.18,1,2
2026-03-10 22:45:42.643458,-13.14,16.68,49.53,1,2
2026-03-10 22:45:47.643458,-13.33,9.95,37.12,0,1
2026-03-10 22:45:52.643458,-13.42,10.62,31.17,0,1
2026-03-10 22:45:57.643458,-13.46,0.0,32.0,0,0
2026-03-10 22:46:02.643458,-13.05,15.09,48.05,1,2
2026-03-10 22:46:07.643458,-13.46,10.78,39.28,0,1
2026-03-10 22:46:12.643458,-13.2,13.29,52.05,1,2
2026-03-10 22:46:17.643458,-12.78,14.05,42.24,1,2
2026-03-10 22:46:22.643458,-13.68,10.93,35.94,0,1
2026-03-10 22:46:27.643458,-13.66,9.48,37.35,0,1
2026-03-10 22:46:32.643458,-13.15,16.08,36.44,1,2
2026-03-10 22:46:37.643458,-13.54,9.26,37.15,0,1
2026-03-10 22:46:42.643458,-13.45,11.43,35.2,0,1
2026-03-10 22:46:47.643458,-13.25,0.0,32.0,0,0
2026-03-10 22:46:52.643458,-13.4,11.02,33.65,0,1
2026-03-10 22:46:57.643458,-13.29,15.92,53.66,1,2
2026-03-10 22:47:02.643458,-13.29,0.0,32.0,0,0
2026-03-10 22:47:07.643458,-13.46,9.51,38.82,0,1
2026-03-10 22:47:12.643458,-13.79,0.0,32.0,0,0
2026-03-10 22:47:17.643458,-13.33,11.43,31.48,0,1
2026-03-10 22:47:22.643458,-13.56,11.7,36.15,0,1
2026-03-10 22:47:27.643458,-13.59,0.0,32.0,0,0
2026-03-10 22:47:32.643458,-13.38,10.33,39.17,0,1
2026-03-10 22:47:37.643458,-12.81,13.74,42.34,1,2
2026-03-10 22:47:42.643458,-13.39,11.9,33.19,0,1
2026-03-10 22:47:47.643458,-13.25,13.72,40.67,1,2
2026-03-10 22:47:52.643458,-12.97,15.79,53.82,1,2
2026-03-10 22:47:57.643458,-13.35,10.67,33.45,0,1
2026-03-10 22:48:02.643458,-13.03,13.48,41.51,1,2
2026-03-10 22:48:07.643458,-13.35,11.94,30.4,0,1
2026-03-10 22:48:12.643458,-13.04,0.0,32.0,0,0
2026-03-10 22:48:17.643458,-13.25,17.94,50.62,1,2
2026-03-10 22:48:22.643458,-13.03,13.45,36.89,1,2
2026-03-10 22:48:27.643458,-13.02,0.0,32.0,0,0
2026-03-10 22:48:32.643458,-13.2,14.2,37.47,1,2
2026-03-10 22:48:37.643458,-12.97,17.47,36.88,1,2
2026-03-10 22:48:42.643458,-13.6,11.53,33.34,0,1
2026-03-10 22:48:47.643458,-13.1,0.0,32.0,0,0
2026-03-10 22:48:52.643458,-13.64,9.25,34.69,0,1
2026-03-10 22:48:57.643458,-13.2,14.4,47.69,1,2
2026-03-10 22:49:02.643458,-13.63,0.0,32.0,0,0
2026-03-10 22:49:07.643458,-13.63,9.24,31.93,0,1
2026-03-10 22:49:12.643458,-13.91,0.0,32.0,0,0
2026-03-10 22:49:17.643458,-13.39,0.0,32.0,0,0
2026-03-10 22:49:22.643458,-13.67,0.0,32.0,0,0
2026-03-10 22:49:27.643458,-12.97,13.99,47.8,1,2
2026-03-10 22:49:32.643458,-13.54,10.07,34.04,0,1
2026-03-10 22:49:37.643458,-13.55,0.0,32.0,0,0
2026-03-10 22:49:42.643458,-13.68,11.06,32.93,0,1
2026-03-10 22:49:47.643458,-13.07,15.86,38.59,1,2
2026-03-10 22:49:52.643458,-13.13,15.27,41.65,1,2
2026-03-10 22:49:57.643458,-12.91,17.97,40.63,1,2
2026-03-10 22:50:02.643458,-13.72,0.0,32.0,0,0
2026-03-10 22:50:07.643458,-13.06,15.03,51.89,1,2
2026-03-10 22:50:12.643458,-13.23,13.07,41.89,1,2
2026-03-10 22:50:17.643458,-13.15,16.98,54.03,1,2
2026-03-10 22:50:22.643458,-13.33,11.14,34.72,0,1
2026-03-10 22:50:27.643458,-12.77,16.97,36.17,1,2
2026-03-10 22:50:32.643458,-13.13,17.72,47.08,1,2
2026-03-10 22:50:37.643458,-13.67,11.15,37.84,0,1
2026-03-10 22:50:42.643458,-13.59,11.53,31.21,0,1
2026-03-10 22:50:47.643458,-13.24,0.0,32.0,0,0
2026-03-10 22:50:52.643458,-13.65,11.31,37.65,0,1
2026-03-10 22:50:57.643458,-13.34,11.25,33.1,0,1
2026-03-10 22:51:02.643458,-13.12,17.44,51.95,1,2
2026-03-10 22:51:07.643458,-12.74,16.09,49.88,1,2
2026-03-10 22:51:12.643458,-13.56,10.57,31.58,0,1
2026-03-10 22:51:17.643458,-13.38,0.0,32.0,0,0
2026-03-10 22:51:22.643458,-13.72,0.0,32.0,0,0
2026-03-10 22:51:27.643458,-13.98,0.0,32.0,0,0
2026-03-10 22:51:32.643458,-13.58,9.06,32.77,0,1
2026-03-10 22:51:37.643458,-13.57,11.67,36.96,0,1
2026-03-10 22:51:42.643458,-13.6,10.81,34.02,0,1
2026-03-10 22:51:47.643458,-13.61,0.0,32.0,0,0
2026-03-10 22:51:52.643458,-12.74,16.36,41.77,1,2
2026-03-10 22:51:57.643458,-12.87,14.32,49.39,1,2
2026-03-10 22:52:02.643458,-13.05,0.0,32.0,0,0
2026-03-10 22:52:07.643458,-13.08,13.79,48.96,1,2
2026-03-10 22:52:12.643458,-13.45,10.7,39.34,0,1
2026-03-10 22:52:17.643458,-12.85,16.39,42.6,1,2
2026-03-10 22:52:22.643458,-13.5,0.0,32.0,0,0
2026-03-10 22:52:27.643458,-12.89,16.06,40.63,1,2
2026-03-10 22:52:32.643458,-13.64,0.0,32.0,0,0
2026-03-10 22:52:37.643458,-13.98,0.0,32.0,0,0
2026-03-10 22:52:42.643458,-13.44,9.64,36.18,0,1
2026-03-10 22:52:47.643458,-13.26,16.8,45.49,1,2
2026-03-10 22:52:52.643458,-12.92,13.53,50.41,1,2
2026-03-10 22:52:57.643458,-13.47,11.37,34.87,0,1
2026-03-10 22:53:02.643458,-12.95,17.59,54.59,1,2
2026-03-10 22:53:07.643458,-12.72,13.62,36.83,1,2
2026-03-10 22:53:12.643458,-13.13,0.0,32.0,0,0
2026-03-10 22:53:17.643458,-13.97,0.0,32.0,0,0
2026-03-10 22:53:22.643458,-13.42,10.57,35.16,0,1
2026-03-10 22:53:27.643458,-12.89,14.73,53.04,1,2
2026-03-10 22:53:32.643458,-13.31,0.0,32.0,0,0
2026-03-10 22:53:37.643458,-13.49,0.0,32.0,0,0
2026-03-10 22:53:42.643458,-13.31,9.39,30.02,0,1
2026-03-10 22:53:47.643458,-13.1,14.29,48.58,1,2
2026-03-10 22:53:52.643458,-13.24,16.11,35.71,1,2
2026-03-10 22:53:57.643458,-13.42,11.69,36.4,0,1
2026-03-10 22:54:02.643458,-12.8,17.11,41.3,1,2
2026-03-10 22:54:07.643458,-13.45,0.0,32.0,0,0
2026-03-10 22:54:12.643458,-13.54,0.0,32.0,0,0
2026-03-10 22:54:17.643458,-13.53,10.22,37.25,0,1
2026-03-10 22:54:22.643458,-13.34,9.18,38.62,0,1
2026-03-10 22:54:27.643458,-13.99,0.0,32.0,0,0
2026-03-10 22:54:32.643458,-13.67,10.19,36.76,0,1
2026-03-10 22:54:37.643458,-13.18,15.63,54.68,1,2
2026-03-10 22:54:42.643458,-13.05,16.18,35.09,1,2
2026-03-10 22:54:47.643458,-13.46,0.0,32.0,0,0
2026-03-10 22:54:52.643458,-13.02,0.0,32.0,0,0
2026-03-10 22:54:57.643458,-13.9,0.0,32.0,0,0
2026-03-10 22:55:02.643458,-13.04,0.0,32.0,0,0
2026-03-10 22:55:07.643458,-13.67,11.86,34.45,0,1
2026-03-10 22:55:12.643458,-13.64,0.0,32.0,0,0
2026-03-10 22:55:17.643458,-13.53,9.16,38.35,0,1
2026-03-10 22:55:22.643458,-13.28,17.0,49.09,1,2
2026-03-10 22:55:27.643458,-13.79,0.0,32.0,0,0
2026-03-10 22:55:32.643458,-13.17,0.0,32.0,0,0
2026-03-10 22:55:37.643458,-12.82,17.62,41.85,1,2
2026-03-10 22:55:42.643458,-12.82,16.5,51.07,1,2
2026-03-10 22:55:47.643458,-13.0,17.86,50.99,1,2
2026-03-10 22:55:52.643458,-13.49,0.0,32.0,0,0
2026-03-10 22:55:57.643458,-13.62,11.52,33.88,0,1
2026-03-10 22:56:02.643458,-13.55,11.2,39.7,0,1
2026-03-10 22:56:07.643458,-12.72,17.05,54.14,1,2
2026-03-10 22:56:12.643458,-13.7,11.63,33.25,0,1
2026-03-10 22:56:17.643458,-13.58,11.63,31.36,0,1
2026-03-10 22:56:22.643458,-13.13,0.0,32.0,0,0
2026-03-10 22:56:27.643458,-13.85,0.0,32.0,0,0
2026-03-10 22:56:32.643458,-12.78,16.94,48.21,1,2
2026-03-10 22:56:37.643458,-13.88,0.0,32.0,0,0
2026-03-10 22:56:42.643458,-13.14,0.0,32.0,0,0
2026-03-10 22:56:47.643458,-13.83,0.0,32.0,0,0
2026-03-10 22:56:52.643458,-13.27,16.09,35.47,1,2
2026-03-10 22:56:57.643458,-13.34,10.69,35.05,0,1
2026-03-10 22:57:02.643458,-13.56,0.0,32.0,0,0
2026-03-10 22:57:07.643458,-13.55,11.65,39.47,0,1
2026-03-10 22:57:12.643458,-13.16,13.85,49.84,1,2
2026-03-10 22:57:17.643458,-12.85,14.39,39.19,1,2
2026-03-10 22:57:22.643458,-12.76,17.01,42.89,1,2
2026-03-10 22:57:27.643458,-13.45,9.52,32.88,0,1
2026-03-10 22:57:32.643458,-13.57,0.0,32.0,0,0
2026-03-10 22:57:37.643458,-13.54,0.0,32.0,0,0
2026-03-10 22:57:42.643458,-13.46,11.51,38.4,0,1
2026-03-10 22:57:47.643458,-13.36,10.23,30.75,0,1
2026-03-10 22:57:52.643458,-13.92,0.0,32.0,0,0
2026-03-10 22:57:57.643458,-12.81,13.7,51.89,1,2
2026-03-10 22:58:02.643458,-13.65,11.43,35.44,0,1
2026-03-10 22:58:07.643458,-13.69,11.92,39.86,0,1
2026-03-10 22:58:12.643458,-13.44,10.24,31.19,0,1
2026-03-10 22:58:17.643458,-13.91,0.0,32.0,0,0
2026-03-10 22:58:22.643458,-13.82,0.0,32.0,0,0
2026-03-10 22:58:27.643458,-13.69,11.63,34.21,0,1
2026-03-10 22:58:32.643458,-13.9,0.0,32.0,0,0
2026-03-10 22:58:37.643458,-12.87,14.09,39.76,1,2
2026-03-10 22:58:42.643458,-13.39,10.43,33.32,0,1
2026-03-10 22:58:47.643458,-13.68,0.0,32.0,0,0
2026-03-10 22:58:52.643458,-13.44,10.65,31.09,0,1
2026-03-10 22:58:57.643458,-13.81,0.0,32.0,0,0
2026-03-10 22:59:02.643458,-13.48,9.45,39.27,0,1
2026-03-10 22:59:07.643458,-13.15,16.58,38.22,1,2
2026-03-10 22:59:12.643458,-13.1,15.03,46.6,1,2
2026-03-10 22:59:17.643458,-13.59,11.51,37.81,0,1
2026-03-10 22:59:22.643458,-13.17,0.0,32.0,0,0
2026-03-10 22:59:27.643458,-13.94,0.0,32.0,0,0
2026-03-10 22:59:32.643458,-13.72,0.0,32.0,0,0
2026-03-10 22:59:37.643458,-13.54,10.22,32.6,0,1
2026-03-10 22:59:42.643458,-13.56,11.19,34.5,0,1
2026-03-10 22:59:47.643458,-13.09,13.0,40.52,1,2
2026-03-10 22:59:52.643458,-13.2,0.0,32.0,0,0
2026-03-10 22:59:57.643458,-13.48,0.0,32.0,0,0
2026-03-10 23:00:02.643458,-13.52,9.05,33.22,0,1
2026-03-10 23:00:07.643458,-13.51,11.28,39.15,0,1
2026-03-10 23:00:12.643458,-13.02,0.0,32.0,0,0
2026-03-10 23:00:17.643458,-13.89,0.0,32.0,0,0
2026-03-10 23:00:22.643458,-12.95,16.6,53.64,1,2
2026-03-10 23:00:27.643458,-13.02,16.75,46.11,1,2
2026-03-10 23:00:32.643458,-12.81,16.07,41.16,1,2
2026-03-10 23:00:37.643458,-13.92,0.0,32.0,0,0
2026-03-10 23:00:42.643458,-13.2,0.0,32.0,0,0
2026-03-10 23:00:47.643458,-12.71,13.64,54.7,1,2
2026-03-10 23:00:52.643458,-13.98,0.0,32.0,0,0
2026-03-10 23:00:57.643458,-13.28,14.0,43.31,1,2
2026-03-10 23:01:02.643458,-13.47,0.0,32.0,0,0
2026-03-10 23:01:07.643458,-13.36,0.0,32.0,0,0
2026-03-10 23:01:12.643458,-13.63,11.72,39.3,0,1
2026-03-10 23:01:17.643458,-13.31,10.95,33.65,0,1
2026-03-10 23:01:22.643458,-13.67,10.02,30.19,0,1
2026-03-10 23:01:27.643458,-13.03,0.0,32.0,0,0
2026-03-10 23:01:32.643458,-12.93,13.82,49.56,1,2
2026-03-10 23:01:37.643458,-13.34,11.08,39.31,0,1
2026-03-10 23:01:42.643458,-13.46,0.0,32.0,0,0
2026-03-10 23:01:47.643458,-13.1,0.0,32.0,0,0
2026-03-10 23:01:52.643458,-13.65,9.22,35.61,0,1
2026-03-10 23:01:57.643458,-13.28,16.89,44.87,1,2
2026-03-10 23:02:02.643458,-13.02,0.0,32.0,0,0
2026-03-10 23:02:07.643458,-13.16,16.9,41.35,1,2
2026-03-10 23:02:12.643458,-13.11,0.0,32.0,0,0
2026-03-10 23:02:17.643458,-13.31,0.0,32.0,0,0
2026-03-10 23:02:22.643458,-13.1,16.06,50.06,1,2
2026-03-10 23:02:27.643458,-13.88,0.0,32.0,0,0
2026-03-10 23:02:32.643458,-13.7,10.65,33.26,0,1
2026-03-10 23:02:37.643458,-13.98,0.0,32.0,0,0
2026-03-10 23:02:42.643458,-13.65,11.61,32.22,0,1
2026-03-10 23:02:47.643458,-12.86,17.19,43.4,1,2
2026-03-10 23:02:52.643458,-13.41,0.0,32.0,0,0
2026-03-10 23:02:57.643458,-13.53,9.05,34.02,0,1
2026-03-10 23:03:02.643458,-13.38,10.38,38.2,0,1
2026-03-10 23:03:07.643458,-12.99,17.9,36.9,1,2
2026-03-10 23:03:12.643458,-13.65,11.31,38.51,0,1
2026-03-10 23:03:17.643458,-13.37,9.19,38.21,0,1
2026-03-10 23:03:22.643458,-13.5,10.12,32.79,0,1
2026-03-10 23:03:27.643458,-13.35,0.0,32.0,0,0
2026-03-10 23:03:32.643458,-13.35,9.74,34.98,0,1
2026-03-10 23:03:37.643458,-13.46,11.81,39.46,0,1
2026-03-10 23:03:42.643458,-13.5,9.68,38.08,0,1
2026-03-10 23:03:47.643458,-13.09,14.69,41.17,1,2
2026-03-10 23:03:52.643458,-13.53,9.79,30.14,0,1
2026-03-10 23:03:57.643458,-13.26,0.0,32.0,0,0
2026-03-10 23:04:02.643458,-12.79,14.22,38.95,1,2
2026-03-10 23:04:07.643458,-13.03,13.75,42.13,1,2
2026-03-10 23:04:12.643458,-12.78,17.72,41.19,1,2
2026-03-10 23:04:17.643458,-13.41,11.21,35.9,0,1
2026-03-10 23:04:22.643458,-13.01,0.0,32.0,0,0
2026-03-10 23:04:27.643458,-13.1,0.0,32.0,0,0
2026-03-10 23:04:32.643458,-12.88,15.39,47.59,1,2
2026-03-10 23:04:37.643458,-13.26,17.49,45.48,1,2
2026-03-10 23:04:42.643458,-13.16,17.45,45.86,1,2
2026-03-10 23:04:47.643458,-13.0,17.84,48.81,1,2
2026-03-10 23:04:52.643458,-13.05,14.14,52.28,1,2
2026-03-10 23:04:57.643458,-13.12,0.0,32.0,0,0
2026-03-10 23:05:02.643458,-13.53,11.42,39.42,0,1
2026-03-10 23:05:07.643458,-13.04,0.0,32.0,0,0
2026-03-10 23:05:12.643458,-12.89,17.14,39.91,1,2
2026-03-10 23:05:17.643458,-13.86,0.0,32.0,0,0
2026-03-10 23:05:22.643458,-13.13,0.0,32.0,0,0
2026-03-10 23:05:27.643458,-13.67,9.17,39.44,0,1
2026-03-10 23:05:32.643458,-13.5,11.06,33.91,0,1
2026-03-10 23:05:37.643458,-13.01,16.49,43.47,1,2
2026-03-10 23:05:42.643458,-12.99,14.17,51.03,1,2
2026-03-10 23:05:47.643458,-13.2,0.0,32.0,0,0
2026-03-10 23:05:52.643458,-13.05,0.0,32.0,0,0
2026-03-10 23:05:57.643458,-13.46,10.4,33.96,0,1
2026-03-10 23:06:02.643458,-13.35,0.0,32.0,0,0
2026-03-10 23:06:07.643458,-13.56,10.24,31.45,0,1
2026-03-10 23:06:12.643458,-13.04,0.0,32.0,0,0
2026-03-10 23:06:17.643458,-13.11,0.0,32.0,0,0
2026-03-10 23:06:22.643458,-13.98,0.0,32.0,0,0
2026-03-10 23:06:27.643458,-13.27,15.72,47.04,1,2
2026-03-10 23:06:32.643458,-13.2,15.83,41.96,1,2
2026-03-10 23:06:37.643458,-13.35,0.0,32.0,0,0
2026-03-10 23:06:42.643458,-13.02,15.08,54.67,1,2
2026-03-10 23:06:47.643458,-13.61,10.04,39.41,0,1
2026-03-10 23:06:52.643458,-13.33,11.15,30.77,0,1
2026-03-10 23:06:57.643458,-12.79,15.54,46.01,1,2
2026-03-10 23:07:02.643458,-13.41,9.43,35.06,0,1
2026-03-10 23:07:07.643458,-13.08,17.21,39.24,1,2
2026-03-10 23:07:12.643458,-13.37,0.0,32.0,0,0
2026-03-10 23:07:17.643458,-13.93,0.0,32.0,0,0
2026-03-10 23:07:22.643458,-13.33,9.61,37.59,0,1
2026-03-10 23:07:27.643458,-13.47,9.03,33.84,0,1
2026-03-10 23:07:32.643458,-13.65,0.0,32.0,0,0
2026-03-10 23:07:37.643458,-13.16,14.43,43.85,1,2
2026-03-10 23:07:42.643458,-13.05,0.0,32.0,0,0
2026-03-10 23:07:47.643458,-13.16,17.21,40.5,1,2
2026-03-10 23:07:52.643458,-13.93,0.0,32.0,0,0
2026-03-10 23:07:57.643458,-12.89,14.78,42.16,1,2
2026-03-10 23:08:02.643458,-13.03,0.0,32.0,0,0
2026-03-10 23:08:07.643458,-13.12,16.94,37.8,1,2
2026-03-10 23:08:12.643458,-13.22,14.86,42.58,1,2
2026-03-10 23:08:17.643458,-13.43,10.04,38.98,0,1
2026-03-10 23:08:22.643458,-13.35,0.0,32.0,0,0
2026-03-10 23:08:27.643458,-12.76,16.28,44.57,1,2
2026-03-10 23:08:32.643458,-13.58,9.7,30.88,0,1
2026-03-10 23:08:37.643458,-13.14,14.79,52.0,1,2
2026-03-10 23:08:42.643458,-13.54,0.0,32.0,0,0
2026-03-10 23:08:47.643458,-13.95,0.0,32.0,0,0
2026-03-10 23:08:52.643458,-13.45,10.76,34.03,0,1
2026-03-10 23:08:57.643458,-12.87,17.18,44.25,1,2
2026-03-10 23:09:02.643458,-13.58,9.1,33.93,0,1
2026-03-10 23:09:07.643458,-13.42,11.77,35.85,0,1
2026-03-10 23:09:12.643458,-13.73,0.0,32.0,0,0
2026-03-10 23:09:17.643458,-13.33,11.41,32.35,0,1
2026-03-10 23:09:22.643458,-13.11,0.0,32.0,0,0
2026-03-10 23:09:27.643458,-13.02,0.0,32.0,0,0
2026-03-10 23:09:32.643458,-13.07,17.25,51.78,1,2
2026-03-10 23:09:37.643458,-13.19,14.76,46.17,1,2
2026-03-10 23:09:42.643458,-13.32,11.56,35.29,0,1
2026-03-10 23:09:47.643458,-13.49,10.06,38.31,0,1
2026-03-10 23:09:52.643458,-13.52,10.43,37.96,0,1
2026-03-10 23:09:57.643458,-13.4,11.8,32.96,0,1
2026-03-10 23:10:02.643458,-12.85,13.94,44.82,1,2
2026-03-10 23:10:07.643458,-12.79,13.86,50.67,1,2
2026-03-10 23:10:12.643458,-13.47,11.73,37.6,0,1
2026-03-10 23:10:17.643458,-13.51,10.08,33.54,0,1
2026-03-10 23:10:22.643458,-13.03,0.0,32.0,0,0
2026-03-10 23:10:27.643458,-13.18,0.0,32.0,0,0
2026-03-10 23:10:32.643458,-13.28,16.56,47.1,1,2
2026-03-10 23:10:37.643458,-13.05,0.0,32.0,0,0
2026-03-10 23:10:42.643458,-12.94,13.97,51.51,1,2
2026-03-10 23:10:47.643458,-13.05,0.0,32.0,0,0
2026-03-10 23:10:52.643458,-12.76,13.37,52.76,1,2
2026-03-10 23:10:57.643458,-13.06,0.0,32.0,0,0
2026-03-10 23:11:02.643458,-13.13,0.0,32.0,0,0
2026-03-10 23:11:07.643458,-12.97,17.27,37.71,1,2
2026-03-10 23:11:12.643458,-13.5,11.64,36.11,0,1
2026-03-10 23:11:17.643458,-12.75,13.95,39.83,1,2
2026-03-10 23:11:22.643458,-13.16,17.75,48.83,1,2
2026-03-10 23:11:27.643458,-13.35,9.66,39.11,0,1
2026-03-10 23:11:32.643458,-13.01,16.0,43.76,1,2
2026-03-10 23:11:37.643458,-13.74,0.0,32.0,0,0
2026-03-10 23:11:42.643458,-13.35,11.83,38.37,0,1
2026-03-10 23:11:47.643458,-13.25,17.02,47.01,1,2
2026-03-10 23:11:52.643458,-13.54,10.28,36.3,0,1
2026-03-10 23:11:57.643458,-13.08,0.0,32.0,0,0
2026-03-10 23:12:02.643458,-13.16,15.13,49.48,1,2
2026-03-10 23:12:07.643458,-13.4,9.85,35.41,0,1
2026-03-10 23:12:12.643458,-13.41,10.13,37.48,0,1
2026-03-10 23:12:17.643458,-13.41,0.0,32.0,0,0
2026-03-10 23:12:22.643458,-13.61,9.08,39.79,0,1
2026-03-10 23:12:27.643458,-12.86,14.57,42.22,1,2
2026-03-10 23:12:32.643458,-12.78,14.28,51.74,1,2
2026-03-10 23:12:37.643458,-13.57,10.39,31.0,0,1
2026-03-10 23:12:42.643458,-13.85,0.0,32.0,0,0
2026-03-10 23:12:47.643458,-13.49,9.73,37.04,0,1
2026-03-10 23:12:52.643458,-13.44,10.65,30.41,0,1
2026-03-10 23:12:57.643458,-13.45,10.24,30.42,0,1
2026-03-10 23:13:02.643458,-13.09,0.0,32.0,0,0
2026-03-10 23:13:07.643458,-13.1,0.0,32.0,0,0
2026-03-10 23:13:12.643458,-13.37,9.71,35.96,0,1
2026-03-10 23:13:17.643458,-13.26,0.0,32.0,0,0
2026-03-10 23:13:22.643458,-13.47,10.13,35.59,0,1
2026-03-10 23:13:27.643458,-13.92,0.0,32.0,0,0
2026-03-10 23:13:32.643458,-13.32,0.0,32.0,0,0
2026-03-10 23:13:37.643458,-13.21,16.21,40.75,1,2
2026-03-10 23:13:42.643458,-12.74,16.65,47.36,1,2
2026-03-10 23:13:47.643458,-13.45,10.46,36.35,0,1
2026-03-10 23:13:52.643458,-13.39,9.87,34.84,0,1
2026-03-10 23:13:57.643458,-13.49,0.0,32.0,0,0
2026-03-10 23:14:02.643458,-13.48,11.17,35.64,0,1
2026-03-10 23:14:07.643458,-13.46,10.73,38.51,0,1
2026-03-10 23:14:12.643458,-13.45,0.0,32.0,0,0
2026-03-10 23:14:17.643458,-12.84,15.72,41.9,1,2
2026-03-10 23:14:22.643458,-13.61,10.51,37.43,0,1
2026-03-10 23:14:27.643458,-13.76,0.0,32.0,0,0
2026-03-10 23:14:32.643458,-12.92,14.33,35.7,1,2
2026-03-10 23:14:37.643458,-13.69,0.0,32.0,0,0
2026-03-10 23:14:42.643458,-13.96,0.0,32.0,0,0
2026-03-10 23:14:47.643458,-13.74,0.0,32.0,0,0
2026-03-10 23:14:52.643458,-13.44,0.0,32.0,0,0
2026-03-10 23:14:57.643458,-12.86,13.04,40.82,1,2
2026-03-10 23:15:02.643458,-13.54,10.1,30.51,0,1
2026-03-10 23:15:07.643458,-13.61,10.39,33.01,0,1
2026-03-10 23:15:12.643458,-13.49,9.03,34.95,0,1
2026-03-10 23:15:17.643458,-13.68,0.0,32.0,0,0
2026-03-10 23:15:22.643458,-13.26,14.16,47.47,1,2
2026-03-10 23:15:27.643458,-13.98,0.0,32.0,0,0
2026-03-10 23:15:32.643458,-13.06,0.0,32.0,0,0
2026-03-10 23:15:37.643458,-13.03,0.0,32.0,0,0
2026-03-10 23:15:42.643458,-13.04,0.0,32.0,0,0
2026-03-10 23:15:47.643458,-13.26,0.0,32.0,0,0
2026-03-10 23:15:52.643458,-13.88,0.0,32.0,0,0
2026-03-10 23:15:57.643458,-13.01,14.04,39.17,1,2
2026-03-10 23:16:02.643458,-13.39,10.31,35.46,0,1
2026-03-10 23:16:07.643458,-13.97,0.0,32.0,0,0
2026-03-10 23:16:12.643458,-13.43,0.0,32.0,0,0
2026-03-10 23:16:17.643458,-13.7,0.0,32.0,0,0
2026-03-10 23:16:22.643458,-12.79,17.56,39.37,1,2
2026-03-10 23:16:27.643458,-13.28,16.01,51.04,1,2
2026-03-10 23:16:32.643458,-13.52,9.64,32.28,0,1
2026-03-10 23:16:37.643458,-13.78,0.0,32.0,0,0
2026-03-10 23:16:42.643458,-13.28,16.41,40.56,1,2
2026-03-10 23:16:47.643458,-13.91,0.0,32.0,0,0
2026-03-10 23:16:52.643458,-13.39,10.7,37.54,0,1
2026-03-10 23:16:57.643458,-13.04,17.91,42.2,1,2
2026-03-10 23:17:02.643458,-13.45,10.65,37.69,0,1
2026-03-10 23:17:07.643458,-13.91,0.0,32.0,0,0
2026-03-10 23:17:12.643458,-13.11,16.64,41.53,1,2
